tick_global,waypoint_index,target_x,target_y,gps_x,gps_y,gps_z,distance_to_target,arrived,timeout
0,0,25.0,25.0,0.010835479944944382,0.003614169778302312,0.6402432918548584,35.3451,False,False
1,0,25.0,25.0,0.020565254613757133,0.002425479469820857,0.5508310198783875,35.3391,False,False
2,0,25.0,25.0,0.03425248712301254,0.000509681471157819,0.4605664312839508,35.3308,False,False
3,0,25.0,25.0,0.051492344588041306,-0.002109087072312832,0.36953556537628174,35.3204,False,False
4,0,25.0,25.0,0.0719209685921669,-0.005404273048043251,0.2778157889842987,35.3083,False,False
5,0,25.0,25.0,0.09521147608757019,-0.009347304701805115,0.18547672033309937,35.2947,False,False
6,0,25.0,25.0,0.12106704711914062,-0.01389867253601551,0.09989125281572342,35.2797,False,False
7,0,25.0,25.0,0.14921975135803223,-0.019013240933418274,0.030754443258047104,35.2635,False,False
8,0,25.0,25.0,0.179432675242424,-0.02464853599667549,-0.015818119049072266,35.2462,False,False
9,0,25.0,25.0,0.21149727702140808,-0.03076465055346489,-0.03633582219481468,35.228,False,False
10,0,25.0,25.0,0.24522896111011505,-0.03732536733150482,-0.030480505898594856,35.2089,False,False
11,0,25.0,25.0,0.28045910596847534,-0.04429835081100464,-0.0016051101265475154,35.1891,False,False
12,0,25.0,25.0,0.3170322775840759,-0.05165403336286545,0.04433314502239227,35.1687,False,False
13,0,25.0,25.0,0.3548104166984558,-0.05936584994196892,0.09968195855617523,35.1476,False,False
14,0,25.0,25.0,0.39367276430130005,-0.06740786135196686,0.157326340675354,35.1261,False,False
15,0,25.0,25.0,0.43351390957832336,-0.07575486600399017,0.21039927005767822,35.1042,False,False
16,0,25.0,25.0,0.4742404520511627,-0.08438099175691605,0.2530750036239624,35.0819,False,False
17,0,25.0,25.0,0.5157676935195923,-0.09325742721557617,0.2821057438850403,35.0592,False,False
18,0,25.0,25.0,0.5580177903175354,-0.10235056281089783,0.2984445095062256,35.0362,False,False
19,0,25.0,25.0,0.6009212136268616,-0.11162672191858292,0.30336031317710876,35.013,False,False
20,0,25.0,25.0,0.6444158554077148,-0.12105277925729752,0.29799512028694153,34.9895,False,False
21,0,25.0,25.0,0.6884464621543884,-0.13059616088867188,0.2833767831325531,34.9657,False,False
22,0,25.0,25.0,0.7329638600349426,-0.1402249038219452,0.2604302763938904,34.9417,False,False
23,0,25.0,25.0,0.7779242396354675,-0.1499076634645462,0.2300468534231186,34.9174,False,False
24,0,25.0,25.0,0.8232871294021606,-0.1596117913722992,0.19514651596546173,34.893,False,False
25,0,25.0,25.0,0.8690149784088135,-0.1693040281534195,0.16024033725261688,34.8683,False,False
26,0,25.0,25.0,0.9150739312171936,-0.17895211279392242,0.1297999620437622,34.8434,False,False
27,0,25.0,25.0,0.9614346027374268,-0.18852603435516357,0.10684823244810104,34.8183,False,False
28,0,25.0,25.0,1.0080718994140625,-0.1979978382587433,0.09310421347618103,34.793,False,False
29,0,25.0,25.0,1.0549639463424683,-0.20734119415283203,0.08934961259365082,34.7674,False,False
30,0,25.0,25.0,1.1020913124084473,-0.2165312021970749,0.09528801590204239,34.7417,False,False
31,0,25.0,25.0,1.1494371891021729,-0.22554457187652588,0.10877129435539246,34.7157,False,False
32,0,25.0,25.0,1.196986436843872,-0.23435862362384796,0.1273966133594513,34.6894,False,False
33,0,25.0,25.0,1.2447258234024048,-0.24295133352279663,0.1485908329486847,34.6629,False,False
34,0,25.0,25.0,1.2926433086395264,-0.2513010799884796,0.17009779810905457,34.6362,False,False
35,0,25.0,25.0,1.3407286405563354,-0.25938668847084045,0.1895349770784378,34.6092,False,False
36,0,25.0,25.0,1.3889727592468262,-0.26718735694885254,0.2042882740497589,34.582,False,False
37,0,25.0,25.0,1.437366247177124,-0.2746826410293579,0.21300435066223145,34.5544,False,False
38,0,25.0,25.0,1.485899806022644,-0.28185251355171204,0.21528811752796173,34.5266,False,False
39,0,25.0,25.0,1.5345638990402222,-0.288677841424942,0.211606964468956,34.4985,False,False
40,0,25.0,25.0,1.5833491086959839,-0.29514020681381226,0.2027931809425354,34.47,False,False
41,0,25.0,25.0,1.6322460174560547,-0.3012223541736603,0.19018393754959106,34.4413,False,False
42,0,25.0,25.0,1.6812443733215332,-0.30690842866897583,0.17615897953510284,34.4123,False,False
43,0,25.0,25.0,1.730334758758545,-0.31218376755714417,0.16297763586044312,34.3829,False,False
44,0,25.0,25.0,1.7795084714889526,-0.3170343339443207,0.15190856158733368,34.3532,False,False
45,0,25.0,25.0,1.828757643699646,-0.3214467465877533,0.1437404751777649,34.3232,False,False
46,0,25.0,25.0,1.8780744075775146,-0.32540836930274963,0.1390654593706131,34.2929,False,False
47,0,25.0,25.0,1.9274516105651855,-0.32890695333480835,0.13788706064224243,34.2622,False,False
48,0,25.0,25.0,1.9768822193145752,-0.33193087577819824,0.1401497721672058,34.2311,False,False
49,0,25.0,25.0,2.0263595581054688,-0.3344684839248657,0.14509809017181396,34.1998,False,False
50,0,25.0,25.0,2.0758771896362305,-0.3365086317062378,0.15199358761310577,34.168,False,False
51,0,25.0,25.0,2.1254281997680664,-0.33804014325141907,0.15970155596733093,34.1359,False,False
52,0,25.0,25.0,2.1750059127807617,-0.3390531539916992,0.1677301973104477,34.1035,False,False
53,0,25.0,25.0,2.2246036529541016,-0.3395374119281769,0.17499038577079773,34.0707,False,False
54,0,25.0,25.0,2.274214506149292,-0.3394840359687805,0.1810312569141388,34.0375,False,False
55,0,25.0,25.0,2.323831081390381,-0.33888453245162964,0.18532957136631012,34.0039,False,False
56,0,25.0,25.0,2.373446226119995,-0.33773115277290344,0.18753208220005035,33.97,False,False
57,0,25.0,25.0,2.4230525493621826,-0.33601701259613037,0.18749737739562988,33.9357,False,False
58,0,25.0,25.0,2.472641944885254,-0.33373644948005676,0.1854509562253952,33.901,False,False
59,0,25.0,25.0,2.5222067832946777,-0.33088481426239014,0.18177224695682526,33.866,False,False
60,0,25.0,25.0,2.5717387199401855,-0.3274589776992798,0.17733190953731537,33.8306,False,False
61,0,25.0,25.0,2.621230363845825,-0.32345545291900635,0.17238430678844452,33.7948,False,False
62,0,25.0,25.0,2.6706736087799072,-0.31887155771255493,0.16727600991725922,33.7586,False,False
63,0,25.0,25.0,2.7200608253479004,-0.3137058913707733,0.16267170011997223,33.7221,False,False
64,0,25.0,25.0,2.7693841457366943,-0.30795779824256897,0.1592283546924591,33.6852,False,False
65,0,25.0,25.0,2.818636417388916,-0.3016262948513031,0.15718433260917664,33.648,False,False
66,0,25.0,25.0,2.867810010910034,-0.2947104871273041,0.15651901066303253,33.6104,False,False
67,0,25.0,25.0,2.9168975353240967,-0.28720998764038086,0.15727262198925018,33.5724,False,False
68,0,25.0,25.0,2.9658923149108887,-0.27912428975105286,0.1591874361038208,33.5341,False,False
69,0,25.0,25.0,3.014786720275879,-0.27045339345932007,0.16209037601947784,33.4955,False,False
70,0,25.0,25.0,3.0635738372802734,-0.2611968219280243,0.16541416943073273,33.4565,False,False
71,0,25.0,25.0,3.1122467517852783,-0.2513546347618103,0.16870719194412231,33.4171,False,False
72,0,25.0,25.0,3.1607985496520996,-0.24092790484428406,0.1717982292175293,33.3775,False,False
73,0,25.0,25.0,3.2092220783233643,-0.22991736233234406,0.17423929274082184,33.3375,False,False
74,0,25.0,25.0,3.2575104236602783,-0.21832479536533356,0.1758623868227005,33.2971,False,False
75,0,25.0,25.0,3.305657148361206,-0.20615200698375702,0.17639878392219543,33.2565,False,False
76,0,25.0,25.0,3.3536555767059326,-0.19340196251869202,0.1759006232023239,33.2155,False,False
77,0,25.0,25.0,3.401499032974243,-0.18007846176624298,0.17459116876125336,33.1743,False,False
78,0,25.0,25.0,3.4491817951202393,-0.1661859154701233,0.17278896272182465,33.1327,False,False
79,0,25.0,25.0,3.496697425842285,-0.15172883868217468,0.17072179913520813,33.0908,False,False
80,0,25.0,25.0,3.5440404415130615,-0.1367119401693344,0.16853587329387665,33.0486,False,False
81,0,25.0,25.0,3.591204881668091,-0.12114046514034271,0.16648031771183014,33.0062,False,False
82,0,25.0,25.0,3.638185977935791,-0.10501978546380997,0.16472049057483673,32.9635,False,False
83,0,25.0,25.0,3.6849780082702637,-0.08835594356060028,0.16358157992362976,32.9204,False,False
84,0,25.0,25.0,3.731576681137085,-0.07115504890680313,0.1632973551750183,32.8772,False,False
85,0,25.0,25.0,3.7779769897460938,-0.053422316908836365,0.16366657614707947,32.8336,False,False
86,0,25.0,25.0,3.824174165725708,-0.03516334295272827,0.16456693410873413,32.7899,False,False
87,0,25.0,25.0,3.870164155960083,-0.016384076327085495,0.16594715416431427,32.7458,False,False
88,0,25.0,25.0,3.915942668914795,0.002909644739702344,0.1676434576511383,32.7016,False,False
89,0,25.0,25.0,3.961505651473999,0.02271256409585476,0.16921445727348328,32.6571,False,False
90,0,25.0,25.0,4.00684928894043,0.043018605560064316,0.17049814760684967,32.6123,False,False
91,0,25.0,25.0,4.0519700050354,0.06382168084383011,0.1712898463010788,32.5674,False,False
92,0,25.0,25.0,4.096863746643066,0.08511552959680557,0.1714053899049759,32.5222,False,False
93,0,25.0,25.0,4.141528129577637,0.1068931594491005,0.17091412842273712,32.4768,False,False
94,0,25.0,25.0,4.185960292816162,0.1291474550962448,0.16987846791744232,32.4312,False,False
95,0,25.0,25.0,4.230157375335693,0.15187110006809235,0.16841325163841248,32.3854,False,False
96,0,25.0,25.0,4.2741169929504395,0.17505565285682678,0.16703341901302338,32.3395,False,False
97,0,25.0,25.0,4.317837238311768,0.19869354367256165,0.1658494621515274,32.2933,False,False
98,0,25.0,25.0,4.361316680908203,0.22277715802192688,0.16496077179908752,32.247,False,False
99,0,25.0,25.0,4.404552936553955,0.24729911983013153,0.16433916985988617,32.2004,False,False
100,0,25.0,25.0,4.447545528411865,0.27225199341773987,0.16395920515060425,32.1538,False,False
101,0,25.0,25.0,4.490292072296143,0.29762834310531616,0.16379795968532562,32.1069,False,False
102,0,25.0,25.0,4.532792091369629,0.3234209418296814,0.1637171506881714,32.0599,False,False
103,0,25.0,25.0,4.575044631958008,0.34962227940559387,0.1637098789215088,32.0128,False,False
104,0,25.0,25.0,4.617048740386963,0.3762247860431671,0.1637698858976364,31.9655,False,False
105,0,25.0,25.0,4.658803939819336,0.40322110056877136,0.1638326793909073,31.9181,False,False
106,0,25.0,25.0,4.700310707092285,0.43060383200645447,0.16384020447731018,31.8706,False,False
107,0,25.0,25.0,4.741568088531494,0.45836541056632996,0.16379891335964203,31.8229,False,False
108,0,25.0,25.0,4.782576560974121,0.48649847507476807,0.16365580260753632,31.7751,False,False
109,0,25.0,25.0,4.823336601257324,0.5149955749511719,0.1634218841791153,31.7272,False,False
110,0,25.0,25.0,4.8638482093811035,0.5438491702079773,0.16310706734657288,31.6791,False,False
111,0,25.0,25.0,4.904112339019775,0.5730518698692322,0.16277894377708435,31.631,False,False
112,0,25.0,25.0,4.944129943847656,0.60259610414505,0.1624983251094818,31.5828,False,False
113,0,25.0,25.0,4.9839019775390625,0.6324746012687683,0.16226108372211456,31.5344,False,False
114,0,25.0,25.0,5.023428916931152,0.6626801490783691,0.16206344962120056,31.486,False,False
115,0,25.0,25.0,5.062713146209717,0.6932053565979004,0.16196078062057495,31.4375,False,False
116,0,25.0,25.0,5.101755619049072,0.7240432500839233,0.16194401681423187,31.3889,False,False
117,0,25.0,25.0,5.140558242797852,0.7551866173744202,0.16206379234790802,31.3402,False,False
118,0,25.0,25.0,5.179121971130371,0.7866283655166626,0.1623656004667282,31.2914,False,False
119,0,25.0,25.0,5.21744966506958,0.8183615803718567,0.16283152997493744,31.2426,False,False
120,0,25.0,25.0,5.255542755126953,0.8503798246383667,0.16326904296875,31.1937,False,False
121,0,25.0,25.0,5.293403148651123,0.8826763033866882,0.16368120908737183,31.1447,False,False
122,0,25.0,25.0,5.331033706665039,0.9152442812919617,0.16407078504562378,31.0957,False,False
123,0,25.0,25.0,5.368435859680176,0.9480772614479065,0.16444014012813568,31.0466,False,False
124,0,25.0,25.0,5.405612945556641,0.9811686277389526,0.16485023498535156,30.9975,False,False
125,0,25.0,25.0,5.442567348480225,1.0145121812820435,0.16517944633960724,30.9483,False,False
126,0,25.0,25.0,5.479301452636719,1.0481016635894775,0.1653183102607727,30.899,False,False
127,0,25.0,25.0,5.515817642211914,1.0819307565689087,0.16534465551376343,30.8498,False,False
128,0,25.0,25.0,5.552119255065918,1.1159934997558594,0.16521093249320984,30.8004,False,False
129,0,25.0,25.0,5.58820915222168,1.150283694267273,0.16493305563926697,30.751,False,False
130,0,25.0,25.0,5.624090194702148,1.1847953796386719,0.16458415985107422,30.7016,False,False
131,0,25.0,25.0,5.659765243530273,1.2195227146148682,0.16417120397090912,30.6522,False,False
132,0,25.0,25.0,5.695237636566162,1.2544599771499634,0.1637004017829895,30.6027,False,False
133,0,25.0,25.0,5.730510711669922,1.2896013259887695,0.16323614120483398,30.5532,False,False
134,0,25.0,25.0,5.765587329864502,1.3249411582946777,0.16283632814884186,30.5036,False,False
135,0,25.0,25.0,5.80047082901001,1.3604739904403687,0.1624942272901535,30.454,False,False
136,0,25.0,25.0,5.835164546966553,1.396194577217102,0.16220375895500183,30.4044,False,False
137,0,25.0,25.0,5.869671821594238,1.4320975542068481,0.1619594395160675,30.3548,False,False
138,0,25.0,25.0,5.903996467590332,1.4681777954101562,0.1618150770664215,30.3052,False,False
139,0,25.0,25.0,5.938141345977783,1.5044300556182861,0.161701500415802,30.2555,False,False
140,0,25.0,25.0,5.972110271453857,1.5408496856689453,0.1615564227104187,30.2058,False,False
141,0,25.0,25.0,6.005906105041504,1.577431559562683,0.16150018572807312,30.1561,False,False
142,0,25.0,25.0,6.0395331382751465,1.6141709089279175,0.16146467626094818,30.1064,False,False
143,0,25.0,25.0,6.072994709014893,1.6510632038116455,0.16144733130931854,30.0567,False,False
144,0,25.0,25.0,6.106294631958008,1.6881035566329956,0.16144587099552155,30.0069,False,False
145,0,25.0,25.0,6.139435768127441,1.7252877950668335,0.16145822405815125,29.9572,False,False
146,0,25.0,25.0,6.172421932220459,1.7626112699508667,0.16148249804973602,29.9074,False,False
147,0,25.0,25.0,6.205256938934326,1.8000696897506714,0.16145817935466766,29.8576,False,False
148,0,25.0,25.0,6.23794412612915,1.8376590013504028,0.16133080422878265,29.8079,False,False
149,0,25.0,25.0,6.270487308502197,1.8753749132156372,0.16111013293266296,29.7581,False,False
150,0,25.0,25.0,6.302889823913574,1.9132133722305298,0.16086378693580627,29.7083,False,False
151,0,25.0,25.0,6.335155487060547,1.9511703252792358,0.1606525480747223,29.6585,False,False
152,0,25.0,25.0,6.367287635803223,1.9892418384552002,0.16053111851215363,29.6087,False,False
153,0,25.0,25.0,6.399289608001709,2.0274243354797363,0.1604311317205429,29.5589,False,False
154,0,25.0,25.0,6.4311652183532715,2.06571364402771,0.16034984588623047,29.509,False,False
155,0,25.0,25.0,6.462918281555176,2.1041066646575928,0.16028480231761932,29.4592,False,False
156,0,25.0,25.0,6.494551181793213,2.14259934425354,0.16029253602027893,29.4094,False,False
157,0,25.0,25.0,6.526068687438965,2.1811883449554443,0.16030637919902802,29.3596,False,False
158,0,25.0,25.0,6.557473182678223,2.2198705673217773,0.1603250801563263,29.3097,False,False
159,0,25.0,25.0,6.58876895904541,2.2586421966552734,0.16034755110740662,29.2599,False,False
160,0,25.0,25.0,6.619958877563477,2.2975001335144043,0.16043157875537872,29.2101,False,False
161,0,25.0,25.0,6.651046276092529,2.3364412784576416,0.16062918305397034,29.1603,False,False
162,0,25.0,25.0,6.682034492492676,2.375462532043457,0.16092833876609802,29.1104,False,False
163,0,25.0,25.0,6.712927341461182,2.4145607948303223,0.1612006574869156,29.0606,False,False
164,0,25.0,25.0,6.743727684020996,2.453732967376709,0.16138939559459686,29.0108,False,False
165,0,25.0,25.0,6.774438381195068,2.492976427078247,0.16150230169296265,28.961,False,False
166,0,25.0,25.0,6.805063724517822,2.5322883129119873,0.16154631972312927,28.9111,False,False
167,0,25.0,25.0,6.835605621337891,2.5716657638549805,0.16152773797512054,28.8613,False,False
168,0,25.0,25.0,6.866068363189697,2.6111059188842773,0.16145215928554535,28.8115,False,False
169,0,25.0,25.0,6.896454334259033,2.650606155395508,0.16132469475269318,28.7617,False,False
170,0,25.0,25.0,6.926766395568848,2.690164089202881,0.16114988923072815,28.7119,False,False
171,0,25.0,25.0,6.957007884979248,2.7297770977020264,0.1609906703233719,28.662,False,False
172,0,25.0,25.0,6.987181663513184,2.769442558288574,0.16078603267669678,28.6122,False,False
173,0,25.0,25.0,7.017291069030762,2.8091583251953125,0.16059871017932892,28.5624,False,False
174,0,25.0,25.0,7.047338008880615,2.84892201423645,0.1604851484298706,28.5126,False,False
175,0,25.0,25.0,7.077325820922852,2.888731002807617,0.16049614548683167,28.4628,False,False
176,0,25.0,25.0,7.107256889343262,2.9285833835601807,0.1606185883283615,28.413,False,False
177,0,25.0,25.0,7.137134075164795,2.9684767723083496,0.1608407199382782,28.3632,False,False
178,0,25.0,25.0,7.166960716247559,3.008409261703491,0.1611519455909729,28.3134,False,False
179,0,25.0,25.0,7.196738243103027,3.0483784675598145,0.16154272854328156,28.2636,False,False
180,0,25.0,25.0,7.226470470428467,3.0883827209472656,0.16194571554660797,28.2138,False,False
181,0,25.0,25.0,7.256158828735352,3.128419876098633,0.1623590737581253,28.164,False,False
182,0,25.0,25.0,7.285807132720947,3.168488025665283,0.16266357898712158,28.1142,False,False
183,0,25.0,25.0,7.3154168128967285,3.208585262298584,0.16286952793598175,28.0644,False,False
184,0,25.0,25.0,7.3449907302856445,3.2487099170684814,0.16298621892929077,28.0146,False,False
185,0,25.0,25.0,7.374531269073486,3.2888600826263428,0.16290441155433655,27.9648,False,False
186,0,25.0,25.0,7.404040813446045,3.3290340900421143,0.1626434028148651,27.915,False,False
187,0,25.0,25.0,7.433521270751953,3.369230270385742,0.16233815252780914,27.8652,False,False
188,0,25.0,25.0,7.462974548339844,3.4094467163085938,0.1621101349592209,27.8154,False,False
189,0,25.0,25.0,7.492403030395508,3.4496822357177734,0.16195102035999298,27.7657,False,False
190,0,25.0,25.0,7.521808624267578,3.4899346828460693,0.1618533730506897,27.7159,False,False
191,0,25.0,25.0,7.551193714141846,3.530202865600586,0.1618104726076126,27.6661,False,False
192,0,25.0,25.0,7.580560207366943,3.5704855918884277,0.1618162840604782,27.6163,False,False
193,0,25.0,25.0,7.609909534454346,3.610780954360962,0.16192416846752167,27.5665,False,False
194,0,25.0,25.0,7.639244079589844,3.651087522506714,0.16212335228919983,27.5168,False,False
195,0,25.0,25.0,7.66856575012207,3.691404342651367,0.16234537959098816,27.467,False,False
196,0,25.0,25.0,7.697876453399658,3.7317299842834473,0.16258738934993744,27.4172,False,False
197,0,25.0,25.0,7.727177143096924,3.7720630168914795,0.1628468632698059,27.3674,False,False
198,0,25.0,25.0,7.756470680236816,3.8124022483825684,0.16306273639202118,27.3176,False,False
199,0,25.0,25.0,7.785757541656494,3.8527462482452393,0.16323882341384888,27.2679,False,False
200,0,25.0,25.0,7.815040588378906,3.893094301223755,0.16337859630584717,27.2181,False,False
201,0,25.0,25.0,7.844320297241211,3.9334449768066406,0.16348516941070557,27.1683,False,False
202,0,25.0,25.0,7.873599052429199,3.97379732131958,0.1635613590478897,27.1185,False,False
203,0,25.0,25.0,7.9028778076171875,4.014150142669678,0.16360969841480255,27.0688,False,False
204,0,25.0,25.0,7.93215799331665,4.054502010345459,0.16363245248794556,27.019,False,False
205,0,25.0,25.0,7.961441516876221,4.094852924346924,0.16363167762756348,26.9692,False,False
206,0,25.0,25.0,7.990728855133057,4.1352009773254395,0.16360923647880554,26.9194,False,False
207,0,25.0,25.0,8.02002239227295,4.1755452156066895,0.16356679797172546,26.8696,False,False
208,0,25.0,25.0,8.049322128295898,4.215885639190674,0.16350586712360382,26.8199,False,False
209,0,25.0,25.0,8.078630447387695,4.25622034072876,0.16342779994010925,26.7701,False,False
210,0,25.0,25.0,8.10794734954834,4.296548843383789,0.16333381831645966,26.7203,False,False
211,0,25.0,25.0,8.137274742126465,4.3368706703186035,0.16322503983974457,26.6705,False,False
212,0,25.0,25.0,8.166613578796387,4.3771843910217285,0.16310244798660278,26.6207,False,False
213,0,25.0,25.0,8.195964813232422,4.417489528656006,0.16296695172786713,26.5709,False,False
214,0,25.0,25.0,8.225330352783203,4.457785606384277,0.16281935572624207,26.5212,False,False
215,0,25.0,25.0,8.254709243774414,4.498071193695068,0.1626603901386261,26.4714,False,False
216,0,25.0,25.0,8.284104347229004,4.538346290588379,0.16249074041843414,26.4216,False,False
217,0,25.0,25.0,8.313514709472656,4.578609943389893,0.16231097280979156,26.3718,False,False
218,0,25.0,25.0,8.34294319152832,4.618861675262451,0.16218045353889465,26.322,False,False
219,0,25.0,25.0,8.37238883972168,4.659100532531738,0.16215257346630096,26.2722,False,False
220,0,25.0,25.0,8.401853561401367,4.699326515197754,0.16215777397155762,26.2224,False,False
221,0,25.0,25.0,8.431337356567383,4.739538192749023,0.16219229996204376,26.1726,False,False
222,0,25.0,25.0,8.460841178894043,4.779735565185547,0.16231152415275574,26.1228,False,False
223,0,25.0,25.0,8.490365982055664,4.819918155670166,0.16250652074813843,26.073,False,False
224,0,25.0,25.0,8.519912719726562,4.860085487365723,0.16276924312114716,26.0232,False,False
225,0,25.0,25.0,8.549480438232422,4.900237083435059,0.1630924493074417,25.9734,False,False
226,0,25.0,25.0,8.579071044921875,4.940371990203857,0.1634696125984192,25.9236,False,False
227,0,25.0,25.0,8.608685493469238,4.980490207672119,0.1638948917388916,25.8738,False,False
228,0,25.0,25.0,8.638322830200195,5.0205912590026855,0.1643042117357254,25.824,False,False
229,0,25.0,25.0,8.667984962463379,5.060675144195557,0.1646399199962616,25.7742,False,False
230,0,25.0,25.0,8.697671890258789,5.100740909576416,0.1648501455783844,25.7244,False,False
231,0,25.0,25.0,8.727383613586426,5.140789031982422,0.1648882031440735,25.6746,False,False
232,0,25.0,25.0,8.757121086120605,5.1808180809021,0.1647121012210846,25.6248,False,False
233,0,25.0,25.0,8.786885261535645,5.220828533172607,0.16440163552761078,25.575,False,False
234,0,25.0,25.0,8.816675186157227,5.260820388793945,0.16396981477737427,25.5252,False,False
235,0,25.0,25.0,8.846491813659668,5.300792217254639,0.16354596614837646,25.4754,False,False
236,0,25.0,25.0,8.876335144042969,5.340744495391846,0.16318762302398682,25.4256,False,False
237,0,25.0,25.0,8.906205177307129,5.380677223205566,0.16294661164283752,25.3757,False,False
238,0,25.0,25.0,8.936102867126465,5.420589447021484,0.16281072795391083,25.3259,False,False
239,0,25.0,25.0,8.966028213500977,5.4604811668396,0.16276903450489044,25.2761,False,False
240,0,25.0,25.0,8.995981216430664,5.50035285949707,0.16287042200565338,25.2263,False,False
241,0,25.0,25.0,9.025961875915527,5.54020357131958,0.16310016810894012,25.1764,False,False
242,0,25.0,25.0,9.055970191955566,5.580033302307129,0.16338618099689484,25.1266,False,False
243,0,25.0,25.0,9.086007118225098,5.619842529296875,0.16372238099575043,25.0768,False,False
244,0,25.0,25.0,9.116072654724121,5.659630298614502,0.16404451429843903,25.027,False,False
245,0,25.0,25.0,9.146166801452637,5.699397563934326,0.16435359418392181,24.9771,False,False
246,0,25.0,25.0,9.176288604736328,5.739142894744873,0.1645916849374771,24.9273,False,False
247,0,25.0,25.0,9.206439971923828,5.778867721557617,0.16476546227931976,24.8775,False,False
248,0,25.0,25.0,9.236618995666504,5.818570613861084,0.1649397611618042,24.8276,False,False
249,0,25.0,25.0,9.266827583312988,5.85825252532959,0.1651141196489334,24.7778,False,False
250,0,25.0,25.0,9.297063827514648,5.897912502288818,0.16528809070587158,24.728,False,False
251,0,25.0,25.0,9.3273286819458,5.937551498413086,0.16546130180358887,24.6781,False,False
252,0,25.0,25.0,9.357623100280762,5.977169036865234,0.16557461023330688,24.6283,False,False
253,0,25.0,25.0,9.387945175170898,6.016765117645264,0.16551603376865387,24.5784,False,False
254,0,25.0,25.0,9.418296813964844,6.056340217590332,0.16536115109920502,24.5286,False,False
255,0,25.0,25.0,9.448676109313965,6.095893383026123,0.16511918604373932,24.4787,False,False
256,0,25.0,25.0,9.479083061218262,6.135425567626953,0.16479848325252533,24.4289,False,False
257,0,25.0,25.0,9.509519577026367,6.174936771392822,0.16452409327030182,24.379,False,False
258,0,25.0,25.0,9.539982795715332,6.214426040649414,0.16434979438781738,24.3292,False,False
259,0,25.0,25.0,9.570474624633789,6.253894805908203,0.16432392597198486,24.2793,False,False
260,0,25.0,25.0,9.600993156433105,6.293341636657715,0.16443125903606415,24.2295,False,False
261,0,25.0,25.0,9.631540298461914,6.332767963409424,0.16465802490711212,24.1796,False,False
262,0,25.0,25.0,9.662114143371582,6.372173309326172,0.16499188542366028,24.1298,False,False
263,0,25.0,25.0,9.692715644836426,6.411557674407959,0.16542170941829681,24.0799,False,False
264,0,25.0,25.0,9.723343849182129,6.450921058654785,0.16593749821186066,24.0301,False,False
265,0,25.0,25.0,9.753998756408691,6.490264415740967,0.16653025150299072,23.9802,False,False
266,0,25.0,25.0,9.784680366516113,6.529587268829346,0.1670742630958557,23.9304,False,False
267,0,25.0,25.0,9.815388679504395,6.568889617919922,0.16757404804229736,23.8805,False,False
268,0,25.0,25.0,9.846122741699219,6.6081719398498535,0.168033629655838,23.8306,False,False
269,0,25.0,25.0,9.876882553100586,6.647434711456299,0.1683390587568283,23.7808,False,False
270,0,25.0,25.0,9.907669067382812,6.686677932739258,0.16850540041923523,23.7309,False,False
271,0,25.0,25.0,9.938480377197266,6.725901126861572,0.1685461848974228,23.681,False,False
272,0,25.0,25.0,9.969317436218262,6.765105247497559,0.16847363114356995,23.6312,False,False
273,0,25.0,25.0,10.000178337097168,6.804290294647217,0.1683575063943863,23.5813,False,False
274,0,25.0,25.0,10.031064987182617,6.843456268310547,0.16820180416107178,23.5314,False,False
275,0,25.0,25.0,10.061975479125977,6.882603168487549,0.16806890070438385,23.4816,False,False
276,0,25.0,25.0,10.092909812927246,6.921731948852539,0.16795614361763,23.4317,False,False
277,0,25.0,25.0,10.123868942260742,6.960841655731201,0.1678611785173416,23.3818,False,False
278,0,25.0,25.0,10.154850959777832,6.99993371963501,0.16778181493282318,23.332,False,False
279,0,25.0,25.0,10.185855865478516,7.039007186889648,0.1677161604166031,23.2821,False,False
280,0,25.0,25.0,10.216883659362793,7.078063011169434,0.16772127151489258,23.2322,False,False
281,0,25.0,25.0,10.247934341430664,7.117101669311523,0.16778971254825592,23.1824,False,False
282,0,25.0,25.0,10.279006958007812,7.156122207641602,0.1679147630929947,23.1325,False,False
283,0,25.0,25.0,10.310101509094238,7.195126056671143,0.16809041798114777,23.0826,False,False
284,0,25.0,25.0,10.341217994689941,7.234112739562988,0.1683112382888794,23.0327,False,False
285,0,25.0,25.0,10.372355461120605,7.273083209991455,0.16857238113880157,22.9829,False,False
286,0,25.0,25.0,10.40351390838623,7.312036991119385,0.16886943578720093,22.933,False,False
287,0,25.0,25.0,10.434693336486816,7.3509745597839355,0.16919848322868347,22.8831,False,False
288,0,25.0,25.0,10.465892791748047,7.389895915985107,0.16955594718456268,22.8332,False,False
289,0,25.0,25.0,10.497112274169922,7.428802013397217,0.16982106864452362,22.7833,False,False
290,0,25.0,25.0,10.528351783752441,7.467692852020264,0.16994395852088928,22.7335,False,False
291,0,25.0,25.0,10.559610366821289,7.50656795501709,0.16999733448028564,22.6836,False,False
292,0,25.0,25.0,10.590888023376465,7.54542875289917,0.16998779773712158,22.6337,False,False
293,0,25.0,25.0,10.622184753417969,7.584274768829346,0.16992132365703583,22.5838,False,False
294,0,25.0,25.0,10.653499603271484,7.623106479644775,0.16980330646038055,22.5339,False,False
295,0,25.0,25.0,10.684832572937012,7.661923885345459,0.1696973592042923,22.4841,False,False
296,0,25.0,25.0,10.716182708740234,7.700727462768555,0.16960196197032928,22.4342,False,False
297,0,25.0,25.0,10.747550010681152,7.7395172119140625,0.1695157289505005,22.3843,False,False
298,0,25.0,25.0,10.778935432434082,7.778294086456299,0.169437438249588,22.3344,False,False
299,0,25.0,25.0,10.81033706665039,7.817057132720947,0.16936595737934113,22.2845,False,False
300,0,25.0,25.0,10.841754913330078,7.855807781219482,0.16935908794403076,22.2346,False,False
301,0,25.0,25.0,10.873188018798828,7.894545555114746,0.16941006481647491,22.1848,False,False
302,0,25.0,25.0,10.904638290405273,7.933270454406738,0.1695127785205841,22.1349,False,False
303,0,25.0,25.0,10.936102867126465,7.971983909606934,0.1696617305278778,22.085,False,False
304,0,25.0,25.0,10.967582702636719,8.010684967041016,0.16985200345516205,22.0351,False,False
305,0,25.0,25.0,10.999076843261719,8.0493745803833,0.17007912695407867,21.9852,False,False
306,0,25.0,25.0,11.030585289001465,8.088052749633789,0.17033913731575012,21.9353,False,False
307,0,25.0,25.0,11.062108993530273,8.126720428466797,0.17056962847709656,21.8854,False,False
308,0,25.0,25.0,11.093645095825195,8.165376663208008,0.17077326774597168,21.8356,False,False
309,0,25.0,25.0,11.125195503234863,8.204022407531738,0.1709524393081665,21.7857,False,False
310,0,25.0,25.0,11.156758308410645,8.242657661437988,0.17110931873321533,21.7358,False,False
311,0,25.0,25.0,11.188334465026855,8.281283378601074,0.17124584317207336,21.6859,False,False
312,0,25.0,25.0,11.21992301940918,8.31989860534668,0.17136375606060028,21.636,False,False
313,0,25.0,25.0,11.251523971557617,8.358504295349121,0.17146463692188263,21.5861,False,False
314,0,25.0,25.0,11.283136367797852,8.397100448608398,0.17154990136623383,21.5362,False,False
315,0,25.0,25.0,11.314760208129883,8.435688018798828,0.17162086069583893,21.4863,False,False
316,0,25.0,25.0,11.346395492553711,8.47426700592041,0.17167863249778748,21.4364,False,False
317,0,25.0,25.0,11.378042221069336,8.512836456298828,0.17172428965568542,21.3865,False,False
318,0,25.0,25.0,11.409699440002441,8.551398277282715,0.1717587560415268,21.3367,False,False
319,0,25.0,25.0,11.441366195678711,8.589951515197754,0.17184168100357056,21.2868,False,False
320,0,25.0,25.0,11.473043441772461,8.628496170043945,0.1719091385602951,21.2369,False,False
321,0,25.0,25.0,11.504731178283691,8.667034149169922,0.17202121019363403,21.187,False,False
322,0,25.0,25.0,11.53642749786377,8.705564498901367,0.1721731722354889,21.1371,False,False
323,0,25.0,25.0,11.568133354187012,8.744087219238281,0.1722431480884552,21.0872,False,False
324,0,25.0,25.0,11.599848747253418,8.782602310180664,0.1722979098558426,21.0373,False,False
325,0,25.0,25.0,11.631572723388672,8.821111679077148,0.17233869433403015,20.9874,False,False
326,0,25.0,25.0,11.663304328918457,8.859613418579102,0.172366663813591,20.9375,False,False
327,0,25.0,25.0,11.69504451751709,8.898109436035156,0.17238284647464752,20.8876,False,False
328,0,25.0,25.0,11.72679328918457,8.936598777770996,0.17238815128803253,20.8377,False,False
329,0,25.0,25.0,11.758548736572266,8.975082397460938,0.17238342761993408,20.7878,False,False
330,0,25.0,25.0,11.790311813354492,9.01356029510498,0.17236942052841187,20.7379,False,False
331,0,25.0,25.0,11.82208251953125,9.052032470703125,0.172346830368042,20.688,False,False
332,0,25.0,25.0,11.853859901428223,9.090499877929688,0.17231625318527222,20.6381,False,False
333,0,25.0,25.0,11.88564395904541,9.128961563110352,0.1722782552242279,20.5883,False,False
334,0,25.0,25.0,11.917433738708496,9.167418479919434,0.17223332822322845,20.5384,False,False
335,0,25.0,25.0,11.949231147766113,9.205869674682617,0.17218191921710968,20.4885,False,False
336,0,25.0,25.0,11.981033325195312,9.244317054748535,0.1721244603395462,20.4386,False,False
337,0,25.0,25.0,12.01284122467041,9.282759666442871,0.17206130921840668,20.3887,False,False
338,0,25.0,25.0,12.044655799865723,9.321198463439941,0.17199279367923737,20.3388,False,False
339,0,25.0,25.0,12.0764741897583,9.35963249206543,0.17197802662849426,20.2889,False,False
340,0,25.0,25.0,12.108299255371094,9.398062705993652,0.1720113903284073,20.239,False,False
341,0,25.0,25.0,12.140128135681152,9.436490058898926,0.17208784818649292,20.1891,False,False
342,0,25.0,25.0,12.171961784362793,9.474912643432617,0.17220282554626465,20.1392,False,False
343,0,25.0,25.0,12.203800201416016,9.51333236694336,0.17235226929187775,20.0893,False,False
344,0,25.0,25.0,12.235642433166504,9.551748275756836,0.17253248393535614,20.0394,False,False
345,0,25.0,25.0,12.267488479614258,9.590161323547363,0.172740176320076,19.9895,False,False
346,0,25.0,25.0,12.299339294433594,9.628571510314941,0.1729135811328888,19.9396,False,False
347,0,25.0,25.0,12.331193923950195,9.66697883605957,0.17305590212345123,19.8897,False,False
348,0,25.0,25.0,12.363051414489746,9.70538330078125,0.173111230134964,19.8398,False,False
349,0,25.0,25.0,12.394912719726562,9.743785858154297,0.17308808863162994,19.7899,False,False
350,0,25.0,25.0,12.426776885986328,9.782185554504395,0.17299409210681915,19.74,False,False
351,0,25.0,25.0,12.458643913269043,9.82058334350586,0.1729537546634674,19.6901,False,False
352,0,25.0,25.0,12.490514755249023,9.858979225158691,0.17296145856380463,19.6402,False,False
353,0,25.0,25.0,12.522387504577637,9.897372245788574,0.17301219701766968,19.5903,False,False
354,0,25.0,25.0,12.5542631149292,9.93576431274414,0.1730426549911499,19.5404,False,False
355,0,25.0,25.0,12.586140632629395,9.974154472351074,0.17305466532707214,19.4905,False,False
356,0,25.0,25.0,12.618021011352539,10.012542724609375,0.17304986715316772,19.4406,False,False
357,0,25.0,25.0,12.64990234375,10.05093002319336,0.17302975058555603,19.3907,False,False
358,0,25.0,25.0,12.68178653717041,10.089315414428711,0.17299562692642212,19.3408,False,False
359,0,25.0,25.0,12.713672637939453,10.127699851989746,0.1729487180709839,19.2909,False,False
360,0,25.0,25.0,12.745560646057129,10.166083335876465,0.1728900969028473,19.241,False,False
361,0,25.0,25.0,12.777449607849121,10.20446491241455,0.17282074689865112,19.1911,False,False
362,0,25.0,25.0,12.80933952331543,10.242846488952637,0.17274156212806702,19.1412,False,False
363,0,25.0,25.0,12.841231346130371,10.281227111816406,0.17265330255031586,19.0913,False,False
364,0,25.0,25.0,12.873124122619629,10.31960678100586,0.17255671322345734,19.0414,False,False
365,0,25.0,25.0,12.90501880645752,10.357985496520996,0.1724524199962616,18.9915,False,False
366,0,25.0,25.0,12.93691349029541,10.396364212036133,0.17234103381633759,18.9416,False,False
367,0,25.0,25.0,12.968809127807617,10.43474292755127,0.1722230464220047,18.8917,False,False
368,0,25.0,25.0,13.00070571899414,10.47312068939209,0.17209894955158234,18.8418,False,False
369,0,25.0,25.0,13.03260326385498,10.511497497558594,0.17196917533874512,18.7919,False,False
370,0,25.0,25.0,13.06450080871582,10.549875259399414,0.1718928962945938,18.742,False,False
371,0,25.0,25.0,13.09639835357666,10.588252067565918,0.1718645840883255,18.6921,False,False
372,0,25.0,25.0,13.128296852111816,10.626629829406738,0.17182044684886932,18.6422,False,False
373,0,25.0,25.0,13.160195350646973,10.665006637573242,0.1717619150876999,18.5923,False,False
374,0,25.0,25.0,13.192093849182129,10.703384399414062,0.1716902256011963,18.5424,False,False
375,0,25.0,25.0,13.223992347717285,10.741761207580566,0.17160654067993164,18.4925,False,False
376,0,25.0,25.0,13.255890846252441,10.780138969421387,0.17157068848609924,18.4426,False,False
377,0,25.0,25.0,13.287789344787598,10.818517684936523,0.17151889204978943,18.3927,False,False
378,0,25.0,25.0,13.319687843322754,10.856895446777344,0.1714525818824768,18.3428,False,False
379,0,25.0,25.0,13.35158634185791,10.89527416229248,0.17137305438518524,18.2929,False,False
380,0,25.0,25.0,13.38348388671875,10.933653831481934,0.1713402420282364,18.243,False,False
381,0,25.0,25.0,13.41538143157959,10.972033500671387,0.1712905317544937,18.1931,False,False
382,0,25.0,25.0,13.447278022766113,11.010414123535156,0.1712254285812378,18.1432,False,False
383,0,25.0,25.0,13.479174613952637,11.048795700073242,0.17114631831645966,18.0932,False,False
384,0,25.0,25.0,13.511070251464844,11.087177276611328,0.17111322283744812,18.0433,False,False
385,0,25.0,25.0,13.542964935302734,11.12555980682373,0.17106260359287262,17.9934,False,False
386,0,25.0,25.0,13.574859619140625,11.16394329071045,0.1709960401058197,17.9435,False,False
387,0,25.0,25.0,13.6067533493042,11.202326774597168,0.17091496288776398,17.8936,False,False
388,0,25.0,25.0,13.638646125793457,11.24071216583252,0.17093828320503235,17.8437,False,False
389,0,25.0,25.0,13.670537948608398,11.279097557067871,0.17099657654762268,17.7938,False,False
390,0,25.0,25.0,13.702428817749023,11.317484855651855,0.1710861772298813,17.7439,False,False
391,0,25.0,25.0,13.734318733215332,11.35587215423584,0.1712038218975067,17.694,False,False
392,0,25.0,25.0,13.766207695007324,11.394261360168457,0.1713465452194214,17.6441,False,False
393,0,25.0,25.0,13.798095703125,11.43265151977539,0.17139406502246857,17.5942,False,False
394,0,25.0,25.0,13.82998275756836,11.471041679382324,0.17135579884052277,17.5443,False,False
395,0,25.0,25.0,13.861868858337402,11.50943374633789,0.17129895091056824,17.4944,False,False
396,0,25.0,25.0,13.893754005432129,11.54782772064209,0.17122527956962585,17.4445,False,False
397,0,25.0,25.0,13.925637245178223,11.586221694946289,0.171136274933815,17.3946,False,False
398,0,25.0,25.0,13.957520484924316,11.624617576599121,0.1710333675146103,17.3447,False,False
399,0,25.0,25.0,13.989401817321777,11.66301441192627,0.1709177941083908,17.2948,False,False
400,0,25.0,25.0,14.021281242370605,11.701412200927734,0.1707906723022461,17.2448,False,False
401,0,25.0,25.0,14.053160667419434,11.739810943603516,0.17065303027629852,17.1949,False,False
402,0,25.0,25.0,14.085038185119629,11.77821159362793,0.17050576210021973,17.145,False,False
403,0,25.0,25.0,14.116913795471191,11.81661319732666,0.17040850222110748,17.0951,False,False
404,0,25.0,25.0,14.148788452148438,11.855016708374023,0.1703561246395111,17.0452,False,False
405,0,25.0,25.0,14.180662155151367,11.893421173095703,0.17034396529197693,16.9953,False,False
406,0,25.0,25.0,14.212533950805664,11.9318265914917,0.17030906677246094,16.9454,False,False
407,0,25.0,25.0,14.244404792785645,11.970232963562012,0.17025360465049744,16.8955,False,False
408,0,25.0,25.0,14.276274681091309,12.008641242980957,0.17023825645446777,16.8456,False,False
409,0,25.0,25.0,14.308141708374023,12.047051429748535,0.17025890946388245,16.7957,False,False
410,0,25.0,25.0,14.340008735656738,12.085461616516113,0.1703118234872818,16.7458,False,False
411,0,25.0,25.0,14.37187385559082,12.123873710632324,0.17039361596107483,16.6959,False,False
412,0,25.0,25.0,14.40373706817627,12.162287712097168,0.17044249176979065,16.6459,False,False
413,0,25.0,25.0,14.435599327087402,12.200702667236328,0.17046159505844116,16.596,False,False
414,0,25.0,25.0,14.467459678649902,12.239118576049805,0.17045380175113678,16.5461,False,False
415,0,25.0,25.0,14.499319076538086,12.277536392211914,0.17042167484760284,16.4962,False,False
416,0,25.0,25.0,14.531176567077637,12.31595516204834,0.17042632400989532,16.4463,False,False
417,0,25.0,25.0,14.563033103942871,12.354375839233398,0.1704639494419098,16.3964,False,False
418,0,25.0,25.0,14.594887733459473,12.392797470092773,0.17053110897541046,16.3465,False,False
419,0,25.0,25.0,14.626741409301758,12.431221008300781,0.17056593298912048,16.2966,False,False
420,0,25.0,25.0,14.65859317779541,12.469645500183105,0.17057155072689056,16.2467,False,False
421,0,25.0,25.0,14.690443992614746,12.508070945739746,0.17055076360702515,16.1968,False,False
422,0,25.0,25.0,14.72229290008545,12.54649829864502,0.17056487500667572,16.1469,False,False
423,0,25.0,25.0,14.754140853881836,12.58492660522461,0.17061030864715576,16.0969,False,False
424,0,25.0,25.0,14.78598690032959,12.623356819152832,0.17068377137184143,16.047,False,False
425,0,25.0,25.0,14.817831039428711,12.661787986755371,0.1707235723733902,15.9971,False,False
426,0,25.0,25.0,14.849674224853516,12.700221061706543,0.17073296010494232,15.9472,False,False
427,0,25.0,25.0,14.881516456604004,12.738654136657715,0.170714870095253,15.8973,False,False
428,0,25.0,25.0,14.91335678100586,12.777090072631836,0.17067193984985352,15.8474,False,False
429,0,25.0,25.0,14.945196151733398,12.815526008605957,0.17066533863544464,15.7975,False,False
430,0,25.0,25.0,14.977033615112305,12.853963851928711,0.17069131135940552,15.7476,False,False
431,0,25.0,25.0,15.008869171142578,12.892403602600098,0.17074650526046753,15.6977,False,False
432,0,25.0,25.0,15.040703773498535,12.9308443069458,0.17082788050174713,15.6478,False,False
433,0,25.0,25.0,15.072537422180176,12.96928596496582,0.1708150953054428,15.5978,False,False
434,0,25.0,25.0,15.104369163513184,13.007728576660156,0.17077629268169403,15.5479,False,False
435,0,25.0,25.0,15.136199951171875,13.046173095703125,0.17071396112442017,15.498,False,False
436,0,25.0,25.0,15.16802978515625,13.08461856842041,0.1706303507089615,15.4481,False,False
437,0,25.0,25.0,15.199857711791992,13.123065948486328,0.17052750289440155,15.3982,False,False
438,0,25.0,25.0,15.231683731079102,13.161513328552246,0.17046600580215454,15.3483,False,False
439,0,25.0,25.0,15.263509750366211,13.199962615966797,0.17050045728683472,15.2984,False,False
440,0,25.0,25.0,15.295333862304688,13.238412857055664,0.17056231200695038,15.2485,False,False
441,0,25.0,25.0,15.327156066894531,13.276865005493164,0.1706487536430359,15.1985,False,False
442,0,25.0,25.0,15.358977317810059,13.31531810760498,0.1706983894109726,15.1486,False,False
443,0,25.0,25.0,15.39079761505127,13.353771209716797,0.1707148402929306,15.0987,False,False
444,0,25.0,25.0,15.422616958618164,13.392227172851562,0.17070132493972778,15.0488,False,False
445,0,25.0,25.0,15.454434394836426,13.430683135986328,0.17071951925754547,14.9989,False,False
446,0,25.0,25.0,15.486250877380371,13.469141006469727,0.1707661747932434,14.949,False,False
447,0,25.0,25.0,15.51806640625,13.507598876953125,0.1708383560180664,14.8991,False,False
448,0,25.0,25.0,15.549880027770996,13.546058654785156,0.17087458074092865,14.8492,False,False
449,0,25.0,25.0,15.581692695617676,13.584519386291504,0.17087838053703308,14.7992,False,False
450,0,25.0,25.0,15.613504409790039,13.622981071472168,0.1708529144525528,14.7493,False,False
451,0,25.0,25.0,15.645315170288086,13.661444664001465,0.17085979878902435,14.6994,False,False
452,0,25.0,25.0,15.677124977111816,13.699908256530762,0.1708369106054306,14.6495,False,False
453,0,25.0,25.0,15.708932876586914,13.738373756408691,0.17078715562820435,14.5996,False,False
454,0,25.0,25.0,15.740740776062012,13.776839256286621,0.17071311175823212,14.5497,False,False
455,0,25.0,25.0,15.772546768188477,13.815306663513184,0.17067593336105347,14.4998,False,False
456,0,25.0,25.0,15.804351806640625,13.853775024414062,0.17067185044288635,14.4499,False,False
457,0,25.0,25.0,15.836155891418457,13.892243385314941,0.17063865065574646,14.3999,False,False
458,0,25.0,25.0,15.867959022521973,13.930713653564453,0.17057915031909943,14.35,False,False
459,0,25.0,25.0,15.899761199951172,13.969184875488281,0.1704959273338318,14.3001,False,False
460,0,25.0,25.0,15.931561470031738,14.007657051086426,0.17050884664058685,14.2502,False,False
461,0,25.0,25.0,15.963361740112305,14.046130180358887,0.1705493927001953,14.2003,False,False
462,0,25.0,25.0,15.995161056518555,14.084603309631348,0.17061473429203033,14.1504,False,False
463,0,25.0,25.0,16.026958465576172,14.123078346252441,0.17070230841636658,14.1005,False,False
464,0,25.0,25.0,16.05875587463379,14.161553382873535,0.17075097560882568,14.0505,False,False
465,0,25.0,25.0,16.090551376342773,14.200030326843262,0.17076458036899567,14.0006,False,False
466,0,25.0,25.0,16.122346878051758,14.238507270812988,0.1707465499639511,13.9507,False,False
467,0,25.0,25.0,16.15414047241211,14.276985168457031,0.17075875401496887,13.9008,False,False
468,0,25.0,25.0,16.18593406677246,14.315464973449707,0.17079810798168182,13.8509,False,False
469,0,25.0,25.0,16.217727661132812,14.353943824768066,0.17086179554462433,13.801,False,False
470,0,25.0,25.0,16.24951934814453,14.392424583435059,0.1708884984254837,13.7511,False,False
471,0,25.0,25.0,16.281309127807617,14.430906295776367,0.17088186740875244,13.7011,False,False
472,0,25.0,25.0,16.313100814819336,14.469388961791992,0.17090395092964172,13.6512,False,False
473,0,25.0,25.0,16.34488868713379,14.507871627807617,0.17095178365707397,13.6013,False,False
474,0,25.0,25.0,16.376678466796875,14.546355247497559,0.17102272808551788,13.5514,False,False
475,0,25.0,25.0,16.408464431762695,14.584839820861816,0.1710556000471115,13.5015,False,False
476,0,25.0,25.0,16.44025230407715,14.623324394226074,0.17105412483215332,13.4516,False,False
477,0,25.0,25.0,16.47203826904297,14.661810874938965,0.17102167010307312,13.4017,False,False
478,0,25.0,25.0,16.50382423400879,14.700297355651855,0.17102007567882538,13.3517,False,False
479,0,25.0,25.0,16.535608291625977,14.738784790039062,0.1710461676120758,13.3018,False,False
480,0,25.0,25.0,16.567392349243164,14.77727222442627,0.17109711468219757,13.2519,False,False
481,0,25.0,25.0,16.59917640686035,14.815760612487793,0.17117033898830414,13.202,False,False
482,0,25.0,25.0,16.630958557128906,14.854249954223633,0.17120474576950073,13.1521,False,False
483,0,25.0,25.0,16.66274070739746,14.892740249633789,0.17120416462421417,13.1022,False,False
484,0,25.0,25.0,16.694520950317383,14.931230545043945,0.17117200791835785,13.0522,False,False
485,0,25.0,25.0,16.726303100585938,14.969721794128418,0.17111140489578247,13.0023,False,False
486,0,25.0,25.0,16.75808334350586,15.008213996887207,0.1710250973701477,12.9524,False,False
487,0,25.0,25.0,16.78986167907715,15.046706199645996,0.1709156185388565,12.9025,False,False
488,0,25.0,25.0,16.821640014648438,15.085199356079102,0.17084401845932007,12.8526,False,False
489,0,25.0,25.0,16.853418350219727,15.123692512512207,0.170806422829628,12.8027,False,False
490,0,25.0,25.0,16.885196685791016,15.162186622619629,0.1707993745803833,12.7527,False,False
491,0,25.0,25.0,16.916973114013672,15.200681686401367,0.1708197444677353,12.7028,False,False
492,0,25.0,25.0,16.948749542236328,15.239176750183105,0.17086471617221832,12.6529,False,False
493,0,25.0,25.0,16.980525970458984,15.27767276763916,0.17087297141551971,12.603,False,False
494,0,25.0,25.0,17.01230239868164,15.316168785095215,0.17084813117980957,12.5531,False,False
495,0,25.0,25.0,17.044076919555664,15.354665756225586,0.17079342901706696,12.5032,False,False
496,0,25.0,25.0,17.075851440429688,15.393162727355957,0.17071181535720825,12.4533,False,False
497,0,25.0,25.0,17.10762596130371,15.431660652160645,0.17060589790344238,12.4033,False,False
498,0,25.0,25.0,17.1393985748291,15.470158576965332,0.17053687572479248,12.3534,False,False
499,0,25.0,25.0,17.171171188354492,15.508657455444336,0.1705009639263153,12.3035,False,False
500,0,25.0,25.0,17.202943801879883,15.54715633392334,0.17049480974674225,12.2536,False,False
501,0,25.0,25.0,17.234716415405273,15.58565616607666,0.17051537334918976,12.2037,False,False
502,0,25.0,25.0,17.266489028930664,15.62415599822998,0.17055989801883698,12.1538,False,False
503,0,25.0,25.0,17.298259735107422,15.662656784057617,0.17056715488433838,12.1038,False,False
504,0,25.0,25.0,17.33003044128418,15.701157569885254,0.17054079473018646,12.0539,False,False
505,0,25.0,25.0,17.361801147460938,15.739659309387207,0.17048414051532745,12.004,False,False
506,0,25.0,25.0,17.393569946289062,15.77816104888916,0.17040017247200012,11.9541,False,False
507,0,25.0,25.0,17.42534065246582,15.816662788391113,0.1704091578722,11.9042,False,False
508,0,25.0,25.0,17.457109451293945,15.855165481567383,0.17044293880462646,11.8542,False,False
509,0,25.0,25.0,17.48887825012207,15.893668174743652,0.17049896717071533,11.8043,False,False
510,0,25.0,25.0,17.520647048950195,15.932170867919922,0.17057497799396515,11.7544,False,False
511,0,25.0,25.0,17.55241584777832,15.970674514770508,0.17061010003089905,11.7045,False,False
512,0,25.0,25.0,17.584182739257812,16.009178161621094,0.17060837149620056,11.6546,False,False
513,0,25.0,25.0,17.615949630737305,16.047683715820312,0.17057345807552338,11.6047,False,False
514,0,25.0,25.0,17.64771842956543,16.0861873626709,0.17056739330291748,11.5547,False,False
515,0,25.0,25.0,17.679485321044922,16.124692916870117,0.17058725655078888,11.5048,False,False
516,0,25.0,25.0,17.71125030517578,16.163198471069336,0.17063039541244507,11.4549,False,False
517,0,25.0,25.0,17.743017196655273,16.201702117919922,0.17069442570209503,11.405,False,False
518,0,25.0,25.0,17.774784088134766,16.240209579467773,0.17077720165252686,11.3551,False,False
519,0,25.0,25.0,17.806549072265625,16.278715133666992,0.1708180010318756,11.3052,False,False
520,0,25.0,25.0,17.838314056396484,16.31722068786621,0.17082096636295319,11.2552,False,False
521,0,25.0,25.0,17.870079040527344,16.355728149414062,0.17078986763954163,11.2053,False,False
522,0,25.0,25.0,17.901844024658203,16.394235610961914,0.17078682780265808,11.1554,False,False
523,0,25.0,25.0,17.933609008789062,16.432743072509766,0.17080901563167572,11.1055,False,False
524,0,25.0,25.0,17.965373992919922,16.471250534057617,0.17085383832454681,11.0556,False,False
525,0,25.0,25.0,17.99713706970215,16.50975799560547,0.17091898620128632,11.0056,False,False
526,0,25.0,25.0,18.028902053833008,16.54826545715332,0.17100238800048828,10.9557,False,False
527,0,25.0,25.0,18.060665130615234,16.586774826049805,0.17104335129261017,10.9058,False,False
528,0,25.0,25.0,18.09242820739746,16.625282287597656,0.17104609310626984,10.8559,False,False
529,0,25.0,25.0,18.12419319152832,16.66379165649414,0.17101438343524933,10.806,False,False
530,0,25.0,25.0,18.155956268310547,16.702301025390625,0.17101043462753296,10.7561,False,False
531,0,25.0,25.0,18.18771743774414,16.740808486938477,0.1710314303636551,10.7061,False,False
532,0,25.0,25.0,18.219480514526367,16.77931785583496,0.17107480764389038,10.6562,False,False
533,0,25.0,25.0,18.251243591308594,16.817829132080078,0.17113828659057617,10.6063,False,False
534,0,25.0,25.0,18.28300666809082,16.856338500976562,0.1712198108434677,10.5564,False,False
535,0,25.0,25.0,18.314767837524414,16.894847869873047,0.17125873267650604,10.5065,False,False
536,0,25.0,25.0,18.34653091430664,16.933359146118164,0.17125926911830902,10.4565,False,False
537,0,25.0,25.0,18.378292083740234,16.97186851501465,0.17122523486614227,10.4066,False,False
538,0,25.0,25.0,18.410053253173828,17.010379791259766,0.17121882736682892,10.3567,False,False
539,0,25.0,25.0,18.441816329956055,17.04888916015625,0.1712372601032257,10.3068,False,False
540,0,25.0,25.0,18.47357749938965,17.087400436401367,0.1712779998779297,10.2569,False,False
541,0,25.0,25.0,18.505338668823242,17.125911712646484,0.171338751912117,10.207,False,False
542,0,25.0,25.0,18.537099838256836,17.1644229888916,0.17135868966579437,10.157,False,False
543,0,25.0,25.0,18.56886100769043,17.20293426513672,0.17134185135364532,10.1071,False,False
544,0,25.0,25.0,18.600622177124023,17.241445541381836,0.17135067284107208,10.0572,False,False
545,0,25.0,25.0,18.632375717163086,17.279949188232422,0.17138256132602692,10.0073,False,False
546,0,25.0,25.0,18.664108276367188,17.31842613220215,0.17143511772155762,9.9574,False,False
547,0,25.0,25.0,18.695804595947266,17.356861114501953,0.17150622606277466,9.9076,False,False
548,0,25.0,25.0,18.727453231811523,17.39523696899414,0.1715351641178131,9.8579,False,False
549,0,25.0,25.0,18.759042739868164,17.43354034423828,0.17152610421180725,9.8082,False,False
550,0,25.0,25.0,18.79056167602539,17.47176170349121,0.17148278653621674,9.7587,False,False
551,0,25.0,25.0,18.822004318237305,17.509889602661133,0.1714673936367035,9.7092,False,False
552,0,25.0,25.0,18.853361129760742,17.54791259765625,0.1714770495891571,9.66,False,False
553,0,25.0,25.0,18.884626388549805,17.585824966430664,0.17150922119617462,9.6108,False,False
554,0,25.0,25.0,18.915790557861328,17.623615264892578,0.1715615689754486,9.5618,False,False
555,0,25.0,25.0,18.94685173034668,17.661279678344727,0.1716320514678955,9.513,False,False
556,0,25.0,25.0,18.977802276611328,17.69881248474121,0.17160117626190186,9.4644,False,False
557,0,25.0,25.0,19.008638381958008,17.7362060546875,0.171537846326828,9.4159,False,False
558,0,25.0,25.0,19.039358139038086,17.773454666137695,0.17144525051116943,9.3676,False,False
559,0,25.0,25.0,19.06995391845703,17.810558319091797,0.17138509452342987,9.3195,False,False
560,0,25.0,25.0,19.100425720214844,17.847509384155273,0.17135405540466309,9.2716,False,False
561,0,25.0,25.0,19.130769729614258,17.884305953979492,0.1713491678237915,9.2239,False,False
562,0,25.0,25.0,19.16098403930664,17.92094612121582,0.17136777937412262,9.1764,False,False
563,0,25.0,25.0,19.19106674194336,17.95742416381836,0.17140747606754303,9.1292,False,False
564,0,25.0,25.0,19.22101593017578,17.993741989135742,0.17146609723567963,9.0821,False,False
565,0,25.0,25.0,19.25082778930664,18.029895782470703,0.1714829057455063,9.0352,False,False
566,0,25.0,25.0,19.28050422668457,18.06588363647461,0.1714620441198349,8.9886,False,False
567,0,25.0,25.0,19.310043334960938,18.101703643798828,0.17140723764896393,8.9422,False,False
568,0,25.0,25.0,19.33944320678711,18.13735580444336,0.171321839094162,8.8959,False,False
569,0,25.0,25.0,19.368703842163086,18.172840118408203,0.17126767337322235,8.8499,False,False
570,0,25.0,25.0,19.397825241088867,18.208152770996094,0.17124156653881073,8.8042,False,False
571,0,25.0,25.0,19.426803588867188,18.243295669555664,0.1712406575679779,8.7586,False,False
572,0,25.0,25.0,19.455642700195312,18.27826690673828,0.17126238346099854,8.7133,False,False
573,0,25.0,25.0,19.48434066772461,18.313068389892578,0.17130443453788757,8.6682,False,False
574,0,25.0,25.0,19.512895584106445,18.34769630432129,0.17130593955516815,8.6233,False,False
575,0,25.0,25.0,19.541309356689453,18.382152557373047,0.17127090692520142,8.5786,False,False
576,0,25.0,25.0,19.569581985473633,18.416439056396484,0.17120297253131866,8.5342,False,False
577,0,25.0,25.0,19.597713470458984,18.450551986694336,0.17116418480873108,8.49,False,False
578,0,25.0,25.0,19.625701904296875,18.484495162963867,0.17115157842636108,8.446,False,False
579,0,25.0,25.0,19.65355110168457,18.518266677856445,0.17116250097751617,8.4022,False,False
580,0,25.0,25.0,19.681259155273438,18.55186653137207,0.17119455337524414,8.3587,False,False
581,0,25.0,25.0,19.708824157714844,18.585294723510742,0.17124558985233307,8.3153,False,False
582,0,25.0,25.0,19.736251831054688,18.618555068969727,0.17125485837459564,8.2722,False,False
583,0,25.0,25.0,19.763538360595703,18.651643753051758,0.17122651636600494,8.2293,False,False
584,0,25.0,25.0,19.79068374633789,18.6845645904541,0.17116428911685944,8.1867,False,False
585,0,25.0,25.0,19.817691802978516,18.717315673828125,0.17107154428958893,8.1442,False,False
586,0,25.0,25.0,19.844560623168945,18.74989891052246,0.1710100919008255,8.102,False,False
587,0,25.0,25.0,19.87129020690918,18.78231430053711,0.17097675800323486,8.06,False,False
588,0,25.0,25.0,19.89788246154785,18.81456184387207,0.17096871137619019,8.0182,False,False
589,0,25.0,25.0,19.924339294433594,18.846643447875977,0.17098335921764374,7.9766,False,False
590,0,25.0,25.0,19.95065689086914,18.87856101989746,0.17101843655109406,7.9352,False,False
591,0,25.0,25.0,19.97684097290039,18.910310745239258,0.1710718274116516,7.8941,False,False
592,0,25.0,25.0,20.002887725830078,18.941898345947266,0.17108288407325745,7.8531,False,False
593,0,25.0,25.0,20.028799057006836,18.97332000732422,0.17105580866336823,7.8124,False,False
594,0,25.0,25.0,20.054576873779297,19.004579544067383,0.17099440097808838,7.7719,False,False
595,0,25.0,25.0,20.08022117614746,19.035676956176758,0.17096084356307983,7.7316,False,False
596,0,25.0,25.0,20.105730056762695,19.066612243652344,0.17095233500003815,7.6915,False,False
597,0,25.0,25.0,20.1311092376709,19.097387313842773,0.17096634209156036,7.6516,False,False
598,0,25.0,25.0,20.156354904174805,19.128002166748047,0.17100055515766144,7.6119,False,False
599,0,25.0,25.0,20.181468963623047,19.158456802368164,0.17099414765834808,7.5724,False,False
600,0,25.0,25.0,20.206453323364258,19.188753128051758,0.17095115780830383,7.5332,False,False
601,0,25.0,25.0,20.231306076049805,19.21889305114746,0.17093400657176971,7.4941,False,False
602,0,25.0,25.0,20.25602912902832,19.248872756958008,0.1709400862455368,7.4552,False,False
603,0,25.0,25.0,20.280624389648438,19.278697967529297,0.17096702754497528,7.4166,False,False
604,0,25.0,25.0,20.305091857910156,19.308368682861328,0.17095394432544708,7.3781,False,False
605,0,25.0,25.0,20.329431533813477,19.33788299560547,0.17090480029582977,7.3399,False,False
606,0,25.0,25.0,20.3536434173584,19.36724281311035,0.170881986618042,7.3018,False,False
607,0,25.0,25.0,20.377727508544922,19.39645004272461,0.17088282108306885,7.264,False,False
608,0,25.0,25.0,20.401687622070312,19.425504684448242,0.17090493440628052,7.2263,False,False
609,0,25.0,25.0,20.42552375793457,19.45440673828125,0.17088736593723297,7.1888,False,False
610,0,25.0,25.0,20.449234008789062,19.483158111572266,0.1708928495645523,7.1516,False,False
611,0,25.0,25.0,20.472820281982422,19.511760711669922,0.17086027562618256,7.1145,False,False
612,0,25.0,25.0,20.49628257751465,19.540212631225586,0.17085221409797668,7.0776,False,False
613,0,25.0,25.0,20.519622802734375,19.568513870239258,0.1708661913871765,7.0409,False,False
614,0,25.0,25.0,20.5428409576416,19.596670150756836,0.17084117233753204,7.0044,False,False
615,0,25.0,25.0,20.56593894958496,19.624677658081055,0.1708398461341858,6.9681,False,False
616,0,25.0,25.0,20.58891487121582,19.652538299560547,0.17080101370811462,6.932,False,False
617,0,25.0,25.0,20.611770629882812,19.680253982543945,0.17078721523284912,6.8961,False,False
618,0,25.0,25.0,20.63450813293457,19.70782470703125,0.17079591751098633,6.8604,False,False
619,0,25.0,25.0,20.65712547302246,19.73525047302246,0.1708248257637024,6.8248,False,False
620,0,25.0,25.0,20.679624557495117,19.76253318786621,0.17081312835216522,6.7895,False,False
621,0,25.0,25.0,20.702007293701172,19.7896728515625,0.17076486349105835,6.7543,False,False
622,0,25.0,25.0,20.724271774291992,19.81667137145996,0.1707424521446228,6.7193,False,False
623,0,25.0,25.0,20.74641990661621,19.84352684020996,0.17074330151081085,6.6845,False,False
624,0,25.0,25.0,20.768451690673828,19.870243072509766,0.17076505720615387,6.6498,False,False
625,0,25.0,25.0,20.790369033813477,19.896820068359375,0.17080560326576233,6.6154,False,False
626,0,25.0,25.0,20.812171936035156,19.923255920410156,0.1708042472600937,6.5811,False,False
627,0,25.0,25.0,20.833860397338867,19.949554443359375,0.17076516151428223,6.547,False,False
628,0,25.0,25.0,20.85543441772461,19.97571563720703,0.1706921011209488,6.5131,False,False
629,0,25.0,25.0,20.87689781188965,20.001739501953125,0.1706472486257553,6.4794,False,False
630,0,25.0,25.0,20.89824676513672,20.027626037597656,0.17062777280807495,6.4458,False,False
631,0,25.0,25.0,20.919485092163086,20.05337905883789,0.17063109576702118,6.4125,False,False
632,0,25.0,25.0,20.94061279296875,20.078994750976562,0.17065492272377014,6.3793,False,False
633,0,25.0,25.0,20.961627960205078,20.10447883605957,0.1706971824169159,6.3462,False,False
634,0,25.0,25.0,20.982534408569336,20.12982749938965,0.1707560271024704,6.3134,False,False
635,0,25.0,25.0,21.003332138061523,20.155044555664062,0.17077095806598663,6.2807,False,False
636,0,25.0,25.0,21.024019241333008,20.180130004882812,0.17074637115001678,6.2482,False,False
637,0,25.0,25.0,21.044599533081055,20.205081939697266,0.17068620026111603,6.2158,False,False
638,0,25.0,25.0,21.06507110595703,20.229904174804688,0.1705940067768097,6.1836,False,False
639,0,25.0,25.0,21.08543586730957,20.254596710205078,0.1705317497253418,6.1516,False,False
640,0,25.0,25.0,21.105693817138672,20.27916145324707,0.17049641907215118,6.1198,False,False
641,0,25.0,25.0,21.12584686279297,20.3035945892334,0.17048533260822296,6.0881,False,False
642,0,25.0,25.0,21.145893096923828,20.32790184020996,0.17049601674079895,6.0566,False,False
643,0,25.0,25.0,21.165836334228516,20.352081298828125,0.17052628099918365,6.0253,False,False
644,0,25.0,25.0,21.185672760009766,20.37613296508789,0.17057417333126068,5.9941,False,False
645,0,25.0,25.0,21.205406188964844,20.400060653686523,0.17063789069652557,5.9631,False,False
646,0,25.0,25.0,21.22503662109375,20.423860549926758,0.17065705358982086,5.9322,False,False
647,0,25.0,25.0,21.244564056396484,20.447538375854492,0.17063608765602112,5.9015,False,False
648,0,25.0,25.0,21.26399040222168,20.47109031677246,0.17057901620864868,5.871,False,False
649,0,25.0,25.0,21.283313751220703,20.494518280029297,0.170548215508461,5.8406,False,False
650,0,25.0,25.0,21.302536010742188,20.517826080322266,0.17054106295108795,5.8104,False,False
651,0,25.0,25.0,21.321657180786133,20.5410099029541,0.17055515944957733,5.7804,False,False
652,0,25.0,25.0,21.340679168701172,20.564071655273438,0.1705883890390396,5.7505,False,False
653,0,25.0,25.0,21.359601974487305,20.58701515197754,0.17057999968528748,5.7207,False,False
654,0,25.0,25.0,21.37842559814453,20.60983657836914,0.170534148812294,5.6912,False,False
655,0,25.0,25.0,21.39715003967285,20.632537841796875,0.17051337659358978,5.6617,False,False
656,0,25.0,25.0,21.415775299072266,20.655120849609375,0.17051516473293304,5.6325,False,False
657,0,25.0,25.0,21.43430519104004,20.67758560180664,0.17053724825382233,5.6033,False,False
658,0,25.0,25.0,21.452735900878906,20.699934005737305,0.17057755589485168,5.5744,False,False
659,0,25.0,25.0,21.471073150634766,20.722164154052734,0.17057548463344574,5.5456,False,False
660,0,25.0,25.0,21.48931121826172,20.74427604675293,0.17053523659706116,5.5169,False,False
661,0,25.0,25.0,21.507455825805664,20.76627540588379,0.17051944136619568,5.4884,False,False
662,0,25.0,25.0,21.52550506591797,20.788156509399414,0.17052562534809113,5.46,False,False
663,0,25.0,25.0,21.543458938598633,20.809925079345703,0.1705515831708908,5.4318,False,False
664,0,25.0,25.0,21.56131935119629,20.831579208374023,0.17053651809692383,5.4037,False,False
665,0,25.0,25.0,21.579086303710938,20.853118896484375,0.1704845428466797,5.3758,False,False
666,0,25.0,25.0,21.596759796142578,20.87454605102539,0.170458123087883,5.348,False,False
667,0,25.0,25.0,21.614341735839844,20.89586067199707,0.1704546958208084,5.3204,False,False
668,0,25.0,25.0,21.6318302154541,20.917064666748047,0.1704719513654709,5.2929,False,False
669,0,25.0,25.0,21.649229049682617,20.93815803527832,0.17050780355930328,5.2656,False,False
670,0,25.0,25.0,21.666534423828125,20.959138870239258,0.17050158977508545,5.2384,False,False
671,0,25.0,25.0,21.683752059936523,20.980010986328125,0.17045749723911285,5.2113,False,False
672,0,25.0,25.0,21.700876235961914,21.00077247619629,0.17043812572956085,5.1844,False,False
673,0,25.0,25.0,21.717912673950195,21.021427154541016,0.17044097185134888,5.1576,False,False
674,0,25.0,25.0,21.734859466552734,21.041973114013672,0.17046380043029785,5.131,False,False
675,0,25.0,25.0,21.751718521118164,21.062410354614258,0.1705046147108078,5.1045,False,False
676,0,25.0,25.0,21.76848793029785,21.082740783691406,0.17050281167030334,5.0781,False,False
677,0,25.0,25.0,21.78516960144043,21.102964401245117,0.17046262323856354,5.0519,False,False
678,0,25.0,25.0,21.80176544189453,21.123083114624023,0.17038790881633759,5.0259,False,False
679,0,25.0,25.0,21.81827163696289,21.143095016479492,0.170340895652771,4.9999,False,False
680,0,25.0,25.0,21.834693908691406,21.16300392150879,0.1703188121318817,4.9741,False,False
681,0,25.0,25.0,21.851028442382812,21.18280601501465,0.17031913995742798,4.9484,False,False
682,0,25.0,25.0,21.867279052734375,21.20250701904297,0.1703396439552307,4.9229,False,False
683,0,25.0,25.0,21.88344383239746,21.222103118896484,0.17037828266620636,4.8975,False,False
684,0,25.0,25.0,21.89952278137207,21.241596221923828,0.17043323814868927,4.8722,False,False
685,0,25.0,25.0,21.91551971435547,21.260988235473633,0.1704440861940384,4.8471,False,False
686,0,25.0,25.0,21.93143081665039,21.280277252197266,0.17041520774364471,4.8221,False,False
687,0,25.0,25.0,21.9472599029541,21.299467086791992,0.170350581407547,4.7972,False,False
688,0,25.0,25.0,21.96300506591797,21.31855583190918,0.1703125685453415,4.7725,False,False
689,0,25.0,25.0,21.978668212890625,21.337543487548828,0.1702985167503357,4.7478,False,False
690,0,25.0,25.0,21.99424934387207,21.35643196105957,0.170305997133255,4.7234,False,False
691,0,25.0,25.0,22.009750366210938,21.375221252441406,0.1703328639268875,4.699,False,False
692,0,25.0,25.0,22.02516746520996,21.39391326904297,0.17037715017795563,4.6748,False,False
693,0,25.0,25.0,22.04050636291504,21.412506103515625,0.17043712735176086,4.6507,False,False
694,0,25.0,25.0,22.055763244628906,21.431001663208008,0.17039361596107483,4.6267,False,False
695,0,25.0,25.0,22.070940017700195,21.44940185546875,0.17031575739383698,4.6028,False,False
696,0,25.0,25.0,22.08603858947754,21.467702865600586,0.1702657788991928,4.5791,False,False
697,0,25.0,25.0,22.101057052612305,21.485910415649414,0.1702408790588379,4.5555,False,False
698,0,25.0,25.0,22.115997314453125,21.50402069091797,0.17023856937885284,4.532,False,False
699,0,25.0,25.0,22.130859375,21.522037506103516,0.17025654017925262,4.5087,False,False
700,0,25.0,25.0,22.14564323425293,21.539958953857422,0.17029277980327606,4.4854,False,False
701,0,25.0,25.0,22.160348892211914,21.55778694152832,0.1703454554080963,4.4623,False,False
702,0,25.0,25.0,22.174978256225586,21.57552146911621,0.17035411298274994,4.4393,False,False
703,0,25.0,25.0,22.189531326293945,21.593162536621094,0.17032314836978912,4.4165,False,False
704,0,25.0,25.0,22.204008102416992,21.6107120513916,0.17031532526016235,4.3937,False,False
705,0,25.0,25.0,22.218408584594727,21.6281681060791,0.1703283041715622,4.3711,False,False
706,0,25.0,25.0,22.23273468017578,21.64553451538086,0.17030122876167297,4.3486,False,False
707,0,25.0,25.0,22.246984481811523,21.662809371948242,0.17029686272144318,4.3262,False,False
708,0,25.0,25.0,22.261159896850586,21.67999267578125,0.17031295597553253,4.3039,False,False
709,0,25.0,25.0,22.27526092529297,21.697086334228516,0.1703474521636963,4.2818,False,False
710,0,25.0,25.0,22.289287567138672,21.71409034729004,0.1703396886587143,4.2597,False,False
711,0,25.0,25.0,22.303241729736328,21.731006622314453,0.1702939122915268,4.2378,False,False
712,0,25.0,25.0,22.317123413085938,21.747833251953125,0.17027270793914795,4.216,False,False
713,0,25.0,25.0,22.330930709838867,21.764570236206055,0.17027361690998077,4.1943,False,False
714,0,25.0,25.0,22.344667434692383,21.781221389770508,0.1702944040298462,4.1727,False,False
715,0,25.0,25.0,22.35832977294922,21.79778480529785,0.1702742874622345,4.1512,False,False
716,0,25.0,25.0,22.371923446655273,21.814260482788086,0.17027616500854492,4.1299,False,False
717,0,25.0,25.0,22.38544273376465,21.830650329589844,0.1702978014945984,4.1086,False,False
718,0,25.0,25.0,22.398893356323242,21.846956253051758,0.17027844488620758,4.0875,False,False
719,0,25.0,25.0,22.412273406982422,21.863174438476562,0.1702221781015396,4.0664,False,False
720,0,25.0,25.0,22.425582885742188,21.879308700561523,0.17019149661064148,4.0455,False,False
721,0,25.0,25.0,22.43882179260254,21.895357131958008,0.17018382251262665,4.0247,False,False
722,0,25.0,25.0,22.45199203491211,21.91132164001465,0.17019686102867126,4.004,False,False
723,0,25.0,25.0,22.4650936126709,21.927204132080078,0.1702285259962082,3.9834,False,False
724,0,25.0,25.0,22.478126525878906,21.94300079345703,0.1702769547700882,3.963,False,False
725,0,25.0,25.0,22.491090774536133,21.958717346191406,0.17028166353702545,3.9426,False,False
726,0,25.0,25.0,22.503986358642578,21.974349975585938,0.17024701833724976,3.9223,False,False
727,0,25.0,25.0,22.516815185546875,21.989900588989258,0.1702357530593872,3.9022,False,False
728,0,25.0,25.0,22.529577255249023,22.005369186401367,0.17024552822113037,3.8821,False,False
729,0,25.0,25.0,22.542272567749023,22.0207576751709,0.17021544277668,3.8622,False,False
730,0,25.0,25.0,22.554901123046875,22.03606605529785,0.17020826041698456,3.8423,False,False
731,0,25.0,25.0,22.567462921142578,22.051292419433594,0.1702217012643814,3.8226,False,False
732,0,25.0,25.0,22.579957962036133,22.06644058227539,0.1702536791563034,3.8029,False,False
733,0,25.0,25.0,22.592390060424805,22.08150863647461,0.17024356126785278,3.7834,False,False
734,0,25.0,25.0,22.604755401611328,22.096498489379883,0.170195534825325,3.764,False,False
735,0,25.0,25.0,22.617055892944336,22.111408233642578,0.17017219960689545,3.7446,False,False
736,0,25.0,25.0,22.629291534423828,22.12624168395996,0.17017106711864471,3.7254,False,False
737,0,25.0,25.0,22.641464233398438,22.140995025634766,0.17018991708755493,3.7063,False,False
738,0,25.0,25.0,22.65357208251953,22.15567398071289,0.17022676765918732,3.6873,False,False
739,0,25.0,25.0,22.665616989135742,22.170272827148438,0.1702209860086441,3.6683,False,False
740,0,25.0,25.0,22.67759895324707,22.184797286987305,0.17017684876918793,3.6495,False,False
741,0,25.0,25.0,22.689517974853516,22.19924545288086,0.17015698552131653,3.6308,False,False
742,0,25.0,25.0,22.701374053955078,22.2136173248291,0.1701589673757553,3.6121,False,False
743,0,25.0,25.0,22.713167190551758,22.227914810180664,0.17018058896064758,3.5936,False,False
744,0,25.0,25.0,22.72490119934082,22.242136001586914,0.17021989822387695,3.5752,False,False
745,0,25.0,25.0,22.736572265625,22.256282806396484,0.17021632194519043,3.5568,False,False
746,0,25.0,25.0,22.748180389404297,22.270355224609375,0.17017415165901184,3.5386,False,False
747,0,25.0,25.0,22.759729385375977,22.28435516357422,0.17015603184700012,3.5204,False,False
748,0,25.0,25.0,22.77121925354004,22.298280715942383,0.17015954852104187,3.5024,False,False
749,0,25.0,25.0,22.78264617919922,22.3121337890625,0.17018255591392517,3.4844,False,False
750,0,25.0,25.0,22.79401397705078,22.32591438293457,0.17022308707237244,3.4666,False,False
751,0,25.0,25.0,22.805322647094727,22.339622497558594,0.17022056877613068,3.4488,False,False
752,0,25.0,25.0,22.816572189331055,22.35325813293457,0.1701793372631073,3.4311,False,False
753,0,25.0,25.0,22.827762603759766,22.366823196411133,0.1701032519340515,3.4135,False,False
754,0,25.0,25.0,22.83889389038086,22.38031578063965,0.1700545996427536,3.396,False,False
755,0,25.0,25.0,22.84996795654297,22.393739700317383,0.1700306087732315,3.3786,False,False
756,0,25.0,25.0,22.86098289489746,22.40709114074707,0.17002883553504944,3.3613,False,False
757,0,25.0,25.0,22.87194061279297,22.420373916625977,0.17004704475402832,3.3441,False,False
758,0,25.0,25.0,22.882841110229492,22.43358612060547,0.17008322477340698,3.327,False,False
759,0,25.0,25.0,22.89368438720703,22.44672966003418,0.17013558745384216,3.3099,False,False
760,0,25.0,25.0,22.904470443725586,22.45980453491211,0.17020250856876373,3.293,False,False
761,0,25.0,25.0,22.915199279785156,22.472810745239258,0.17022372782230377,3.2761,False,False
762,0,25.0,25.0,22.925872802734375,22.485748291015625,0.17014500498771667,3.2594,False,False
763,0,25.0,25.0,22.936491012573242,22.498619079589844,0.17009396851062775,3.2427,False,False
764,0,25.0,25.0,22.947052001953125,22.51142120361328,0.17006780207157135,3.2261,False,False
765,0,25.0,25.0,22.957557678222656,22.52415657043457,0.1700640469789505,3.2096,False,False
766,0,25.0,25.0,22.96800994873047,22.53682518005371,0.17008043825626373,3.1932,False,False
767,0,25.0,25.0,22.978404998779297,22.549427032470703,0.17011497914791107,3.1768,False,False
768,0,25.0,25.0,22.98874855041504,22.56196403503418,0.17016582190990448,3.1606,False,False
769,0,25.0,25.0,22.999034881591797,22.574434280395508,0.1701725721359253,3.1444,False,False
770,0,25.0,25.0,23.00926971435547,22.58683967590332,0.1701395958662033,3.1283,False,False
771,0,25.0,25.0,23.01944923400879,22.599178314208984,0.17007090151309967,3.1123,False,False
772,0,25.0,25.0,23.02957534790039,22.611454010009766,0.17002883553504944,3.0964,False,False
773,0,25.0,25.0,23.039649963378906,22.62366485595703,0.1700107455253601,3.0806,False,False
774,0,25.0,25.0,23.049671173095703,22.635812759399414,0.17001423239707947,3.0648,False,False
775,0,25.0,25.0,23.05963897705078,22.64789581298828,0.17003712058067322,3.0492,False,False
776,0,25.0,25.0,23.069555282592773,22.659915924072266,0.17007747292518616,3.0336,False,False
777,0,25.0,25.0,23.079418182373047,22.671873092651367,0.1701335310935974,3.0181,False,False
778,0,25.0,25.0,23.089231491088867,22.683767318725586,0.1701449453830719,3.0027,False,False
779,0,25.0,25.0,23.09899139404297,22.695598602294922,0.17011617124080658,2.9873,False,False
780,0,25.0,25.0,23.108701705932617,22.707368850708008,0.1700512170791626,2.9721,False,False
781,0,25.0,25.0,23.11836051940918,22.71907615661621,0.17001250386238098,2.9569,False,False
782,0,25.0,25.0,23.127967834472656,22.730722427368164,0.1699974089860916,2.9418,False,False
783,0,25.0,25.0,23.13752555847168,22.7423095703125,0.17000356316566467,2.9268,False,False
784,0,25.0,25.0,23.14703369140625,22.753833770751953,0.17002883553504944,2.9118,False,False
785,0,25.0,25.0,23.156492233276367,22.76529884338379,0.1700713336467743,2.897,False,False
786,0,25.0,25.0,23.1658992767334,22.776702880859375,0.17012929916381836,2.8822,False,False
787,0,25.0,25.0,23.17525863647461,22.788047790527344,0.17014239728450775,2.8675,False,False
788,0,25.0,25.0,23.184568405151367,22.799331665039062,0.170115128159523,2.8528,False,False
789,0,25.0,25.0,23.193828582763672,22.810558319091797,0.17005151510238647,2.8383,False,False
790,0,25.0,25.0,23.203041076660156,22.821725845336914,0.17001399397850037,2.8238,False,False
791,0,25.0,25.0,23.21220588684082,22.832834243774414,0.16999994218349457,2.8094,False,False
792,0,25.0,25.0,23.22132110595703,22.843883514404297,0.17000703513622284,2.7951,False,False
793,0,25.0,25.0,23.230388641357422,22.854875564575195,0.17003312706947327,2.7808,False,False
794,0,25.0,25.0,23.239410400390625,22.86581039428711,0.17007634043693542,2.7667,False,False
795,0,25.0,25.0,23.248384475708008,22.87668800354004,0.17013493180274963,2.7526,False,False
796,0,25.0,25.0,23.257308959960938,22.887508392333984,0.1701485961675644,2.7385,False,False
797,0,25.0,25.0,23.266189575195312,22.898271560668945,0.17012180387973785,2.7246,False,False
798,0,25.0,25.0,23.275022506713867,22.908979415893555,0.17005860805511475,2.7107,False,False
799,0,25.0,25.0,23.283809661865234,22.91963005065918,0.1700214445590973,2.6969,False,False
800,0,25.0,25.0,23.29254913330078,22.930225372314453,0.17000770568847656,2.6832,False,False
801,0,25.0,25.0,23.301244735717773,22.940765380859375,0.17001505196094513,2.6695,False,False
802,0,25.0,25.0,23.309892654418945,22.951248168945312,0.17004136741161346,2.6559,False,False
803,0,25.0,25.0,23.318496704101562,22.96167755126953,0.17008475959300995,2.6424,False,False
804,0,25.0,25.0,23.327054977416992,22.97205352783203,0.17008471488952637,2.6289,False,False
805,0,25.0,25.0,23.335569381713867,22.982372283935547,0.17004558444023132,2.6156,False,False
806,0,25.0,25.0,23.344038009643555,22.992639541625977,0.17003007233142853,2.6023,False,False
807,0,25.0,25.0,23.352462768554688,23.002851486206055,0.17003579437732697,2.589,False,False
808,0,25.0,25.0,23.360843658447266,23.013010025024414,0.1700606495141983,2.5758,False,False
809,0,25.0,25.0,23.369178771972656,23.023115158081055,0.17010271549224854,2.5627,False,False
810,0,25.0,25.0,23.377471923828125,23.03316879272461,0.17010147869586945,2.5497,False,False
811,0,25.0,25.0,23.38572120666504,23.043167114257812,0.17006124556064606,2.5367,False,False
812,0,25.0,25.0,23.39392852783203,23.053115844726562,0.16998594999313354,2.5239,False,False
813,0,25.0,25.0,23.402090072631836,23.06300926208496,0.169937863945961,2.511,False,False
814,0,25.0,25.0,23.41021156311035,23.072853088378906,0.16991427540779114,2.4983,False,False
815,0,25.0,25.0,23.418289184570312,23.082645416259766,0.16991274058818817,2.4856,False,False
816,0,25.0,25.0,23.42632293701172,23.092384338378906,0.1699310541152954,2.4729,False,False
817,0,25.0,25.0,23.434316635131836,23.102073669433594,0.16996720433235168,2.4604,False,False
818,0,25.0,25.0,23.44226837158203,23.111713409423828,0.17001943290233612,2.4479,False,False
819,0,25.0,25.0,23.450178146362305,23.121299743652344,0.1700861155986786,2.4355,False,False
820,0,25.0,25.0,23.458045959472656,23.13083839416504,0.17010702192783356,2.4231,False,False
821,0,25.0,25.0,23.465871810913086,23.14032554626465,0.17008671164512634,2.4108,False,False
822,0,25.0,25.0,23.473657608032227,23.149763107299805,0.17002931237220764,2.3986,False,False
823,0,25.0,25.0,23.481403350830078,23.159151077270508,0.16999733448028564,2.3864,False,False
824,0,25.0,25.0,23.489107131958008,23.16849136352539,0.1699882447719574,2.3743,False,False
825,0,25.0,25.0,23.49677085876465,23.177780151367188,0.16999971866607666,2.3622,False,False
826,0,25.0,25.0,23.50439453125,23.187023162841797,0.17002974450588226,2.3503,False,False
827,0,25.0,25.0,23.511978149414062,23.19621467590332,0.1700764298439026,2.3383,False,False
828,0,25.0,25.0,23.519521713256836,23.205360412597656,0.170079305768013,2.3265,False,False
829,0,25.0,25.0,23.527027130126953,23.21445655822754,0.17004278302192688,2.3147,False,False
830,0,25.0,25.0,23.53449058532715,23.2235050201416,0.1699707955121994,2.303,False,False
831,0,25.0,25.0,23.54191780090332,23.232507705688477,0.16992565989494324,2.2913,False,False
832,0,25.0,25.0,23.54930305480957,23.2414608001709,0.16990472376346588,2.2797,False,False
833,0,25.0,25.0,23.556652069091797,23.250368118286133,0.16990554332733154,2.2681,False,False
834,0,25.0,25.0,23.563961029052734,23.25922966003418,0.16992595791816711,2.2567,False,False
835,0,25.0,25.0,23.57123374938965,23.268043518066406,0.1699639856815338,2.2452,False,False
836,0,25.0,25.0,23.578466415405273,23.276811599731445,0.17001786828041077,2.2339,False,False
837,0,25.0,25.0,23.585660934448242,23.285533905029297,0.17008604109287262,2.2226,False,False
838,0,25.0,25.0,23.592819213867188,23.29421043395996,0.17010824382305145,2.2113,False,False
839,0,25.0,25.0,23.599939346313477,23.302841186523438,0.17003031075000763,2.2001,False,False
840,0,25.0,25.0,23.60702133178711,23.311426162719727,0.16992102563381195,2.189,False,False
841,0,25.0,25.0,23.61406707763672,23.31996726989746,0.16984233260154724,2.1779,False,False
842,0,25.0,25.0,23.621074676513672,23.328462600708008,0.16979117691516876,2.1669,False,False
843,0,25.0,25.0,23.6280460357666,23.3369140625,0.16976478695869446,2.1559,False,False
844,0,25.0,25.0,23.634981155395508,23.345319747924805,0.16976070404052734,2.1451,False,False
845,0,25.0,25.0,23.64188003540039,23.353683471679688,0.16977669298648834,2.1342,False,False
846,0,25.0,25.0,23.64874267578125,23.362001419067383,0.1698107272386551,2.1234,False,False
847,0,25.0,25.0,23.655569076538086,23.370277404785156,0.16986101865768433,2.1127,False,False
848,0,25.0,25.0,23.66236114501953,23.378507614135742,0.16992592811584473,2.102,False,False
849,0,25.0,25.0,23.66911506652832,23.38669776916504,0.1700039952993393,2.0914,False,False
850,0,25.0,25.0,23.67583465576172,23.39484214782715,0.17009390890598297,2.0809,False,False
851,0,25.0,25.0,23.682519912719727,23.402944564819336,0.1700768917798996,2.0703,False,False
852,0,25.0,25.0,23.68916893005371,23.4110050201416,0.16996362805366516,2.0599,False,False
853,0,25.0,25.0,23.695783615112305,23.419023513793945,0.16988134384155273,2.0495,False,False
854,0,25.0,25.0,23.702363967895508,23.427000045776367,0.169826939702034,2.0392,False,False
855,0,25.0,25.0,23.708908081054688,23.434934616088867,0.1697976291179657,2.0289,False,False
856,0,25.0,25.0,23.71541976928711,23.442827224731445,0.16979090869426727,2.0186,False,False
857,0,25.0,25.0,23.72189712524414,23.4506778717041,0.16980449855327606,2.0085,False,False
858,0,25.0,25.0,23.72834014892578,23.45848846435547,0.1698363721370697,1.9983,False,False
859,0,25.0,25.0,23.73474884033203,23.466257095336914,0.16988471150398254,1.9883,False,False
860,0,25.0,25.0,23.74112319946289,23.47398567199707,0.16994786262512207,1.9783,False,False
861,0,25.0,25.0,23.747465133666992,23.481674194335938,0.1700243353843689,1.9683,False,False
862,0,25.0,25.0,23.753774642944336,23.489320755004883,0.17005400359630585,1.9584,False,False
863,0,25.0,25.0,23.76004981994629,23.496929168701172,0.17004156112670898,1.9485,False,False
864,0,25.0,25.0,23.766292572021484,23.50449562072754,0.16999119520187378,1.9387,False,False
865,0,25.0,25.0,23.772502899169922,23.51202392578125,0.16996552050113678,1.9289,False,False
866,0,25.0,25.0,23.7786808013916,23.519512176513672,0.1699620485305786,1.9192,False,False
867,0,25.0,25.0,23.78482437133789,23.526960372924805,0.1699785739183426,1.9096,False,False
868,0,25.0,25.0,23.790937423706055,23.53437042236328,0.17001308500766754,1.9,False,False
869,0,25.0,25.0,23.79701805114746,23.5417423248291,0.1700049787759781,1.8904,False,False
870,0,25.0,25.0,23.803068161010742,23.549074172973633,0.16995853185653687,1.8809,False,False
871,0,25.0,25.0,23.809083938598633,23.556367874145508,0.1699363738298416,1.8715,False,False
872,0,25.0,25.0,23.8150691986084,23.563623428344727,0.16993606090545654,1.8621,False,False
873,0,25.0,25.0,23.82102394104004,23.57084083557129,0.16995543241500854,1.8527,False,False
874,0,25.0,25.0,23.826946258544922,23.578022003173828,0.16999249160289764,1.8434,False,False
875,0,25.0,25.0,23.83283805847168,23.585163116455078,0.16998668015003204,1.8341,False,False
876,0,25.0,25.0,23.838699340820312,23.592267990112305,0.1700010895729065,1.8249,False,False
877,0,25.0,25.0,23.84453010559082,23.599334716796875,0.1699749082326889,1.8158,False,False
878,0,25.0,25.0,23.850330352783203,23.606365203857422,0.16997095942497253,1.8066,False,False
879,0,25.0,25.0,23.856098175048828,23.613359451293945,0.1699870526790619,1.7976,False,False
880,0,25.0,25.0,23.86183738708496,23.620315551757812,0.16996237635612488,1.7886,False,False
881,0,25.0,25.0,23.86754608154297,23.627235412597656,0.16995979845523834,1.7796,False,False
882,0,25.0,25.0,23.873226165771484,23.634119033813477,0.1699771136045456,1.7707,False,False
883,0,25.0,25.0,23.878873825073242,23.640968322753906,0.17001232504844666,1.7618,False,False
884,0,25.0,25.0,23.88449478149414,23.64777946472168,0.17000484466552734,1.753,False,False
885,0,25.0,25.0,23.89008331298828,23.654556274414062,0.1699589639902115,1.7442,False,False
886,0,25.0,25.0,23.895645141601562,23.661296844482422,0.16993728280067444,1.7354,False,False
887,0,25.0,25.0,23.90117645263672,23.668001174926758,0.16993741691112518,1.7267,False,False
888,0,25.0,25.0,23.906679153442383,23.674671173095703,0.16995716094970703,1.7181,False,False
889,0,25.0,25.0,23.912151336669922,23.681306838989258,0.1699945628643036,1.7095,False,False
890,0,25.0,25.0,23.9175968170166,23.68790626525879,0.16998904943466187,1.7009,False,False
891,0,25.0,25.0,23.92301368713379,23.694473266601562,0.16994492709636688,1.6924,False,False
892,0,25.0,25.0,23.928401947021484,23.701004028320312,0.16992485523223877,1.684,False,False
893,0,25.0,25.0,23.933761596679688,23.707500457763672,0.16992640495300293,1.6755,False,False
894,0,25.0,25.0,23.9390926361084,23.713964462280273,0.16994743049144745,1.6672,False,False
895,0,25.0,25.0,23.944395065307617,23.72039222717285,0.16998597979545593,1.6588,False,False
896,0,25.0,25.0,23.949670791625977,23.726787567138672,0.16998150944709778,1.6505,False,False
897,0,25.0,25.0,23.954919815063477,23.7331485748291,0.16993831098079681,1.6423,False,False
898,0,25.0,25.0,23.960140228271484,23.739477157592773,0.16991905868053436,1.6341,False,False
899,0,25.0,25.0,23.965333938598633,23.745773315429688,0.16992135345935822,1.6259,False,False
900,0,25.0,25.0,23.97049903869629,23.75203514099121,0.16994304955005646,1.6178,False,False
901,0,25.0,25.0,23.975637435913086,23.758264541625977,0.1699821949005127,1.6097,False,False
902,0,25.0,25.0,23.980749130249023,23.764461517333984,0.16997826099395752,1.6017,False,False
903,0,25.0,25.0,23.9858341217041,23.7706241607666,0.16993553936481476,1.5937,False,False
904,0,25.0,25.0,23.99089241027832,23.776756286621094,0.16991671919822693,1.5858,False,False
905,0,25.0,25.0,23.99592399597168,23.782855987548828,0.16991940140724182,1.5778,False,False
906,0,25.0,25.0,24.000930786132812,23.788923263549805,0.16994144022464752,1.57,False,False
907,0,25.0,25.0,24.005908966064453,23.794960021972656,0.16998089849948883,1.5622,False,False
908,0,25.0,25.0,24.010862350463867,23.800962448120117,0.16997724771499634,1.5544,False,False
909,0,25.0,25.0,24.015789031982422,23.806936264038086,0.16993476450443268,1.5466,False,False
910,0,25.0,25.0,24.02069091796875,23.812877655029297,0.16991616785526276,1.5389,False,False
911,0,25.0,25.0,24.02556610107422,23.81878662109375,0.16991904377937317,1.5313,False,False
912,0,25.0,25.0,24.03041648864746,23.82466697692871,0.1699412614107132,1.5236,False,False
913,0,25.0,25.0,24.035240173339844,23.830514907836914,0.16998088359832764,1.5161,False,False
914,0,25.0,25.0,24.0400390625,23.836332321166992,0.1699773520231247,1.5085,False,False
915,0,25.0,25.0,24.04481315612793,23.842119216918945,0.16993500292301178,1.501,False,False
916,0,25.0,25.0,24.049562454223633,23.847875595092773,0.16991651058197021,1.4936,False,False
917,0,25.0,25.0,24.05428695678711,23.853601455688477,0.1699194759130478,1.4861,False,False
918,0,25.0,25.0,24.05898666381836,23.859298706054688,0.16994178295135498,1.4788,False,False
919,0,25.0,25.0,24.06365966796875,23.864965438842773,0.1699814647436142,1.4714,False,False
920,0,25.0,25.0,24.068309783935547,23.870601654052734,0.16997800767421722,1.4641,False,False
921,0,25.0,25.0,24.07293701171875,23.876209259033203,0.1699357032775879,1.4568,False,False
922,0,25.0,25.0,24.077537536621094,23.881786346435547,0.1699172556400299,1.4496,False,False
923,0,25.0,25.0,24.082115173339844,23.8873348236084,0.16992028057575226,1.4424,False,False
924,0,25.0,25.0,24.086668014526367,23.892854690551758,0.16994261741638184,1.4353,False,False
925,0,25.0,25.0,24.091197967529297,23.898345947265625,0.16998232901096344,1.4281,False,False
926,0,25.0,25.0,24.095703125,23.903806686401367,0.16997890174388885,1.4211,False,False
927,0,25.0,25.0,24.10018539428711,23.90924072265625,0.1699366271495819,1.414,False,False
928,0,25.0,25.0,24.104642868041992,23.914644241333008,0.16991819441318512,1.407,False,False
929,0,25.0,25.0,24.10907745361328,23.920021057128906,0.16992123425006866,1.4,False,False
930,0,25.0,25.0,24.113489151000977,23.925369262695312,0.16994357109069824,1.3931,False,False
931,0,25.0,25.0,24.117877960205078,23.930688858032227,0.16998329758644104,1.3862,False,False
932,0,25.0,25.0,24.122243881225586,23.93597984313965,0.16997987031936646,1.3793,False,False
933,0,25.0,25.0,24.1265869140625,23.94124412536621,0.1699376106262207,1.3725,False,False
934,0,25.0,25.0,24.13090705871582,23.946481704711914,0.1699191778898239,1.3657,False,False
935,0,25.0,25.0,24.135204315185547,23.951690673828125,0.16992221772670746,1.359,False,False
936,0,25.0,25.0,24.13947868347168,23.956872940063477,0.16994455456733704,1.3523,False,False
937,0,25.0,25.0,24.14373207092285,23.962026596069336,0.16998428106307983,1.3456,False,False
938,0,25.0,25.0,24.147960662841797,23.967153549194336,0.16998085379600525,1.3389,False,False
939,0,25.0,25.0,24.15216827392578,23.97225570678711,0.1699385792016983,1.3323,False,False
940,0,25.0,25.0,24.156354904174805,23.97732925415039,0.1699201464653015,1.3257,False,False
941,0,25.0,25.0,24.160518646240234,23.982376098632812,0.16992317140102386,1.3192,False,False
942,0,25.0,25.0,24.16465950012207,23.987396240234375,0.16994552314281464,1.3127,False,False
943,0,25.0,25.0,24.168781280517578,23.99239158630371,0.16998523473739624,1.3062,False,False
944,0,25.0,25.0,24.17287826538086,23.997360229492188,0.16998179256916046,1.2998,False,False
945,0,25.0,25.0,24.176956176757812,24.002302169799805,0.16993951797485352,1.2934,False,False
946,0,25.0,25.0,24.181011199951172,24.007217407226562,0.16992107033729553,1.287,False,False
947,0,25.0,25.0,24.18504524230957,24.012107849121094,0.16992409527301788,1.2807,False,False
948,0,25.0,25.0,24.189058303833008,24.0169734954834,0.16994641721248627,1.2743,False,False
949,0,25.0,25.0,24.193050384521484,24.021812438964844,0.16998612880706787,1.2681,False,False
950,0,25.0,25.0,24.197023391723633,24.026626586914062,0.1699826866388321,1.2618,False,False
951,0,25.0,25.0,24.200973510742188,24.031415939331055,0.16994039714336395,1.2556,False,False
952,0,25.0,25.0,24.20490264892578,24.036178588867188,0.16992194950580597,1.2495,False,False
953,0,25.0,25.0,24.208810806274414,24.040916442871094,0.16992495954036713,1.2433,False,False
954,0,25.0,25.0,24.21269989013672,24.045631408691406,0.1699472814798355,1.2372,False,False
955,0,25.0,25.0,24.216567993164062,24.05031967163086,0.169928178191185,1.2311,False,False
956,0,25.0,25.0,24.220415115356445,24.054983139038086,0.1699305921792984,1.2251,False,False
957,0,25.0,25.0,24.2242431640625,24.05962371826172,0.169952392578125,1.2191,False,False
958,0,25.0,25.0,24.228050231933594,24.064239501953125,0.16993281245231628,1.2131,False,False
959,0,25.0,25.0,24.23183822631836,24.068830490112305,0.16993479430675507,1.2071,False,False
960,0,25.0,25.0,24.235607147216797,24.07339859008789,0.16995620727539062,1.2012,False,False
961,0,25.0,25.0,24.239355087280273,24.07794189453125,0.16993628442287445,1.1953,False,False
962,0,25.0,25.0,24.24308204650879,24.082460403442383,0.16993795335292816,1.1895,False,False
963,0,25.0,25.0,24.24679183959961,24.086956024169922,0.16995908319950104,1.1836,False,False
964,0,25.0,25.0,24.25048065185547,24.091428756713867,0.16993890702724457,1.1778,False,False
965,0,25.0,25.0,24.254150390625,24.095876693725586,0.16994035243988037,1.1721,False,False
966,0,25.0,25.0,24.257801055908203,24.10030174255371,0.16990245878696442,1.1663,False,False
967,0,25.0,25.0,24.261432647705078,24.104703903198242,0.169887974858284,1.1606,False,False
968,0,25.0,25.0,24.265045166015625,24.10908317565918,0.16989454627037048,1.1549,False,False
969,0,25.0,25.0,24.268638610839844,24.113439559936523,0.16992007195949554,1.1493,False,False
970,0,25.0,25.0,24.272212982177734,24.117773056030273,0.16996264457702637,1.1437,False,False
971,0,25.0,25.0,24.275768280029297,24.12208366394043,0.16996178030967712,1.1381,False,False
972,0,25.0,25.0,24.279306411743164,24.126371383666992,0.16992181539535522,1.1325,False,False
973,0,25.0,25.0,24.282825469970703,24.13063621520996,0.16990545392036438,1.127,False,False
974,0,25.0,25.0,24.286325454711914,24.134878158569336,0.16991032660007477,1.1215,False,False
975,0,25.0,25.0,24.289806365966797,24.13909912109375,0.16993433237075806,1.116,False,False
976,0,25.0,25.0,24.293270111083984,24.14329719543457,0.16997554898262024,1.1106,False,False
977,0,25.0,25.0,24.296714782714844,24.14747428894043,0.1699734330177307,1.1052,False,False
978,0,25.0,25.0,24.300142288208008,24.151628494262695,0.16993235051631927,1.0998,False,False
979,0,25.0,25.0,24.303552627563477,24.15576171875,0.16991499066352844,1.0944,False,False
980,0,25.0,25.0,24.306943893432617,24.15987205505371,0.1699189692735672,1.0891,False,False
981,0,25.0,25.0,24.310317993164062,24.163963317871094,0.16994215548038483,1.0838,False,False
982,0,25.0,25.0,24.31367301940918,24.16802978515625,0.1699238419532776,1.0785,False,False
983,0,25.0,25.0,24.3170108795166,24.172077178955078,0.1699269562959671,1.0733,False,False
984,0,25.0,25.0,24.320331573486328,24.176101684570312,0.16994936764240265,1.0681,False,False
985,0,25.0,25.0,24.32363510131836,24.18010711669922,0.1699303537607193,1.0629,False,False
986,0,25.0,25.0,24.326921463012695,24.18408966064453,0.16993284225463867,1.0577,False,False
987,0,25.0,25.0,24.330190658569336,24.188053131103516,0.16995468735694885,1.0526,False,False
988,0,25.0,25.0,24.33344268798828,24.191993713378906,0.1699351668357849,1.0475,False,False
989,0,25.0,25.0,24.3366756439209,24.19591522216797,0.16987839341163635,1.0424,False,False
990,0,25.0,25.0,24.339893341064453,24.19981575012207,0.16984692215919495,1.0373,False,False
991,0,25.0,25.0,24.343093872070312,24.20369529724121,0.16983819007873535,1.0323,False,False
992,0,25.0,25.0,24.34627914428711,24.207555770874023,0.1698499470949173,1.0273,False,False
993,0,25.0,25.0,24.349445343017578,24.211395263671875,0.16988012194633484,1.0223,False,False
994,0,25.0,25.0,24.352596282958984,24.215213775634766,0.16992689669132233,1.0174,False,False
995,0,25.0,25.0,24.355730056762695,24.219013214111328,0.16998858749866486,1.0124,False,False
996,0,25.0,25.0,24.358848571777344,24.22279167175293,0.1700049191713333,1.0075,False,False
997,0,25.0,25.0,24.361949920654297,24.226551055908203,0.1699216365814209,1.0027,False,False
998,0,25.0,25.0,24.365034103393555,24.23029136657715,0.16986629366874695,0.9978,True,False
999,1,-25.0,25.0,24.371009826660156,24.237499237060547,0.1698361337184906,49.3769,False,False
1000,1,-25.0,25.0,24.37958335876465,24.247831344604492,0.1698286533355713,49.3853,False,False
1001,1,-25.0,25.0,24.390491485595703,24.26097869873047,0.16984155774116516,49.396,False,False
1002,1,-25.0,25.0,24.403493881225586,24.27666473388672,0.16981402039527893,49.4088,False,False
1003,1,-25.0,25.0,24.418371200561523,24.29464340209961,0.16975004971027374,49.4234,False,False
1004,1,-25.0,25.0,24.434921264648438,24.314695358276367,0.16965331137180328,49.4397,False,False
1005,1,-25.0,25.0,24.45296287536621,24.336626052856445,0.1695270538330078,49.4574,False,False
1006,1,-25.0,25.0,24.472328186035156,24.360261917114258,0.1693742722272873,49.4765,False,False
1007,1,-25.0,25.0,24.49286651611328,24.385448455810547,0.16925640404224396,49.4967,False,False
1008,1,-25.0,25.0,24.514434814453125,24.412050247192383,0.16922880709171295,49.5179,False,False
1009,1,-25.0,25.0,24.536907196044922,24.43994140625,0.16928249597549438,49.5401,False,False
1010,1,-25.0,25.0,24.560163497924805,24.469017028808594,0.16935062408447266,49.563,False,False
1011,1,-25.0,25.0,24.584096908569336,24.49917984008789,0.16943185031414032,49.5866,False,False
1012,1,-25.0,25.0,24.608606338500977,24.53034782409668,0.16946621239185333,49.6108,False,False
1013,1,-25.0,25.0,24.63359832763672,24.56244468688965,0.16945859789848328,49.6355,False,False
1014,1,-25.0,25.0,24.65898895263672,24.59540367126465,0.16941344738006592,49.6606,False,False
1015,1,-25.0,25.0,24.6846981048584,24.629167556762695,0.1693936139345169,49.6861,False,False
1016,1,-25.0,25.0,24.710651397705078,24.663684844970703,0.16939687728881836,49.7118,False,False
1017,1,-25.0,25.0,24.736780166625977,24.698909759521484,0.16948015987873077,49.7377,False,False
1018,1,-25.0,25.0,24.763023376464844,24.73480224609375,0.16963592171669006,49.7637,False,False
1019,1,-25.0,25.0,24.789318084716797,24.77132797241211,0.16991625726222992,49.7898,False,False
1020,1,-25.0,25.0,24.81560707092285,24.808454513549805,0.1701917201280594,49.816,False,False
1021,1,-25.0,25.0,24.841840744018555,24.84615707397461,0.17040471732616425,49.8421,False,False
1022,1,-25.0,25.0,24.86796760559082,24.884408950805664,0.17056231200695038,49.8681,False,False
1023,1,-25.0,25.0,24.893939971923828,24.923187255859375,0.17049458622932434,49.894,False,False
1024,1,-25.0,25.0,24.919713973999023,24.962478637695312,0.17034266889095306,49.9197,False,False
1025,1,-25.0,25.0,24.945247650146484,25.002260208129883,0.1701161116361618,49.9452,False,False
1026,1,-25.0,25.0,24.97049903869629,25.042518615722656,0.16982358694076538,49.9705,False,False
1027,1,-25.0,25.0,24.995431900024414,25.083242416381836,0.1694730669260025,49.9955,False,False
1028,1,-25.0,25.0,25.020008087158203,25.124414443969727,0.16907177865505219,50.0202,False,False
1029,1,-25.0,25.0,25.044193267822266,25.166025161743164,0.16862638294696808,50.0445,False,False
1030,1,-25.0,25.0,25.06795310974121,25.208065032958984,0.1682605892419815,50.0684,False,False
1031,1,-25.0,25.0,25.09125518798828,25.250520706176758,0.16785064339637756,50.0919,False,False
1032,1,-25.0,25.0,25.11406707763672,25.293384552001953,0.16746173799037933,50.1149,False,False
1033,1,-25.0,25.0,25.13636016845703,25.336647033691406,0.1672702133655548,50.1375,False,False
1034,1,-25.0,25.0,25.158105850219727,25.38029670715332,0.1671997457742691,50.1595,False,False
1035,1,-25.0,25.0,25.179275512695312,25.42432403564453,0.1671229749917984,50.1811,False,False
1036,1,-25.0,25.0,25.199838638305664,25.468721389770508,0.1670430451631546,50.202,False,False
1037,1,-25.0,25.0,25.219772338867188,25.513479232788086,0.1670217216014862,50.2224,False,False
1038,1,-25.0,25.0,25.23904800415039,25.55858612060547,0.16711468994617462,50.2422,False,False
1039,1,-25.0,25.0,25.257644653320312,25.604032516479492,0.16743104159832,50.2613,False,False
1040,1,-25.0,25.0,25.27553367614746,25.649808883666992,0.1678926795721054,50.2797,False,False
1041,1,-25.0,25.0,25.292694091796875,25.69590187072754,0.16842947900295258,50.2975,False,False
1042,1,-25.0,25.0,25.309101104736328,25.74230194091797,0.16903728246688843,50.3146,False,False
1043,1,-25.0,25.0,25.32473373413086,25.78899574279785,0.16965368390083313,50.3309,False,False
1044,1,-25.0,25.0,25.339569091796875,25.83597183227539,0.17010509967803955,50.3465,False,False
1045,1,-25.0,25.0,25.353586196899414,25.88321876525879,0.1701766848564148,50.3613,False,False
1046,1,-25.0,25.0,25.366764068603516,25.930721282958984,0.16991038620471954,50.3754,False,False
1047,1,-25.0,25.0,25.37908172607422,25.978466033935547,0.16946172714233398,50.3886,False,False
1048,1,-25.0,25.0,25.390522003173828,26.02643394470215,0.1689707338809967,50.401,False,False
1049,1,-25.0,25.0,25.40106773376465,26.074615478515625,0.16844600439071655,50.4125,False,False
1050,1,-25.0,25.0,25.41069793701172,26.122989654541016,0.16801294684410095,50.4232,False,False
1051,1,-25.0,25.0,25.419397354125977,26.171539306640625,0.16766701638698578,50.433,False,False
1052,1,-25.0,25.0,25.427146911621094,26.22024917602539,0.16728657484054565,50.4419,False,False
1053,1,-25.0,25.0,25.43393325805664,26.269102096557617,0.1668211668729782,50.4499,False,False
1054,1,-25.0,25.0,25.439741134643555,26.31807518005371,0.16634303331375122,50.457,False,False
1055,1,-25.0,25.0,25.44455337524414,26.367149353027344,0.16603489220142365,50.4631,False,False
1056,1,-25.0,25.0,25.4483585357666,26.41630744934082,0.1659436970949173,50.4682,False,False
1057,1,-25.0,25.0,25.451143264770508,26.465524673461914,0.1661118119955063,50.4724,False,False
1058,1,-25.0,25.0,25.45289421081543,26.514780044555664,0.166459858417511,50.4756,False,False
1059,1,-25.0,25.0,25.453596115112305,26.56405258178711,0.16685770452022552,50.4778,False,False
1060,1,-25.0,25.0,25.453243255615234,26.613317489624023,0.16730593144893646,50.479,False,False
1061,1,-25.0,25.0,25.451824188232422,26.662551879882812,0.16774627566337585,50.4792,False,False
1062,1,-25.0,25.0,25.449329376220703,26.711732864379883,0.16806763410568237,50.4784,False,False
1063,1,-25.0,25.0,25.445751190185547,26.760833740234375,0.16828760504722595,50.4765,False,False
1064,1,-25.0,25.0,25.441083908081055,26.809829711914062,0.16842208802700043,50.4735,False,False
1065,1,-25.0,25.0,25.43532371520996,26.85869789123535,0.16842658817768097,50.4696,False,False
1066,1,-25.0,25.0,25.428464889526367,26.90740966796875,0.16814352571964264,50.4645,False,False
1067,1,-25.0,25.0,25.420507431030273,26.95594024658203,0.16778381168842316,50.4584,False,False
1068,1,-25.0,25.0,25.411449432373047,27.00426483154297,0.16736088693141937,50.4513,False,False
1069,1,-25.0,25.0,25.40129280090332,27.052358627319336,0.16694556176662445,50.4431,False,False
1070,1,-25.0,25.0,25.390037536621094,27.10019302368164,0.1666603833436966,50.4338,False,False
1071,1,-25.0,25.0,25.377689361572266,27.147743225097656,0.16673308610916138,50.4235,False,False
1072,1,-25.0,25.0,25.36425018310547,27.194984436035156,0.1671922504901886,50.4121,False,False
1073,1,-25.0,25.0,25.349727630615234,27.241891860961914,0.16800466179847717,50.3996,False,False
1074,1,-25.0,25.0,25.334125518798828,27.288440704345703,0.1690228432416916,50.3861,False,False
1075,1,-25.0,25.0,25.317453384399414,27.334604263305664,0.16999639570713043,50.3716,False,False
1076,1,-25.0,25.0,25.299718856811523,27.380359649658203,0.17081747949123383,50.356,False,False
1077,1,-25.0,25.0,25.280929565429688,27.425682067871094,0.17156533896923065,50.3394,False,False
1078,1,-25.0,25.0,25.26110076904297,27.470548629760742,0.172076016664505,50.3218,False,False
1079,1,-25.0,25.0,25.24024200439453,27.514934539794922,0.1723194122314453,50.3031,False,False
1080,1,-25.0,25.0,25.218364715576172,27.558822631835938,0.17238593101501465,50.2835,False,False
1081,1,-25.0,25.0,25.195486068725586,27.60218620300293,0.17229799926280975,50.2629,False,False
1082,1,-25.0,25.0,25.171619415283203,27.64500617980957,0.17207565903663635,50.2413,False,False
1083,1,-25.0,25.0,25.146780014038086,27.687265396118164,0.17179560661315918,50.2187,False,False
1084,1,-25.0,25.0,25.120986938476562,27.728940963745117,0.17140911519527435,50.1952,False,False
1085,1,-25.0,25.0,25.094253540039062,27.7700138092041,0.1710485816001892,50.1708,False,False
1086,1,-25.0,25.0,25.066600799560547,27.810470581054688,0.17071542143821716,50.1454,False,False
1087,1,-25.0,25.0,25.038047790527344,27.850292205810547,0.17058709263801575,50.1192,False,False
1088,1,-25.0,25.0,25.00861358642578,27.889461517333984,0.1706467717885971,50.092,False,False
1089,1,-25.0,25.0,24.978315353393555,27.927967071533203,0.17093797028064728,50.064,False,False
1090,1,-25.0,25.0,24.947174072265625,27.965791702270508,0.17149962484836578,50.0351,False,False
1091,1,-25.0,25.0,24.915212631225586,28.0029239654541,0.17230786383152008,50.0055,False,False
1092,1,-25.0,25.0,24.882448196411133,28.039350509643555,0.17334102094173431,49.975,False,False
1093,1,-25.0,25.0,24.848905563354492,28.07505989074707,0.17463822662830353,49.9437,False,False
1094,1,-25.0,25.0,24.814603805541992,28.110044479370117,0.17617571353912354,49.9116,False,False
1095,1,-25.0,25.0,24.77956199645996,28.1442928314209,0.17769677937030792,49.8788,False,False
1096,1,-25.0,25.0,24.743806838989258,28.17779541015625,0.17920541763305664,49.8452,False,False
1097,1,-25.0,25.0,24.707353591918945,28.21054458618164,0.18041107058525085,49.8109,False,False
1098,1,-25.0,25.0,24.670228958129883,28.242536544799805,0.18105213344097137,49.776,False,False
1099,1,-25.0,25.0,24.6324520111084,28.273761749267578,0.18112820386886597,49.7403,False,False
1100,1,-25.0,25.0,24.594043731689453,28.304216384887695,0.18063874542713165,49.704,False,False
1101,1,-25.0,25.0,24.55502700805664,28.33389663696289,0.1798771172761917,49.667,False,False
1102,1,-25.0,25.0,24.515424728393555,28.36280059814453,0.17893078923225403,49.6295,False,False
1103,1,-25.0,25.0,24.475257873535156,28.39092445373535,0.17793706059455872,49.5913,False,False
1104,1,-25.0,25.0,24.434547424316406,28.41826820373535,0.17713697254657745,49.5526,False,False
1105,1,-25.0,25.0,24.393314361572266,28.44483184814453,0.1766296923160553,49.5133,False,False
1106,1,-25.0,25.0,24.351581573486328,28.470613479614258,0.17644546926021576,49.4735,False,False
1107,1,-25.0,25.0,24.309368133544922,28.495615005493164,0.1765526384115219,49.4331,False,False
1108,1,-25.0,25.0,24.266693115234375,28.519838333129883,0.17698131501674652,49.3923,False,False
1109,1,-25.0,25.0,24.22357940673828,28.543285369873047,0.177640900015831,49.3509,False,False
1110,1,-25.0,25.0,24.180042266845703,28.56595802307129,0.17844973504543304,49.3092,False,False
1111,1,-25.0,25.0,24.136104583740234,28.587862014770508,0.179393008351326,49.2669,False,False
1112,1,-25.0,25.0,24.09178352355957,28.60900115966797,0.18039846420288086,49.2243,False,False
1113,1,-25.0,25.0,24.047096252441406,28.629379272460938,0.1812833696603775,49.1812,False,False
1114,1,-25.0,25.0,24.00206184387207,28.649003982543945,0.18194198608398438,49.1377,False,False
1115,1,-25.0,25.0,23.956697463989258,28.667877197265625,0.18233785033226013,49.0939,False,False
1116,1,-25.0,25.0,23.911020278930664,28.68600845336914,0.18237924575805664,49.0497,False,False
1117,1,-25.0,25.0,23.86504554748535,28.70340347290039,0.1822187304496765,49.0052,False,False
1118,1,-25.0,25.0,23.818790435791016,28.72007179260254,0.18187592923641205,48.9603,False,False
1119,1,-25.0,25.0,23.77227210998535,28.736019134521484,0.1813683658838272,48.9152,False,False
1120,1,-25.0,25.0,23.72550392150879,28.751253128051758,0.18077056109905243,48.8697,False,False
1121,1,-25.0,25.0,23.678499221801758,28.765785217285156,0.18009066581726074,48.8239,False,False
1122,1,-25.0,25.0,23.631275177001953,28.779621124267578,0.17933595180511475,48.7779,False,False
1123,1,-25.0,25.0,23.583845138549805,28.792774200439453,0.1786305010318756,48.7317,False,False
1124,1,-25.0,25.0,23.53622055053711,28.80525016784668,0.17796827852725983,48.6852,False,False
1125,1,-25.0,25.0,23.48841667175293,28.817060470581055,0.17734378576278687,48.6384,False,False
1126,1,-25.0,25.0,23.44044303894043,28.828216552734375,0.1768108457326889,48.5915,False,False
1127,1,-25.0,25.0,23.39231300354004,28.838727951049805,0.17635901272296906,48.5443,False,False
1128,1,-25.0,25.0,23.344038009643555,28.848604202270508,0.17597882449626923,48.497,False,False
1129,1,-25.0,25.0,23.29562759399414,28.857858657836914,0.17566172778606415,48.4495,False,False
1130,1,-25.0,25.0,23.247093200683594,28.866498947143555,0.17545878887176514,48.4018,False,False
1131,1,-25.0,25.0,23.19844627380371,28.87453842163086,0.17535708844661713,48.3539,False,False
1132,1,-25.0,25.0,23.14969253540039,28.881988525390625,0.17534498870372772,48.3059,False,False
1133,1,-25.0,25.0,23.100845336914062,28.888858795166016,0.17541195452213287,48.2578,False,False
1134,1,-25.0,25.0,23.051908493041992,28.89516258239746,0.1755485087633133,48.2095,False,False
1135,1,-25.0,25.0,23.002893447875977,28.900911331176758,0.1756284534931183,48.1611,False,False
1136,1,-25.0,25.0,22.953807830810547,28.90611457824707,0.17559701204299927,48.1126,False,False
1137,1,-25.0,25.0,22.90465545654297,28.91078758239746,0.17528729140758514,48.064,False,False
1138,1,-25.0,25.0,22.85544776916504,28.914939880371094,0.1747254729270935,48.0153,False,False
1139,1,-25.0,25.0,22.806188583374023,28.918581008911133,0.1738174706697464,47.9665,False,False
1140,1,-25.0,25.0,22.75688362121582,28.921728134155273,0.17265506088733673,47.9176,False,False
1141,1,-25.0,25.0,22.70754051208496,28.924386978149414,0.17137956619262695,47.8687,False,False
1142,1,-25.0,25.0,22.658164978027344,28.92657470703125,0.17005938291549683,47.8196,False,False
1143,1,-25.0,25.0,22.608760833740234,28.928298950195312,0.16899120807647705,47.7706,False,False
1144,1,-25.0,25.0,22.55933380126953,28.9295711517334,0.16820687055587769,47.7214,False,False
1145,1,-25.0,25.0,22.509889602661133,28.930404663085938,0.16755856573581696,47.6722,False,False
1146,1,-25.0,25.0,22.46042823791504,28.930810928344727,0.16708967089653015,47.6229,False,False
1147,1,-25.0,25.0,22.410959243774414,28.93079948425293,0.16678045690059662,47.5736,False,False
1148,1,-25.0,25.0,22.361480712890625,28.930383682250977,0.1666131466627121,47.5243,False,False
1149,1,-25.0,25.0,22.312000274658203,28.929574966430664,0.16651293635368347,47.4749,False,False
1150,1,-25.0,25.0,22.26251792907715,28.928382873535156,0.16647131741046906,47.4255,False,False
1151,1,-25.0,25.0,22.213037490844727,28.92681884765625,0.1664806604385376,47.3761,False,False
1152,1,-25.0,25.0,22.16356086730957,28.92489242553711,0.16647525131702423,47.3266,False,False
1153,1,-25.0,25.0,22.114093780517578,28.922616958618164,0.1665136218070984,47.2771,False,False
1154,1,-25.0,25.0,22.064632415771484,28.920001983642578,0.16658960282802582,47.2276,False,False
1155,1,-25.0,25.0,22.01518440246582,28.91705894470215,0.1666976511478424,47.1781,False,False
1156,1,-25.0,25.0,21.965747833251953,28.913795471191406,0.1668328195810318,47.1285,False,False
1157,1,-25.0,25.0,21.916324615478516,28.91022491455078,0.16699063777923584,47.079,False,False
1158,1,-25.0,25.0,21.86691665649414,28.906354904174805,0.16716709733009338,47.0294,False,False
1159,1,-25.0,25.0,21.81752586364746,28.902196884155273,0.16735859215259552,46.9799,False,False
1160,1,-25.0,25.0,21.768152236938477,28.89776039123535,0.16756190359592438,46.9303,False,False
1161,1,-25.0,25.0,21.718795776367188,28.893056869506836,0.16771532595157623,46.8807,False,False
1162,1,-25.0,25.0,21.66946029663086,28.888092041015625,0.1677633672952652,46.8311,False,False
1163,1,-25.0,25.0,21.620141983032227,28.88287925720215,0.1677148938179016,46.7816,False,False
1164,1,-25.0,25.0,21.570844650268555,28.877424240112305,0.16757789254188538,46.732,False,False
1165,1,-25.0,25.0,21.52156639099121,28.87173843383789,0.167300745844841,46.6824,False,False
1166,1,-25.0,25.0,21.472309112548828,28.865829467773438,0.1672486662864685,46.6328,False,False
1167,1,-25.0,25.0,21.423072814941406,28.859708786010742,0.16733863949775696,46.5832,False,False
1168,1,-25.0,25.0,21.373855590820312,28.85338020324707,0.16749604046344757,46.5337,False,False
1169,1,-25.0,25.0,21.324661254882812,28.84685516357422,0.16765367984771729,46.4841,False,False
1170,1,-25.0,25.0,21.27548599243164,28.84014129638672,0.16780994832515717,46.4345,False,False
1171,1,-25.0,25.0,21.226329803466797,28.833248138427734,0.16796338558197021,46.385,False,False
1172,1,-25.0,25.0,21.17719268798828,28.826181411743164,0.16805388033390045,46.3354,False,False
1173,1,-25.0,25.0,21.128076553344727,28.818950653076172,0.16790980100631714,46.2859,False,False
1174,1,-25.0,25.0,21.078977584838867,28.81156349182129,0.16755306720733643,46.2364,False,False
1175,1,-25.0,25.0,21.029895782470703,28.804027557373047,0.16700343787670135,46.1868,False,False
1176,1,-25.0,25.0,20.980833053588867,28.796348571777344,0.16627871990203857,46.1373,False,False
1177,1,-25.0,25.0,20.931785583496094,28.78853416442871,0.16557130217552185,46.0878,False,False
1178,1,-25.0,25.0,20.88275718688965,28.78059196472168,0.16493678092956543,46.0382,False,False
1179,1,-25.0,25.0,20.833742141723633,28.77252769470215,0.16442514955997467,45.9887,False,False
1180,1,-25.0,25.0,20.784744262695312,28.76435089111328,0.16402262449264526,45.9392,False,False
1181,1,-25.0,25.0,20.735759735107422,28.75606346130371,0.16383442282676697,45.8897,False,False
1182,1,-25.0,25.0,20.686790466308594,28.747676849365234,0.16383761167526245,45.8402,False,False
1183,1,-25.0,25.0,20.637834548950195,28.739192962646484,0.16401159763336182,45.7908,False,False
1184,1,-25.0,25.0,20.588890075683594,28.730621337890625,0.16433782875537872,45.7413,False,False
1185,1,-25.0,25.0,20.53995704650879,28.721965789794922,0.16474084556102753,45.6918,False,False
1186,1,-25.0,25.0,20.49103546142578,28.713232040405273,0.16503514349460602,45.6423,False,False
1187,1,-25.0,25.0,20.442121505737305,28.70442771911621,0.16523019969463348,45.5929,False,False
1188,1,-25.0,25.0,20.393218994140625,28.695556640625,0.1653345823287964,45.5434,False,False
1189,1,-25.0,25.0,20.344324111938477,28.68662452697754,0.16529716551303864,45.4939,False,False
1190,1,-25.0,25.0,20.295434951782227,28.677637100219727,0.1653071939945221,45.4445,False,False
1191,1,-25.0,25.0,20.246553421020508,28.66860008239746,0.16529975831508636,45.395,False,False
1192,1,-25.0,25.0,20.19767951965332,28.659515380859375,0.1652752310037613,45.3456,False,False
1193,1,-25.0,25.0,20.1488094329834,28.650392532348633,0.1652340143918991,45.2961,False,False
1194,1,-25.0,25.0,20.099943161010742,28.641231536865234,0.1651764065027237,45.2467,False,False
1195,1,-25.0,25.0,20.05108070373535,28.63204002380371,0.1651027500629425,45.1973,False,False
1196,1,-25.0,25.0,20.002222061157227,28.622819900512695,0.16507214307785034,45.1478,False,False
1197,1,-25.0,25.0,19.9533634185791,28.61357879638672,0.16507893800735474,45.0984,False,False
1198,1,-25.0,25.0,19.904508590698242,28.60431671142578,0.16505929827690125,45.0489,False,False
1199,1,-25.0,25.0,19.855653762817383,28.595041275024414,0.1650145798921585,44.9995,False,False
1200,1,-25.0,25.0,19.806798934936523,28.585756301879883,0.1648872196674347,44.95,False,False
1201,1,-25.0,25.0,19.75794219970703,28.576461791992188,0.16474300622940063,44.9006,False,False
1202,1,-25.0,25.0,19.70908546447754,28.56716537475586,0.1646411418914795,44.8512,False,False
1203,1,-25.0,25.0,19.660226821899414,28.55786895751953,0.16457614302635193,44.8017,False,False
1204,1,-25.0,25.0,19.611366271972656,28.54857635498047,0.1645430624485016,44.7523,False,False
1205,1,-25.0,25.0,19.562501907348633,28.539291381835938,0.16441984474658966,44.7028,False,False
1206,1,-25.0,25.0,19.513633728027344,28.53001594543457,0.16427308320999146,44.6534,False,False
1207,1,-25.0,25.0,19.46476173400879,28.520753860473633,0.16410388052463531,44.6039,False,False
1208,1,-25.0,25.0,19.41588592529297,28.51150894165039,0.16397207975387573,44.5545,False,False
1209,1,-25.0,25.0,19.36700439453125,28.502281188964844,0.16387268900871277,44.505,False,False
1210,1,-25.0,25.0,19.318117141723633,28.493078231811523,0.16380126774311066,44.4556,False,False
1211,1,-25.0,25.0,19.269224166870117,28.483898162841797,0.1638125777244568,44.4061,False,False
1212,1,-25.0,25.0,19.220325469970703,28.47474479675293,0.16389715671539307,44.3566,False,False
1213,1,-25.0,25.0,19.171419143676758,28.465621948242188,0.1639876365661621,44.3072,False,False
1214,1,-25.0,25.0,19.12250518798828,28.45652961730957,0.16408225893974304,44.2577,False,False
1215,1,-25.0,25.0,19.073583602905273,28.447473526000977,0.164120614528656,44.2082,False,False
1216,1,-25.0,25.0,19.024654388427734,28.438451766967773,0.16404834389686584,44.1587,False,False
1217,1,-25.0,25.0,18.97571563720703,28.42947006225586,0.16381655633449554,44.1092,False,False
1218,1,-25.0,25.0,18.926769256591797,28.420528411865234,0.16355766355991364,44.0597,False,False
1219,1,-25.0,25.0,18.8778133392334,28.411630630493164,0.16327320039272308,44.0102,False,False
1220,1,-25.0,25.0,18.82884979248047,28.402774810791016,0.16302336752414703,43.9607,False,False
1221,1,-25.0,25.0,18.779874801635742,28.393966674804688,0.1628623604774475,43.9112,False,False
1222,1,-25.0,25.0,18.73089027404785,28.385204315185547,0.1628389060497284,43.8617,False,False
1223,1,-25.0,25.0,18.68189811706543,28.376493453979492,0.16293810307979584,43.8122,False,False
1224,1,-25.0,25.0,18.63289451599121,28.36783218383789,0.16308772563934326,43.7627,False,False
1225,1,-25.0,25.0,18.583881378173828,28.359222412109375,0.1632227897644043,43.7131,False,False
1226,1,-25.0,25.0,18.53485679626465,28.350666046142578,0.16340242326259613,43.6636,False,False
1227,1,-25.0,25.0,18.485820770263672,28.342164993286133,0.16350342333316803,43.6141,False,False
1228,1,-25.0,25.0,18.43677520751953,28.333717346191406,0.16347378492355347,43.5645,False,False
1229,1,-25.0,25.0,18.387720108032227,28.325328826904297,0.16332542896270752,43.515,False,False
1230,1,-25.0,25.0,18.338651657104492,28.316997528076172,0.163010373711586,43.4654,False,False
1231,1,-25.0,25.0,18.289573669433594,28.308725357055664,0.16248539090156555,43.4158,False,False
1232,1,-25.0,25.0,18.240482330322266,28.300514221191406,0.16182921826839447,43.3663,False,False
1233,1,-25.0,25.0,18.191381454467773,28.292362213134766,0.16146548092365265,43.3167,False,False
1234,1,-25.0,25.0,18.142271041870117,28.284271240234375,0.16136382520198822,43.2671,False,False
1235,1,-25.0,25.0,18.09314727783203,28.276243209838867,0.16149690747261047,43.2175,False,False
1236,1,-25.0,25.0,18.04401397705078,28.26827621459961,0.16178134083747864,43.1679,False,False
1237,1,-25.0,25.0,17.994869232177734,28.260374069213867,0.16202451288700104,43.1183,False,False
1238,1,-25.0,25.0,17.94571304321289,28.252534866333008,0.16211187839508057,43.0687,False,False
1239,1,-25.0,25.0,17.89654541015625,28.244760513305664,0.16205798089504242,43.0191,False,False
1240,1,-25.0,25.0,17.847366333007812,28.237051010131836,0.161875918507576,42.9695,False,False
1241,1,-25.0,25.0,17.79817771911621,28.229406356811523,0.16157746315002441,42.9198,False,False
1242,1,-25.0,25.0,17.74897575378418,28.221826553344727,0.16117322444915771,42.8702,False,False
1243,1,-25.0,25.0,17.699764251708984,28.214311599731445,0.16073155403137207,42.8206,False,False
1244,1,-25.0,25.0,17.65053939819336,28.206863403320312,0.16031397879123688,42.7709,False,False
1245,1,-25.0,25.0,17.601306915283203,28.199481964111328,0.160034641623497,42.7213,False,False
1246,1,-25.0,25.0,17.552061080932617,28.19216537475586,0.15993747115135193,42.6716,False,False
1247,1,-25.0,25.0,17.502805709838867,28.18491554260254,0.16000321507453918,42.622,False,False
1248,1,-25.0,25.0,17.453540802001953,28.177732467651367,0.1600969433784485,42.5723,False,False
1249,1,-25.0,25.0,17.404264450073242,28.17061424255371,0.1602148413658142,42.5226,False,False
1250,1,-25.0,25.0,17.354978561401367,28.163562774658203,0.16041229665279388,42.473,False,False
1251,1,-25.0,25.0,17.305681228637695,28.156578063964844,0.1606215238571167,42.4233,False,False
1252,1,-25.0,25.0,17.25637435913086,28.149658203125,0.16084036231040955,42.3736,False,False
1253,1,-25.0,25.0,17.207056045532227,28.142803192138672,0.16106687486171722,42.3239,False,False
1254,1,-25.0,25.0,17.157730102539062,28.136014938354492,0.16129928827285767,42.2742,False,False
1255,1,-25.0,25.0,17.1083927154541,28.129291534423828,0.16141843795776367,42.2245,False,False
1256,1,-25.0,25.0,17.059045791625977,28.122634887695312,0.16143472492694855,42.1748,False,False
1257,1,-25.0,25.0,17.009687423706055,28.11604118347168,0.16141626238822937,42.1251,False,False
1258,1,-25.0,25.0,16.9603214263916,28.109512329101562,0.16142436861991882,42.0754,False,False
1259,1,-25.0,25.0,16.910945892333984,28.103046417236328,0.161455437541008,42.0257,False,False
1260,1,-25.0,25.0,16.861560821533203,28.09664535522461,0.1614474207162857,41.9759,False,False
1261,1,-25.0,25.0,16.81216812133789,28.090307235717773,0.16140329837799072,41.9262,False,False
1262,1,-25.0,25.0,16.76276397705078,28.08403205871582,0.16132573783397675,41.8765,False,False
1263,1,-25.0,25.0,16.713354110717773,28.07781982421875,0.1612759679555893,41.8267,False,False
1264,1,-25.0,25.0,16.66393280029297,28.07166862487793,0.1612502634525299,41.777,False,False
1265,1,-25.0,25.0,16.614503860473633,28.06557846069336,0.16124531626701355,41.7273,False,False
1266,1,-25.0,25.0,16.565067291259766,28.05954933166504,0.16125811636447906,41.6775,False,False
1267,1,-25.0,25.0,16.515621185302734,28.05358123779297,0.16128598153591156,41.6278,False,False
1268,1,-25.0,25.0,16.466167449951172,28.047672271728516,0.16132651269435883,41.578,False,False
1269,1,-25.0,25.0,16.416706085205078,28.04182243347168,0.16137754917144775,41.5283,False,False
1270,1,-25.0,25.0,16.367237091064453,28.03603172302246,0.16137832403182983,41.4785,False,False
1271,1,-25.0,25.0,16.317760467529297,28.030298233032227,0.16133300960063934,41.4287,False,False
1272,1,-25.0,25.0,16.26827621459961,28.02462387084961,0.16124533116817474,41.379,False,False
1273,1,-25.0,25.0,16.21878433227539,28.01900291442871,0.16111867129802704,41.3292,False,False
1274,1,-25.0,25.0,16.169286727905273,28.01344108581543,0.1610148400068283,41.2794,False,False
1275,1,-25.0,25.0,16.119779586791992,28.007932662963867,0.16093072295188904,41.2296,False,False
1276,1,-25.0,25.0,16.070266723632812,28.002479553222656,0.16092225909233093,41.1799,False,False
1277,1,-25.0,25.0,16.020748138427734,27.997079849243164,0.16098104417324066,41.1301,False,False
1278,1,-25.0,25.0,15.971220970153809,27.99173355102539,0.1609230786561966,41.0803,False,False
1279,1,-25.0,25.0,15.921688079833984,27.986440658569336,0.16075924038887024,41.0305,False,False
1280,1,-25.0,25.0,15.872148513793945,27.981197357177734,0.16049928963184357,40.9807,False,False
1281,1,-25.0,25.0,15.822602272033691,27.97600746154785,0.16021081805229187,40.9309,False,False
1282,1,-25.0,25.0,15.773051261901855,27.970867156982422,0.16001346707344055,40.8811,False,False
1283,1,-25.0,25.0,15.723493576049805,27.965774536132812,0.15995608270168304,40.8313,False,False
1284,1,-25.0,25.0,15.673930168151855,27.96073341369629,0.16002385318279266,40.7815,False,False
1285,1,-25.0,25.0,15.624361038208008,27.955738067626953,0.1601446270942688,40.7317,False,False
1286,1,-25.0,25.0,15.574786186218262,27.95079231262207,0.1603711098432541,40.6819,False,False
1287,1,-25.0,25.0,15.525206565856934,27.945892333984375,0.16069190204143524,40.6321,False,False
1288,1,-25.0,25.0,15.475621223449707,27.941038131713867,0.16109679639339447,40.5823,False,False
1289,1,-25.0,25.0,15.426031112670898,27.936227798461914,0.16151776909828186,40.5325,False,False
1290,1,-25.0,25.0,15.376435279846191,27.93146324157715,0.16183483600616455,40.4827,False,False
1291,1,-25.0,25.0,15.326834678649902,27.926740646362305,0.16194003820419312,40.4329,False,False
1292,1,-25.0,25.0,15.277229309082031,27.922061920166016,0.1618538349866867,40.3831,False,False
1293,1,-25.0,25.0,15.227618217468262,27.917423248291016,0.16165341436862946,40.3333,False,False
1294,1,-25.0,25.0,15.178003311157227,27.91282844543457,0.16140829026699066,40.2835,False,False
1295,1,-25.0,25.0,15.12838363647461,27.90827178955078,0.1611221581697464,40.2336,False,False
1296,1,-25.0,25.0,15.07875919342041,27.90375518798828,0.16097478568553925,40.1838,False,False
1297,1,-25.0,25.0,15.029130935668945,27.89927864074707,0.16095153987407684,40.134,False,False
1298,1,-25.0,25.0,14.979498863220215,27.894838333129883,0.16103926301002502,40.0842,False,False
1299,1,-25.0,25.0,14.929862022399902,27.89043617248535,0.16122610867023468,40.0343,False,False
1300,1,-25.0,25.0,14.88022232055664,27.886070251464844,0.1615014374256134,39.9845,False,False
1301,1,-25.0,25.0,14.830577850341797,27.88174057006836,0.16185565292835236,39.9347,False,False
1302,1,-25.0,25.0,14.780929565429688,27.877445220947266,0.16222134232521057,39.8849,False,False
1303,1,-25.0,25.0,14.731278419494629,27.873184204101562,0.1625966727733612,39.835,False,False
1304,1,-25.0,25.0,14.681622505187988,27.86895751953125,0.16292114555835724,39.7852,False,False
1305,1,-25.0,25.0,14.631963729858398,27.864763259887695,0.16319918632507324,39.7354,False,False
1306,1,-25.0,25.0,14.58230209350586,27.860599517822266,0.16337594389915466,39.6855,False,False
1307,1,-25.0,25.0,14.532635688781738,27.856468200683594,0.1634608656167984,39.6357,False,False
1308,1,-25.0,25.0,14.482966423034668,27.852367401123047,0.16346248984336853,39.5859,False,False
1309,1,-25.0,25.0,14.433294296264648,27.848295211791992,0.16332966089248657,39.536,False,False
1310,1,-25.0,25.0,14.383618354797363,27.844253540039062,0.16307517886161804,39.4862,False,False
1311,1,-25.0,25.0,14.333939552307129,27.840238571166992,0.16271056234836578,39.4364,False,False
1312,1,-25.0,25.0,14.284257888793945,27.836254119873047,0.16230498254299164,39.3865,False,False
1313,1,-25.0,25.0,14.234573364257812,27.832294464111328,0.1619206815958023,39.3367,False,False
1314,1,-25.0,25.0,14.18488597869873,27.82836151123047,0.1616724580526352,39.2868,False,False
1315,1,-25.0,25.0,14.135196685791016,27.824453353881836,0.16166366636753082,39.237,False,False
1316,1,-25.0,25.0,14.085504531860352,27.82056999206543,0.1619284749031067,39.1871,False,False
1317,1,-25.0,25.0,14.035809516906738,27.81671142578125,0.16238003969192505,39.1373,False,False
1318,1,-25.0,25.0,13.986112594604492,27.812877655029297,0.16282261908054352,39.0875,False,False
1319,1,-25.0,25.0,13.936412811279297,27.809064865112305,0.16319771111011505,39.0376,False,False
1320,1,-25.0,25.0,13.886711120605469,27.805274963378906,0.16351144015789032,38.9878,False,False
1321,1,-25.0,25.0,13.837006568908691,27.80150604248047,0.16376933455467224,38.9379,False,False
1322,1,-25.0,25.0,13.787300109863281,27.797760009765625,0.16397637128829956,38.8881,False,False
1323,1,-25.0,25.0,13.737590789794922,27.79403305053711,0.16413703560829163,38.8382,False,False
1324,1,-25.0,25.0,13.68787956237793,27.790325164794922,0.16419658064842224,38.7884,False,False
1325,1,-25.0,25.0,13.638166427612305,27.786636352539062,0.16416451334953308,38.7385,False,False
1326,1,-25.0,25.0,13.588451385498047,27.78296661376953,0.1640494167804718,38.6887,False,False
1327,1,-25.0,25.0,13.538734436035156,27.779315948486328,0.163859024643898,38.6388,False,False
1328,1,-25.0,25.0,13.489014625549316,27.775680541992188,0.16365909576416016,38.589,False,False
1329,1,-25.0,25.0,13.43929386138916,27.772064208984375,0.16350878775119781,38.5391,False,False
1330,1,-25.0,25.0,13.389571189880371,27.768461227416992,0.1634613573551178,38.4893,False,False
1331,1,-25.0,25.0,13.33984661102295,27.764877319335938,0.1635647416114807,38.4394,False,False
1332,1,-25.0,25.0,13.290121078491211,27.76130485534668,0.16380324959754944,38.3896,False,False
1333,1,-25.0,25.0,13.24039363861084,27.757749557495117,0.1641627848148346,38.3397,False,False
1334,1,-25.0,25.0,13.190664291381836,27.754207611083984,0.16445429623126984,38.2898,False,False
1335,1,-25.0,25.0,13.140933990478516,27.75067901611328,0.16462521255016327,38.24,False,False
1336,1,-25.0,25.0,13.091201782226562,27.747163772583008,0.16468708217144012,38.1901,False,False
1337,1,-25.0,25.0,13.041467666625977,27.74365997314453,0.16470907628536224,38.1403,False,False
1338,1,-25.0,25.0,12.991732597351074,27.740169525146484,0.16475342214107513,38.0904,False,False
1339,1,-25.0,25.0,12.941995620727539,27.736690521240234,0.16481737792491913,38.0406,False,False
1340,1,-25.0,25.0,12.892257690429688,27.73322296142578,0.16489841043949127,37.9907,False,False
1341,1,-25.0,25.0,12.84251880645752,27.729764938354492,0.16499429941177368,37.9408,False,False
1342,1,-25.0,25.0,12.792778015136719,27.726316452026367,0.1651030331850052,37.891,False,False
1343,1,-25.0,25.0,12.743036270141602,27.72287940979004,0.16522279381752014,37.8411,False,False
1344,1,-25.0,25.0,12.693293571472168,27.719449996948242,0.16523435711860657,37.7913,False,False
1345,1,-25.0,25.0,12.643549919128418,27.716032028198242,0.165148064494133,37.7414,False,False
1346,1,-25.0,25.0,12.593804359436035,27.71261978149414,0.1649731993675232,37.6915,False,False
1347,1,-25.0,25.0,12.544057846069336,27.709217071533203,0.1647181361913681,37.6417,False,False
1348,1,-25.0,25.0,12.49431037902832,27.705821990966797,0.16439037024974823,37.5918,False,False
1349,1,-25.0,25.0,12.444561958312988,27.70243263244629,0.16417312622070312,37.542,False,False
1350,1,-25.0,25.0,12.39481258392334,27.699050903320312,0.1641135960817337,37.4921,False,False
1351,1,-25.0,25.0,12.345062255859375,27.695676803588867,0.1642543375492096,37.4422,False,False
1352,1,-25.0,25.0,12.295310974121094,27.69230842590332,0.16451597213745117,37.3924,False,False
1353,1,-25.0,25.0,12.245558738708496,27.688945770263672,0.16476833820343018,37.3425,False,False
1354,1,-25.0,25.0,12.195806503295898,27.68558692932129,0.16501186788082123,37.2926,False,False
1355,1,-25.0,25.0,12.146052360534668,27.682235717773438,0.16518819332122803,37.2428,False,False
1356,1,-25.0,25.0,12.096298217773438,27.67888641357422,0.1653035432100296,37.1929,False,False
1357,1,-25.0,25.0,12.04654312133789,27.67554473876953,0.1653635948896408,37.143,False,False
1358,1,-25.0,25.0,11.996787071228027,27.672204971313477,0.16543219983577728,37.0932,False,False
1359,1,-25.0,25.0,11.947030067443848,27.668869018554688,0.16550803184509277,37.0433,False,False
1360,1,-25.0,25.0,11.897272109985352,27.665536880493164,0.16558992862701416,36.9934,False,False
1361,1,-25.0,25.0,11.847514152526855,27.662208557128906,0.16567683219909668,36.9436,False,False
1362,1,-25.0,25.0,11.797755241394043,27.658884048461914,0.16582658886909485,36.8937,False,False
1363,1,-25.0,25.0,11.74799633026123,27.655559539794922,0.16603243350982666,36.8438,False,False
1364,1,-25.0,25.0,11.698236465454102,27.652238845825195,0.1662883311510086,36.794,False,False
1365,1,-25.0,25.0,11.648475646972656,27.6489200592041,0.166530042886734,36.7441,False,False
1366,1,-25.0,25.0,11.598713874816895,27.645605087280273,0.16675852239131927,36.6942,False,False
1367,1,-25.0,25.0,11.54895305633545,27.642290115356445,0.16697469353675842,36.6443,False,False
1368,1,-25.0,25.0,11.499190330505371,27.638975143432617,0.1671205461025238,36.5945,False,False
1369,1,-25.0,25.0,11.449427604675293,27.635663986206055,0.16720269620418549,36.5446,False,False
1370,1,-25.0,25.0,11.399663925170898,27.632352828979492,0.1672271192073822,36.4947,False,False
1371,1,-25.0,25.0,11.349900245666504,27.62904167175293,0.16725794970989227,36.4449,False,False
1372,1,-25.0,25.0,11.300135612487793,27.625730514526367,0.16735295951366425,36.395,False,False
1373,1,-25.0,25.0,11.250370979309082,27.622421264648438,0.16750529408454895,36.3451,False,False
1374,1,-25.0,25.0,11.200606346130371,27.619112014770508,0.16770879924297333,36.2952,False,False
1375,1,-25.0,25.0,11.150840759277344,27.615800857543945,0.16795796155929565,36.2454,False,False
1376,1,-25.0,25.0,11.10107421875,27.612491607666016,0.16813020408153534,36.1955,False,False
1377,1,-25.0,25.0,11.051307678222656,27.609180450439453,0.16823282837867737,36.1456,False,False
1378,1,-25.0,25.0,11.001541137695312,27.60586929321289,0.16827240586280823,36.0957,False,False
1379,1,-25.0,25.0,10.951774597167969,27.602558135986328,0.16831368207931519,36.0459,False,False
1380,1,-25.0,25.0,10.902007102966309,27.599245071411133,0.1684148758649826,35.996,False,False
1381,1,-25.0,25.0,10.852238655090332,27.595932006835938,0.16856960952281952,35.9461,False,False
1382,1,-25.0,25.0,10.802471160888672,27.59261703491211,0.16871333122253418,35.8962,False,False
1383,1,-25.0,25.0,10.752702713012695,27.58930015563965,0.16872918605804443,35.8463,False,False
1384,1,-25.0,25.0,10.702933311462402,27.585981369018555,0.16868838667869568,35.7965,False,False
1385,1,-25.0,25.0,10.653164863586426,27.58266258239746,0.16859623789787292,35.7466,False,False
1386,1,-25.0,25.0,10.603395462036133,27.579341888427734,0.1684575080871582,35.6967,False,False
1387,1,-25.0,25.0,10.553625106811523,27.576017379760742,0.16833531856536865,35.6468,False,False
1388,1,-25.0,25.0,10.50385570526123,27.57269287109375,0.16822761297225952,35.5969,False,False
1389,1,-25.0,25.0,10.454085350036621,27.569366455078125,0.16819140315055847,35.5471,False,False
1390,1,-25.0,25.0,10.404314994812012,27.566036224365234,0.1682191640138626,35.4972,False,False
1391,1,-25.0,25.0,10.354544639587402,27.56270408630371,0.16830414533615112,35.4473,False,False
1392,1,-25.0,25.0,10.304774284362793,27.559370040893555,0.16844023764133453,35.3974,False,False
1393,1,-25.0,25.0,10.255003929138184,27.556034088134766,0.1686220020055771,35.3475,False,False
1394,1,-25.0,25.0,10.205232620239258,27.55269432067871,0.16884449124336243,35.2977,False,False
1395,1,-25.0,25.0,10.155462265014648,27.549352645874023,0.16910330951213837,35.2478,False,False
1396,1,-25.0,25.0,10.105690956115723,27.546009063720703,0.16933567821979523,35.1979,False,False
1397,1,-25.0,25.0,10.055919647216797,27.542661666870117,0.16954387724399567,35.148,False,False
1398,1,-25.0,25.0,10.006148338317871,27.539310455322266,0.1697300374507904,35.0981,False,False
1399,1,-25.0,25.0,9.956376075744629,27.53595733642578,0.1698959916830063,35.0482,False,False
1400,1,-25.0,25.0,9.906604766845703,27.532602310180664,0.1700434684753418,34.9984,False,False
1401,1,-25.0,25.0,9.856832504272461,27.52924346923828,0.17017397284507751,34.9485,False,False
1402,1,-25.0,25.0,9.807060241699219,27.525880813598633,0.17028889060020447,34.8986,False,False
1403,1,-25.0,25.0,9.757287979125977,27.52251434326172,0.17038944363594055,34.8487,False,False
1404,1,-25.0,25.0,9.707515716552734,27.519145965576172,0.1704767793416977,34.7988,False,False
1405,1,-25.0,25.0,9.657743453979492,27.51577377319336,0.17055188119411469,34.7489,False,False
1406,1,-25.0,25.0,9.60797119140625,27.512399673461914,0.17061567306518555,34.699,False,False
1407,1,-25.0,25.0,9.558197975158691,27.509021759033203,0.17066897451877594,34.6492,False,False
1408,1,-25.0,25.0,9.50842571258545,27.505640029907227,0.17065373063087463,34.5993,False,False
1409,1,-25.0,25.0,9.45865249633789,27.502254486083984,0.17057651281356812,34.5494,False,False
1410,1,-25.0,25.0,9.408879280090332,27.498865127563477,0.17044319212436676,34.4995,False,False
1411,1,-25.0,25.0,9.359106063842773,27.495473861694336,0.17031791806221008,34.4496,False,False
1412,1,-25.0,25.0,9.309332847595215,27.492076873779297,0.17025837302207947,34.3997,False,False
1413,1,-25.0,25.0,9.259559631347656,27.488677978515625,0.17025767266750336,34.3498,False,False
1414,1,-25.0,25.0,9.209786415100098,27.48527717590332,0.1703096330165863,34.2999,False,False
1415,1,-25.0,25.0,9.160013198852539,27.481870651245117,0.1704087108373642,34.2501,False,False
1416,1,-25.0,25.0,9.11023998260498,27.47846031188965,0.17054986953735352,34.2002,False,False
1417,1,-25.0,25.0,9.060466766357422,27.475048065185547,0.1707286238670349,34.1503,False,False
1418,1,-25.0,25.0,9.010693550109863,27.47163200378418,0.17094092071056366,34.1004,False,False
1419,1,-25.0,25.0,8.960920333862305,27.468212127685547,0.17112432420253754,34.0505,False,False
1420,1,-25.0,25.0,8.911147117614746,27.46478843688965,0.17128145694732666,34.0006,False,False
1421,1,-25.0,25.0,8.861372947692871,27.461360931396484,0.17141467332839966,33.9507,False,False
1422,1,-25.0,25.0,8.811599731445312,27.457929611206055,0.17152607440948486,33.9008,False,False
1423,1,-25.0,25.0,8.761826515197754,27.45449447631836,0.17161759734153748,33.8509,False,False
1424,1,-25.0,25.0,8.712052345275879,27.45105743408203,0.1716909557580948,33.801,False,False
1425,1,-25.0,25.0,8.66227912902832,27.447616577148438,0.17174769937992096,33.7511,False,False
1426,1,-25.0,25.0,8.612504959106445,27.444171905517578,0.1717892289161682,33.7013,False,False
1427,1,-25.0,25.0,8.562731742858887,27.440723419189453,0.17181681096553802,33.6514,False,False
1428,1,-25.0,25.0,8.512957572937012,27.437271118164062,0.17183157801628113,33.6015,False,False
1429,1,-25.0,25.0,8.463183403015137,27.43381690979004,0.17177574336528778,33.5516,False,False
1430,1,-25.0,25.0,8.413410186767578,27.430356979370117,0.17165614664554596,33.5017,False,False
1431,1,-25.0,25.0,8.363636016845703,27.426895141601562,0.17153771221637726,33.4518,False,False
1432,1,-25.0,25.0,8.313861846923828,27.423429489135742,0.17147885262966156,33.4019,False,False
1433,1,-25.0,25.0,8.264087677001953,27.419960021972656,0.17147336900234222,33.352,False,False
1434,1,-25.0,25.0,8.214314460754395,27.416488647460938,0.17151567339897156,33.3021,False,False
1435,1,-25.0,25.0,8.16454029083252,27.413013458251953,0.17160071432590485,33.2522,False,False
1436,1,-25.0,25.0,8.114766120910645,27.409534454345703,0.17172399163246155,33.2023,False,False
1437,1,-25.0,25.0,8.064992904663086,27.406051635742188,0.17188140749931335,33.1524,False,False
1438,1,-25.0,25.0,8.015218734741211,27.402565002441406,0.17206932604312897,33.1025,False,False
1439,1,-25.0,25.0,7.965444564819336,27.399076461791992,0.17222565412521362,33.0526,False,False
1440,1,-25.0,25.0,7.915670871734619,27.395584106445312,0.1723533272743225,33.0027,False,False
1441,1,-25.0,25.0,7.865896701812744,27.39208984375,0.17245496809482574,32.9528,False,False
1442,1,-25.0,25.0,7.816122531890869,27.388591766357422,0.17247416079044342,32.9029,False,False
1443,1,-25.0,25.0,7.766348838806152,27.385089874267578,0.17247773706912994,32.853,False,False
1444,1,-25.0,25.0,7.716574668884277,27.38158416748047,0.1725258231163025,32.8031,False,False
1445,1,-25.0,25.0,7.666800498962402,27.378076553344727,0.1726137399673462,32.7532,False,False
1446,1,-25.0,25.0,7.617026329040527,27.37456703186035,0.1727372705936432,32.7033,False,False
1447,1,-25.0,25.0,7.5672526359558105,27.371051788330078,0.17283384501934052,32.6535,False,False
1448,1,-25.0,25.0,7.5174784660339355,27.367536544799805,0.17290592193603516,32.6036,False,False
1449,1,-25.0,25.0,7.4677042961120605,27.364015579223633,0.17295575141906738,32.5537,False,False
1450,1,-25.0,25.0,7.4179301261901855,27.360492706298828,0.17298536002635956,32.5038,False,False
1451,1,-25.0,25.0,7.3681559562683105,27.35696792602539,0.17293772101402283,32.4539,False,False
1452,1,-25.0,25.0,7.3183817863464355,27.353439331054688,0.1728792041540146,32.404,False,False
1453,1,-25.0,25.0,7.268607139587402,27.34990882873535,0.1728106439113617,32.3541,False,False
1454,1,-25.0,25.0,7.218832969665527,27.34637451171875,0.172732874751091,32.3042,False,False
1455,1,-25.0,25.0,7.169058799743652,27.342838287353516,0.17264659702777863,32.2543,False,False
1456,1,-25.0,25.0,7.119284152984619,27.339298248291016,0.1725524514913559,32.2044,False,False
1457,1,-25.0,25.0,7.069509983062744,27.335756301879883,0.17245103418827057,32.1545,False,False
1458,1,-25.0,25.0,7.019735336303711,27.332212448120117,0.17234286665916443,32.1046,False,False
1459,1,-25.0,25.0,6.969961166381836,27.328664779663086,0.17222842574119568,32.0547,False,False
1460,1,-25.0,25.0,6.920186519622803,27.325115203857422,0.17210815846920013,32.0048,False,False
1461,1,-25.0,25.0,6.8704118728637695,27.321563720703125,0.17204122245311737,31.9549,False,False
1462,1,-25.0,25.0,6.8206377029418945,27.318008422851562,0.17202210426330566,31.905,False,False
1463,1,-25.0,25.0,6.770863056182861,27.314451217651367,0.17198701202869415,31.8551,False,False
1464,1,-25.0,25.0,6.721088409423828,27.31089210510254,0.17193736135959625,31.8052,False,False
1465,1,-25.0,25.0,6.671313762664795,27.307331085205078,0.17187443375587463,31.7552,False,False
1466,1,-25.0,25.0,6.621539115905762,27.30376625061035,0.17179933190345764,31.7053,False,False
1467,1,-25.0,25.0,6.5717644691467285,27.300199508666992,0.17171312868595123,31.6554,False,False
1468,1,-25.0,25.0,6.521989822387695,27.296630859375,0.17161674797534943,31.6055,False,False
1469,1,-25.0,25.0,6.472215175628662,27.293060302734375,0.1715109944343567,31.5556,False,False
1470,1,-25.0,25.0,6.422440528869629,27.289487838745117,0.1713966578245163,31.5057,False,False
1471,1,-25.0,25.0,6.372665882110596,27.285913467407227,0.1713332086801529,31.4558,False,False
1472,1,-25.0,25.0,6.322890758514404,27.28233528137207,0.17125657200813293,31.4059,False,False
1473,1,-25.0,25.0,6.273116111755371,27.278757095336914,0.17122668027877808,31.356,False,False
1474,1,-25.0,25.0,6.223341464996338,27.275175094604492,0.1711799055337906,31.3061,False,False
1475,1,-25.0,25.0,6.1735663414001465,27.27159309387207,0.17111773788928986,31.2562,False,False
1476,1,-25.0,25.0,6.123791217803955,27.268007278442383,0.1710415631532669,31.2063,False,False
1477,1,-25.0,25.0,6.074016571044922,27.264421463012695,0.17095260322093964,31.1564,False,False
1478,1,-25.0,25.0,6.0242414474487305,27.260831832885742,0.17085197567939758,31.1065,False,False
1479,1,-25.0,25.0,5.974466323852539,27.25724220275879,0.17079947888851166,31.0566,False,False
1480,1,-25.0,25.0,5.924691200256348,27.25364875793457,0.17079013586044312,31.0067,False,False
1481,1,-25.0,25.0,5.874916076660156,27.25005531311035,0.1707606464624405,30.9568,False,False
1482,1,-25.0,25.0,5.825140953063965,27.2464599609375,0.17071287333965302,30.9069,False,False
1483,1,-25.0,25.0,5.775365829467773,27.242862701416016,0.17070727050304413,30.857,False,False
1484,1,-25.0,25.0,5.725590229034424,27.2392635345459,0.17073948681354523,30.8071,False,False
1485,1,-25.0,25.0,5.675815105438232,27.23566246032715,0.17080554366111755,30.7572,False,False
1486,1,-25.0,25.0,5.626039981842041,27.2320613861084,0.17090190947055817,30.7073,False,False
1487,1,-25.0,25.0,5.57626485824585,27.228458404541016,0.1710253804922104,30.6574,False,False
1488,1,-25.0,25.0,5.5264892578125,27.224853515625,0.17111431062221527,30.6075,False,False
1489,1,-25.0,25.0,5.47671365737915,27.22124671936035,0.17117199301719666,30.5576,False,False
1490,1,-25.0,25.0,5.426938056945801,27.21763801574707,0.1712014079093933,30.5076,False,False
1491,1,-25.0,25.0,5.377162456512451,27.21402931213379,0.17120523750782013,30.4577,False,False
1492,1,-25.0,25.0,5.327386856079102,27.210418701171875,0.17118588089942932,30.4078,False,False
1493,1,-25.0,25.0,5.277611255645752,27.206806182861328,0.17114554345607758,30.3579,False,False
1494,1,-25.0,25.0,5.227835178375244,27.20319366455078,0.1710861474275589,30.308,False,False
1495,1,-25.0,25.0,5.1780595779418945,27.1995792388916,0.17100946605205536,30.2581,False,False
1496,1,-25.0,25.0,5.128283500671387,27.19596290588379,0.1709170788526535,30.2082,False,False
1497,1,-25.0,25.0,5.078507423400879,27.192346572875977,0.17081044614315033,30.1583,False,False
1498,1,-25.0,25.0,5.028731346130371,27.18872833251953,0.17069081962108612,30.1084,False,False
1499,1,-25.0,25.0,4.978954792022705,27.185110092163086,0.1705593764781952,30.0585,False,False
1500,1,-25.0,25.0,4.929178714752197,27.181489944458008,0.1704171597957611,30.0086,False,False
1501,1,-25.0,25.0,4.879402160644531,27.177867889404297,0.1702651083469391,29.9587,False,False
1502,1,-25.0,25.0,4.829626083374023,27.174245834350586,0.17010405659675598,29.9088,False,False
1503,1,-25.0,25.0,4.779849529266357,27.170623779296875,0.169993594288826,29.8589,False,False
1504,1,-25.0,25.0,4.730072975158691,27.16699981689453,0.16998730599880219,29.8089,False,False
1505,1,-25.0,25.0,4.680296421051025,27.163373947143555,0.1700158268213272,29.759,False,False
1506,1,-25.0,25.0,4.630519866943359,27.159748077392578,0.17007555067539215,29.7091,False,False
1507,1,-25.0,25.0,4.580743312835693,27.15612030029297,0.17016319930553436,29.6592,False,False
1508,1,-25.0,25.0,4.530966758728027,27.152494430541992,0.17027585208415985,29.6093,False,False
1509,1,-25.0,25.0,4.481190204620361,27.14886474609375,0.1704109013080597,29.5594,False,False
1510,1,-25.0,25.0,4.431413173675537,27.145235061645508,0.17056594789028168,29.5095,False,False
1511,1,-25.0,25.0,4.381636619567871,27.141605377197266,0.17068007588386536,29.4596,False,False
1512,1,-25.0,25.0,4.331859588623047,27.137975692749023,0.1707572489976883,29.4097,False,False
1513,1,-25.0,25.0,4.282082557678223,27.13434410095215,0.1708010584115982,29.3598,False,False
1514,1,-25.0,25.0,4.23230504989624,27.13071060180664,0.17081472277641296,29.3099,False,False
1515,1,-25.0,25.0,4.182528018951416,27.127079010009766,0.17080113291740417,29.2599,False,False
1516,1,-25.0,25.0,4.132750511169434,27.123445510864258,0.17076289653778076,29.21,False,False
1517,1,-25.0,25.0,4.082973003387451,27.119810104370117,0.17070236802101135,29.1601,False,False
1518,1,-25.0,25.0,4.033195495605469,27.11617660522461,0.17062164843082428,29.1102,False,False
1519,1,-25.0,25.0,3.9834179878234863,27.11254119873047,0.17058145999908447,29.0603,False,False
1520,1,-25.0,25.0,3.933640480041504,27.108905792236328,0.17057760059833527,29.0104,False,False
1521,1,-25.0,25.0,3.8838627338409424,27.105268478393555,0.1706063449382782,28.9605,False,False
1522,1,-25.0,25.0,3.834084987640381,27.10163116455078,0.17066429555416107,28.9106,False,False
1523,1,-25.0,25.0,3.7843070030212402,27.097993850708008,0.17074841260910034,28.8607,False,False
1524,1,-25.0,25.0,3.7345292568206787,27.094356536865234,0.1707971841096878,28.8108,False,False
1525,1,-25.0,25.0,3.684751033782959,27.09071922302246,0.17081402242183685,28.7608,False,False
1526,1,-25.0,25.0,3.6349728107452393,27.087080001831055,0.1707432121038437,28.7109,False,False
1527,1,-25.0,25.0,3.5851945877075195,27.08344078063965,0.17065224051475525,28.661,False,False
1528,1,-25.0,25.0,3.5354163646698,27.079801559448242,0.17060180008411407,28.6111,False,False
1529,1,-25.0,25.0,3.485637903213501,27.076162338256836,0.1705877184867859,28.5612,False,False
1530,1,-25.0,25.0,3.435859441757202,27.072521209716797,0.17060627043247223,28.5113,False,False
1531,1,-25.0,25.0,3.386080741882324,27.06888198852539,0.17059525847434998,28.4614,False,False
1532,1,-25.0,25.0,3.3363020420074463,27.06524085998535,0.17055755853652954,28.4115,False,False
1533,1,-25.0,25.0,3.2865233421325684,27.061599731445312,0.17049573361873627,28.3616,False,False
1534,1,-25.0,25.0,3.2367444038391113,27.057958602905273,0.17047089338302612,28.3116,False,False
1535,1,-25.0,25.0,3.1869657039642334,27.0543155670166,0.17047923803329468,28.2617,False,False
1536,1,-25.0,25.0,3.1371865272521973,27.050674438476562,0.17051732540130615,28.2118,False,False
1537,1,-25.0,25.0,3.0874075889587402,27.047033309936523,0.1705821007490158,28.1619,False,False
1538,1,-25.0,25.0,3.037628412246704,27.04339027404785,0.1706707775592804,28.112,False,False
1539,1,-25.0,25.0,2.987849235534668,27.03974723815918,0.17078085243701935,28.0621,False,False
1540,1,-25.0,25.0,2.938070058822632,27.03610610961914,0.17085132002830505,28.0122,False,False
1541,1,-25.0,25.0,2.8882906436920166,27.03246307373047,0.17088602483272552,27.9623,False,False
1542,1,-25.0,25.0,2.8385109901428223,27.028820037841797,0.17088845372200012,27.9123,False,False
1543,1,-25.0,25.0,2.788731336593628,27.025177001953125,0.17086175084114075,27.8624,False,False
1544,1,-25.0,25.0,2.7389516830444336,27.021533966064453,0.17086754739284515,27.8125,False,False
1545,1,-25.0,25.0,2.6891720294952393,27.01789093017578,0.17090247571468353,27.7626,False,False
1546,1,-25.0,25.0,2.639392137527466,27.01424789428711,0.170904740691185,27.7127,False,False
1547,1,-25.0,25.0,2.5896120071411133,27.010602951049805,0.17087751626968384,27.6628,False,False
1548,1,-25.0,25.0,2.5398318767547607,27.006959915161133,0.17082366347312927,27.6129,False,False
1549,1,-25.0,25.0,2.490051746368408,27.00331687927246,0.17074577510356903,27.563,False,False
1550,1,-25.0,25.0,2.4402713775634766,26.99967384338379,0.17064614593982697,27.513,False,False
1551,1,-25.0,25.0,2.390491008758545,26.996028900146484,0.17058567702770233,27.4631,False,False
1552,1,-25.0,25.0,2.3407106399536133,26.992385864257812,0.17056035995483398,27.4132,False,False
1553,1,-25.0,25.0,2.2909300327301025,26.98874282836914,0.170566588640213,27.3633,False,False
1554,1,-25.0,25.0,2.241149663925171,26.985097885131836,0.17060109972953796,27.3134,False,False
1555,1,-25.0,25.0,2.191368818283081,26.981454849243164,0.1706022024154663,27.2635,False,False
1556,1,-25.0,25.0,2.1415882110595703,26.977811813354492,0.1705731451511383,27.2136,False,False
1557,1,-25.0,25.0,2.0918071269989014,26.974166870117188,0.17051686346530914,27.1636,False,False
1558,1,-25.0,25.0,2.0420262813568115,26.970523834228516,0.17049480974674225,27.1137,False,False
1559,1,-25.0,25.0,1.9922451972961426,26.966880798339844,0.17050345242023468,27.0638,False,False
1560,1,-25.0,25.0,1.9424641132354736,26.963237762451172,0.17053966224193573,27.0139,False,False
1561,1,-25.0,25.0,1.8926829099655151,26.959592819213867,0.17060057818889618,26.964,False,False
1562,1,-25.0,25.0,1.8429017066955566,26.955949783325195,0.17068365216255188,26.9141,False,False
1563,1,-25.0,25.0,1.7931203842163086,26.952306747436523,0.17072778940200806,26.8642,False,False
1564,1,-25.0,25.0,1.7433388233184814,26.94866371154785,0.17073681950569153,26.8142,False,False
1565,1,-25.0,25.0,1.6935572624206543,26.94502067565918,0.17071416974067688,26.7643,False,False
1566,1,-25.0,25.0,1.6437757015228271,26.941377639770508,0.17072172462940216,26.7144,False,False
1567,1,-25.0,25.0,1.593993902206421,26.937734603881836,0.17075639963150024,26.6645,False,False
1568,1,-25.0,25.0,1.5442121028900146,26.934091567993164,0.17081540822982788,26.6146,False,False
1569,1,-25.0,25.0,1.4944303035736084,26.930450439453125,0.17089621722698212,26.5647,False,False
1570,1,-25.0,25.0,1.4446483850479126,26.926807403564453,0.17093777656555176,26.5148,False,False
1571,1,-25.0,25.0,1.3948662281036377,26.92316436767578,0.170943945646286,26.4648,False,False
1572,1,-25.0,25.0,1.3450840711593628,26.91952133178711,0.17091821134090424,26.4149,False,False
1573,1,-25.0,25.0,1.2953017950057983,26.91588020324707,0.17092247307300568,26.365,False,False
1574,1,-25.0,25.0,1.2455195188522339,26.9122371673584,0.1709536612033844,26.3151,False,False
1575,1,-25.0,25.0,1.1957371234893799,26.90859603881836,0.17095021903514862,26.2652,False,False
1576,1,-25.0,25.0,1.1459546089172363,26.90495491027832,0.17091552913188934,26.2153,False,False
1577,1,-25.0,25.0,1.0961719751358032,26.90131378173828,0.1708526611328125,26.1653,False,False
1578,1,-25.0,25.0,1.0463892221450806,26.89767074584961,0.17076437175273895,26.1154,False,False
1579,1,-25.0,25.0,0.9966064095497131,26.89402961730957,0.1707119345664978,26.0655,False,False
1580,1,-25.0,25.0,0.9468235373497009,26.89038848876953,0.17069166898727417,26.0156,False,False
1581,1,-25.0,25.0,0.897040605545044,26.886749267578125,0.1707003265619278,25.9657,False,False
1582,1,-25.0,25.0,0.847257673740387,26.883108139038086,0.17073489725589752,25.9158,False,False
1583,1,-25.0,25.0,0.7974745631217957,26.879467010498047,0.1707339584827423,25.8658,False,False
1584,1,-25.0,25.0,0.7476913928985596,26.875825881958008,0.17070099711418152,25.8159,False,False
1585,1,-25.0,25.0,0.6979081034660339,26.8721866607666,0.17063912749290466,25.766,False,False
1586,1,-25.0,25.0,0.6481246948242188,26.868545532226562,0.17055121064186096,25.7161,False,False
1587,1,-25.0,25.0,0.5983412265777588,26.864906311035156,0.1704985797405243,25.6662,False,False
1588,1,-25.0,25.0,0.5485577583312988,26.86126708984375,0.17047764360904694,25.6163,False,False
1589,1,-25.0,25.0,0.4987742006778717,26.857627868652344,0.17048513889312744,25.5664,False,False
1590,1,-25.0,25.0,0.4489905834197998,26.853988647460938,0.1705181896686554,25.5164,False,False
1591,1,-25.0,25.0,0.39920684695243835,26.85034942626953,0.17051535844802856,25.4665,False,False
1592,1,-25.0,25.0,0.34942302107810974,26.846710205078125,0.1704801768064499,25.4166,False,False
1593,1,-25.0,25.0,0.29963910579681396,26.84307098388672,0.17041583359241486,25.3667,False,False
1594,1,-25.0,25.0,0.2498551309108734,26.839433670043945,0.1703839898109436,25.3168,False,False
1595,1,-25.0,25.0,0.20007109642028809,26.83579444885254,0.1703813225030899,25.2669,False,False
1596,1,-25.0,25.0,0.15028701722621918,26.832157135009766,0.170404851436615,25.2169,False,False
1597,1,-25.0,25.0,0.1005028784275055,26.82851791381836,0.17045189440250397,25.167,False,False
1598,1,-25.0,25.0,0.050718680024147034,26.824880599975586,0.17052005231380463,25.1171,False,False
1599,1,-25.0,25.0,0.0009344233549199998,26.821243286132812,0.17060713469982147,25.0672,False,False
1600,1,-25.0,25.0,-0.04884989559650421,26.81760597229004,0.1707111895084381,25.0173,False,False
1601,1,-25.0,25.0,-0.09863431751728058,26.813968658447266,0.17077168822288513,24.9673,False,False
1602,1,-25.0,25.0,-0.1484188437461853,26.810333251953125,0.17079290747642517,24.9174,False,False
1603,1,-25.0,25.0,-0.19820347428321838,26.80669593811035,0.17077873647212982,24.8675,False,False
1604,1,-25.0,25.0,-0.24798819422721863,26.803058624267578,0.17073267698287964,24.8176,False,False
1605,1,-25.0,25.0,-0.29777297377586365,26.799423217773438,0.17071665823459625,24.7677,False,False
1606,1,-25.0,25.0,-0.34755778312683105,26.795785903930664,0.17072761058807373,24.7178,False,False
1607,1,-25.0,25.0,-0.39734265208244324,26.792150497436523,0.1707627922296524,24.6678,False,False
1608,1,-25.0,25.0,-0.4471275806427002,26.788515090942383,0.1708197146654129,24.6179,False,False
1609,1,-25.0,25.0,-0.49691253900527954,26.784879684448242,0.17089614272117615,24.568,False,False
1610,1,-25.0,25.0,-0.5466976165771484,26.7812442779541,0.17093127965927124,24.5181,False,False
1611,1,-25.0,25.0,-0.5964828133583069,26.77760887145996,0.1709292232990265,24.4682,False,False
1612,1,-25.0,25.0,-0.6462680697441101,26.77397346496582,0.17089363932609558,24.4183,False,False
1613,1,-25.0,25.0,-0.6960533857345581,26.770339965820312,0.17088662087917328,24.3683,False,False
1614,1,-25.0,25.0,-0.7458387017250061,26.766704559326172,0.17090526223182678,24.3184,False,False
1615,1,-25.0,25.0,-0.7956241369247437,26.763071060180664,0.17094695568084717,24.2685,False,False
1616,1,-25.0,25.0,-0.8454095721244812,26.759435653686523,0.17100933194160461,24.2186,False,False
1617,1,-25.0,25.0,-0.8951950669288635,26.755802154541016,0.1710902899503708,24.1687,False,False
1618,1,-25.0,25.0,-0.9449806809425354,26.752168655395508,0.17112909257411957,24.1187,False,False
1619,1,-25.0,25.0,-0.994766354560852,26.74853515625,0.17112992703914642,24.0688,False,False
1620,1,-25.0,25.0,-1.0445520877838135,26.744901657104492,0.1710965633392334,24.0189,False,False
1621,1,-25.0,25.0,-1.0943379402160645,26.741268157958984,0.17109116911888123,23.969,False,False
1622,1,-25.0,25.0,-1.1441237926483154,26.737634658813477,0.17111088335514069,23.9191,False,False
1623,1,-25.0,25.0,-1.193909764289856,26.7340030670166,0.17115315794944763,23.8692,False,False
1624,1,-25.0,25.0,-1.243695616722107,26.730369567871094,0.17121568322181702,23.8192,False,False
1625,1,-25.0,25.0,-1.293481707572937,26.72673797607422,0.17123758792877197,23.7693,False,False
1626,1,-25.0,25.0,-1.343267798423767,26.72310447692871,0.17122291028499603,23.7194,False,False
1627,1,-25.0,25.0,-1.3930540084838867,26.719472885131836,0.17123404145240784,23.6695,False,False
1628,1,-25.0,25.0,-1.4428402185440063,26.71584129333496,0.17126837372779846,23.6196,False,False
1629,1,-25.0,25.0,-1.492626428604126,26.712207794189453,0.17132353782653809,23.5696,False,False
1630,1,-25.0,25.0,-1.5424127578735352,26.708576202392578,0.17133858799934387,23.5197,False,False
1631,1,-25.0,25.0,-1.5921992063522339,26.704944610595703,0.17131753265857697,23.4698,False,False
1632,1,-25.0,25.0,-1.6419856548309326,26.70131492614746,0.17132270336151123,23.4199,False,False
1633,1,-25.0,25.0,-1.6917721033096313,26.697683334350586,0.17135146260261536,23.37,False,False
1634,1,-25.0,25.0,-1.7415586709976196,26.69405174255371,0.17140139639377594,23.3201,False,False
1635,1,-25.0,25.0,-1.7913453578948975,26.690420150756836,0.17141154408454895,23.2701,False,False
1636,1,-25.0,25.0,-1.8411320447921753,26.686790466308594,0.17138585448265076,23.2202,False,False
1637,1,-25.0,25.0,-1.8909187316894531,26.68315887451172,0.17138665914535522,23.1703,False,False
1638,1,-25.0,25.0,-1.9407055377960205,26.679529190063477,0.17141129076480865,23.1204,False,False
1639,1,-25.0,25.0,-1.990492343902588,26.675899505615234,0.17145729064941406,23.0705,False,False
1640,1,-25.0,25.0,-2.0402791500091553,26.67226791381836,0.17152249813079834,23.0205,False,False
1641,1,-25.0,25.0,-2.0900659561157227,26.668638229370117,0.17154616117477417,22.9706,False,False
1642,1,-25.0,25.0,-2.139853000640869,26.665008544921875,0.17153239250183105,22.9207,False,False
1643,1,-25.0,25.0,-2.1896400451660156,26.661378860473633,0.17148490250110626,22.8708,False,False
1644,1,-25.0,25.0,-2.239427089691162,26.65774917602539,0.17146581411361694,22.8209,False,False
1645,1,-25.0,25.0,-2.2892143726348877,26.65411949157715,0.17147228121757507,22.7709,False,False
1646,1,-25.0,25.0,-2.339001417160034,26.650489807128906,0.17150166630744934,22.721,False,False
1647,1,-25.0,25.0,-2.3887887001037598,26.646862030029297,0.1715516597032547,22.6711,False,False
1648,1,-25.0,25.0,-2.4385759830474854,26.643232345581055,0.17162016034126282,22.6212,False,False
1649,1,-25.0,25.0,-2.488363265991211,26.639602661132812,0.17164649069309235,22.5713,False,False
1650,1,-25.0,25.0,-2.5381505489349365,26.635974884033203,0.17157600820064545,22.5213,False,False
1651,1,-25.0,25.0,-2.587938070297241,26.63234519958496,0.17147719860076904,22.4714,False,False
1652,1,-25.0,25.0,-2.637725591659546,26.62871742248535,0.1714116632938385,22.4215,False,False
1653,1,-25.0,25.0,-2.6875131130218506,26.62508773803711,0.17137601971626282,22.3716,False,False
1654,1,-25.0,25.0,-2.7373006343841553,26.6214599609375,0.17136724293231964,22.3217,False,False
1655,1,-25.0,25.0,-2.787088394165039,26.61783218383789,0.1713826060295105,22.2717,False,False
1656,1,-25.0,25.0,-2.8368759155273438,26.61420440673828,0.1714196652173996,22.2218,False,False
1657,1,-25.0,25.0,-2.8866634368896484,26.61057472229004,0.17147621512413025,22.1719,False,False
1658,1,-25.0,25.0,-2.9364511966705322,26.60694694519043,0.17149145901203156,22.122,False,False
1659,1,-25.0,25.0,-2.986238956451416,26.60331916809082,0.17146950960159302,22.0721,False,False
1660,1,-25.0,25.0,-3.036026954650879,26.59969139099121,0.1714140772819519,22.0222,False,False
1661,1,-25.0,25.0,-3.0858147144317627,26.5960636138916,0.17132845520973206,21.9722,False,False
1662,1,-25.0,25.0,-3.1356027126312256,26.592435836791992,0.17127443850040436,21.9223,False,False
1663,1,-25.0,25.0,-3.1853907108306885,26.588808059692383,0.17124883830547333,21.8724,False,False
1664,1,-25.0,25.0,-3.2351787090301514,26.585182189941406,0.17124876379966736,21.8225,False,False
1665,1,-25.0,25.0,-3.284966468811035,26.581554412841797,0.1712716519832611,21.7726,False,False
1666,1,-25.0,25.0,-3.334754705429077,26.577926635742188,0.17131514847278595,21.7226,False,False
1667,1,-25.0,25.0,-3.38454270362854,26.574298858642578,0.17131836712360382,21.6727,False,False
1668,1,-25.0,25.0,-3.434330701828003,26.5706729888916,0.17128531634807587,21.6228,False,False
1669,1,-25.0,25.0,-3.484118938446045,26.567045211791992,0.1712195873260498,21.5729,False,False
1670,1,-25.0,25.0,-3.533907175064087,26.563419342041016,0.171183243393898,21.523,False,False
1671,1,-25.0,25.0,-3.583695411682129,26.559791564941406,0.17117328941822052,21.473,False,False
1672,1,-25.0,25.0,-3.633483648300171,26.556163787841797,0.17118705809116364,21.4231,False,False
1673,1,-25.0,25.0,-3.683271884918213,26.55253791809082,0.17122216522693634,21.3732,False,False
1674,1,-25.0,25.0,-3.733060359954834,26.548912048339844,0.17121762037277222,21.3233,False,False
1675,1,-25.0,25.0,-3.782848596572876,26.545284271240234,0.17117737233638763,21.2733,False,False
1676,1,-25.0,25.0,-3.832637071609497,26.541658401489258,0.17116376757621765,21.2234,False,False
1677,1,-25.0,25.0,-3.882425546646118,26.53803253173828,0.17117412388324738,21.1735,False,False
1678,1,-25.0,25.0,-3.9322140216827393,26.534404754638672,0.1711471974849701,21.1236,False,False
1679,1,-25.0,25.0,-3.9820024967193604,26.530778884887695,0.171145498752594,21.0737,False,False
1680,1,-25.0,25.0,-4.0317912101745605,26.52715301513672,0.17116647958755493,21.0237,False,False
1681,1,-25.0,25.0,-4.081579685211182,26.52352523803711,0.17114903032779694,20.9738,False,False
1682,1,-25.0,25.0,-4.131368160247803,26.519899368286133,0.17109698057174683,20.9239,False,False
1683,1,-25.0,25.0,-4.181156635284424,26.516273498535156,0.1710725873708725,20.874,False,False
1684,1,-25.0,25.0,-4.230945587158203,26.51264762878418,0.17107301950454712,20.8241,False,False
1685,1,-25.0,25.0,-4.280734062194824,26.509021759033203,0.17109578847885132,20.7741,False,False
1686,1,-25.0,25.0,-4.3305230140686035,26.505395889282227,0.1710798144340515,20.7242,False,False
1687,1,-25.0,25.0,-4.380311489105225,26.50177001953125,0.1710289716720581,20.6743,False,False
1688,1,-25.0,25.0,-4.430100440979004,26.498144149780273,0.171005517244339,20.6244,False,False
1689,1,-25.0,25.0,-4.479889392852783,26.494518280029297,0.1710066795349121,20.5745,False,False
1690,1,-25.0,25.0,-4.5296783447265625,26.49089241027832,0.1710299849510193,20.5245,False,False
1691,1,-25.0,25.0,-4.579466819763184,26.487266540527344,0.17101436853408813,20.4746,False,False
1692,1,-25.0,25.0,-4.629255771636963,26.483640670776367,0.17102250456809998,20.4247,False,False
1693,1,-25.0,25.0,-4.679044723510742,26.48001480102539,0.17099322378635406,20.3748,False,False
1694,1,-25.0,25.0,-4.7288336753845215,26.476388931274414,0.1709890067577362,20.3249,False,False
1695,1,-25.0,25.0,-4.778622627258301,26.472763061523438,0.1709485501050949,20.2749,False,False
1696,1,-25.0,25.0,-4.82841157913208,26.46913719177246,0.17093424499034882,20.225,False,False
1697,1,-25.0,25.0,-4.878201007843018,26.465511322021484,0.1709434539079666,20.1751,False,False
1698,1,-25.0,25.0,-4.927989959716797,26.461885452270508,0.1709737926721573,20.1252,False,False
1699,1,-25.0,25.0,-4.977778911590576,26.45825958251953,0.1709643304347992,20.0753,False,False
1700,1,-25.0,25.0,-5.0275678634643555,26.454633712768555,0.1709190309047699,20.0253,False,False
1701,1,-25.0,25.0,-5.077357292175293,26.45100975036621,0.17090025544166565,19.9754,False,False
1702,1,-25.0,25.0,-5.127146244049072,26.447383880615234,0.17090532183647156,19.9255,False,False
1703,1,-25.0,25.0,-5.17693567276001,26.443758010864258,0.1708730310201645,19.8756,False,False
1704,1,-25.0,25.0,-5.226724624633789,26.44013214111328,0.17086589336395264,19.8257,False,False
1705,1,-25.0,25.0,-5.276514053344727,26.436506271362305,0.17088137567043304,19.7757,False,False
1706,1,-25.0,25.0,-5.326303005218506,26.432880401611328,0.17085838317871094,19.7258,False,False
1707,1,-25.0,25.0,-5.376092433929443,26.429256439208984,0.17085956037044525,19.6759,False,False
1708,1,-25.0,25.0,-5.425881862640381,26.425630569458008,0.17082364857196808,19.626,False,False
1709,1,-25.0,25.0,-5.475671291351318,26.42200469970703,0.1708131581544876,19.576,False,False
1710,1,-25.0,25.0,-5.525460243225098,26.418378829956055,0.1708255112171173,19.5261,False,False
1711,1,-25.0,25.0,-5.575249671936035,26.414752960205078,0.17085841298103333,19.4762,False,False
1712,1,-25.0,25.0,-5.625039100646973,26.411128997802734,0.1708509624004364,19.4263,False,False
1713,1,-25.0,25.0,-5.67482852935791,26.407503128051758,0.17080721259117126,19.3764,False,False
1714,1,-25.0,25.0,-5.724617958068848,26.40387725830078,0.17073073983192444,19.3264,False,False
1715,1,-25.0,25.0,-5.774407386779785,26.400251388549805,0.17068363726139069,19.2765,False,False
1716,1,-25.0,25.0,-5.824196815490723,26.39662742614746,0.17066292464733124,19.2266,False,False
1717,1,-25.0,25.0,-5.87398624420166,26.393001556396484,0.1706659495830536,19.1767,False,False
1718,1,-25.0,25.0,-5.923776149749756,26.389375686645508,0.17069029808044434,19.1268,False,False
1719,1,-25.0,25.0,-5.973565578460693,26.38574981689453,0.17073383927345276,19.0768,False,False
1720,1,-25.0,25.0,-6.023355007171631,26.382125854492188,0.17079460620880127,19.0269,False,False
1721,1,-25.0,25.0,-6.073144435882568,26.37849998474121,0.17081208527088165,18.977,False,False
1722,1,-25.0,25.0,-6.122933864593506,26.374874114990234,0.17079056799411774,18.9271,False,False
1723,1,-25.0,25.0,-6.172723770141602,26.371248245239258,0.1707339584827423,18.8771,False,False
1724,1,-25.0,25.0,-6.222513198852539,26.367624282836914,0.17064574360847473,18.8272,False,False
1725,1,-25.0,25.0,-6.272303104400635,26.363998413085938,0.17058788239955902,18.7773,False,False
1726,1,-25.0,25.0,-6.3220930099487305,26.36037254333496,0.17055730521678925,18.7274,False,False
1727,1,-25.0,25.0,-6.371882438659668,26.356746673583984,0.17055125534534454,18.6775,False,False
1728,1,-25.0,25.0,-6.421672344207764,26.35312271118164,0.17056727409362793,18.6275,False,False
1729,1,-25.0,25.0,-6.471461772918701,26.349496841430664,0.17060312628746033,18.5776,False,False
1730,1,-25.0,25.0,-6.521251678466797,26.345870971679688,0.17065681517124176,18.5277,False,False
1731,1,-25.0,25.0,-6.571041107177734,26.34224510192871,0.17072652280330658,18.4778,False,False
1732,1,-25.0,25.0,-6.62083101272583,26.338621139526367,0.17075183987617493,18.4279,False,False
1733,1,-25.0,25.0,-6.670620918273926,26.33499526977539,0.17067840695381165,18.3779,False,False
1734,1,-25.0,25.0,-6.7204108238220215,26.331369400024414,0.1705748736858368,18.328,False,False
1735,1,-25.0,25.0,-6.770200729370117,26.327743530273438,0.17050305008888245,18.2781,False,False
1736,1,-25.0,25.0,-6.819990634918213,26.32411766052246,0.17045974731445312,18.2282,False,False
1737,1,-25.0,25.0,-6.86978006362915,26.320493698120117,0.17044208943843842,18.1782,False,False
1738,1,-25.0,25.0,-6.919569969177246,26.31686782836914,0.1704474836587906,18.1283,False,False
1739,1,-25.0,25.0,-6.969359874725342,26.313241958618164,0.1704736202955246,18.0784,False,False
1740,1,-25.0,25.0,-7.0191497802734375,26.309616088867188,0.1705183982849121,18.0285,False,False
1741,1,-25.0,25.0,-7.068939685821533,26.30599021911621,0.1705799251794815,17.9786,False,False
1742,1,-25.0,25.0,-7.118729591369629,26.302366256713867,0.17065653204917908,17.9286,False,False
1743,1,-25.0,25.0,-7.168519496917725,26.29874038696289,0.17068786919116974,17.8787,False,False
1744,1,-25.0,25.0,-7.21830940246582,26.295114517211914,0.1706196814775467,17.8288,False,False
1745,1,-25.0,25.0,-7.268099784851074,26.291488647460938,0.17052070796489716,17.7789,False,False
1746,1,-25.0,25.0,-7.31788969039917,26.28786277770996,0.1704528033733368,17.7289,False,False
1747,1,-25.0,25.0,-7.367679595947266,26.284236907958984,0.17041286826133728,17.679,False,False
1748,1,-25.0,25.0,-7.417469501495361,26.28061294555664,0.1703980714082718,17.6291,False,False
1749,1,-25.0,25.0,-7.467259883880615,26.276987075805664,0.17040587961673737,17.5792,False,False
1750,1,-25.0,25.0,-7.517049789428711,26.273361206054688,0.17043401300907135,17.5293,False,False
1751,1,-25.0,25.0,-7.566839694976807,26.26973533630371,0.17048043012619019,17.4793,False,False
1752,1,-25.0,25.0,-7.616629600524902,26.266109466552734,0.17054326832294464,17.4294,False,False
1753,1,-25.0,25.0,-7.666419982910156,26.262483596801758,0.17056210339069366,17.3795,False,False
1754,1,-25.0,25.0,-7.716209888458252,26.25885772705078,0.17054130136966705,17.3296,False,False
1755,1,-25.0,25.0,-7.766000270843506,26.255231857299805,0.17048482596874237,17.2797,False,False
1756,1,-25.0,25.0,-7.815790176391602,26.25160789489746,0.17045503854751587,17.2297,False,False
1757,1,-25.0,25.0,-7.8655805587768555,26.247982025146484,0.17044924199581146,17.1798,False,False
1758,1,-25.0,25.0,-7.915370464324951,26.244356155395508,0.17046503722667694,17.1299,False,False
1759,1,-25.0,25.0,-7.965160846710205,26.24073028564453,0.1705002337694168,17.08,False,False
1760,1,-25.0,25.0,-8.0149507522583,26.237104415893555,0.17049409449100494,17.03,False,False
1761,1,-25.0,25.0,-8.064741134643555,26.233478546142578,0.17045073211193085,16.9801,False,False
1762,1,-25.0,25.0,-8.114531517028809,26.2298526763916,0.1704326570034027,16.9302,False,False
1763,1,-25.0,25.0,-8.164321899414062,26.226226806640625,0.17043733596801758,16.8803,False,False
1764,1,-25.0,25.0,-8.214111328125,26.22260093688965,0.1704624742269516,16.8304,False,False
1765,1,-25.0,25.0,-8.263901710510254,26.218975067138672,0.1704472005367279,16.7804,False,False
1766,1,-25.0,25.0,-8.313692092895508,26.215349197387695,0.17045436799526215,16.7305,False,False
1767,1,-25.0,25.0,-8.363482475280762,26.21172332763672,0.17042289674282074,16.6806,False,False
1768,1,-25.0,25.0,-8.413272857666016,26.208097457885742,0.170415461063385,16.6307,False,False
1769,1,-25.0,25.0,-8.46306324005127,26.204471588134766,0.17042963206768036,16.5807,False,False
1770,1,-25.0,25.0,-8.512853622436523,26.20084571838379,0.17046324908733368,16.5308,False,False
1771,1,-25.0,25.0,-8.562644004821777,26.197219848632812,0.17045553028583527,16.4809,False,False
1772,1,-25.0,25.0,-8.612433433532715,26.193593978881836,0.170410618185997,16.431,False,False
1773,1,-25.0,25.0,-8.662223815917969,26.18996810913086,0.1703910231590271,16.3811,False,False
1774,1,-25.0,25.0,-8.712014198303223,26.186342239379883,0.1703941971063614,16.3311,False,False
1775,1,-25.0,25.0,-8.761804580688477,26.182716369628906,0.17041786015033722,16.2812,False,False
1776,1,-25.0,25.0,-8.81159496307373,26.17909049987793,0.17040112614631653,16.2313,False,False
1777,1,-25.0,25.0,-8.861385345458984,26.175464630126953,0.17040684819221497,16.1814,False,False
1778,1,-25.0,25.0,-8.911175727844238,26.171838760375977,0.17037396132946014,16.1314,False,False
1779,1,-25.0,25.0,-8.960966110229492,26.168212890625,0.1703651249408722,16.0815,False,False
1780,1,-25.0,25.0,-9.010756492614746,26.164587020874023,0.1703779101371765,16.0316,False,False
1781,1,-25.0,25.0,-9.060546875,26.160961151123047,0.1704101413488388,15.9817,False,False
1782,1,-25.0,25.0,-9.110337257385254,26.15733528137207,0.17040106654167175,15.9318,False,False
1783,1,-25.0,25.0,-9.160128593444824,26.153709411621094,0.17035482823848724,15.8818,False,False
1784,1,-25.0,25.0,-9.209918975830078,26.150083541870117,0.17033390700817108,15.8319,False,False
1785,1,-25.0,25.0,-9.259709358215332,26.14645767211914,0.1703357696533203,15.782,False,False
1786,1,-25.0,25.0,-9.309499740600586,26.142831802368164,0.17035812139511108,15.7321,False,False
1787,1,-25.0,25.0,-9.35929012298584,26.139204025268555,0.17039890587329865,15.6821,False,False
1788,1,-25.0,25.0,-9.409080505371094,26.135578155517578,0.17039747536182404,15.6322,False,False
1789,1,-25.0,25.0,-9.458870887756348,26.1319522857666,0.17035803198814392,15.5823,False,False
1790,1,-25.0,25.0,-9.508661270141602,26.128326416015625,0.17028437554836273,15.5324,False,False
1791,1,-25.0,25.0,-9.558451652526855,26.12470054626465,0.17023873329162598,15.4825,False,False
1792,1,-25.0,25.0,-9.608242988586426,26.121074676513672,0.17021828889846802,15.4325,False,False
1793,1,-25.0,25.0,-9.65803337097168,26.117448806762695,0.1702204942703247,15.3826,False,False
1794,1,-25.0,25.0,-9.707823753356934,26.11382293701172,0.1702430695295334,15.3327,False,False
1795,1,-25.0,25.0,-9.757614135742188,26.11019515991211,0.1702839881181717,15.2828,False,False
1796,1,-25.0,25.0,-9.807404518127441,26.106569290161133,0.1703413873910904,15.2328,False,False
1797,1,-25.0,25.0,-9.857194900512695,26.102943420410156,0.17035481333732605,15.1829,False,False
1798,1,-25.0,25.0,-9.906986236572266,26.09931755065918,0.17032866179943085,15.133,False,False
1799,1,-25.0,25.0,-9.95677661895752,26.095691680908203,0.17026688158512115,15.0831,False,False
1800,1,-25.0,25.0,-10.006567001342773,26.092065811157227,0.17023183405399323,15.0332,False,False
1801,1,-25.0,25.0,-10.056357383728027,26.088438034057617,0.17022085189819336,14.9832,False,False
1802,1,-25.0,25.0,-10.106148719787598,26.08481216430664,0.17023149132728577,14.9333,False,False
1803,1,-25.0,25.0,-10.155939102172852,26.081186294555664,0.17026160657405853,14.8834,False,False
1804,1,-25.0,25.0,-10.205729484558105,26.077560424804688,0.17030920088291168,14.8335,False,False
1805,1,-25.0,25.0,-10.25551986694336,26.07393455505371,0.1703137457370758,14.7835,False,False
1806,1,-25.0,25.0,-10.30531120300293,26.0703067779541,0.17027953267097473,14.7336,False,False
1807,1,-25.0,25.0,-10.355101585388184,26.066680908203125,0.17026925086975098,14.6837,False,False
1808,1,-25.0,25.0,-10.404891967773438,26.06305503845215,0.17028045654296875,14.6338,False,False
1809,1,-25.0,25.0,-10.454682350158691,26.059429168701172,0.1702522337436676,14.5838,False,False
1810,1,-25.0,25.0,-10.504473686218262,26.055803298950195,0.17024730145931244,14.5339,False,False
1811,1,-25.0,25.0,-10.554264068603516,26.052175521850586,0.17026332020759583,14.484,False,False
1812,1,-25.0,25.0,-10.60405445098877,26.04854965209961,0.17029817402362823,14.4341,False,False
1813,1,-25.0,25.0,-10.65384578704834,26.044923782348633,0.17029118537902832,14.3842,False,False
1814,1,-25.0,25.0,-10.703636169433594,26.041297912597656,0.17024654150009155,14.3342,False,False
1815,1,-25.0,25.0,-10.753426551818848,26.037670135498047,0.1702267825603485,14.2843,False,False
1816,1,-25.0,25.0,-10.803217887878418,26.03404426574707,0.17022942006587982,14.2344,False,False
1817,1,-25.0,25.0,-10.853008270263672,26.030418395996094,0.1702522188425064,14.1845,False,False
1818,1,-25.0,25.0,-10.902798652648926,26.026792526245117,0.1702343225479126,14.1345,False,False
1819,1,-25.0,25.0,-10.952589988708496,26.023164749145508,0.17023862898349762,14.0846,False,False
1820,1,-25.0,25.0,-11.00238037109375,26.01953887939453,0.1702040731906891,14.0347,False,False
1821,1,-25.0,25.0,-11.05217170715332,26.015913009643555,0.1701933741569519,13.9848,False,False
1822,1,-25.0,25.0,-11.101962089538574,26.012285232543945,0.17020411789417267,13.9349,False,False
1823,1,-25.0,25.0,-11.151752471923828,26.00865936279297,0.17023415863513947,13.8849,False,False
1824,1,-25.0,25.0,-11.201543807983398,26.005033493041992,0.17022272944450378,13.835,False,False
1825,1,-25.0,25.0,-11.251334190368652,26.001407623291016,0.17023281753063202,13.7851,False,False
1826,1,-25.0,25.0,-11.301125526428223,25.997779846191406,0.17020343244075775,13.7352,False,False
1827,1,-25.0,25.0,-11.350915908813477,25.99415397644043,0.17019733786582947,13.6852,False,False
1828,1,-25.0,25.0,-11.400707244873047,25.990528106689453,0.17021217942237854,13.6353,False,False
1829,1,-25.0,25.0,-11.4504976272583,25.986900329589844,0.17024585604667664,13.5854,False,False
1830,1,-25.0,25.0,-11.500288009643555,25.983274459838867,0.1702376753091812,13.5355,False,False
1831,1,-25.0,25.0,-11.550079345703125,25.97964859008789,0.17019183933734894,13.4856,False,False
1832,1,-25.0,25.0,-11.599869728088379,25.976022720336914,0.1701708883047104,13.4356,False,False
1833,1,-25.0,25.0,-11.64966106414795,25.972394943237305,0.1701723337173462,13.3857,False,False
1834,1,-25.0,25.0,-11.699451446533203,25.968769073486328,0.17019392549991608,13.3358,False,False
1835,1,-25.0,25.0,-11.749242782592773,25.96514320373535,0.17023363709449768,13.2859,False,False
1836,1,-25.0,25.0,-11.799033164978027,25.961515426635742,0.17023085057735443,13.2359,False,False
1837,1,-25.0,25.0,-11.848824501037598,25.957889556884766,0.17018981277942657,13.186,False,False
1838,1,-25.0,25.0,-11.898614883422852,25.95426368713379,0.17011436820030212,13.1361,False,False
1839,1,-25.0,25.0,-11.948406219482422,25.95063591003418,0.1700667291879654,13.0862,False,False
1840,1,-25.0,25.0,-11.998197555541992,25.947010040283203,0.17004410922527313,13.0362,False,False
1841,1,-25.0,25.0,-12.047987937927246,25.943384170532227,0.17004400491714478,12.9863,False,False
1842,1,-25.0,25.0,-12.097779273986816,25.939756393432617,0.17006415128707886,12.9364,False,False
1843,1,-25.0,25.0,-12.14756965637207,25.93613052368164,0.17010252177715302,12.8865,False,False
1844,1,-25.0,25.0,-12.19736099243164,25.932504653930664,0.1701572686433792,12.8366,False,False
1845,1,-25.0,25.0,-12.247151374816895,25.928876876831055,0.17022675275802612,12.7866,False,False
1846,1,-25.0,25.0,-12.296942710876465,25.925251007080078,0.17025069892406464,12.7367,False,False
1847,1,-25.0,25.0,-12.346733093261719,25.9216251373291,0.17017486691474915,12.6868,False,False
1848,1,-25.0,25.0,-12.396524429321289,25.917997360229492,0.17006804049015045,12.6369,False,False
1849,1,-25.0,25.0,-12.44631576538086,25.914371490478516,0.1699921041727066,12.5869,False,False
1850,1,-25.0,25.0,-12.496106147766113,25.910743713378906,0.16994397342205048,12.537,False,False
1851,1,-25.0,25.0,-12.545897483825684,25.90711784362793,0.16992084681987762,12.4871,False,False
1852,1,-25.0,25.0,-12.595687866210938,25.903491973876953,0.16992022097110748,12.4372,False,False
1853,1,-25.0,25.0,-12.645479202270508,25.899864196777344,0.1699398308992386,12.3872,False,False
1854,1,-25.0,25.0,-12.695270538330078,25.896238327026367,0.16997765004634857,12.3373,False,False
1855,1,-25.0,25.0,-12.745060920715332,25.89261245727539,0.1700318604707718,12.2874,False,False
1856,1,-25.0,25.0,-12.794852256774902,25.88898468017578,0.17010079324245453,12.2375,False,False
1857,1,-25.0,25.0,-12.844642639160156,25.885358810424805,0.1701829731464386,12.1876,False,False
1858,1,-25.0,25.0,-12.894433975219727,25.881732940673828,0.17021828889846802,12.1376,False,False
1859,1,-25.0,25.0,-12.94422435760498,25.87810516357422,0.17015260457992554,12.0877,False,False
1860,1,-25.0,25.0,-12.99401569366455,25.874479293823242,0.1700548529624939,12.0378,False,False
1861,1,-25.0,25.0,-13.043807029724121,25.870851516723633,0.1699870228767395,11.9879,False,False
1862,1,-25.0,25.0,-13.093598365783691,25.867225646972656,0.1699461042881012,11.9379,False,False
1863,1,-25.0,25.0,-13.143388748168945,25.86359977722168,0.16992942988872528,11.888,False,False
1864,1,-25.0,25.0,-13.193180084228516,25.85997200012207,0.16993452608585358,11.8381,False,False
1865,1,-25.0,25.0,-13.242971420288086,25.856346130371094,0.16995923221111298,11.7882,False,False
1866,1,-25.0,25.0,-13.29276180267334,25.852720260620117,0.1700015813112259,11.7383,False,False
1867,1,-25.0,25.0,-13.34255313873291,25.849092483520508,0.17005980014801025,11.6883,False,False
1868,1,-25.0,25.0,-13.392343521118164,25.84546661376953,0.17013227939605713,11.6384,False,False
1869,1,-25.0,25.0,-13.442134857177734,25.841838836669922,0.17015880346298218,11.5885,False,False
1870,1,-25.0,25.0,-13.491926193237305,25.838212966918945,0.1701439619064331,11.5386,False,False
1871,1,-25.0,25.0,-13.541717529296875,25.83458709716797,0.1700918972492218,11.4886,False,False
1872,1,-25.0,25.0,-13.591507911682129,25.83095932006836,0.17006513476371765,11.4387,False,False
1873,1,-25.0,25.0,-13.6412992477417,25.827333450317383,0.1700611263513565,11.3888,False,False
1874,1,-25.0,25.0,-13.69109058380127,25.823705673217773,0.1700775921344757,11.3389,False,False
1875,1,-25.0,25.0,-13.740880966186523,25.820079803466797,0.1701124757528305,11.2889,False,False
1876,1,-25.0,25.0,-13.790672302246094,25.81645393371582,0.17010514438152313,11.239,False,False
1877,1,-25.0,25.0,-13.840463638305664,25.81282615661621,0.17005980014801025,11.1891,False,False
1878,1,-25.0,25.0,-13.890254974365234,25.809200286865234,0.17003905773162842,11.1392,False,False
1879,1,-25.0,25.0,-13.940045356750488,25.805572509765625,0.17004045844078064,11.0893,False,False
1880,1,-25.0,25.0,-13.989836692810059,25.80194664001465,0.17006176710128784,11.0393,False,False
1881,1,-25.0,25.0,-14.039628028869629,25.798320770263672,0.17010097205638885,10.9894,False,False
1882,1,-25.0,25.0,-14.089418411254883,25.794692993164062,0.17009751498699188,10.9395,False,False
1883,1,-25.0,25.0,-14.139209747314453,25.791067123413086,0.17005562782287598,10.8896,False,False
1884,1,-25.0,25.0,-14.189001083374023,25.787439346313477,0.17003796994686127,10.8396,False,False
1885,1,-25.0,25.0,-14.238792419433594,25.7838134765625,0.17004211246967316,10.7897,False,False
1886,1,-25.0,25.0,-14.288583755493164,25.780187606811523,0.17006586492061615,10.7398,False,False
1887,1,-25.0,25.0,-14.338374137878418,25.776559829711914,0.17010726034641266,10.6899,False,False
1888,1,-25.0,25.0,-14.388165473937988,25.772933959960938,0.1701057255268097,10.6399,False,False
1889,1,-25.0,25.0,-14.437956809997559,25.769306182861328,0.17006556689739227,10.59,False,False
1890,1,-25.0,25.0,-14.487748146057129,25.76568031311035,0.17004942893981934,10.5401,False,False
1891,1,-25.0,25.0,-14.537538528442383,25.762054443359375,0.17005492746829987,10.4902,False,False
1892,1,-25.0,25.0,-14.587329864501953,25.758426666259766,0.17007985711097717,10.4403,False,False
1893,1,-25.0,25.0,-14.637121200561523,25.75480079650879,0.17006349563598633,10.3903,False,False
1894,1,-25.0,25.0,-14.686912536621094,25.75117301940918,0.17006877064704895,10.3404,False,False
1895,1,-25.0,25.0,-14.736703872680664,25.747547149658203,0.17009350657463074,10.2905,False,False
1896,1,-25.0,25.0,-14.786494255065918,25.743921279907227,0.17007695138454437,10.2406,False,False
1897,1,-25.0,25.0,-14.836285591125488,25.740293502807617,0.17002324759960175,10.1906,False,False
1898,1,-25.0,25.0,-14.886076927185059,25.73666763305664,0.16999490559101105,10.1407,False,False
1899,1,-25.0,25.0,-14.935868263244629,25.73303985595703,0.16998936235904694,10.0908,False,False
1900,1,-25.0,25.0,-14.9856595993042,25.729413986206055,0.17000435292720795,10.0409,False,False
1901,1,-25.0,25.0,-15.035431861877441,25.725788116455078,0.17003780603408813,9.991,False,False
1902,1,-25.0,25.0,-15.085162162780762,25.722166061401367,0.17008787393569946,9.9411,False,False
1903,1,-25.0,25.0,-15.1348295211792,25.718547821044922,0.1700940877199173,9.8913,False,False
1904,1,-25.0,25.0,-15.184415817260742,25.714937210083008,0.17006082832813263,9.8416,False,False
1905,1,-25.0,25.0,-15.233904838562012,25.711332321166992,0.16999205946922302,9.792,False,False
1906,1,-25.0,25.0,-15.283280372619629,25.707735061645508,0.16995011270046234,9.7425,False,False
1907,1,-25.0,25.0,-15.332530975341797,25.70414924621582,0.1699322909116745,9.6931,False,False
1908,1,-25.0,25.0,-15.38164234161377,25.700571060180664,0.1699361950159073,9.6438,False,False
1909,1,-25.0,25.0,-15.430604934692383,25.697004318237305,0.1699596494436264,9.5947,False,False
1910,1,-25.0,25.0,-15.479410171508789,25.693450927734375,0.17000065743923187,9.5458,False,False
1911,1,-25.0,25.0,-15.528047561645508,25.68990707397461,0.170057475566864,9.497,False,False
1912,1,-25.0,25.0,-15.57651138305664,25.686378479003906,0.17006973922252655,9.4485,False,False
1913,1,-25.0,25.0,-15.62479305267334,25.682861328125,0.17004185914993286,9.4,False,False
1914,1,-25.0,25.0,-15.672887802124023,25.679357528686523,0.1700366884469986,9.3518,False,False
1915,1,-25.0,25.0,-15.72079086303711,25.67586898803711,0.1700519323348999,9.3038,False,False
1916,1,-25.0,25.0,-15.768495559692383,25.672393798828125,0.1700267493724823,9.256,False,False
1917,1,-25.0,25.0,-15.815999984741211,25.668933868408203,0.17002397775650024,9.2083,False,False
1918,1,-25.0,25.0,-15.863299369812012,25.665489196777344,0.17004138231277466,9.1609,False,False
1919,1,-25.0,25.0,-15.910391807556152,25.662057876586914,0.17001810669898987,9.1137,False,False
1920,1,-25.0,25.0,-15.95727252960205,25.65864372253418,0.1700170487165451,9.0667,False,False
1921,1,-25.0,25.0,-16.00394058227539,25.655244827270508,0.1700359731912613,9.0199,False,False
1922,1,-25.0,25.0,-16.05039405822754,25.6518611907959,0.17001408338546753,8.9733,False,False
1923,1,-25.0,25.0,-16.096630096435547,25.64849281311035,0.17001424729824066,8.927,False,False
1924,1,-25.0,25.0,-16.142648696899414,25.6451416015625,0.170034259557724,8.8808,False,False
1925,1,-25.0,25.0,-16.18844985961914,25.64180564880371,0.17001333832740784,8.8349,False,False
1926,1,-25.0,25.0,-16.23402976989746,25.638484954833984,0.17001435160636902,8.7892,False,False
1927,1,-25.0,25.0,-16.279388427734375,25.635181427001953,0.17003512382507324,8.7437,False,False
1928,1,-25.0,25.0,-16.324525833129883,25.631895065307617,0.1700148731470108,8.6985,False,False
1929,1,-25.0,25.0,-16.369441986083984,25.62862205505371,0.17001648247241974,8.6534,False,False
1930,1,-25.0,25.0,-16.414134979248047,25.6253662109375,0.17003777623176575,8.6086,False,False
1931,1,-25.0,25.0,-16.458606719970703,25.622127532958984,0.17001798748970032,8.564,False,False
1932,1,-25.0,25.0,-16.502857208251953,25.61890411376953,0.1700199991464615,8.5197,False,False
1933,1,-25.0,25.0,-16.546886444091797,25.615697860717773,0.17004165053367615,8.4755,False,False
1934,1,-25.0,25.0,-16.5906925201416,25.612506866455078,0.1700221598148346,8.4316,False,False
1935,1,-25.0,25.0,-16.63427734375,25.609333038330078,0.16996565461158752,8.3879,False,False
1936,1,-25.0,25.0,-16.677642822265625,25.60617446899414,0.16993461549282074,8.3444,False,False
1937,1,-25.0,25.0,-16.72078514099121,25.603031158447266,0.1699265092611313,8.3011,False,False
1938,1,-25.0,25.0,-16.763710021972656,25.599905014038086,0.1699390411376953,8.2581,False,False
1939,1,-25.0,25.0,-16.806415557861328,25.59679412841797,0.16997011005878448,8.2153,False,False
1940,1,-25.0,25.0,-16.848901748657227,25.593700408935547,0.17001788318157196,8.1727,False,False
1941,1,-25.0,25.0,-16.89116859436035,25.590621948242188,0.1700218766927719,8.1303,False,False
1942,1,-25.0,25.0,-16.93321990966797,25.58755874633789,0.16998648643493652,8.0881,False,False
1943,1,-25.0,25.0,-16.975053787231445,25.584510803222656,0.1699744313955307,8.0462,False,False
1944,1,-25.0,25.0,-17.016672134399414,25.581480026245117,0.1699833869934082,8.0045,False,False
1945,1,-25.0,25.0,-17.058076858520508,25.57846450805664,0.1700112223625183,7.963,False,False
1946,1,-25.0,25.0,-17.099266052246094,25.575464248657227,0.16999727487564087,7.9217,False,False
1947,1,-25.0,25.0,-17.140241622924805,25.572479248046875,0.17000451683998108,7.8806,False,False
1948,1,-25.0,25.0,-17.181005477905273,25.569509506225586,0.17003081738948822,7.8397,False,False
1949,1,-25.0,25.0,-17.221559524536133,25.566556930541992,0.17001545429229736,7.799,False,False
1950,1,-25.0,25.0,-17.261899948120117,25.563617706298828,0.16996262967586517,7.7586,False,False
1951,1,-25.0,25.0,-17.302032470703125,25.56069564819336,0.16993486881256104,7.7184,False,False
1952,1,-25.0,25.0,-17.341957092285156,25.55778694152832,0.1699296534061432,7.6783,False,False
1953,1,-25.0,25.0,-17.38167381286621,25.554893493652344,0.16994473338127136,7.6385,False,False
1954,1,-25.0,25.0,-17.42118263244629,25.552017211914062,0.1699780821800232,7.5989,False,False
1955,1,-25.0,25.0,-17.460487365722656,25.54915428161621,0.17002785205841064,7.5595,False,False
1956,1,-25.0,25.0,-17.49958610534668,25.546306610107422,0.17003360390663147,7.5203,False,False
1957,1,-25.0,25.0,-17.538480758666992,25.543472290039062,0.16999974846839905,7.4813,False,False
1958,1,-25.0,25.0,-17.577173233032227,25.5406551361084,0.16993024945259094,7.4425,False,False
1959,1,-25.0,25.0,-17.615663528442383,25.537851333618164,0.1698874682188034,7.4039,False,False
1960,1,-25.0,25.0,-17.653953552246094,25.535062789916992,0.16986872255802155,7.3655,False,False
1961,1,-25.0,25.0,-17.69204330444336,25.53228759765625,0.16987161338329315,7.3273,False,False
1962,1,-25.0,25.0,-17.729934692382812,25.52952766418457,0.16989395022392273,7.2893,False,False
1963,1,-25.0,25.0,-17.767627716064453,25.526782989501953,0.16993381083011627,7.2515,False,False
1964,1,-25.0,25.0,-17.805124282836914,25.524051666259766,0.1699894219636917,7.2139,False,False
1965,1,-25.0,25.0,-17.842424392700195,25.521333694458008,0.1700592190027237,7.1765,False,False
1966,1,-25.0,25.0,-17.87952995300293,25.518630981445312,0.17002417147159576,7.1393,False,False
1967,1,-25.0,25.0,-17.916440963745117,25.51594352722168,0.16995356976985931,7.1023,False,False
1968,1,-25.0,25.0,-17.95315933227539,25.513269424438477,0.1699097752571106,7.0655,False,False
1969,1,-25.0,25.0,-17.989686965942383,25.510608673095703,0.16989010572433472,7.0289,False,False
1970,1,-25.0,25.0,-18.02602195739746,25.50796127319336,0.16989214718341827,6.9925,False,False
1971,1,-25.0,25.0,-18.062166213989258,25.505329132080078,0.16991370916366577,6.9562,False,False
1972,1,-25.0,25.0,-18.09812355041504,25.502710342407227,0.16995283961296082,6.9202,False,False
1973,1,-25.0,25.0,-18.133892059326172,25.500104904174805,0.17000778019428253,6.8843,False,False
1974,1,-25.0,25.0,-18.16947364807129,25.497512817382812,0.17001815140247345,6.8486,False,False
1975,1,-25.0,25.0,-18.20486831665039,25.49493408203125,0.16998842358589172,6.8131,False,False
1976,1,-25.0,25.0,-18.24007797241211,25.49237060546875,0.1699225902557373,6.7778,False,False
1977,1,-25.0,25.0,-18.275102615356445,25.489818572998047,0.16988307237625122,6.7427,False,False
1978,1,-25.0,25.0,-18.309946060180664,25.487281799316406,0.16986721754074097,6.7078,False,False
1979,1,-25.0,25.0,-18.344606399536133,25.484756469726562,0.16987267136573792,6.673,False,False
1980,1,-25.0,25.0,-18.37908363342285,25.48224449157715,0.16989730298519135,6.6385,False,False
1981,1,-25.0,25.0,-18.413381576538086,25.479747772216797,0.16993917524814606,6.6041,False,False
1982,1,-25.0,25.0,-18.447500228881836,25.477262496948242,0.16999657452106476,6.5699,False,False
1983,1,-25.0,25.0,-18.481441497802734,25.474790573120117,0.17000915110111237,6.5358,False,False
1984,1,-25.0,25.0,-18.51520347595215,25.47233009338379,0.16998136043548584,6.502,False,False
1985,1,-25.0,25.0,-18.54878807067871,25.469884872436523,0.1699172854423523,6.4683,False,False
1986,1,-25.0,25.0,-18.582199096679688,25.467451095581055,0.16987931728363037,6.4348,False,False
1987,1,-25.0,25.0,-18.615432739257812,25.465030670166016,0.16986484825611115,6.4015,False,False
1988,1,-25.0,25.0,-18.648494720458984,25.462621688842773,0.16987153887748718,6.3683,False,False
1989,1,-25.0,25.0,-18.681381225585938,25.46022605895996,0.16989725828170776,6.3354,False,False
1990,1,-25.0,25.0,-18.71409797668457,25.457843780517578,0.16994011402130127,6.3026,False,False
1991,1,-25.0,25.0,-18.746641159057617,25.455472946166992,0.16999836266040802,6.2699,False,False
1992,1,-25.0,25.0,-18.779016494750977,25.453115463256836,0.17001168429851532,6.2375,False,False
1993,1,-25.0,25.0,-18.811220169067383,25.450769424438477,0.1699845790863037,6.2052,False,False
1994,1,-25.0,25.0,-18.8432559967041,25.448436737060547,0.16992108523845673,6.1731,False,False
1995,1,-25.0,25.0,-18.875123977661133,25.446115493774414,0.1698836386203766,6.1411,False,False
1996,1,-25.0,25.0,-18.906824111938477,25.443805694580078,0.16986961662769318,6.1093,False,False
1997,1,-25.0,25.0,-18.9383602142334,25.441509246826172,0.16987669467926025,6.0777,False,False
1998,1,-25.0,25.0,-18.969728469848633,25.439224243164062,0.1699027568101883,6.0462,False,False
1999,1,-25.0,25.0,-19.000934600830078,25.436952590942383,0.16994591057300568,6.015,False,False
2000,1,-25.0,25.0,-19.0319766998291,25.434690475463867,0.17000441253185272,5.9838,False,False
2001,1,-25.0,25.0,-19.062856674194336,25.43244171142578,0.17001795768737793,5.9529,False,False
2002,1,-25.0,25.0,-19.09357452392578,25.430204391479492,0.16999103128910065,5.9221,False,False
2003,1,-25.0,25.0,-19.12413215637207,25.427978515625,0.1699276864528656,5.8914,False,False
2004,1,-25.0,25.0,-19.15452766418457,25.425764083862305,0.169890359044075,5.861,False,False
2005,1,-25.0,25.0,-19.18476676940918,25.423561096191406,0.16987645626068115,5.8306,False,False
2006,1,-25.0,25.0,-19.214845657348633,25.421371459960938,0.1698836237192154,5.8005,False,False
2007,1,-25.0,25.0,-19.244766235351562,25.419191360473633,0.1699097454547882,5.7705,False,False
2008,1,-25.0,25.0,-19.274532318115234,25.417024612426758,0.16995292901992798,5.7406,False,False
2009,1,-25.0,25.0,-19.304141998291016,25.414867401123047,0.1700114756822586,5.7109,False,False
2010,1,-25.0,25.0,-19.333595275878906,25.412721633911133,0.170025035738945,5.6814,False,False
2011,1,-25.0,25.0,-19.36289405822754,25.410587310791016,0.1699393093585968,5.652,False,False
2012,1,-25.0,25.0,-19.39204216003418,25.408464431762695,0.16988183557987213,5.6228,False,False
2013,1,-25.0,25.0,-19.421035766601562,25.406352996826172,0.16984979808330536,5.5937,False,False
2014,1,-25.0,25.0,-19.44987678527832,25.404253005981445,0.16984061896800995,5.5648,False,False
2015,1,-25.0,25.0,-19.478567123413086,25.402162551879883,0.16985204815864563,5.5361,False,False
2016,1,-25.0,25.0,-19.50710678100586,25.400083541870117,0.16988199949264526,5.5074,False,False
2017,1,-25.0,25.0,-19.535497665405273,25.39801597595215,0.16992861032485962,5.479,False,False
2018,1,-25.0,25.0,-19.563739776611328,25.395957946777344,0.16999022662639618,5.4507,False,False
2019,1,-25.0,25.0,-19.591835021972656,25.393911361694336,0.17000654339790344,5.4225,False,False
2020,1,-25.0,25.0,-19.619781494140625,25.391876220703125,0.16998209059238434,5.3945,False,False
2021,1,-25.0,25.0,-19.6475830078125,25.38985252380371,0.16992096602916718,5.3666,False,False
2022,1,-25.0,25.0,-19.67523765563965,25.38783836364746,0.16988560557365417,5.3389,False,False
2023,1,-25.0,25.0,-19.702747344970703,25.385833740234375,0.1698734611272812,5.3113,False,False
2024,1,-25.0,25.0,-19.730113983154297,25.383840560913086,0.1698821783065796,5.2838,False,False
2025,1,-25.0,25.0,-19.757335662841797,25.38185691833496,0.16990968585014343,5.2566,False,False
2026,1,-25.0,25.0,-19.78441619873047,25.379884719848633,0.1699541062116623,5.2294,False,False
2027,1,-25.0,25.0,-19.81135368347168,25.3779239654541,0.16995494067668915,5.2024,False,False
2028,1,-25.0,25.0,-19.838151931762695,25.3759708404541,0.1699165403842926,5.1755,False,False
2029,1,-25.0,25.0,-19.86480712890625,25.3740291595459,0.16990165412425995,5.1488,False,False
2030,1,-25.0,25.0,-19.891324996948242,25.372098922729492,0.16990789771080017,5.1222,False,False
2031,1,-25.0,25.0,-19.917701721191406,25.370176315307617,0.16993318498134613,5.0958,False,False
2032,1,-25.0,25.0,-19.94394302368164,25.36826515197754,0.16997559368610382,5.0695,False,False
2033,1,-25.0,25.0,-19.97004508972168,25.366365432739258,0.16997461020946503,5.0433,False,False
2034,1,-25.0,25.0,-19.996009826660156,25.364473342895508,0.16993458569049835,5.0172,False,False
2035,1,-25.0,25.0,-20.021839141845703,25.362592697143555,0.1699182093143463,4.9913,False,False
2036,1,-25.0,25.0,-20.047534942626953,25.360719680786133,0.16992312669754028,4.9656,False,False
2037,1,-25.0,25.0,-20.07309341430664,25.358858108520508,0.16994720697402954,4.94,False,False
2038,1,-25.0,25.0,-20.09851837158203,25.35700798034668,0.1699885129928589,4.9145,False,False
2039,1,-25.0,25.0,-20.123811721801758,25.355165481567383,0.1699865460395813,4.8891,False,False
2040,1,-25.0,25.0,-20.148971557617188,25.35333251953125,0.169945627450943,4.8639,False,False
2041,1,-25.0,25.0,-20.173999786376953,25.35150909423828,0.16992846131324768,4.8388,False,False
2042,1,-25.0,25.0,-20.198896408081055,25.349695205688477,0.16993264853954315,4.8138,False,False
2043,1,-25.0,25.0,-20.223663330078125,25.34789276123047,0.16995607316493988,4.789,False,False
2044,1,-25.0,25.0,-20.24829864501953,25.346097946166992,0.16993798315525055,4.7643,False,False
2045,1,-25.0,25.0,-20.27280616760254,25.34431266784668,0.16994136571884155,4.7397,False,False
2046,1,-25.0,25.0,-20.29718589782715,25.34253692626953,0.1699640452861786,4.7153,False,False
2047,1,-25.0,25.0,-20.32143783569336,25.340770721435547,0.16994529962539673,4.691,False,False
2048,1,-25.0,25.0,-20.345561981201172,25.339014053344727,0.16988927125930786,4.6668,False,False
2049,1,-25.0,25.0,-20.36956024169922,25.337265014648438,0.16985850036144257,4.6427,False,False
2050,1,-25.0,25.0,-20.3934326171875,25.335527420043945,0.1698504388332367,4.6188,False,False
2051,1,-25.0,25.0,-20.417179107666016,25.333797454833984,0.16986283659934998,4.595,False,False
2052,1,-25.0,25.0,-20.4408016204834,25.332077026367188,0.16989363729953766,4.5713,False,False
2053,1,-25.0,25.0,-20.46430015563965,25.330364227294922,0.1699409931898117,4.5477,False,False
2054,1,-25.0,25.0,-20.4876766204834,25.328662872314453,0.1700032502412796,4.5243,False,False
2055,1,-25.0,25.0,-20.510929107666016,25.326969146728516,0.16996131837368011,4.501,False,False
2056,1,-25.0,25.0,-20.534061431884766,25.32528305053711,0.16988441348075867,4.4778,False,False
2057,1,-25.0,25.0,-20.557071685791016,25.3236083984375,0.16983485221862793,4.4547,False,False
2058,1,-25.0,25.0,-20.579959869384766,25.321941375732422,0.16980987787246704,4.4317,False,False
2059,1,-25.0,25.0,-20.60272979736328,25.320281982421875,0.1698070466518402,4.4089,False,False
2060,1,-25.0,25.0,-20.62537956237793,25.318632125854492,0.16982412338256836,4.3862,False,False
2061,1,-25.0,25.0,-20.647911071777344,25.316991806030273,0.1698591411113739,4.3636,False,False
2062,1,-25.0,25.0,-20.670324325561523,25.315359115600586,0.1699102818965912,4.3411,False,False
2063,1,-25.0,25.0,-20.6926212310791,25.31373405456543,0.16997593641281128,4.3188,False,False
2064,1,-25.0,25.0,-20.714799880981445,25.312118530273438,0.16999585926532745,4.2966,False,False
2065,1,-25.0,25.0,-20.73686408996582,25.31051254272461,0.16997464001178741,4.2744,False,False
2066,1,-25.0,25.0,-20.75881004333496,25.308914184570312,0.16991636157035828,4.2524,False,False
2067,1,-25.0,25.0,-20.780643463134766,25.307323455810547,0.16988356411457062,4.2305,False,False
2068,1,-25.0,25.0,-20.80236053466797,25.305742263793945,0.1698736697435379,4.2088,False,False
2069,1,-25.0,25.0,-20.823965072631836,25.304168701171875,0.16988439857959747,4.1871,False,False
2070,1,-25.0,25.0,-20.845455169677734,25.302602767944336,0.16991367936134338,4.1656,False,False
2071,1,-25.0,25.0,-20.866832733154297,25.30104637145996,0.1699596494436264,4.1441,False,False
2072,1,-25.0,25.0,-20.888099670410156,25.299495697021484,0.1699618697166443,4.1228,False,False
2073,1,-25.0,25.0,-20.90925407409668,25.297956466674805,0.16992469131946564,4.1016,False,False
2074,1,-25.0,25.0,-20.9302978515625,25.296422958374023,0.16991086304187775,4.0805,False,False
2075,1,-25.0,25.0,-20.951231002807617,25.294898986816406,0.16991804540157318,4.0595,False,False
2076,1,-25.0,25.0,-20.972055435180664,25.293380737304688,0.1699441522359848,4.0386,False,False
2077,1,-25.0,25.0,-20.992769241333008,25.291872024536133,0.16992846131324768,4.0178,False,False
2078,1,-25.0,25.0,-21.013376235961914,25.290372848510742,0.1699339747428894,3.9972,False,False
2079,1,-25.0,25.0,-21.03387451171875,25.28887939453125,0.16995856165885925,3.9766,False,False
2080,1,-25.0,25.0,-21.054264068603516,25.28739356994629,0.16994152963161469,3.9562,False,False
2081,1,-25.0,25.0,-21.074548721313477,25.285917282104492,0.1698870062828064,3.9359,False,False
2082,1,-25.0,25.0,-21.0947265625,25.284446716308594,0.16985757648944855,3.9156,False,False
2083,1,-25.0,25.0,-21.114797592163086,25.28298568725586,0.16985072195529938,3.8955,False,False
2084,1,-25.0,25.0,-21.134763717651367,25.281530380249023,0.16986416280269623,3.8755,False,False
2085,1,-25.0,25.0,-21.154624938964844,25.28008460998535,0.16989590227603912,3.8556,False,False
2086,1,-25.0,25.0,-21.17438316345215,25.278644561767578,0.16994407773017883,3.8358,False,False
2087,1,-25.0,25.0,-21.19403648376465,25.27721405029297,0.1699482500553131,3.816,False,False
2088,1,-25.0,25.0,-21.21358871459961,25.275789260864258,0.16991284489631653,3.7964,False,False
2089,1,-25.0,25.0,-21.233036041259766,25.274372100830078,0.16990061104297638,3.7769,False,False
2090,1,-25.0,25.0,-21.252384185791016,25.27296257019043,0.16990920901298523,3.7575,False,False
2091,1,-25.0,25.0,-21.271629333496094,25.271562576293945,0.16993658244609833,3.7382,False,False
2092,1,-25.0,25.0,-21.290773391723633,25.270166397094727,0.16992203891277313,3.7191,False,False
2093,1,-25.0,25.0,-21.309816360473633,25.268779754638672,0.16992856562137604,3.7,False,False
2094,1,-25.0,25.0,-21.32876205444336,25.26740074157715,0.1699540764093399,3.681,False,False
2095,1,-25.0,25.0,-21.347606658935547,25.266027450561523,0.1699378490447998,3.6621,False,False
2096,1,-25.0,25.0,-21.366352081298828,25.26466178894043,0.16988405585289001,3.6433,False,False
2097,1,-25.0,25.0,-21.385000228881836,25.263303756713867,0.1698552817106247,3.6246,False,False
2098,1,-25.0,25.0,-21.403549194335938,25.261953353881836,0.1698489934206009,3.606,False,False
2099,1,-25.0,25.0,-21.4220027923584,25.260608673095703,0.16986297070980072,3.5875,False,False
2100,1,-25.0,25.0,-21.440359115600586,25.2592716217041,0.16989515721797943,3.5691,False,False
2101,1,-25.0,25.0,-21.4586181640625,25.25794219970703,0.16994373500347137,3.5508,False,False
2102,1,-25.0,25.0,-21.476781845092773,25.25661849975586,0.1699482798576355,3.5326,False,False
2103,1,-25.0,25.0,-21.49485206604004,25.25530242919922,0.16991320252418518,3.5144,False,False
2104,1,-25.0,25.0,-21.51282501220703,25.25399398803711,0.16990123689174652,3.4964,False,False
2105,1,-25.0,25.0,-21.53070640563965,25.2526912689209,0.16991010308265686,3.4785,False,False
2106,1,-25.0,25.0,-21.548492431640625,25.25139617919922,0.16993768513202667,3.4607,False,False
2107,1,-25.0,25.0,-21.566184997558594,25.250106811523438,0.169923335313797,3.4429,False,False
2108,1,-25.0,25.0,-21.583784103393555,25.248825073242188,0.16993004083633423,3.4253,False,False
2109,1,-25.0,25.0,-21.601293563842773,25.24755096435547,0.1698969006538391,3.4077,False,False
2110,1,-25.0,25.0,-21.618709564208984,25.246280670166016,0.16988667845726013,3.3902,False,False
2111,1,-25.0,25.0,-21.63603401184082,25.245019912719727,0.16989710927009583,3.3729,False,False
2112,1,-25.0,25.0,-21.65326690673828,25.243764877319336,0.16992610692977905,3.3556,False,False
2113,1,-25.0,25.0,-21.670412063598633,25.242515563964844,0.16991302371025085,3.3384,False,False
2114,1,-25.0,25.0,-21.68746566772461,25.241273880004883,0.16992086172103882,3.3213,False,False
2115,1,-25.0,25.0,-21.704429626464844,25.24003791809082,0.1699475347995758,3.3043,False,False
2116,1,-25.0,25.0,-21.72130584716797,25.23880958557129,0.16993235051631927,3.2874,False,False
2117,1,-25.0,25.0,-21.73809242248535,25.237586975097656,0.1698795109987259,3.2705,False,False
2118,1,-25.0,25.0,-21.754791259765625,25.236370086669922,0.16985155642032623,3.2538,False,False
2119,1,-25.0,25.0,-21.77140235900879,25.23516082763672,0.16984602808952332,3.2372,False,False
2120,1,-25.0,25.0,-21.787925720214844,25.23395538330078,0.16986066102981567,3.2206,False,False
2121,1,-25.0,25.0,-21.804363250732422,25.232759475708008,0.16989344358444214,3.2041,False,False
2122,1,-25.0,25.0,-21.820714950561523,25.2315673828125,0.16994255781173706,3.1877,False,False
2123,1,-25.0,25.0,-21.83698081970215,25.230382919311523,0.1699475795030594,3.1714,False,False
2124,1,-25.0,25.0,-21.85316276550293,25.229204177856445,0.1699129194021225,3.1552,False,False
2125,1,-25.0,25.0,-21.8692569732666,25.2280330657959,0.16990132629871368,3.139,False,False
2126,1,-25.0,25.0,-21.885269165039062,25.226865768432617,0.1699105203151703,3.123,False,False
2127,1,-25.0,25.0,-21.901195526123047,25.225706100463867,0.16993840038776398,3.107,False,False
2128,1,-25.0,25.0,-21.91703987121582,25.224552154541016,0.1699243187904358,3.0911,False,False
2129,1,-25.0,25.0,-21.93280029296875,25.223403930664062,0.16987244784832,3.0753,False,False
2130,1,-25.0,25.0,-21.94847869873047,25.222261428833008,0.16984538733959198,3.0596,False,False
2131,1,-25.0,25.0,-21.964075088500977,25.221126556396484,0.16984064877033234,3.044,False,False
2132,1,-25.0,25.0,-21.97958755493164,25.219995498657227,0.169855996966362,3.0284,False,False
2133,1,-25.0,25.0,-21.99502182006836,25.2188720703125,0.1698894202709198,3.0129,False,False
2134,1,-25.0,25.0,-22.010372161865234,25.217754364013672,0.1699391007423401,2.9975,False,False
2135,1,-25.0,25.0,-22.025644302368164,25.216642379760742,0.169944629073143,2.9822,False,False
2136,1,-25.0,25.0,-22.040836334228516,25.21553611755371,0.16991043090820312,2.967,False,False
2137,1,-25.0,25.0,-22.055946350097656,25.214433670043945,0.16989924013614655,2.9519,False,False
2138,1,-25.0,25.0,-22.070980072021484,25.21333885192871,0.1699087917804718,2.9368,False,False
2139,1,-25.0,25.0,-22.085933685302734,25.212249755859375,0.16993699967861176,2.9218,False,False
2140,1,-25.0,25.0,-22.10080909729004,25.211166381835938,0.16992320120334625,2.9069,False,False
2141,1,-25.0,25.0,-22.1156063079834,25.2100887298584,0.16987158358097076,2.892,False,False
2142,1,-25.0,25.0,-22.130325317382812,25.209016799926758,0.16984474658966064,2.8773,False,False
2143,1,-25.0,25.0,-22.144968032836914,25.207950592041016,0.16984021663665771,2.8626,False,False
2144,1,-25.0,25.0,-22.15953254699707,25.206890106201172,0.1698557287454605,2.848,False,False
2145,1,-25.0,25.0,-22.174022674560547,25.205835342407227,0.16988931596279144,2.8335,False,False
2146,1,-25.0,25.0,-22.188434600830078,25.204784393310547,0.16993914544582367,2.819,False,False
2147,1,-25.0,25.0,-22.20277214050293,25.2037410736084,0.16994479298591614,2.8046,False,False
2148,1,-25.0,25.0,-22.2170352935791,25.202701568603516,0.16991069912910461,2.7903,False,False
2149,1,-25.0,25.0,-22.23122215270996,25.20166778564453,0.16989962756633759,2.7761,False,False
2150,1,-25.0,25.0,-22.245336532592773,25.200639724731445,0.16990926861763,2.762,False,False
2151,1,-25.0,25.0,-22.259374618530273,25.199617385864258,0.16993755102157593,2.7479,False,False
2152,1,-25.0,25.0,-22.273340225219727,25.19860076904297,0.1699238270521164,2.7339,False,False
2153,1,-25.0,25.0,-22.287233352661133,25.197587966918945,0.16987226903438568,2.72,False,False
2154,1,-25.0,25.0,-22.301054000854492,25.196582794189453,0.16984549164772034,2.7061,False,False
2155,1,-25.0,25.0,-22.314800262451172,25.195581436157227,0.169841006398201,2.6923,False,False
2156,1,-25.0,25.0,-22.328475952148438,25.194583892822266,0.16985656321048737,2.6786,False,False
2157,1,-25.0,25.0,-22.342079162597656,25.193593978881836,0.16989018023014069,2.665,False,False
2158,1,-25.0,25.0,-22.355609893798828,25.192607879638672,0.1699400544166565,2.6514,False,False
2159,1,-25.0,25.0,-22.36907196044922,25.191627502441406,0.16994573175907135,2.6379,False,False
2160,1,-25.0,25.0,-22.382461547851562,25.19065284729004,0.16991166770458221,2.6245,False,False
2161,1,-25.0,25.0,-22.395782470703125,25.189682006835938,0.16990059614181519,2.6111,False,False
2162,1,-25.0,25.0,-22.409032821655273,25.188716888427734,0.1699102520942688,2.5978,False,False
2163,1,-25.0,25.0,-22.422212600708008,25.18775749206543,0.16993854939937592,2.5846,False,False
2164,1,-25.0,25.0,-22.435325622558594,25.18680191040039,0.16992482542991638,2.5715,False,False
2165,1,-25.0,25.0,-22.448368072509766,25.18585205078125,0.16987328231334686,2.5584,False,False
2166,1,-25.0,25.0,-22.461341857910156,25.184907913208008,0.16984650492668152,2.5454,False,False
2167,1,-25.0,25.0,-22.4742488861084,25.18396759033203,0.16984200477600098,2.5324,False,False
2168,1,-25.0,25.0,-22.48708724975586,25.18303108215332,0.16985756158828735,2.5196,False,False
2169,1,-25.0,25.0,-22.499858856201172,25.18210220336914,0.16989116370677948,2.5068,False,False
2170,1,-25.0,25.0,-22.512563705444336,25.181175231933594,0.1699410229921341,2.494,False,False
2171,1,-25.0,25.0,-22.52520179748535,25.180255889892578,0.16994670033454895,2.4814,False,False
2172,1,-25.0,25.0,-22.53777313232422,25.179340362548828,0.16991262137889862,2.4687,False,False
2173,1,-25.0,25.0,-22.55027961730957,25.178428649902344,0.1699015498161316,2.4562,False,False
2174,1,-25.0,25.0,-22.562719345092773,25.177522659301758,0.169911190867424,2.4437,False,False
2175,1,-25.0,25.0,-22.57509422302246,25.17662239074707,0.16993947327136993,2.4313,False,False
2176,1,-25.0,25.0,-22.587404251098633,25.17572593688965,0.1699257493019104,2.419,False,False
2177,1,-25.0,25.0,-22.59964942932129,25.174833297729492,0.1698741912841797,2.4067,False,False
2178,1,-25.0,25.0,-22.61182975769043,25.173946380615234,0.16984739899635315,2.3945,False,False
2179,1,-25.0,25.0,-22.623947143554688,25.173063278198242,0.1698428988456726,2.3823,False,False
2180,1,-25.0,25.0,-22.636001586914062,25.17218589782715,0.16985845565795898,2.3703,False,False
2181,1,-25.0,25.0,-22.647991180419922,25.17131233215332,0.1698920577764511,2.3582,False,False
2182,1,-25.0,25.0,-22.65991973876953,25.170442581176758,0.16994190216064453,2.3463,False,False
2183,1,-25.0,25.0,-22.671785354614258,25.169578552246094,0.1699475646018982,2.3344,False,False
2184,1,-25.0,25.0,-22.6835880279541,25.168720245361328,0.16991348564624786,2.3225,False,False
2185,1,-25.0,25.0,-22.695327758789062,25.167863845825195,0.16990239918231964,2.3108,False,False
2186,1,-25.0,25.0,-22.707008361816406,25.16701316833496,0.16991204023361206,2.2991,False,False
2187,1,-25.0,25.0,-22.718626022338867,25.166168212890625,0.16994032263755798,2.2874,False,False
2188,1,-25.0,25.0,-22.730182647705078,25.165325164794922,0.16992658376693726,2.2758,False,False
2189,1,-25.0,25.0,-22.741680145263672,25.164487838745117,0.16987502574920654,2.2643,False,False
2190,1,-25.0,25.0,-22.753116607666016,25.163654327392578,0.16984823346138,2.2528,False,False
2191,1,-25.0,25.0,-22.76449203491211,25.162826538085938,0.16984371840953827,2.2414,False,False
2192,1,-25.0,25.0,-22.775808334350586,25.162002563476562,0.16985927522182465,2.2301,False,False
2193,1,-25.0,25.0,-22.787065505981445,25.161182403564453,0.16989286243915558,2.2188,False,False
2194,1,-25.0,25.0,-22.798263549804688,25.16036605834961,0.169942706823349,2.2076,False,False
2195,1,-25.0,25.0,-22.809404373168945,25.159555435180664,0.16994836926460266,2.1964,False,False
2196,1,-25.0,25.0,-22.820484161376953,25.158748626708984,0.16991426050662994,2.1853,False,False
2197,1,-25.0,25.0,-22.83150863647461,25.15794563293457,0.1698443740606308,2.1742,False,False
2198,1,-25.0,25.0,-22.842472076416016,25.157146453857422,0.16980108618736267,2.1632,False,False
2199,1,-25.0,25.0,-22.85338020324707,25.156352996826172,0.16978172957897186,2.1523,False,False
2200,1,-25.0,25.0,-22.86423110961914,25.155561447143555,0.16978392004966736,2.1414,False,False
2201,1,-25.0,25.0,-22.875024795532227,25.154775619506836,0.16980548202991486,2.1306,False,False
2202,1,-25.0,25.0,-22.885761260986328,25.153993606567383,0.16984449326992035,2.1198,False,False
2203,1,-25.0,25.0,-22.896442413330078,25.153215408325195,0.16989921033382416,2.1091,False,False
2204,1,-25.0,25.0,-22.907066345214844,25.152441024780273,0.16996805369853973,2.0985,False,False
2205,1,-25.0,25.0,-22.917634963989258,25.15167236328125,0.16999082267284393,2.0879,False,False
2206,1,-25.0,25.0,-22.92814826965332,25.15090560913086,0.16991330683231354,2.0773,False,False
2207,1,-25.0,25.0,-22.93860626220703,25.150144577026367,0.16980436444282532,2.0669,False,False
2208,1,-25.0,25.0,-22.949010848999023,25.14938735961914,0.1697259247303009,2.0564,False,False
2209,1,-25.0,25.0,-22.95935821533203,25.14863395690918,0.16967491805553436,2.046,False,False
2210,1,-25.0,25.0,-22.969654083251953,25.14788246154785,0.16964863240718842,2.0357,False,False
2211,1,-25.0,25.0,-22.979894638061523,25.147136688232422,0.1696445643901825,2.0255,False,False
2212,1,-25.0,25.0,-22.990079879760742,25.146394729614258,0.1696605235338211,2.0152,False,False
2213,1,-25.0,25.0,-23.000213623046875,25.14565658569336,0.16969448328018188,2.0051,False,False
2214,1,-25.0,25.0,-23.01029396057129,25.144922256469727,0.16974464058876038,1.995,False,False
2215,1,-25.0,25.0,-23.020320892333984,25.144193649291992,0.16980938613414764,1.9849,False,False
2216,1,-25.0,25.0,-23.030296325683594,25.14346694946289,0.1698872596025467,1.9749,False,False
2217,1,-25.0,25.0,-23.040218353271484,25.142744064331055,0.16997694969177246,1.965,False,False
2218,1,-25.0,25.0,-23.05008888244629,25.142024993896484,0.1699596792459488,1.9551,False,False
2219,1,-25.0,25.0,-23.059907913208008,25.14130973815918,0.1699049323797226,1.9452,False,False
2220,1,-25.0,25.0,-23.06967544555664,25.14059829711914,0.16987526416778564,1.9354,False,False
2221,1,-25.0,25.0,-23.079391479492188,25.139890670776367,0.16986817121505737,1.9257,False,False
2222,1,-25.0,25.0,-23.08905601501465,25.13918685913086,0.16988138854503632,1.916,False,False
2223,1,-25.0,25.0,-23.098670959472656,25.138486862182617,0.1699128895998001,1.9064,False,False
2224,1,-25.0,25.0,-23.108234405517578,25.137788772583008,0.169902041554451,1.8968,False,False
2225,1,-25.0,25.0,-23.117748260498047,25.137096405029297,0.16991189122200012,1.8872,False,False
2226,1,-25.0,25.0,-23.12721061706543,25.13640785217285,0.16994035243988037,1.8778,False,False
2227,1,-25.0,25.0,-23.136625289916992,25.13572120666504,0.16992676258087158,1.8683,False,False
2228,1,-25.0,25.0,-23.1459903717041,25.135040283203125,0.1698753535747528,1.8589,False,False
2229,1,-25.0,25.0,-23.155305862426758,25.134361267089844,0.16984868049621582,1.8496,False,False
2230,1,-25.0,25.0,-23.16457176208496,25.133686065673828,0.16984426975250244,1.8403,False,False
2231,1,-25.0,25.0,-23.173789978027344,25.133014678955078,0.16985991597175598,1.831,False,False
2232,1,-25.0,25.0,-23.182960510253906,25.132347106933594,0.16989359259605408,1.8219,False,False
2233,1,-25.0,25.0,-23.192081451416016,25.131681442260742,0.16994351148605347,1.8127,False,False
2234,1,-25.0,25.0,-23.201154708862305,25.13102149963379,0.1699492335319519,1.8036,False,False
2235,1,-25.0,25.0,-23.210182189941406,25.13036346435547,0.16991518437862396,1.7946,False,False
2236,1,-25.0,25.0,-23.219160079956055,25.129709243774414,0.1698453575372696,1.7856,False,False
2237,1,-25.0,25.0,-23.228092193603516,25.129058837890625,0.16980211436748505,1.7766,False,False
2238,1,-25.0,25.0,-23.236976623535156,25.1284122467041,0.16978280246257782,1.7677,False,False
2239,1,-25.0,25.0,-23.24581527709961,25.127769470214844,0.1697850078344345,1.7588,False,False
2240,1,-25.0,25.0,-23.254608154296875,25.12712860107422,0.1698066145181656,1.75,False,False
2241,1,-25.0,25.0,-23.26335334777832,25.12649154663086,0.16984565556049347,1.7412,False,False
2242,1,-25.0,25.0,-23.272052764892578,25.125858306884766,0.16990038752555847,1.7325,False,False
2243,1,-25.0,25.0,-23.28070640563965,25.125226974487305,0.16996924579143524,1.7238,False,False
2244,1,-25.0,25.0,-23.289316177368164,25.12459945678711,0.16999202966690063,1.7152,False,False
2245,1,-25.0,25.0,-23.297880172729492,25.12397575378418,0.16991452872753143,1.7066,False,False
2246,1,-25.0,25.0,-23.306398391723633,25.123355865478516,0.1698056012392044,1.6981,False,False
2247,1,-25.0,25.0,-23.31487274169922,25.122737884521484,0.1697271466255188,1.6896,False,False
2248,1,-25.0,25.0,-23.32330322265625,25.12212371826172,0.16967615485191345,1.6811,False,False
2249,1,-25.0,25.0,-23.331687927246094,25.12151336669922,0.1696498692035675,1.6727,False,False
2250,1,-25.0,25.0,-23.340028762817383,25.120906829833984,0.16964580118656158,1.6644,False,False
2251,1,-25.0,25.0,-23.34832763671875,25.120302200317383,0.169661745429039,1.656,False,False
2252,1,-25.0,25.0,-23.35658073425293,25.119701385498047,0.1696956902742386,1.6478,False,False
2253,1,-25.0,25.0,-23.364791870117188,25.119102478027344,0.16974584758281708,1.6395,False,False
2254,1,-25.0,25.0,-23.37295913696289,25.118507385253906,0.16981059312820435,1.6314,False,False
2255,1,-25.0,25.0,-23.381084442138672,25.117916107177734,0.1698884516954422,1.6232,False,False
2256,1,-25.0,25.0,-23.3891658782959,25.117326736450195,0.16997812688350677,1.6151,False,False
2257,1,-25.0,25.0,-23.397207260131836,25.116741180419922,0.1699608415365219,1.607,False,False
2258,1,-25.0,25.0,-23.40520477294922,25.116159439086914,0.16990607976913452,1.599,False,False
2259,1,-25.0,25.0,-23.41316032409668,25.11557960510254,0.16987641155719757,1.591,False,False
2260,1,-25.0,25.0,-23.42107391357422,25.11500358581543,0.1698693037033081,1.5831,False,False
2261,1,-25.0,25.0,-23.42894744873047,25.114429473876953,0.16988250613212585,1.5752,False,False
2262,1,-25.0,25.0,-23.436777114868164,25.113859176635742,0.16991399228572845,1.5674,False,False
2263,1,-25.0,25.0,-23.444568634033203,25.113292694091797,0.16990312933921814,1.5596,False,False
2264,1,-25.0,25.0,-23.45231819152832,25.112728118896484,0.16991294920444489,1.5518,False,False
2265,1,-25.0,25.0,-23.460025787353516,25.112165451049805,0.16988259553909302,1.5441,False,False
2266,1,-25.0,25.0,-23.467693328857422,25.111608505249023,0.1698748767375946,1.5364,False,False
2267,1,-25.0,25.0,-23.475322723388672,25.111051559448242,0.16988752782344818,1.5287,False,False
2268,1,-25.0,25.0,-23.48291015625,25.110498428344727,0.16991852223873138,1.5211,False,False
2269,1,-25.0,25.0,-23.49045753479004,25.109949111938477,0.16990721225738525,1.5135,False,False
2270,1,-25.0,25.0,-23.497966766357422,25.109403610229492,0.16991662979125977,1.506,False,False
2271,1,-25.0,25.0,-23.505435943603516,25.108858108520508,0.16988591849803925,1.4985,False,False
2272,1,-25.0,25.0,-23.51286506652832,25.108318328857422,0.16987788677215576,1.4911,False,False
2273,1,-25.0,25.0,-23.52025604248047,25.107778549194336,0.16989023983478546,1.4837,False,False
2274,1,-25.0,25.0,-23.52760887145996,25.10724449157715,0.16992096602916718,1.4763,False,False
2275,1,-25.0,25.0,-23.534921646118164,25.10671043395996,0.16990943253040314,1.469,False,False
2276,1,-25.0,25.0,-23.542198181152344,25.10618019104004,0.16985984146595,1.4617,False,False
2277,1,-25.0,25.0,-23.549434661865234,25.105653762817383,0.16983482241630554,1.4544,False,False
2278,1,-25.0,25.0,-23.55663299560547,25.10512924194336,0.16983188688755035,1.4472,False,False
2279,1,-25.0,25.0,-23.56379508972168,25.1046085357666,0.16984885931015015,1.44,False,False
2280,1,-25.0,25.0,-23.570919036865234,25.104089736938477,0.16988374292850494,1.4329,False,False
2281,1,-25.0,25.0,-23.578004837036133,25.103572845458984,0.1699347198009491,1.4258,False,False
2282,1,-25.0,25.0,-23.585054397583008,25.103059768676758,0.16994141042232513,1.4187,False,False
2283,1,-25.0,25.0,-23.592065811157227,25.102548599243164,0.16990824043750763,1.4117,False,False
2284,1,-25.0,25.0,-23.599040985107422,25.102041244506836,0.16989798843860626,1.4047,False,False
2285,1,-25.0,25.0,-23.605979919433594,25.10153579711914,0.169908344745636,1.3977,False,False
2286,1,-25.0,25.0,-23.612882614135742,25.101032257080078,0.16993728280067444,1.3908,False,False
2287,1,-25.0,25.0,-23.619749069213867,25.10053253173828,0.16992412507534027,1.3839,False,False
2288,1,-25.0,25.0,-23.62657928466797,25.100034713745117,0.16987308859825134,1.3771,False,False
2289,1,-25.0,25.0,-23.633373260498047,25.09954071044922,0.16984675824642181,1.3702,False,False
2290,1,-25.0,25.0,-23.640132904052734,25.099048614501953,0.1698426455259323,1.3635,False,False
2291,1,-25.0,25.0,-23.6468563079834,25.09855842590332,0.16985855996608734,1.3567,False,False
2292,1,-25.0,25.0,-23.65354347229004,25.09807014465332,0.16989247500896454,1.35,False,False
2293,1,-25.0,25.0,-23.66019630432129,25.097585678100586,0.16994260251522064,1.3434,False,False
2294,1,-25.0,25.0,-23.66681480407715,25.097105026245117,0.1699485331773758,1.3367,False,False
2295,1,-25.0,25.0,-23.673397064208984,25.09662437438965,0.16991464793682098,1.3301,False,False
2296,1,-25.0,25.0,-23.679946899414062,25.096147537231445,0.16984497010707855,1.3235,False,False
2297,1,-25.0,25.0,-23.686460494995117,25.095672607421875,0.16980186104774475,1.317,False,False
2298,1,-25.0,25.0,-23.692941665649414,25.09520149230957,0.16978266835212708,1.3105,False,False
2299,1,-25.0,25.0,-23.699386596679688,25.0947322845459,0.16978499293327332,1.3041,False,False
2300,1,-25.0,25.0,-23.705799102783203,25.09426498413086,0.16980667412281036,1.2976,False,False
2301,1,-25.0,25.0,-23.71217918395996,25.093799591064453,0.1698457896709442,1.2912,False,False
2302,1,-25.0,25.0,-23.718523025512695,25.093338012695312,0.16990061104297638,1.2849,False,False
2303,1,-25.0,25.0,-23.724836349487305,25.092878341674805,0.16996952891349792,1.2785,False,False
2304,1,-25.0,25.0,-23.73111343383789,25.09242057800293,0.1699923723936081,1.2722,False,False
2305,1,-25.0,25.0,-23.73736000061035,25.09196662902832,0.16991491615772247,1.266,False,False
2306,1,-25.0,25.0,-23.743574142456055,25.09151268005371,0.16980603337287903,1.2598,False,False
2307,1,-25.0,25.0,-23.749753952026367,25.091062545776367,0.169727623462677,1.2536,False,False
2308,1,-25.0,25.0,-23.755901336669922,25.09061622619629,0.16967666149139404,1.2474,False,False
2309,1,-25.0,25.0,-23.76201820373535,25.09016990661621,0.16965040564537048,1.2413,False,False
2310,1,-25.0,25.0,-23.76810073852539,25.0897274017334,0.16964636743068695,1.2352,False,False
2311,1,-25.0,25.0,-23.774152755737305,25.08928680419922,0.16966232657432556,1.2291,False,False
2312,1,-25.0,25.0,-23.780174255371094,25.088848114013672,0.16969630122184753,1.2231,False,False
2313,1,-25.0,25.0,-23.786161422729492,25.088411331176758,0.16974647343158722,1.2171,False,False
2314,1,-25.0,25.0,-23.792118072509766,25.08797836303711,0.16981123387813568,1.2111,False,False
2315,1,-25.0,25.0,-23.798044204711914,25.08754539489746,0.16988910734653473,1.2051,False,False
2316,1,-25.0,25.0,-23.803939819335938,25.087116241455078,0.1699787974357605,1.1992,False,False
2317,1,-25.0,25.0,-23.809803009033203,25.086688995361328,0.16996152698993683,1.1933,False,False
2318,1,-25.0,25.0,-23.815635681152344,25.086265563964844,0.16990678012371063,1.1875,False,False
2319,1,-25.0,25.0,-23.82143783569336,25.08584213256836,0.16987711191177368,1.1817,False,False
2320,1,-25.0,25.0,-23.827211380004883,25.08542251586914,0.16987000405788422,1.1759,False,False
2321,1,-25.0,25.0,-23.83295249938965,25.085002899169922,0.16988322138786316,1.1701,False,False
2322,1,-25.0,25.0,-23.83866310119629,25.08458709716797,0.16991470754146576,1.1644,False,False
2323,1,-25.0,25.0,-23.844345092773438,25.08417320251465,0.16990384459495544,1.1587,False,False
2324,1,-25.0,25.0,-23.84999656677246,25.08376121520996,0.16991367936134338,1.153,False,False
2325,1,-25.0,25.0,-23.855619430541992,25.08335304260254,0.16988332569599152,1.1474,False,False
2326,1,-25.0,25.0,-23.8612117767334,25.082944869995117,0.1698756068944931,1.1418,False,False
2327,1,-25.0,25.0,-23.866775512695312,25.08254051208496,0.16988825798034668,1.1362,False,False
2328,1,-25.0,25.0,-23.8723087310791,25.082136154174805,0.16991925239562988,1.1307,False,False
2329,1,-25.0,25.0,-23.87781524658203,25.081735610961914,0.16990794241428375,1.1252,False,False
2330,1,-25.0,25.0,-23.883291244506836,25.081336975097656,0.16991735994815826,1.1197,False,False
2331,1,-25.0,25.0,-23.88873863220215,25.08094024658203,0.16988664865493774,1.1142,False,False
2332,1,-25.0,25.0,-23.89415740966797,25.08054542541504,0.16987860202789307,1.1088,False,False
2333,1,-25.0,25.0,-23.899547576904297,25.08015251159668,0.16989096999168396,1.1034,False,False
2334,1,-25.0,25.0,-23.904909133911133,25.079761505126953,0.16992169618606567,1.098,False,False
2335,1,-25.0,25.0,-23.91024398803711,25.079374313354492,0.16991014778614044,1.0926,False,False
2336,1,-25.0,25.0,-23.915550231933594,25.07898712158203,0.16986055672168732,1.0873,False,False
2337,1,-25.0,25.0,-23.920827865600586,25.078603744506836,0.16983552277088165,1.082,False,False
2338,1,-25.0,25.0,-23.92607879638672,25.07822036743164,0.16983260214328766,1.0768,False,False
2339,1,-25.0,25.0,-23.93130111694336,25.07784080505371,0.16984955966472626,1.0715,False,False
2340,1,-25.0,25.0,-23.93649673461914,25.07746124267578,0.16988442838191986,1.0663,False,False
2341,1,-25.0,25.0,-23.941665649414062,25.077085494995117,0.169935405254364,1.0611,False,False
2342,1,-25.0,25.0,-23.946805953979492,25.076711654663086,0.16994208097457886,1.056,False,False
2343,1,-25.0,25.0,-23.951919555664062,25.076337814331055,0.16990889608860016,1.0509,False,False
2344,1,-25.0,25.0,-23.957008361816406,25.07596778869629,0.16983982920646667,1.0458,False,False
2345,1,-25.0,25.0,-23.962068557739258,25.075599670410156,0.16979727149009705,1.0407,False,False
2346,1,-25.0,25.0,-23.96710205078125,25.075231552124023,0.16977857053279877,1.0356,False,False
2347,1,-25.0,25.0,-23.972110748291016,25.074867248535156,0.16978134214878082,1.0306,False,False
2348,1,-25.0,25.0,-23.97709083557129,25.074504852294922,0.1698034405708313,1.0256,False,False
2349,1,-25.0,25.0,-23.982046127319336,25.07414436340332,0.1698429137468338,1.0207,False,False
2350,1,-25.0,25.0,-23.986976623535156,25.07378578186035,0.16989804804325104,1.0157,False,False
2351,1,-25.0,25.0,-23.991878509521484,25.073427200317383,0.16996726393699646,1.0108,False,False
2352,1,-25.0,25.0,-23.99675750732422,25.07307243347168,0.169931560754776,1.0059,False,False
2353,1,-25.0,25.0,-24.00160789489746,25.07271957397461,0.16986022889614105,1.001,False,False
2354,1,-25.0,25.0,-24.00643539428711,25.07236671447754,0.16981562972068787,0.9962,True,False
2355,2,-25.0,-25.0,-24.01576805114746,25.07170867919922,0.16979509592056274,50.0814,False,False
2356,2,-25.0,-25.0,-24.02915382385254,25.07077407836914,0.1697961986064911,50.0802,False,False
2357,2,-25.0,-25.0,-24.046188354492188,25.069581985473633,0.169816792011261,50.0787,False,False
2358,2,-25.0,-25.0,-24.06650733947754,25.06814956665039,0.16979609429836273,50.0769,False,False
2359,2,-25.0,-25.0,-24.089778900146484,25.066490173339844,0.16973824799060822,50.0748,False,False
2360,2,-25.0,-25.0,-24.115705490112305,25.064607620239258,0.1696469485759735,50.0724,False,False
2361,2,-25.0,-25.0,-24.144023895263672,25.06250762939453,0.16952554881572723,50.0698,False,False
2362,2,-25.0,-25.0,-24.174488067626953,25.0601863861084,0.16937705874443054,50.067,False,False
2363,2,-25.0,-25.0,-24.206884384155273,25.057640075683594,0.16926302015781403,50.0639,False,False
2364,2,-25.0,-25.0,-24.24101448059082,25.05486488342285,0.16923880577087402,50.0606,False,False
2365,2,-25.0,-25.0,-24.276702880859375,25.051849365234375,0.16929548978805542,50.0571,False,False
2366,2,-25.0,-25.0,-24.31378936767578,25.048583984375,0.169366255402565,50.0533,False,False
2367,2,-25.0,-25.0,-24.352130889892578,25.04505729675293,0.1694498062133789,50.0493,False,False
2368,2,-25.0,-25.0,-24.3915958404541,25.04125213623047,0.16948620975017548,50.045,False,False
2369,2,-25.0,-25.0,-24.432065963745117,25.037155151367188,0.16948038339614868,50.0404,False,False
2370,2,-25.0,-25.0,-24.47343635559082,25.032751083374023,0.16943678259849548,50.0355,False,False
2371,2,-25.0,-25.0,-24.515607833862305,25.02802085876465,0.169359490275383,50.0304,False,False
2372,2,-25.0,-25.0,-24.55849266052246,25.022947311401367,0.1693110167980194,50.0249,False,False
2373,2,-25.0,-25.0,-24.602012634277344,25.01751136779785,0.16934768855571747,50.0191,False,False
2374,2,-25.0,-25.0,-24.64609146118164,25.01169776916504,0.1694614589214325,50.0129,False,False
2375,2,-25.0,-25.0,-24.69066619873047,25.005481719970703,0.16970394551753998,50.0064,False,False
2376,2,-25.0,-25.0,-24.735671997070312,24.998849868774414,0.16994531452655792,49.9995,False,False
2377,2,-25.0,-25.0,-24.78105354309082,24.991779327392578,0.17012758553028107,49.9923,False,False
2378,2,-25.0,-25.0,-24.826759338378906,24.984251022338867,0.17025750875473022,49.9846,False,False
2379,2,-25.0,-25.0,-24.872739791870117,24.97624397277832,0.17034122347831726,49.9764,False,False
2380,2,-25.0,-25.0,-24.91895294189453,24.967742919921875,0.17038436233997345,49.9678,False,False
2381,2,-25.0,-25.0,-24.965354919433594,24.95872688293457,0.17033329606056213,49.9587,False,False
2382,2,-25.0,-25.0,-25.01190948486328,24.949176788330078,0.1701987087726593,49.9492,False,False
2383,2,-25.0,-25.0,-25.058576583862305,24.939077377319336,0.16999025642871857,49.9391,False,False
2384,2,-25.0,-25.0,-25.105321884155273,24.928409576416016,0.16971677541732788,49.9285,False,False
2385,2,-25.0,-25.0,-25.152116775512695,24.917158126831055,0.1693275421857834,49.9174,False,False
2386,2,-25.0,-25.0,-25.19892692565918,24.90530776977539,0.1688358038663864,49.9057,False,False
2387,2,-25.0,-25.0,-25.245725631713867,24.89284324645996,0.16831240057945251,49.8934,False,False
2388,2,-25.0,-25.0,-25.292482376098633,24.879751205444336,0.1677623838186264,49.8806,False,False
2389,2,-25.0,-25.0,-25.33917236328125,24.86602020263672,0.16736680269241333,49.8672,False,False
2390,2,-25.0,-25.0,-25.38576889038086,24.85163688659668,0.16717110574245453,49.8531,False,False
2391,2,-25.0,-25.0,-25.432247161865234,24.836591720581055,0.16709870100021362,49.8385,False,False
2392,2,-25.0,-25.0,-25.47858238220215,24.820873260498047,0.1670219749212265,49.8232,False,False
2393,2,-25.0,-25.0,-25.52475357055664,24.804473876953125,0.1670025885105133,49.8072,False,False
2394,2,-25.0,-25.0,-25.570737838745117,24.787384033203125,0.1670961230993271,49.7907,False,False
2395,2,-25.0,-25.0,-25.616512298583984,24.76959800720215,0.167470321059227,49.7734,False,False
2396,2,-25.0,-25.0,-25.66205596923828,24.751108169555664,0.16798219084739685,49.7555,False,False
2397,2,-25.0,-25.0,-25.70734977722168,24.73191261291504,0.1686207801103592,49.7369,False,False
2398,2,-25.0,-25.0,-25.75237274169922,24.712003707885742,0.16931752860546112,49.7177,False,False
2399,2,-25.0,-25.0,-25.79710578918457,24.69137954711914,0.16995200514793396,49.6978,False,False
2400,2,-25.0,-25.0,-25.841527938842773,24.6700382232666,0.17053355276584625,49.6772,False,False
2401,2,-25.0,-25.0,-25.885622024536133,24.647977828979492,0.17089422047138214,49.6559,False,False
2402,2,-25.0,-25.0,-25.929370880126953,24.62519645690918,0.17088298499584198,49.6339,False,False
2403,2,-25.0,-25.0,-25.972755432128906,24.60169792175293,0.1704815775156021,49.6112,False,False
2404,2,-25.0,-25.0,-26.015758514404297,24.57748031616211,0.16979120671749115,49.5879,False,False
2405,2,-25.0,-25.0,-26.058364868164062,24.552547454833984,0.16902057826519012,49.5638,False,False
2406,2,-25.0,-25.0,-26.100557327270508,24.52690315246582,0.16823996603488922,49.5391,False,False
2407,2,-25.0,-25.0,-26.142322540283203,24.500553131103516,0.16757144033908844,49.5137,False,False
2408,2,-25.0,-25.0,-26.18364143371582,24.473499298095703,0.16718366742134094,49.4877,False,False
2409,2,-25.0,-25.0,-26.224504470825195,24.445749282836914,0.16705204546451569,49.4609,False,False
2410,2,-25.0,-25.0,-26.264894485473633,24.417308807373047,0.16703690588474274,49.4335,False,False
2411,2,-25.0,-25.0,-26.304798126220703,24.38818359375,0.16701258718967438,49.4054,False,False
2412,2,-25.0,-25.0,-26.34420394897461,24.358381271362305,0.1668659895658493,49.3767,False,False
2413,2,-25.0,-25.0,-26.38309669494629,24.327911376953125,0.16655416786670685,49.3473,False,False
2414,2,-25.0,-25.0,-26.421464920043945,24.29677963256836,0.1660972386598587,49.3173,False,False
2415,2,-25.0,-25.0,-26.459299087524414,24.264997482299805,0.16557209193706512,49.2866,False,False
2416,2,-25.0,-25.0,-26.49658966064453,24.232576370239258,0.16528309881687164,49.2553,False,False
2417,2,-25.0,-25.0,-26.533321380615234,24.19952392578125,0.1652689278125763,49.2234,False,False
2418,2,-25.0,-25.0,-26.569490432739258,24.165851593017578,0.16544677317142487,49.1909,False,False
2419,2,-25.0,-25.0,-26.605083465576172,24.131572723388672,0.16580088436603546,49.1578,False,False
2420,2,-25.0,-25.0,-26.640094757080078,24.096696853637695,0.16625824570655823,49.1241,False,False
2421,2,-25.0,-25.0,-26.67451286315918,24.061235427856445,0.1667531281709671,49.0898,False,False
2422,2,-25.0,-25.0,-26.70833396911621,24.02519989013672,0.16722634434700012,49.055,False,False
2423,2,-25.0,-25.0,-26.74155044555664,23.988605499267578,0.16768334805965424,49.0196,False,False
2424,2,-25.0,-25.0,-26.774152755737305,23.951461791992188,0.1680702269077301,48.9836,False,False
2425,2,-25.0,-25.0,-26.80613899230957,23.913782119750977,0.16833838820457458,48.9471,False,False
2426,2,-25.0,-25.0,-26.83750343322754,23.875581741333008,0.16838523745536804,48.9101,False,False
2427,2,-25.0,-25.0,-26.86823844909668,23.836870193481445,0.1681184321641922,48.8726,False,False
2428,2,-25.0,-25.0,-26.89834213256836,23.79766273498535,0.1674547642469406,48.8346,False,False
2429,2,-25.0,-25.0,-26.927810668945312,23.757972717285156,0.16643686592578888,48.7961,False,False
2430,2,-25.0,-25.0,-26.956642150878906,23.717815399169922,0.16522064805030823,48.7571,False,False
2431,2,-25.0,-25.0,-26.984834671020508,23.677200317382812,0.16382870078086853,48.7176,False,False
2432,2,-25.0,-25.0,-27.01238441467285,23.636146545410156,0.16251645982265472,48.6778,False,False
2433,2,-25.0,-25.0,-27.039291381835938,23.594663619995117,0.16139614582061768,48.6374,False,False
2434,2,-25.0,-25.0,-27.0655574798584,23.552766799926758,0.1606861799955368,48.5967,False,False
2435,2,-25.0,-25.0,-27.09117889404297,23.51047134399414,0.1604066789150238,48.5555,False,False
2436,2,-25.0,-25.0,-27.116159439086914,23.467788696289062,0.16063445806503296,48.514,False,False
2437,2,-25.0,-25.0,-27.140499114990234,23.424734115600586,0.16132090985774994,48.472,False,False
2438,2,-25.0,-25.0,-27.16419792175293,23.381319046020508,0.16224586963653564,48.4297,False,False
2439,2,-25.0,-25.0,-27.187259674072266,23.337556838989258,0.16321110725402832,48.387,False,False
2440,2,-25.0,-25.0,-27.20968246459961,23.293458938598633,0.16403813660144806,48.344,False,False
2441,2,-25.0,-25.0,-27.231470108032227,23.249040603637695,0.16474267840385437,48.3006,False,False
2442,2,-25.0,-25.0,-27.252626419067383,23.20431137084961,0.16533872485160828,48.2569,False,False
2443,2,-25.0,-25.0,-27.273155212402344,23.159284591674805,0.16578000783920288,48.2129,False,False
2444,2,-25.0,-25.0,-27.293060302734375,23.113975524902344,0.16614240407943726,48.1686,False,False
2445,2,-25.0,-25.0,-27.31234359741211,23.068391799926758,0.16631768643856049,48.124,False,False
2446,2,-25.0,-25.0,-27.331010818481445,23.022546768188477,0.16626717150211334,48.0791,False,False
2447,2,-25.0,-25.0,-27.34906768798828,22.976451873779297,0.16601476073265076,48.0339,False,False
2448,2,-25.0,-25.0,-27.366518020629883,22.93012046813965,0.1655818670988083,47.9885,False,False
2449,2,-25.0,-25.0,-27.38336753845215,22.883560180664062,0.16504645347595215,47.9428,False,False
2450,2,-25.0,-25.0,-27.399621963500977,22.836782455444336,0.16441982984542847,47.8969,False,False
2451,2,-25.0,-25.0,-27.4152889251709,22.7898006439209,0.16377082467079163,47.8508,False,False
2452,2,-25.0,-25.0,-27.43037223815918,22.74262237548828,0.16333773732185364,47.8044,False,False
2453,2,-25.0,-25.0,-27.444883346557617,22.69525909423828,0.16315849125385284,47.7579,False,False
2454,2,-25.0,-25.0,-27.45882225036621,22.64771842956543,0.16314953565597534,47.7111,False,False
2455,2,-25.0,-25.0,-27.47220230102539,22.600013732910156,0.16335320472717285,47.6642,False,False
2456,2,-25.0,-25.0,-27.485027313232422,22.55215072631836,0.16368991136550903,47.617,False,False
2457,2,-25.0,-25.0,-27.497304916381836,22.504138946533203,0.16408798098564148,47.5697,False,False
2458,2,-25.0,-25.0,-27.509042739868164,22.45598602294922,0.16442401707172394,47.5223,False,False
2459,2,-25.0,-25.0,-27.520248413085938,22.40770149230957,0.164645716547966,47.4746,False,False
2460,2,-25.0,-25.0,-27.53093147277832,22.35929298400879,0.16464713215827942,47.4269,False,False
2461,2,-25.0,-25.0,-27.541095733642578,22.310768127441406,0.1643916666507721,47.379,False,False
2462,2,-25.0,-25.0,-27.55075454711914,22.26213264465332,0.16390511393547058,47.3309,False,False
2463,2,-25.0,-25.0,-27.559911727905273,22.213396072387695,0.16326941549777985,47.2827,False,False
2464,2,-25.0,-25.0,-27.568578720092773,22.164566040039062,0.16267584264278412,47.2345,False,False
2465,2,-25.0,-25.0,-27.57676124572754,22.115644454956055,0.16223765909671783,47.1861,False,False
2466,2,-25.0,-25.0,-27.584470748901367,22.06664276123047,0.16199791431427002,47.1375,False,False
2467,2,-25.0,-25.0,-27.59171485900879,22.017566680908203,0.16193650662899017,47.0889,False,False
2468,2,-25.0,-25.0,-27.598501205444336,21.96841812133789,0.1620352864265442,47.0402,False,False
2469,2,-25.0,-25.0,-27.604841232299805,21.919204711914062,0.16221904754638672,46.9915,False,False
2470,2,-25.0,-25.0,-27.610740661621094,21.869932174682617,0.16247889399528503,46.9426,False,False
2471,2,-25.0,-25.0,-27.616209030151367,21.820606231689453,0.16274796426296234,46.8936,False,False
2472,2,-25.0,-25.0,-27.621253967285156,21.771230697631836,0.1629660576581955,46.8446,False,False
2473,2,-25.0,-25.0,-27.625886917114258,21.7218074798584,0.16302010416984558,46.7955,False,False
2474,2,-25.0,-25.0,-27.630115509033203,21.672344207763672,0.16298480331897736,46.7464,False,False
2475,2,-25.0,-25.0,-27.633947372436523,21.622844696044922,0.16280964016914368,46.6972,False,False
2476,2,-25.0,-25.0,-27.637392044067383,21.573312759399414,0.1625080108642578,46.6479,False,False
2477,2,-25.0,-25.0,-27.640457153320312,21.52375030517578,0.16220945119857788,46.5986,False,False
2478,2,-25.0,-25.0,-27.64315414428711,21.47416114807129,0.1619129627943039,46.5493,False,False
2479,2,-25.0,-25.0,-27.645490646362305,21.424551010131836,0.16167636215686798,46.4999,False,False
2480,2,-25.0,-25.0,-27.64747428894043,21.374921798706055,0.16149288415908813,46.4504,False,False
2481,2,-25.0,-25.0,-27.649112701416016,21.325273513793945,0.1614151895046234,46.401,False,False
2482,2,-25.0,-25.0,-27.65041732788086,21.27561378479004,0.1613730490207672,46.3515,False,False
2483,2,-25.0,-25.0,-27.65139389038086,21.225940704345703,0.16142085194587708,46.3019,False,False
2484,2,-25.0,-25.0,-27.652053833007812,21.176259994506836,0.16166628897190094,46.2524,False,False
2485,2,-25.0,-25.0,-27.652402877807617,21.12657356262207,0.16202987730503082,46.2028,False,False
2486,2,-25.0,-25.0,-27.652448654174805,21.076879501342773,0.1624988466501236,46.1532,False,False
2487,2,-25.0,-25.0,-27.652202606201172,21.027183532714844,0.1630617082118988,46.1035,False,False
2488,2,-25.0,-25.0,-27.651668548583984,20.977487564086914,0.1636493057012558,46.0539,False,False
2489,2,-25.0,-25.0,-27.650859832763672,20.92778968811035,0.1642581969499588,46.0042,False,False
2490,2,-25.0,-25.0,-27.6497802734375,20.878095626831055,0.1648852527141571,45.9546,False,False
2491,2,-25.0,-25.0,-27.6484375,20.82840347290039,0.16546884179115295,45.9049,False,False
2492,2,-25.0,-25.0,-27.64684295654297,20.778715133666992,0.1658947467803955,45.8552,False,False
2493,2,-25.0,-25.0,-27.645000457763672,20.729032516479492,0.16611891984939575,45.8055,False,False
2494,2,-25.0,-25.0,-27.642919540405273,20.67935562133789,0.16616052389144897,45.7557,False,False
2495,2,-25.0,-25.0,-27.640607833862305,20.62968635559082,0.1659192442893982,45.706,False,False
2496,2,-25.0,-25.0,-27.638072967529297,20.58002281188965,0.16542236506938934,45.6563,False,False
2497,2,-25.0,-25.0,-27.63532066345215,20.53036880493164,0.16481202840805054,45.6066,False,False
2498,2,-25.0,-25.0,-27.63235855102539,20.480724334716797,0.1640985608100891,45.5568,False,False
2499,2,-25.0,-25.0,-27.629194259643555,20.431089401245117,0.16340884566307068,45.5071,False,False
2500,2,-25.0,-25.0,-27.625835418701172,20.3814640045166,0.16273945569992065,45.4574,False,False
2501,2,-25.0,-25.0,-27.622285842895508,20.331850051879883,0.1620873063802719,45.4076,False,False
2502,2,-25.0,-25.0,-27.618555068969727,20.28224754333496,0.16150841116905212,45.3579,False,False
2503,2,-25.0,-25.0,-27.61465072631836,20.232654571533203,0.16099441051483154,45.3082,False,False
2504,2,-25.0,-25.0,-27.610576629638672,20.183073043823242,0.1605377346277237,45.2584,False,False
2505,2,-25.0,-25.0,-27.606338500976562,20.133502960205078,0.16013160347938538,45.2087,False,False
2506,2,-25.0,-25.0,-27.601945877075195,20.08394432067871,0.15988752245903015,45.159,False,False
2507,2,-25.0,-25.0,-27.597402572631836,20.03439712524414,0.15978820621967316,45.1092,False,False
2508,2,-25.0,-25.0,-27.592716217041016,19.984859466552734,0.1598181128501892,45.0595,False,False
2509,2,-25.0,-25.0,-27.587890625,19.935335159301758,0.15996327996253967,45.0098,False,False
2510,2,-25.0,-25.0,-27.58293342590332,19.885822296142578,0.16021113097667694,44.9601,False,False
2511,2,-25.0,-25.0,-27.577850341796875,19.836318969726562,0.16055035591125488,44.9104,False,False
2512,2,-25.0,-25.0,-27.572647094726562,19.786827087402344,0.1609707772731781,44.8607,False,False
2513,2,-25.0,-25.0,-27.56732749938965,19.73734474182129,0.16146324574947357,44.8109,False,False
2514,2,-25.0,-25.0,-27.561899185180664,19.6878719329834,0.1620195358991623,44.7612,False,False
2515,2,-25.0,-25.0,-27.556364059448242,19.638410568237305,0.16257344186306,44.7115,False,False
2516,2,-25.0,-25.0,-27.550731658935547,19.588958740234375,0.16300663352012634,44.6619,False,False
2517,2,-25.0,-25.0,-27.545005798339844,19.539514541625977,0.16333016753196716,44.6122,False,False
2518,2,-25.0,-25.0,-27.5391902923584,19.490079879760742,0.16343647241592407,44.5625,False,False
2519,2,-25.0,-25.0,-27.533288955688477,19.440650939941406,0.1633463054895401,44.5128,False,False
2520,2,-25.0,-25.0,-27.52730941772461,19.391233444213867,0.16307838261127472,44.4631,False,False
2521,2,-25.0,-25.0,-27.521255493164062,19.341819763183594,0.1626495122909546,44.4134,False,False
2522,2,-25.0,-25.0,-27.5151309967041,19.292415618896484,0.16207487881183624,44.3638,False,False
2523,2,-25.0,-25.0,-27.508941650390625,19.243017196655273,0.16142690181732178,44.3141,False,False
2524,2,-25.0,-25.0,-27.502689361572266,19.19362449645996,0.16077080368995667,44.2644,False,False
2525,2,-25.0,-25.0,-27.496381759643555,19.14423942565918,0.16016525030136108,44.2148,False,False
2526,2,-25.0,-25.0,-27.490018844604492,19.094858169555664,0.15972183644771576,44.1651,False,False
2527,2,-25.0,-25.0,-27.483606338500977,19.045482635498047,0.15954099595546722,44.1154,False,False
2528,2,-25.0,-25.0,-27.477149963378906,18.996112823486328,0.1595955342054367,44.0658,False,False
2529,2,-25.0,-25.0,-27.470651626586914,18.946746826171875,0.15986093878746033,44.0161,False,False
2530,2,-25.0,-25.0,-27.464115142822266,18.897384643554688,0.16025640070438385,43.9665,False,False
2531,2,-25.0,-25.0,-27.457544326782227,18.848026275634766,0.1607091873884201,43.9168,False,False
2532,2,-25.0,-25.0,-27.450942993164062,18.798669815063477,0.1611538827419281,43.8672,False,False
2533,2,-25.0,-25.0,-27.44431495666504,18.749317169189453,0.16153158247470856,43.8175,False,False
2534,2,-25.0,-25.0,-27.43766212463379,18.699966430664062,0.16178934276103973,43.7679,False,False
2535,2,-25.0,-25.0,-27.43099021911621,18.650615692138672,0.1618206948041916,43.7183,False,False
2536,2,-25.0,-25.0,-27.424299240112305,18.601266860961914,0.16170623898506165,43.6686,False,False
2537,2,-25.0,-25.0,-27.4175968170166,18.55191993713379,0.16151849925518036,43.619,False,False
2538,2,-25.0,-25.0,-27.41088104248047,18.502573013305664,0.16126398742198944,43.5693,False,False
2539,2,-25.0,-25.0,-27.404157638549805,18.45322608947754,0.16100731492042542,43.5197,False,False
2540,2,-25.0,-25.0,-27.397428512573242,18.40387725830078,0.16068905591964722,43.47,False,False
2541,2,-25.0,-25.0,-27.390697479248047,18.354530334472656,0.16037334501743317,43.4204,False,False
2542,2,-25.0,-25.0,-27.38396453857422,18.3051815032959,0.16005907952785492,43.3708,False,False
2543,2,-25.0,-25.0,-27.377235412597656,18.255830764770508,0.159804105758667,43.3211,False,False
2544,2,-25.0,-25.0,-27.37051010131836,18.206480026245117,0.15977802872657776,43.2715,False,False
2545,2,-25.0,-25.0,-27.363792419433594,18.157127380371094,0.15989834070205688,43.2218,False,False
2546,2,-25.0,-25.0,-27.35708236694336,18.107770919799805,0.16009072959423065,43.1722,False,False
2547,2,-25.0,-25.0,-27.350385665893555,18.058414459228516,0.16028839349746704,43.1225,False,False
2548,2,-25.0,-25.0,-27.34370231628418,18.00905418395996,0.1604899913072586,43.0729,False,False
2549,2,-25.0,-25.0,-27.3370361328125,17.959692001342773,0.16063551604747772,43.0232,False,False
2550,2,-25.0,-25.0,-27.330387115478516,17.91032600402832,0.1607298105955124,42.9736,False,False
2551,2,-25.0,-25.0,-27.32375717163086,17.8609561920166,0.1607183814048767,42.9239,False,False
2552,2,-25.0,-25.0,-27.317150115966797,17.811582565307617,0.16061104834079742,42.8742,False,False
2553,2,-25.0,-25.0,-27.310565948486328,17.762205123901367,0.1604166328907013,42.8246,False,False
2554,2,-25.0,-25.0,-27.304006576538086,17.71282196044922,0.16020186245441437,42.7749,False,False
2555,2,-25.0,-25.0,-27.297473907470703,17.663436889648438,0.15996800363063812,42.7253,False,False
2556,2,-25.0,-25.0,-27.290969848632812,17.614046096801758,0.1597161889076233,42.6756,False,False
2557,2,-25.0,-25.0,-27.284496307373047,17.564651489257812,0.15950624644756317,42.6259,False,False
2558,2,-25.0,-25.0,-27.278053283691406,17.5152530670166,0.1593332141637802,42.5762,False,False
2559,2,-25.0,-25.0,-27.271644592285156,17.46584701538086,0.1593102365732193,42.5266,False,False
2560,2,-25.0,-25.0,-27.265268325805664,17.416439056396484,0.15942150354385376,42.4769,False,False
2561,2,-25.0,-25.0,-27.258926391601562,17.367023468017578,0.1597704440355301,42.4272,False,False
2562,2,-25.0,-25.0,-27.252622604370117,17.317604064941406,0.1599796861410141,42.3775,False,False
2563,2,-25.0,-25.0,-27.246356964111328,17.268178939819336,0.1600036770105362,42.3278,False,False
2564,2,-25.0,-25.0,-27.240127563476562,17.218748092651367,0.15991902351379395,42.2781,False,False
2565,2,-25.0,-25.0,-27.23394012451172,17.1693115234375,0.15973584353923798,42.2284,False,False
2566,2,-25.0,-25.0,-27.227792739868164,17.119869232177734,0.15952208638191223,42.1787,False,False
2567,2,-25.0,-25.0,-27.2216854095459,17.07042121887207,0.1593388468027115,42.129,False,False
2568,2,-25.0,-25.0,-27.215621948242188,17.020967483520508,0.15929995477199554,42.0793,False,False
2569,2,-25.0,-25.0,-27.2096004486084,16.97150993347168,0.15950779616832733,42.0296,False,False
2570,2,-25.0,-25.0,-27.203624725341797,16.92204475402832,0.15987813472747803,41.9799,False,False
2571,2,-25.0,-25.0,-27.19769287109375,16.872573852539062,0.16039398312568665,41.9302,False,False
2572,2,-25.0,-25.0,-27.191804885864258,16.823097229003906,0.1608048379421234,41.8805,False,False
2573,2,-25.0,-25.0,-27.185964584350586,16.77361297607422,0.16106168925762177,41.8308,False,False
2574,2,-25.0,-25.0,-27.18016815185547,16.724124908447266,0.16117924451828003,41.781,False,False
2575,2,-25.0,-25.0,-27.174421310424805,16.67462921142578,0.16122952103614807,41.7313,False,False
2576,2,-25.0,-25.0,-27.168720245361328,16.6251277923584,0.1612185686826706,41.6816,False,False
2577,2,-25.0,-25.0,-27.163068771362305,16.575620651245117,0.16126936674118042,41.6319,False,False
2578,2,-25.0,-25.0,-27.15746307373047,16.526105880737305,0.16131626069545746,41.5821,False,False
2579,2,-25.0,-25.0,-27.15190887451172,16.476587295532227,0.16135890781879425,41.5324,False,False
2580,2,-25.0,-25.0,-27.146400451660156,16.427061080932617,0.1613970249891281,41.4826,False,False
2581,2,-25.0,-25.0,-27.14094352722168,16.377531051635742,0.1613127887248993,41.4329,False,False
2582,2,-25.0,-25.0,-27.135534286499023,16.327993392944336,0.16111773252487183,41.3831,False,False
2583,2,-25.0,-25.0,-27.13017463684082,16.2784481048584,0.16082227230072021,41.3334,False,False
2584,2,-25.0,-25.0,-27.124866485595703,16.228899002075195,0.16055336594581604,41.2836,False,False
2585,2,-25.0,-25.0,-27.119606018066406,16.179344177246094,0.1603076457977295,41.2339,False,False
2586,2,-25.0,-25.0,-27.114397048950195,16.129783630371094,0.1600821316242218,41.1841,False,False
2587,2,-25.0,-25.0,-27.109235763549805,16.080215454101562,0.1598740816116333,41.1343,False,False
2588,2,-25.0,-25.0,-27.1041259765625,16.030643463134766,0.15968108177185059,41.0846,False,False
2589,2,-25.0,-25.0,-27.09906578063965,15.981064796447754,0.15950095653533936,41.0348,False,False
2590,2,-25.0,-25.0,-27.09405517578125,15.93148136138916,0.15944930911064148,40.985,False,False
2591,2,-25.0,-25.0,-27.089096069335938,15.881892204284668,0.15951262414455414,40.9352,False,False
2592,2,-25.0,-25.0,-27.084184646606445,15.832297325134277,0.15967869758605957,40.8855,False,False
2593,2,-25.0,-25.0,-27.079322814941406,15.782697677612305,0.15999537706375122,40.8357,False,False
2594,2,-25.0,-25.0,-27.07451057434082,15.733092308044434,0.1604469120502472,40.7859,False,False
2595,2,-25.0,-25.0,-27.069747924804688,15.68348217010498,0.16101914644241333,40.7361,False,False
2596,2,-25.0,-25.0,-27.065034866333008,15.633866310119629,0.16164050996303558,40.6863,False,False
2597,2,-25.0,-25.0,-27.06036949157715,15.584245681762695,0.16224664449691772,40.6365,False,False
2598,2,-25.0,-25.0,-27.05575180053711,15.53462028503418,0.16272082924842834,40.5867,False,False
2599,2,-25.0,-25.0,-27.051183700561523,15.484989166259766,0.16307561099529266,40.5369,False,False
2600,2,-25.0,-25.0,-27.046663284301758,15.43535327911377,0.1633222997188568,40.4871,False,False
2601,2,-25.0,-25.0,-27.042190551757812,15.385712623596191,0.16347108781337738,40.4373,False,False
2602,2,-25.0,-25.0,-27.037765502929688,15.336066246032715,0.16347233951091766,40.3875,False,False
2603,2,-25.0,-25.0,-27.033388137817383,15.286416053771973,0.16334018111228943,40.3377,False,False
2604,2,-25.0,-25.0,-27.029056549072266,15.236761093139648,0.16314613819122314,40.2879,False,False
2605,2,-25.0,-25.0,-27.024770736694336,15.187101364135742,0.1628957986831665,40.2381,False,False
2606,2,-25.0,-25.0,-27.020530700683594,15.137436866760254,0.16259413957595825,40.1883,False,False
2607,2,-25.0,-25.0,-27.01633644104004,15.087767601013184,0.1622457057237625,40.1384,False,False
2608,2,-25.0,-25.0,-27.01218605041504,15.038094520568848,0.16191335022449493,40.0886,False,False
2609,2,-25.0,-25.0,-27.008081436157227,14.988417625427246,0.1617124229669571,40.0388,False,False
2610,2,-25.0,-25.0,-27.00402069091797,14.938735961914062,0.1617467701435089,39.989,False,False
2611,2,-25.0,-25.0,-27.000003814697266,14.889050483703613,0.16199220716953278,39.9392,False,False
2612,2,-25.0,-25.0,-26.996030807495117,14.839362144470215,0.16236820816993713,39.8893,False,False
2613,2,-25.0,-25.0,-26.992097854614258,14.789669036865234,0.1627434641122818,39.8395,False,False
2614,2,-25.0,-25.0,-26.988208770751953,14.739972114562988,0.16305866837501526,39.7897,False,False
2615,2,-25.0,-25.0,-26.98436164855957,14.690271377563477,0.16331923007965088,39.7398,False,False
2616,2,-25.0,-25.0,-26.980554580688477,14.640567779541016,0.16353003680706024,39.69,False,False
2617,2,-25.0,-25.0,-26.976789474487305,14.590859413146973,0.16369548439979553,39.6402,False,False
2618,2,-25.0,-25.0,-26.973064422607422,14.54114818572998,0.16381952166557312,39.5903,False,False
2619,2,-25.0,-25.0,-26.969377517700195,14.491433143615723,0.16390570998191833,39.5405,False,False
2620,2,-25.0,-25.0,-26.965730667114258,14.4417142868042,0.16395726799964905,39.4907,False,False
2621,2,-25.0,-25.0,-26.962120056152344,14.391992568969727,0.16397708654403687,39.4408,False,False
2622,2,-25.0,-25.0,-26.95854949951172,14.342267036437988,0.16402655839920044,39.391,False,False
2623,2,-25.0,-25.0,-26.955015182495117,14.2925386428833,0.1640433818101883,39.3411,False,False
2624,2,-25.0,-25.0,-26.951519012451172,14.242807388305664,0.16403022408485413,39.2913,False,False
2625,2,-25.0,-25.0,-26.948057174682617,14.193073272705078,0.16410714387893677,39.2415,False,False
2626,2,-25.0,-25.0,-26.944631576538086,14.143336296081543,0.16426457464694977,39.1916,False,False
2627,2,-25.0,-25.0,-26.941240310668945,14.093595504760742,0.1644938737154007,39.1418,False,False
2628,2,-25.0,-25.0,-26.937885284423828,14.043852806091309,0.16472850739955902,39.0919,False,False
2629,2,-25.0,-25.0,-26.93456268310547,13.994107246398926,0.16490860283374786,39.0421,False,False
2630,2,-25.0,-25.0,-26.931272506713867,13.944358825683594,0.16498026251792908,38.9922,False,False
2631,2,-25.0,-25.0,-26.928014755249023,13.894606590270996,0.16489504277706146,38.9424,False,False
2632,2,-25.0,-25.0,-26.92479133605957,13.844853401184082,0.1647268831729889,38.8925,False,False
2633,2,-25.0,-25.0,-26.92159652709961,13.795096397399902,0.16454239189624786,38.8427,False,False
2634,2,-25.0,-25.0,-26.918434143066406,13.74533748626709,0.16440144181251526,38.7928,False,False
2635,2,-25.0,-25.0,-26.915302276611328,13.695575714111328,0.16429917514324188,38.7429,False,False
2636,2,-25.0,-25.0,-26.912199020385742,13.645812034606934,0.16423118114471436,38.6931,False,False
2637,2,-25.0,-25.0,-26.90912437438965,13.596046447753906,0.16425231099128723,38.6432,False,False
2638,2,-25.0,-25.0,-26.906078338623047,13.54627799987793,0.164353147149086,38.5934,False,False
2639,2,-25.0,-25.0,-26.903060913085938,13.49650764465332,0.16452518105506897,38.5435,False,False
2640,2,-25.0,-25.0,-26.900070190429688,13.446735382080078,0.16470196843147278,38.4937,False,False
2641,2,-25.0,-25.0,-26.89710807800293,13.396961212158203,0.16488255560398102,38.4438,False,False
2642,2,-25.0,-25.0,-26.894168853759766,13.347185134887695,0.16506604850292206,38.3939,False,False
2643,2,-25.0,-25.0,-26.891258239746094,13.297406196594238,0.16525167226791382,38.3441,False,False
2644,2,-25.0,-25.0,-26.888370513916016,13.247626304626465,0.165438711643219,38.2942,False,False
2645,2,-25.0,-25.0,-26.885507583618164,13.197843551635742,0.1655089557170868,38.2444,False,False
2646,2,-25.0,-25.0,-26.882667541503906,13.148059844970703,0.16547361016273499,38.1945,False,False
2647,2,-25.0,-25.0,-26.879852294921875,13.098273277282715,0.16540156304836273,38.1446,False,False
2648,2,-25.0,-25.0,-26.877058029174805,13.04848575592041,0.1652960181236267,38.0948,False,False
2649,2,-25.0,-25.0,-26.874286651611328,12.998696327209473,0.16521865129470825,38.0449,False,False
2650,2,-25.0,-25.0,-26.871538162231445,12.948904991149902,0.16516618430614471,37.995,False,False
2651,2,-25.0,-25.0,-26.86880874633789,12.899112701416016,0.16519443690776825,37.9452,False,False
2652,2,-25.0,-25.0,-26.866100311279297,12.849318504333496,0.16529487073421478,37.8953,False,False
2653,2,-25.0,-25.0,-26.86341094970703,12.799522399902344,0.16545981168746948,37.8454,False,False
2654,2,-25.0,-25.0,-26.860742568969727,12.749725341796875,0.1656823307275772,37.7956,False,False
2655,2,-25.0,-25.0,-26.85809326171875,12.69992733001709,0.16595621407032013,37.7457,False,False
2656,2,-25.0,-25.0,-26.85546112060547,12.650127410888672,0.16627585887908936,37.6958,False,False
2657,2,-25.0,-25.0,-26.852846145629883,12.600325584411621,0.16657745838165283,37.6459,False,False
2658,2,-25.0,-25.0,-26.850250244140625,12.550522804260254,0.166862353682518,37.5961,False,False
2659,2,-25.0,-25.0,-26.84766960144043,12.50071907043457,0.16713179647922516,37.5462,False,False
2660,2,-25.0,-25.0,-26.84510612487793,12.45091438293457,0.16738690435886383,37.4963,False,False
2661,2,-25.0,-25.0,-26.842557907104492,12.401107788085938,0.1675698608160019,37.4465,False,False
2662,2,-25.0,-25.0,-26.840024948120117,12.351300239562988,0.16768747568130493,37.3966,False,False
2663,2,-25.0,-25.0,-26.837505340576172,12.301490783691406,0.1676870882511139,37.3467,False,False
2664,2,-25.0,-25.0,-26.835002899169922,12.251680374145508,0.16769765317440033,37.2968,False,False
2665,2,-25.0,-25.0,-26.83251190185547,12.201869010925293,0.16771768033504486,37.247,False,False
2666,2,-25.0,-25.0,-26.830036163330078,12.152056694030762,0.16780459880828857,37.1971,False,False
2667,2,-25.0,-25.0,-26.827571868896484,12.102243423461914,0.1679512858390808,37.1472,False,False
2668,2,-25.0,-25.0,-26.82512092590332,12.05242919921875,0.1681513637304306,37.0974,False,False
2669,2,-25.0,-25.0,-26.822683334350586,12.00261402130127,0.1683402806520462,37.0475,False,False
2670,2,-25.0,-25.0,-26.820255279541016,11.952797889709473,0.1684599369764328,36.9976,False,False
2671,2,-25.0,-25.0,-26.817838668823242,11.90298080444336,0.16851688921451569,36.9477,False,False
2672,2,-25.0,-25.0,-26.815433502197266,11.85316276550293,0.16851700842380524,36.8979,False,False
2673,2,-25.0,-25.0,-26.813037872314453,11.803342819213867,0.16846558451652527,36.848,False,False
2674,2,-25.0,-25.0,-26.810653686523438,11.753522872924805,0.1683674156665802,36.7981,False,False
2675,2,-25.0,-25.0,-26.808277130126953,11.703701972961426,0.16822676360607147,36.7482,False,False
2676,2,-25.0,-25.0,-26.805912017822266,11.65388011932373,0.1681063175201416,36.6983,False,False
2677,2,-25.0,-25.0,-26.80355453491211,11.604057312011719,0.16800367832183838,36.6485,False,False
2678,2,-25.0,-25.0,-26.801204681396484,11.554234504699707,0.1679166555404663,36.5986,False,False
2679,2,-25.0,-25.0,-26.798864364624023,11.504410743713379,0.1679021418094635,36.5487,False,False
2680,2,-25.0,-25.0,-26.79652976989746,11.454586029052734,0.16795247793197632,36.4988,False,False
2681,2,-25.0,-25.0,-26.794204711914062,11.404760360717773,0.1680608093738556,36.4489,False,False
2682,2,-25.0,-25.0,-26.791885375976562,11.354934692382812,0.16822095215320587,36.3991,False,False
2683,2,-25.0,-25.0,-26.789573669433594,11.305108070373535,0.16842736303806305,36.3492,False,False
2684,2,-25.0,-25.0,-26.78726577758789,11.255280494689941,0.16867505013942719,36.2993,False,False
2685,2,-25.0,-25.0,-26.78496742248535,11.205452919006348,0.16890071332454681,36.2494,False,False
2686,2,-25.0,-25.0,-26.782672882080078,11.155624389648438,0.16904741525650024,36.1995,False,False
2687,2,-25.0,-25.0,-26.78038215637207,11.105794906616211,0.16912271082401276,36.1497,False,False
2688,2,-25.0,-25.0,-26.778099060058594,11.055964469909668,0.16913338005542755,36.0998,False,False
2689,2,-25.0,-25.0,-26.775819778442383,11.006134033203125,0.1690855771303177,36.0499,False,False
2690,2,-25.0,-25.0,-26.773544311523438,10.956303596496582,0.1689847856760025,36.0,False,False
2691,2,-25.0,-25.0,-26.77127456665039,10.906471252441406,0.16895358264446259,35.9501,False,False
2692,2,-25.0,-25.0,-26.769006729125977,10.856639862060547,0.16898465156555176,35.9003,False,False
2693,2,-25.0,-25.0,-26.76674461364746,10.806807518005371,0.16907143592834473,35.8504,False,False
2694,2,-25.0,-25.0,-26.764484405517578,10.756974220275879,0.16920800507068634,35.8005,False,False
2695,2,-25.0,-25.0,-26.76222801208496,10.707140922546387,0.1693890541791916,35.7506,False,False
2696,2,-25.0,-25.0,-26.759973526000977,10.657307624816895,0.16955098509788513,35.7007,False,False
2697,2,-25.0,-25.0,-26.757722854614258,10.60747241973877,0.1696954071521759,35.6508,False,False
2698,2,-25.0,-25.0,-26.755474090576172,10.557638168334961,0.16982373595237732,35.6009,False,False
2699,2,-25.0,-25.0,-26.75322723388672,10.507802963256836,0.16993725299835205,35.5511,False,False
2700,2,-25.0,-25.0,-26.75098419189453,10.457967758178711,0.1700371503829956,35.5012,False,False
2701,2,-25.0,-25.0,-26.748741149902344,10.40813159942627,0.17012445628643036,35.4513,False,False
2702,2,-25.0,-25.0,-26.74650001525879,10.358295440673828,0.17020012438297272,35.4014,False,False
2703,2,-25.0,-25.0,-26.744258880615234,10.30845832824707,0.17026501893997192,35.3515,False,False
2704,2,-25.0,-25.0,-26.742019653320312,10.258621215820312,0.17031988501548767,35.3016,False,False
2705,2,-25.0,-25.0,-26.739782333374023,10.208784103393555,0.17036543786525726,35.2517,False,False
2706,2,-25.0,-25.0,-26.737545013427734,10.15894603729248,0.17040230333805084,35.2019,False,False
2707,2,-25.0,-25.0,-26.735307693481445,10.109107971191406,0.17043106257915497,35.152,False,False
2708,2,-25.0,-25.0,-26.73307228088379,10.059269905090332,0.17039340734481812,35.1021,False,False
2709,2,-25.0,-25.0,-26.7308349609375,10.009430885314941,0.17029571533203125,35.0522,False,False
2710,2,-25.0,-25.0,-26.728599548339844,9.95959186553955,0.17014369368553162,35.0023,False,False
2711,2,-25.0,-25.0,-26.726364135742188,9.909751892089844,0.17000128328800201,34.9524,False,False
2712,2,-25.0,-25.0,-26.7241268157959,9.859912872314453,0.16992603242397308,34.9025,False,False
2713,2,-25.0,-25.0,-26.72188949584961,9.810072898864746,0.16991093754768372,34.8526,False,False
2714,2,-25.0,-25.0,-26.71965217590332,9.760231971740723,0.1699496954679489,34.8027,False,False
2715,2,-25.0,-25.0,-26.71741485595703,9.710391998291016,0.17003661394119263,34.7529,False,False
2716,2,-25.0,-25.0,-26.71517562866211,9.660552024841309,0.17016658186912537,34.703,False,False
2717,2,-25.0,-25.0,-26.712936401367188,9.610711097717285,0.17033503949642181,34.6531,False,False
2718,2,-25.0,-25.0,-26.710695266723633,9.560870170593262,0.1705378293991089,34.6032,False,False
2719,2,-25.0,-25.0,-26.708452224731445,9.511029243469238,0.17071247100830078,34.5533,False,False
2720,2,-25.0,-25.0,-26.706209182739258,9.461187362670898,0.17086148262023926,34.5034,False,False
2721,2,-25.0,-25.0,-26.703964233398438,9.411345481872559,0.17098717391490936,34.4535,False,False
2722,2,-25.0,-25.0,-26.701719284057617,9.361503601074219,0.17109160125255585,34.4036,False,False
2723,2,-25.0,-25.0,-26.69947052001953,9.311661720275879,0.17117665708065033,34.3537,False,False
2724,2,-25.0,-25.0,-26.697221755981445,9.261819839477539,0.17124399542808533,34.3038,False,False
2725,2,-25.0,-25.0,-26.694971084594727,9.211977005004883,0.1712951511144638,34.2539,False,False
2726,2,-25.0,-25.0,-26.692716598510742,9.162135124206543,0.17133145034313202,34.204,False,False
2727,2,-25.0,-25.0,-26.690462112426758,9.112292289733887,0.17135415971279144,34.1542,False,False
2728,2,-25.0,-25.0,-26.68820571899414,9.062448501586914,0.17136438190937042,34.1043,False,False
2729,2,-25.0,-25.0,-26.685945510864258,9.012605667114258,0.17136310040950775,34.0544,False,False
2730,2,-25.0,-25.0,-26.683685302734375,8.962762832641602,0.17135122418403625,34.0045,False,False
2731,2,-25.0,-25.0,-26.681421279907227,8.912919044494629,0.1713295578956604,33.9546,False,False
2732,2,-25.0,-25.0,-26.679155349731445,8.863075256347656,0.17129886150360107,33.9047,False,False
2733,2,-25.0,-25.0,-26.67688751220703,8.813231468200684,0.17125976085662842,33.8548,False,False
2734,2,-25.0,-25.0,-26.674617767333984,8.763387680053711,0.1712716817855835,33.8049,False,False
2735,2,-25.0,-25.0,-26.672344207763672,8.713543891906738,0.17138805985450745,33.755,False,False
2736,2,-25.0,-25.0,-26.670068740844727,8.663700103759766,0.17153939604759216,33.7051,False,False
2737,2,-25.0,-25.0,-26.66779136657715,8.613856315612793,0.17166316509246826,33.6552,False,False
2738,2,-25.0,-25.0,-26.665510177612305,8.564011573791504,0.17170308530330658,33.6053,False,False
2739,2,-25.0,-25.0,-26.663227081298828,8.514167785644531,0.17172613739967346,33.5554,False,False
2740,2,-25.0,-25.0,-26.66094207763672,8.464323043823242,0.17173375189304352,33.5055,False,False
2741,2,-25.0,-25.0,-26.658653259277344,8.414478302001953,0.17178606986999512,33.4556,False,False
2742,2,-25.0,-25.0,-26.656362533569336,8.364633560180664,0.1718783676624298,33.4057,False,False
2743,2,-25.0,-25.0,-26.654067993164062,8.314788818359375,0.17194764316082,33.3558,False,False
2744,2,-25.0,-25.0,-26.651771545410156,8.264944076538086,0.17199595272541046,33.3059,False,False
2745,2,-25.0,-25.0,-26.649471282958984,8.215099334716797,0.17202520370483398,33.256,False,False
2746,2,-25.0,-25.0,-26.64716911315918,8.165253639221191,0.17209585011005402,33.2061,False,False
2747,2,-25.0,-25.0,-26.644865036010742,8.115408897399902,0.17220355570316315,33.1562,False,False
2748,2,-25.0,-25.0,-26.64255714416504,8.065563201904297,0.17228558659553528,33.1063,False,False
2749,2,-25.0,-25.0,-26.64024543762207,8.015718460083008,0.17234431207180023,33.0564,False,False
2750,2,-25.0,-25.0,-26.6379337310791,7.965872764587402,0.17238183319568634,33.0065,False,False
2751,2,-25.0,-25.0,-26.635616302490234,7.916027069091797,0.1724000722169876,32.9566,False,False
2752,2,-25.0,-25.0,-26.633296966552734,7.86618185043335,0.17245955765247345,32.9067,False,False
2753,2,-25.0,-25.0,-26.6309757232666,7.816336154937744,0.17255593836307526,32.8568,False,False
2754,2,-25.0,-25.0,-26.628650665283203,7.766490459442139,0.1726265251636505,32.8069,False,False
2755,2,-25.0,-25.0,-26.626323699951172,7.716644763946533,0.17267370223999023,32.757,False,False
2756,2,-25.0,-25.0,-26.623992919921875,7.6667985916137695,0.17269960045814514,32.7071,False,False
2757,2,-25.0,-25.0,-26.621658325195312,7.616952896118164,0.17270617187023163,32.6572,False,False
2758,2,-25.0,-25.0,-26.61932373046875,7.5671067237854,0.172695130109787,32.6073,False,False
2759,2,-25.0,-25.0,-26.61698341369629,7.517260551452637,0.17266805469989777,32.5574,False,False
2760,2,-25.0,-25.0,-26.614643096923828,7.467414379119873,0.17262636125087738,32.5075,False,False
2761,2,-25.0,-25.0,-26.61229705810547,7.417568206787109,0.1725713014602661,32.4576,False,False
2762,2,-25.0,-25.0,-26.60995101928711,7.367722034454346,0.17250405251979828,32.4077,False,False
2763,2,-25.0,-25.0,-26.60759925842285,7.317875385284424,0.17242561280727386,32.3578,False,False
2764,2,-25.0,-25.0,-26.605247497558594,7.26802921295166,0.17233693599700928,32.3079,False,False
2765,2,-25.0,-25.0,-26.60289192199707,7.218182563781738,0.17223887145519257,32.258,False,False
2766,2,-25.0,-25.0,-26.60053253173828,7.168335914611816,0.17213213443756104,32.2081,False,False
2767,2,-25.0,-25.0,-26.59817123413086,7.1184892654418945,0.17201745510101318,32.1582,False,False
2768,2,-25.0,-25.0,-26.595808029174805,7.068642616271973,0.17189541459083557,32.1083,False,False
2769,2,-25.0,-25.0,-26.593441009521484,7.018795967102051,0.17176657915115356,32.0584,False,False
2770,2,-25.0,-25.0,-26.59107208251953,6.968948841094971,0.17163145542144775,32.0085,False,False
2771,2,-25.0,-25.0,-26.588699340820312,6.919102191925049,0.17149050533771515,31.9586,False,False
2772,2,-25.0,-25.0,-26.586326599121094,6.869255065917969,0.1714029163122177,31.9087,False,False
2773,2,-25.0,-25.0,-26.583948135375977,6.819408416748047,0.17136316001415253,31.8588,False,False
2774,2,-25.0,-25.0,-26.58156967163086,6.769561290740967,0.1713075041770935,31.8089,False,False
2775,2,-25.0,-25.0,-26.579187393188477,6.719714164733887,0.17123736441135406,31.759,False,False
2776,2,-25.0,-25.0,-26.57680320739746,6.669867038726807,0.17115400731563568,31.7091,False,False
2777,2,-25.0,-25.0,-26.57441520690918,6.620019912719727,0.17105859518051147,31.6592,False,False
2778,2,-25.0,-25.0,-26.572025299072266,6.5701727867126465,0.17095217108726501,31.6093,False,False
2779,2,-25.0,-25.0,-26.56963348388672,6.520325660705566,0.17089445888996124,31.5594,False,False
2780,2,-25.0,-25.0,-26.56723976135254,6.470478534698486,0.17088043689727783,31.5095,False,False
2781,2,-25.0,-25.0,-26.564842224121094,6.420630931854248,0.17084674537181854,31.4596,False,False
2782,2,-25.0,-25.0,-26.56244468688965,6.370783805847168,0.17079521715641022,31.4097,False,False
2783,2,-25.0,-25.0,-26.560043334960938,6.32093620300293,0.17078624665737152,31.3598,False,False
2784,2,-25.0,-25.0,-26.55763816833496,6.271088600158691,0.17081543803215027,31.3099,False,False
2785,2,-25.0,-25.0,-26.555233001708984,6.221241474151611,0.1708788126707077,31.26,False,False
2786,2,-25.0,-25.0,-26.552825927734375,6.171393871307373,0.1709727793931961,31.21,False,False
2787,2,-25.0,-25.0,-26.5504150390625,6.121546268463135,0.1710941195487976,31.1601,False,False
2788,2,-25.0,-25.0,-26.548002243041992,6.0716986656188965,0.17118114233016968,31.1102,False,False
2789,2,-25.0,-25.0,-26.54558753967285,6.021851062774658,0.17123714089393616,31.0603,False,False
2790,2,-25.0,-25.0,-26.543170928955078,5.97200345993042,0.17126505076885223,31.0104,False,False
2791,2,-25.0,-25.0,-26.540752410888672,5.922155857086182,0.171267569065094,30.9605,False,False
2792,2,-25.0,-25.0,-26.538331985473633,5.872307777404785,0.17124706506729126,30.9106,False,False
2793,2,-25.0,-25.0,-26.53590965270996,5.822459697723389,0.17120571434497833,30.8607,False,False
2794,2,-25.0,-25.0,-26.533485412597656,5.772611618041992,0.17114543914794922,30.8108,False,False
2795,2,-25.0,-25.0,-26.53105926513672,5.722763538360596,0.1710679978132248,30.7609,False,False
2796,2,-25.0,-25.0,-26.528629302978516,5.672915458679199,0.1709749847650528,30.711,False,False
2797,2,-25.0,-25.0,-26.526199340820312,5.623067378997803,0.17086780071258545,30.6611,False,False
2798,2,-25.0,-25.0,-26.523767471313477,5.573219299316406,0.17074771225452423,30.6112,False,False
2799,2,-25.0,-25.0,-26.521333694458008,5.523370742797852,0.17061589658260345,30.5613,False,False
2800,2,-25.0,-25.0,-26.518898010253906,5.473522663116455,0.1704733818769455,30.5114,False,False
2801,2,-25.0,-25.0,-26.516460418701172,5.4236741065979,0.17032110691070557,30.4614,False,False
2802,2,-25.0,-25.0,-26.514020919799805,5.373825550079346,0.17015990614891052,30.4115,False,False
2803,2,-25.0,-25.0,-26.511581420898438,5.323976993560791,0.17004933953285217,30.3616,False,False
2804,2,-25.0,-25.0,-26.509138107299805,5.274128437042236,0.16998419165611267,30.3117,False,False
2805,2,-25.0,-25.0,-26.506694793701172,5.224279880523682,0.16995979845523834,30.2618,False,False
2806,2,-25.0,-25.0,-26.504249572753906,5.174431324005127,0.16997194290161133,30.2119,False,False
2807,2,-25.0,-25.0,-26.501802444458008,5.124582767486572,0.1700168251991272,30.162,False,False
2808,2,-25.0,-25.0,-26.499353408813477,5.074733734130859,0.17009104788303375,30.1121,False,False
2809,2,-25.0,-25.0,-26.496902465820312,5.024885177612305,0.17019155621528625,30.0622,False,False
2810,2,-25.0,-25.0,-26.49445152282715,4.97503662109375,0.17031556367874146,30.0123,False,False
2811,2,-25.0,-25.0,-26.49199867248535,4.925187587738037,0.17046061158180237,29.9624,False,False
2812,2,-25.0,-25.0,-26.489543914794922,4.875339031219482,0.170565664768219,29.9124,False,False
2813,2,-25.0,-25.0,-26.487089157104492,4.8254899978637695,0.17063461244106293,29.8625,False,False
2814,2,-25.0,-25.0,-26.484630584716797,4.775640964508057,0.17067094147205353,29.8126,False,False
2815,2,-25.0,-25.0,-26.4821720123291,4.725791931152344,0.1706777960062027,29.7627,False,False
2816,2,-25.0,-25.0,-26.479713439941406,4.675942420959473,0.17065800726413727,29.7128,False,False
2817,2,-25.0,-25.0,-26.477252960205078,4.62609338760376,0.1706141233444214,29.6629,False,False
2818,2,-25.0,-25.0,-26.474790573120117,4.576243877410889,0.1705484390258789,29.613,False,False
2819,2,-25.0,-25.0,-26.472326278686523,4.526394367218018,0.1705218404531479,29.5631,False,False
2820,2,-25.0,-25.0,-26.46986198425293,4.476545333862305,0.1705302596092224,29.5132,False,False
2821,2,-25.0,-25.0,-26.467397689819336,4.426695823669434,0.17057010531425476,29.4633,False,False
2822,2,-25.0,-25.0,-26.464929580688477,4.3768463134765625,0.1706380993127823,29.4133,False,False
2823,2,-25.0,-25.0,-26.46246337890625,4.326996803283691,0.170731320977211,29.3634,False,False
2824,2,-25.0,-25.0,-26.459993362426758,4.277146816253662,0.17078831791877747,29.3135,False,False
2825,2,-25.0,-25.0,-26.457523345947266,4.227297306060791,0.17081262171268463,29.2636,False,False
2826,2,-25.0,-25.0,-26.455053329467773,4.177447319030762,0.17074859142303467,29.2137,False,False
2827,2,-25.0,-25.0,-26.45258140563965,4.127597332000732,0.1706637740135193,29.1638,False,False
2828,2,-25.0,-25.0,-26.450109481811523,4.077747344970703,0.17056013643741608,29.1139,False,False
2829,2,-25.0,-25.0,-26.447635650634766,4.027897357940674,0.17049823701381683,29.064,False,False
2830,2,-25.0,-25.0,-26.445161819458008,3.9780473709106445,0.17047381401062012,29.0141,False,False
2831,2,-25.0,-25.0,-26.442686080932617,3.9281973838806152,0.17048299312591553,28.9641,False,False
2832,2,-25.0,-25.0,-26.440208435058594,3.878347158432007,0.17046353220939636,28.9142,False,False
2833,2,-25.0,-25.0,-26.437732696533203,3.8284966945648193,0.1704181581735611,28.8643,False,False
2834,2,-25.0,-25.0,-26.43525505065918,3.778646469116211,0.1704081892967224,28.8144,False,False
2835,2,-25.0,-25.0,-26.432775497436523,3.7287960052490234,0.17042995989322662,28.7645,False,False
2836,2,-25.0,-25.0,-26.430295944213867,3.678945779800415,0.17048020660877228,28.7146,False,False
2837,2,-25.0,-25.0,-26.42781639099121,3.6290953159332275,0.170555979013443,28.6647,False,False
2838,2,-25.0,-25.0,-26.425334930419922,3.57924485206604,0.17065459489822388,28.6148,False,False
2839,2,-25.0,-25.0,-26.422853469848633,3.5293941497802734,0.1707736998796463,28.5649,False,False
2840,2,-25.0,-25.0,-26.420372009277344,3.479543685913086,0.17085233330726624,28.5149,False,False
2841,2,-25.0,-25.0,-26.417888641357422,3.4296927452087402,0.17089445888996124,28.465,False,False
2842,2,-25.0,-25.0,-26.4154052734375,3.3798420429229736,0.17084482312202454,28.4151,False,False
2843,2,-25.0,-25.0,-26.412921905517578,3.329991102218628,0.17077133059501648,28.3652,False,False
2844,2,-25.0,-25.0,-26.410436630249023,3.280139923095703,0.17073507606983185,28.3153,False,False
2845,2,-25.0,-25.0,-26.40795135498047,3.2302889823913574,0.17073224484920502,28.2654,False,False
2846,2,-25.0,-25.0,-26.405466079711914,3.1804380416870117,0.17075936496257782,28.2155,False,False
2847,2,-25.0,-25.0,-26.402978897094727,3.130586862564087,0.1707545816898346,28.1656,False,False
2848,2,-25.0,-25.0,-26.40049171447754,3.080735445022583,0.17072099447250366,28.1156,False,False
2849,2,-25.0,-25.0,-26.39800453186035,3.030884265899658,0.17066138982772827,28.0657,False,False
2850,2,-25.0,-25.0,-26.395517349243164,2.981032609939575,0.17057828605175018,28.0158,False,False
2851,2,-25.0,-25.0,-26.393028259277344,2.9311811923980713,0.1705327332019806,27.9659,False,False
2852,2,-25.0,-25.0,-26.390541076660156,2.8813297748565674,0.17052090167999268,27.916,False,False
2853,2,-25.0,-25.0,-26.388050079345703,2.8314781188964844,0.17053933441638947,27.8661,False,False
2854,2,-25.0,-25.0,-26.385560989379883,2.7816264629364014,0.17058488726615906,27.8162,False,False
2855,2,-25.0,-25.0,-26.383071899414062,2.7317750453948975,0.1706547886133194,27.7662,False,False
2856,2,-25.0,-25.0,-26.38058090209961,2.6819231510162354,0.1706876903772354,27.7163,False,False
2857,2,-25.0,-25.0,-26.378089904785156,2.6320712566375732,0.1706872284412384,27.6664,False,False
2858,2,-25.0,-25.0,-26.375598907470703,2.582219362258911,0.17065666615962982,27.6165,False,False
2859,2,-25.0,-25.0,-26.37310791015625,2.532367467880249,0.17065772414207458,27.5666,False,False
2860,2,-25.0,-25.0,-26.370616912841797,2.482515335083008,0.17068715393543243,27.5167,False,False
2861,2,-25.0,-25.0,-26.36812400817871,2.4326634407043457,0.17074204981327057,27.4668,False,False
2862,2,-25.0,-25.0,-26.365631103515625,2.3828113079071045,0.17081975936889648,27.4168,False,False
2863,2,-25.0,-25.0,-26.36313819885254,2.332958936691284,0.17085912823677063,27.3669,False,False
2864,2,-25.0,-25.0,-26.360645294189453,2.283106803894043,0.17086392641067505,27.317,False,False
2865,2,-25.0,-25.0,-26.358152389526367,2.2332544326782227,0.17083752155303955,27.2671,False,False
2866,2,-25.0,-25.0,-26.35565948486328,2.1834018230438232,0.170841783285141,27.2172,False,False
2867,2,-25.0,-25.0,-26.353166580200195,2.133549451828003,0.17087353765964508,27.1673,False,False
2868,2,-25.0,-25.0,-26.350671768188477,2.0836968421936035,0.17092996835708618,27.1174,False,False
2869,2,-25.0,-25.0,-26.348176956176758,2.033844232559204,0.17094974219799042,27.0674,False,False
2870,2,-25.0,-25.0,-26.345684051513672,1.9839916229248047,0.1709364354610443,27.0175,False,False
2871,2,-25.0,-25.0,-26.343189239501953,1.9341387748718262,0.17095209658145905,26.9676,False,False
2872,2,-25.0,-25.0,-26.340694427490234,1.8842860460281372,0.17099374532699585,26.9177,False,False
2873,2,-25.0,-25.0,-26.338199615478516,1.8344331979751587,0.17105869948863983,26.8678,False,False
2874,2,-25.0,-25.0,-26.335704803466797,1.784580111503601,0.17102698981761932,26.8179,False,False
2875,2,-25.0,-25.0,-26.333209991455078,1.7347270250320435,0.1709669828414917,26.7679,False,False
2876,2,-25.0,-25.0,-26.330713272094727,1.6848739385604858,0.17094026505947113,26.718,False,False
2877,2,-25.0,-25.0,-26.328218460083008,1.6350207328796387,0.17094342410564423,26.6681,False,False
2878,2,-25.0,-25.0,-26.32572364807129,1.5851675271987915,0.17091460525989532,26.6182,False,False
2879,2,-25.0,-25.0,-26.323226928710938,1.5353142023086548,0.17085695266723633,26.5683,False,False
2880,2,-25.0,-25.0,-26.32073211669922,1.4854607582092285,0.17077325284481049,26.5184,False,False
2881,2,-25.0,-25.0,-26.318235397338867,1.4356073141098022,0.17072488367557526,26.4685,False,False
2882,2,-25.0,-25.0,-26.31574058532715,1.3857537508010864,0.17070820927619934,26.4185,False,False
2883,2,-25.0,-25.0,-26.313243865966797,1.3359003067016602,0.17071999609470367,26.3686,False,False
2884,2,-25.0,-25.0,-26.310749053955078,1.2860466241836548,0.17069855332374573,26.3187,False,False
2885,2,-25.0,-25.0,-26.308252334594727,1.2361929416656494,0.17064711451530457,26.2688,False,False
2886,2,-25.0,-25.0,-26.305755615234375,1.1863391399383545,0.1706274300813675,26.2189,False,False
2887,2,-25.0,-25.0,-26.303258895874023,1.1364853382110596,0.17057745158672333,26.169,False,False
2888,2,-25.0,-25.0,-26.300764083862305,1.086631417274475,0.17055895924568176,26.119,False,False
2889,2,-25.0,-25.0,-26.298267364501953,1.0367774963378906,0.17056873440742493,26.0691,False,False
2890,2,-25.0,-25.0,-26.2957706451416,0.9869234561920166,0.1705450713634491,26.0192,False,False
2891,2,-25.0,-25.0,-26.29327392578125,0.9370693564414978,0.1704912781715393,25.9693,False,False
2892,2,-25.0,-25.0,-26.2907772064209,0.8872151374816895,0.17041029036045074,25.9194,False,False
2893,2,-25.0,-25.0,-26.28828239440918,0.8373609781265259,0.17042239010334015,25.8695,False,False
2894,2,-25.0,-25.0,-26.285785675048828,0.7875067591667175,0.17045937478542328,25.8195,False,False
2895,2,-25.0,-25.0,-26.283288955688477,0.7376524806022644,0.170518696308136,25.7696,False,False
2896,2,-25.0,-25.0,-26.280792236328125,0.6877981424331665,0.1705392748117447,25.7197,False,False
2897,2,-25.0,-25.0,-26.278295516967773,0.637943685054779,0.17052492499351501,25.6698,False,False
2898,2,-25.0,-25.0,-26.275800704956055,0.5880892276763916,0.17053788900375366,25.6199,False,False
2899,2,-25.0,-25.0,-26.273303985595703,0.5382347106933594,0.170575350522995,25.57,False,False
2900,2,-25.0,-25.0,-26.27080726623535,0.4883801341056824,0.17063482105731964,25.52,False,False
2901,2,-25.0,-25.0,-26.268310546875,0.438525527715683,0.17071405053138733,25.4701,False,False
2902,2,-25.0,-25.0,-26.26581573486328,0.38867083191871643,0.17075218260288239,25.4202,False,False
2903,2,-25.0,-25.0,-26.26331901550293,0.3388160467147827,0.17075328528881073,25.3703,False,False
2904,2,-25.0,-25.0,-26.260822296142578,0.28896117210388184,0.17072100937366486,25.3204,False,False
2905,2,-25.0,-25.0,-26.25832748413086,0.23910626769065857,0.17071746289730072,25.2705,False,False
2906,2,-25.0,-25.0,-26.255830764770508,0.18925131857395172,0.17073968052864075,25.2205,False,False
2907,2,-25.0,-25.0,-26.25333595275879,0.1393963247537613,0.170785054564476,25.1706,False,False
2908,2,-25.0,-25.0,-26.250839233398438,0.08954130113124847,0.1708512008190155,25.1207,False,False
2909,2,-25.0,-25.0,-26.248342514038086,0.03968622535467148,0.1709359884262085,25.0708,False,False
2910,2,-25.0,-25.0,-26.245847702026367,-0.010168936103582382,0.17097871005535126,25.0209,False,False
2911,2,-25.0,-25.0,-26.24335289001465,-0.06002418324351311,0.17098352313041687,24.9709,False,False
2912,2,-25.0,-25.0,-26.240856170654297,-0.1098795160651207,0.1709541529417038,24.921,False,False
2913,2,-25.0,-25.0,-26.238361358642578,-0.15973487496376038,0.17095279693603516,24.8711,False,False
2914,2,-25.0,-25.0,-26.23586654663086,-0.20959028601646423,0.17097659409046173,24.8212,False,False
2915,2,-25.0,-25.0,-26.233369827270508,-0.2594457268714905,0.17102296650409698,24.7713,False,False
2916,2,-25.0,-25.0,-26.23087501525879,-0.3093011975288391,0.17108960449695587,24.7214,False,False
2917,2,-25.0,-25.0,-26.22838020324707,-0.3591567575931549,0.17111563682556152,24.6714,False,False
2918,2,-25.0,-25.0,-26.22588539123535,-0.40901240706443787,0.17110508680343628,24.6215,False,False
2919,2,-25.0,-25.0,-26.223390579223633,-0.458868145942688,0.17106156051158905,24.5716,False,False
2920,2,-25.0,-25.0,-26.220895767211914,-0.5087239146232605,0.17104710638523102,24.5217,False,False
2921,2,-25.0,-25.0,-26.218400955200195,-0.558579683303833,0.171058788895607,24.4718,False,False
2922,2,-25.0,-25.0,-26.215906143188477,-0.6084355115890503,0.1710939109325409,24.4219,False,False
2923,2,-25.0,-25.0,-26.213411331176758,-0.6582913994789124,0.1711501181125641,24.3719,False,False
2924,2,-25.0,-25.0,-26.21091651916504,-0.7081472873687744,0.17122521996498108,24.322,False,False
2925,2,-25.0,-25.0,-26.20842170715332,-0.7580032348632812,0.17131727933883667,24.2721,False,False
2926,2,-25.0,-25.0,-26.205928802490234,-0.8078592419624329,0.17136578261852264,24.2222,False,False
2927,2,-25.0,-25.0,-26.203433990478516,-0.857715368270874,0.17137503623962402,24.1723,False,False
2928,2,-25.0,-25.0,-26.20094108581543,-0.90757155418396,0.1713489145040512,24.1223,False,False
2929,2,-25.0,-25.0,-26.19844627380371,-0.9574277997016907,0.17129091918468475,24.0724,False,False
2930,2,-25.0,-25.0,-26.195953369140625,-1.007284164428711,0.17126300930976868,24.0225,False,False
2931,2,-25.0,-25.0,-26.193458557128906,-1.0571404695510864,0.17126211524009705,23.9726,False,False
2932,2,-25.0,-25.0,-26.19096565246582,-1.106996774673462,0.1712854951620102,23.9227,False,False
2933,2,-25.0,-25.0,-26.188472747802734,-1.156853199005127,0.17133069038391113,23.8727,False,False
2934,2,-25.0,-25.0,-26.185977935791016,-1.206709623336792,0.1713954508304596,23.8228,False,False
2935,2,-25.0,-25.0,-26.18348503112793,-1.256566047668457,0.1714777797460556,23.7729,False,False
2936,2,-25.0,-25.0,-26.180992126464844,-1.3064225912094116,0.17151708900928497,23.723,False,False
2937,2,-25.0,-25.0,-26.178499221801758,-1.3562791347503662,0.17151764035224915,23.6731,False,False
2938,2,-25.0,-25.0,-26.176006317138672,-1.4061359167099,0.17148326337337494,23.6232,False,False
2939,2,-25.0,-25.0,-26.173513412475586,-1.455992579460144,0.17147624492645264,23.5732,False,False
2940,2,-25.0,-25.0,-26.171022415161133,-1.5058493614196777,0.1714937835931778,23.5233,False,False
2941,2,-25.0,-25.0,-26.168529510498047,-1.5557061433792114,0.17153337597846985,23.4734,False,False
2942,2,-25.0,-25.0,-26.16603660583496,-1.6055629253387451,0.17159278690814972,23.4235,False,False
2943,2,-25.0,-25.0,-26.163543701171875,-1.6554198265075684,0.17161118984222412,23.3736,False,False
2944,2,-25.0,-25.0,-26.161052703857422,-1.7052767276763916,0.17159265279769897,23.3236,False,False
2945,2,-25.0,-25.0,-26.158559799194336,-1.7551337480545044,0.1715996414422989,23.2737,False,False
2946,2,-25.0,-25.0,-26.156068801879883,-1.8049907684326172,0.1715707629919052,23.2238,False,False
2947,2,-25.0,-25.0,-26.15357780456543,-1.85484778881073,0.171568363904953,23.1739,False,False
2948,2,-25.0,-25.0,-26.151084899902344,-1.9047050476074219,0.17153096199035645,23.124,False,False
2949,2,-25.0,-25.0,-26.14859390258789,-1.9545621871948242,0.17152082920074463,23.074,False,False
2950,2,-25.0,-25.0,-26.146102905273438,-2.0044193267822266,0.1715351790189743,23.0241,False,False
2951,2,-25.0,-25.0,-26.143611907958984,-2.054276704788208,0.17151275277137756,22.9742,False,False
2952,2,-25.0,-25.0,-26.14112091064453,-2.1041338443756104,0.1714571863412857,22.9243,False,False
2953,2,-25.0,-25.0,-26.138629913330078,-2.153991222381592,0.1714305430650711,22.8744,False,False
2954,2,-25.0,-25.0,-26.136138916015625,-2.2038486003875732,0.17142991721630096,22.8244,False,False
2955,2,-25.0,-25.0,-26.133647918701172,-2.253706216812134,0.17145267128944397,22.7745,False,False
2956,2,-25.0,-25.0,-26.13115692138672,-2.3035635948181152,0.171437606215477,22.7246,False,False
2957,2,-25.0,-25.0,-26.1286678314209,-2.353421211242676,0.17138849198818207,22.6747,False,False
2958,2,-25.0,-25.0,-26.126176834106445,-2.4032785892486572,0.17136751115322113,22.6248,False,False
2959,2,-25.0,-25.0,-26.123685836791992,-2.4531362056732178,0.17137178778648376,22.5748,False,False
2960,2,-25.0,-25.0,-26.121196746826172,-2.5029938220977783,0.17139878869056702,22.5249,False,False
2961,2,-25.0,-25.0,-26.11870574951172,-2.552851438522339,0.17138738930225372,22.475,False,False
2962,2,-25.0,-25.0,-26.1162166595459,-2.6027092933654785,0.1713414043188095,22.4251,False,False
2963,2,-25.0,-25.0,-26.113727569580078,-2.652567148208618,0.17132306098937988,22.3752,False,False
2964,2,-25.0,-25.0,-26.111236572265625,-2.7024247646331787,0.1713295727968216,22.3252,False,False
2965,2,-25.0,-25.0,-26.108747482299805,-2.7522826194763184,0.17129960656166077,22.2753,False,False
2966,2,-25.0,-25.0,-26.106258392333984,-2.802140474319458,0.17129558324813843,22.2254,False,False
2967,2,-25.0,-25.0,-26.103769302368164,-2.8519983291625977,0.17131488025188446,22.1755,False,False
2968,2,-25.0,-25.0,-26.101280212402344,-2.9018564224243164,0.17129634320735931,22.1256,False,False
2969,2,-25.0,-25.0,-26.098791122436523,-2.951714277267456,0.17124371230602264,22.0756,False,False
2970,2,-25.0,-25.0,-26.096302032470703,-3.001572370529175,0.17121918499469757,22.0257,False,False
2971,2,-25.0,-25.0,-26.093812942504883,-3.0514304637908936,0.17121990025043488,21.9758,False,False
2972,2,-25.0,-25.0,-26.091325759887695,-3.1012885570526123,0.1712433099746704,21.9259,False,False
2973,2,-25.0,-25.0,-26.088836669921875,-3.151146650314331,0.1712283194065094,21.876,False,False
2974,2,-25.0,-25.0,-26.086347579956055,-3.20100474357605,0.17117872834205627,21.826,False,False
2975,2,-25.0,-25.0,-26.083860397338867,-3.2508630752563477,0.17115679383277893,21.7761,False,False
2976,2,-25.0,-25.0,-26.081371307373047,-3.3007211685180664,0.17115969955921173,21.7262,False,False
2977,2,-25.0,-25.0,-26.078882217407227,-3.3505795001983643,0.1711849421262741,21.6763,False,False
2978,2,-25.0,-25.0,-26.07639503479004,-3.400437831878662,0.17117144167423248,21.6264,False,False
2979,2,-25.0,-25.0,-26.07390785217285,-3.45029616355896,0.17112307250499725,21.5764,False,False
2980,2,-25.0,-25.0,-26.07141876220703,-3.500154495239258,0.17110209167003632,21.5265,False,False
2981,2,-25.0,-25.0,-26.068931579589844,-3.5500128269195557,0.17110571265220642,21.4766,False,False
2982,2,-25.0,-25.0,-26.066444396972656,-3.5998713970184326,0.1711314618587494,21.4267,False,False
2983,2,-25.0,-25.0,-26.06395721435547,-3.6497297286987305,0.17111828923225403,21.3768,False,False
2984,2,-25.0,-25.0,-26.06146812438965,-3.6995882987976074,0.17107006907463074,21.3268,False,False
2985,2,-25.0,-25.0,-26.05898094177246,-3.7494468688964844,0.1710490882396698,21.2769,False,False
2986,2,-25.0,-25.0,-26.056493759155273,-3.7993054389953613,0.17105257511138916,21.227,False,False
2987,2,-25.0,-25.0,-26.054006576538086,-3.8491640090942383,0.17107808589935303,21.1771,False,False
2988,2,-25.0,-25.0,-26.0515193939209,-3.8990225791931152,0.171064555644989,21.1272,False,False
2989,2,-25.0,-25.0,-26.049034118652344,-3.948881149291992,0.1710159033536911,21.0772,False,False
2990,2,-25.0,-25.0,-26.046546936035156,-3.9987399578094482,0.17099438607692719,21.0273,False,False
2991,2,-25.0,-25.0,-26.04405975341797,-4.048598766326904,0.17099729180335999,20.9774,False,False
2992,2,-25.0,-25.0,-26.04157257080078,-4.098457336425781,0.17102211713790894,20.9275,False,False
2993,2,-25.0,-25.0,-26.039087295532227,-4.148316383361816,0.17100787162780762,20.8776,False,False
2994,2,-25.0,-25.0,-26.03660011291504,-4.198174953460693,0.17095844447612762,20.8276,False,False
2995,2,-25.0,-25.0,-26.03411293029785,-4.2480340003967285,0.17093610763549805,20.7777,False,False
2996,2,-25.0,-25.0,-26.031627655029297,-4.2978925704956055,0.1709381490945816,20.7278,False,False
2997,2,-25.0,-25.0,-26.02914047241211,-4.347751617431641,0.17096209526062012,20.6779,False,False
2998,2,-25.0,-25.0,-26.026655197143555,-4.397610664367676,0.1710057407617569,20.628,False,False
2999,2,-25.0,-25.0,-26.024168014526367,-4.447469234466553,0.17100825905799866,20.578,False,False
3000,2,-25.0,-25.0,-26.021682739257812,-4.497328281402588,0.1709737777709961,20.5281,False,False
3001,2,-25.0,-25.0,-26.019195556640625,-4.547187328338623,0.1709059774875641,20.4782,False,False
3002,2,-25.0,-25.0,-26.01671028137207,-4.597046375274658,0.1708669513463974,20.4283,False,False
3003,2,-25.0,-25.0,-26.014225006103516,-4.646905422210693,0.17085382342338562,20.3783,False,False
3004,2,-25.0,-25.0,-26.01173973083496,-4.6967644691467285,0.17086394131183624,20.3284,False,False
3005,2,-25.0,-25.0,-26.009252548217773,-4.746623516082764,0.17089498043060303,20.2785,False,False
3006,2,-25.0,-25.0,-26.00676727294922,-4.796482563018799,0.17088602483272552,20.2286,False,False
3007,2,-25.0,-25.0,-26.004281997680664,-4.846342086791992,0.1708410531282425,20.1787,False,False
3008,2,-25.0,-25.0,-26.00179672241211,-4.896201133728027,0.17082245647907257,20.1287,False,False
3009,2,-25.0,-25.0,-25.999311447143555,-4.9460601806640625,0.17082756757736206,20.0788,False,False
3010,2,-25.0,-25.0,-25.996826171875,-4.995919704437256,0.17085398733615875,20.0289,False,False
3011,2,-25.0,-25.0,-25.994340896606445,-5.045778751373291,0.17084075510501862,19.979,False,False
3012,2,-25.0,-25.0,-25.99185562133789,-5.095638275146484,0.1707918494939804,19.9291,False,False
3013,2,-25.0,-25.0,-25.989370346069336,-5.1454973220825195,0.1707695871591568,19.8791,False,False
3014,2,-25.0,-25.0,-25.98688507080078,-5.195356845855713,0.17077131569385529,19.8292,False,False
3015,2,-25.0,-25.0,-25.984399795532227,-5.245215892791748,0.17079457640647888,19.7793,False,False
3016,2,-25.0,-25.0,-25.981914520263672,-5.295075416564941,0.17083722352981567,19.7294,False,False
3017,2,-25.0,-25.0,-25.979429244995117,-5.344934940338135,0.17083847522735596,19.6795,False,False
3018,2,-25.0,-25.0,-25.976943969726562,-5.394794464111328,0.17080247402191162,19.6295,False,False
3019,2,-25.0,-25.0,-25.97446060180664,-5.444653511047363,0.17073291540145874,19.5796,False,False
3020,2,-25.0,-25.0,-25.971975326538086,-5.494513034820557,0.17069196701049805,19.5297,False,False
3021,2,-25.0,-25.0,-25.96949005126953,-5.54437255859375,0.17067670822143555,19.4798,False,False
3022,2,-25.0,-25.0,-25.967004776000977,-5.594232082366943,0.1706845760345459,19.4298,False,False
3023,2,-25.0,-25.0,-25.964521408081055,-5.644091606140137,0.17071321606636047,19.3799,False,False
3024,2,-25.0,-25.0,-25.9620361328125,-5.69395112991333,0.17076055705547333,19.33,False,False
3025,2,-25.0,-25.0,-25.959550857543945,-5.743810653686523,0.17076587677001953,19.2801,False,False
3026,2,-25.0,-25.0,-25.957067489624023,-5.793670177459717,0.17073339223861694,19.2302,False,False
3027,2,-25.0,-25.0,-25.95458221435547,-5.843530178070068,0.1706668585538864,19.1802,False,False
3028,2,-25.0,-25.0,-25.952098846435547,-5.893389701843262,0.17062845826148987,19.1303,False,False
3029,2,-25.0,-25.0,-25.949613571166992,-5.943249225616455,0.17061537504196167,19.0804,False,False
3030,2,-25.0,-25.0,-25.947128295898438,-5.993109226226807,0.17062504589557648,19.0305,False,False
3031,2,-25.0,-25.0,-25.944644927978516,-6.04296875,0.17065517604351044,18.9806,False,False
3032,2,-25.0,-25.0,-25.94215965270996,-6.092828273773193,0.1707037091255188,18.9306,False,False
3033,2,-25.0,-25.0,-25.93967628479004,-6.142688274383545,0.17070996761322021,18.8807,False,False
3034,2,-25.0,-25.0,-25.937191009521484,-6.192547798156738,0.17067818343639374,18.8308,False,False
3035,2,-25.0,-25.0,-25.934707641601562,-6.24240779876709,0.1706121414899826,18.7809,False,False
3036,2,-25.0,-25.0,-25.932222366333008,-6.292267322540283,0.17057406902313232,18.7309,False,False
3037,2,-25.0,-25.0,-25.929738998413086,-6.342127323150635,0.17056111991405487,18.681,False,False
3038,2,-25.0,-25.0,-25.927255630493164,-6.391987323760986,0.17057079076766968,18.6311,False,False
3039,2,-25.0,-25.0,-25.92477035522461,-6.44184684753418,0.1706008017063141,18.5812,False,False
3040,2,-25.0,-25.0,-25.922286987304688,-6.491706848144531,0.17064906656742096,18.5313,False,False
3041,2,-25.0,-25.0,-25.919801712036133,-6.541566371917725,0.17065498232841492,18.4813,False,False
3042,2,-25.0,-25.0,-25.91731834411621,-6.591426372528076,0.17062275111675262,18.4314,False,False
3043,2,-25.0,-25.0,-25.91483497619629,-6.641286373138428,0.1705561876296997,18.3815,False,False
3044,2,-25.0,-25.0,-25.912349700927734,-6.691146373748779,0.17051750421524048,18.3316,False,False
3045,2,-25.0,-25.0,-25.909866333007812,-6.741006374359131,0.1705039143562317,18.2816,False,False
3046,2,-25.0,-25.0,-25.907381057739258,-6.790866374969482,0.170512855052948,18.2317,False,False
3047,2,-25.0,-25.0,-25.904897689819336,-6.840726375579834,0.17054209113121033,18.1818,False,False
3048,2,-25.0,-25.0,-25.902414321899414,-6.8905863761901855,0.17058955132961273,18.1319,False,False
3049,2,-25.0,-25.0,-25.899930953979492,-6.940446376800537,0.17059460282325745,18.082,False,False
3050,2,-25.0,-25.0,-25.897445678710938,-6.990306377410889,0.17056149244308472,18.032,False,False
3051,2,-25.0,-25.0,-25.894962310791016,-7.04016637802124,0.17049400508403778,17.9821,False,False
3052,2,-25.0,-25.0,-25.892478942871094,-7.090026378631592,0.17045438289642334,17.9322,False,False
3053,2,-25.0,-25.0,-25.88999366760254,-7.139886379241943,0.17043982446193695,17.8823,False,False
3054,2,-25.0,-25.0,-25.887510299682617,-7.189746379852295,0.17044779658317566,17.8324,False,False
3055,2,-25.0,-25.0,-25.885026931762695,-7.2396063804626465,0.170476034283638,17.7824,False,False
3056,2,-25.0,-25.0,-25.88254165649414,-7.289466857910156,0.17052248120307922,17.7325,False,False
3057,2,-25.0,-25.0,-25.88005828857422,-7.339326858520508,0.17052651941776276,17.6826,False,False
3058,2,-25.0,-25.0,-25.877574920654297,-7.389186859130859,0.17049238085746765,17.6327,False,False
3059,2,-25.0,-25.0,-25.875091552734375,-7.439047336578369,0.17048266530036926,17.5827,False,False
3060,2,-25.0,-25.0,-25.87260627746582,-7.488907337188721,0.1704949140548706,17.5328,False,False
3061,2,-25.0,-25.0,-25.8701229095459,-7.538767337799072,0.170526921749115,17.4829,False,False
3062,2,-25.0,-25.0,-25.867639541625977,-7.588627815246582,0.17051789164543152,17.433,False,False
3063,2,-25.0,-25.0,-25.865156173706055,-7.638487815856934,0.1704719364643097,17.3831,False,False
3064,2,-25.0,-25.0,-25.8626708984375,-7.688348293304443,0.17045150697231293,17.3331,False,False
3065,2,-25.0,-25.0,-25.860187530517578,-7.738208293914795,0.17045406997203827,17.2832,False,False
3066,2,-25.0,-25.0,-25.857704162597656,-7.788068771362305,0.17047728598117828,17.2333,False,False
3067,2,-25.0,-25.0,-25.855220794677734,-7.837928771972656,0.1704602986574173,17.1834,False,False
3068,2,-25.0,-25.0,-25.85273551940918,-7.887789249420166,0.17040710151195526,17.1334,False,False
3069,2,-25.0,-25.0,-25.850252151489258,-7.937649250030518,0.1703801155090332,17.0835,False,False
3070,2,-25.0,-25.0,-25.847768783569336,-7.987509727478027,0.17037668824195862,17.0336,False,False
3071,2,-25.0,-25.0,-25.84528350830078,-8.037369728088379,0.17039448022842407,16.9837,False,False
3072,2,-25.0,-25.0,-25.84280014038086,-8.087230682373047,0.17043133080005646,16.9338,False,False
3073,2,-25.0,-25.0,-25.840316772460938,-8.137090682983398,0.17048533260822296,16.8838,False,False
3074,2,-25.0,-25.0,-25.837833404541016,-8.18695068359375,0.17049594223499298,16.8339,False,False
3075,2,-25.0,-25.0,-25.83534812927246,-8.236811637878418,0.1704087108373642,16.784,False,False
3076,2,-25.0,-25.0,-25.83286476135254,-8.28667163848877,0.17035101354122162,16.7341,False,False
3077,2,-25.0,-25.0,-25.830381393432617,-8.336532592773438,0.17031988501548767,16.6841,False,False
3078,2,-25.0,-25.0,-25.827898025512695,-8.386392593383789,0.17031265795230865,16.6342,False,False
3079,2,-25.0,-25.0,-25.82541275024414,-8.43625259399414,0.17032691836357117,16.5843,False,False
3080,2,-25.0,-25.0,-25.82292938232422,-8.486113548278809,0.1703605055809021,16.5344,False,False
3081,2,-25.0,-25.0,-25.820446014404297,-8.53597354888916,0.17041146755218506,16.4845,False,False
3082,2,-25.0,-25.0,-25.817960739135742,-8.585834503173828,0.17041927576065063,16.4345,False,False
3083,2,-25.0,-25.0,-25.81547737121582,-8.63569450378418,0.17038822174072266,16.3846,False,False
3084,2,-25.0,-25.0,-25.8129940032959,-8.685555458068848,0.1703222095966339,16.3347,False,False
3085,2,-25.0,-25.0,-25.810510635375977,-8.7354154586792,0.1702834963798523,16.2848,False,False
3086,2,-25.0,-25.0,-25.808025360107422,-8.785276412963867,0.17026935517787933,16.2348,False,False
3087,2,-25.0,-25.0,-25.8055419921875,-8.835136413574219,0.17027732729911804,16.1849,False,False
3088,2,-25.0,-25.0,-25.803058624267578,-8.884997367858887,0.17030516266822815,16.135,False,False
3089,2,-25.0,-25.0,-25.800573348999023,-8.934857368469238,0.17035086452960968,16.0851,False,False
3090,2,-25.0,-25.0,-25.7980899810791,-8.984718322753906,0.17041265964508057,16.0352,False,False
3091,2,-25.0,-25.0,-25.79560661315918,-9.034578323364258,0.17043010890483856,15.9852,False,False
3092,2,-25.0,-25.0,-25.793121337890625,-9.084439277648926,0.17034883797168732,15.9353,False,False
3093,2,-25.0,-25.0,-25.790637969970703,-9.134300231933594,0.17023754119873047,15.8854,False,False
3094,2,-25.0,-25.0,-25.78815460205078,-9.184160232543945,0.1701580137014389,15.8355,False,False
3095,2,-25.0,-25.0,-25.785669326782227,-9.234021186828613,0.17010705173015594,15.7855,False,False
3096,2,-25.0,-25.0,-25.783185958862305,-9.283881187438965,0.17008177936077118,15.7356,False,False
3097,2,-25.0,-25.0,-25.780702590942383,-9.333742141723633,0.17007963359355927,15.6857,False,False
3098,2,-25.0,-25.0,-25.778217315673828,-9.3836030960083,0.17009827494621277,15.6358,False,False
3099,2,-25.0,-25.0,-25.775733947753906,-9.433463096618652,0.17013561725616455,15.5859,False,False
3100,2,-25.0,-25.0,-25.773250579833984,-9.48332405090332,0.1701897829771042,15.5359,False,False
3101,2,-25.0,-25.0,-25.77076530456543,-9.533184051513672,0.17025907337665558,15.486,False,False
3102,2,-25.0,-25.0,-25.768281936645508,-9.58304500579834,0.17034196853637695,15.4361,False,False
3103,2,-25.0,-25.0,-25.765796661376953,-9.632905960083008,0.17037829756736755,15.3862,False,False
3104,2,-25.0,-25.0,-25.76331329345703,-9.68276596069336,0.17031392455101013,15.3362,False,False
3105,2,-25.0,-25.0,-25.76082992553711,-9.732626914978027,0.17021772265434265,15.2863,False,False
3106,2,-25.0,-25.0,-25.758344650268555,-9.782487869262695,0.17015166580677032,15.2364,False,False
3107,2,-25.0,-25.0,-25.755861282348633,-9.832348823547363,0.1701127290725708,15.1865,False,False
3108,2,-25.0,-25.0,-25.753376007080078,-9.882208824157715,0.1700981706380844,15.1366,False,False
3109,2,-25.0,-25.0,-25.750892639160156,-9.932069778442383,0.17010557651519775,15.0866,False,False
3110,2,-25.0,-25.0,-25.748409271240234,-9.98193073272705,0.17013269662857056,15.0367,False,False
3111,2,-25.0,-25.0,-25.74592399597168,-10.031790733337402,0.17017759382724762,14.9868,False,False
3112,2,-25.0,-25.0,-25.743440628051758,-10.08165168762207,0.1702384352684021,14.9369,False,False
3113,2,-25.0,-25.0,-25.740955352783203,-10.131512641906738,0.17031364142894745,14.8869,False,False
3114,2,-25.0,-25.0,-25.73847198486328,-10.181373596191406,0.17034296691417694,14.837,False,False
3115,2,-25.0,-25.0,-25.735986709594727,-10.231233596801758,0.17027220129966736,14.7871,False,False
3116,2,-25.0,-25.0,-25.733503341674805,-10.281094551086426,0.1701701581478119,14.7372,False,False
3117,2,-25.0,-25.0,-25.73101806640625,-10.330955505371094,0.17009875178337097,14.6872,False,False
3118,2,-25.0,-25.0,-25.728534698486328,-10.380816459655762,0.17005489766597748,14.6373,False,False
3119,2,-25.0,-25.0,-25.726049423217773,-10.43067741394043,0.17003585398197174,14.5874,False,False
3120,2,-25.0,-25.0,-25.72356605529785,-10.480538368225098,0.1700391173362732,14.5375,False,False
3121,2,-25.0,-25.0,-25.721080780029297,-10.53039836883545,0.17006245255470276,14.4876,False,False
3122,2,-25.0,-25.0,-25.718597412109375,-10.580259323120117,0.17010381817817688,14.4376,False,False
3123,2,-25.0,-25.0,-25.71611213684082,-10.630120277404785,0.1701614260673523,14.3877,False,False
3124,2,-25.0,-25.0,-25.7136287689209,-10.679981231689453,0.17023363709449768,14.3378,False,False
3125,2,-25.0,-25.0,-25.711143493652344,-10.729842185974121,0.17026017606258392,14.2879,False,False
3126,2,-25.0,-25.0,-25.708660125732422,-10.779702186584473,0.17024561762809753,14.2379,False,False
3127,2,-25.0,-25.0,-25.706174850463867,-10.82956314086914,0.17019405961036682,14.188,False,False
3128,2,-25.0,-25.0,-25.703691482543945,-10.879424095153809,0.17016801238059998,14.1381,False,False
3129,2,-25.0,-25.0,-25.70120620727539,-10.929285049438477,0.17016491293907166,14.0882,False,False
3130,2,-25.0,-25.0,-25.69872283935547,-10.979146003723145,0.17018243670463562,14.0383,False,False
3131,2,-25.0,-25.0,-25.696237564086914,-11.029006958007812,0.1702185422182083,13.9883,False,False
3132,2,-25.0,-25.0,-25.693754196166992,-11.07886791229248,0.1702125370502472,13.9384,False,False
3133,2,-25.0,-25.0,-25.691268920898438,-11.128728866577148,0.1701686531305313,13.8885,False,False
3134,2,-25.0,-25.0,-25.688783645629883,-11.178589820861816,0.17014946043491364,13.8386,False,False
3135,2,-25.0,-25.0,-25.68630027770996,-11.228449821472168,0.170152485370636,13.7886,False,False
3136,2,-25.0,-25.0,-25.683815002441406,-11.278310775756836,0.1701754927635193,13.7387,False,False
3137,2,-25.0,-25.0,-25.681331634521484,-11.328171730041504,0.17021647095680237,13.6888,False,False
3138,2,-25.0,-25.0,-25.67884635925293,-11.378032684326172,0.17021483182907104,13.6389,False,False
3139,2,-25.0,-25.0,-25.676361083984375,-11.42789363861084,0.17017482221126556,13.5889,False,False
3140,2,-25.0,-25.0,-25.673877716064453,-11.477754592895508,0.17015907168388367,13.539,False,False
3141,2,-25.0,-25.0,-25.6713924407959,-11.527615547180176,0.17016516625881195,13.4891,False,False
3142,2,-25.0,-25.0,-25.668909072875977,-11.577476501464844,0.17019090056419373,13.4392,False,False
3143,2,-25.0,-25.0,-25.666423797607422,-11.627337455749512,0.17017550766468048,13.3893,False,False
3144,2,-25.0,-25.0,-25.663938522338867,-11.67719841003418,0.17012308537960052,13.3393,False,False
3145,2,-25.0,-25.0,-25.661455154418945,-11.727059364318848,0.17009615898132324,13.2894,False,False
3146,2,-25.0,-25.0,-25.65896987915039,-11.776920318603516,0.1700921356678009,13.2395,False,False
3147,2,-25.0,-25.0,-25.65648651123047,-11.826781272888184,0.17010875046253204,13.1896,False,False
3148,2,-25.0,-25.0,-25.654001235961914,-11.876642227172852,0.17014391720294952,13.1396,False,False
3149,2,-25.0,-25.0,-25.65151596069336,-11.92650318145752,0.17019575834274292,13.0897,False,False
3150,2,-25.0,-25.0,-25.649032592773438,-11.976364135742188,0.1702038198709488,13.0398,False,False
3151,2,-25.0,-25.0,-25.646547317504883,-12.026225090026855,0.17017246782779694,12.9899,False,False
3152,2,-25.0,-25.0,-25.644062042236328,-12.076086044311523,0.17010565102100372,12.94,False,False
3153,2,-25.0,-25.0,-25.641578674316406,-12.125946998596191,0.1700657159090042,12.89,False,False
3154,2,-25.0,-25.0,-25.63909339904785,-12.17580795288086,0.17004996538162231,12.8401,False,False
3155,2,-25.0,-25.0,-25.636608123779297,-12.225668907165527,0.17005595564842224,12.7902,False,False
3156,2,-25.0,-25.0,-25.634124755859375,-12.275529861450195,0.17008152604103088,12.7403,False,False
3157,2,-25.0,-25.0,-25.63163948059082,-12.325390815734863,0.17012469470500946,12.6903,False,False
3158,2,-25.0,-25.0,-25.629154205322266,-12.375251770019531,0.1701836884021759,12.6404,False,False
3159,2,-25.0,-25.0,-25.626670837402344,-12.4251127243042,0.17019814252853394,12.5905,False,False
3160,2,-25.0,-25.0,-25.62418556213379,-12.474973678588867,0.17017249763011932,12.5406,False,False
3161,2,-25.0,-25.0,-25.621700286865234,-12.524834632873535,0.1701107621192932,12.4906,False,False
3162,2,-25.0,-25.0,-25.619216918945312,-12.574695587158203,0.17007535696029663,12.4407,False,False
3163,2,-25.0,-25.0,-25.616731643676758,-12.624557495117188,0.17006362974643707,12.3908,False,False
3164,2,-25.0,-25.0,-25.614246368408203,-12.674418449401855,0.17007319629192352,12.3409,False,False
3165,2,-25.0,-25.0,-25.61176109313965,-12.724279403686523,0.17010192573070526,12.291,False,False
3166,2,-25.0,-25.0,-25.609277725219727,-12.774140357971191,0.17014791071414948,12.241,False,False
3167,2,-25.0,-25.0,-25.606792449951172,-12.82400131225586,0.17015059292316437,12.1911,False,False
3168,2,-25.0,-25.0,-25.604307174682617,-12.873862266540527,0.17011432349681854,12.1412,False,False
3169,2,-25.0,-25.0,-25.601823806762695,-12.923723220825195,0.17010179162025452,12.0913,False,False
3170,2,-25.0,-25.0,-25.59933853149414,-12.973584175109863,0.17011061310768127,12.0413,False,False
3171,2,-25.0,-25.0,-25.596853256225586,-13.023445129394531,0.1701386421918869,11.9914,False,False
3172,2,-25.0,-25.0,-25.59436798095703,-13.0733060836792,0.17012515664100647,11.9415,False,False
3173,2,-25.0,-25.0,-25.59188461303711,-13.123167991638184,0.17007431387901306,11.8916,False,False
3174,2,-25.0,-25.0,-25.589399337768555,-13.173028945922852,0.17004863917827606,11.8416,False,False
3175,2,-25.0,-25.0,-25.5869140625,-13.22288990020752,0.1700456142425537,11.7917,False,False
3176,2,-25.0,-25.0,-25.584430694580078,-13.272750854492188,0.17006295919418335,11.7418,False,False
3177,2,-25.0,-25.0,-25.581945419311523,-13.322611808776855,0.17009863257408142,11.6919,False,False
3178,2,-25.0,-25.0,-25.57946014404297,-13.372472763061523,0.17015081644058228,11.642,False,False
3179,2,-25.0,-25.0,-25.576974868774414,-13.422333717346191,0.17015902698040009,11.592,False,False
3180,2,-25.0,-25.0,-25.574491500854492,-13.472195625305176,0.17012766003608704,11.5421,False,False
3181,2,-25.0,-25.0,-25.572006225585938,-13.522056579589844,0.17006070911884308,11.4922,False,False
3182,2,-25.0,-25.0,-25.569520950317383,-13.571917533874512,0.17002050578594208,11.4423,False,False
3183,2,-25.0,-25.0,-25.567035675048828,-13.62177848815918,0.17000436782836914,11.3923,False,False
3184,2,-25.0,-25.0,-25.564552307128906,-13.671639442443848,0.17000989615917206,11.3424,False,False
3185,2,-25.0,-25.0,-25.56206703186035,-13.721500396728516,0.17003488540649414,11.2925,False,False
3186,2,-25.0,-25.0,-25.559581756591797,-13.7713623046875,0.17007741332054138,11.2426,False,False
3187,2,-25.0,-25.0,-25.557096481323242,-13.821223258972168,0.1701357215642929,11.1926,False,False
3188,2,-25.0,-25.0,-25.55461311340332,-13.871084213256836,0.17014940083026886,11.1427,False,False
3189,2,-25.0,-25.0,-25.552127838134766,-13.920945167541504,0.17006413638591766,11.0928,False,False
3190,2,-25.0,-25.0,-25.54964256286621,-13.970806121826172,0.17000742256641388,11.0429,False,False
3191,2,-25.0,-25.0,-25.547157287597656,-14.020668029785156,0.16997641324996948,10.993,False,False
3192,2,-25.0,-25.0,-25.544673919677734,-14.070528984069824,0.16996850073337555,10.943,False,False
3193,2,-25.0,-25.0,-25.54218864440918,-14.120389938354492,0.16998139023780823,10.8931,False,False
3194,2,-25.0,-25.0,-25.539703369140625,-14.17025089263916,0.17001299560070038,10.8432,False,False
3195,2,-25.0,-25.0,-25.53721809387207,-14.220111846923828,0.17006142437458038,10.7933,False,False
3196,2,-25.0,-25.0,-25.53473472595215,-14.269973754882812,0.17012499272823334,10.7433,False,False
3197,2,-25.0,-25.0,-25.532249450683594,-14.31983470916748,0.17014339566230774,10.6934,False,False
3198,2,-25.0,-25.0,-25.52976417541504,-14.369695663452148,0.1700623333454132,10.6435,False,False
3199,2,-25.0,-25.0,-25.527278900146484,-14.419556617736816,0.17000937461853027,10.5936,False,False
3200,2,-25.0,-25.0,-25.52479362487793,-14.4694185256958,0.1699817031621933,10.5436,False,False
3201,2,-25.0,-25.0,-25.522310256958008,-14.519279479980469,0.16997677087783813,10.4937,False,False
3202,2,-25.0,-25.0,-25.519824981689453,-14.569140434265137,0.16999229788780212,10.4438,False,False
3203,2,-25.0,-25.0,-25.5173397064209,-14.619001388549805,0.1700262427330017,10.3939,False,False
3204,2,-25.0,-25.0,-25.514854431152344,-14.668863296508789,0.17007675766944885,10.344,False,False
3205,2,-25.0,-25.0,-25.512371063232422,-14.718724250793457,0.17008337378501892,10.294,False,False
3206,2,-25.0,-25.0,-25.509885787963867,-14.768585205078125,0.1700504720211029,10.2441,False,False
3207,2,-25.0,-25.0,-25.507400512695312,-14.818446159362793,0.17004083096981049,10.1942,False,False
3208,2,-25.0,-25.0,-25.504915237426758,-14.868308067321777,0.17005211114883423,10.1443,False,False
3209,2,-25.0,-25.0,-25.502431869506836,-14.918169021606445,0.17002339661121368,10.0943,False,False
3210,2,-25.0,-25.0,-25.49994659423828,-14.968029975891113,0.17001751065254211,10.0444,False,False
3211,2,-25.0,-25.0,-25.497461318969727,-15.017873764038086,0.17003215849399567,9.9945,False,False
3212,2,-25.0,-25.0,-25.494979858398438,-15.06767749786377,0.1700652539730072,9.9446,False,False
3213,2,-25.0,-25.0,-25.49250030517578,-15.117420196533203,0.17005617916584015,9.8948,False,False
3214,2,-25.0,-25.0,-25.490026473999023,-15.167082786560059,0.17000915110111237,9.8451,False,False
3215,2,-25.0,-25.0,-25.48755645751953,-15.21664810180664,0.16998673975467682,9.7955,False,False
3216,2,-25.0,-25.0,-25.485092163085938,-15.266101837158203,0.16998648643493652,9.746,False,False
3217,2,-25.0,-25.0,-25.482633590698242,-15.315430641174316,0.1700061708688736,9.6966,False,False
3218,2,-25.0,-25.0,-25.480182647705078,-15.36462116241455,0.17004379630088806,9.6473,False,False
3219,2,-25.0,-25.0,-25.477737426757812,-15.413663864135742,0.17003874480724335,9.5982,False,False
3220,2,-25.0,-25.0,-25.47530174255371,-15.46254825592041,0.1700541079044342,9.5493,False,False
3221,2,-25.0,-25.0,-25.47287368774414,-15.511266708374023,0.17002902925014496,9.5005,False,False
3222,2,-25.0,-25.0,-25.470455169677734,-15.559810638427734,0.17002634704113007,9.4519,False,False
3223,2,-25.0,-25.0,-25.46804428100586,-15.608173370361328,0.17004381120204926,9.4035,False,False
3224,2,-25.0,-25.0,-25.46564292907715,-15.656350135803223,0.17002062499523163,9.3552,False,False
3225,2,-25.0,-25.0,-25.463253021240234,-15.704333305358887,0.17001962661743164,9.3072,False,False
3226,2,-25.0,-25.0,-25.46087074279785,-15.752120018005371,0.1700386106967926,9.2594,False,False
3227,2,-25.0,-25.0,-25.458499908447266,-15.799705505371094,0.17001676559448242,9.2117,False,False
3228,2,-25.0,-25.0,-25.456138610839844,-15.847085952758789,0.17001697421073914,9.1643,False,False
3229,2,-25.0,-25.0,-25.453786849975586,-15.894258499145508,0.17003701627254486,9.117,False,False
3230,2,-25.0,-25.0,-25.451446533203125,-15.941221237182617,0.1700161248445511,9.07,False,False
3231,2,-25.0,-25.0,-25.44911766052246,-15.987970352172852,0.17001716792583466,9.0232,False,False
3232,2,-25.0,-25.0,-25.44679832458496,-16.034503936767578,0.17003796994686127,8.9766,False,False
3233,2,-25.0,-25.0,-25.444490432739258,-16.080821990966797,0.17001771926879883,8.9302,False,False
3234,2,-25.0,-25.0,-25.44219207763672,-16.126920700073242,0.17001935839653015,8.8841,False,False
3235,2,-25.0,-25.0,-25.439905166625977,-16.172800064086914,0.17004065215587616,8.8382,False,False
3236,2,-25.0,-25.0,-25.43762969970703,-16.218460083007812,0.17002087831497192,8.7924,False,False
3237,2,-25.0,-25.0,-25.435365676879883,-16.263898849487305,0.16996410489082336,8.7469,False,False
3238,2,-25.0,-25.0,-25.43311309814453,-16.309114456176758,0.16993284225463867,8.7017,False,False
3239,2,-25.0,-25.0,-25.430870056152344,-16.354110717773438,0.1699245423078537,8.6566,False,False
3240,2,-25.0,-25.0,-25.428638458251953,-16.398881912231445,0.1699368953704834,8.6118,False,False
3241,2,-25.0,-25.0,-25.42641830444336,-16.44343376159668,0.16996783018112183,8.5672,False,False
3242,2,-25.0,-25.0,-25.424209594726562,-16.487760543823242,0.17001548409461975,8.5228,False,False
3243,2,-25.0,-25.0,-25.422012329101562,-16.5318660736084,0.17001938819885254,8.4786,False,False
3244,2,-25.0,-25.0,-25.419824600219727,-16.57575035095215,0.16998390853405,8.4347,False,False
3245,2,-25.0,-25.0,-25.417648315429688,-16.619413375854492,0.1699717938899994,8.391,False,False
3246,2,-25.0,-25.0,-25.415483474731445,-16.66285514831543,0.16998068988323212,8.3475,False,False
3247,2,-25.0,-25.0,-25.413330078125,-16.70607566833496,0.17000849545001984,8.3042,False,False
3248,2,-25.0,-25.0,-25.41118621826172,-16.749074935913086,0.17005331814289093,8.2612,False,False
3249,2,-25.0,-25.0,-25.409055709838867,-16.791854858398438,0.17005464434623718,8.2183,False,False
3250,2,-25.0,-25.0,-25.40693473815918,-16.83441734313965,0.1700168401002884,8.1757,False,False
3251,2,-25.0,-25.0,-25.404823303222656,-16.876760482788086,0.16994380950927734,8.1333,False,False
3252,2,-25.0,-25.0,-25.402725219726562,-16.91888427734375,0.1698978841304779,8.0911,False,False
3253,2,-25.0,-25.0,-25.400636672973633,-16.96079444885254,0.1698763370513916,8.0492,False,False
3254,2,-25.0,-25.0,-25.398557662963867,-17.002485275268555,0.16987672448158264,8.0074,False,False
3255,2,-25.0,-25.0,-25.3964900970459,-17.043962478637695,0.16989685595035553,7.9659,False,False
3256,2,-25.0,-25.0,-25.394433975219727,-17.08522605895996,0.16993474960327148,7.9246,False,False
3257,2,-25.0,-25.0,-25.39238929748535,-17.12627410888672,0.16998863220214844,7.8835,False,False
3258,2,-25.0,-25.0,-25.39035415649414,-17.167110443115234,0.17005687952041626,7.8426,False,False
3259,2,-25.0,-25.0,-25.388328552246094,-17.20773696899414,0.1700792759656906,7.8019,False,False
3260,2,-25.0,-25.0,-25.386314392089844,-17.248149871826172,0.17000159621238708,7.7615,False,False
3261,2,-25.0,-25.0,-25.38431167602539,-17.288352966308594,0.16989265382289886,7.7212,False,False
3262,2,-25.0,-25.0,-25.3823184967041,-17.32834815979004,0.16981439292430878,7.6812,False,False
3263,2,-25.0,-25.0,-25.380334854125977,-17.368135452270508,0.1697637140750885,7.6413,False,False
3264,2,-25.0,-25.0,-25.37836265563965,-17.40771484375,0.16973787546157837,7.6017,False,False
3265,2,-25.0,-25.0,-25.376401901245117,-17.44709014892578,0.16973437368869781,7.5623,False,False
3266,2,-25.0,-25.0,-25.374448776245117,-17.486257553100586,0.16975097358226776,7.5231,False,False
3267,2,-25.0,-25.0,-25.372507095336914,-17.525222778320312,0.16978566348552704,7.4841,False,False
3268,2,-25.0,-25.0,-25.370574951171875,-17.563983917236328,0.1698366403579712,7.4452,False,False
3269,2,-25.0,-25.0,-25.368654251098633,-17.602542877197266,0.1699022501707077,7.4066,False,False
3270,2,-25.0,-25.0,-25.366743087768555,-17.640899658203125,0.16998103260993958,7.3682,False,False
3271,2,-25.0,-25.0,-25.36484146118164,-17.679058074951172,0.17007166147232056,7.33,False,False
3272,2,-25.0,-25.0,-25.36294937133789,-17.717016220092773,0.17005537450313568,7.292,False,False
3273,2,-25.0,-25.0,-25.361066818237305,-17.754776000976562,0.16994285583496094,7.2542,False,False
3274,2,-25.0,-25.0,-25.359195709228516,-17.792339324951172,0.1698613315820694,7.2166,False,False
3275,2,-25.0,-25.0,-25.357332229614258,-17.8297061920166,0.16980771720409393,7.1792,False,False
3276,2,-25.0,-25.0,-25.355480194091797,-17.866878509521484,0.16977918148040771,7.142,False,False
3277,2,-25.0,-25.0,-25.3536376953125,-17.903854370117188,0.16977325081825256,7.105,False,False
3278,2,-25.0,-25.0,-25.351804733276367,-17.94063949584961,0.16978763043880463,7.0681,False,False
3279,2,-25.0,-25.0,-25.3499813079834,-17.977230072021484,0.16982030868530273,7.0315,False,False
3280,2,-25.0,-25.0,-25.348167419433594,-18.013629913330078,0.16986942291259766,6.995,False,False
3281,2,-25.0,-25.0,-25.346363067626953,-18.049840927124023,0.16993336379528046,6.9588,False,False
3282,2,-25.0,-25.0,-25.344568252563477,-18.085861206054688,0.17001061141490936,6.9227,False,False
3283,2,-25.0,-25.0,-25.34278106689453,-18.121692657470703,0.1700410395860672,6.8868,False,False
3284,2,-25.0,-25.0,-25.341005325317383,-18.157337188720703,0.17002935707569122,6.8512,False,False
3285,2,-25.0,-25.0,-25.3392391204834,-18.192794799804688,0.1699797511100769,6.8157,False,False
3286,2,-25.0,-25.0,-25.337480545043945,-18.22806739807129,0.16989603638648987,6.7803,False,False
3287,2,-25.0,-25.0,-25.335731506347656,-18.263154983520508,0.16984041035175323,6.7452,False,False
3288,2,-25.0,-25.0,-25.33399200439453,-18.298059463500977,0.16981005668640137,6.7103,False,False
3289,2,-25.0,-25.0,-25.33226203918457,-18.332782745361328,0.1698024570941925,6.6755,False,False
3290,2,-25.0,-25.0,-25.330541610717773,-18.367321014404297,0.169815331697464,6.6409,False,False
3291,2,-25.0,-25.0,-25.328828811645508,-18.401681900024414,0.16984662413597107,6.6065,False,False
3292,2,-25.0,-25.0,-25.327125549316406,-18.43585968017578,0.16989447176456451,6.5723,False,False
3293,2,-25.0,-25.0,-25.325429916381836,-18.469860076904297,0.169957235455513,6.5382,False,False
3294,2,-25.0,-25.0,-25.323745727539062,-18.50368309020996,0.17003342509269714,6.5044,False,False
3295,2,-25.0,-25.0,-25.32206916809082,-18.537328720092773,0.17006288468837738,6.4707,False,False
3296,2,-25.0,-25.0,-25.32040023803711,-18.570796966552734,0.16999150812625885,6.4372,False,False
3297,2,-25.0,-25.0,-25.318740844726562,-18.60409164428711,0.16988816857337952,6.4038,False,False
3298,2,-25.0,-25.0,-25.31709098815918,-18.637210845947266,0.16981486976146698,6.3707,False,False
3299,2,-25.0,-25.0,-25.315448760986328,-18.67015838623047,0.16976861655712128,6.3377,False,False
3300,2,-25.0,-25.0,-25.31381607055664,-18.702932357788086,0.16974666714668274,6.3049,False,False
3301,2,-25.0,-25.0,-25.312191009521484,-18.73553466796875,0.16974660754203796,6.2722,False,False
3302,2,-25.0,-25.0,-25.31057357788086,-18.76796531677246,0.16976624727249146,6.2398,False,False
3303,2,-25.0,-25.0,-25.30896759033203,-18.80022621154785,0.16980361938476562,6.2075,False,False
3304,2,-25.0,-25.0,-25.3073673248291,-18.832319259643555,0.16985692083835602,6.1753,False,False
3305,2,-25.0,-25.0,-25.305776596069336,-18.86424446105957,0.16992458701133728,6.1434,False,False
3306,2,-25.0,-25.0,-25.3041934967041,-18.8960018157959,0.17000515758991241,6.1116,False,False
3307,2,-25.0,-25.0,-25.30261993408203,-18.927593231201172,0.17003855109214783,6.0799,False,False
3308,2,-25.0,-25.0,-25.301054000854492,-18.95901870727539,0.16997069120407104,6.0485,False,False
3309,2,-25.0,-25.0,-25.299495697021484,-18.990280151367188,0.1698705106973648,6.0172,False,False
3310,2,-25.0,-25.0,-25.297945022583008,-19.021377563476562,0.1698000282049179,5.986,False,False
3311,2,-25.0,-25.0,-25.296403884887695,-19.052310943603516,0.16975629329681396,5.9551,False,False
3312,2,-25.0,-25.0,-25.294870376586914,-19.083084106445312,0.1697365939617157,5.9243,False,False
3313,2,-25.0,-25.0,-25.293344497680664,-19.11369514465332,0.1697385609149933,5.8936,False,False
3314,2,-25.0,-25.0,-25.291828155517578,-19.144145965576172,0.16976000368595123,5.8631,False,False
3315,2,-25.0,-25.0,-25.29031753540039,-19.1744384765625,0.16979895532131195,5.8328,False,False
3316,2,-25.0,-25.0,-25.288816452026367,-19.204570770263672,0.16985370218753815,5.8026,False,False
3317,2,-25.0,-25.0,-25.287322998046875,-19.234546661376953,0.1699226349592209,5.7726,False,False
3318,2,-25.0,-25.0,-25.285837173461914,-19.26436424255371,0.17000433802604675,5.7428,False,False
3319,2,-25.0,-25.0,-25.284358978271484,-19.294025421142578,0.17003872990608215,5.7131,False,False
3320,2,-25.0,-25.0,-25.282888412475586,-19.323532104492188,0.169971764087677,5.6835,False,False
3321,2,-25.0,-25.0,-25.28142547607422,-19.35288429260254,0.16987237334251404,5.6541,False,False
3322,2,-25.0,-25.0,-25.279970169067383,-19.382081985473633,0.16980259120464325,5.6249,False,False
3323,2,-25.0,-25.0,-25.278522491455078,-19.4111270904541,0.16975946724414825,5.5958,False,False
3324,2,-25.0,-25.0,-25.277082443237305,-19.440021514892578,0.16974031925201416,5.5669,False,False
3325,2,-25.0,-25.0,-25.275650024414062,-19.46876335144043,0.16974274814128876,5.5381,False,False
3326,2,-25.0,-25.0,-25.27422523498535,-19.49735450744629,0.16976459324359894,5.5095,False,False
3327,2,-25.0,-25.0,-25.272808074951172,-19.525794982910156,0.1698039174079895,5.481,False,False
3328,2,-25.0,-25.0,-25.271398544311523,-19.554088592529297,0.16985897719860077,5.4527,False,False
3329,2,-25.0,-25.0,-25.269994735717773,-19.582231521606445,0.169928178191185,5.4245,False,False
3330,2,-25.0,-25.0,-25.268600463867188,-19.6102294921875,0.17001011967658997,5.3965,False,False
3331,2,-25.0,-25.0,-25.2672119140625,-19.638078689575195,0.17004472017288208,5.3686,False,False
3332,2,-25.0,-25.0,-25.265830993652344,-19.665782928466797,0.16997791826725006,5.3408,False,False
3333,2,-25.0,-25.0,-25.26445770263672,-19.693342208862305,0.16987866163253784,5.3132,False,False
3334,2,-25.0,-25.0,-25.263092041015625,-19.72075653076172,0.1698089987039566,5.2858,False,False
3335,2,-25.0,-25.0,-25.26173210144043,-19.748027801513672,0.16976594924926758,5.2585,False,False
3336,2,-25.0,-25.0,-25.2603816986084,-19.775156021118164,0.16974687576293945,5.2313,False,False
3337,2,-25.0,-25.0,-25.259035110473633,-19.802143096923828,0.16974936425685883,5.2043,False,False
3338,2,-25.0,-25.0,-25.25769805908203,-19.82898712158203,0.1697712540626526,5.1774,False,False
3339,2,-25.0,-25.0,-25.256366729736328,-19.85569190979004,0.16981060802936554,5.1507,False,False
3340,2,-25.0,-25.0,-25.255043029785156,-19.88225555419922,0.1698656678199768,5.1241,False,False
3341,2,-25.0,-25.0,-25.253726959228516,-19.908679962158203,0.16993486881256104,5.0976,False,False
3342,2,-25.0,-25.0,-25.252416610717773,-19.934967041015625,0.1700167953968048,5.0713,False,False
3343,2,-25.0,-25.0,-25.251113891601562,-19.96111488342285,0.1699925810098648,5.0451,False,False
3344,2,-25.0,-25.0,-25.24981689453125,-19.98712730407715,0.16993163526058197,5.0191,False,False
3345,2,-25.0,-25.0,-25.24852752685547,-20.013002395629883,0.1698964387178421,4.9932,False,False
3346,2,-25.0,-25.0,-25.24724578857422,-20.038742065429688,0.16988441348075867,4.9674,False,False
3347,2,-25.0,-25.0,-25.245969772338867,-20.064348220825195,0.16989324986934662,4.9418,False,False
3348,2,-25.0,-25.0,-25.244699478149414,-20.089818954467773,0.16992083191871643,4.9163,False,False
3349,2,-25.0,-25.0,-25.243436813354492,-20.115156173706055,0.16996531188488007,4.8909,False,False
3350,2,-25.0,-25.0,-25.24217987060547,-20.14035987854004,0.1699661761522293,4.8657,False,False
3351,2,-25.0,-25.0,-25.240930557250977,-20.165433883666992,0.16992779076099396,4.8406,False,False
3352,2,-25.0,-25.0,-25.239688873291016,-20.19037437438965,0.1699129045009613,4.8156,False,False
3353,2,-25.0,-25.0,-25.23845100402832,-20.215185165405273,0.16991914808750153,4.7908,False,False
3354,2,-25.0,-25.0,-25.23722267150879,-20.239866256713867,0.1699444055557251,4.766,False,False
3355,2,-25.0,-25.0,-25.235998153686523,-20.26441764831543,0.16992798447608948,4.7415,False,False
3356,2,-25.0,-25.0,-25.23478126525879,-20.28883934020996,0.16993284225463867,4.717,False,False
3357,2,-25.0,-25.0,-25.233570098876953,-20.313133239746094,0.16995684802532196,4.6927,False,False
3358,2,-25.0,-25.0,-25.23236656188965,-20.33730125427246,0.1699393093585968,4.6685,False,False
3359,2,-25.0,-25.0,-25.231168746948242,-20.36134147644043,0.16994315385818481,4.6444,False,False
3360,2,-25.0,-25.0,-25.229976654052734,-20.385257720947266,0.16990746557712555,4.6205,False,False
3361,2,-25.0,-25.0,-25.228790283203125,-20.409046173095703,0.1698949784040451,4.5967,False,False
3362,2,-25.0,-25.0,-25.227611541748047,-20.432710647583008,0.16990336775779724,4.573,False,False
3363,2,-25.0,-25.0,-25.226438522338867,-20.45625114440918,0.169930562376976,4.5494,False,False
3364,2,-25.0,-25.0,-25.225271224975586,-20.47966957092285,0.1699746698141098,4.5259,False,False
3365,2,-25.0,-25.0,-25.224109649658203,-20.50296401977539,0.16997520625591278,4.5026,False,False
3366,2,-25.0,-25.0,-25.22295570373535,-20.52613639831543,0.16993652284145355,4.4794,False,False
3367,2,-25.0,-25.0,-25.2218074798584,-20.54918670654297,0.16992133855819702,4.4563,False,False
3368,2,-25.0,-25.0,-25.220664978027344,-20.57211685180664,0.16992732882499695,4.4334,False,False
3369,2,-25.0,-25.0,-25.219528198242188,-20.594926834106445,0.16995233297348022,4.4105,False,False
3370,2,-25.0,-25.0,-25.21839714050293,-20.617618560791016,0.1699356883764267,4.3878,False,False
3371,2,-25.0,-25.0,-25.21727180480957,-20.64019012451172,0.16994032263755798,4.3652,False,False
3372,2,-25.0,-25.0,-25.21615219116211,-20.662643432617188,0.16990534961223602,4.3427,False,False
3373,2,-25.0,-25.0,-25.21504020690918,-20.684978485107422,0.16989348828792572,4.3204,False,False
3374,2,-25.0,-25.0,-25.213932037353516,-20.707197189331055,0.16990245878696442,4.2981,False,False
3375,2,-25.0,-25.0,-25.212831497192383,-20.729299545288086,0.16993014514446259,4.276,False,False
3376,2,-25.0,-25.0,-25.211734771728516,-20.751285552978516,0.1699746996164322,4.254,False,False
3377,2,-25.0,-25.0,-25.21064567565918,-20.773157119750977,0.1699756234884262,4.2321,False,False
3378,2,-25.0,-25.0,-25.20956039428711,-20.79491424560547,0.16993729770183563,4.2103,False,False
3379,2,-25.0,-25.0,-25.20848274230957,-20.816556930541992,0.16986362636089325,4.1886,False,False
3380,2,-25.0,-25.0,-25.207408905029297,-20.838085174560547,0.16981695592403412,4.1671,False,False
3381,2,-25.0,-25.0,-25.206342697143555,-20.859500885009766,0.16979458928108215,4.1456,False,False
3382,2,-25.0,-25.0,-25.205280303955078,-20.88080596923828,0.16979409754276276,4.1243,False,False
3383,2,-25.0,-25.0,-25.2042236328125,-20.90199851989746,0.16981326043605804,4.1031,False,False
3384,2,-25.0,-25.0,-25.203174591064453,-20.923078536987305,0.169850155711174,4.082,False,False
3385,2,-25.0,-25.0,-25.202129364013672,-20.944049835205078,0.1699029803276062,4.061,False,False
3386,2,-25.0,-25.0,-25.20108985900879,-20.96491050720215,0.16997013986110687,4.0401,False,False
3387,2,-25.0,-25.0,-25.200054168701172,-20.98566246032715,0.1699914038181305,4.0193,False,False
3388,2,-25.0,-25.0,-25.199026107788086,-21.006305694580078,0.16997137665748596,3.9987,False,False
3389,2,-25.0,-25.0,-25.1980037689209,-21.026840209960938,0.16991417109966278,3.9781,False,False
3390,2,-25.0,-25.0,-25.196985244750977,-21.047266006469727,0.16988231241703033,3.9576,False,False
3391,2,-25.0,-25.0,-25.195972442626953,-21.06758689880371,0.16987326741218567,3.9373,False,False
3392,2,-25.0,-25.0,-25.194965362548828,-21.087799072265625,0.16988475620746613,3.9171,False,False
3393,2,-25.0,-25.0,-25.19396209716797,-21.107906341552734,0.16991472244262695,3.8969,False,False
3394,2,-25.0,-25.0,-25.19296646118164,-21.12790870666504,0.16996130347251892,3.8769,False,False
3395,2,-25.0,-25.0,-25.191974639892578,-21.14780616760254,0.1699640452861786,3.857,False,False
3396,2,-25.0,-25.0,-25.190988540649414,-21.167598724365234,0.16992734372615814,3.8372,False,False
3397,2,-25.0,-25.0,-25.190006256103516,-21.187288284301758,0.16991394758224487,3.8174,False,False
3398,2,-25.0,-25.0,-25.18903160095215,-21.206872940063477,0.16992150247097015,3.7978,False,False
3399,2,-25.0,-25.0,-25.188060760498047,-21.226356506347656,0.16994792222976685,3.7783,False,False
3400,2,-25.0,-25.0,-25.18709373474121,-21.245737075805664,0.1699325293302536,3.7589,False,False
3401,2,-25.0,-25.0,-25.186132431030273,-21.265016555786133,0.1698795109987259,3.7396,False,False
3402,2,-25.0,-25.0,-25.185176849365234,-21.284194946289062,0.1698513925075531,3.7204,False,False
3403,2,-25.0,-25.0,-25.184226989746094,-21.303274154663086,0.16984573006629944,3.7013,False,False
3404,2,-25.0,-25.0,-25.18328094482422,-21.32225227355957,0.16986024379730225,3.6823,False,False
3405,2,-25.0,-25.0,-25.182340621948242,-21.341129302978516,0.16989292204380035,3.6634,False,False
3406,2,-25.0,-25.0,-25.18140411376953,-21.359909057617188,0.1699419468641281,3.6446,False,False
3407,2,-25.0,-25.0,-25.18047332763672,-21.378589630126953,0.16994689404964447,3.6259,False,False
3408,2,-25.0,-25.0,-25.179548263549805,-21.397172927856445,0.1699121594429016,3.6073,False,False
3409,2,-25.0,-25.0,-25.178627014160156,-21.415658950805664,0.16990052163600922,3.5888,False,False
3410,2,-25.0,-25.0,-25.177709579467773,-21.43404769897461,0.16990967094898224,3.5704,False,False
3411,2,-25.0,-25.0,-25.17679786682129,-21.452341079711914,0.16993750631809235,3.5521,False,False
3412,2,-25.0,-25.0,-25.175891876220703,-21.470537185668945,0.16992339491844177,3.5338,False,False
3413,2,-25.0,-25.0,-25.174989700317383,-21.488637924194336,0.16993030905723572,3.5157,False,False
3414,2,-25.0,-25.0,-25.174091339111328,-21.506643295288086,0.16989734768867493,3.4977,False,False
3415,2,-25.0,-25.0,-25.173198699951172,-21.524555206298828,0.16988730430603027,3.4798,False,False
3416,2,-25.0,-25.0,-25.172311782836914,-21.542373657226562,0.1698978841304779,3.4619,False,False
3417,2,-25.0,-25.0,-25.171428680419922,-21.56009864807129,0.16992701590061188,3.4442,False,False
3418,2,-25.0,-25.0,-25.170549392700195,-21.577730178833008,0.16991405189037323,3.4265,False,False
3419,2,-25.0,-25.0,-25.169675827026367,-21.59526824951172,0.16992200911045074,3.409,False,False
3420,2,-25.0,-25.0,-25.168806076049805,-21.612716674804688,0.1699487864971161,3.3915,False,False
3421,2,-25.0,-25.0,-25.167940139770508,-21.63007164001465,0.16993369162082672,3.3741,False,False
3422,2,-25.0,-25.0,-25.16707992553711,-21.647336959838867,0.1698809266090393,3.3568,False,False
3423,2,-25.0,-25.0,-25.16622543334961,-21.66451072692871,0.1698530614376068,3.3396,False,False
3424,2,-25.0,-25.0,-25.165372848510742,-21.681594848632812,0.16984759271144867,3.3225,False,False
3425,2,-25.0,-25.0,-25.164525985717773,-21.698589324951172,0.1698622852563858,3.3055,False,False
3426,2,-25.0,-25.0,-25.163684844970703,-21.71549415588379,0.16989512741565704,3.2886,False,False
3427,2,-25.0,-25.0,-25.162845611572266,-21.732311248779297,0.16994428634643555,3.2717,False,False
3428,2,-25.0,-25.0,-25.162012100219727,-21.749040603637695,0.16994935274124146,3.255,False,False
3429,2,-25.0,-25.0,-25.161182403564453,-21.76568031311035,0.16991472244262695,3.2383,False,False
3430,2,-25.0,-25.0,-25.160358428955078,-21.78223419189453,0.16990317404270172,3.2218,False,False
3431,2,-25.0,-25.0,-25.159536361694336,-21.798702239990234,0.16991238296031952,3.2053,False,False
3432,2,-25.0,-25.0,-25.158720016479492,-21.815082550048828,0.1699402928352356,3.1889,False,False
3433,2,-25.0,-25.0,-25.157909393310547,-21.831377029418945,0.1699262261390686,3.1726,False,False
3434,2,-25.0,-25.0,-25.157100677490234,-21.847585678100586,0.1698743849992752,3.1563,False,False
3435,2,-25.0,-25.0,-25.15629768371582,-21.863710403442383,0.16984733939170837,3.1402,False,False
3436,2,-25.0,-25.0,-25.155498504638672,-21.879751205444336,0.16984261572360992,3.1241,False,False
3437,2,-25.0,-25.0,-25.15470314025879,-21.895706176757812,0.1698579639196396,3.1081,False,False
3438,2,-25.0,-25.0,-25.153911590576172,-21.911577224731445,0.16989140212535858,3.0923,False,False
3439,2,-25.0,-25.0,-25.153125762939453,-21.927366256713867,0.16994111239910126,3.0764,False,False
3440,2,-25.0,-25.0,-25.152341842651367,-21.943073272705078,0.16994665563106537,3.0607,False,False
3441,2,-25.0,-25.0,-25.15156364440918,-21.958696365356445,0.1699124574661255,3.0451,False,False
3442,2,-25.0,-25.0,-25.150789260864258,-21.9742374420166,0.1699012964963913,3.0295,False,False
3443,2,-25.0,-25.0,-25.1500186920166,-21.98969841003418,0.16991086304187775,3.014,False,False
3444,2,-25.0,-25.0,-25.14925193786621,-22.005077362060547,0.1699390709400177,2.9986,False,False
3445,2,-25.0,-25.0,-25.14849090576172,-22.020376205444336,0.1699252724647522,2.9833,False,False
3446,2,-25.0,-25.0,-25.14773178100586,-22.035594940185547,0.1698736697435379,2.9681,False,False
3447,2,-25.0,-25.0,-25.146976470947266,-22.05073356628418,0.16984684765338898,2.9529,False,False
3448,2,-25.0,-25.0,-25.14622688293457,-22.065792083740234,0.16984230279922485,2.9378,False,False
3449,2,-25.0,-25.0,-25.14548110961914,-22.080772399902344,0.16985782980918884,2.9229,False,False
3450,2,-25.0,-25.0,-25.144737243652344,-22.095674514770508,0.16989141702651978,2.9079,False,False
3451,2,-25.0,-25.0,-25.143999099731445,-22.110496520996094,0.169941246509552,2.8931,False,False
3452,2,-25.0,-25.0,-25.143264770507812,-22.125242233276367,0.16994690895080566,2.8783,False,False
3453,2,-25.0,-25.0,-25.142532348632812,-22.139911651611328,0.16991280019283295,2.8636,False,False
3454,2,-25.0,-25.0,-25.14180564880371,-22.154502868652344,0.16990172863006592,2.849,False,False
3455,2,-25.0,-25.0,-25.141082763671875,-22.169017791748047,0.16991136968135834,2.8345,False,False
3456,2,-25.0,-25.0,-25.140363693237305,-22.183456420898438,0.16993965208530426,2.82,False,False
3457,2,-25.0,-25.0,-25.139646530151367,-22.19782066345215,0.16992592811584473,2.8057,False,False
3458,2,-25.0,-25.0,-25.138935089111328,-22.212108612060547,0.169874370098114,2.7914,False,False
3459,2,-25.0,-25.0,-25.138227462768555,-22.226320266723633,0.16984759271144867,2.7771,False,False
3460,2,-25.0,-25.0,-25.137521743774414,-22.240459442138672,0.16984309256076813,2.763,False,False
3461,2,-25.0,-25.0,-25.136821746826172,-22.25452423095703,0.1698586642742157,2.7489,False,False
3462,2,-25.0,-25.0,-25.136123657226562,-22.26851463317871,0.16989228129386902,2.7349,False,False
3463,2,-25.0,-25.0,-25.13543128967285,-22.28243064880371,0.16994214057922363,2.7209,False,False
3464,2,-25.0,-25.0,-25.134740829467773,-22.296276092529297,0.1699478179216385,2.7071,False,False
3465,2,-25.0,-25.0,-25.13405418395996,-22.310047149658203,0.16991375386714935,2.6933,False,False
3466,2,-25.0,-25.0,-25.133371353149414,-22.323745727539062,0.16990269720554352,2.6796,False,False
3467,2,-25.0,-25.0,-25.132692337036133,-22.337373733520508,0.16991235315799713,2.6659,False,False
3468,2,-25.0,-25.0,-25.132017135620117,-22.350929260253906,0.16994065046310425,2.6524,False,False
3469,2,-25.0,-25.0,-25.131345748901367,-22.36441421508789,0.16992692649364471,2.6389,False,False
3470,2,-25.0,-25.0,-25.13067626953125,-22.37782859802246,0.1698753982782364,2.6254,False,False
3471,2,-25.0,-25.0,-25.13001251220703,-22.391172409057617,0.16984862089157104,2.6121,False,False
3472,2,-25.0,-25.0,-25.129350662231445,-22.404447555541992,0.1698441207408905,2.5988,False,False
3473,2,-25.0,-25.0,-25.128692626953125,-22.417652130126953,0.16985969245433807,2.5856,False,False
3474,2,-25.0,-25.0,-25.12803840637207,-22.4307861328125,0.1698932945728302,2.5724,False,False
3475,2,-25.0,-25.0,-25.12738609313965,-22.4438533782959,0.16994315385818481,2.5593,False,False
3476,2,-25.0,-25.0,-25.126739501953125,-22.456850051879883,0.16994883120059967,2.5463,False,False
3477,2,-25.0,-25.0,-25.126094818115234,-22.46977996826172,0.16991473734378815,2.5334,False,False
3478,2,-25.0,-25.0,-25.12545394897461,-22.482641220092773,0.1699036806821823,2.5205,False,False
3479,2,-25.0,-25.0,-25.124814987182617,-22.49543571472168,0.16991332173347473,2.5077,False,False
3480,2,-25.0,-25.0,-25.124181747436523,-22.508163452148438,0.16994160413742065,2.4949,False,False
3481,2,-25.0,-25.0,-25.123550415039062,-22.520822525024414,0.16992786526679993,2.4823,False,False
3482,2,-25.0,-25.0,-25.122922897338867,-22.533416748046875,0.1698763072490692,2.4696,False,False
3483,2,-25.0,-25.0,-25.122299194335938,-22.545944213867188,0.16984951496124268,2.4571,False,False
3484,2,-25.0,-25.0,-25.12167739868164,-22.558406829833984,0.16984501481056213,2.4446,False,False
3485,2,-25.0,-25.0,-25.12105941772461,-22.570804595947266,0.16986055672168732,2.4322,False,False
3486,2,-25.0,-25.0,-25.120445251464844,-22.5831356048584,0.16989415884017944,2.4199,False,False
3487,2,-25.0,-25.0,-25.119834899902344,-22.59540367126465,0.16994400322437286,2.4076,False,False
3488,2,-25.0,-25.0,-25.119226455688477,-22.607606887817383,0.16994966566562653,2.3954,False,False
3489,2,-25.0,-25.0,-25.118621826171875,-22.6197452545166,0.169915571808815,2.3832,False,False
3490,2,-25.0,-25.0,-25.118019104003906,-22.631820678710938,0.16984570026397705,2.3711,False,False
3491,2,-25.0,-25.0,-25.117420196533203,-22.643831253051758,0.16980242729187012,2.3591,False,False
3492,2,-25.0,-25.0,-25.116825103759766,-22.655780792236328,0.1697830706834793,2.3471,False,False
3493,2,-25.0,-25.0,-25.11623191833496,-22.667667388916016,0.169785276055336,2.3352,False,False
3494,2,-25.0,-25.0,-25.115642547607422,-22.67949104309082,0.1698068529367447,2.3234,False,False
3495,2,-25.0,-25.0,-25.11505699157715,-22.691253662109375,0.16984587907791138,2.3116,False,False
3496,2,-25.0,-25.0,-25.114473342895508,-22.702953338623047,0.16990061104297638,2.2999,False,False
3497,2,-25.0,-25.0,-25.113893508911133,-22.71459197998047,0.16996946930885315,2.2882,False,False
3498,2,-25.0,-25.0,-25.113317489624023,-22.72616958618164,0.16999223828315735,2.2767,False,False
3499,2,-25.0,-25.0,-25.112743377685547,-22.737686157226562,0.16991475224494934,2.2651,False,False
3500,2,-25.0,-25.0,-25.112173080444336,-22.749143600463867,0.16986460983753204,2.2536,False,False
3501,2,-25.0,-25.0,-25.111604690551758,-22.760540008544922,0.16983909904956818,2.2422,False,False
3502,2,-25.0,-25.0,-25.111040115356445,-22.77187728881836,0.16983574628829956,2.2309,False,False
3503,2,-25.0,-25.0,-25.110477447509766,-22.783153533935547,0.16985231637954712,2.2196,False,False
3504,2,-25.0,-25.0,-25.10991859436035,-22.79437255859375,0.16988685727119446,2.2084,False,False
3505,2,-25.0,-25.0,-25.10936164855957,-22.805530548095703,0.16993753612041473,2.1972,False,False
3506,2,-25.0,-25.0,-25.108808517456055,-22.816631317138672,0.1699439436197281,2.1861,False,False
3507,2,-25.0,-25.0,-25.108259201049805,-22.827674865722656,0.1699105203151703,2.175,False,False
3508,2,-25.0,-25.0,-25.107711791992188,-22.838659286499023,0.1699000597000122,2.164,False,False
3509,2,-25.0,-25.0,-25.107166290283203,-22.849586486816406,0.1699102371931076,2.1531,False,False
3510,2,-25.0,-25.0,-25.106624603271484,-22.860456466674805,0.16993899643421173,2.1422,False,False
3511,2,-25.0,-25.0,-25.10608673095703,-22.87126922607422,0.16992567479610443,2.1314,False,False
3512,2,-25.0,-25.0,-25.10555076599121,-22.88202476501465,0.16987450420856476,2.1206,False,False
3513,2,-25.0,-25.0,-25.105016708374023,-22.892724990844727,0.16984805464744568,2.1099,False,False
3514,2,-25.0,-25.0,-25.1044864654541,-22.90336799621582,0.169843852519989,2.0992,False,False
3515,2,-25.0,-25.0,-25.103958129882812,-22.913955688476562,0.16985967755317688,2.0886,False,False
3516,2,-25.0,-25.0,-25.10343360900879,-22.924488067626953,0.16989350318908691,2.0781,False,False
3517,2,-25.0,-25.0,-25.10291290283203,-22.934965133666992,0.16994357109069824,2.0676,False,False
3518,2,-25.0,-25.0,-25.102392196655273,-22.94538688659668,0.16994942724704742,2.0572,False,False
3519,2,-25.0,-25.0,-25.10187530517578,-22.955753326416016,0.16991549730300903,2.0468,False,False
3520,2,-25.0,-25.0,-25.101362228393555,-22.966066360473633,0.16984577476978302,2.0365,False,False
3521,2,-25.0,-25.0,-25.10085105895996,-22.97632598876953,0.16980262100696564,2.0262,False,False
3522,2,-25.0,-25.0,-25.100341796875,-22.986530303955078,0.16978338360786438,2.016,False,False
3523,2,-25.0,-25.0,-25.099836349487305,-22.996681213378906,0.16978567838668823,2.0058,False,False
3524,2,-25.0,-25.0,-25.099332809448242,-23.00678062438965,0.16980735957622528,1.9957,False,False
3525,2,-25.0,-25.0,-25.098833084106445,-23.01682472229004,0.16984646022319794,1.9856,False,False
3526,2,-25.0,-25.0,-25.09833526611328,-23.026817321777344,0.16990125179290771,1.9756,False,False
3527,2,-25.0,-25.0,-25.09783935546875,-23.036758422851562,0.16997016966342926,1.9657,False,False
3528,2,-25.0,-25.0,-25.097347259521484,-23.046646118164062,0.16999298334121704,1.9558,False,False
3529,2,-25.0,-25.0,-25.09685707092285,-23.056482315063477,0.16991554200649261,1.9459,False,False
3530,2,-25.0,-25.0,-25.09636878967285,-23.066267013549805,0.16980664432048798,1.9361,False,False
3531,2,-25.0,-25.0,-25.095884323120117,-23.076000213623047,0.16972823441028595,1.9264,False,False
3532,2,-25.0,-25.0,-25.095401763916016,-23.085681915283203,0.16967728734016418,1.9167,False,False
3533,2,-25.0,-25.0,-25.094921112060547,-23.095312118530273,0.16965103149414062,1.9071,False,False
3534,2,-25.0,-25.0,-25.094444274902344,-23.104894638061523,0.1696469932794571,1.8975,False,False
3535,2,-25.0,-25.0,-25.093969345092773,-23.114423751831055,0.1696629673242569,1.8879,False,False
3536,2,-25.0,-25.0,-25.093496322631836,-23.123905181884766,0.16969695687294006,1.8784,False,False
3537,2,-25.0,-25.0,-25.093027114868164,-23.13333511352539,0.16974712908267975,1.869,False,False
3538,2,-25.0,-25.0,-25.092557907104492,-23.142717361450195,0.1698119044303894,1.8596,False,False
3539,2,-25.0,-25.0,-25.09209442138672,-23.152050018310547,0.16988979279994965,1.8502,False,False
3540,2,-25.0,-25.0,-25.091630935668945,-23.161333084106445,0.16997948288917542,1.8409,False,False
3541,2,-25.0,-25.0,-25.091171264648438,-23.17056655883789,0.16996222734451294,1.8317,False,False
3542,2,-25.0,-25.0,-25.090713500976562,-23.179752349853516,0.16990749537944794,1.8225,False,False
3543,2,-25.0,-25.0,-25.09025764465332,-23.18889045715332,0.169877827167511,1.8134,False,False
3544,2,-25.0,-25.0,-25.08980369567871,-23.197980880737305,0.1698707491159439,1.8043,False,False
3545,2,-25.0,-25.0,-25.089353561401367,-23.20702362060547,0.16988396644592285,1.7952,False,False
3546,2,-25.0,-25.0,-25.088905334472656,-23.216018676757812,0.16991546750068665,1.7862,False,False
3547,2,-25.0,-25.0,-25.088459014892578,-23.224966049194336,0.16990461945533752,1.7772,False,False
3548,2,-25.0,-25.0,-25.088016510009766,-23.23386573791504,0.16991446912288666,1.7683,False,False
3549,2,-25.0,-25.0,-25.087575912475586,-23.242719650268555,0.16988413035869598,1.7595,False,False
3550,2,-25.0,-25.0,-25.087135314941406,-23.251527786254883,0.16987642645835876,1.7506,False,False
3551,2,-25.0,-25.0,-25.086698532104492,-23.260290145874023,0.16988910734653473,1.7419,False,False
3552,2,-25.0,-25.0,-25.086265563964844,-23.269004821777344,0.16992010176181793,1.7331,False,False
3553,2,-25.0,-25.0,-25.085832595825195,-23.277673721313477,0.1699088215827942,1.7245,False,False
3554,2,-25.0,-25.0,-25.085403442382812,-23.286298751831055,0.1699182540178299,1.7158,False,False
3555,2,-25.0,-25.0,-25.084976196289062,-23.294878005981445,0.16988755762577057,1.7072,False,False
3556,2,-25.0,-25.0,-25.084550857543945,-23.30341148376465,0.16987952589988708,1.6987,False,False
3557,2,-25.0,-25.0,-25.08412742614746,-23.311901092529297,0.16989190876483917,1.6902,False,False
3558,2,-25.0,-25.0,-25.08370590209961,-23.320344924926758,0.16992264986038208,1.6817,False,False
3559,2,-25.0,-25.0,-25.083288192749023,-23.328744888305664,0.16991111636161804,1.6733,False,False
3560,2,-25.0,-25.0,-25.08287239074707,-23.33710289001465,0.16992034018039703,1.665,False,False
3561,2,-25.0,-25.0,-25.082456588745117,-23.345415115356445,0.1698894500732422,1.6566,False,False
3562,2,-25.0,-25.0,-25.08204460144043,-23.353683471679688,0.16988125443458557,1.6484,False,False
3563,2,-25.0,-25.0,-25.081634521484375,-23.361907958984375,0.16989347338676453,1.6401,False,False
3564,2,-25.0,-25.0,-25.081228256225586,-23.37009048461914,0.1699240654706955,1.6319,False,False
3565,2,-25.0,-25.0,-25.080821990966797,-23.378231048583984,0.1699124127626419,1.6238,False,False
3566,2,-25.0,-25.0,-25.08041763305664,-23.386327743530273,0.16986271739006042,1.6157,False,False
3567,2,-25.0,-25.0,-25.08001708984375,-23.394380569458008,0.1698376089334488,1.6076,False,False
3568,2,-25.0,-25.0,-25.079618453979492,-23.402393341064453,0.16983459889888763,1.5996,False,False
3569,2,-25.0,-25.0,-25.079219818115234,-23.410362243652344,0.16985149681568146,1.5916,False,False
3570,2,-25.0,-25.0,-25.078824996948242,-23.418291091918945,0.16988630592823029,1.5837,False,False
3571,2,-25.0,-25.0,-25.078432083129883,-23.426177978515625,0.16993722319602966,1.5758,False,False
3572,2,-25.0,-25.0,-25.078041076660156,-23.434022903442383,0.16994385421276093,1.5679,False,False
3573,2,-25.0,-25.0,-25.077651977539062,-23.44182777404785,0.16991062462329865,1.5601,False,False
3574,2,-25.0,-25.0,-25.0772647857666,-23.4495906829834,0.16984152793884277,1.5523,False,False
3575,2,-25.0,-25.0,-25.076881408691406,-23.457311630249023,0.16979894042015076,1.5446,False,False
3576,2,-25.0,-25.0,-25.07649803161621,-23.464994430541992,0.1697802096605301,1.5369,False,False
3577,2,-25.0,-25.0,-25.07611656188965,-23.47263526916504,0.16978295147418976,1.5293,False,False
3578,2,-25.0,-25.0,-25.07573890686035,-23.48023796081543,0.16980502009391785,1.5216,False,False
3579,2,-25.0,-25.0,-25.075361251831055,-23.4877986907959,0.16984449326992035,1.5141,False,False
3580,2,-25.0,-25.0,-25.074987411499023,-23.49532127380371,0.1698996126651764,1.5065,False,False
3581,2,-25.0,-25.0,-25.074613571166992,-23.502803802490234,0.16996881365776062,1.4991,False,False
3582,2,-25.0,-25.0,-25.074243545532227,-23.51024627685547,0.16993309557437897,1.4916,False,False
3583,2,-25.0,-25.0,-25.07387351989746,-23.517650604248047,0.16986176371574402,1.4842,False,False
3584,2,-25.0,-25.0,-25.07350730895996,-23.525014877319336,0.16981714963912964,1.4768,False,False
3585,2,-25.0,-25.0,-25.07314109802246,-23.5323429107666,0.16979661583900452,1.4695,False,False
3586,2,-25.0,-25.0,-25.072778701782227,-23.539630889892578,0.16979771852493286,1.4622,False,False
3587,2,-25.0,-25.0,-25.072416305541992,-23.5468807220459,0.16981832683086395,1.4549,False,False
3588,2,-25.0,-25.0,-25.072057723999023,-23.554092407226562,0.1698564738035202,1.4477,False,False
3589,2,-25.0,-25.0,-25.071701049804688,-23.56126594543457,0.16991040110588074,1.4405,False,False
3590,2,-25.0,-25.0,-25.07134437561035,-23.568403244018555,0.16991972923278809,1.4334,False,False
3591,2,-25.0,-25.0,-25.07099151611328,-23.575502395629883,0.1698889434337616,1.4263,False,False
3592,2,-25.0,-25.0,-25.07063865661621,-23.582563400268555,0.16988082230091095,1.4192,False,False
3593,2,-25.0,-25.0,-25.070289611816406,-23.589588165283203,0.16989311575889587,1.4122,False,False
3594,2,-25.0,-25.0,-25.0699405670166,-23.596576690673828,0.1699237823486328,1.4052,False,False
3595,2,-25.0,-25.0,-25.06959342956543,-23.603527069091797,0.169912189245224,1.3982,False,False
3596,2,-25.0,-25.0,-25.069250106811523,-23.610441207885742,0.1698625534772873,1.3913,False,False
3597,2,-25.0,-25.0,-25.068906784057617,-23.617321014404297,0.16983747482299805,1.3844,False,False
3598,2,-25.0,-25.0,-25.068565368652344,-23.624162673950195,0.16983452439308167,1.3775,False,False
3599,2,-25.0,-25.0,-25.068225860595703,-23.630970001220703,0.16985145211219788,1.3707,False,False
3600,2,-25.0,-25.0,-25.067888259887695,-23.637739181518555,0.1698862910270691,1.364,False,False
3601,2,-25.0,-25.0,-25.06755256652832,-23.64447593688965,0.16993725299835205,1.3572,False,False
3602,2,-25.0,-25.0,-25.067218780517578,-23.651174545288086,0.1699439138174057,1.3505,False,False
3603,2,-25.0,-25.0,-25.06688690185547,-23.657838821411133,0.1699107140302658,1.3438,False,False
3604,2,-25.0,-25.0,-25.066556930541992,-23.66446876525879,0.16984163224697113,1.3372,False,False
3605,2,-25.0,-25.0,-25.06622886657715,-23.671064376831055,0.1697990596294403,1.3306,False,False
3606,2,-25.0,-25.0,-25.065900802612305,-23.67762565612793,0.16978034377098083,1.324,False,False
3607,2,-25.0,-25.0,-25.065576553344727,-23.68415069580078,0.1697831153869629,1.3175,False,False
3608,2,-25.0,-25.0,-25.06525230407715,-23.690643310546875,0.16980519890785217,1.311,False,False
3609,2,-25.0,-25.0,-25.064929962158203,-23.697099685668945,0.16984467208385468,1.3045,False,False
3610,2,-25.0,-25.0,-25.064611434936523,-23.703523635864258,0.16989979147911072,1.2981,False,False
3611,2,-25.0,-25.0,-25.064292907714844,-23.70991325378418,0.16996900737285614,1.2917,False,False
3612,2,-25.0,-25.0,-25.063976287841797,-23.716270446777344,0.16993330419063568,1.2853,False,False
3613,2,-25.0,-25.0,-25.06365966796875,-23.722593307495117,0.16986197233200073,1.279,False,False
3614,2,-25.0,-25.0,-25.06334686279297,-23.728883743286133,0.16981737315654755,1.2727,False,False
3615,2,-25.0,-25.0,-25.06303596496582,-23.735139846801758,0.16979683935642242,1.2664,False,False
3616,2,-25.0,-25.0,-25.062725067138672,-23.741365432739258,0.16979795694351196,1.2602,False,False
3617,2,-25.0,-25.0,-25.062416076660156,-23.747556686401367,0.16981856524944305,1.254,False,False
3618,2,-25.0,-25.0,-25.062108993530273,-23.75371551513672,0.1698567122220993,1.2478,False,False
3619,2,-25.0,-25.0,-25.061803817749023,-23.759841918945312,0.16991063952445984,1.2417,False,False
3620,2,-25.0,-25.0,-25.061500549316406,-23.76593589782715,0.16991998255252838,1.2356,False,False
3621,2,-25.0,-25.0,-25.06119728088379,-23.77199935913086,0.1698891818523407,1.2295,False,False
3622,2,-25.0,-25.0,-25.060897827148438,-23.778030395507812,0.16988107562065125,1.2235,False,False
3623,2,-25.0,-25.0,-25.060598373413086,-23.784029006958008,0.16989336907863617,1.2175,False,False
3624,2,-25.0,-25.0,-25.060300827026367,-23.789997100830078,0.1699240356683731,1.2115,False,False
3625,2,-25.0,-25.0,-25.06000518798828,-23.79593276977539,0.1699124425649643,1.2056,False,False
3626,2,-25.0,-25.0,-25.059711456298828,-23.801837921142578,0.1698628067970276,1.1996,False,False
3627,2,-25.0,-25.0,-25.059417724609375,-23.80771255493164,0.16983772814273834,1.1938,False,False
3628,2,-25.0,-25.0,-25.059127807617188,-23.813556671142578,0.16983477771282196,1.1879,False,False
3629,2,-25.0,-25.0,-25.058837890625,-23.819368362426758,0.16985170543193817,1.1821,False,False
3630,2,-25.0,-25.0,-25.058549880981445,-23.825151443481445,0.1698865443468094,1.1763,False,False
3631,2,-25.0,-25.0,-25.05826187133789,-23.830904006958008,0.16993750631809235,1.1705,False,False
3632,2,-25.0,-25.0,-25.0579776763916,-23.836624145507812,0.169944167137146,1.1648,False,False
3633,2,-25.0,-25.0,-25.057693481445312,-23.842315673828125,0.1699109524488449,1.1591,False,False
3634,2,-25.0,-25.0,-25.057411193847656,-23.847978591918945,0.16984188556671143,1.1535,False,False
3635,2,-25.0,-25.0,-25.057130813598633,-23.85361099243164,0.1697993129491806,1.1478,False,False
3636,2,-25.0,-25.0,-25.056852340698242,-23.85921287536621,0.16978059709072113,1.1422,False,False
3637,2,-25.0,-25.0,-25.05657386779785,-23.86478614807129,0.169783353805542,1.1366,False,False
3638,2,-25.0,-25.0,-25.056297302246094,-23.870330810546875,0.16980543732643127,1.1311,False,False
3639,2,-25.0,-25.0,-25.05602264404297,-23.875844955444336,0.16984491050243378,1.1256,False,False
3640,2,-25.0,-25.0,-25.055749893188477,-23.881330490112305,0.169900044798851,1.1201,False,False
3641,2,-25.0,-25.0,-25.055477142333984,-23.88678741455078,0.16996924579143524,1.1146,False,False
3642,2,-25.0,-25.0,-25.055206298828125,-23.8922176361084,0.16993354260921478,1.1092,False,False
3643,2,-25.0,-25.0,-25.0549373626709,-23.89761734008789,0.16986221075057983,1.1038,False,False
3644,2,-25.0,-25.0,-25.054670333862305,-23.90298843383789,0.16981761157512665,1.0984,False,False
3645,2,-25.0,-25.0,-25.05440330505371,-23.90833282470703,0.16979707777500153,1.093,False,False
3646,2,-25.0,-25.0,-25.05413818359375,-23.913646697998047,0.16979819536209106,1.0877,False,False
3647,2,-25.0,-25.0,-25.053874969482422,-23.918935775756836,0.16981880366802216,1.0824,False,False
3648,2,-25.0,-25.0,-25.053613662719727,-23.9241943359375,0.1698569357395172,1.0771,False,False
3649,2,-25.0,-25.0,-25.05335235595703,-23.929426193237305,0.16991086304187775,1.0719,False,False
3650,2,-25.0,-25.0,-25.05309295654297,-23.93463134765625,0.1699202060699463,1.0667,False,False
3651,2,-25.0,-25.0,-25.05283546447754,-23.939809799194336,0.1698894053697586,1.0615,False,False
3652,2,-25.0,-25.0,-25.05257797241211,-23.94495964050293,0.16988129913806915,1.0563,False,False
3653,2,-25.0,-25.0,-25.052322387695312,-23.950082778930664,0.16989359259605408,1.0512,False,False
3654,2,-25.0,-25.0,-25.05206871032715,-23.95517921447754,0.16992425918579102,1.0461,False,False
3655,2,-25.0,-25.0,-25.051816940307617,-23.960248947143555,0.1699126660823822,1.041,False,False
3656,2,-25.0,-25.0,-25.051565170288086,-23.96529197692871,0.1698630303144455,1.036,False,False
3657,2,-25.0,-25.0,-25.051315307617188,-23.970308303833008,0.16983795166015625,1.031,False,False
3658,2,-25.0,-25.0,-25.051067352294922,-23.975297927856445,0.16983498632907867,1.026,False,False
3659,2,-25.0,-25.0,-25.050819396972656,-23.980262756347656,0.16985192894935608,1.021,False,False
3660,2,-25.0,-25.0,-25.050573348999023,-23.985200881958008,0.1698867678642273,1.0161,False,False
3661,2,-25.0,-25.0,-25.050329208374023,-23.9901123046875,0.16993771493434906,1.0111,False,False
3662,2,-25.0,-25.0,-25.050085067749023,-23.994998931884766,0.1699443757534027,1.0062,False,False
3663,2,-25.0,-25.0,-25.049842834472656,-23.999860763549805,0.16991117596626282,1.0014,False,False
3664,2,-25.0,-25.0,-25.049602508544922,-24.004695892333984,0.16984209418296814,0.9965,True,False
3665,3,25.0,-25.0,-25.049158096313477,-24.014041900634766,0.16979952156543732,50.0589,False,False
3666,3,25.0,-25.0,-25.04852867126465,-24.027446746826172,0.16978082060813904,50.058,False,False
3667,3,25.0,-25.0,-25.047727584838867,-24.044506072998047,0.1697835624217987,50.0568,False,False
3668,3,25.0,-25.0,-25.046762466430664,-24.06485366821289,0.16974681615829468,50.0555,False,False
3669,3,25.0,-25.0,-25.045635223388672,-24.088157653808594,0.16967451572418213,50.0539,False,False
3670,3,25.0,-25.0,-25.044347763061523,-24.11412239074707,0.1695702075958252,50.0522,False,False
3671,3,25.0,-25.0,-25.042896270751953,-24.142480850219727,0.16943709552288055,50.0502,False,False
3672,3,25.0,-25.0,-25.04127311706543,-24.172992706298828,0.169278085231781,50.0481,False,False
3673,3,25.0,-25.0,-25.039470672607422,-24.2054386138916,0.169154554605484,50.0458,False,False
3674,3,25.0,-25.0,-25.037477493286133,-24.2396240234375,0.16912181675434113,50.0433,False,False
3675,3,25.0,-25.0,-25.035280227661133,-24.275371551513672,0.1691708266735077,50.0405,False,False
3676,3,25.0,-25.0,-25.032865524291992,-24.312524795532227,0.16923467814922333,50.0376,False,False
3677,3,25.0,-25.0,-25.03021812438965,-24.350936889648438,0.1693120151758194,50.0344,False,False
3678,3,25.0,-25.0,-25.027318954467773,-24.390478134155273,0.169401615858078,50.031,False,False
3679,3,25.0,-25.0,-25.024150848388672,-24.431034088134766,0.16944366693496704,50.0274,False,False
3680,3,25.0,-25.0,-25.020694732666016,-24.47249412536621,0.16944314539432526,50.0235,False,False
3681,3,25.0,-25.0,-25.016931533813477,-24.51476287841797,0.16940462589263916,50.0193,False,False
3682,3,25.0,-25.0,-25.012842178344727,-24.557754516601562,0.16939103603363037,50.0148,False,False
3683,3,25.0,-25.0,-25.008405685424805,-24.60138702392578,0.16945910453796387,50.01,False,False
3684,3,25.0,-25.0,-25.00360107421875,-24.645587921142578,0.16960112750530243,50.0049,False,False
3685,3,25.0,-25.0,-24.998411178588867,-24.690292358398438,0.16986903548240662,49.9994,False,False
3686,3,25.0,-25.0,-24.99281120300293,-24.73543930053711,0.17013327777385712,49.9935,False,False
3687,3,25.0,-25.0,-24.98678207397461,-24.78097152709961,0.17033612728118896,49.9873,False,False
3688,3,25.0,-25.0,-24.980302810668945,-24.82683753967285,0.17048455774784088,49.9806,False,False
3689,3,25.0,-25.0,-24.973352432250977,-24.87299156188965,0.17040853202342987,49.9735,False,False
3690,3,25.0,-25.0,-24.965913772583008,-24.91938591003418,0.170307919383049,49.966,False,False
3691,3,25.0,-25.0,-24.957962036132812,-24.965984344482422,0.17018631100654602,49.958,False,False
3692,3,25.0,-25.0,-24.949481964111328,-25.01274299621582,0.169988214969635,49.9495,False,False
3693,3,25.0,-25.0,-24.940454483032227,-25.059629440307617,0.16972263157367706,49.9405,False,False
3694,3,25.0,-25.0,-24.930858612060547,-25.106609344482422,0.16939777135849,49.931,False,False
3695,3,25.0,-25.0,-24.920679092407227,-25.153648376464844,0.1690211147069931,49.9209,False,False
3696,3,25.0,-25.0,-24.909900665283203,-25.20071792602539,0.16854073107242584,49.9103,False,False
3697,3,25.0,-25.0,-24.89850425720215,-25.247787475585938,0.1680275946855545,49.8991,False,False
3698,3,25.0,-25.0,-24.886478424072266,-25.294828414916992,0.16748689115047455,49.8873,False,False
3699,3,25.0,-25.0,-24.873807907104492,-25.34181785583496,0.16709978878498077,49.875,False,False
3700,3,25.0,-25.0,-24.86048126220703,-25.38872528076172,0.16691182553768158,49.862,False,False
3701,3,25.0,-25.0,-24.846485137939453,-25.435529708862305,0.16684652864933014,49.8484,False,False
3702,3,25.0,-25.0,-24.831809997558594,-25.482206344604492,0.1667763739824295,49.8341,False,False
3703,3,25.0,-25.0,-24.816444396972656,-25.528730392456055,0.1668219119310379,49.8193,False,False
3704,3,25.0,-25.0,-24.80038070678711,-25.575082778930664,0.16697412729263306,49.8037,False,False
3705,3,25.0,-25.0,-24.783611297607422,-25.62123680114746,0.16740138828754425,49.7875,False,False
3706,3,25.0,-25.0,-24.766128540039062,-25.667173385620117,0.16796134412288666,49.7706,False,False
3707,3,25.0,-25.0,-24.747926712036133,-25.712873458862305,0.16864357888698578,49.753,False,False
3708,3,25.0,-25.0,-24.729001998901367,-25.758316040039062,0.16938002407550812,49.7348,False,False
3709,3,25.0,-25.0,-24.709348678588867,-25.803478240966797,0.1700507253408432,49.7158,False,False
3710,3,25.0,-25.0,-24.68896484375,-25.848344802856445,0.17066536843776703,49.6962,False,False
3711,3,25.0,-25.0,-24.667848587036133,-25.892894744873047,0.17093884944915771,49.6759,False,False
3712,3,25.0,-25.0,-24.645998001098633,-25.937108993530273,0.17079101502895355,49.6548,False,False
3713,3,25.0,-25.0,-24.623411178588867,-25.98097038269043,0.17026741802692413,49.6331,False,False
3714,3,25.0,-25.0,-24.600093841552734,-26.02446174621582,0.16952668130397797,49.6107,False,False
3715,3,25.0,-25.0,-24.5760440826416,-26.06756591796875,0.16877040266990662,49.5875,False,False
3716,3,25.0,-25.0,-24.551267623901367,-26.110267639160156,0.16806241869926453,49.5637,False,False
3717,3,25.0,-25.0,-24.525768280029297,-26.15254783630371,0.16746026277542114,49.5392,False,False
3718,3,25.0,-25.0,-24.499547958374023,-26.194393157958984,0.16713328659534454,49.514,False,False
3719,3,25.0,-25.0,-24.472614288330078,-26.235790252685547,0.1670575588941574,49.488,False,False
3720,3,25.0,-25.0,-24.444971084594727,-26.27672004699707,0.1671527624130249,49.4615,False,False
3721,3,25.0,-25.0,-24.416627883911133,-26.317171096801758,0.16711148619651794,49.4342,False,False
3722,3,25.0,-25.0,-24.38758659362793,-26.35713005065918,0.16689226031303406,49.4062,False,False
3723,3,25.0,-25.0,-24.357860565185547,-26.396583557128906,0.16651660203933716,49.3776,False,False
3724,3,25.0,-25.0,-24.32745361328125,-26.435516357421875,0.16600382328033447,49.3483,False,False
3725,3,25.0,-25.0,-24.29637908935547,-26.473920822143555,0.16560649871826172,49.3184,False,False
3726,3,25.0,-25.0,-24.264646530151367,-26.511783599853516,0.16549308598041534,49.2878,False,False
3727,3,25.0,-25.0,-24.232263565063477,-26.549095153808594,0.16557998955249786,49.2566,False,False
3728,3,25.0,-25.0,-24.199243545532227,-26.58584213256836,0.16585074365139008,49.2248,False,False
3729,3,25.0,-25.0,-24.16559600830078,-26.622018814086914,0.1662905067205429,49.1923,False,False
3730,3,25.0,-25.0,-24.131332397460938,-26.65761375427246,0.16676829755306244,49.1593,False,False
3731,3,25.0,-25.0,-24.096466064453125,-26.692617416381836,0.16722501814365387,49.1256,False,False
3732,3,25.0,-25.0,-24.06100845336914,-26.72702407836914,0.16766619682312012,49.0914,False,False
3733,3,25.0,-25.0,-24.02497100830078,-26.76082420349121,0.16809679567813873,49.0566,False,False
3734,3,25.0,-25.0,-23.988365173339844,-26.79401397705078,0.16840362548828125,49.0212,False,False
3735,3,25.0,-25.0,-23.951208114624023,-26.826583862304688,0.16848476231098175,48.9853,False,False
3736,3,25.0,-25.0,-23.913509368896484,-26.85852813720703,0.16824844479560852,48.9488,False,False
3737,3,25.0,-25.0,-23.87528419494629,-26.88984489440918,0.1676119863986969,48.9118,False,False
3738,3,25.0,-25.0,-23.836544036865234,-26.92052459716797,0.16661854088306427,48.8743,False,False
3739,3,25.0,-25.0,-23.797304153442383,-26.9505672454834,0.16536562144756317,48.8363,False,False
3740,3,25.0,-25.0,-23.757577896118164,-26.979970932006836,0.1639997363090515,48.7978,False,False
3741,3,25.0,-25.0,-23.717382431030273,-27.00872802734375,0.16265259683132172,48.7588,False,False
3742,3,25.0,-25.0,-23.676727294921875,-27.036840438842773,0.1615014672279358,48.7193,False,False
3743,3,25.0,-25.0,-23.635629653930664,-27.064306259155273,0.16070576012134552,48.6794,False,False
3744,3,25.0,-25.0,-23.59410285949707,-27.09112548828125,0.160350039601326,48.6391,False,False
3745,3,25.0,-25.0,-23.552162170410156,-27.11729621887207,0.16056910157203674,48.5983,False,False
3746,3,25.0,-25.0,-23.50981903076172,-27.142818450927734,0.16130778193473816,48.5571,False,False
3747,3,25.0,-25.0,-23.46708869934082,-27.167694091796875,0.1623399257659912,48.5155,False,False
3748,3,25.0,-25.0,-23.423982620239258,-27.19192123413086,0.16346199810504913,48.4736,False,False
3749,3,25.0,-25.0,-23.380516052246094,-27.21550178527832,0.16454948484897614,48.4312,False,False
3750,3,25.0,-25.0,-23.336700439453125,-27.238439559936523,0.16543149948120117,48.3885,False,False
3751,3,25.0,-25.0,-23.29254913330078,-27.260732650756836,0.16607169806957245,48.3454,False,False
3752,3,25.0,-25.0,-23.248075485229492,-27.28238868713379,0.1664961278438568,48.302,False,False
3753,3,25.0,-25.0,-23.203292846679688,-27.30340576171875,0.16672810912132263,48.2583,False,False
3754,3,25.0,-25.0,-23.158212661743164,-27.32379150390625,0.16672971844673157,48.2142,False,False
3755,3,25.0,-25.0,-23.11284828186035,-27.343547821044922,0.16646677255630493,48.1699,False,False
3756,3,25.0,-25.0,-23.067209243774414,-27.36267852783203,0.16608478128910065,48.1252,False,False
3757,3,25.0,-25.0,-23.021312713623047,-27.381189346313477,0.16553819179534912,48.0803,False,False
3758,3,25.0,-25.0,-22.97516441345215,-27.399085998535156,0.16490352153778076,48.0351,False,False
3759,3,25.0,-25.0,-22.92877960205078,-27.41637420654297,0.16436712443828583,47.9897,False,False
3760,3,25.0,-25.0,-22.882169723510742,-27.433055877685547,0.16397902369499207,47.9439,False,False
3761,3,25.0,-25.0,-22.835344314575195,-27.449142456054688,0.16384291648864746,47.898,False,False
3762,3,25.0,-25.0,-22.788314819335938,-27.464635848999023,0.16387563943862915,47.8518,False,False
3763,3,25.0,-25.0,-22.741090774536133,-27.47954559326172,0.1640610694885254,47.8054,False,False
3764,3,25.0,-25.0,-22.693681716918945,-27.49387550354004,0.1643846184015274,47.7588,False,False
3765,3,25.0,-25.0,-22.646099090576172,-27.50763511657715,0.16477426886558533,47.712,False,False
3766,3,25.0,-25.0,-22.598350524902344,-27.520830154418945,0.16516514122486115,47.6651,False,False
3767,3,25.0,-25.0,-22.550445556640625,-27.53346824645996,0.16538116335868835,47.6179,False,False
3768,3,25.0,-25.0,-22.50239372253418,-27.545557022094727,0.16538141667842865,47.5706,False,False
3769,3,25.0,-25.0,-22.45420265197754,-27.557104110717773,0.16524659097194672,47.523,False,False
3770,3,25.0,-25.0,-22.405881881713867,-27.568117141723633,0.16493165493011475,47.4754,False,False
3771,3,25.0,-25.0,-22.357437133789062,-27.578603744506836,0.16445477306842804,47.4276,False,False
3772,3,25.0,-25.0,-22.30887794494629,-27.588571548461914,0.1638910472393036,47.3796,False,False
3773,3,25.0,-25.0,-22.260211944580078,-27.598031997680664,0.16336679458618164,47.3316,False,False
3774,3,25.0,-25.0,-22.211444854736328,-27.60698890686035,0.16287799179553986,47.2834,False,False
3775,3,25.0,-25.0,-22.162586212158203,-27.615455627441406,0.16247978806495667,47.2351,False,False
3776,3,25.0,-25.0,-22.11363983154297,-27.623437881469727,0.16222171485424042,47.1866,False,False
3777,3,25.0,-25.0,-22.064613342285156,-27.630945205688477,0.1620894968509674,47.1381,False,False
3778,3,25.0,-25.0,-22.015512466430664,-27.63798713684082,0.16207025945186615,47.0895,False,False
3779,3,25.0,-25.0,-21.966344833374023,-27.644569396972656,0.16226992011070251,47.0407,False,False
3780,3,25.0,-25.0,-21.917112350463867,-27.65070343017578,0.16254855692386627,46.9919,False,False
3781,3,25.0,-25.0,-21.867822647094727,-27.65639877319336,0.16283901035785675,46.943,False,False
3782,3,25.0,-25.0,-21.818479537963867,-27.66166114807129,0.16308081150054932,46.8941,False,False
3783,3,25.0,-25.0,-21.769088745117188,-27.666501998901367,0.163278266787529,46.845,False,False
3784,3,25.0,-25.0,-21.719654083251953,-27.670930862426758,0.1634940505027771,46.7959,False,False
3785,3,25.0,-25.0,-21.67017936706543,-27.67495346069336,0.16366688907146454,46.7468,False,False
3786,3,25.0,-25.0,-21.620670318603516,-27.678579330444336,0.16374161839485168,46.6976,False,False
3787,3,25.0,-25.0,-21.571128845214844,-27.681819915771484,0.16372735798358917,46.6483,False,False
3788,3,25.0,-25.0,-21.521560668945312,-27.684682846069336,0.16369108855724335,46.599,False,False
3789,3,25.0,-25.0,-21.471967697143555,-27.687175750732422,0.1635754257440567,46.5496,False,False
3790,3,25.0,-25.0,-21.422353744506836,-27.689308166503906,0.16338755190372467,46.5002,False,False
3791,3,25.0,-25.0,-21.37272071838379,-27.691089630126953,0.16313384473323822,46.4507,False,False
3792,3,25.0,-25.0,-21.32307243347168,-27.692527770996094,0.1628788411617279,46.4013,False,False
3793,3,25.0,-25.0,-21.27341079711914,-27.69363021850586,0.16268061101436615,46.3517,False,False
3794,3,25.0,-25.0,-21.223739624023438,-27.694406509399414,0.16253253817558289,46.3022,False,False
3795,3,25.0,-25.0,-21.174060821533203,-27.694866180419922,0.16242870688438416,46.2526,False,False
3796,3,25.0,-25.0,-21.12437629699707,-27.695016860961914,0.16248132288455963,46.203,False,False
3797,3,25.0,-25.0,-21.074687957763672,-27.694866180419922,0.16267377138137817,46.1534,False,False
3798,3,25.0,-25.0,-21.02499771118164,-27.69442367553711,0.16293224692344666,46.1038,False,False
3799,3,25.0,-25.0,-20.97530746459961,-27.693696975708008,0.16319036483764648,46.0542,False,False
3800,3,25.0,-25.0,-20.92561912536621,-27.69269371032715,0.1635059416294098,46.0045,False,False
3801,3,25.0,-25.0,-20.875932693481445,-27.691421508789062,0.16387219727039337,45.9548,False,False
3802,3,25.0,-25.0,-20.826250076293945,-27.689889907836914,0.16428305208683014,45.9051,False,False
3803,3,25.0,-25.0,-20.776573181152344,-27.6881046295166,0.16467417776584625,45.8554,False,False
3804,3,25.0,-25.0,-20.726900100708008,-27.68607521057129,0.16504649817943573,45.8057,False,False
3805,3,25.0,-25.0,-20.677236557006836,-27.683809280395508,0.16528326272964478,45.756,False,False
3806,3,25.0,-25.0,-20.627578735351562,-27.681312561035156,0.16539697349071503,45.7063,False,False
3807,3,25.0,-25.0,-20.577930450439453,-27.6785945892334,0.16539888083934784,45.6566,False,False
3808,3,25.0,-25.0,-20.528291702270508,-27.675661087036133,0.1652403324842453,45.6068,False,False
3809,3,25.0,-25.0,-20.478662490844727,-27.672517776489258,0.16493630409240723,45.5571,False,False
3810,3,25.0,-25.0,-20.42904281616211,-27.66917610168457,0.16450031101703644,45.5074,False,False
3811,3,25.0,-25.0,-20.37943458557129,-27.665639877319336,0.16406206786632538,45.4577,False,False
3812,3,25.0,-25.0,-20.329835891723633,-27.66191864013672,0.16356194019317627,45.4079,False,False
3813,3,25.0,-25.0,-20.280248641967773,-27.658016204833984,0.1630050539970398,45.3582,False,False
3814,3,25.0,-25.0,-20.230674743652344,-27.653940200805664,0.16239601373672485,45.3085,False,False
3815,3,25.0,-25.0,-20.181110382080078,-27.649696350097656,0.16173899173736572,45.2587,False,False
3816,3,25.0,-25.0,-20.13155746459961,-27.645292282104492,0.1610964834690094,45.209,False,False
3817,3,25.0,-25.0,-20.082015991210938,-27.640735626220703,0.1604660004377365,45.1593,False,False
3818,3,25.0,-25.0,-20.032487869262695,-27.636030197143555,0.16002167761325836,45.1096,False,False
3819,3,25.0,-25.0,-19.982969284057617,-27.631181716918945,0.1597437858581543,45.0599,False,False
3820,3,25.0,-25.0,-19.933462142944336,-27.626197814941406,0.15961463749408722,45.0101,False,False
3821,3,25.0,-25.0,-19.883968353271484,-27.621084213256836,0.15961824357509613,44.9604,False,False
3822,3,25.0,-25.0,-19.834484100341797,-27.615846633911133,0.15974029898643494,44.9107,False,False
3823,3,25.0,-25.0,-19.785011291503906,-27.610488891601562,0.15996789932250977,44.861,False,False
3824,3,25.0,-25.0,-19.73554801940918,-27.60502052307129,0.16028940677642822,44.8113,False,False
3825,3,25.0,-25.0,-19.68609619140625,-27.599441528320312,0.160694420337677,44.7616,False,False
3826,3,25.0,-25.0,-19.636653900146484,-27.593761444091797,0.16117353737354279,44.7119,False,False
3827,3,25.0,-25.0,-19.587221145629883,-27.587984085083008,0.16171832382678986,44.6623,False,False
3828,3,25.0,-25.0,-19.537796020507812,-27.58211326599121,0.16226239502429962,44.6126,False,False
3829,3,25.0,-25.0,-19.488380432128906,-27.576156616210938,0.16274601221084595,44.5629,False,False
3830,3,25.0,-25.0,-19.438974380493164,-27.570117950439453,0.16311544179916382,44.5132,False,False
3831,3,25.0,-25.0,-19.38957405090332,-27.564001083374023,0.163322314620018,44.4636,False,False
3832,3,25.0,-25.0,-19.34018325805664,-27.557811737060547,0.16332314908504486,44.4139,False,False
3833,3,25.0,-25.0,-19.29079818725586,-27.55155372619629,0.16313757002353668,44.3642,False,False
3834,3,25.0,-25.0,-19.241418838500977,-27.54523277282715,0.16278330981731415,44.3146,False,False
3835,3,25.0,-25.0,-19.192047119140625,-27.53885269165039,0.1622762829065323,44.2649,False,False
3836,3,25.0,-25.0,-19.14267921447754,-27.53241539001465,0.16163082420825958,44.2153,False,False
3837,3,25.0,-25.0,-19.09331703186035,-27.525928497314453,0.16097746789455414,44.1656,False,False
3838,3,25.0,-25.0,-19.043960571289062,-27.519393920898438,0.16037485003471375,44.116,False,False
3839,3,25.0,-25.0,-18.99460792541504,-27.512815475463867,0.159875750541687,44.0663,False,False
3840,3,25.0,-25.0,-18.945261001586914,-27.50619888305664,0.15964527428150177,44.0167,False,False
3841,3,25.0,-25.0,-18.895915985107422,-27.499544143676758,0.1596556156873703,43.967,False,False
3842,3,25.0,-25.0,-18.846574783325195,-27.49285888671875,0.15988171100616455,43.9174,False,False
3843,3,25.0,-25.0,-18.797237396240234,-27.48614501953125,0.16024227440357208,43.8677,False,False
3844,3,25.0,-25.0,-18.747901916503906,-27.47940444946289,0.1606641262769699,43.8181,False,False
3845,3,25.0,-25.0,-18.69856834411621,-27.47264289855957,0.1610226333141327,43.7685,False,False
3846,3,25.0,-25.0,-18.649234771728516,-27.465862274169922,0.16132324934005737,43.7188,False,False
3847,3,25.0,-25.0,-18.599905014038086,-27.45906639099121,0.16157089173793793,43.6692,False,False
3848,3,25.0,-25.0,-18.550573348999023,-27.452259063720703,0.16165238618850708,43.6196,False,False
3849,3,25.0,-25.0,-18.50124168395996,-27.4454402923584,0.16158349812030792,43.5699,False,False
3850,3,25.0,-25.0,-18.45191192626953,-27.438617706298828,0.1613784283399582,43.5203,False,False
3851,3,25.0,-25.0,-18.40258026123047,-27.43178939819336,0.16116756200790405,43.4707,False,False
3852,3,25.0,-25.0,-18.353248596191406,-27.42496109008789,0.16095060110092163,43.421,False,False
3853,3,25.0,-25.0,-18.30391502380371,-27.418132781982422,0.16072730720043182,43.3714,False,False
3854,3,25.0,-25.0,-18.254579544067383,-27.41130828857422,0.1604974865913391,43.3217,False,False
3855,3,25.0,-25.0,-18.205244064331055,-27.404491424560547,0.16020214557647705,43.2721,False,False
3856,3,25.0,-25.0,-18.15590476989746,-27.39768409729004,0.16002342104911804,43.2225,False,False
3857,3,25.0,-25.0,-18.106563568115234,-27.390886306762695,0.16000758111476898,43.1728,False,False
3858,3,25.0,-25.0,-18.057220458984375,-27.384103775024414,0.16007868945598602,43.1232,False,False
3859,3,25.0,-25.0,-18.007875442504883,-27.377334594726562,0.1602272391319275,43.0735,False,False
3860,3,25.0,-25.0,-17.958524703979492,-27.37058448791504,0.16044464707374573,43.0239,False,False
3861,3,25.0,-25.0,-17.90917205810547,-27.36385154724121,0.1606644093990326,42.9742,False,False
3862,3,25.0,-25.0,-17.85981559753418,-27.357141494750977,0.16088546812534332,42.9246,False,False
3863,3,25.0,-25.0,-17.810455322265625,-27.350454330444336,0.16098929941654205,42.8749,False,False
3864,3,25.0,-25.0,-17.761091232299805,-27.343791961669922,0.16098685562610626,42.8253,False,False
3865,3,25.0,-25.0,-17.711721420288086,-27.337158203125,0.1609467715024948,42.7756,False,False
3866,3,25.0,-25.0,-17.6623477935791,-27.330551147460938,0.16087201237678528,42.726,False,False
3867,3,25.0,-25.0,-17.61297035217285,-27.323972702026367,0.16070649027824402,42.6763,False,False
3868,3,25.0,-25.0,-17.563587188720703,-27.317426681518555,0.16045847535133362,42.6266,False,False
3869,3,25.0,-25.0,-17.514198303222656,-27.310914993286133,0.16013547778129578,42.577,False,False
3870,3,25.0,-25.0,-17.464805603027344,-27.30443572998047,0.15986180305480957,42.5273,False,False
3871,3,25.0,-25.0,-17.415407180786133,-27.297990798950195,0.15963175892829895,42.4776,False,False
3872,3,25.0,-25.0,-17.366003036499023,-27.291584014892578,0.15944018959999084,42.4279,False,False
3873,3,25.0,-25.0,-17.316593170166016,-27.285213470458984,0.159400075674057,42.3783,False,False
3874,3,25.0,-25.0,-17.26717758178711,-27.27888298034668,0.1594366729259491,42.3286,False,False
3875,3,25.0,-25.0,-17.217758178710938,-27.272592544555664,0.15960034728050232,42.2789,False,False
3876,3,25.0,-25.0,-17.168331146240234,-27.266342163085938,0.15981881320476532,42.2292,False,False
3877,3,25.0,-25.0,-17.118898391723633,-27.260133743286133,0.16002702713012695,42.1795,False,False
3878,3,25.0,-25.0,-17.069459915161133,-27.253969192504883,0.16010767221450806,42.1298,False,False
3879,3,25.0,-25.0,-17.020015716552734,-27.247846603393555,0.16007275879383087,42.0801,False,False
3880,3,25.0,-25.0,-16.970565795898438,-27.24176788330078,0.16005070507526398,42.0304,False,False
3881,3,25.0,-25.0,-16.921110153198242,-27.235734939575195,0.1600394994020462,41.9807,False,False
3882,3,25.0,-25.0,-16.871646881103516,-27.229747772216797,0.16003729403018951,41.931,False,False
3883,3,25.0,-25.0,-16.82217788696289,-27.22380828857422,0.1601012498140335,41.8813,False,False
3884,3,25.0,-25.0,-16.772703170776367,-27.217912673950195,0.1601652055978775,41.8315,False,False
3885,3,25.0,-25.0,-16.723220825195312,-27.212066650390625,0.16034603118896484,41.7818,False,False
3886,3,25.0,-25.0,-16.673734664916992,-27.206268310546875,0.16063128411769867,41.7321,False,False
3887,3,25.0,-25.0,-16.62424087524414,-27.200517654418945,0.16089217364788055,41.6824,False,False
3888,3,25.0,-25.0,-16.57474136352539,-27.19481658935547,0.16113042831420898,41.6326,False,False
3889,3,25.0,-25.0,-16.525236129760742,-27.189163208007812,0.16134758293628693,41.5829,False,False
3890,3,25.0,-25.0,-16.475723266601562,-27.18355941772461,0.1615450233221054,41.5332,False,False
3891,3,25.0,-25.0,-16.426204681396484,-27.178007125854492,0.16166521608829498,41.4834,False,False
3892,3,25.0,-25.0,-16.376680374145508,-27.172502517700195,0.1615975797176361,41.4337,False,False
3893,3,25.0,-25.0,-16.327150344848633,-27.167049407958984,0.16141900420188904,41.3839,False,False
3894,3,25.0,-25.0,-16.277612686157227,-27.161645889282227,0.16113990545272827,41.3342,False,False
3895,3,25.0,-25.0,-16.228069305419922,-27.156291961669922,0.16076962649822235,41.2844,False,False
3896,3,25.0,-25.0,-16.17852020263672,-27.150989532470703,0.16037540137767792,41.2347,False,False
3897,3,25.0,-25.0,-16.128965377807617,-27.14573860168457,0.16001774370670319,41.1849,False,False
3898,3,25.0,-25.0,-16.079404830932617,-27.14053726196289,0.1597510576248169,41.1351,False,False
3899,3,25.0,-25.0,-16.029836654663086,-27.135385513305664,0.15956555306911469,41.0854,False,False
3900,3,25.0,-25.0,-15.980264663696289,-27.130287170410156,0.159452423453331,41.0356,False,False
3901,3,25.0,-25.0,-15.930686950683594,-27.12523651123047,0.1594037115573883,40.9858,False,False
3902,3,25.0,-25.0,-15.881103515625,-27.120237350463867,0.1594710797071457,40.936,False,False
3903,3,25.0,-25.0,-15.831514358520508,-27.11528778076172,0.15964221954345703,40.8863,False,False
3904,3,25.0,-25.0,-15.781919479370117,-27.110389709472656,0.1599060595035553,40.8365,False,False
3905,3,25.0,-25.0,-15.732319831848145,-27.105539321899414,0.16031144559383392,40.7867,False,False
3906,3,25.0,-25.0,-15.682714462280273,-27.100740432739258,0.16084350645542145,40.7369,False,False
3907,3,25.0,-25.0,-15.63310432434082,-27.095991134643555,0.16143010556697845,40.6871,False,False
3908,3,25.0,-25.0,-15.583488464355469,-27.091289520263672,0.16200630366802216,40.6373,False,False
3909,3,25.0,-25.0,-15.533867835998535,-27.086637496948242,0.16245488822460175,40.5875,False,False
3910,3,25.0,-25.0,-15.484241485595703,-27.082035064697266,0.1627291589975357,40.5377,False,False
3911,3,25.0,-25.0,-15.434609413146973,-27.07748031616211,0.1629047393798828,40.4879,False,False
3912,3,25.0,-25.0,-15.384973526000977,-27.072975158691406,0.16299082338809967,40.4381,False,False
3913,3,25.0,-25.0,-15.335331916809082,-27.06851577758789,0.16299575567245483,40.3883,False,False
3914,3,25.0,-25.0,-15.285686492919922,-27.064104080200195,0.16298580169677734,40.3385,False,False
3915,3,25.0,-25.0,-15.236035346984863,-27.05974006652832,0.16296178102493286,40.2887,False,False
3916,3,25.0,-25.0,-15.186380386352539,-27.055421829223633,0.16286569833755493,40.2389,False,False
3917,3,25.0,-25.0,-15.136719703674316,-27.051149368286133,0.16270411014556885,40.1891,False,False
3918,3,25.0,-25.0,-15.087055206298828,-27.04692268371582,0.16248294711112976,40.1393,False,False
3919,3,25.0,-25.0,-15.037385940551758,-27.042743682861328,0.16220755875110626,40.0895,False,False
3920,3,25.0,-25.0,-14.987712860107422,-27.038606643676758,0.16200031340122223,40.0396,False,False
3921,3,25.0,-25.0,-14.93803596496582,-27.034515380859375,0.16185379028320312,39.9898,False,False
3922,3,25.0,-25.0,-14.888354301452637,-27.030467987060547,0.16182006895542145,39.94,False,False
3923,3,25.0,-25.0,-14.838668823242188,-27.02646255493164,0.16194602847099304,39.8902,False,False
3924,3,25.0,-25.0,-14.788979530334473,-27.02250099182129,0.16221508383750916,39.8403,False,False
3925,3,25.0,-25.0,-14.739286422729492,-27.01858139038086,0.16255348920822144,39.7905,False,False
3926,3,25.0,-25.0,-14.689589500427246,-27.014705657958984,0.16283608973026276,39.7407,False,False
3927,3,25.0,-25.0,-14.639888763427734,-27.010868072509766,0.16306786239147186,39.6909,False,False
3928,3,25.0,-25.0,-14.590184211730957,-27.0070743560791,0.1632533222436905,39.641,False,False
3929,3,25.0,-25.0,-14.54047679901123,-27.003318786621094,0.16339649260044098,39.5912,False,False
3930,3,25.0,-25.0,-14.490764617919922,-26.999603271484375,0.16350100934505463,39.5414,False,False
3931,3,25.0,-25.0,-14.441049575805664,-26.995925903320312,0.16357018053531647,39.4915,False,False
3932,3,25.0,-25.0,-14.391331672668457,-26.99228858947754,0.1636069416999817,39.4417,False,False
3933,3,25.0,-25.0,-14.341609954833984,-26.988689422607422,0.16367276012897491,39.3918,False,False
3934,3,25.0,-25.0,-14.291884422302246,-26.985126495361328,0.16376416385173798,39.342,False,False
3935,3,25.0,-25.0,-14.242156982421875,-26.981599807739258,0.16387799382209778,39.2922,False,False
3936,3,25.0,-25.0,-14.192425727844238,-26.978111267089844,0.16395264863967896,39.2423,False,False
3937,3,25.0,-25.0,-14.142691612243652,-26.97465705871582,0.16405028104782104,39.1925,False,False
3938,3,25.0,-25.0,-14.0929536819458,-26.971237182617188,0.16422683000564575,39.1426,False,False
3939,3,25.0,-25.0,-14.043213844299316,-26.967853546142578,0.16447381675243378,39.0928,False,False
3940,3,25.0,-25.0,-13.993471145629883,-26.964502334594727,0.16472485661506653,39.0429,False,False
3941,3,25.0,-25.0,-13.943726539611816,-26.961183547973633,0.16492019593715668,38.9931,False,False
3942,3,25.0,-25.0,-13.893978118896484,-26.95789909362793,0.16506484150886536,38.9432,False,False
3943,3,25.0,-25.0,-13.844226837158203,-26.95464515686035,0.16504575312137604,38.8934,False,False
3944,3,25.0,-25.0,-13.794473648071289,-26.95142364501953,0.16487878561019897,38.8435,False,False
3945,3,25.0,-25.0,-13.744717597961426,-26.948232650756836,0.16469579935073853,38.7937,False,False
3946,3,25.0,-25.0,-13.694958686828613,-26.945072174072266,0.16449786722660065,38.7438,False,False
3947,3,25.0,-25.0,-13.645197868347168,-26.94194221496582,0.16434477269649506,38.694,False,False
3948,3,25.0,-25.0,-13.595434188842773,-26.938838958740234,0.16423149406909943,38.6441,False,False
3949,3,25.0,-25.0,-13.545669555664062,-26.935766220092773,0.16415350139141083,38.5942,False,False
3950,3,25.0,-25.0,-13.495901107788086,-26.932720184326172,0.16416558623313904,38.5444,False,False
3951,3,25.0,-25.0,-13.446131706237793,-26.92970085144043,0.1642581671476364,38.4945,False,False
3952,3,25.0,-25.0,-13.396360397338867,-26.926708221435547,0.16442270576953888,38.4447,False,False
3953,3,25.0,-25.0,-13.346586227416992,-26.923742294311523,0.1645926833152771,38.3948,False,False
3954,3,25.0,-25.0,-13.2968111038208,-26.920801162719727,0.1647670567035675,38.345,False,False
3955,3,25.0,-25.0,-13.24703311920166,-26.91788673400879,0.1649448722600937,38.2951,False,False
3956,3,25.0,-25.0,-13.197253227233887,-26.914993286132812,0.16512531042099,38.2452,False,False
3957,3,25.0,-25.0,-13.147472381591797,-26.912126541137695,0.16530759632587433,38.1954,False,False
3958,3,25.0,-25.0,-13.097688674926758,-26.90928077697754,0.16543227434158325,38.1455,False,False
3959,3,25.0,-25.0,-13.047904014587402,-26.90645980834961,0.16544583439826965,38.0956,False,False
3960,3,25.0,-25.0,-12.998116493225098,-26.90365982055664,0.16541771590709686,38.0458,False,False
3961,3,25.0,-25.0,-12.948328018188477,-26.900880813598633,0.16535161435604095,37.9959,False,False
3962,3,25.0,-25.0,-12.898537635803223,-26.898122787475586,0.16530965268611908,37.946,False,False
3963,3,25.0,-25.0,-12.848746299743652,-26.895383834838867,0.16528896987438202,37.8962,False,False
3964,3,25.0,-25.0,-12.79895305633545,-26.89266586303711,0.16534574329853058,37.8463,False,False
3965,3,25.0,-25.0,-12.74915885925293,-26.889968872070312,0.16547176241874695,37.7964,False,False
3966,3,25.0,-25.0,-12.699362754821777,-26.88728904724121,0.16565962135791779,37.7466,False,False
3967,3,25.0,-25.0,-12.649564743041992,-26.884626388549805,0.16590268909931183,37.6967,False,False
3968,3,25.0,-25.0,-12.59976577758789,-26.881982803344727,0.16619499027729034,37.6468,False,False
3969,3,25.0,-25.0,-12.549965858459473,-26.879356384277344,0.16653111577033997,37.597,False,False
3970,3,25.0,-25.0,-12.500164985656738,-26.876745223999023,0.16684745252132416,37.5471,False,False
3971,3,25.0,-25.0,-12.450362205505371,-26.8741512298584,0.1671455353498459,37.4972,False,False
3972,3,25.0,-25.0,-12.400557518005371,-26.871572494506836,0.16736796498298645,37.4474,False,False
3973,3,25.0,-25.0,-12.350751876831055,-26.86901092529297,0.16746307909488678,37.3975,False,False
3974,3,25.0,-25.0,-12.300945281982422,-26.8664608001709,0.167443186044693,37.3476,False,False
3975,3,25.0,-25.0,-12.251137733459473,-26.863927841186523,0.16743698716163635,37.2977,False,False
3976,3,25.0,-25.0,-12.201329231262207,-26.861406326293945,0.1674426794052124,37.2479,False,False
3977,3,25.0,-25.0,-12.151518821716309,-26.858898162841797,0.16751743853092194,37.198,False,False
3978,3,25.0,-25.0,-12.10170841217041,-26.85640525817871,0.16765394806861877,37.1481,False,False
3979,3,25.0,-25.0,-12.051896095275879,-26.85392189025879,0.16784559190273285,37.0982,False,False
3980,3,25.0,-25.0,-12.002082824707031,-26.851451873779297,0.16802765429019928,37.0484,False,False
3981,3,25.0,-25.0,-11.952269554138184,-26.8489933013916,0.16820067167282104,36.9985,False,False
3982,3,25.0,-25.0,-11.902454376220703,-26.846546173095703,0.16836513578891754,36.9486,False,False
3983,3,25.0,-25.0,-11.852638244628906,-26.84410858154297,0.16846272349357605,36.8987,False,False
3984,3,25.0,-25.0,-11.80282211303711,-26.84168243408203,0.16849972307682037,36.8489,False,False
3985,3,25.0,-25.0,-11.75300407409668,-26.839263916015625,0.16848181188106537,36.799,False,False
3986,3,25.0,-25.0,-11.703185081481934,-26.836856842041016,0.16841408610343933,36.7491,False,False
3987,3,25.0,-25.0,-11.653366088867188,-26.83445930480957,0.16830113530158997,36.6992,False,False
3988,3,25.0,-25.0,-11.603545188903809,-26.832069396972656,0.16814713180065155,36.6494,False,False
3989,3,25.0,-25.0,-11.55372428894043,-26.829687118530273,0.16801457107067108,36.5995,False,False
3990,3,25.0,-25.0,-11.503902435302734,-26.827314376831055,0.1679009348154068,36.5496,False,False
3991,3,25.0,-25.0,-11.454079627990723,-26.824947357177734,0.16786275804042816,36.4997,False,False
3992,3,25.0,-25.0,-11.404256820678711,-26.822587966918945,0.16795089840888977,36.4499,False,False
3993,3,25.0,-25.0,-11.354433059692383,-26.820236206054688,0.1680935174226761,36.4,False,False
3994,3,25.0,-25.0,-11.304608345031738,-26.817890167236328,0.1682848185300827,36.3501,False,False
3995,3,25.0,-25.0,-11.254783630371094,-26.8155517578125,0.1685195416212082,36.3002,False,False
3996,3,25.0,-25.0,-11.204957962036133,-26.81321907043457,0.1687929779291153,36.2503,False,False
3997,3,25.0,-25.0,-11.155131340026855,-26.810890197753906,0.16898329555988312,36.2005,False,False
3998,3,25.0,-25.0,-11.105304718017578,-26.80856704711914,0.16903965175151825,36.1506,False,False
3999,3,25.0,-25.0,-11.055477142333984,-26.806249618530273,0.1690339297056198,36.1007,False,False
4000,3,25.0,-25.0,-11.005648612976074,-26.803936004638672,0.1689719706773758,36.0508,False,False
4001,3,25.0,-25.0,-10.955820083618164,-26.80162811279297,0.16885904967784882,36.0009,False,False
4002,3,25.0,-25.0,-10.905990600585938,-26.7993221282959,0.16881754994392395,35.951,False,False
4003,3,25.0,-25.0,-10.856161117553711,-26.797021865844727,0.1688399463891983,35.9012,False,False
4004,3,25.0,-25.0,-10.806330680847168,-26.79472541809082,0.16891951858997345,35.8513,False,False
4005,3,25.0,-25.0,-10.756500244140625,-26.792430877685547,0.1690501868724823,35.8014,False,False
4006,3,25.0,-25.0,-10.706668853759766,-26.79014015197754,0.1692265123128891,35.7515,False,False
4007,3,25.0,-25.0,-10.656837463378906,-26.787851333618164,0.16938476264476776,35.7016,False,False
4008,3,25.0,-25.0,-10.60700511932373,-26.785564422607422,0.16952645778656006,35.6517,False,False
4009,3,25.0,-25.0,-10.557172775268555,-26.783281326293945,0.16965289413928986,35.6019,False,False
4010,3,25.0,-25.0,-10.507339477539062,-26.7810001373291,0.16976527869701385,35.552,False,False
4011,3,25.0,-25.0,-10.45750617980957,-26.77872085571289,0.1698646992444992,35.5021,False,False
4012,3,25.0,-25.0,-10.407672882080078,-26.77644157409668,0.1699521541595459,35.4522,False,False
4013,3,25.0,-25.0,-10.35783863067627,-26.774166107177734,0.17002849280834198,35.4023,False,False
4014,3,25.0,-25.0,-10.308003425598145,-26.77189064025879,0.17009451985359192,35.3524,False,False
4015,3,25.0,-25.0,-10.258169174194336,-26.769615173339844,0.1701509654521942,35.3025,False,False
4016,3,25.0,-25.0,-10.208333969116211,-26.76734161376953,0.1701984703540802,35.2527,False,False
4017,3,25.0,-25.0,-10.15849781036377,-26.76506805419922,0.17023761570453644,35.2028,False,False
4018,3,25.0,-25.0,-10.108661651611328,-26.76279640197754,0.1702689528465271,35.1529,False,False
4019,3,25.0,-25.0,-10.058825492858887,-26.76052474975586,0.1702929437160492,35.103,False,False
4020,3,25.0,-25.0,-10.008989334106445,-26.758251190185547,0.17031002044677734,35.0531,False,False
4021,3,25.0,-25.0,-9.959152221679688,-26.755979537963867,0.17026180028915405,35.0032,False,False
4022,3,25.0,-25.0,-9.90931510925293,-26.753707885742188,0.17015449702739716,34.9533,False,False
4023,3,25.0,-25.0,-9.859477996826172,-26.751434326171875,0.17005255818367004,34.9034,False,False
4024,3,25.0,-25.0,-9.809639930725098,-26.749160766601562,0.16995513439178467,34.8536,False,False
4025,3,25.0,-25.0,-9.759801864624023,-26.74688720703125,0.16992029547691345,34.8037,False,False
4026,3,25.0,-25.0,-9.70996379852295,-26.744613647460938,0.1699414849281311,34.7538,False,False
4027,3,25.0,-25.0,-9.660124778747559,-26.742338180541992,0.17001281678676605,34.7039,False,False
4028,3,25.0,-25.0,-9.610286712646484,-26.740060806274414,0.1701289564371109,34.654,False,False
4029,3,25.0,-25.0,-9.560447692871094,-26.737783432006836,0.170285165309906,34.6041,False,False
4030,3,25.0,-25.0,-9.510608673095703,-26.735504150390625,0.17047713696956635,34.5542,False,False
4031,3,25.0,-25.0,-9.460769653320312,-26.733224868774414,0.17064222693443298,34.5043,False,False
4032,3,25.0,-25.0,-9.410930633544922,-26.730941772460938,0.17078284919261932,34.4544,False,False
4033,3,25.0,-25.0,-9.361090660095215,-26.72865867614746,0.17090119421482086,34.4045,False,False
4034,3,25.0,-25.0,-9.311250686645508,-26.72637367248535,0.1709991991519928,34.3547,False,False
4035,3,25.0,-25.0,-9.2614107131958,-26.72408676147461,0.1710786521434784,34.3048,False,False
4036,3,25.0,-25.0,-9.211570739746094,-26.721797943115234,0.1711411476135254,34.2549,False,False
4037,3,25.0,-25.0,-9.16172981262207,-26.71950912475586,0.1711881160736084,34.205,False,False
4038,3,25.0,-25.0,-9.111889839172363,-26.71721649169922,0.17122085392475128,34.1551,False,False
4039,3,25.0,-25.0,-9.06204891204834,-26.714921951293945,0.17124053835868835,34.1052,False,False
4040,3,25.0,-25.0,-9.012207984924316,-26.71262550354004,0.171248197555542,34.0553,False,False
4041,3,25.0,-25.0,-8.962367057800293,-26.710325241088867,0.1712448000907898,34.0054,False,False
4042,3,25.0,-25.0,-8.912525177001953,-26.708024978637695,0.1712311953306198,33.9555,False,False
4043,3,25.0,-25.0,-8.86268424987793,-26.705720901489258,0.17120815813541412,33.9056,False,False
4044,3,25.0,-25.0,-8.81284236907959,-26.703414916992188,0.17117638885974884,33.8557,False,False
4045,3,25.0,-25.0,-8.76300048828125,-26.701107025146484,0.17119531333446503,33.8058,False,False
4046,3,25.0,-25.0,-8.713159561157227,-26.698795318603516,0.17125959694385529,33.7559,False,False
4047,3,25.0,-25.0,-8.663317680358887,-26.696483612060547,0.1714232712984085,33.706,False,False
4048,3,25.0,-25.0,-8.613475799560547,-26.69416618347168,0.171617329120636,33.6561,False,False
4049,3,25.0,-25.0,-8.563633918762207,-26.691848754882812,0.17172090709209442,33.6062,False,False
4050,3,25.0,-25.0,-8.51379108428955,-26.68952751159668,0.17174282670021057,33.5564,False,False
4051,3,25.0,-25.0,-8.463949203491211,-26.68720245361328,0.17169104516506195,33.5065,False,False
4052,3,25.0,-25.0,-8.414106369018555,-26.684877395629883,0.17163148522377014,33.4566,False,False
4053,3,25.0,-25.0,-8.364263534545898,-26.682546615600586,0.17162349820137024,33.4067,False,False
4054,3,25.0,-25.0,-8.314420700073242,-26.68021583557129,0.17166170477867126,33.3568,False,False
4055,3,25.0,-25.0,-8.264578819274902,-26.677879333496094,0.17174124717712402,33.3069,False,False
4056,3,25.0,-25.0,-8.214735984802246,-26.6755428314209,0.17185775935649872,33.257,False,False
4057,3,25.0,-25.0,-8.16489315032959,-26.673202514648438,0.17200732231140137,33.2071,False,False
4058,3,25.0,-25.0,-8.115050315856934,-26.67085838317871,0.17218640446662903,33.1572,False,False
4059,3,25.0,-25.0,-8.065207481384277,-26.66851234436035,0.1723330169916153,33.1073,False,False
4060,3,25.0,-25.0,-8.015363693237305,-26.666162490844727,0.1724502146244049,33.0574,False,False
4061,3,25.0,-25.0,-7.965520858764648,-26.66381072998047,0.17254072427749634,33.0075,False,False
4062,3,25.0,-25.0,-7.915677547454834,-26.661457061767578,0.17260698974132538,32.9576,False,False
4063,3,25.0,-25.0,-7.8658342361450195,-26.659099578857422,0.1726512461900711,32.9077,False,False
4064,3,25.0,-25.0,-7.815990447998047,-26.65673828125,0.1726754903793335,32.8578,False,False
4065,3,25.0,-25.0,-7.766147136688232,-26.654375076293945,0.17268149554729462,32.8079,False,False
4066,3,25.0,-25.0,-7.71630334854126,-26.652008056640625,0.17267091572284698,32.758,False,False
4067,3,25.0,-25.0,-7.666459560394287,-26.649639129638672,0.17264516651630402,32.7081,False,False
4068,3,25.0,-25.0,-7.6166157722473145,-26.647266387939453,0.17260560393333435,32.6582,False,False
4069,3,25.0,-25.0,-7.566771984100342,-26.6448917388916,0.17261219024658203,32.6083,False,False
4070,3,25.0,-25.0,-7.516928195953369,-26.642513275146484,0.17266009747982025,32.5584,False,False
4071,3,25.0,-25.0,-7.4670844078063965,-26.640132904052734,0.17268620431423187,32.5085,False,False
4072,3,25.0,-25.0,-7.417240142822266,-26.63775062561035,0.17269249260425568,32.4586,False,False
4073,3,25.0,-25.0,-7.367396354675293,-26.635364532470703,0.17268075048923492,32.4087,False,False
4074,3,25.0,-25.0,-7.317552089691162,-26.63297462463379,0.17265258729457855,32.3588,False,False
4075,3,25.0,-25.0,-7.267707824707031,-26.630582809448242,0.17260947823524475,32.3089,False,False
4076,3,25.0,-25.0,-7.2178635597229,-26.62818717956543,0.1725527048110962,32.259,False,False
4077,3,25.0,-25.0,-7.1680192947387695,-26.625791549682617,0.17248345911502838,32.2091,False,False
4078,3,25.0,-25.0,-7.1181745529174805,-26.623390197753906,0.17240281403064728,32.1592,False,False
4079,3,25.0,-25.0,-7.06833028793335,-26.620986938476562,0.1723117083311081,32.1093,False,False
4080,3,25.0,-25.0,-7.0184855461120605,-26.618581771850586,0.17221102118492126,32.0594,False,False
4081,3,25.0,-25.0,-6.9686408042907715,-26.616174697875977,0.17210151255130768,32.0095,False,False
4082,3,25.0,-25.0,-6.918796539306641,-26.6137638092041,0.17198389768600464,31.9596,False,False
4083,3,25.0,-25.0,-6.868951797485352,-26.61134910583496,0.17185881733894348,31.9097,False,False
4084,3,25.0,-25.0,-6.819106578826904,-26.60893440246582,0.17172683775424957,31.8598,False,False
4085,3,25.0,-25.0,-6.769261837005615,-26.60651397705078,0.1715884655714035,31.8099,False,False
4086,3,25.0,-25.0,-6.719417095184326,-26.604093551635742,0.17144417762756348,31.76,False,False
4087,3,25.0,-25.0,-6.669571876525879,-26.601669311523438,0.17129437625408173,31.71,False,False
4088,3,25.0,-25.0,-6.61972713470459,-26.5992431640625,0.17113946378231049,31.6601,False,False
4089,3,25.0,-25.0,-6.569881916046143,-26.59681510925293,0.17103858292102814,31.6102,False,False
4090,3,25.0,-25.0,-6.5200371742248535,-26.594383239746094,0.1709861308336258,31.5603,False,False
4091,3,25.0,-25.0,-6.470191955566406,-26.591951370239258,0.17097710072994232,31.5104,False,False
4092,3,25.0,-25.0,-6.420346736907959,-26.589513778686523,0.17094819247722626,31.4605,False,False
4093,3,25.0,-25.0,-6.370501518249512,-26.58707618713379,0.17090122401714325,31.4106,False,False
4094,3,25.0,-25.0,-6.3206562995910645,-26.584636688232422,0.17083784937858582,31.3607,False,False
4095,3,25.0,-25.0,-6.270811080932617,-26.58219337463379,0.17075952887535095,31.3108,False,False
4096,3,25.0,-25.0,-6.22096586227417,-26.579748153686523,0.17072641849517822,31.2609,False,False
4097,3,25.0,-25.0,-6.1711201667785645,-26.577301025390625,0.17073383927345276,31.211,False,False
4098,3,25.0,-25.0,-6.121274948120117,-26.574851989746094,0.17077754437923431,31.1611,False,False
4099,3,25.0,-25.0,-6.07142972946167,-26.572399139404297,0.17085376381874084,31.1112,False,False
4100,3,25.0,-25.0,-6.0215840339660645,-26.5699462890625,0.17095910012722015,31.0613,False,False
4101,3,25.0,-25.0,-5.971738815307617,-26.567489624023438,0.17109045386314392,31.0114,False,False
4102,3,25.0,-25.0,-5.921893119812012,-26.565032958984375,0.17118629813194275,30.9615,False,False
4103,3,25.0,-25.0,-5.872047424316406,-26.562572479248047,0.17125001549720764,30.9116,False,False
4104,3,25.0,-25.0,-5.822201728820801,-26.560110092163086,0.17128469049930573,30.8617,False,False
4105,3,25.0,-25.0,-5.772356033325195,-26.557645797729492,0.17129309475421906,30.8118,False,False
4106,3,25.0,-25.0,-5.72251033782959,-26.555179595947266,0.17127767205238342,30.7618,False,False
4107,3,25.0,-25.0,-5.672664165496826,-26.55271339416504,0.1712407022714615,30.7119,False,False
4108,3,25.0,-25.0,-5.622818470001221,-26.550243377685547,0.17118419706821442,30.662,False,False
4109,3,25.0,-25.0,-5.572972297668457,-26.547771453857422,0.17110994458198547,30.6121,False,False
4110,3,25.0,-25.0,-5.523126125335693,-26.545297622680664,0.17101959884166718,30.5622,False,False
4111,3,25.0,-25.0,-5.47327995300293,-26.542823791503906,0.1709146350622177,30.5123,False,False
4112,3,25.0,-25.0,-5.423433780670166,-26.540346145629883,0.17079636454582214,30.4624,False,False
4113,3,25.0,-25.0,-5.373587131500244,-26.53786849975586,0.17066599428653717,30.4125,False,False
4114,3,25.0,-25.0,-5.3237409591674805,-26.535388946533203,0.17052459716796875,30.3626,False,False
4115,3,25.0,-25.0,-5.273894309997559,-26.53290557861328,0.1703731268644333,30.3127,False,False
4116,3,25.0,-25.0,-5.224048137664795,-26.53042221069336,0.17021247744560242,30.2628,False,False
4117,3,25.0,-25.0,-5.174201488494873,-26.527938842773438,0.17010223865509033,30.2129,False,False
4118,3,25.0,-25.0,-5.124354839324951,-26.52545166015625,0.17003720998764038,30.163,False,False
4119,3,25.0,-25.0,-5.074508190155029,-26.522964477539062,0.1700127273797989,30.113,False,False
4120,3,25.0,-25.0,-5.024662017822266,-26.52047348022461,0.17002463340759277,30.0631,False,False
4121,3,25.0,-25.0,-4.974815368652344,-26.517982482910156,0.1700691282749176,30.0132,False,False
4122,3,25.0,-25.0,-4.924968719482422,-26.515491485595703,0.17014282941818237,29.9633,False,False
4123,3,25.0,-25.0,-4.875121593475342,-26.512996673583984,0.17024268209934235,29.9134,False,False
4124,3,25.0,-25.0,-4.82527494430542,-26.510501861572266,0.17036594450473785,29.8635,False,False
4125,3,25.0,-25.0,-4.775428295135498,-26.508005142211914,0.17051014304161072,29.8136,False,False
4126,3,25.0,-25.0,-4.725581645965576,-26.505508422851562,0.17061427235603333,29.7637,False,False
4127,3,25.0,-25.0,-4.675734519958496,-26.503009796142578,0.17068220674991608,29.7138,False,False
4128,3,25.0,-25.0,-4.625887393951416,-26.50050926208496,0.17071747779846191,29.6639,False,False
4129,3,25.0,-25.0,-4.576040267944336,-26.49800682067871,0.17072319984436035,29.614,False,False
4130,3,25.0,-25.0,-4.526193141937256,-26.49550437927246,0.1707022488117218,29.564,False,False
4131,3,25.0,-25.0,-4.476345539093018,-26.49300193786621,0.17065715789794922,29.5141,False,False
4132,3,25.0,-25.0,-4.4264984130859375,-26.490495681762695,0.17059023678302765,29.4642,False,False
4133,3,25.0,-25.0,-4.376650810241699,-26.48798942565918,0.17056234180927277,29.4143,False,False
4134,3,25.0,-25.0,-4.326803684234619,-26.485483169555664,0.17056946456432343,29.3644,False,False
4135,3,25.0,-25.0,-4.276956081390381,-26.482975006103516,0.17060796916484833,29.3145,False,False
4136,3,25.0,-25.0,-4.227108478546143,-26.480464935302734,0.17067460715770721,29.2646,False,False
4137,3,25.0,-25.0,-4.177260875701904,-26.477954864501953,0.1707664579153061,29.2147,False,False
4138,3,25.0,-25.0,-4.127413272857666,-26.475444793701172,0.17082206904888153,29.1648,False,False
4139,3,25.0,-25.0,-4.077565670013428,-26.472932815551758,0.17078618705272675,29.1148,False,False
4140,3,25.0,-25.0,-4.027717590332031,-26.47041893005371,0.1706678420305252,29.0649,False,False
4141,3,25.0,-25.0,-3.9778695106506348,-26.467905044555664,0.17053399980068207,29.015,False,False
4142,3,25.0,-25.0,-3.9280214309692383,-26.465391159057617,0.17044490575790405,28.9651,False,False
4143,3,25.0,-25.0,-3.878173351287842,-26.462875366210938,0.17039595544338226,28.9152,False,False
4144,3,25.0,-25.0,-3.8283252716064453,-26.460359573364258,0.170383021235466,28.8653,False,False
4145,3,25.0,-25.0,-3.778477191925049,-26.457841873168945,0.17046122252941132,28.8154,False,False
4146,3,25.0,-25.0,-3.7286291122436523,-26.455324172973633,0.17050369083881378,28.7655,False,False
4147,3,25.0,-25.0,-3.6787807941436768,-26.452804565429688,0.17051394283771515,28.7156,False,False
4148,3,25.0,-25.0,-3.628932476043701,-26.450284957885742,0.17055386304855347,28.6656,False,False
4149,3,25.0,-25.0,-3.5790841579437256,-26.447765350341797,0.1706204116344452,28.6157,False,False
4150,3,25.0,-25.0,-3.529235601425171,-26.44524383544922,0.17065200209617615,28.5658,False,False
4151,3,25.0,-25.0,-3.479387044906616,-26.44272232055664,0.17065204679965973,28.5159,False,False
4152,3,25.0,-25.0,-3.4295384883880615,-26.440200805664062,0.1706824153661728,28.466,False,False
4153,3,25.0,-25.0,-3.3796896934509277,-26.43767738342285,0.17073994874954224,28.4161,False,False
4154,3,25.0,-25.0,-3.329841136932373,-26.43515396118164,0.17082184553146362,28.3662,False,False
4155,3,25.0,-25.0,-3.2799923419952393,-26.43263053894043,0.17086678743362427,28.3163,False,False
4156,3,25.0,-25.0,-3.2301433086395264,-26.430105209350586,0.17081955075263977,28.2663,False,False
4157,3,25.0,-25.0,-3.1802942752838135,-26.427579879760742,0.17074808478355408,28.2164,False,False
4158,3,25.0,-25.0,-3.1304452419281006,-26.4250545501709,0.17071354389190674,28.1665,False,False
4159,3,25.0,-25.0,-3.0805962085723877,-26.422529220581055,0.17071209847927094,28.1166,False,False
4160,3,25.0,-25.0,-3.0307469367980957,-26.420001983642578,0.17068158090114594,28.0667,False,False
4161,3,25.0,-25.0,-2.9808976650238037,-26.4174747467041,0.170624777674675,28.0168,False,False
4162,3,25.0,-25.0,-2.9310483932495117,-26.414947509765625,0.17060306668281555,27.9669,False,False
4163,3,25.0,-25.0,-2.8811991214752197,-26.412418365478516,0.17061281204223633,27.917,False,False
4164,3,25.0,-25.0,-2.8313496112823486,-26.409889221191406,0.17059199512004852,27.867,False,False
4165,3,25.0,-25.0,-2.7815001010894775,-26.40736198425293,0.1705435961484909,27.8171,False,False
4166,3,25.0,-25.0,-2.7316503524780273,-26.40483283996582,0.1705290675163269,27.7672,False,False
4167,3,25.0,-25.0,-2.6818008422851562,-26.402301788330078,0.17054495215415955,27.7173,False,False
4168,3,25.0,-25.0,-2.631951093673706,-26.39977264404297,0.17058810591697693,27.6674,False,False
4169,3,25.0,-25.0,-2.582101345062256,-26.397241592407227,0.17065571248531342,27.6175,False,False
4170,3,25.0,-25.0,-2.5322515964508057,-26.394710540771484,0.17068645358085632,27.5676,False,False
4171,3,25.0,-25.0,-2.4824016094207764,-26.392179489135742,0.17068393528461456,27.5176,False,False
4172,3,25.0,-25.0,-2.432551622390747,-26.3896484375,0.17071019113063812,27.4677,False,False
4173,3,25.0,-25.0,-2.3827016353607178,-26.387117385864258,0.17076227068901062,27.4178,False,False
4174,3,25.0,-25.0,-2.3328516483306885,-26.384584426879883,0.17077872157096863,27.3679,False,False
4175,3,25.0,-25.0,-2.28300142288208,-26.38205337524414,0.17076300084590912,27.318,False,False
4176,3,25.0,-25.0,-2.2331511974334717,-26.379520416259766,0.1707770824432373,27.2681,False,False
4177,3,25.0,-25.0,-2.183300733566284,-26.37698745727539,0.17081786692142487,27.2182,False,False
4178,3,25.0,-25.0,-2.133450508117676,-26.374454498291016,0.17088264226913452,27.1682,False,False
4179,3,25.0,-25.0,-2.0836000442504883,-26.37192153930664,0.17091010510921478,27.1183,False,False
4180,3,25.0,-25.0,-2.033749580383301,-26.369388580322266,0.17090392112731934,27.0684,False,False
4181,3,25.0,-25.0,-1.9838988780975342,-26.366853713989258,0.17086738348007202,27.0185,False,False
4182,3,25.0,-25.0,-1.9340481758117676,-26.364320755004883,0.17086225748062134,26.9686,False,False
4183,3,25.0,-25.0,-1.884197473526001,-26.361785888671875,0.17088532447814941,26.9187,False,False
4184,3,25.0,-25.0,-1.8343467712402344,-26.3592529296875,0.17093369364738464,26.8688,False,False
4185,3,25.0,-25.0,-1.7844959497451782,-26.356718063354492,0.1710047423839569,26.8188,False,False
4186,3,25.0,-25.0,-1.7346450090408325,-26.354183197021484,0.17103733122348785,26.7689,False,False
4187,3,25.0,-25.0,-1.6847939491271973,-26.351648330688477,0.170976459980011,26.719,False,False
4188,3,25.0,-25.0,-1.634942889213562,-26.3491153717041,0.17094899713993073,26.6691,False,False
4189,3,25.0,-25.0,-1.5850917100906372,-26.346580505371094,0.17095153033733368,26.6192,False,False
4190,3,25.0,-25.0,-1.5352405309677124,-26.344045639038086,0.170922189950943,26.5693,False,False
4191,3,25.0,-25.0,-1.485389232635498,-26.341508865356445,0.17086409032344818,26.5193,False,False
4192,3,25.0,-25.0,-1.4355378150939941,-26.338973999023438,0.17078006267547607,26.4694,False,False
4193,3,25.0,-25.0,-1.3856863975524902,-26.33643913269043,0.17073141038417816,26.4195,False,False
4194,3,25.0,-25.0,-1.3358349800109863,-26.333904266357422,0.17071454226970673,26.3696,False,False
4195,3,25.0,-25.0,-1.2859834432601929,-26.331369400024414,0.17072619497776031,26.3197,False,False
4196,3,25.0,-25.0,-1.2361319065093994,-26.328832626342773,0.17076344788074493,26.2698,False,False
4197,3,25.0,-25.0,-1.1862802505493164,-26.326297760009766,0.17076489329338074,26.2198,False,False
4198,3,25.0,-25.0,-1.1364284753799438,-26.323762893676758,0.17073401808738708,26.1699,False,False
4199,3,25.0,-25.0,-1.0865765810012817,-26.32122802734375,0.17067402601242065,26.12,False,False
4200,3,25.0,-25.0,-1.0367246866226196,-26.31869125366211,0.17058776319026947,26.0701,False,False
4201,3,25.0,-25.0,-0.9868727326393127,-26.3161563873291,0.17047777771949768,26.0202,False,False
4202,3,25.0,-25.0,-0.9370206594467163,-26.31361961364746,0.17040520906448364,25.9703,False,False
4203,3,25.0,-25.0,-0.8871685862541199,-26.311084747314453,0.17036622762680054,25.9203,False,False
4204,3,25.0,-25.0,-0.8373165130615234,-26.308549880981445,0.1704162061214447,25.8704,False,False
4205,3,25.0,-25.0,-0.787464439868927,-26.306013107299805,0.1704873889684677,25.8205,False,False
4206,3,25.0,-25.0,-0.737612247467041,-26.303478240966797,0.17051877081394196,25.7706,False,False
4207,3,25.0,-25.0,-0.6877599358558655,-26.30094337463379,0.170514315366745,25.7207,False,False
4208,3,25.0,-25.0,-0.6379075646400452,-26.29840660095215,0.17047752439975739,25.6708,False,False
4209,3,25.0,-25.0,-0.5880551338195801,-26.29587173461914,0.17047038674354553,25.6208,False,False
4210,3,25.0,-25.0,-0.5382026433944702,-26.293336868286133,0.1704898625612259,25.5709,False,False
4211,3,25.0,-25.0,-0.48835015296936035,-26.290800094604492,0.17053323984146118,25.521,False,False
4212,3,25.0,-25.0,-0.4384976327419281,-26.288265228271484,0.17059805989265442,25.4711,False,False
4213,3,25.0,-25.0,-0.3886450231075287,-26.285730361938477,0.1706821322441101,25.4212,False,False
4214,3,25.0,-25.0,-0.3387923538684845,-26.28319549560547,0.17072466015815735,25.3713,False,False
4215,3,25.0,-25.0,-0.28893956542015076,-26.280658721923828,0.17072975635528564,25.3213,False,False
4216,3,25.0,-25.0,-0.23908670246601105,-26.27812385559082,0.17070110142230988,25.2714,False,False
4217,3,25.0,-25.0,-0.18923380970954895,-26.275588989257812,0.17070084810256958,25.2215,False,False
4218,3,25.0,-25.0,-0.13938087224960327,-26.273054122924805,0.17072606086730957,25.1716,False,False
4219,3,25.0,-25.0,-0.08952789008617401,-26.270519256591797,0.1707741618156433,25.1217,False,False
4220,3,25.0,-25.0,-0.039674870669841766,-26.26798439025879,0.17084279656410217,25.0718,False,False
4221,3,25.0,-25.0,0.010178194381296635,-26.26544952392578,0.17092986404895782,25.0218,False,False
4222,3,25.0,-25.0,0.06003135070204735,-26.262914657592773,0.17097465693950653,24.9719,False,False
4223,3,25.0,-25.0,0.1098845899105072,-26.260379791259766,0.17098134756088257,24.922,False,False
4224,3,25.0,-25.0,0.15973791480064392,-26.257844924926758,0.17095373570919037,24.8721,False,False
4225,3,25.0,-25.0,0.2095913290977478,-26.25531005859375,0.17089517414569855,24.8222,False,False
4226,3,25.0,-25.0,0.2594447731971741,-26.252775192260742,0.17086751759052277,24.7723,False,False
4227,3,25.0,-25.0,0.30929824709892273,-26.250242233276367,0.17086763679981232,24.7223,False,False
4228,3,25.0,-25.0,0.3591517508029938,-26.24770736694336,0.17089267075061798,24.6724,False,False
4229,3,25.0,-25.0,0.4090052843093872,-26.24517250061035,0.170940101146698,24.6225,False,False
4230,3,25.0,-25.0,0.4588588774204254,-26.242639541625977,0.17100761830806732,24.5726,False,False
4231,3,25.0,-25.0,0.5087125301361084,-26.24010467529297,0.1710931807756424,24.5227,False,False
4232,3,25.0,-25.0,0.5585662126541138,-26.237571716308594,0.171194925904274,24.4727,False,False
4233,3,25.0,-25.0,0.6084199547767639,-26.235036849975586,0.17125238478183746,24.4228,False,False
4234,3,25.0,-25.0,0.6582738161087036,-26.23250389099121,0.17126993834972382,24.3729,False,False
4235,3,25.0,-25.0,0.7081277370452881,-26.229970932006836,0.1712515503168106,24.323,False,False
4236,3,25.0,-25.0,0.7579817175865173,-26.22743797302246,0.17120076715946198,24.2731,False,False
4237,3,25.0,-25.0,0.8078357577323914,-26.224903106689453,0.17117959260940552,24.2232,False,False
4238,3,25.0,-25.0,0.8576897978782654,-26.222370147705078,0.17118501663208008,24.1732,False,False
4239,3,25.0,-25.0,0.9075438976287842,-26.219837188720703,0.17121431231498718,24.1233,False,False
4240,3,25.0,-25.0,0.9573980569839478,-26.217304229736328,0.17126506567001343,24.0734,False,False
4241,3,25.0,-25.0,1.0072522163391113,-26.214771270751953,0.17133507132530212,24.0235,False,False
4242,3,25.0,-25.0,1.0571064949035645,-26.212238311767578,0.17136356234550476,23.9736,False,False
4243,3,25.0,-25.0,1.1069607734680176,-26.209707260131836,0.17135466635227203,23.9236,False,False
4244,3,25.0,-25.0,1.1568151712417603,-26.20717430114746,0.17137086391448975,23.8737,False,False
4245,3,25.0,-25.0,1.206669569015503,-26.204641342163086,0.17140960693359375,23.8238,False,False
4246,3,25.0,-25.0,1.2565240859985352,-26.20210838317871,0.17140980064868927,23.7739,False,False
4247,3,25.0,-25.0,1.3063786029815674,-26.19957733154297,0.17143404483795166,23.724,False,False
4248,3,25.0,-25.0,1.3562331199645996,-26.197044372558594,0.17147992551326752,23.674,False,False
4249,3,25.0,-25.0,1.4060877561569214,-26.19451332092285,0.17148639261722565,23.6241,False,False
4250,3,25.0,-25.0,1.4559423923492432,-26.19198226928711,0.17145739495754242,23.5742,False,False
4251,3,25.0,-25.0,1.5057971477508545,-26.189449310302734,0.17145521938800812,23.5243,False,False
4252,3,25.0,-25.0,1.5556519031524658,-26.186918258666992,0.17147713899612427,23.4744,False,False
4253,3,25.0,-25.0,1.6055066585540771,-26.18438720703125,0.17152069509029388,23.4245,False,False
4254,3,25.0,-25.0,1.655361533164978,-26.181856155395508,0.17158371210098267,23.3745,False,False
4255,3,25.0,-25.0,1.705216407775879,-26.179325103759766,0.17160536348819733,23.3246,False,False
4256,3,25.0,-25.0,1.7550714015960693,-26.176794052124023,0.17158979177474976,23.2747,False,False
4257,3,25.0,-25.0,1.8049263954162598,-26.17426300048828,0.17159946262836456,23.2248,False,False
4258,3,25.0,-25.0,1.8547813892364502,-26.17173194885254,0.1716318130493164,23.1749,False,False
4259,3,25.0,-25.0,1.9046365022659302,-26.169200897216797,0.1715669333934784,23.1249,False,False
4260,3,25.0,-25.0,1.9544916152954102,-26.166671752929688,0.17153213918209076,23.075,False,False
4261,3,25.0,-25.0,2.0043468475341797,-26.164140701293945,0.17152436077594757,23.0251,False,False
4262,3,25.0,-25.0,2.054202079772949,-26.161611557006836,0.17154087126255035,22.9752,False,False
4263,3,25.0,-25.0,2.1040573120117188,-26.159080505371094,0.17152039706707,22.9253,False,False
4264,3,25.0,-25.0,2.1539127826690674,-26.156551361083984,0.17146660387516022,22.8753,False,False
4265,3,25.0,-25.0,2.203768014907837,-26.154020309448242,0.17144159972667694,22.8254,False,False
4266,3,25.0,-25.0,2.2536234855651855,-26.151491165161133,0.171442449092865,22.7755,False,False
4267,3,25.0,-25.0,2.303478956222534,-26.148962020874023,0.17146654427051544,22.7256,False,False
4268,3,25.0,-25.0,2.353334426879883,-26.146432876586914,0.17145273089408875,22.6757,False,False
4269,3,25.0,-25.0,2.4031898975372314,-26.143901824951172,0.17140474915504456,22.6257,False,False
4270,3,25.0,-25.0,2.453045606613159,-26.141372680664062,0.171384796500206,22.5758,False,False
4271,3,25.0,-25.0,2.502901077270508,-26.138843536376953,0.17139004170894623,22.5259,False,False
4272,3,25.0,-25.0,2.5527567863464355,-26.136316299438477,0.17141792178153992,22.476,False,False
4273,3,25.0,-25.0,2.6026124954223633,-26.133787155151367,0.1714073270559311,22.4261,False,False
4274,3,25.0,-25.0,2.652468204498291,-26.131258010864258,0.17136208713054657,22.3761,False,False
4275,3,25.0,-25.0,2.702324151992798,-26.12872886657715,0.17128564417362213,22.3262,False,False
4276,3,25.0,-25.0,2.7521798610687256,-26.126201629638672,0.17123989760875702,22.2763,False,False
4277,3,25.0,-25.0,2.8020358085632324,-26.123672485351562,0.17122171819210052,22.2264,False,False
4278,3,25.0,-25.0,2.85189151763916,-26.121143341064453,0.1712283194065094,22.1765,False,False
4279,3,25.0,-25.0,2.901747465133667,-26.118616104125977,0.17125719785690308,22.1265,False,False
4280,3,25.0,-25.0,2.951603412628174,-26.1160888671875,0.1713060885667801,22.0766,False,False
4281,3,25.0,-25.0,3.0014593601226807,-26.11355972290039,0.17131415009498596,22.0267,False,False
4282,3,25.0,-25.0,3.0513155460357666,-26.111032485961914,0.1712854653596878,21.9768,False,False
4283,3,25.0,-25.0,3.1011714935302734,-26.108505249023438,0.17122365534305573,21.9269,False,False
4284,3,25.0,-25.0,3.1510276794433594,-26.10597801208496,0.17119082808494568,21.8769,False,False
4285,3,25.0,-25.0,3.2008838653564453,-26.10344886779785,0.17118403315544128,21.827,False,False
4286,3,25.0,-25.0,3.2507400512695312,-26.100921630859375,0.17120064795017242,21.7771,False,False
4287,3,25.0,-25.0,3.300596237182617,-26.0983943939209,0.17123828828334808,21.7272,False,False
4288,3,25.0,-25.0,3.350452423095703,-26.095867156982422,0.1712360382080078,21.6773,False,False
4289,3,25.0,-25.0,3.400308847427368,-26.093341827392578,0.17119784653186798,21.6273,False,False
4290,3,25.0,-25.0,3.450165271759033,-26.0908145904541,0.1711272895336151,21.5774,False,False
4291,3,25.0,-25.0,3.500021457672119,-26.088287353515625,0.171086385846138,21.5275,False,False
4292,3,25.0,-25.0,3.549877882003784,-26.08576011657715,0.17107214033603668,21.4776,False,False
4293,3,25.0,-25.0,3.599734306335449,-26.083234786987305,0.17108184099197388,21.4277,False,False
4294,3,25.0,-25.0,3.6495907306671143,-26.080707550048828,0.17111307382583618,21.3777,False,False
4295,3,25.0,-25.0,3.6994471549987793,-26.07818031311035,0.1711636483669281,21.3278,False,False
4296,3,25.0,-25.0,3.7493038177490234,-26.075654983520508,0.17117281258106232,21.2779,False,False
4297,3,25.0,-25.0,3.7991602420806885,-26.07312774658203,0.17114469408988953,21.228,False,False
4298,3,25.0,-25.0,3.8490169048309326,-26.070602416992188,0.1710829734802246,21.1781,False,False
4299,3,25.0,-25.0,3.8988735675811768,-26.068077087402344,0.17099100351333618,21.1281,False,False
4300,3,25.0,-25.0,3.948730230331421,-26.065549850463867,0.17093059420585632,21.0782,False,False
4301,3,25.0,-25.0,3.998586893081665,-26.063024520874023,0.17089855670928955,21.0283,False,False
4302,3,25.0,-25.0,4.048443794250488,-26.06049919128418,0.17089201509952545,20.9784,False,False
4303,3,25.0,-25.0,4.098300457000732,-26.057973861694336,0.1709083914756775,20.9285,False,False
4304,3,25.0,-25.0,4.148157119750977,-26.05544662475586,0.17094537615776062,20.8785,False,False
4305,3,25.0,-25.0,4.198013782501221,-26.052921295166016,0.1710008829832077,20.8286,False,False
4306,3,25.0,-25.0,4.247870922088623,-26.050395965576172,0.17107301950454712,20.7787,False,False
4307,3,25.0,-25.0,4.297727584838867,-26.047870635986328,0.17110130190849304,20.7288,False,False
4308,3,25.0,-25.0,4.347584247589111,-26.045345306396484,0.17103131115436554,20.6789,False,False
4309,3,25.0,-25.0,4.397441387176514,-26.04281997680664,0.1709316521883011,20.6289,False,False
4310,3,25.0,-25.0,4.447298526763916,-26.04029655456543,0.1708640605211258,20.579,False,False
4311,3,25.0,-25.0,4.497155666351318,-26.037771224975586,0.17082533240318298,20.5291,False,False
4312,3,25.0,-25.0,4.5470123291015625,-26.035245895385742,0.17081253230571747,20.4792,False,False
4313,3,25.0,-25.0,4.596869468688965,-26.0327205657959,0.17082303762435913,20.4292,False,False
4314,3,25.0,-25.0,4.646726608276367,-26.030195236206055,0.17085450887680054,20.3793,False,False
4315,3,25.0,-25.0,4.6965837478637695,-26.027671813964844,0.17090481519699097,20.3294,False,False
4316,3,25.0,-25.0,4.746440410614014,-26.025146484375,0.1709720343351364,20.2795,False,False
4317,3,25.0,-25.0,4.796297550201416,-26.022621154785156,0.17099568247795105,20.2296,False,False
4318,3,25.0,-25.0,4.846154689788818,-26.020097732543945,0.17092128098011017,20.1796,False,False
4319,3,25.0,-25.0,4.896012306213379,-26.0175724029541,0.17081741988658905,20.1297,False,False
4320,3,25.0,-25.0,4.945869445800781,-26.01504898071289,0.170745849609375,20.0798,False,False
4321,3,25.0,-25.0,4.995726585388184,-26.012523651123047,0.17070330679416656,20.0299,False,False
4322,3,25.0,-25.0,5.045584201812744,-26.010000228881836,0.17068685591220856,19.98,False,False
4323,3,25.0,-25.0,5.0954413414001465,-26.007474899291992,0.17069387435913086,19.93,False,False
4324,3,25.0,-25.0,5.145298480987549,-26.00495147705078,0.17072197794914246,19.8801,False,False
4325,3,25.0,-25.0,5.195155620574951,-26.00242805480957,0.17076903581619263,19.8302,False,False
4326,3,25.0,-25.0,5.245013236999512,-25.999902725219727,0.17083314061164856,19.7803,False,False
4327,3,25.0,-25.0,5.294870376586914,-25.997379302978516,0.17085376381874084,19.7304,False,False
4328,3,25.0,-25.0,5.344727993011475,-25.994855880737305,0.1708352267742157,19.6804,False,False
4329,3,25.0,-25.0,5.394585609436035,-25.992332458496094,0.1707814633846283,19.6305,False,False
4330,3,25.0,-25.0,5.4444427490234375,-25.98980712890625,0.17075474560260773,19.5806,False,False
4331,3,25.0,-25.0,5.494300365447998,-25.98728370666504,0.1707523614168167,19.5307,False,False
4332,3,25.0,-25.0,5.544157981872559,-25.984760284423828,0.17077185213565826,19.4807,False,False
4333,3,25.0,-25.0,5.594015121459961,-25.982236862182617,0.17075221240520477,19.4308,False,False
4334,3,25.0,-25.0,5.6438727378845215,-25.979713439941406,0.17075613141059875,19.3809,False,False
4335,3,25.0,-25.0,5.693730354309082,-25.977188110351562,0.17072245478630066,19.331,False,False
4336,3,25.0,-25.0,5.743587970733643,-25.97466468811035,0.17071370780467987,19.2811,False,False
4337,3,25.0,-25.0,5.793445587158203,-25.97214126586914,0.17072737216949463,19.2311,False,False
4338,3,25.0,-25.0,5.843303203582764,-25.96961784362793,0.17076121270656586,19.1812,False,False
4339,3,25.0,-25.0,5.893160820007324,-25.96709442138672,0.1707543581724167,19.1313,False,False
4340,3,25.0,-25.0,5.943018436431885,-25.964570999145508,0.17071089148521423,19.0814,False,False
4341,3,25.0,-25.0,5.992876052856445,-25.962047576904297,0.1706344485282898,19.0315,False,False
4342,3,25.0,-25.0,6.042734146118164,-25.959524154663086,0.17058712244033813,18.9815,False,False
4343,3,25.0,-25.0,6.092591762542725,-25.957000732421875,0.17056596279144287,18.9316,False,False
4344,3,25.0,-25.0,6.142449378967285,-25.954477310180664,0.17056836187839508,18.8817,False,False
4345,3,25.0,-25.0,6.192306995391846,-25.951953887939453,0.17059190571308136,18.8318,False,False
4346,3,25.0,-25.0,6.2421650886535645,-25.949430465698242,0.17063449323177338,18.7818,False,False
4347,3,25.0,-25.0,6.292022705078125,-25.946908950805664,0.17069418728351593,18.7319,False,False
4348,3,25.0,-25.0,6.3418803215026855,-25.944385528564453,0.17071044445037842,18.682,False,False
4349,3,25.0,-25.0,6.391738414764404,-25.941862106323242,0.17068763077259064,18.6321,False,False
4350,3,25.0,-25.0,6.441596031188965,-25.93933868408203,0.170629620552063,18.5822,False,False
4351,3,25.0,-25.0,6.491454124450684,-25.93681526184082,0.17059871554374695,18.5322,False,False
4352,3,25.0,-25.0,6.541312217712402,-25.93429183959961,0.17059221863746643,18.4823,False,False
4353,3,25.0,-25.0,6.591169834136963,-25.9317684173584,0.17060762643814087,18.4324,False,False
4354,3,25.0,-25.0,6.641027927398682,-25.92924690246582,0.17064276337623596,18.3825,False,False
4355,3,25.0,-25.0,6.690885543823242,-25.92672348022461,0.17063681781291962,18.3326,False,False
4356,3,25.0,-25.0,6.740743637084961,-25.9242000579834,0.17059390246868134,18.2826,False,False
4357,3,25.0,-25.0,6.79060173034668,-25.921676635742188,0.17057649791240692,18.2327,False,False
4358,3,25.0,-25.0,6.840459823608398,-25.919153213500977,0.17058204114437103,18.1828,False,False
4359,3,25.0,-25.0,6.890317916870117,-25.9166316986084,0.17060819268226624,18.1329,False,False
4360,3,25.0,-25.0,6.940175533294678,-25.914108276367188,0.17059411108493805,18.0829,False,False
4361,3,25.0,-25.0,6.9900336265563965,-25.911584854125977,0.17054380476474762,18.033,False,False
4362,3,25.0,-25.0,7.039891719818115,-25.909061431884766,0.1705196648836136,17.9831,False,False
4363,3,25.0,-25.0,7.089749813079834,-25.906539916992188,0.17051906883716583,17.9332,False,False
4364,3,25.0,-25.0,7.139607906341553,-25.904016494750977,0.17053964734077454,17.8833,False,False
4365,3,25.0,-25.0,7.1894659996032715,-25.901493072509766,0.17057925462722778,17.8333,False,False
4366,3,25.0,-25.0,7.23932409286499,-25.898969650268555,0.17057718336582184,17.7834,False,False
4367,3,25.0,-25.0,7.289182186126709,-25.896448135375977,0.17053759098052979,17.7335,False,False
4368,3,25.0,-25.0,7.339040756225586,-25.893924713134766,0.17046423256397247,17.6836,False,False
4369,3,25.0,-25.0,7.388898849487305,-25.891401290893555,0.17041924595832825,17.6336,False,False
4370,3,25.0,-25.0,7.438756942749023,-25.888879776000977,0.17039979994297028,17.5837,False,False
4371,3,25.0,-25.0,7.488615036010742,-25.886356353759766,0.17040331661701202,17.5338,False,False
4372,3,25.0,-25.0,7.538473129272461,-25.883832931518555,0.17042748630046844,17.4839,False,False
4373,3,25.0,-25.0,7.588331699371338,-25.881309509277344,0.1704702228307724,17.434,False,False
4374,3,25.0,-25.0,7.638189792633057,-25.878787994384766,0.17052966356277466,17.384,False,False
4375,3,25.0,-25.0,7.688047885894775,-25.876264572143555,0.1705453097820282,17.3341,False,False
4376,3,25.0,-25.0,7.737905979156494,-25.873741149902344,0.170521542429924,17.2842,False,False
4377,3,25.0,-25.0,7.787764549255371,-25.871219635009766,0.17046229541301727,17.2343,False,False
4378,3,25.0,-25.0,7.83762264251709,-25.868696212768555,0.17042991518974304,17.1843,False,False
4379,3,25.0,-25.0,7.887481212615967,-25.866172790527344,0.17042167484760284,17.1344,False,False
4380,3,25.0,-25.0,7.9373393058776855,-25.863649368286133,0.17043517529964447,17.0845,False,False
4381,3,25.0,-25.0,7.9871978759765625,-25.861127853393555,0.17046821117401123,17.0346,False,False
4382,3,25.0,-25.0,8.037055969238281,-25.858604431152344,0.17046001553535461,16.9847,False,False
4383,3,25.0,-25.0,8.0869140625,-25.856081008911133,0.17041470110416412,16.9347,False,False
4384,3,25.0,-25.0,8.136773109436035,-25.853559494018555,0.17039479315280914,16.8848,False,False
4385,3,25.0,-25.0,8.186631202697754,-25.851036071777344,0.17039771378040314,16.8349,False,False
4386,3,25.0,-25.0,8.236489295959473,-25.848512649536133,0.17042116820812225,16.785,False,False
4387,3,25.0,-25.0,8.286347389221191,-25.845989227294922,0.17046310007572174,16.735,False,False
4388,3,25.0,-25.0,8.336206436157227,-25.843467712402344,0.17046283185482025,16.6851,False,False
4389,3,25.0,-25.0,8.386064529418945,-25.840944290161133,0.17042459547519684,16.6352,False,False
4390,3,25.0,-25.0,8.43592357635498,-25.838420867919922,0.17035217583179474,16.5853,False,False
4391,3,25.0,-25.0,8.4857816696167,-25.83589744567871,0.17030778527259827,16.5354,False,False
4392,3,25.0,-25.0,8.535639762878418,-25.833375930786133,0.17028860747814178,16.4854,False,False
4393,3,25.0,-25.0,8.585498809814453,-25.830852508544922,0.17029209434986115,16.4355,False,False
4394,3,25.0,-25.0,8.635356903076172,-25.82832908630371,0.1703159660100937,16.3856,False,False
4395,3,25.0,-25.0,8.68521499633789,-25.825807571411133,0.17035819590091705,16.3357,False,False
4396,3,25.0,-25.0,8.735074043273926,-25.823284149169922,0.1704169064760208,16.2857,False,False
4397,3,25.0,-25.0,8.784932136535645,-25.82076072692871,0.17043164372444153,16.2358,False,False
4398,3,25.0,-25.0,8.83479118347168,-25.8182373046875,0.17040681838989258,16.1859,False,False
4399,3,25.0,-25.0,8.884649276733398,-25.81571388244629,0.17034636437892914,16.136,False,False
4400,3,25.0,-25.0,8.934508323669434,-25.81319236755371,0.17031265795230865,16.0861,False,False
4401,3,25.0,-25.0,8.984366416931152,-25.8106689453125,0.17030298709869385,16.0361,False,False
4402,3,25.0,-25.0,9.034225463867188,-25.80814552307129,0.1703149378299713,15.9862,False,False
4403,3,25.0,-25.0,9.084083557128906,-25.805622100830078,0.17034634947776794,15.9363,False,False
4404,3,25.0,-25.0,9.133942604064941,-25.8031005859375,0.17039524018764496,15.8864,False,False
4405,3,25.0,-25.0,9.18380069732666,-25.80057716369629,0.17040108144283295,15.8364,False,False
4406,3,25.0,-25.0,9.233659744262695,-25.798053741455078,0.17036816477775574,15.7865,False,False
4407,3,25.0,-25.0,9.283517837524414,-25.795530319213867,0.17030034959316254,15.7366,False,False
4408,3,25.0,-25.0,9.33337688446045,-25.793006896972656,0.17025992274284363,15.6867,False,False
4409,3,25.0,-25.0,9.383234977722168,-25.790485382080078,0.17024414241313934,15.6368,False,False
4410,3,25.0,-25.0,9.433094024658203,-25.787961959838867,0.1702505201101303,15.5868,False,False
4411,3,25.0,-25.0,9.482952117919922,-25.785438537597656,0.17027683556079865,15.5369,False,False
4412,3,25.0,-25.0,9.532811164855957,-25.782915115356445,0.17032107710838318,15.487,False,False
4413,3,25.0,-25.0,9.582670211791992,-25.780391693115234,0.17032265663146973,15.4371,False,False
4414,3,25.0,-25.0,9.632528305053711,-25.777868270874023,0.17028582096099854,15.3871,False,False
4415,3,25.0,-25.0,9.682387351989746,-25.775346755981445,0.17027321457862854,15.3372,False,False
4416,3,25.0,-25.0,9.732245445251465,-25.772823333740234,0.17028240859508514,15.2873,False,False
4417,3,25.0,-25.0,9.7821044921875,-25.770299911499023,0.17031121253967285,15.2374,False,False
4418,3,25.0,-25.0,9.831963539123535,-25.767776489257812,0.17029882967472076,15.1875,False,False
4419,3,25.0,-25.0,9.881821632385254,-25.7652530670166,0.17024941742420197,15.1375,False,False
4420,3,25.0,-25.0,9.931680679321289,-25.76272964477539,0.17022544145584106,15.0876,False,False
4421,3,25.0,-25.0,9.981539726257324,-25.76020622253418,0.1702243685722351,15.0377,False,False
4422,3,25.0,-25.0,10.031397819519043,-25.75768280029297,0.17024387419223785,14.9878,False,False
4423,3,25.0,-25.0,10.081256866455078,-25.755159378051758,0.17028190195560455,14.9378,False,False
4424,3,25.0,-25.0,10.131115913391113,-25.75263786315918,0.17027778923511505,14.8879,False,False
4425,3,25.0,-25.0,10.180974006652832,-25.75011444091797,0.1702357530593872,14.838,False,False
4426,3,25.0,-25.0,10.230833053588867,-25.747591018676758,0.17021837830543518,14.7881,False,False
4427,3,25.0,-25.0,10.280692100524902,-25.745067596435547,0.1702231764793396,14.7382,False,False
4428,3,25.0,-25.0,10.330550193786621,-25.742544174194336,0.17024794220924377,14.6882,False,False
4429,3,25.0,-25.0,10.380409240722656,-25.740020751953125,0.17029064893722534,14.6383,False,False
4430,3,25.0,-25.0,10.430268287658691,-25.737497329711914,0.17029069364070892,14.5884,False,False
4431,3,25.0,-25.0,10.480127334594727,-25.734973907470703,0.17025235295295715,14.5385,False,False
4432,3,25.0,-25.0,10.529985427856445,-25.732450485229492,0.17017945647239685,14.4885,False,False
4433,3,25.0,-25.0,10.57984447479248,-25.72992706298828,0.17013424634933472,14.4386,False,False
4434,3,25.0,-25.0,10.629703521728516,-25.72740364074707,0.1701139658689499,14.3887,False,False
4435,3,25.0,-25.0,10.67956256866455,-25.72488021850586,0.1701160967350006,14.3388,False,False
4436,3,25.0,-25.0,10.729421615600586,-25.72235679626465,0.1701383739709854,14.2888,False,False
4437,3,25.0,-25.0,10.779279708862305,-25.719833374023438,0.17017880082130432,14.2389,False,False
4438,3,25.0,-25.0,10.82913875579834,-25.717309951782227,0.1702355295419693,14.189,False,False
4439,3,25.0,-25.0,10.878997802734375,-25.714786529541016,0.1702481359243393,14.1391,False,False
4440,3,25.0,-25.0,10.92885684967041,-25.712263107299805,0.17022103071212769,14.0892,False,False
4441,3,25.0,-25.0,10.978715896606445,-25.709739685058594,0.17015817761421204,14.0392,False,False
4442,3,25.0,-25.0,11.028573989868164,-25.707216262817383,0.1701219528913498,13.9893,False,False
4443,3,25.0,-25.0,11.0784330368042,-25.704692840576172,0.17010967433452606,13.9394,False,False
4444,3,25.0,-25.0,11.128292083740234,-25.70216941833496,0.17011894285678864,13.8895,False,False
4445,3,25.0,-25.0,11.17815113067627,-25.69964599609375,0.1701475977897644,13.8395,False,False
4446,3,25.0,-25.0,11.228010177612305,-25.69712257385254,0.17019368708133698,13.7896,False,False
4447,3,25.0,-25.0,11.277868270874023,-25.694599151611328,0.17025545239448547,13.7397,False,False
4448,3,25.0,-25.0,11.327727317810059,-25.692075729370117,0.17027252912521362,13.6898,False,False
4449,3,25.0,-25.0,11.377586364746094,-25.689552307128906,0.17019058763980865,13.6399,False,False
4450,3,25.0,-25.0,11.427445411682129,-25.687028884887695,0.1700783371925354,13.5899,False,False
4451,3,25.0,-25.0,11.477304458618164,-25.684505462646484,0.16999760270118713,13.54,False,False
4452,3,25.0,-25.0,11.5271635055542,-25.681982040405273,0.16994521021842957,13.4901,False,False
4453,3,25.0,-25.0,11.577022552490234,-25.679458618164062,0.16991832852363586,13.4402,False,False
4454,3,25.0,-25.0,11.62688159942627,-25.67693519592285,0.1699143797159195,13.3902,False,False
4455,3,25.0,-25.0,11.676740646362305,-25.67441177368164,0.1699310839176178,13.3403,False,False
4456,3,25.0,-25.0,11.72659969329834,-25.671886444091797,0.16996635496616364,13.2904,False,False
4457,3,25.0,-25.0,11.776458740234375,-25.669363021850586,0.17001833021640778,13.2405,False,False
4458,3,25.0,-25.0,11.826316833496094,-25.666839599609375,0.17008532583713531,13.1905,False,False
4459,3,25.0,-25.0,11.876175880432129,-25.664316177368164,0.17016585171222687,13.1406,False,False
4460,3,25.0,-25.0,11.926034927368164,-25.661792755126953,0.1701997071504593,13.0907,False,False
4461,3,25.0,-25.0,11.9758939743042,-25.659269332885742,0.17019160091876984,13.0408,False,False
4462,3,25.0,-25.0,12.025753021240234,-25.65674591064453,0.17014572024345398,12.9909,False,False
4463,3,25.0,-25.0,12.07561206817627,-25.65422248840332,0.1701246201992035,12.9409,False,False
4464,3,25.0,-25.0,12.125471115112305,-25.65169906616211,0.1701258420944214,12.891,False,False
4465,3,25.0,-25.0,12.17533016204834,-25.6491756439209,0.1701471209526062,12.8411,False,False
4466,3,25.0,-25.0,12.225189208984375,-25.646650314331055,0.17018644511699677,12.7912,False,False
4467,3,25.0,-25.0,12.27504825592041,-25.644126892089844,0.1701832264661789,12.7412,False,False
4468,3,25.0,-25.0,12.324907302856445,-25.641603469848633,0.17014169692993164,12.6913,False,False
4469,3,25.0,-25.0,12.37476634979248,-25.639080047607422,0.17012450098991394,12.6414,False,False
4470,3,25.0,-25.0,12.424625396728516,-25.63655662536621,0.1701291799545288,12.5915,False,False
4471,3,25.0,-25.0,12.47448444366455,-25.634033203125,0.17015355825424194,12.5416,False,False
4472,3,25.0,-25.0,12.524343490600586,-25.63150978088379,0.17013683915138245,12.4916,False,False
4473,3,25.0,-25.0,12.574202537536621,-25.628984451293945,0.17014193534851074,12.4417,False,False
4474,3,25.0,-25.0,12.624061584472656,-25.626461029052734,0.1701078712940216,12.3918,False,False
4475,3,25.0,-25.0,12.673920631408691,-25.623937606811523,0.17009736597537994,12.3419,False,False
4476,3,25.0,-25.0,12.723779678344727,-25.621414184570312,0.17010802030563354,12.2919,False,False
4477,3,25.0,-25.0,12.773638725280762,-25.6188907623291,0.17013774812221527,12.242,False,False
4478,3,25.0,-25.0,12.823497772216797,-25.61636734008789,0.1701258271932602,12.1921,False,False
4479,3,25.0,-25.0,12.873356819152832,-25.613842010498047,0.1700764149427414,12.1422,False,False
4480,3,25.0,-25.0,12.923215866088867,-25.611318588256836,0.17005205154418945,12.0922,False,False
4481,3,25.0,-25.0,12.973074913024902,-25.608795166015625,0.170050248503685,12.0423,False,False
4482,3,25.0,-25.0,13.022933959960938,-25.606271743774414,0.17006872594356537,11.9924,False,False
4483,3,25.0,-25.0,13.072793006896973,-25.603748321533203,0.170105442404747,11.9425,False,False
4484,3,25.0,-25.0,13.122652053833008,-25.601224899291992,0.17015857994556427,11.8926,False,False
4485,3,25.0,-25.0,13.172511100769043,-25.59869956970215,0.1701676845550537,11.8426,False,False
4486,3,25.0,-25.0,13.222370147705078,-25.596176147460938,0.1701371669769287,11.7927,False,False
4487,3,25.0,-25.0,13.27223014831543,-25.593652725219727,0.17007097601890564,11.7428,False,False
4488,3,25.0,-25.0,13.322089195251465,-25.591129302978516,0.17003148794174194,11.6929,False,False
4489,3,25.0,-25.0,13.3719482421875,-25.588605880737305,0.17001603543758392,11.6429,False,False
4490,3,25.0,-25.0,13.421807289123535,-25.58608055114746,0.17002220451831818,11.593,False,False
4491,3,25.0,-25.0,13.47166633605957,-25.58355712890625,0.1700478047132492,11.5431,False,False
4492,3,25.0,-25.0,13.521525382995605,-25.58103370666504,0.17009089887142181,11.4932,False,False
4493,3,25.0,-25.0,13.57138442993164,-25.578510284423828,0.17014974355697632,11.4432,False,False
4494,3,25.0,-25.0,13.621243476867676,-25.575986862182617,0.17016394436359406,11.3933,False,False
4495,3,25.0,-25.0,13.671102523803711,-25.573461532592773,0.17007917165756226,11.3434,False,False
4496,3,25.0,-25.0,13.720962524414062,-25.570938110351562,0.17002293467521667,11.2935,False,False
4497,3,25.0,-25.0,13.770821571350098,-25.56841468811035,0.1699923574924469,11.2436,False,False
4498,3,25.0,-25.0,13.820680618286133,-25.56589126586914,0.1699848771095276,11.1936,False,False
4499,3,25.0,-25.0,13.870539665222168,-25.56336784362793,0.1699981838464737,11.1437,False,False
4500,3,25.0,-25.0,13.920398712158203,-25.560842514038086,0.17003017663955688,11.0938,False,False
4501,3,25.0,-25.0,13.970257759094238,-25.558319091796875,0.17007897794246674,11.0439,False,False
4502,3,25.0,-25.0,14.020116806030273,-25.555795669555664,0.17014291882514954,10.9939,False,False
4503,3,25.0,-25.0,14.069975852966309,-25.553272247314453,0.1701616793870926,10.944,False,False
4504,3,25.0,-25.0,14.11983585357666,-25.550748825073242,0.17008095979690552,10.8941,False,False
4505,3,25.0,-25.0,14.169694900512695,-25.5482234954834,0.16996954381465912,10.8442,False,False
4506,3,25.0,-25.0,14.21955394744873,-25.545700073242188,0.16988928616046906,10.7942,False,False
4507,3,25.0,-25.0,14.269412994384766,-25.543176651000977,0.16983705759048462,10.7443,False,False
4508,3,25.0,-25.0,14.3192720413208,-25.540653228759766,0.16981007158756256,10.6944,False,False
4509,3,25.0,-25.0,14.369132041931152,-25.538127899169922,0.16980576515197754,10.6445,False,False
4510,3,25.0,-25.0,14.418991088867188,-25.53560447692871,0.1698218733072281,10.5946,False,False
4511,3,25.0,-25.0,14.468850135803223,-25.5330810546875,0.16985635459423065,10.5446,False,False
4512,3,25.0,-25.0,14.518709182739258,-25.53055763244629,0.1699073612689972,10.4947,False,False
4513,3,25.0,-25.0,14.568568229675293,-25.528034210205078,0.1699732393026352,10.4448,False,False
4514,3,25.0,-25.0,14.618427276611328,-25.525508880615234,0.17005248367786407,10.3949,False,False
4515,3,25.0,-25.0,14.668286323547363,-25.522985458374023,0.17014376819133759,10.3449,False,False
4516,3,25.0,-25.0,14.718146324157715,-25.520462036132812,0.17012828588485718,10.295,False,False
4517,3,25.0,-25.0,14.76800537109375,-25.5179386138916,0.17001672089099884,10.2451,False,False
4518,3,25.0,-25.0,14.817864418029785,-25.515413284301758,0.16993626952171326,10.1952,False,False
4519,3,25.0,-25.0,14.86772346496582,-25.512889862060547,0.1698838472366333,10.1452,False,False
4520,3,25.0,-25.0,14.917583465576172,-25.510366439819336,0.16985662281513214,10.0953,False,False
4521,3,25.0,-25.0,14.967442512512207,-25.507843017578125,0.16985207796096802,10.0454,False,False
4522,3,25.0,-25.0,15.017285346984863,-25.505319595336914,0.16986791789531708,9.9955,False,False
4523,3,25.0,-25.0,15.067087173461914,-25.502798080444336,0.16990213096141815,9.9456,False,False
4524,3,25.0,-25.0,15.116828918457031,-25.500280380249023,0.16995283961296082,9.8958,False,False
4525,3,25.0,-25.0,15.166491508483887,-25.497766494750977,0.17001838982105255,9.8461,False,False
4526,3,25.0,-25.0,15.216056823730469,-25.495258331298828,0.17009732127189636,9.7965,False,False
4527,3,25.0,-25.0,15.265510559082031,-25.492753982543945,0.1701294481754303,9.747,False,False
4528,3,25.0,-25.0,15.314840316772461,-25.490257263183594,0.17006069421768188,9.6976,False,False
4529,3,25.0,-25.0,15.364031791687012,-25.48776626586914,0.1699599325656891,9.6483,False,False
4530,3,25.0,-25.0,15.41307544708252,-25.48528480529785,0.1698891669511795,9.5992,False,False
4531,3,25.0,-25.0,15.46196174621582,-25.48280906677246,0.16984538733959198,9.5503,False,False
4532,3,25.0,-25.0,15.51068115234375,-25.480342864990234,0.16982589662075043,9.5015,False,False
4533,3,25.0,-25.0,15.559226989746094,-25.477886199951172,0.16982825100421906,9.4529,False,False
4534,3,25.0,-25.0,15.60759162902832,-25.475439071655273,0.16985026001930237,9.4044,False,False
4535,3,25.0,-25.0,15.655769348144531,-25.472999572753906,0.16988994181156158,9.3562,False,False
4536,3,25.0,-25.0,15.703754425048828,-25.470569610595703,0.16994555294513702,9.3081,False,False
4537,3,25.0,-25.0,15.751543045043945,-25.468151092529297,0.17001545429229736,9.2603,False,False
4538,3,25.0,-25.0,15.7991304397583,-25.465742111206055,0.1700982302427292,9.2126,False,False
4539,3,25.0,-25.0,15.846513748168945,-25.46334457397461,0.17007499933242798,9.1652,False,False
4540,3,25.0,-25.0,15.893689155578613,-25.460956573486328,0.1700151562690735,9.118,False,False
4541,3,25.0,-25.0,15.940652847290039,-25.45857810974121,0.16998116672039032,9.0709,False,False
4542,3,25.0,-25.0,15.987404823303223,-25.45621109008789,0.16997043788433075,9.0241,False,False
4543,3,25.0,-25.0,16.0339412689209,-25.453855514526367,0.16998064517974854,8.9775,False,False
4544,3,25.0,-25.0,16.08026123046875,-25.45151138305664,0.17000968754291534,8.9312,False,False
4545,3,25.0,-25.0,16.126361846923828,-25.44917869567871,0.17005565762519836,8.885,False,False
4546,3,25.0,-25.0,16.172245025634766,-25.446855545043945,0.17005807161331177,8.8391,False,False
4547,3,25.0,-25.0,16.217906951904297,-25.444543838500977,0.17002128064632416,8.7933,False,False
4548,3,25.0,-25.0,16.263347625732422,-25.442243576049805,0.17000801861286163,8.7478,False,False
4549,3,25.0,-25.0,16.30856704711914,-25.43995475769043,0.17001591622829437,8.7026,False,False
4550,3,25.0,-25.0,16.353565216064453,-25.43767738342285,0.17004284262657166,8.6575,False,False
4551,3,25.0,-25.0,16.398340225219727,-25.435409545898438,0.17002812027931213,8.6127,False,False
4552,3,25.0,-25.0,16.44289207458496,-25.433155059814453,0.1699758917093277,8.5681,False,False
4553,3,25.0,-25.0,16.487224578857422,-25.430912017822266,0.16994869709014893,8.5237,False,False
4554,3,25.0,-25.0,16.53133201599121,-25.428678512573242,0.16994406282901764,8.4795,False,False
4555,3,25.0,-25.0,16.575218200683594,-25.426456451416016,0.16995969414710999,8.4356,False,False
4556,3,25.0,-25.0,16.61888313293457,-25.424245834350586,0.1699935644865036,8.3918,False,False
4557,3,25.0,-25.0,16.66232681274414,-25.422046661376953,0.17004385590553284,8.3483,False,False
4558,3,25.0,-25.0,16.705551147460938,-25.419858932495117,0.17005012929439545,8.3051,False,False
4559,3,25.0,-25.0,16.748554229736328,-25.417682647705078,0.17001676559448242,8.262,False,False
4560,3,25.0,-25.0,16.791336059570312,-25.415517807006836,0.16994774341583252,8.2192,False,False
4561,3,25.0,-25.0,16.833900451660156,-25.413362503051758,0.16990543901920319,8.1766,False,False
4562,3,25.0,-25.0,16.876245498657227,-25.411218643188477,0.16988715529441833,8.1342,False,False
4563,3,25.0,-25.0,16.91837501525879,-25.409086227416992,0.16989047825336456,8.092,False,False
4564,3,25.0,-25.0,16.960285186767578,-25.406965255737305,0.16991327702999115,8.05,False,False
4565,3,25.0,-25.0,17.00197982788086,-25.40485382080078,0.16995356976985931,8.0083,False,False
4566,3,25.0,-25.0,17.043458938598633,-25.402753829956055,0.17000959813594818,7.9667,False,False
4567,3,25.0,-25.0,17.08472442626953,-25.400665283203125,0.17002101242542267,7.9254,False,False
4568,3,25.0,-25.0,17.125776290893555,-25.398588180541992,0.16999225318431854,7.8843,False,False
4569,3,25.0,-25.0,17.166616439819336,-25.396520614624023,0.16998615860939026,7.8434,False,False
4570,3,25.0,-25.0,17.207242965698242,-25.39446449279785,0.17000044882297516,7.8027,False,False
4571,3,25.0,-25.0,17.24765968322754,-25.392417907714844,0.16997426748275757,7.7623,False,False
4572,3,25.0,-25.0,17.287866592407227,-25.390382766723633,0.16997046768665314,7.722,False,False
4573,3,25.0,-25.0,17.327863693237305,-25.388357162475586,0.16998682916164398,7.682,False,False
4574,3,25.0,-25.0,17.367652893066406,-25.386343002319336,0.17002131044864655,7.6421,False,False
4575,3,25.0,-25.0,17.407236099243164,-25.384340286254883,0.17001330852508545,7.6025,False,False
4576,3,25.0,-25.0,17.446611404418945,-25.382347106933594,0.16996705532073975,7.5631,False,False
4577,3,25.0,-25.0,17.485782623291016,-25.38036346435547,0.16994518041610718,7.5238,False,False
4578,3,25.0,-25.0,17.524749755859375,-25.37839126586914,0.16994526982307434,7.4848,False,False
4579,3,25.0,-25.0,17.563512802124023,-25.376428604125977,0.16996508836746216,7.446,False,False
4580,3,25.0,-25.0,17.602075576782227,-25.37447738647461,0.17000266909599304,7.4074,False,False
4581,3,25.0,-25.0,17.64043426513672,-25.372535705566406,0.169997438788414,7.369,False,False
4582,3,25.0,-25.0,17.6785945892334,-25.370603561401367,0.16995367407798767,7.3308,False,False
4583,3,25.0,-25.0,17.716556549072266,-25.368682861328125,0.16993403434753418,7.2928,False,False
4584,3,25.0,-25.0,17.754318237304688,-25.366769790649414,0.16993610560894012,7.255,False,False
4585,3,25.0,-25.0,17.79188346862793,-25.364870071411133,0.1699577122926712,7.2173,False,False
4586,3,25.0,-25.0,17.829252243041992,-25.362977981567383,0.16999687254428864,7.1799,False,False
4587,3,25.0,-25.0,17.866426467895508,-25.361095428466797,0.169993057847023,7.1427,False,False
4588,3,25.0,-25.0,17.903406143188477,-25.359224319458008,0.16995055973529816,7.1057,False,False
4589,3,25.0,-25.0,17.94019317626953,-25.35736083984375,0.1699320524930954,7.0688,False,False
4590,3,25.0,-25.0,17.97678565979004,-25.35550880432129,0.16993512213230133,7.0322,False,False
4591,3,25.0,-25.0,18.0131893157959,-25.353666305541992,0.16995760798454285,6.9958,False,False
4592,3,25.0,-25.0,18.049400329589844,-25.35183334350586,0.16999757289886475,6.9595,False,False
4593,3,25.0,-25.0,18.085424423217773,-25.35000991821289,0.16999445855617523,6.9234,False,False
4594,3,25.0,-25.0,18.121257781982422,-25.348196029663086,0.16995257139205933,6.8875,False,False
4595,3,25.0,-25.0,18.156904220581055,-25.346391677856445,0.16993461549282074,6.8519,False,False
4596,3,25.0,-25.0,18.192365646362305,-25.34459686279297,0.16993816196918488,6.8164,False,False
4597,3,25.0,-25.0,18.22764015197754,-25.342811584472656,0.16996106505393982,6.781,False,False
4598,3,25.0,-25.0,18.26272964477539,-25.341035842895508,0.17000140249729156,6.7459,False,False
4599,3,25.0,-25.0,18.297636032104492,-25.33926773071289,0.16999860107898712,6.7109,False,False
4600,3,25.0,-25.0,18.332361221313477,-25.33751106262207,0.1699569970369339,6.6762,False,False
4601,3,25.0,-25.0,18.36690330505371,-25.33576202392578,0.16993927955627441,6.6416,False,False
4602,3,25.0,-25.0,18.401264190673828,-25.334022521972656,0.16994303464889526,6.6072,False,False
4603,3,25.0,-25.0,18.43544578552246,-25.332292556762695,0.16996611654758453,6.573,False,False
4604,3,25.0,-25.0,18.46944808959961,-25.330570220947266,0.17000658810138702,6.5389,False,False
4605,3,25.0,-25.0,18.503273010253906,-25.328859329223633,0.17000392079353333,6.505,False,False
4606,3,25.0,-25.0,18.53692054748535,-25.32715606689453,0.16996242105960846,6.4714,False,False
4607,3,25.0,-25.0,18.570392608642578,-25.32546043395996,0.16994477808475494,6.4378,False,False
4608,3,25.0,-25.0,18.603687286376953,-25.323776245117188,0.16994860768318176,6.4045,False,False
4609,3,25.0,-25.0,18.636810302734375,-25.322099685668945,0.16997173428535461,6.3713,False,False
4610,3,25.0,-25.0,18.669757843017578,-25.320430755615234,0.16995345056056976,6.3383,False,False
4611,3,25.0,-25.0,18.702533721923828,-25.318771362304688,0.16995669901371002,6.3055,False,False
4612,3,25.0,-25.0,18.735137939453125,-25.317121505737305,0.1699793040752411,6.2729,False,False
4613,3,25.0,-25.0,18.7675724029541,-25.315479278564453,0.16996054351329803,6.2404,False,False
4614,3,25.0,-25.0,18.799835205078125,-25.313846588134766,0.16996334493160248,6.2081,False,False
4615,3,25.0,-25.0,18.83193016052246,-25.31222152709961,0.1699855625629425,6.176,False,False
4616,3,25.0,-25.0,18.86385726928711,-25.310606002807617,0.1699664443731308,6.144,False,False
4617,3,25.0,-25.0,18.89561653137207,-25.308998107910156,0.16991013288497925,6.1122,False,False
4618,3,25.0,-25.0,18.927209854125977,-25.30739974975586,0.16987913846969604,6.0806,False,False
4619,3,25.0,-25.0,18.958637237548828,-25.305809020996094,0.16987092792987823,6.0491,False,False
4620,3,25.0,-25.0,18.989900588989258,-25.30422592163086,0.16988322138786316,6.0178,False,False
4621,3,25.0,-25.0,19.020999908447266,-25.302650451660156,0.16991397738456726,5.9867,False,False
4622,3,25.0,-25.0,19.051937103271484,-25.301084518432617,0.16996131837368011,5.9557,False,False
4623,3,25.0,-25.0,19.082712173461914,-25.299528121948242,0.16996482014656067,5.9249,False,False
4624,3,25.0,-25.0,19.113325119018555,-25.297977447509766,0.16992883384227753,5.8942,False,False
4625,3,25.0,-25.0,19.14377784729004,-25.296436309814453,0.16991613805294037,5.8637,False,False
4626,3,25.0,-25.0,19.174070358276367,-25.294902801513672,0.16992437839508057,5.8334,False,False
4627,3,25.0,-25.0,19.204206466674805,-25.293376922607422,0.16995146870613098,5.8032,False,False
4628,3,25.0,-25.0,19.234182357788086,-25.291860580444336,0.1699955314397812,5.7732,False,False
4629,3,25.0,-25.0,19.26400375366211,-25.29034996032715,0.16999605298042297,5.7433,False,False
4630,3,25.0,-25.0,19.29366683959961,-25.288848876953125,0.16995739936828613,5.7136,False,False
4631,3,25.0,-25.0,19.32317543029785,-25.287355422973633,0.16988348960876465,5.6841,False,False
4632,3,25.0,-25.0,19.352529525756836,-25.285869598388672,0.1698366403579712,5.6547,False,False
4633,3,25.0,-25.0,19.381729125976562,-25.284391403198242,0.16981413960456848,5.6255,False,False
4634,3,25.0,-25.0,19.410776138305664,-25.282920837402344,0.16981357336044312,5.5964,False,False
4635,3,25.0,-25.0,19.43967056274414,-25.281457901000977,0.1698327213525772,5.5674,False,False
4636,3,25.0,-25.0,19.468414306640625,-25.28000259399414,0.16986961662769318,5.5387,False,False
4637,3,25.0,-25.0,19.497007369995117,-25.27855682373047,0.16992248594760895,5.51,False,False
4638,3,25.0,-25.0,19.52545166015625,-25.277116775512695,0.16998973488807678,5.4816,False,False
4639,3,25.0,-25.0,19.55374526977539,-25.275684356689453,0.17001111805438995,5.4532,False,False
4640,3,25.0,-25.0,19.581892013549805,-25.274259567260742,0.16999121010303497,5.425,False,False
4641,3,25.0,-25.0,19.60988998413086,-25.272842407226562,0.16993416845798492,5.397,False,False
4642,3,25.0,-25.0,19.637741088867188,-25.271432876586914,0.1699024885892868,5.3691,False,False
4643,3,25.0,-25.0,19.665447235107422,-25.270029067993164,0.16989363729953766,5.3414,False,False
4644,3,25.0,-25.0,19.693008422851562,-25.268634796142578,0.16990533471107483,5.3138,False,False
4645,3,25.0,-25.0,19.72042465209961,-25.26724624633789,0.16993552446365356,5.2863,False,False
4646,3,25.0,-25.0,19.747697830200195,-25.265865325927734,0.16998234391212463,5.259,False,False
4647,3,25.0,-25.0,19.77482795715332,-25.26449203491211,0.1699853390455246,5.2319,False,False
4648,3,25.0,-25.0,19.801815032958984,-25.263126373291016,0.16994889080524445,5.2048,False,False
4649,3,25.0,-25.0,19.828662872314453,-25.261768341064453,0.16987694799900055,5.178,False,False
4650,3,25.0,-25.0,19.85536766052246,-25.26041603088379,0.16983184218406677,5.1512,False,False
4651,3,25.0,-25.0,19.881933212280273,-25.259071350097656,0.1698109209537506,5.1246,False,False
4652,3,25.0,-25.0,19.90835952758789,-25.257734298706055,0.16981174051761627,5.0982,False,False
4653,3,25.0,-25.0,19.934648513793945,-25.25640296936035,0.16983212530612946,5.0718,False,False
4654,3,25.0,-25.0,19.960798263549805,-25.25507926940918,0.16987010836601257,5.0457,False,False
4655,3,25.0,-25.0,19.986812591552734,-25.253761291503906,0.16992396116256714,5.0196,False,False
4656,3,25.0,-25.0,20.0126895904541,-25.252452850341797,0.16999205946922302,4.9937,False,False
4657,3,25.0,-25.0,20.03843116760254,-25.251150131225586,0.17001420259475708,4.9679,False,False
4658,3,25.0,-25.0,20.064037322998047,-25.249853134155273,0.1699361801147461,4.9423,False,False
4659,3,25.0,-25.0,20.089509963989258,-25.248563766479492,0.16988560557365417,4.9168,False,False
4660,3,25.0,-25.0,20.114849090576172,-25.24728012084961,0.16985975205898285,4.8914,False,False
4661,3,25.0,-25.0,20.140056610107422,-25.24600601196289,0.16985611617565155,4.8662,False,False
4662,3,25.0,-25.0,20.165130615234375,-25.244735717773438,0.1698724925518036,4.8411,False,False
4663,3,25.0,-25.0,20.190073013305664,-25.243473052978516,0.1699068695306778,4.8161,False,False
4664,3,25.0,-25.0,20.214885711669922,-25.242218017578125,0.1699574589729309,4.7912,False,False
4665,3,25.0,-25.0,20.239566802978516,-25.240968704223633,0.16996382176876068,4.7665,False,False
4666,3,25.0,-25.0,20.26412010192871,-25.23972511291504,0.16993039846420288,4.7419,False,False
4667,3,25.0,-25.0,20.288543701171875,-25.238489151000977,0.169919952750206,4.7175,False,False
4668,3,25.0,-25.0,20.31283950805664,-25.237258911132812,0.16993020474910736,4.6932,False,False
4669,3,25.0,-25.0,20.33700942993164,-25.23603630065918,0.16995906829833984,4.669,False,False
4670,3,25.0,-25.0,20.361051559448242,-25.234817504882812,0.1699458807706833,4.6449,False,False
4671,3,25.0,-25.0,20.384967803955078,-25.23360824584961,0.16989485919475555,4.6209,False,False
4672,3,25.0,-25.0,20.40875816345215,-25.232402801513672,0.1698685884475708,4.5971,False,False
4673,3,25.0,-25.0,20.432424545288086,-25.231204986572266,0.16986456513404846,4.5734,False,False
4674,3,25.0,-25.0,20.45596694946289,-25.230012893676758,0.16988058388233185,4.5499,False,False
4675,3,25.0,-25.0,20.479385375976562,-25.22882843017578,0.16991464793682098,4.5264,False,False
4676,3,25.0,-25.0,20.502681732177734,-25.227649688720703,0.16996493935585022,4.5031,False,False
4677,3,25.0,-25.0,20.525856018066406,-25.226476669311523,0.1699710339307785,4.4799,False,False
4678,3,25.0,-25.0,20.548908233642578,-25.225309371948242,0.1699373424053192,4.4568,False,False
4679,3,25.0,-25.0,20.571840286254883,-25.22414779663086,0.16992667317390442,4.4338,False,False
4680,3,25.0,-25.0,20.59465217590332,-25.222993850708008,0.16993671655654907,4.411,False,False
4681,3,25.0,-25.0,20.61734390258789,-25.221845626831055,0.16990657150745392,4.3883,False,False
4682,3,25.0,-25.0,20.639917373657227,-25.220703125,0.1698990762233734,4.3657,False,False
4683,3,25.0,-25.0,20.662372589111328,-25.219566345214844,0.1699119657278061,4.3432,False,False
4684,3,25.0,-25.0,20.684709548950195,-25.218435287475586,0.1699431985616684,4.3208,False,False
4685,3,25.0,-25.0,20.706928253173828,-25.217309951782227,0.16993214190006256,4.2986,False,False
4686,3,25.0,-25.0,20.729032516479492,-25.216190338134766,0.16994182765483856,4.2764,False,False
4687,3,25.0,-25.0,20.751020431518555,-25.215078353881836,0.16991136968135834,4.2544,False,False
4688,3,25.0,-25.0,20.77289390563965,-25.213970184326172,0.16990359127521515,4.2325,False,False
4689,3,25.0,-25.0,20.79465103149414,-25.21286964416504,0.16991621255874634,4.2107,False,False
4690,3,25.0,-25.0,20.816295623779297,-25.211774826049805,0.16994720697402954,4.1891,False,False
4691,3,25.0,-25.0,20.837825775146484,-25.210683822631836,0.169935941696167,4.1675,False,False
4692,3,25.0,-25.0,20.859243392944336,-25.2096004486084,0.16988661885261536,4.1461,False,False
4693,3,25.0,-25.0,20.88054847717285,-25.208520889282227,0.16986186802387238,4.1247,False,False
4694,3,25.0,-25.0,20.90174102783203,-25.207448959350586,0.16985923051834106,4.1035,False,False
4695,3,25.0,-25.0,20.92282485961914,-25.20638084411621,0.16987647116184235,4.0824,False,False
4696,3,25.0,-25.0,20.943796157836914,-25.205320358276367,0.16991160809993744,4.0614,False,False
4697,3,25.0,-25.0,20.964658737182617,-25.20426368713379,0.16996286809444427,4.0405,False,False
4698,3,25.0,-25.0,20.985410690307617,-25.20321273803711,0.1699698269367218,4.0197,False,False
4699,3,25.0,-25.0,21.00605583190918,-25.20216941833496,0.1699369102716446,3.9991,False,False
4700,3,25.0,-25.0,21.026592254638672,-25.201129913330078,0.1698681116104126,3.9785,False,False
4701,3,25.0,-25.0,21.047019958496094,-25.20009422302246,0.16982582211494446,3.958,False,False
4702,3,25.0,-25.0,21.067340850830078,-25.199066162109375,0.16980738937854767,3.9377,False,False
4703,3,25.0,-25.0,21.087554931640625,-25.198043823242188,0.1698104292154312,3.9175,False,False
4704,3,25.0,-25.0,21.107664108276367,-25.197025299072266,0.16983279585838318,3.8973,False,False
4705,3,25.0,-25.0,21.127666473388672,-25.196012496948242,0.16987253725528717,3.8773,False,False
4706,3,25.0,-25.0,21.147565841674805,-25.195005416870117,0.1699279248714447,3.8574,False,False
4707,3,25.0,-25.0,21.167360305786133,-25.19400405883789,0.1699974089860916,3.8375,False,False
4708,3,25.0,-25.0,21.187049865722656,-25.19300651550293,0.16996195912361145,3.8178,False,False
4709,3,25.0,-25.0,21.206636428833008,-25.192014694213867,0.1698908805847168,3.7982,False,False
4710,3,25.0,-25.0,21.22612190246582,-25.191028594970703,0.1698465347290039,3.7787,False,False
4711,3,25.0,-25.0,21.24550437927246,-25.190048217773438,0.16982623934745789,3.7593,False,False
4712,3,25.0,-25.0,21.264785766601562,-25.189071655273438,0.16982761025428772,3.74,False,False
4713,3,25.0,-25.0,21.283964157104492,-25.188100814819336,0.16984844207763672,3.7208,False,False
4714,3,25.0,-25.0,21.303043365478516,-25.187135696411133,0.16988682746887207,3.7017,False,False
4715,3,25.0,-25.0,21.322023391723633,-25.186174392700195,0.1699409931898117,3.6827,False,False
4716,3,25.0,-25.0,21.34090232849121,-25.185218811035156,0.16995054483413696,3.6638,False,False
4717,3,25.0,-25.0,21.359682083129883,-25.184268951416016,0.16991998255252838,3.645,False,False
4718,3,25.0,-25.0,21.37836456298828,-25.18332290649414,0.16991208493709564,3.6263,False,False
4719,3,25.0,-25.0,21.396949768066406,-25.182382583618164,0.16992460191249847,3.6077,False,False
4720,3,25.0,-25.0,21.415435791015625,-25.181446075439453,0.16995547711849213,3.5892,False,False
4721,3,25.0,-25.0,21.433826446533203,-25.18051528930664,0.16994409263134003,3.5707,False,False
4722,3,25.0,-25.0,21.452119827270508,-25.179588317871094,0.16989466547966003,3.5524,False,False
4723,3,25.0,-25.0,21.470317840576172,-25.178667068481445,0.1698698103427887,3.5342,False,False
4724,3,25.0,-25.0,21.488420486450195,-25.177751541137695,0.16986705362796783,3.5161,False,False
4725,3,25.0,-25.0,21.506427764892578,-25.17683982849121,0.16988418996334076,3.498,False,False
4726,3,25.0,-25.0,21.52433967590332,-25.175933837890625,0.1699192225933075,3.4801,False,False
4727,3,25.0,-25.0,21.542158126831055,-25.175031661987305,0.16997037827968597,3.4623,False,False
4728,3,25.0,-25.0,21.559885025024414,-25.17413330078125,0.16997721791267395,3.4445,False,False
4729,3,25.0,-25.0,21.577516555786133,-25.173240661621094,0.16994421184062958,3.4269,False,False
4730,3,25.0,-25.0,21.595056533813477,-25.172353744506836,0.16987530887126923,3.4093,False,False
4731,3,25.0,-25.0,21.612504959106445,-25.171470642089844,0.16983292996883392,3.3918,False,False
4732,3,25.0,-25.0,21.62986183166504,-25.170591354370117,0.16981439292430878,3.3745,False,False
4733,3,25.0,-25.0,21.64712905883789,-25.16971778869629,0.16981732845306396,3.3572,False,False
4734,3,25.0,-25.0,21.664302825927734,-25.168848037719727,0.16983959078788757,3.34,False,False
4735,3,25.0,-25.0,21.68138885498047,-25.167984008789062,0.1698792278766632,3.3229,False,False
4736,3,25.0,-25.0,21.69838523864746,-25.167123794555664,0.16993452608585358,3.3058,False,False
4737,3,25.0,-25.0,21.71529197692871,-25.16626739501953,0.1699451059103012,3.2889,False,False
4738,3,25.0,-25.0,21.73210906982422,-25.165416717529297,0.16991543769836426,3.2721,False,False
4739,3,25.0,-25.0,21.748838424682617,-25.164569854736328,0.16990835964679718,3.2553,False,False
4740,3,25.0,-25.0,21.765480041503906,-25.163726806640625,0.1699216067790985,3.2387,False,False
4741,3,25.0,-25.0,21.78203582763672,-25.16288948059082,0.1699531376361847,3.2221,False,False
4742,3,25.0,-25.0,21.798503875732422,-25.16205596923828,0.16994231939315796,3.2056,False,False
4743,3,25.0,-25.0,21.81488609313965,-25.161226272583008,0.16989341378211975,3.1892,False,False
4744,3,25.0,-25.0,21.831180572509766,-25.160402297973633,0.16986902058124542,3.1729,False,False
4745,3,25.0,-25.0,21.84739112854004,-25.15958023071289,0.1698666661977768,3.1566,False,False
4746,3,25.0,-25.0,21.863515853881836,-25.158763885498047,0.16988417506217957,3.1405,False,False
4747,3,25.0,-25.0,21.87955665588379,-25.1579532623291,0.16991953551769257,3.1244,False,False
4748,3,25.0,-25.0,21.8955135345459,-25.15714454650879,0.16997097432613373,3.1085,False,False
4749,3,25.0,-25.0,21.911386489868164,-25.156341552734375,0.169978067278862,3.0926,False,False
4750,3,25.0,-25.0,21.92717742919922,-25.155542373657227,0.16994526982307434,3.0768,False,False
4751,3,25.0,-25.0,21.94288444519043,-25.154747009277344,0.1698765754699707,3.061,False,False
4752,3,25.0,-25.0,21.958507537841797,-25.153955459594727,0.16983436048030853,3.0454,False,False
4753,3,25.0,-25.0,21.974050521850586,-25.153169631958008,0.16981597244739532,3.0298,False,False
4754,3,25.0,-25.0,21.989511489868164,-25.152387619018555,0.16981904208660126,3.0143,False,False
4755,3,25.0,-25.0,22.004892349243164,-25.151607513427734,0.16984140872955322,2.9989,False,False
4756,3,25.0,-25.0,22.020191192626953,-25.150833129882812,0.1698811650276184,2.9836,False,False
4757,3,25.0,-25.0,22.035411834716797,-25.150062561035156,0.16993653774261475,2.9684,False,False
4758,3,25.0,-25.0,22.05055046081543,-25.1492977142334,0.16994719207286835,2.9532,False,False
4759,3,25.0,-25.0,22.065610885620117,-25.148534774780273,0.16991758346557617,2.9381,False,False
4760,3,25.0,-25.0,22.080591201782227,-25.147775650024414,0.16991055011749268,2.9231,False,False
4761,3,25.0,-25.0,22.095495223999023,-25.147022247314453,0.1699238270521164,2.9082,False,False
4762,3,25.0,-25.0,22.110319137573242,-25.146272659301758,0.16989660263061523,2.8934,False,False
4763,3,25.0,-25.0,22.125064849853516,-25.145524978637695,0.16989170014858246,2.8786,False,False
4764,3,25.0,-25.0,22.139734268188477,-25.14478302001953,0.16990689933300018,2.8639,False,False
4765,3,25.0,-25.0,22.154327392578125,-25.144044876098633,0.16994018852710724,2.8493,False,False
4766,3,25.0,-25.0,22.16884422302246,-25.143308639526367,0.16993096470832825,2.8348,False,False
4767,3,25.0,-25.0,22.18328285217285,-25.142578125,0.16988347470760345,2.8203,False,False
4768,3,25.0,-25.0,22.197647094726562,-25.1418514251709,0.1698603332042694,2.8059,False,False
4769,3,25.0,-25.0,22.211936950683594,-25.141128540039062,0.1698591262102127,2.7916,False,False
4770,3,25.0,-25.0,22.226150512695312,-25.14040756225586,0.16987764835357666,2.7774,False,False
4771,3,25.0,-25.0,22.24028968811035,-25.139692306518555,0.16991393268108368,2.7632,False,False
4772,3,25.0,-25.0,22.25435447692871,-25.138980865478516,0.1699661910533905,2.7492,False,False
4773,3,25.0,-25.0,22.268346786499023,-25.138273239135742,0.16997402906417847,2.7352,False,False
4774,3,25.0,-25.0,22.282264709472656,-25.1375675201416,0.16994190216064453,2.7212,False,False
4775,3,25.0,-25.0,22.29610824584961,-25.13686752319336,0.16987378895282745,2.7074,False,False
4776,3,25.0,-25.0,22.30988121032715,-25.13616943359375,0.16983209550380707,2.6936,False,False
4777,3,25.0,-25.0,22.32358169555664,-25.13547706604004,0.16981418430805206,2.6798,False,False
4778,3,25.0,-25.0,22.337209701538086,-25.13478660583496,0.16981767117977142,2.6662,False,False
4779,3,25.0,-25.0,22.350767135620117,-25.13409996032715,0.16984041035175323,2.6526,False,False
4780,3,25.0,-25.0,22.3642520904541,-25.1334171295166,0.16988049447536469,2.6391,False,False
4781,3,25.0,-25.0,22.377668380737305,-25.13273811340332,0.1699361652135849,2.6257,False,False
4782,3,25.0,-25.0,22.39101219177246,-25.132062911987305,0.1699470728635788,2.6123,False,False
4783,3,25.0,-25.0,22.404287338256836,-25.131391525268555,0.16991770267486572,2.599,False,False
4784,3,25.0,-25.0,22.417491912841797,-25.130722045898438,0.16985207796096802,2.5858,False,False
4785,3,25.0,-25.0,22.430627822875977,-25.13005828857422,0.1698126345872879,2.5727,False,False
4786,3,25.0,-25.0,22.443695068359375,-25.129396438598633,0.16979673504829407,2.5596,False,False
4787,3,25.0,-25.0,22.456693649291992,-25.128738403320312,0.16980203986167908,2.5466,False,False
4788,3,25.0,-25.0,22.46962547302246,-25.128084182739258,0.16982640326023102,2.5336,False,False
4789,3,25.0,-25.0,22.482486724853516,-25.12743377685547,0.16986794769763947,2.5207,False,False
4790,3,25.0,-25.0,22.495281219482422,-25.126785278320312,0.16992494463920593,2.5079,False,False
4791,3,25.0,-25.0,22.508010864257812,-25.126140594482422,0.16993704438209534,2.4952,False,False
4792,3,25.0,-25.0,22.520671844482422,-25.125499725341797,0.16990874707698822,2.4825,False,False
4793,3,25.0,-25.0,22.533266067504883,-25.124862670898438,0.16990287601947784,2.4699,False,False
4794,3,25.0,-25.0,22.545795440673828,-25.124229431152344,0.16991721093654633,2.4573,False,False
4795,3,25.0,-25.0,22.558258056640625,-25.123598098754883,0.16989091038703918,2.4449,False,False
4796,3,25.0,-25.0,22.570655822753906,-25.122970581054688,0.16988685727119446,2.4325,False,False
4797,3,25.0,-25.0,22.582988739013672,-25.122344970703125,0.16990280151367188,2.4201,False,False
4798,3,25.0,-25.0,22.595256805419922,-25.12172508239746,0.16993676126003265,2.4078,False,False
4799,3,25.0,-25.0,22.607460021972656,-25.12110710144043,0.16992813348770142,2.3956,False,False
4800,3,25.0,-25.0,22.619600296020508,-25.120492935180664,0.1698811799287796,2.3834,False,False
4801,3,25.0,-25.0,22.631675720214844,-25.11988067626953,0.16985853016376495,2.3714,False,False
4802,3,25.0,-25.0,22.643688201904297,-25.119274139404297,0.16985775530338287,2.3593,False,False
4803,3,25.0,-25.0,22.655637741088867,-25.118667602539062,0.16987664997577667,2.3474,False,False
4804,3,25.0,-25.0,22.667524337768555,-25.118066787719727,0.16991327702999115,2.3355,False,False
4805,3,25.0,-25.0,22.679349899291992,-25.117467880249023,0.16996583342552185,2.3236,False,False
4806,3,25.0,-25.0,22.691112518310547,-25.116872787475586,0.1699739396572113,2.3118,False,False
4807,3,25.0,-25.0,22.70281219482422,-25.11627960205078,0.16988325119018555,2.3001,False,False
4808,3,25.0,-25.0,22.714452743530273,-25.115692138671875,0.16982123255729675,2.2885,False,False
4809,3,25.0,-25.0,22.726030349731445,-25.11510467529297,0.1697850227355957,2.2769,False,False
4810,3,25.0,-25.0,22.737548828125,-25.11452293395996,0.16977204382419586,2.2653,False,False
4811,3,25.0,-25.0,22.749006271362305,-25.113943099975586,0.169779971241951,2.2539,False,False
4812,3,25.0,-25.0,22.76040267944336,-25.113365173339844,0.16980668902397156,2.2425,False,False
4813,3,25.0,-25.0,22.77174186706543,-25.112791061401367,0.16985034942626953,2.2311,False,False
4814,3,25.0,-25.0,22.783018112182617,-25.112220764160156,0.1699092537164688,2.2198,False,False
4815,3,25.0,-25.0,22.79423713684082,-25.111652374267578,0.16998185217380524,2.2086,False,False
4816,3,25.0,-25.0,22.805397033691406,-25.111087799072266,0.16994920372962952,2.1974,False,False
4817,3,25.0,-25.0,22.816499710083008,-25.110525131225586,0.16988062858581543,2.1863,False,False
4818,3,25.0,-25.0,22.827543258666992,-25.109966278076172,0.16983851790428162,2.1752,False,False
4819,3,25.0,-25.0,22.83852767944336,-25.109411239624023,0.16982021927833557,2.1642,False,False
4820,3,25.0,-25.0,22.849456787109375,-25.108858108520508,0.16982336342334747,2.1533,False,False
4821,3,25.0,-25.0,22.860326766967773,-25.108306884765625,0.1698457896709442,2.1424,False,False
4822,3,25.0,-25.0,22.871139526367188,-25.107759475708008,0.1698855757713318,2.1316,False,False
4823,3,25.0,-25.0,22.88189697265625,-25.107215881347656,0.1699409782886505,2.1208,False,False
4824,3,25.0,-25.0,22.892597198486328,-25.106674194335938,0.1699516624212265,2.1101,False,False
4825,3,25.0,-25.0,22.903240203857422,-25.10613441467285,0.16992206871509552,2.0994,False,False
4826,3,25.0,-25.0,22.913829803466797,-25.10559844970703,0.1698562502861023,2.0888,False,False
4827,3,25.0,-25.0,22.924362182617188,-25.105066299438477,0.16981661319732666,2.0783,False,False
4828,3,25.0,-25.0,22.934839248657227,-25.104536056518555,0.1698005348443985,2.0678,False,False
4829,3,25.0,-25.0,22.945262908935547,-25.104007720947266,0.16980567574501038,2.0574,False,False
4830,3,25.0,-25.0,22.955629348754883,-25.103483200073242,0.16982990503311157,2.047,False,False
4831,3,25.0,-25.0,22.965944290161133,-25.10296058654785,0.16987131536006927,2.0367,False,False
4832,3,25.0,-25.0,22.9762020111084,-25.102441787719727,0.1699281930923462,2.0264,False,False
4833,3,25.0,-25.0,22.986408233642578,-25.101924896240234,0.16994017362594604,2.0162,False,False
4834,3,25.0,-25.0,22.99656105041504,-25.101411819458008,0.16991177201271057,2.006,False,False
4835,3,25.0,-25.0,23.00665855407715,-25.100900650024414,0.16990581154823303,1.9959,False,False
4836,3,25.0,-25.0,23.016704559326172,-25.100391387939453,0.16992004215717316,1.9858,False,False
4837,3,25.0,-25.0,23.02669906616211,-25.099885940551758,0.16989366710186005,1.9758,False,False
4838,3,25.0,-25.0,23.036638259887695,-25.099382400512695,0.16988952457904816,1.9659,False,False
4839,3,25.0,-25.0,23.046527862548828,-25.0988826751709,0.1699054092168808,1.956,False,False
4840,3,25.0,-25.0,23.056364059448242,-25.098384857177734,0.1699392944574356,1.9461,False,False
4841,3,25.0,-25.0,23.06614875793457,-25.097888946533203,0.1699306070804596,1.9363,False,False
4842,3,25.0,-25.0,23.075883865356445,-25.097396850585938,0.169883593916893,1.9266,False,False
4843,3,25.0,-25.0,23.0855655670166,-25.096906661987305,0.1698608696460724,1.9169,False,False
4844,3,25.0,-25.0,23.095197677612305,-25.096418380737305,0.16986003518104553,1.9072,False,False
4845,3,25.0,-25.0,23.104780197143555,-25.09593391418457,0.16987888514995575,1.8976,False,False
4846,3,25.0,-25.0,23.11431121826172,-25.09545135498047,0.16991545259952545,1.8881,False,False
4847,3,25.0,-25.0,23.12379264831543,-25.094970703125,0.16990916430950165,1.8786,False,False
4848,3,25.0,-25.0,23.133222579956055,-25.094493865966797,0.1699231117963791,1.8692,False,False
4849,3,25.0,-25.0,23.14260482788086,-25.094018936157227,0.1698964685201645,1.8598,False,False
4850,3,25.0,-25.0,23.15193748474121,-25.09354591369629,0.1698920875787735,1.8504,False,False
4851,3,25.0,-25.0,23.161222457885742,-25.093076705932617,0.16990776360034943,1.8411,False,False
4852,3,25.0,-25.0,23.17045783996582,-25.092609405517578,0.16994145512580872,1.8319,False,False
4853,3,25.0,-25.0,23.179643630981445,-25.092144012451172,0.16993258893489838,1.8227,False,False
4854,3,25.0,-25.0,23.18878173828125,-25.0916805267334,0.16988541185855865,1.8135,False,False
4855,3,25.0,-25.0,23.197872161865234,-25.09122085571289,0.1698625683784485,1.8044,False,False
4856,3,25.0,-25.0,23.2069149017334,-25.090763092041016,0.1698615998029709,1.7954,False,False
4857,3,25.0,-25.0,23.215911865234375,-25.090307235717773,0.16988033056259155,1.7864,False,False
4858,3,25.0,-25.0,23.2248592376709,-25.089855194091797,0.1699167937040329,1.7774,False,False
4859,3,25.0,-25.0,23.233760833740234,-25.089405059814453,0.16991040110588074,1.7685,False,False
4860,3,25.0,-25.0,23.24261474609375,-25.088956832885742,0.1698654592037201,1.7596,False,False
4861,3,25.0,-25.0,23.251422882080078,-25.088510513305664,0.1698446124792099,1.7508,False,False
4862,3,25.0,-25.0,23.26018524169922,-25.08806610107422,0.16984546184539795,1.742,False,False
4863,3,25.0,-25.0,23.268901824951172,-25.08762550354004,0.16986581683158875,1.7333,False,False
4864,3,25.0,-25.0,23.277570724487305,-25.087186813354492,0.1699037402868271,1.7246,False,False
4865,3,25.0,-25.0,23.286195755004883,-25.086750030517578,0.1699574589729309,1.716,False,False
4866,3,25.0,-25.0,23.294775009155273,-25.086315155029297,0.16996662318706512,1.7074,False,False
4867,3,25.0,-25.0,23.30331039428711,-25.08588409423828,0.1699356734752655,1.6989,False,False
4868,3,25.0,-25.0,23.311800003051758,-25.0854549407959,0.1698686182498932,1.6904,False,False
4869,3,25.0,-25.0,23.32024574279785,-25.08502769470215,0.16982786357402802,1.6819,False,False
4870,3,25.0,-25.0,23.328645706176758,-25.08460235595703,0.16981080174446106,1.6735,False,False
4871,3,25.0,-25.0,23.337003707885742,-25.084178924560547,0.1698150336742401,1.6651,False,False
4872,3,25.0,-25.0,23.34531593322754,-25.083757400512695,0.16983844339847565,1.6568,False,False
4873,3,25.0,-25.0,23.35358428955078,-25.08333969116211,0.16987912356853485,1.6485,False,False
4874,3,25.0,-25.0,23.3618106842041,-25.082921981811523,0.16993533074855804,1.6403,False,False
4875,3,25.0,-25.0,23.369993209838867,-25.082508087158203,0.16994671523571014,1.6321,False,False
4876,3,25.0,-25.0,23.37813377380371,-25.082096099853516,0.1699177622795105,1.6239,False,False
4877,3,25.0,-25.0,23.38623046875,-25.08168601989746,0.16985252499580383,1.6158,False,False
4878,3,25.0,-25.0,23.394285202026367,-25.081279754638672,0.1698133945465088,1.6078,False,False
4879,3,25.0,-25.0,23.402297973632812,-25.080873489379883,0.16979779303073883,1.5997,False,False
4880,3,25.0,-25.0,23.410268783569336,-25.080469131469727,0.16980333626270294,1.5918,False,False
4881,3,25.0,-25.0,23.418197631835938,-25.080068588256836,0.16982793807983398,1.5838,False,False
4882,3,25.0,-25.0,23.426084518432617,-25.079669952392578,0.16986967623233795,1.5759,False,False
4883,3,25.0,-25.0,23.433929443359375,-25.07927131652832,0.16992683708667755,1.5681,False,False
4884,3,25.0,-25.0,23.441734313964844,-25.078876495361328,0.1699391007423401,1.5603,False,False
4885,3,25.0,-25.0,23.44949722290039,-25.07848358154297,0.16991092264652252,1.5525,False,False
4886,3,25.0,-25.0,23.45722007751465,-25.078092575073242,0.16984637081623077,1.5448,False,False
4887,3,25.0,-25.0,23.464902877807617,-25.07770347595215,0.16980788111686707,1.5371,False,False
4888,3,25.0,-25.0,23.472545623779297,-25.07731819152832,0.16979283094406128,1.5294,False,False
4889,3,25.0,-25.0,23.480146408081055,-25.076932907104492,0.16979889571666718,1.5218,False,False
4890,3,25.0,-25.0,23.487709045410156,-25.076549530029297,0.16982395946979523,1.5142,False,False
4891,3,25.0,-25.0,23.49523162841797,-25.076169967651367,0.16986609995365143,1.5067,False,False
4892,3,25.0,-25.0,23.502714157104492,-25.075790405273438,0.16992364823818207,1.4992,False,False
4893,3,25.0,-25.0,23.51015853881836,-25.07541275024414,0.16993622481822968,1.4917,False,False
4894,3,25.0,-25.0,23.517562866210938,-25.07503890991211,0.16990835964679718,1.4843,False,False
4895,3,25.0,-25.0,23.52492904663086,-25.074665069580078,0.16990287601947784,1.477,False,False
4896,3,25.0,-25.0,23.532255172729492,-25.074295043945312,0.1699175387620926,1.4696,False,False
4897,3,25.0,-25.0,23.5395450592041,-25.07392692565918,0.16989153623580933,1.4623,False,False
4898,3,25.0,-25.0,23.546794891357422,-25.073558807373047,0.1698877364397049,1.4551,False,False
4899,3,25.0,-25.0,23.554006576538086,-25.07319450378418,0.1699039191007614,1.4478,False,False
4900,3,25.0,-25.0,23.561182022094727,-25.072830200195312,0.1699380874633789,1.4407,False,False
4901,3,25.0,-25.0,23.56831932067871,-25.07246971130371,0.169929638504982,1.4335,False,False
4902,3,25.0,-25.0,23.57541847229004,-25.072111129760742,0.16988283395767212,1.4264,False,False
4903,3,25.0,-25.0,23.58247947692871,-25.071752548217773,0.16986031830310822,1.4193,False,False
4904,3,25.0,-25.0,23.589506149291992,-25.07139778137207,0.16985966265201569,1.4123,False,False
4905,3,25.0,-25.0,23.596492767333984,-25.071043014526367,0.16987866163253784,1.4053,False,False
4906,3,25.0,-25.0,23.603445053100586,-25.07069206237793,0.1699153631925583,1.3983,False,False
4907,3,25.0,-25.0,23.610361099243164,-25.070341110229492,0.16990919411182404,1.3914,False,False
4908,3,25.0,-25.0,23.617238998413086,-25.06999397277832,0.1698644459247589,1.3845,False,False
4909,3,25.0,-25.0,23.624082565307617,-25.06964683532715,0.16984377801418304,1.3777,False,False
4910,3,25.0,-25.0,23.630887985229492,-25.06930160522461,0.16984476149082184,1.3709,False,False
4911,3,25.0,-25.0,23.63766098022461,-25.068960189819336,0.16986526548862457,1.3641,False,False
4912,3,25.0,-25.0,23.64439582824707,-25.068618774414062,0.16990330815315247,1.3573,False,False
4913,3,25.0,-25.0,23.65109634399414,-25.068279266357422,0.16995716094970703,1.3506,False,False
4914,3,25.0,-25.0,23.657760620117188,-25.067941665649414,0.1699664145708084,1.344,False,False
4915,3,25.0,-25.0,23.664390563964844,-25.06760597229004,0.16993555426597595,1.3373,False,False
4916,3,25.0,-25.0,23.67098617553711,-25.067272186279297,0.1698685884475708,1.3307,False,False
4917,3,25.0,-25.0,23.677547454833984,-25.066940307617188,0.1698279082775116,1.3241,False,False
4918,3,25.0,-25.0,23.68407440185547,-25.06661033630371,0.16981090605258942,1.3176,False,False
4919,3,25.0,-25.0,23.690567016601562,-25.066282272338867,0.16981519758701324,1.3111,False,False
4920,3,25.0,-25.0,23.697023391723633,-25.065954208374023,0.16983866691589355,1.3046,False,False
4921,3,25.0,-25.0,23.703449249267578,-25.065629959106445,0.16987937688827515,1.2982,False,False
4922,3,25.0,-25.0,23.7098388671875,-25.065305709838867,0.16993562877178192,1.2918,False,False
4923,3,25.0,-25.0,23.716196060180664,-25.064983367919922,0.1699470579624176,1.2854,False,False
4924,3,25.0,-25.0,23.722518920898438,-25.064664840698242,0.16991813480854034,1.2791,False,False
4925,3,25.0,-25.0,23.728809356689453,-25.064346313476562,0.16985292732715607,1.2728,False,False
4926,3,25.0,-25.0,23.73506736755371,-25.064029693603516,0.1698138266801834,1.2666,False,False
4927,3,25.0,-25.0,23.741291046142578,-25.06371307373047,0.16979824006557465,1.2603,False,False
4928,3,25.0,-25.0,23.74748420715332,-25.063400268554688,0.16980381309986115,1.2541,False,False
4929,3,25.0,-25.0,23.753643035888672,-25.06308937072754,0.16982842981815338,1.248,False,False
4930,3,25.0,-25.0,23.759769439697266,-25.06277847290039,0.16987018287181854,1.2418,False,False
4931,3,25.0,-25.0,23.765865325927734,-25.062469482421875,0.16992735862731934,1.2357,False,False
4932,3,25.0,-25.0,23.771928787231445,-25.062162399291992,0.16993962228298187,1.2296,False,False
4933,3,25.0,-25.0,23.7779598236084,-25.061857223510742,0.1699114590883255,1.2236,False,False
4934,3,25.0,-25.0,23.783958435058594,-25.061553955078125,0.16984692215919495,1.2176,False,False
4935,3,25.0,-25.0,23.789926528930664,-25.06125259399414,0.16980843245983124,1.2116,False,False
4936,3,25.0,-25.0,23.79586410522461,-25.060951232910156,0.16979339718818665,1.2057,False,False
4937,3,25.0,-25.0,23.801769256591797,-25.060651779174805,0.16979946196079254,1.1998,False,False
4938,3,25.0,-25.0,23.80764389038086,-25.06035614013672,0.1698245257139206,1.1939,False,False
4939,3,25.0,-25.0,23.813488006591797,-25.06005859375,0.169866681098938,1.188,False,False
4940,3,25.0,-25.0,23.81930160522461,-25.059764862060547,0.16992421448230743,1.1822,False,False
4941,3,25.0,-25.0,23.825082778930664,-25.059473037719727,0.16993680596351624,1.1764,False,False
4942,3,25.0,-25.0,23.830835342407227,-25.059181213378906,0.16990894079208374,1.1707,False,False
4943,3,25.0,-25.0,23.836557388305664,-25.05889129638672,0.16984465718269348,1.1649,False,False
4944,3,25.0,-25.0,23.84225082397461,-25.058603286743164,0.16980640590190887,1.1592,False,False
4945,3,25.0,-25.0,23.847911834716797,-25.058317184448242,0.169791579246521,1.1536,False,False
4946,3,25.0,-25.0,23.853544235229492,-25.05803108215332,0.1697978377342224,1.1479,False,False
4947,3,25.0,-25.0,23.859148025512695,-25.057748794555664,0.1698230803012848,1.1423,False,False
4948,3,25.0,-25.0,23.864721298217773,-25.057466506958008,0.16986538469791412,1.1367,False,False
4949,3,25.0,-25.0,23.87026596069336,-25.057186126708984,0.16992305219173431,1.1312,False,False
4950,3,25.0,-25.0,23.87578010559082,-25.05690574645996,0.16993576288223267,1.1257,False,False
4951,3,25.0,-25.0,23.881267547607422,-25.056629180908203,0.16990800201892853,1.1202,False,False
4952,3,25.0,-25.0,23.8867244720459,-25.056352615356445,0.16984382271766663,1.1147,False,False
4953,3,25.0,-25.0,23.892152786254883,-25.05607795715332,0.16980566084384918,1.1093,False,False
4954,3,25.0,-25.0,23.897554397583008,-25.055803298950195,0.16979092359542847,1.1039,False,False
4955,3,25.0,-25.0,23.902925491333008,-25.055532455444336,0.16979724168777466,1.0985,False,False
4956,3,25.0,-25.0,23.90826988220215,-25.055261611938477,0.1698225438594818,1.0931,False,False
4957,3,25.0,-25.0,23.913585662841797,-25.05499267578125,0.16986489295959473,1.0878,False,False
4958,3,25.0,-25.0,23.918872833251953,-25.054725646972656,0.1699226200580597,1.0825,False,False
4959,3,25.0,-25.0,23.92413330078125,-25.054458618164062,0.16993537545204163,1.0772,False,False
4960,3,25.0,-25.0,23.929365158081055,-25.0541934967041,0.16990765929222107,1.072,False,False
4961,3,25.0,-25.0,23.9345703125,-25.053930282592773,0.16984350979328156,1.0668,False,False
4962,3,25.0,-25.0,23.939748764038086,-25.053668975830078,0.1698053777217865,1.0616,False,False
4963,3,25.0,-25.0,23.944900512695312,-25.053407669067383,0.16979065537452698,1.0565,False,False
4964,3,25.0,-25.0,23.950023651123047,-25.05314826965332,0.16979701817035675,1.0513,False,False
4965,3,25.0,-25.0,23.955120086669922,-25.05289077758789,0.1698223352432251,1.0462,False,False
4966,3,25.0,-25.0,23.960189819335938,-25.05263328552246,0.1698647141456604,1.0411,False,False
4967,3,25.0,-25.0,23.965232849121094,-25.052377700805664,0.16992245614528656,1.0361,False,False
4968,3,25.0,-25.0,23.970251083374023,-25.0521240234375,0.1699352264404297,1.0311,False,False
4969,3,25.0,-25.0,23.97524070739746,-25.05187225341797,0.16990752518177032,1.0261,False,False
4970,3,25.0,-25.0,23.980205535888672,-25.051620483398438,0.169843390583992,1.0211,False,False
4971,3,25.0,-25.0,23.985143661499023,-25.05137062072754,0.16980527341365814,1.0162,False,False
4972,3,25.0,-25.0,23.990055084228516,-25.051122665405273,0.16979056596755981,1.0112,False,False
4973,3,25.0,-25.0,23.99494171142578,-25.050874710083008,0.1697969287633896,1.0063,False,False
4974,3,25.0,-25.0,23.99980354309082,-25.050628662109375,0.16982226073741913,1.0015,False,False
4975,3,25.0,-25.0,24.004638671875,-25.050382614135742,0.16986463963985443,0.9966,True,False
