run_kind,policy_step,planner_callback_called,planner_decision_source,planned_path_source,preset_trajectory_used,joint_assignment_score,assignment_order,same_viewpoint_selected,sv0_viewpoint_cell,sv1_viewpoint_cell,sv0_segment_path,sv1_segment_path,sv0_next_target_cell,sv1_next_target_cell,sv0_standoff_anchor_cell,sv1_standoff_anchor_cell,standoff_anchor_source,standoff_viewpoint_hold_enabled,local_before,local_after,expected_execute_next_step,physical_result,candidate_fusion_called,adapter_observe_step_called,update_found_mask_original_called,new_found_indices,found_mask_after,find_times_after,all_found_after_update,terminated_reason_after_step,step_wall_time_s,truth_used_for_detection,actor_truth_used_for_detection,target_truth_used_for_detection,teammate_truth_used_for_detection
calibration,1,True,baseline_GP.marine_knownmap_runtime_2usv._joint_assign_two_usv_segments,baseline_GP_mainline_planner,False,6.486486486486487,"[0, 1]",False,"[16, 39]","[53, 39]","[[25, 2], [24, 2], [23, 2], [22, 2], [21, 2], [20, 2], [19, 2], [18, 2], [17, 2]]","[[35, 2], [36, 2], [37, 2], [38, 2], [39, 2], [40, 2], [41, 2], [42, 2], [43, 2]]","[24, 2]","[36, 2]","[21, 2]","[39, 2]",baseline_GP_planner_committed_segment_lookahead,True,"{""0"": {""commit_remaining"": 4, ""committed_segment"": [[25, 2], [24, 2], [23, 2], [22, 2], [21, 2], [20, 2], [19, 2], [18, 2], [17, 2]], ""robot_pos"": [25, 2]}, ""1"": {""commit_remaining"": 4, ""committed_segment"": [[35, 2], [36, 2], [37, 2], [38, 2], [39, 2], [40, 2], [41, 2], [42, 2], [43, 2]], ""robot_pos"": [35, 2]}}","{""0"": {""commit_remaining"": 3, ""committed_segment"": [[24, 2], [23, 2], [22, 2], [21, 2], [20, 2], [19, 2], [18, 2], [17, 2]], ""robot_pos"": [24, 2]}, ""1"": {""commit_remaining"": 3, ""committed_segment"": [[36, 2], [37, 2], [38, 2], [39, 2], [40, 2], [41, 2], [42, 2], [43, 2]], ""robot_pos"": [36, 2]}}","{""0"": {""collision"": false, ""collision_cell"": null, ""move_success"": true, ""new_robot_pos"": [24, 2]}, ""1"": {""collision"": false, ""collision_cell"": null, ""move_success"": true, ""new_robot_pos"": [36, 2]}}","{""arrived"": {""0"": true, ""1"": true}, ""final_by_usv"": {""0"": {""arrived"": true, ""final_distance_to_target_m"": 4.988728242777776, ""final_projected_cell"": [24, 2], ""last_known_world"": [-379.4670104980469, 155.03982543945312, 0.20821937918663025], ""observer_pose_source"": ""live_location_sensor"", ""orientation_source"": ""live_orientation_sensor"", ""projection_matches_target"": true, ""standoff_anchor_cell"": [21, 2], ""standoff_anchor_world"": [-380.0, 190.0, 0.0], ""target_cell"": [24, 2], ""target_world"": [-380.0, 160.0, 0.0]}, ""1"": {""arrived"": true, ""final_distance_to_target_m"": 4.988700096431099, ""final_projected_cell"": [36, 2], ""last_known_world"": [-379.4669189453125, 44.96013641357422, 0.2269730418920517], ""observer_pose_source"": ""live_location_sensor"", ""orientation_source"": ""live_orientation_sensor"", ""projection_matches_target"": true, ""standoff_anchor_cell"": [39, 2], ""standoff_anchor_world"": [-380.0, 10.0, 0.0], ""target_cell"": [36, 2], ""target_world"": [-380.0, 40.0, 0.0]}}, ""per_step_fallback_counts"": {""0"": 0, ""1"": 0}, ""policy_step"": 1, ""run_kind"": ""calibration"", ""standoff_anchor_cells"": {""0"": [21, 2], ""1"": [39, 2]}, ""standoff_anchor_world"": {""0"": [-380.0, 190.0, 0.0], ""1"": [-380.0, 10.0, 0.0]}, ""step_min_inter_vessel_distance_m"": 99.9589424133487, ""step_ticks"": 75, ""target_cells"": {""0"": [24, 2], ""1"": [36, 2]}, ""target_world"": {""0"": [-380.0, 160.0, 0.0], ""1"": [-380.0, 40.0, 0.0]}, ""timeout"": false}",True,False,True,[],[false],[null],False,running,2.611466,False,False,False,False
calibration,2,True,baseline_GP.marine_knownmap_runtime_2usv._joint_assign_two_usv_segments,baseline_GP_mainline_planner,False,6.15,"[0, 1]",False,"[18, 41]","[54, 39]","[[24, 2], [23, 2], [22, 2], [21, 2], [20, 2], [19, 2], [18, 2], [18, 3], [18, 4]]","[[36, 2], [37, 2], [38, 2], [39, 2], [40, 2], [41, 2], [42, 2], [43, 2], [44, 2]]","[23, 2]","[37, 2]","[20, 2]","[40, 2]",baseline_GP_planner_committed_segment_lookahead,True,"{""0"": {""commit_remaining"": 4, ""committed_segment"": [[24, 2], [23, 2], [22, 2], [21, 2], [20, 2], [19, 2], [18, 2], [18, 3], [18, 4]], ""robot_pos"": [24, 2]}, ""1"": {""commit_remaining"": 4, ""committed_segment"": [[36, 2], [37, 2], [38, 2], [39, 2], [40, 2], [41, 2], [42, 2], [43, 2], [44, 2]], ""robot_pos"": [36, 2]}}","{""0"": {""commit_remaining"": 3, ""committed_segment"": [[23, 2], [22, 2], [21, 2], [20, 2], [19, 2], [18, 2], [18, 3], [18, 4]], ""robot_pos"": [23, 2]}, ""1"": {""commit_remaining"": 3, ""committed_segment"": [[37, 2], [38, 2], [39, 2], [40, 2], [41, 2], [42, 2], [43, 2], [44, 2]], ""robot_pos"": [37, 2]}}","{""0"": {""collision"": false, ""collision_cell"": null, ""move_success"": true, ""new_robot_pos"": [23, 2]}, ""1"": {""collision"": false, ""collision_cell"": null, ""move_success"": true, ""new_robot_pos"": [37, 2]}}","{""arrived"": {""0"": true, ""1"": true}, ""final_by_usv"": {""0"": {""arrived"": true, ""final_distance_to_target_m"": 4.960130338940805, ""final_projected_cell"": [23, 2], ""last_known_world"": [-383.8254089355469, 166.8426055908203, 0.17480024695396423], ""observer_pose_source"": ""live_location_sensor"", ""orientation_source"": ""live_orientation_sensor"", ""projection_matches_target"": true, ""standoff_anchor_cell"": [20, 2], ""standoff_anchor_world"": [-380.0, 200.0, 0.0], ""target_cell"": [23, 2], ""target_world"": [-380.0, 170.0, 0.0]}, ""1"": {""arrived"": true, ""final_distance_to_target_m"": 4.96008513945005, ""final_projected_cell"": [37, 2], ""last_known_world"": [-383.8254699707031, 33.157249450683594, 0.20083095133304596], ""observer_pose_source"": ""live_location_sensor"", ""orientation_source"": ""live_orientation_sensor"", ""projection_matches_target"": true, ""standoff_anchor_cell"": [40, 2], ""standoff_anchor_world"": [-380.0, 0.0, 0.0], ""target_cell"": [37, 2], ""target_world"": [-380.0, 30.0, 0.0]}}, ""per_step_fallback_counts"": {""0"": 0, ""1"": 0}, ""policy_step"": 2, ""run_kind"": ""calibration"", ""standoff_anchor_cells"": {""0"": [20, 2], ""1"": [40, 2]}, ""standoff_anchor_world"": {""0"": [-380.0, 200.0, 0.0], ""1"": [-380.0, 0.0, 0.0]}, ""step_min_inter_vessel_distance_m"": 110.349796295204, ""step_ticks"": 111, ""target_cells"": {""0"": [23, 2], ""1"": [37, 2]}, ""target_world"": {""0"": [-380.0, 170.0, 0.0], ""1"": [-380.0, 30.0, 0.0]}, ""timeout"": false}",True,False,True,[],[false],[null],False,running,3.811929,False,False,False,False
calibration,3,True,baseline_GP.marine_knownmap_runtime_2usv._joint_assign_two_usv_segments,baseline_GP_mainline_planner,False,6.15,"[0, 1]",False,"[18, 41]","[54, 40]","[[23, 2], [22, 2], [21, 2], [20, 2], [19, 2], [18, 2], [18, 3], [18, 4], [18, 5]]","[[37, 2], [38, 2], [39, 2], [40, 2], [41, 2], [42, 2], [43, 2], [44, 2], [45, 2]]","[22, 2]","[38, 2]","[19, 2]","[41, 2]",baseline_GP_planner_committed_segment_lookahead,True,"{""0"": {""commit_remaining"": 4, ""committed_segment"": [[23, 2], [22, 2], [21, 2], [20, 2], [19, 2], [18, 2], [18, 3], [18, 4], [18, 5]], ""robot_pos"": [23, 2]}, ""1"": {""commit_remaining"": 4, ""committed_segment"": [[37, 2], [38, 2], [39, 2], [40, 2], [41, 2], [42, 2], [43, 2], [44, 2], [45, 2]], ""robot_pos"": [37, 2]}}","{""0"": {""commit_remaining"": 3, ""committed_segment"": [[22, 2], [21, 2], [20, 2], [19, 2], [18, 2], [18, 3], [18, 4], [18, 5]], ""robot_pos"": [22, 2]}, ""1"": {""commit_remaining"": 3, ""committed_segment"": [[38, 2], [39, 2], [40, 2], [41, 2], [42, 2], [43, 2], [44, 2], [45, 2]], ""robot_pos"": [38, 2]}}","{""0"": {""collision"": false, ""collision_cell"": null, ""move_success"": true, ""new_robot_pos"": [22, 2]}, ""1"": {""collision"": false, ""collision_cell"": null, ""move_success"": true, ""new_robot_pos"": [38, 2]}}","{""arrived"": {""0"": true, ""1"": true}, ""final_by_usv"": {""0"": {""arrived"": true, ""final_distance_to_target_m"": 4.968741776450005, ""final_projected_cell"": [22, 2], ""last_known_world"": [-378.44744873046875, 175.28004455566406, 0.1664055734872818], ""observer_pose_source"": ""live_location_sensor"", ""orientation_source"": ""live_orientation_sensor"", ""projection_matches_target"": true, ""standoff_anchor_cell"": [19, 2], ""standoff_anchor_world"": [-380.0, 210.0, 0.0], ""target_cell"": [22, 2], ""target_world"": [-380.0, 180.0, 0.0]}, ""1"": {""arrived"": true, ""final_distance_to_target_m"": 4.968564215773831, ""final_projected_cell"": [38, 2], ""last_known_world"": [-378.44744873046875, 24.719768524169922, 0.18267010152339935], ""observer_pose_source"": ""live_location_sensor"", ""orientation_source"": ""live_orientation_sensor"", ""projection_matches_target"": true, ""standoff_anchor_cell"": [41, 2], ""standoff_anchor_world"": [-380.0, -10.0, 0.0], ""target_cell"": [38, 2], ""target_world"": [-380.0, 20.0, 0.0]}}, ""per_step_fallback_counts"": {""0"": 0, ""1"": 0}, ""policy_step"": 3, ""run_kind"": ""calibration"", ""standoff_anchor_cells"": {""0"": [19, 2], ""1"": [41, 2]}, ""standoff_anchor_world"": {""0"": [-380.0, 210.0, 0.0], ""1"": [-380.0, -10.0, 0.0]}, ""step_min_inter_vessel_distance_m"": 133.89736938477955, ""step_ticks"": 88, ""target_cells"": {""0"": [22, 2], ""1"": [38, 2]}, ""target_world"": {""0"": [-380.0, 180.0, 0.0], ""1"": [-380.0, 20.0, 0.0]}, ""timeout"": false}",True,False,True,[],[false],[null],False,running,3.048897,False,False,False,False
calibration,4,True,baseline_GP.marine_knownmap_runtime_2usv._joint_assign_two_usv_segments,baseline_GP_mainline_planner,False,6.15,"[0, 1]",False,"[18, 40]","[54, 40]","[[22, 2], [21, 2], [20, 2], [19, 2], [18, 2], [18, 3], [18, 4], [18, 5], [18, 6]]","[[38, 2], [39, 2], [40, 2], [41, 2], [42, 2], [43, 2], [44, 2], [45, 2], [46, 2]]","[21, 2]","[39, 2]","[18, 2]","[42, 2]",baseline_GP_planner_committed_segment_lookahead,True,"{""0"": {""commit_remaining"": 4, ""committed_segment"": [[22, 2], [21, 2], [20, 2], [19, 2], [18, 2], [18, 3], [18, 4], [18, 5], [18, 6]], ""robot_pos"": [22, 2]}, ""1"": {""commit_remaining"": 4, ""committed_segment"": [[38, 2], [39, 2], [40, 2], [41, 2], [42, 2], [43, 2], [44, 2], [45, 2], [46, 2]], ""robot_pos"": [38, 2]}}","{""0"": {""commit_remaining"": 3, ""committed_segment"": [[21, 2], [20, 2], [19, 2], [18, 2], [18, 3], [18, 4], [18, 5], [18, 6]], ""robot_pos"": [21, 2]}, ""1"": {""commit_remaining"": 3, ""committed_segment"": [[39, 2], [40, 2], [41, 2], [42, 2], [43, 2], [44, 2], [45, 2], [46, 2]], ""robot_pos"": [39, 2]}}","{""0"": {""collision"": false, ""collision_cell"": null, ""move_success"": true, ""new_robot_pos"": [21, 2]}, ""1"": {""collision"": false, ""collision_cell"": null, ""move_success"": true, ""new_robot_pos"": [39, 2]}}","{""arrived"": {""0"": true, ""1"": true}, ""final_by_usv"": {""0"": {""arrived"": true, ""final_distance_to_target_m"": 4.93578844996824, ""final_projected_cell"": [21, 2], ""last_known_world"": [-379.2996520996094, 185.11415100097656, 0.1602170169353485], ""observer_pose_source"": ""live_location_sensor"", ""orientation_source"": ""live_orientation_sensor"", ""projection_matches_target"": true, ""standoff_anchor_cell"": [18, 2], ""standoff_anchor_world"": [-380.0, 220.0, 0.0], ""target_cell"": [21, 2], ""target_world"": [-380.0, 190.0, 0.0]}, ""1"": {""arrived"": true, ""final_distance_to_target_m"": 4.935574156342251, ""final_projected_cell"": [39, 2], ""last_known_world"": [-379.2996520996094, 14.885632514953613, 0.17363044619560242], ""observer_pose_source"": ""live_location_sensor"", ""orientation_source"": ""live_orientation_sensor"", ""projection_matches_target"": true, ""standoff_anchor_cell"": [42, 2], ""standoff_anchor_world"": [-380.0, -20.0, 0.0], ""target_cell"": [39, 2], ""target_world"": [-380.0, 10.0, 0.0]}}, ""per_step_fallback_counts"": {""0"": 0, ""1"": 0}, ""policy_step"": 4, ""run_kind"": ""calibration"", ""standoff_anchor_cells"": {""0"": [18, 2], ""1"": [42, 2]}, ""standoff_anchor_world"": {""0"": [-380.0, 220.0, 0.0], ""1"": [-380.0, -20.0, 0.0]}, ""step_min_inter_vessel_distance_m"": 150.82581901550293, ""step_ticks"": 68, ""target_cells"": {""0"": [21, 2], ""1"": [39, 2]}, ""target_world"": {""0"": [-380.0, 190.0, 0.0], ""1"": [-380.0, 10.0, 0.0]}, ""timeout"": false}",True,False,True,[],[false],[null],False,running,2.382867,False,False,False,False
calibration,5,True,baseline_GP.marine_knownmap_runtime_2usv._joint_assign_two_usv_segments,baseline_GP_mainline_planner,False,8.5,"[0, 1]",False,"[18, 40]","[54, 40]","[[21, 2], [20, 2], [19, 2], [18, 2], [18, 3], [18, 4], [18, 5], [18, 6], [18, 7]]","[[39, 2], [40, 2], [41, 2], [42, 2], [43, 2], [44, 2], [45, 2], [46, 2], [47, 2]]","[20, 2]","[40, 2]","[18, 3]","[43, 2]",baseline_GP_planner_committed_segment_lookahead,True,"{""0"": {""commit_remaining"": 4, ""committed_segment"": [[21, 2], [20, 2], [19, 2], [18, 2], [18, 3], [18, 4], [18, 5], [18, 6], [18, 7]], ""robot_pos"": [21, 2]}, ""1"": {""commit_remaining"": 4, ""committed_segment"": [[39, 2], [40, 2], [41, 2], [42, 2], [43, 2], [44, 2], [45, 2], [46, 2], [47, 2]], ""robot_pos"": [39, 2]}}","{""0"": {""commit_remaining"": 3, ""committed_segment"": [[20, 2], [19, 2], [18, 2], [18, 3], [18, 4], [18, 5], [18, 6], [18, 7]], ""robot_pos"": [20, 2]}, ""1"": {""commit_remaining"": 3, ""committed_segment"": [[40, 2], [41, 2], [42, 2], [43, 2], [44, 2], [45, 2], [46, 2], [47, 2]], ""robot_pos"": [40, 2]}}","{""0"": {""collision"": false, ""collision_cell"": null, ""move_success"": true, ""new_robot_pos"": [20, 2]}, ""1"": {""collision"": false, ""collision_cell"": null, ""move_success"": true, ""new_robot_pos"": [40, 2]}}","{""arrived"": {""0"": true, ""1"": true}, ""final_by_usv"": {""0"": {""arrived"": true, ""final_distance_to_target_m"": 4.93858035210763, ""final_projected_cell"": [20, 2], ""last_known_world"": [-382.8413391113281, 195.9606475830078, 0.15886375308036804], ""observer_pose_source"": ""live_location_sensor"", ""orientation_source"": ""live_orientation_sensor"", ""projection_matches_target"": true, ""standoff_anchor_cell"": [18, 3], ""standoff_anchor_world"": [-370.0, 220.0, 0.0], ""target_cell"": [20, 2], ""target_world"": [-380.0, 200.0, 0.0]}, ""1"": {""arrived"": true, ""final_distance_to_target_m"": 4.93839547153604, ""final_projected_cell"": [40, 2], ""last_known_world"": [-382.8412780761719, 4.0391693115234375, 0.1706806719303131], ""observer_pose_source"": ""live_location_sensor"", ""orientation_source"": ""live_orientation_sensor"", ""projection_matches_target"": true, ""standoff_anchor_cell"": [43, 2], ""standoff_anchor_world"": [-380.0, -30.0, 0.0], ""target_cell"": [40, 2], ""target_world"": [-380.0, 0.0, 0.0]}}, ""per_step_fallback_counts"": {""0"": 0, ""1"": 0}, ""policy_step"": 5, ""run_kind"": ""calibration"", ""standoff_anchor_cells"": {""0"": [18, 3], ""1"": [43, 2]}, ""standoff_anchor_world"": {""0"": [-370.0, 220.0, 0.0], ""1"": [-380.0, -30.0, 0.0]}, ""step_min_inter_vessel_distance_m"": 170.5143222808838, ""step_ticks"": 90, ""target_cells"": {""0"": [20, 2], ""1"": [40, 2]}, ""target_world"": {""0"": [-380.0, 200.0, 0.0], ""1"": [-380.0, 0.0, 0.0]}, ""timeout"": false}",True,False,True,[],[false],[null],False,running,3.120008,False,False,False,False
calibration,6,True,baseline_GP.marine_knownmap_runtime_2usv._joint_assign_two_usv_segments,baseline_GP_mainline_planner,False,8.5,"[0, 1]",False,"[18, 41]","[54, 40]","[[20, 2], [19, 2], [18, 2], [18, 3], [18, 4], [18, 5], [18, 6], [18, 7], [18, 8]]","[[40, 2], [41, 2], [42, 2], [43, 2], [44, 2], [45, 2], [46, 2], [47, 2], [48, 2]]","[19, 2]","[41, 2]","[18, 4]","[44, 2]",baseline_GP_planner_committed_segment_lookahead,True,"{""0"": {""commit_remaining"": 4, ""committed_segment"": [[20, 2], [19, 2], [18, 2], [18, 3], [18, 4], [18, 5], [18, 6], [18, 7], [18, 8]], ""robot_pos"": [20, 2]}, ""1"": {""commit_remaining"": 4, ""committed_segment"": [[40, 2], [41, 2], [42, 2], [43, 2], [44, 2], [45, 2], [46, 2], [47, 2], [48, 2]], ""robot_pos"": [40, 2]}}","{""0"": {""commit_remaining"": 3, ""committed_segment"": [[19, 2], [18, 2], [18, 3], [18, 4], [18, 5], [18, 6], [18, 7], [18, 8]], ""robot_pos"": [19, 2]}, ""1"": {""commit_remaining"": 3, ""committed_segment"": [[41, 2], [42, 2], [43, 2], [44, 2], [45, 2], [46, 2], [47, 2], [48, 2]], ""robot_pos"": [41, 2]}}","{""0"": {""collision"": false, ""collision_cell"": null, ""move_success"": true, ""new_robot_pos"": [19, 2]}, ""1"": {""collision"": false, ""collision_cell"": null, ""move_success"": true, ""new_robot_pos"": [41, 2]}}","{""arrived"": {""0"": true, ""1"": true}, ""final_by_usv"": {""0"": {""arrived"": true, ""final_distance_to_target_m"": 4.928544865769056, ""final_projected_cell"": [19, 2], ""last_known_world"": [-378.35552978515625, 205.35389709472656, 0.16136512160301208], ""observer_pose_source"": ""live_location_sensor"", ""orientation_source"": ""live_orientation_sensor"", ""projection_matches_target"": true, ""standoff_anchor_cell"": [18, 4], ""standoff_anchor_world"": [-360.0, 220.0, 0.0], ""target_cell"": [19, 2], ""target_world"": [-380.0, 210.0, 0.0]}, ""1"": {""arrived"": true, ""final_distance_to_target_m"": 4.928505291032712, ""final_projected_cell"": [41, 2], ""last_known_world"": [-378.3554382324219, -5.353971481323242, 0.17947785556316376], ""observer_pose_source"": ""live_location_sensor"", ""orientation_source"": ""live_orientation_sensor"", ""projection_matches_target"": true, ""standoff_anchor_cell"": [44, 2], ""standoff_anchor_world"": [-380.0, -40.0, 0.0], ""target_cell"": [41, 2], ""target_world"": [-380.0, -10.0, 0.0]}}, ""per_step_fallback_counts"": {""0"": 0, ""1"": 0}, ""policy_step"": 6, ""run_kind"": ""calibration"", ""standoff_anchor_cells"": {""0"": [18, 4], ""1"": [44, 2]}, ""standoff_anchor_world"": {""0"": [-360.0, 220.0, 0.0], ""1"": [-380.0, -40.0, 0.0]}, ""step_min_inter_vessel_distance_m"": 192.1498076915838, ""step_ticks"": 90, ""target_cells"": {""0"": [19, 2], ""1"": [41, 2]}, ""target_world"": {""0"": [-380.0, 210.0, 0.0], ""1"": [-380.0, -10.0, 0.0]}, ""timeout"": false}",True,False,True,[],[false],[null],False,running,3.116065,False,False,False,False
calibration,7,True,baseline_GP.marine_knownmap_runtime_2usv._joint_assign_two_usv_segments,baseline_GP_mainline_planner,False,8.5,"[0, 1]",False,"[18, 41]","[55, 38]","[[19, 2], [18, 2], [18, 3], [18, 4], [18, 5], [18, 6], [18, 7], [18, 8], [18, 9]]","[[41, 2], [42, 2], [43, 2], [44, 2], [45, 2], [46, 2], [47, 2], [48, 2], [49, 2]]","[18, 2]","[42, 2]","[18, 5]","[45, 2]",baseline_GP_planner_committed_segment_lookahead,True,"{""0"": {""commit_remaining"": 4, ""committed_segment"": [[19, 2], [18, 2], [18, 3], [18, 4], [18, 5], [18, 6], [18, 7], [18, 8], [18, 9]], ""robot_pos"": [19, 2]}, ""1"": {""commit_remaining"": 4, ""committed_segment"": [[41, 2], [42, 2], [43, 2], [44, 2], [45, 2], [46, 2], [47, 2], [48, 2], [49, 2]], ""robot_pos"": [41, 2]}}","{""0"": {""commit_remaining"": 3, ""committed_segment"": [[18, 2], [18, 3], [18, 4], [18, 5], [18, 6], [18, 7], [18, 8], [18, 9]], ""robot_pos"": [18, 2]}, ""1"": {""commit_remaining"": 3, ""committed_segment"": [[42, 2], [43, 2], [44, 2], [45, 2], [46, 2], [47, 2], [48, 2], [49, 2]], ""robot_pos"": [42, 2]}}","{""0"": {""collision"": false, ""collision_cell"": null, ""move_success"": true, ""new_robot_pos"": [18, 2]}, ""1"": {""collision"": false, ""collision_cell"": null, ""move_success"": true, ""new_robot_pos"": [42, 2]}}","{""arrived"": {""0"": true, ""1"": true}, ""final_by_usv"": {""0"": {""arrived"": true, ""final_distance_to_target_m"": 4.983332287725741, ""final_projected_cell"": [18, 2], ""last_known_world"": [-380.3085632324219, 215.02622985839844, 0.15956752002239227], ""observer_pose_source"": ""live_location_sensor"", ""orientation_source"": ""live_orientation_sensor"", ""projection_matches_target"": true, ""standoff_anchor_cell"": [18, 5], ""standoff_anchor_world"": [-350.0, 220.0, 0.0], ""target_cell"": [18, 2], ""target_world"": [-380.0, 220.0, 0.0]}, ""1"": {""arrived"": true, ""final_distance_to_target_m"": 4.9831847802561695, ""final_projected_cell"": [42, 2], ""last_known_world"": [-380.3085021972656, -15.026373863220215, 0.1757669448852539], ""observer_pose_source"": ""live_location_sensor"", ""orientation_source"": ""live_orientation_sensor"", ""projection_matches_target"": true, ""standoff_anchor_cell"": [45, 2], ""standoff_anchor_world"": [-380.0, -50.0, 0.0], ""target_cell"": [42, 2], ""target_world"": [-380.0, -20.0, 0.0]}}, ""per_step_fallback_counts"": {""0"": 0, ""1"": 0}, ""policy_step"": 7, ""run_kind"": ""calibration"", ""standoff_anchor_cells"": {""0"": [18, 5], ""1"": [45, 2]}, ""standoff_anchor_world"": {""0"": [-350.0, 220.0, 0.0], ""1"": [-380.0, -50.0, 0.0]}, ""step_min_inter_vessel_distance_m"": 210.9677257538195, ""step_ticks"": 69, ""target_cells"": {""0"": [18, 2], ""1"": [42, 2]}, ""target_world"": {""0"": [-380.0, 220.0, 0.0], ""1"": [-380.0, -20.0, 0.0]}, ""timeout"": false}",True,False,True,[],[false],[null],False,running,2.414724,False,False,False,False
calibration,8,True,baseline_GP.marine_knownmap_runtime_2usv._joint_assign_two_usv_segments,baseline_GP_mainline_planner,False,8.5,"[0, 1]",False,"[18, 42]","[54, 40]","[[18, 2], [18, 3], [18, 4], [18, 5], [18, 6], [18, 7], [18, 8], [18, 9], [18, 10]]","[[42, 2], [43, 2], [44, 2], [45, 2], [46, 2], [47, 2], [48, 2], [49, 2], [50, 2]]","[18, 3]","[43, 2]","[18, 6]","[46, 2]",baseline_GP_planner_committed_segment_lookahead,True,"{""0"": {""commit_remaining"": 4, ""committed_segment"": [[18, 2], [18, 3], [18, 4], [18, 5], [18, 6], [18, 7], [18, 8], [18, 9], [18, 10]], ""robot_pos"": [18, 2]}, ""1"": {""commit_remaining"": 4, ""committed_segment"": [[42, 2], [43, 2], [44, 2], [45, 2], [46, 2], [47, 2], [48, 2], [49, 2], [50, 2]], ""robot_pos"": [42, 2]}}","{""0"": {""commit_remaining"": 3, ""committed_segment"": [[18, 3], [18, 4], [18, 5], [18, 6], [18, 7], [18, 8], [18, 9], [18, 10]], ""robot_pos"": [18, 3]}, ""1"": {""commit_remaining"": 3, ""committed_segment"": [[43, 2], [44, 2], [45, 2], [46, 2], [47, 2], [48, 2], [49, 2], [50, 2]], ""robot_pos"": [43, 2]}}","{""0"": {""collision"": false, ""collision_cell"": null, ""move_success"": true, ""new_robot_pos"": [18, 3]}, ""1"": {""collision"": false, ""collision_cell"": null, ""move_success"": true, ""new_robot_pos"": [43, 2]}}","{""arrived"": {""0"": true, ""1"": true}, ""final_by_usv"": {""0"": {""arrived"": true, ""final_distance_to_target_m"": 4.384555408715713, ""final_projected_cell"": [18, 3], ""last_known_world"": [-373.9779052734375, 218.1559295654297, 0.17930632829666138], ""observer_pose_source"": ""live_location_sensor"", ""orientation_source"": ""live_orientation_sensor"", ""projection_matches_target"": true, ""standoff_anchor_cell"": [18, 6], ""standoff_anchor_world"": [-340.0, 220.0, 0.0], ""target_cell"": [18, 3], ""target_world"": [-370.0, 220.0, 0.0]}, ""1"": {""arrived"": true, ""final_distance_to_target_m"": 4.956491219317407, ""final_projected_cell"": [43, 2], ""last_known_world"": [-383.8590087890625, -26.889556884765625, 0.1775968223810196], ""observer_pose_source"": ""live_location_sensor"", ""orientation_source"": ""live_orientation_sensor"", ""projection_matches_target"": true, ""standoff_anchor_cell"": [46, 2], ""standoff_anchor_world"": [-380.0, -60.0, 0.0], ""target_cell"": [43, 2], ""target_world"": [-380.0, -30.0, 0.0]}}, ""per_step_fallback_counts"": {""0"": 0, ""1"": 0}, ""policy_step"": 8, ""run_kind"": ""calibration"", ""standoff_anchor_cells"": {""0"": [18, 6], ""1"": [46, 2]}, ""standoff_anchor_world"": {""0"": [-340.0, 220.0, 0.0], ""1"": [-380.0, -60.0, 0.0]}, ""step_min_inter_vessel_distance_m"": 230.2806559570014, ""step_ticks"": 101, ""target_cells"": {""0"": [18, 3], ""1"": [43, 2]}, ""target_world"": {""0"": [-370.0, 220.0, 0.0], ""1"": [-380.0, -30.0, 0.0]}, ""timeout"": false}",True,False,True,[],[false],[null],False,running,3.489267,False,False,False,False
calibration,9,True,baseline_GP.marine_knownmap_runtime_2usv._joint_assign_two_usv_segments,baseline_GP_mainline_planner,False,8.5,"[0, 1]",False,"[18, 43]","[54, 40]","[[18, 3], [18, 4], [18, 5], [18, 6], [18, 7], [18, 8], [18, 9], [18, 10], [18, 11]]","[[43, 2], [44, 2], [45, 2], [46, 2], [47, 2], [48, 2], [49, 2], [50, 2], [51, 2]]","[18, 4]","[44, 2]","[18, 7]","[47, 2]",baseline_GP_planner_committed_segment_lookahead,True,"{""0"": {""commit_remaining"": 4, ""committed_segment"": [[18, 3], [18, 4], [18, 5], [18, 6], [18, 7], [18, 8], [18, 9], [18, 10], [18, 11]], ""robot_pos"": [18, 3]}, ""1"": {""commit_remaining"": 4, ""committed_segment"": [[43, 2], [44, 2], [45, 2], [46, 2], [47, 2], [48, 2], [49, 2], [50, 2], [51, 2]], ""robot_pos"": [43, 2]}}","{""0"": {""commit_remaining"": 3, ""committed_segment"": [[18, 4], [18, 5], [18, 6], [18, 7], [18, 8], [18, 9], [18, 10], [18, 11]], ""robot_pos"": [18, 4]}, ""1"": {""commit_remaining"": 3, ""committed_segment"": [[44, 2], [45, 2], [46, 2], [47, 2], [48, 2], [49, 2], [50, 2], [51, 2]], ""robot_pos"": [44, 2]}}","{""0"": {""collision"": false, ""collision_cell"": null, ""move_success"": true, ""new_robot_pos"": [18, 4]}, ""1"": {""collision"": false, ""collision_cell"": null, ""move_success"": true, ""new_robot_pos"": [44, 2]}}","{""arrived"": {""0"": true, ""1"": true}, ""final_by_usv"": {""0"": {""arrived"": true, ""final_distance_to_target_m"": 3.0743320535395062, ""final_projected_cell"": [18, 4], ""last_known_world"": [-363.0491638183594, 220.392578125, 0.15957850217819214], ""observer_pose_source"": ""live_location_sensor"", ""orientation_source"": ""live_orientation_sensor"", ""projection_matches_target"": true, ""standoff_anchor_cell"": [18, 7], ""standoff_anchor_world"": [-330.0, 220.0, 0.0], ""target_cell"": [18, 4], ""target_world"": [-360.0, 220.0, 0.0]}, ""1"": {""arrived"": true, ""final_distance_to_target_m"": 4.925889126236061, ""final_projected_cell"": [44, 2], ""last_known_world"": [-378.665771484375, -35.25824737548828, 0.18186721205711365], ""observer_pose_source"": ""live_location_sensor"", ""orientation_source"": ""live_orientation_sensor"", ""projection_matches_target"": true, ""standoff_anchor_cell"": [47, 2], ""standoff_anchor_world"": [-380.0, -70.0, 0.0], ""target_cell"": [44, 2], ""target_world"": [-380.0, -40.0, 0.0]}}, ""per_step_fallback_counts"": {""0"": 0, ""1"": 0}, ""policy_step"": 9, ""run_kind"": ""calibration"", ""standoff_anchor_cells"": {""0"": [18, 7], ""1"": [47, 2]}, ""standoff_anchor_world"": {""0"": [-330.0, 220.0, 0.0], ""1"": [-380.0, -70.0, 0.0]}, ""step_min_inter_vessel_distance_m"": 245.35128456972606, ""step_ticks"": 85, ""target_cells"": {""0"": [18, 4], ""1"": [44, 2]}, ""target_world"": {""0"": [-360.0, 220.0, 0.0], ""1"": [-380.0, -40.0, 0.0]}, ""timeout"": false}",True,False,True,[],[false],[null],False,running,2.959134,False,False,False,False
calibration,10,True,baseline_GP.marine_knownmap_runtime_2usv._joint_assign_two_usv_segments,baseline_GP_mainline_planner,False,15.0,"[0, 1]",False,"[18, 34]","[55, 39]","[[18, 4], [18, 5], [18, 6], [18, 7], [18, 8], [18, 9], [18, 10], [18, 11], [18, 12]]","[[44, 2], [45, 2], [46, 2], [47, 2], [48, 2], [49, 2], [50, 2], [51, 2], [52, 2]]","[18, 5]","[45, 2]","[18, 8]","[48, 2]",baseline_GP_planner_committed_segment_lookahead,True,"{""0"": {""commit_remaining"": 4, ""committed_segment"": [[18, 4], [18, 5], [18, 6], [18, 7], [18, 8], [18, 9], [18, 10], [18, 11], [18, 12]], ""robot_pos"": [18, 4]}, ""1"": {""commit_remaining"": 4, ""committed_segment"": [[44, 2], [45, 2], [46, 2], [47, 2], [48, 2], [49, 2], [50, 2], [51, 2], [52, 2]], ""robot_pos"": [44, 2]}}","{""0"": {""commit_remaining"": 3, ""committed_segment"": [[18, 5], [18, 6], [18, 7], [18, 8], [18, 9], [18, 10], [18, 11], [18, 12]], ""robot_pos"": [18, 5]}, ""1"": {""commit_remaining"": 3, ""committed_segment"": [[45, 2], [46, 2], [47, 2], [48, 2], [49, 2], [50, 2], [51, 2], [52, 2]], ""robot_pos"": [45, 2]}}","{""0"": {""collision"": false, ""collision_cell"": null, ""move_success"": true, ""new_robot_pos"": [18, 5]}, ""1"": {""collision"": false, ""collision_cell"": null, ""move_success"": true, ""new_robot_pos"": [45, 2]}}","{""arrived"": {""0"": true, ""1"": true}, ""final_by_usv"": {""0"": {""arrived"": true, ""final_distance_to_target_m"": 4.99337230713394, ""final_projected_cell"": [18, 5], ""last_known_world"": [-354.1740417480469, 222.7406463623047, 0.1548507809638977], ""observer_pose_source"": ""live_location_sensor"", ""orientation_source"": ""live_orientation_sensor"", ""projection_matches_target"": true, ""standoff_anchor_cell"": [18, 8], ""standoff_anchor_world"": [-320.0, 220.0, 0.0], ""target_cell"": [18, 5], ""target_world"": [-350.0, 220.0, 0.0]}, ""1"": {""arrived"": true, ""final_distance_to_target_m"": 4.949631798669626, ""final_projected_cell"": [45, 2], ""last_known_world"": [-380.0511474609375, -45.05063247680664, 0.17597141861915588], ""observer_pose_source"": ""live_location_sensor"", ""orientation_source"": ""live_orientation_sensor"", ""projection_matches_target"": true, ""standoff_anchor_cell"": [48, 2], ""standoff_anchor_world"": [-380.0, -80.0, 0.0], ""target_cell"": [45, 2], ""target_world"": [-380.0, -50.0, 0.0]}}, ""per_step_fallback_counts"": {""0"": 0, ""1"": 0}, ""policy_step"": 10, ""run_kind"": ""calibration"", ""standoff_anchor_cells"": {""0"": [18, 8], ""1"": [48, 2]}, ""standoff_anchor_world"": {""0"": [-320.0, 220.0, 0.0], ""1"": [-380.0, -80.0, 0.0]}, ""step_min_inter_vessel_distance_m"": 256.2970814771838, ""step_ticks"": 69, ""target_cells"": {""0"": [18, 5], ""1"": [45, 2]}, ""target_world"": {""0"": [-350.0, 220.0, 0.0], ""1"": [-380.0, -50.0, 0.0]}, ""timeout"": false}",True,False,True,[],[false],[null],False,running,2.429386,False,False,False,False
calibration,11,True,baseline_GP.marine_knownmap_runtime_2usv._joint_assign_two_usv_segments,baseline_GP_mainline_planner,False,8.5,"[0, 1]",False,"[18, 39]","[55, 39]","[[18, 5], [18, 6], [18, 7], [18, 8], [18, 9], [18, 10], [18, 11], [18, 12], [18, 13]]","[[45, 2], [46, 2], [47, 2], [48, 2], [49, 2], [50, 2], [51, 2], [52, 2], [53, 2]]","[18, 6]","[46, 2]","[18, 9]","[49, 2]",baseline_GP_planner_committed_segment_lookahead,True,"{""0"": {""commit_remaining"": 4, ""committed_segment"": [[18, 5], [18, 6], [18, 7], [18, 8], [18, 9], [18, 10], [18, 11], [18, 12], [18, 13]], ""robot_pos"": [18, 5]}, ""1"": {""commit_remaining"": 4, ""committed_segment"": [[45, 2], [46, 2], [47, 2], [48, 2], [49, 2], [50, 2], [51, 2], [52, 2], [53, 2]], ""robot_pos"": [45, 2]}}","{""0"": {""commit_remaining"": 3, ""committed_segment"": [[18, 6], [18, 7], [18, 8], [18, 9], [18, 10], [18, 11], [18, 12], [18, 13]], ""robot_pos"": [18, 6]}, ""1"": {""commit_remaining"": 3, ""committed_segment"": [[46, 2], [47, 2], [48, 2], [49, 2], [50, 2], [51, 2], [52, 2], [53, 2]], ""robot_pos"": [46, 2]}}","{""0"": {""collision"": false, ""collision_cell"": null, ""move_success"": true, ""new_robot_pos"": [18, 6]}, ""1"": {""collision"": false, ""collision_cell"": null, ""move_success"": true, ""new_robot_pos"": [46, 2]}}","{""arrived"": {""0"": true, ""1"": true}, ""final_by_usv"": {""0"": {""arrived"": true, ""final_distance_to_target_m"": 2.861398049182055, ""final_projected_cell"": [18, 6], ""last_known_world"": [-342.7237854003906, 219.12330627441406, 0.1574549376964569], ""observer_pose_source"": ""live_location_sensor"", ""orientation_source"": ""live_orientation_sensor"", ""projection_matches_target"": true, ""standoff_anchor_cell"": [18, 9], ""standoff_anchor_world"": [-310.0, 220.0, 0.0], ""target_cell"": [18, 6], ""target_world"": [-340.0, 220.0, 0.0]}, ""1"": {""arrived"": true, ""final_distance_to_target_m"": 4.9875615878280755, ""final_projected_cell"": [46, 2], ""last_known_world"": [-383.6819763183594, -56.63565444946289, 0.17580075562000275], ""observer_pose_source"": ""live_location_sensor"", ""orientation_source"": ""live_orientation_sensor"", ""projection_matches_target"": true, ""standoff_anchor_cell"": [49, 2], ""standoff_anchor_world"": [-380.0, -90.0, 0.0], ""target_cell"": [46, 2], ""target_world"": [-380.0, -60.0, 0.0]}}, ""per_step_fallback_counts"": {""0"": 0, ""1"": 0}, ""policy_step"": 11, ""run_kind"": ""calibration"", ""standoff_anchor_cells"": {""0"": [18, 9], ""1"": [49, 2]}, ""standoff_anchor_world"": {""0"": [-310.0, 220.0, 0.0], ""1"": [-380.0, -90.0, 0.0]}, ""step_min_inter_vessel_distance_m"": 269.19793579663667, ""step_ticks"": 98, ""target_cells"": {""0"": [18, 6], ""1"": [46, 2]}, ""target_world"": {""0"": [-340.0, 220.0, 0.0], ""1"": [-380.0, -60.0, 0.0]}, ""timeout"": false}",True,False,True,[],[false],[null],False,running,3.391495,False,False,False,False
calibration,12,True,baseline_GP.marine_knownmap_runtime_2usv._joint_assign_two_usv_segments,baseline_GP_mainline_planner,False,13.003397409972301,"[0, 1]",False,"[18, 39]","[55, 39]","[[18, 6], [18, 7], [18, 8], [18, 9], [18, 10], [18, 11], [18, 12], [18, 13], [18, 14]]","[[46, 2], [47, 2], [48, 2], [49, 2], [50, 2], [51, 2], [52, 2], [53, 2], [54, 2]]","[18, 7]","[47, 2]","[18, 10]","[50, 2]",baseline_GP_planner_committed_segment_lookahead,True,"{""0"": {""commit_remaining"": 4, ""committed_segment"": [[18, 6], [18, 7], [18, 8], [18, 9], [18, 10], [18, 11], [18, 12], [18, 13], [18, 14]], ""robot_pos"": [18, 6]}, ""1"": {""commit_remaining"": 4, ""committed_segment"": [[46, 2], [47, 2], [48, 2], [49, 2], [50, 2], [51, 2], [52, 2], [53, 2], [54, 2]], ""robot_pos"": [46, 2]}}","{""0"": {""commit_remaining"": 3, ""committed_segment"": [[18, 7], [18, 8], [18, 9], [18, 10], [18, 11], [18, 12], [18, 13], [18, 14]], ""robot_pos"": [18, 7]}, ""1"": {""commit_remaining"": 3, ""committed_segment"": [[47, 2], [48, 2], [49, 2], [50, 2], [51, 2], [52, 2], [53, 2], [54, 2]], ""robot_pos"": [47, 2]}}","{""0"": {""collision"": false, ""collision_cell"": null, ""move_success"": true, ""new_robot_pos"": [18, 7]}, ""1"": {""collision"": false, ""collision_cell"": null, ""move_success"": true, ""new_robot_pos"": [47, 2]}}","{""arrived"": {""0"": true, ""1"": true}, ""final_by_usv"": {""0"": {""arrived"": true, ""final_distance_to_target_m"": 4.545328952446283, ""final_projected_cell"": [18, 7], ""last_known_world"": [-334.2359619140625, 221.64822387695312, 0.16196149587631226], ""observer_pose_source"": ""live_location_sensor"", ""orientation_source"": ""live_orientation_sensor"", ""projection_matches_target"": true, ""standoff_anchor_cell"": [18, 10], ""standoff_anchor_world"": [-300.0, 220.0, 0.0], ""target_cell"": [18, 7], ""target_world"": [-330.0, 220.0, 0.0]}, ""1"": {""arrived"": true, ""final_distance_to_target_m"": 4.983175946656516, ""final_projected_cell"": [47, 2], ""last_known_world"": [-378.7476806640625, -65.17675018310547, 0.17644363641738892], ""observer_pose_source"": ""live_location_sensor"", ""orientation_source"": ""live_orientation_sensor"", ""projection_matches_target"": true, ""standoff_anchor_cell"": [50, 2], ""standoff_anchor_world"": [-380.0, -100.0, 0.0], ""target_cell"": [47, 2], ""target_world"": [-380.0, -70.0, 0.0]}}, ""per_step_fallback_counts"": {""0"": 0, ""1"": 0}, ""policy_step"": 12, ""run_kind"": ""calibration"", ""standoff_anchor_cells"": {""0"": [18, 10], ""1"": [50, 2]}, ""standoff_anchor_world"": {""0"": [-300.0, 220.0, 0.0], ""1"": [-380.0, -100.0, 0.0]}, ""step_min_inter_vessel_distance_m"": 278.8920768539209, ""step_ticks"": 84, ""target_cells"": {""0"": [18, 7], ""1"": [47, 2]}, ""target_world"": {""0"": [-330.0, 220.0, 0.0], ""1"": [-380.0, -70.0, 0.0]}, ""timeout"": false}",True,False,True,[],[false],[null],False,running,2.927247,False,False,False,False
calibration,13,True,baseline_GP.marine_knownmap_runtime_2usv._joint_assign_two_usv_segments,baseline_GP_mainline_planner,False,12.932511863747575,"[0, 1]",False,"[18, 39]","[55, 39]","[[18, 7], [18, 8], [18, 9], [18, 10], [18, 11], [18, 12], [18, 13], [18, 14], [18, 15]]","[[47, 2], [48, 2], [49, 2], [50, 2], [51, 2], [52, 2], [53, 2], [54, 2], [55, 2]]","[18, 8]","[48, 2]","[18, 11]","[51, 2]",baseline_GP_planner_committed_segment_lookahead,True,"{""0"": {""commit_remaining"": 4, ""committed_segment"": [[18, 7], [18, 8], [18, 9], [18, 10], [18, 11], [18, 12], [18, 13], [18, 14], [18, 15]], ""robot_pos"": [18, 7]}, ""1"": {""commit_remaining"": 4, ""committed_segment"": [[47, 2], [48, 2], [49, 2], [50, 2], [51, 2], [52, 2], [53, 2], [54, 2], [55, 2]], ""robot_pos"": [47, 2]}}","{""0"": {""commit_remaining"": 3, ""committed_segment"": [[18, 8], [18, 9], [18, 10], [18, 11], [18, 12], [18, 13], [18, 14], [18, 15]], ""robot_pos"": [18, 8]}, ""1"": {""commit_remaining"": 3, ""committed_segment"": [[48, 2], [49, 2], [50, 2], [51, 2], [52, 2], [53, 2], [54, 2], [55, 2]], ""robot_pos"": [48, 2]}}","{""0"": {""collision"": false, ""collision_cell"": null, ""move_success"": true, ""new_robot_pos"": [18, 8]}, ""1"": {""collision"": false, ""collision_cell"": null, ""move_success"": true, ""new_robot_pos"": [48, 2]}}","{""arrived"": {""0"": true, ""1"": true}, ""final_by_usv"": {""0"": {""arrived"": true, ""final_distance_to_target_m"": 4.945058764239108, ""final_projected_cell"": [18, 8], ""last_known_world"": [-324.7386779785156, 218.5863037109375, 0.15689007937908173], ""observer_pose_source"": ""live_location_sensor"", ""orientation_source"": ""live_orientation_sensor"", ""projection_matches_target"": true, ""standoff_anchor_cell"": [18, 11], ""standoff_anchor_world"": [-290.0, 220.0, 0.0], ""target_cell"": [18, 8], ""target_world"": [-320.0, 220.0, 0.0]}, ""1"": {""arrived"": true, ""final_distance_to_target_m"": 4.177609843631317, ""final_projected_cell"": [48, 2], ""last_known_world"": [-380.9281005859375, -75.92678833007812, 0.1717693954706192], ""observer_pose_source"": ""live_location_sensor"", ""orientation_source"": ""live_orientation_sensor"", ""projection_matches_target"": true, ""standoff_anchor_cell"": [51, 2], ""standoff_anchor_world"": [-380.0, -110.0, 0.0], ""target_cell"": [48, 2], ""target_world"": [-380.0, -80.0, 0.0]}}, ""per_step_fallback_counts"": {""0"": 0, ""1"": 0}, ""policy_step"": 13, ""run_kind"": ""calibration"", ""standoff_anchor_cells"": {""0"": [18, 11], ""1"": [51, 2]}, ""standoff_anchor_world"": {""0"": [-290.0, 220.0, 0.0], ""1"": [-380.0, -110.0, 0.0]}, ""step_min_inter_vessel_distance_m"": 290.4007343529432, ""step_ticks"": 83, ""target_cells"": {""0"": [18, 8], ""1"": [48, 2]}, ""target_world"": {""0"": [-320.0, 220.0, 0.0], ""1"": [-380.0, -80.0, 0.0]}, ""timeout"": false}",True,False,True,[],[false],[null],False,running,2.993256,False,False,False,False
calibration,14,True,baseline_GP.marine_knownmap_runtime_2usv._joint_assign_two_usv_segments,baseline_GP_mainline_planner,False,12.421484505307731,"[0, 1]",False,"[18, 39]","[56, 38]","[[18, 8], [18, 9], [18, 10], [18, 11], [18, 12], [18, 13], [18, 14], [18, 15], [18, 16]]","[[48, 2], [49, 2], [50, 2], [51, 2], [52, 2], [53, 2], [54, 2], [55, 2], [56, 2]]","[18, 9]","[49, 2]","[18, 12]","[52, 2]",baseline_GP_planner_committed_segment_lookahead,True,"{""0"": {""commit_remaining"": 4, ""committed_segment"": [[18, 8], [18, 9], [18, 10], [18, 11], [18, 12], [18, 13], [18, 14], [18, 15], [18, 16]], ""robot_pos"": [18, 8]}, ""1"": {""commit_remaining"": 4, ""committed_segment"": [[48, 2], [49, 2], [50, 2], [51, 2], [52, 2], [53, 2], [54, 2], [55, 2], [56, 2]], ""robot_pos"": [48, 2]}}","{""0"": {""commit_remaining"": 3, ""committed_segment"": [[18, 9], [18, 10], [18, 11], [18, 12], [18, 13], [18, 14], [18, 15], [18, 16]], ""robot_pos"": [18, 9]}, ""1"": {""commit_remaining"": 3, ""committed_segment"": [[49, 2], [50, 2], [51, 2], [52, 2], [53, 2], [54, 2], [55, 2], [56, 2]], ""robot_pos"": [49, 2]}}","{""0"": {""collision"": false, ""collision_cell"": null, ""move_success"": true, ""new_robot_pos"": [18, 9]}, ""1"": {""collision"": false, ""collision_cell"": null, ""move_success"": true, ""new_robot_pos"": [49, 2]}}","{""arrived"": {""0"": true, ""1"": true}, ""final_by_usv"": {""0"": {""arrived"": true, ""final_distance_to_target_m"": 4.972831372315799, ""final_projected_cell"": [18, 9], ""last_known_world"": [-314.8536682128906, 221.0821075439453, 0.1565180867910385], ""observer_pose_source"": ""live_location_sensor"", ""orientation_source"": ""live_orientation_sensor"", ""projection_matches_target"": true, ""standoff_anchor_cell"": [18, 12], ""standoff_anchor_world"": [-280.0, 220.0, 0.0], ""target_cell"": [18, 9], ""target_world"": [-310.0, 220.0, 0.0]}, ""1"": {""arrived"": true, ""final_distance_to_target_m"": 2.8715397657018995, ""final_projected_cell"": [49, 2], ""last_known_world"": [-381.1787109375, -87.38153076171875, 0.17386390268802643], ""observer_pose_source"": ""live_location_sensor"", ""orientation_source"": ""live_orientation_sensor"", ""projection_matches_target"": true, ""standoff_anchor_cell"": [52, 2], ""standoff_anchor_world"": [-380.0, -120.0, 0.0], ""target_cell"": [49, 2], ""target_world"": [-380.0, -90.0, 0.0]}}, ""per_step_fallback_counts"": {""0"": 0, ""1"": 0}, ""policy_step"": 14, ""run_kind"": ""calibration"", ""standoff_anchor_cells"": {""0"": [18, 12], ""1"": [52, 2]}, ""standoff_anchor_world"": {""0"": [-280.0, 220.0, 0.0], ""1"": [-380.0, -120.0, 0.0]}, ""step_min_inter_vessel_distance_m"": 299.8887468628093, ""step_ticks"": 83, ""target_cells"": {""0"": [18, 9], ""1"": [49, 2]}, ""target_world"": {""0"": [-310.0, 220.0, 0.0], ""1"": [-380.0, -90.0, 0.0]}, ""timeout"": false}",True,False,True,[],[false],[null],False,running,2.963595,False,False,False,False
calibration,15,True,baseline_GP.marine_knownmap_runtime_2usv._joint_assign_two_usv_segments,baseline_GP_mainline_planner,False,12.34375,"[0, 1]",False,"[18, 39]","[53, 41]","[[18, 9], [18, 10], [18, 11], [18, 12], [18, 13], [18, 14], [18, 15], [18, 16], [18, 17]]","[[49, 2], [50, 2], [51, 2], [52, 2], [53, 2], [53, 3], [53, 4], [53, 5], [53, 6]]","[18, 10]","[50, 2]","[18, 13]","[53, 2]",baseline_GP_planner_committed_segment_lookahead,True,"{""0"": {""commit_remaining"": 4, ""committed_segment"": [[18, 9], [18, 10], [18, 11], [18, 12], [18, 13], [18, 14], [18, 15], [18, 16], [18, 17]], ""robot_pos"": [18, 9]}, ""1"": {""commit_remaining"": 4, ""committed_segment"": [[49, 2], [50, 2], [51, 2], [52, 2], [53, 2], [53, 3], [53, 4], [53, 5], [53, 6]], ""robot_pos"": [49, 2]}}","{""0"": {""commit_remaining"": 3, ""committed_segment"": [[18, 10], [18, 11], [18, 12], [18, 13], [18, 14], [18, 15], [18, 16], [18, 17]], ""robot_pos"": [18, 10]}, ""1"": {""commit_remaining"": 3, ""committed_segment"": [[50, 2], [51, 2], [52, 2], [53, 2], [53, 3], [53, 4], [53, 5], [53, 6]], ""robot_pos"": [50, 2]}}","{""0"": {""collision"": false, ""collision_cell"": null, ""move_success"": true, ""new_robot_pos"": [18, 10]}, ""1"": {""collision"": false, ""collision_cell"": null, ""move_success"": true, ""new_robot_pos"": [50, 2]}}","{""arrived"": {""0"": true, ""1"": true}, ""final_by_usv"": {""0"": {""arrived"": true, ""final_distance_to_target_m"": 4.902217959123761, ""final_projected_cell"": [18, 10], ""last_known_world"": [-304.8416748046875, 220.76806640625, 0.15778011083602905], ""observer_pose_source"": ""live_location_sensor"", ""orientation_source"": ""live_orientation_sensor"", ""projection_matches_target"": true, ""standoff_anchor_cell"": [18, 13], ""standoff_anchor_world"": [-270.0, 220.0, 0.0], ""target_cell"": [18, 10], ""target_world"": [-300.0, 220.0, 0.0]}, ""1"": {""arrived"": true, ""final_distance_to_target_m"": 3.1507402481828346, ""final_projected_cell"": [50, 2], ""last_known_world"": [-378.67034912109375, -97.14356994628906, 0.1669110506772995], ""observer_pose_source"": ""live_location_sensor"", ""orientation_source"": ""live_orientation_sensor"", ""projection_matches_target"": true, ""standoff_anchor_cell"": [53, 2], ""standoff_anchor_world"": [-380.0, -130.0, 0.0], ""target_cell"": [50, 2], ""target_world"": [-380.0, -100.0, 0.0]}}, ""per_step_fallback_counts"": {""0"": 0, ""1"": 0}, ""policy_step"": 15, ""run_kind"": ""calibration"", ""standoff_anchor_cells"": {""0"": [18, 13], ""1"": [53, 2]}, ""standoff_anchor_world"": {""0"": [-270.0, 220.0, 0.0], ""1"": [-380.0, -130.0, 0.0]}, ""step_min_inter_vessel_distance_m"": 315.69473183711733, ""step_ticks"": 74, ""target_cells"": {""0"": [18, 10], ""1"": [50, 2]}, ""target_world"": {""0"": [-300.0, 220.0, 0.0], ""1"": [-380.0, -100.0, 0.0]}, ""timeout"": false}",True,False,True,[],[false],[null],False,running,2.638229,False,False,False,False
calibration,16,True,baseline_GP.marine_knownmap_runtime_2usv._joint_assign_two_usv_segments,baseline_GP_mainline_planner,False,14.68888888888889,"[0, 1]",False,"[18, 42]","[53, 41]","[[18, 10], [18, 11], [18, 12], [18, 13], [18, 14], [18, 15], [18, 16], [18, 17], [18, 18]]","[[50, 2], [51, 2], [52, 2], [53, 2], [53, 3], [53, 4], [53, 5], [53, 6], [53, 7]]","[18, 11]","[51, 2]","[18, 14]","[53, 3]",baseline_GP_planner_committed_segment_lookahead,True,"{""0"": {""commit_remaining"": 4, ""committed_segment"": [[18, 10], [18, 11], [18, 12], [18, 13], [18, 14], [18, 15], [18, 16], [18, 17], [18, 18]], ""robot_pos"": [18, 10]}, ""1"": {""commit_remaining"": 4, ""committed_segment"": [[50, 2], [51, 2], [52, 2], [53, 2], [53, 3], [53, 4], [53, 5], [53, 6], [53, 7]], ""robot_pos"": [50, 2]}}","{""0"": {""commit_remaining"": 3, ""committed_segment"": [[18, 11], [18, 12], [18, 13], [18, 14], [18, 15], [18, 16], [18, 17], [18, 18]], ""robot_pos"": [18, 11]}, ""1"": {""commit_remaining"": 3, ""committed_segment"": [[51, 2], [52, 2], [53, 2], [53, 3], [53, 4], [53, 5], [53, 6], [53, 7]], ""robot_pos"": [51, 2]}}","{""0"": {""collision"": false, ""collision_cell"": null, ""move_success"": true, ""new_robot_pos"": [18, 11]}, ""1"": {""collision"": false, ""collision_cell"": null, ""move_success"": true, ""new_robot_pos"": [51, 2]}}","{""arrived"": {""0"": true, ""1"": true}, ""final_by_usv"": {""0"": {""arrived"": true, ""final_distance_to_target_m"": 4.994631341876179, ""final_projected_cell"": [18, 11], ""last_known_world"": [-294.0313720703125, 217.05137634277344, 0.1631518304347992], ""observer_pose_source"": ""live_location_sensor"", ""orientation_source"": ""live_orientation_sensor"", ""projection_matches_target"": true, ""standoff_anchor_cell"": [18, 14], ""standoff_anchor_world"": [-260.0, 220.0, 0.0], ""target_cell"": [18, 11], ""target_world"": [-290.0, 220.0, 0.0]}, ""1"": {""arrived"": true, ""final_distance_to_target_m"": 3.3182034599788586, ""final_projected_cell"": [51, 2], ""last_known_world"": [-381.298828125, -106.9465560913086, 0.17183427512645721], ""observer_pose_source"": ""live_location_sensor"", ""orientation_source"": ""live_orientation_sensor"", ""projection_matches_target"": true, ""standoff_anchor_cell"": [53, 3], ""standoff_anchor_world"": [-370.0, -130.0, 0.0], ""target_cell"": [51, 2], ""target_world"": [-380.0, -110.0, 0.0]}}, ""per_step_fallback_counts"": {""0"": 0, ""1"": 0}, ""policy_step"": 16, ""run_kind"": ""calibration"", ""standoff_anchor_cells"": {""0"": [18, 14], ""1"": [53, 3]}, ""standoff_anchor_world"": {""0"": [-260.0, 220.0, 0.0], ""1"": [-370.0, -130.0, 0.0]}, ""step_min_inter_vessel_distance_m"": 326.4274059793378, ""step_ticks"": 91, ""target_cells"": {""0"": [18, 11], ""1"": [51, 2]}, ""target_world"": {""0"": [-290.0, 220.0, 0.0], ""1"": [-380.0, -110.0, 0.0]}, ""timeout"": false}",True,False,True,[],[false],[null],False,running,3.169253,False,False,False,False
calibration,17,True,baseline_GP.marine_knownmap_runtime_2usv._joint_assign_two_usv_segments,baseline_GP_mainline_planner,False,14.676923076923078,"[0, 1]",False,"[18, 42]","[53, 41]","[[18, 11], [18, 12], [18, 13], [18, 14], [18, 15], [18, 16], [18, 17], [18, 18], [18, 19]]","[[51, 2], [52, 2], [53, 2], [53, 3], [53, 4], [53, 5], [53, 6], [53, 7], [53, 8]]","[18, 12]","[52, 2]","[18, 15]","[53, 4]",baseline_GP_planner_committed_segment_lookahead,True,"{""0"": {""commit_remaining"": 4, ""committed_segment"": [[18, 11], [18, 12], [18, 13], [18, 14], [18, 15], [18, 16], [18, 17], [18, 18], [18, 19]], ""robot_pos"": [18, 11]}, ""1"": {""commit_remaining"": 4, ""committed_segment"": [[51, 2], [52, 2], [53, 2], [53, 3], [53, 4], [53, 5], [53, 6], [53, 7], [53, 8]], ""robot_pos"": [51, 2]}}","{""0"": {""commit_remaining"": 3, ""committed_segment"": [[18, 12], [18, 13], [18, 14], [18, 15], [18, 16], [18, 17], [18, 18], [18, 19]], ""robot_pos"": [18, 12]}, ""1"": {""commit_remaining"": 3, ""committed_segment"": [[52, 2], [53, 2], [53, 3], [53, 4], [53, 5], [53, 6], [53, 7], [53, 8]], ""robot_pos"": [52, 2]}}","{""0"": {""collision"": false, ""collision_cell"": null, ""move_success"": true, ""new_robot_pos"": [18, 12]}, ""1"": {""collision"": false, ""collision_cell"": null, ""move_success"": true, ""new_robot_pos"": [52, 2]}}","{""arrived"": {""0"": true, ""1"": true}, ""final_by_usv"": {""0"": {""arrived"": true, ""final_distance_to_target_m"": 4.971878582148884, ""final_projected_cell"": [18, 12], ""last_known_world"": [-284.7304382324219, 221.53053283691406, 0.161855086684227], ""observer_pose_source"": ""live_location_sensor"", ""orientation_source"": ""live_orientation_sensor"", ""projection_matches_target"": true, ""standoff_anchor_cell"": [18, 15], ""standoff_anchor_world"": [-250.0, 220.0, 0.0], ""target_cell"": [18, 12], ""target_world"": [-280.0, 220.0, 0.0]}, ""1"": {""arrived"": true, ""final_distance_to_target_m"": 4.335282285904746, ""final_projected_cell"": [52, 2], ""last_known_world"": [-378.0996398925781, -116.10342407226562, 0.17938947677612305], ""observer_pose_source"": ""live_location_sensor"", ""orientation_source"": ""live_orientation_sensor"", ""projection_matches_target"": true, ""standoff_anchor_cell"": [53, 4], ""standoff_anchor_world"": [-360.0, -130.0, 0.0], ""target_cell"": [52, 2], ""target_world"": [-380.0, -120.0, 0.0]}}, ""per_step_fallback_counts"": {""0"": 0, ""1"": 0}, ""policy_step"": 17, ""run_kind"": ""calibration"", ""standoff_anchor_cells"": {""0"": [18, 15], ""1"": [53, 4]}, ""standoff_anchor_world"": {""0"": [-250.0, 220.0, 0.0], ""1"": [-360.0, -130.0, 0.0]}, ""step_min_inter_vessel_distance_m"": 335.68452825755367, ""step_ticks"": 88, ""target_cells"": {""0"": [18, 12], ""1"": [52, 2]}, ""target_world"": {""0"": [-280.0, 220.0, 0.0], ""1"": [-380.0, -120.0, 0.0]}, ""timeout"": false}",True,False,True,[],[false],[null],False,running,3.153392,False,False,False,False
calibration,18,True,baseline_GP.marine_knownmap_runtime_2usv._joint_assign_two_usv_segments,baseline_GP_mainline_planner,False,14.679166666666667,"[0, 1]",False,"[18, 42]","[53, 41]","[[18, 12], [18, 13], [18, 14], [18, 15], [18, 16], [18, 17], [18, 18], [18, 19], [18, 20]]","[[52, 2], [53, 2], [53, 3], [53, 4], [53, 5], [53, 6], [53, 7], [53, 8], [53, 9]]","[18, 13]","[53, 2]","[18, 16]","[53, 5]",baseline_GP_planner_committed_segment_lookahead,True,"{""0"": {""commit_remaining"": 4, ""committed_segment"": [[18, 12], [18, 13], [18, 14], [18, 15], [18, 16], [18, 17], [18, 18], [18, 19], [18, 20]], ""robot_pos"": [18, 12]}, ""1"": {""commit_remaining"": 4, ""committed_segment"": [[52, 2], [53, 2], [53, 3], [53, 4], [53, 5], [53, 6], [53, 7], [53, 8], [53, 9]], ""robot_pos"": [52, 2]}}","{""0"": {""commit_remaining"": 3, ""committed_segment"": [[18, 13], [18, 14], [18, 15], [18, 16], [18, 17], [18, 18], [18, 19], [18, 20]], ""robot_pos"": [18, 13]}, ""1"": {""commit_remaining"": 3, ""committed_segment"": [[53, 2], [53, 3], [53, 4], [53, 5], [53, 6], [53, 7], [53, 8], [53, 9]], ""robot_pos"": [53, 2]}}","{""0"": {""collision"": false, ""collision_cell"": null, ""move_success"": true, ""new_robot_pos"": [18, 13]}, ""1"": {""collision"": false, ""collision_cell"": null, ""move_success"": true, ""new_robot_pos"": [53, 2]}}","{""arrived"": {""0"": true, ""1"": true}, ""final_by_usv"": {""0"": {""arrived"": true, ""final_distance_to_target_m"": 4.99699344290734, ""final_projected_cell"": [18, 13], ""last_known_world"": [-274.9585266113281, 219.38116455078125, 0.1608477681875229], ""observer_pose_source"": ""live_location_sensor"", ""orientation_source"": ""live_orientation_sensor"", ""projection_matches_target"": true, ""standoff_anchor_cell"": [18, 16], ""standoff_anchor_world"": [-240.0, 220.0, 0.0], ""target_cell"": [18, 13], ""target_world"": [-270.0, 220.0, 0.0]}, ""1"": {""arrived"": true, ""final_distance_to_target_m"": 4.724514812849394, ""final_projected_cell"": [53, 2], ""last_known_world"": [-380.926025390625, -125.36712646484375, 0.17059969902038574], ""observer_pose_source"": ""live_location_sensor"", ""orientation_source"": ""live_orientation_sensor"", ""projection_matches_target"": true, ""standoff_anchor_cell"": [53, 5], ""standoff_anchor_world"": [-350.0, -130.0, 0.0], ""target_cell"": [53, 2], ""target_world"": [-380.0, -130.0, 0.0]}}, ""per_step_fallback_counts"": {""0"": 0, ""1"": 0}, ""policy_step"": 18, ""run_kind"": ""calibration"", ""standoff_anchor_cells"": {""0"": [18, 16], ""1"": [53, 5]}, ""standoff_anchor_world"": {""0"": [-240.0, 220.0, 0.0], ""1"": [-350.0, -130.0, 0.0]}, ""step_min_inter_vessel_distance_m"": 350.4946975829135, ""step_ticks"": 72, ""target_cells"": {""0"": [18, 13], ""1"": [53, 2]}, ""target_world"": {""0"": [-270.0, 220.0, 0.0], ""1"": [-380.0, -130.0, 0.0]}, ""timeout"": false}",True,False,True,[],[false],[null],False,running,2.617662,False,False,False,False
calibration,19,True,baseline_GP.marine_knownmap_runtime_2usv._joint_assign_two_usv_segments,baseline_GP_mainline_planner,False,13.62798638360166,"[0, 1]",False,"[24, 11]","[53, 42]","[[18, 13], [19, 13], [20, 13], [21, 13], [22, 13], [23, 13], [24, 13], [24, 12], [24, 11]]","[[53, 2], [53, 3], [53, 4], [53, 5], [53, 6], [53, 7], [53, 8], [53, 9], [53, 10]]","[19, 13]","[53, 3]","[22, 13]","[53, 6]",baseline_GP_planner_committed_segment_lookahead,True,"{""0"": {""commit_remaining"": 4, ""committed_segment"": [[18, 13], [19, 13], [20, 13], [21, 13], [22, 13], [23, 13], [24, 13], [24, 12], [24, 11]], ""robot_pos"": [18, 13]}, ""1"": {""commit_remaining"": 4, ""committed_segment"": [[53, 2], [53, 3], [53, 4], [53, 5], [53, 6], [53, 7], [53, 8], [53, 9], [53, 10]], ""robot_pos"": [53, 2]}}","{""0"": {""commit_remaining"": 3, ""committed_segment"": [[19, 13], [20, 13], [21, 13], [22, 13], [23, 13], [24, 13], [24, 12], [24, 11]], ""robot_pos"": [19, 13]}, ""1"": {""commit_remaining"": 3, ""committed_segment"": [[53, 3], [53, 4], [53, 5], [53, 6], [53, 7], [53, 8], [53, 9], [53, 10]], ""robot_pos"": [53, 3]}}","{""0"": {""collision"": false, ""collision_cell"": null, ""move_success"": true, ""new_robot_pos"": [19, 13]}, ""1"": {""collision"": false, ""collision_cell"": null, ""move_success"": true, ""new_robot_pos"": [53, 3]}}","{""arrived"": {""0"": true, ""1"": true}, ""final_by_usv"": {""0"": {""arrived"": true, ""final_distance_to_target_m"": 3.2310793098150734, ""final_projected_cell"": [19, 13], ""last_known_world"": [-268.65155029296875, 212.93624877929688, 0.15783299505710602], ""observer_pose_source"": ""live_location_sensor"", ""orientation_source"": ""live_orientation_sensor"", ""projection_matches_target"": true, ""standoff_anchor_cell"": [22, 13], ""standoff_anchor_world"": [-270.0, 180.0, 0.0], ""target_cell"": [19, 13], ""target_world"": [-270.0, 210.0, 0.0]}, ""1"": {""arrived"": true, ""final_distance_to_target_m"": 4.952076460636459, ""final_projected_cell"": [53, 3], ""last_known_world"": [-374.58154296875, -128.12049865722656, 0.2021985799074173], ""observer_pose_source"": ""live_location_sensor"", ""orientation_source"": ""live_orientation_sensor"", ""projection_matches_target"": true, ""standoff_anchor_cell"": [53, 6], ""standoff_anchor_world"": [-340.0, -130.0, 0.0], ""target_cell"": [53, 3], ""target_world"": [-370.0, -130.0, 0.0]}}, ""per_step_fallback_counts"": {""0"": 0, ""1"": 0}, ""policy_step"": 19, ""run_kind"": ""calibration"", ""standoff_anchor_cells"": {""0"": [22, 13], ""1"": [53, 6]}, ""standoff_anchor_world"": {""0"": [-270.0, 180.0, 0.0], ""1"": [-340.0, -130.0, 0.0]}, ""step_min_inter_vessel_distance_m"": 357.1286439369875, ""step_ticks"": 87, ""target_cells"": {""0"": [19, 13], ""1"": [53, 3]}, ""target_world"": {""0"": [-270.0, 210.0, 0.0], ""1"": [-370.0, -130.0, 0.0]}, ""timeout"": false}",True,False,True,[],[false],[null],False,running,3.061627,False,False,False,False
calibration,20,True,baseline_GP.marine_knownmap_runtime_2usv._joint_assign_two_usv_segments,baseline_GP_mainline_planner,False,13.928105210648244,"[0, 1]",False,"[27, 12]","[53, 40]","[[19, 13], [20, 13], [21, 13], [22, 13], [23, 13], [24, 13], [25, 13], [26, 13], [27, 13]]","[[53, 3], [53, 4], [53, 5], [53, 6], [53, 7], [53, 8], [53, 9], [53, 10], [53, 11]]","[20, 13]","[53, 4]","[23, 13]","[53, 7]",baseline_GP_planner_committed_segment_lookahead,True,"{""0"": {""commit_remaining"": 4, ""committed_segment"": [[19, 13], [20, 13], [21, 13], [22, 13], [23, 13], [24, 13], [25, 13], [26, 13], [27, 13]], ""robot_pos"": [19, 13]}, ""1"": {""commit_remaining"": 4, ""committed_segment"": [[53, 3], [53, 4], [53, 5], [53, 6], [53, 7], [53, 8], [53, 9], [53, 10], [53, 11]], ""robot_pos"": [53, 3]}}","{""0"": {""commit_remaining"": 3, ""committed_segment"": [[20, 13], [21, 13], [22, 13], [23, 13], [24, 13], [25, 13], [26, 13], [27, 13]], ""robot_pos"": [20, 13]}, ""1"": {""commit_remaining"": 3, ""committed_segment"": [[53, 4], [53, 5], [53, 6], [53, 7], [53, 8], [53, 9], [53, 10], [53, 11]], ""robot_pos"": [53, 4]}}","{""0"": {""collision"": false, ""collision_cell"": null, ""move_success"": true, ""new_robot_pos"": [20, 13]}, ""1"": {""collision"": false, ""collision_cell"": null, ""move_success"": true, ""new_robot_pos"": [53, 4]}}","{""arrived"": {""0"": true, ""1"": true}, ""final_by_usv"": {""0"": {""arrived"": true, ""final_distance_to_target_m"": 3.470029047534076, ""final_projected_cell"": [20, 13], ""last_known_world"": [-271.5715637207031, 203.09375, 0.16418498754501343], ""observer_pose_source"": ""live_location_sensor"", ""orientation_source"": ""live_orientation_sensor"", ""projection_matches_target"": true, ""standoff_anchor_cell"": [23, 13], ""standoff_anchor_world"": [-270.0, 170.0, 0.0], ""target_cell"": [20, 13], ""target_world"": [-270.0, 200.0, 0.0]}, ""1"": {""arrived"": true, ""final_distance_to_target_m"": 4.96555173076307, ""final_projected_cell"": [53, 4], ""last_known_world"": [-363.40435791015625, -126.38516235351562, 0.18789710104465485], ""observer_pose_source"": ""live_location_sensor"", ""orientation_source"": ""live_orientation_sensor"", ""projection_matches_target"": true, ""standoff_anchor_cell"": [53, 7], ""standoff_anchor_world"": [-330.0, -130.0, 0.0], ""target_cell"": [53, 4], ""target_world"": [-360.0, -130.0, 0.0]}}, ""per_step_fallback_counts"": {""0"": 0, ""1"": 0}, ""policy_step"": 20, ""run_kind"": ""calibration"", ""standoff_anchor_cells"": {""0"": [23, 13], ""1"": [53, 7]}, ""standoff_anchor_world"": {""0"": [-270.0, 170.0, 0.0], ""1"": [-330.0, -130.0, 0.0]}, ""step_min_inter_vessel_distance_m"": 342.0374479122105, ""step_ticks"": 92, ""target_cells"": {""0"": [20, 13], ""1"": [53, 4]}, ""target_world"": {""0"": [-270.0, 200.0, 0.0], ""1"": [-360.0, -130.0, 0.0]}, ""timeout"": false}",True,False,True,[],[false],[null],False,running,3.219919,False,False,False,False
target,1,True,baseline_GP.marine_knownmap_runtime_2usv._joint_assign_two_usv_segments,baseline_GP_mainline_planner,False,6.486486486486487,"[0, 1]",False,"[16, 39]","[53, 39]","[[25, 2], [24, 2], [23, 2], [22, 2], [21, 2], [20, 2], [19, 2], [18, 2], [17, 2]]","[[35, 2], [36, 2], [37, 2], [38, 2], [39, 2], [40, 2], [41, 2], [42, 2], [43, 2]]","[24, 2]","[36, 2]","[21, 2]","[39, 2]",baseline_GP_planner_committed_segment_lookahead,True,"{""0"": {""commit_remaining"": 4, ""committed_segment"": [[25, 2], [24, 2], [23, 2], [22, 2], [21, 2], [20, 2], [19, 2], [18, 2], [17, 2]], ""robot_pos"": [25, 2]}, ""1"": {""commit_remaining"": 4, ""committed_segment"": [[35, 2], [36, 2], [37, 2], [38, 2], [39, 2], [40, 2], [41, 2], [42, 2], [43, 2]], ""robot_pos"": [35, 2]}}","{""0"": {""commit_remaining"": 3, ""committed_segment"": [[24, 2], [23, 2], [22, 2], [21, 2], [20, 2], [19, 2], [18, 2], [17, 2]], ""robot_pos"": [24, 2]}, ""1"": {""commit_remaining"": 3, ""committed_segment"": [[36, 2], [37, 2], [38, 2], [39, 2], [40, 2], [41, 2], [42, 2], [43, 2]], ""robot_pos"": [36, 2]}}","{""0"": {""collision"": false, ""collision_cell"": null, ""move_success"": true, ""new_robot_pos"": [24, 2]}, ""1"": {""collision"": false, ""collision_cell"": null, ""move_success"": true, ""new_robot_pos"": [36, 2]}}","{""arrived"": {""0"": true, ""1"": true}, ""final_by_usv"": {""0"": {""arrived"": true, ""final_distance_to_target_m"": 4.988743414231295, ""final_projected_cell"": [24, 2], ""last_known_world"": [-379.4670104980469, 155.03981018066406, 0.2130604088306427], ""observer_pose_source"": ""live_location_sensor"", ""orientation_source"": ""live_orientation_sensor"", ""projection_matches_target"": true, ""standoff_anchor_cell"": [21, 2], ""standoff_anchor_world"": [-380.0, 190.0, 0.0], ""target_cell"": [24, 2], ""target_world"": [-380.0, 160.0, 0.0]}, ""1"": {""arrived"": true, ""final_distance_to_target_m"": 4.988692510720079, ""final_projected_cell"": [36, 2], ""last_known_world"": [-379.4669189453125, 44.96012878417969, 0.21299785375595093], ""observer_pose_source"": ""live_location_sensor"", ""orientation_source"": ""live_orientation_sensor"", ""projection_matches_target"": true, ""standoff_anchor_cell"": [39, 2], ""standoff_anchor_world"": [-380.0, 10.0, 0.0], ""target_cell"": [36, 2], ""target_world"": [-380.0, 40.0, 0.0]}}, ""per_step_fallback_counts"": {""0"": 0, ""1"": 0}, ""policy_step"": 1, ""run_kind"": ""target"", ""standoff_anchor_cells"": {""0"": [21, 2], ""1"": [39, 2]}, ""standoff_anchor_world"": {""0"": [-380.0, 190.0, 0.0], ""1"": [-380.0, 10.0, 0.0]}, ""step_min_inter_vessel_distance_m"": 99.958946228032, ""step_ticks"": 75, ""target_cells"": {""0"": [24, 2], ""1"": [36, 2]}, ""target_world"": {""0"": [-380.0, 160.0, 0.0], ""1"": [-380.0, 40.0, 0.0]}, ""timeout"": false}",True,True,True,[],[false],[null],False,running,2.968882,False,False,False,False
target,2,True,baseline_GP.marine_knownmap_runtime_2usv._joint_assign_two_usv_segments,baseline_GP_mainline_planner,False,6.15,"[0, 1]",False,"[18, 41]","[54, 39]","[[24, 2], [23, 2], [22, 2], [21, 2], [20, 2], [19, 2], [18, 2], [18, 3], [18, 4]]","[[36, 2], [37, 2], [38, 2], [39, 2], [40, 2], [41, 2], [42, 2], [43, 2], [44, 2]]","[23, 2]","[37, 2]","[20, 2]","[40, 2]",baseline_GP_planner_committed_segment_lookahead,True,"{""0"": {""commit_remaining"": 4, ""committed_segment"": [[24, 2], [23, 2], [22, 2], [21, 2], [20, 2], [19, 2], [18, 2], [18, 3], [18, 4]], ""robot_pos"": [24, 2]}, ""1"": {""commit_remaining"": 4, ""committed_segment"": [[36, 2], [37, 2], [38, 2], [39, 2], [40, 2], [41, 2], [42, 2], [43, 2], [44, 2]], ""robot_pos"": [36, 2]}}","{""0"": {""commit_remaining"": 3, ""committed_segment"": [[23, 2], [22, 2], [21, 2], [20, 2], [19, 2], [18, 2], [18, 3], [18, 4]], ""robot_pos"": [23, 2]}, ""1"": {""commit_remaining"": 3, ""committed_segment"": [[37, 2], [38, 2], [39, 2], [40, 2], [41, 2], [42, 2], [43, 2], [44, 2]], ""robot_pos"": [37, 2]}}","{""0"": {""collision"": false, ""collision_cell"": null, ""move_success"": true, ""new_robot_pos"": [23, 2]}, ""1"": {""collision"": false, ""collision_cell"": null, ""move_success"": true, ""new_robot_pos"": [37, 2]}}","{""arrived"": {""0"": true, ""1"": true}, ""final_by_usv"": {""0"": {""arrived"": true, ""final_distance_to_target_m"": 4.960144162103227, ""final_projected_cell"": [23, 2], ""last_known_world"": [-383.825439453125, 166.84262084960938, 0.18496300280094147], ""observer_pose_source"": ""live_location_sensor"", ""orientation_source"": ""live_orientation_sensor"", ""projection_matches_target"": true, ""standoff_anchor_cell"": [20, 2], ""standoff_anchor_world"": [-380.0, 200.0, 0.0], ""target_cell"": [23, 2], ""target_world"": [-380.0, 170.0, 0.0]}, ""1"": {""arrived"": true, ""final_distance_to_target_m"": 4.9600696328968015, ""final_projected_cell"": [37, 2], ""last_known_world"": [-383.8254089355469, 33.15729904174805, 0.18932515382766724], ""observer_pose_source"": ""live_location_sensor"", ""orientation_source"": ""live_orientation_sensor"", ""projection_matches_target"": true, ""standoff_anchor_cell"": [40, 2], ""standoff_anchor_world"": [-380.0, 0.0, 0.0], ""target_cell"": [37, 2], ""target_world"": [-380.0, 30.0, 0.0]}}, ""per_step_fallback_counts"": {""0"": 0, ""1"": 0}, ""policy_step"": 2, ""run_kind"": ""target"", ""standoff_anchor_cells"": {""0"": [20, 2], ""1"": [40, 2]}, ""standoff_anchor_world"": {""0"": [-380.0, 200.0, 0.0], ""1"": [-380.0, 0.0, 0.0]}, ""step_min_inter_vessel_distance_m"": 110.34979248050674, ""step_ticks"": 111, ""target_cells"": {""0"": [23, 2], ""1"": [37, 2]}, ""target_world"": {""0"": [-380.0, 170.0, 0.0], ""1"": [-380.0, 30.0, 0.0]}, ""timeout"": false}",True,True,True,[],[false],[null],False,running,4.199611,False,False,False,False
target,3,True,baseline_GP.marine_knownmap_runtime_2usv._joint_assign_two_usv_segments,baseline_GP_mainline_planner,False,6.15,"[0, 1]",False,"[18, 41]","[54, 40]","[[23, 2], [22, 2], [21, 2], [20, 2], [19, 2], [18, 2], [18, 3], [18, 4], [18, 5]]","[[37, 2], [38, 2], [39, 2], [40, 2], [41, 2], [42, 2], [43, 2], [44, 2], [45, 2]]","[22, 2]","[38, 2]","[19, 2]","[41, 2]",baseline_GP_planner_committed_segment_lookahead,True,"{""0"": {""commit_remaining"": 4, ""committed_segment"": [[23, 2], [22, 2], [21, 2], [20, 2], [19, 2], [18, 2], [18, 3], [18, 4], [18, 5]], ""robot_pos"": [23, 2]}, ""1"": {""commit_remaining"": 4, ""committed_segment"": [[37, 2], [38, 2], [39, 2], [40, 2], [41, 2], [42, 2], [43, 2], [44, 2], [45, 2]], ""robot_pos"": [37, 2]}}","{""0"": {""commit_remaining"": 3, ""committed_segment"": [[22, 2], [21, 2], [20, 2], [19, 2], [18, 2], [18, 3], [18, 4], [18, 5]], ""robot_pos"": [22, 2]}, ""1"": {""commit_remaining"": 3, ""committed_segment"": [[38, 2], [39, 2], [40, 2], [41, 2], [42, 2], [43, 2], [44, 2], [45, 2]], ""robot_pos"": [38, 2]}}","{""0"": {""collision"": false, ""collision_cell"": null, ""move_success"": true, ""new_robot_pos"": [22, 2]}, ""1"": {""collision"": false, ""collision_cell"": null, ""move_success"": true, ""new_robot_pos"": [38, 2]}}","{""arrived"": {""0"": true, ""1"": true}, ""final_by_usv"": {""0"": {""arrived"": true, ""final_distance_to_target_m"": 4.968616282607319, ""final_projected_cell"": [22, 2], ""last_known_world"": [-378.4474792480469, 175.28016662597656, 0.16780412197113037], ""observer_pose_source"": ""live_location_sensor"", ""orientation_source"": ""live_orientation_sensor"", ""projection_matches_target"": true, ""standoff_anchor_cell"": [19, 2], ""standoff_anchor_world"": [-380.0, 210.0, 0.0], ""target_cell"": [22, 2], ""target_world"": [-380.0, 180.0, 0.0]}, ""1"": {""arrived"": true, ""final_distance_to_target_m"": 4.96857871049717, ""final_projected_cell"": [38, 2], ""last_known_world"": [-378.44744873046875, 24.719783782958984, 0.17299515008926392], ""observer_pose_source"": ""live_location_sensor"", ""orientation_source"": ""live_orientation_sensor"", ""projection_matches_target"": true, ""standoff_anchor_cell"": [41, 2], ""standoff_anchor_world"": [-380.0, -10.0, 0.0], ""target_cell"": [38, 2], ""target_world"": [-380.0, 20.0, 0.0]}}, ""per_step_fallback_counts"": {""0"": 0, ""1"": 0}, ""policy_step"": 3, ""run_kind"": ""target"", ""standoff_anchor_cells"": {""0"": [19, 2], ""1"": [41, 2]}, ""standoff_anchor_world"": {""0"": [-380.0, 210.0, 0.0], ""1"": [-380.0, -10.0, 0.0]}, ""step_min_inter_vessel_distance_m"": 133.8973464965855, ""step_ticks"": 88, ""target_cells"": {""0"": [22, 2], ""1"": [38, 2]}, ""target_world"": {""0"": [-380.0, 180.0, 0.0], ""1"": [-380.0, 20.0, 0.0]}, ""timeout"": false}",True,True,True,[],[false],[null],False,running,3.278561,False,False,False,False
target,4,True,baseline_GP.marine_knownmap_runtime_2usv._joint_assign_two_usv_segments,baseline_GP_mainline_planner,False,6.15,"[0, 1]",False,"[18, 40]","[54, 40]","[[22, 2], [21, 2], [20, 2], [19, 2], [18, 2], [18, 3], [18, 4], [18, 5], [18, 6]]","[[38, 2], [39, 2], [40, 2], [41, 2], [42, 2], [43, 2], [44, 2], [45, 2], [46, 2]]","[21, 2]","[39, 2]","[18, 2]","[42, 2]",baseline_GP_planner_committed_segment_lookahead,True,"{""0"": {""commit_remaining"": 4, ""committed_segment"": [[22, 2], [21, 2], [20, 2], [19, 2], [18, 2], [18, 3], [18, 4], [18, 5], [18, 6]], ""robot_pos"": [22, 2]}, ""1"": {""commit_remaining"": 4, ""committed_segment"": [[38, 2], [39, 2], [40, 2], [41, 2], [42, 2], [43, 2], [44, 2], [45, 2], [46, 2]], ""robot_pos"": [38, 2]}}","{""0"": {""commit_remaining"": 3, ""committed_segment"": [[21, 2], [20, 2], [19, 2], [18, 2], [18, 3], [18, 4], [18, 5], [18, 6]], ""robot_pos"": [21, 2]}, ""1"": {""commit_remaining"": 3, ""committed_segment"": [[39, 2], [40, 2], [41, 2], [42, 2], [43, 2], [44, 2], [45, 2], [46, 2]], ""robot_pos"": [39, 2]}}","{""0"": {""collision"": false, ""collision_cell"": null, ""move_success"": true, ""new_robot_pos"": [21, 2]}, ""1"": {""collision"": false, ""collision_cell"": null, ""move_success"": true, ""new_robot_pos"": [39, 2]}}","{""arrived"": {""0"": true, ""1"": true}, ""final_by_usv"": {""0"": {""arrived"": true, ""final_distance_to_target_m"": 4.9356740589646995, ""final_projected_cell"": [21, 2], ""last_known_world"": [-379.2997131347656, 185.1142578125, 0.16372007131576538], ""observer_pose_source"": ""live_location_sensor"", ""orientation_source"": ""live_orientation_sensor"", ""projection_matches_target"": true, ""standoff_anchor_cell"": [18, 2], ""standoff_anchor_world"": [-380.0, 220.0, 0.0], ""target_cell"": [21, 2], ""target_world"": [-380.0, 190.0, 0.0]}, ""1"": {""arrived"": true, ""final_distance_to_target_m"": 4.93562080341838, ""final_projected_cell"": [39, 2], ""last_known_world"": [-379.2996826171875, 14.8856840133667, 0.16773439943790436], ""observer_pose_source"": ""live_location_sensor"", ""orientation_source"": ""live_orientation_sensor"", ""projection_matches_target"": true, ""standoff_anchor_cell"": [42, 2], ""standoff_anchor_world"": [-380.0, -20.0, 0.0], ""target_cell"": [39, 2], ""target_world"": [-380.0, 10.0, 0.0]}}, ""per_step_fallback_counts"": {""0"": 0, ""1"": 0}, ""policy_step"": 4, ""run_kind"": ""target"", ""standoff_anchor_cells"": {""0"": [18, 2], ""1"": [42, 2]}, ""standoff_anchor_world"": {""0"": [-380.0, 220.0, 0.0], ""1"": [-380.0, -20.0, 0.0]}, ""step_min_inter_vessel_distance_m"": 150.82594108581543, ""step_ticks"": 68, ""target_cells"": {""0"": [21, 2], ""1"": [39, 2]}, ""target_world"": {""0"": [-380.0, 190.0, 0.0], ""1"": [-380.0, 10.0, 0.0]}, ""timeout"": false}",True,True,True,[],[false],[null],False,running,2.572021,False,False,False,False
target,5,True,baseline_GP.marine_knownmap_runtime_2usv._joint_assign_two_usv_segments,baseline_GP_mainline_planner,False,8.5,"[0, 1]",False,"[18, 40]","[54, 40]","[[21, 2], [20, 2], [19, 2], [18, 2], [18, 3], [18, 4], [18, 5], [18, 6], [18, 7]]","[[39, 2], [40, 2], [41, 2], [42, 2], [43, 2], [44, 2], [45, 2], [46, 2], [47, 2]]","[20, 2]","[40, 2]","[18, 3]","[43, 2]",baseline_GP_planner_committed_segment_lookahead,True,"{""0"": {""commit_remaining"": 4, ""committed_segment"": [[21, 2], [20, 2], [19, 2], [18, 2], [18, 3], [18, 4], [18, 5], [18, 6], [18, 7]], ""robot_pos"": [21, 2]}, ""1"": {""commit_remaining"": 4, ""committed_segment"": [[39, 2], [40, 2], [41, 2], [42, 2], [43, 2], [44, 2], [45, 2], [46, 2], [47, 2]], ""robot_pos"": [39, 2]}}","{""0"": {""commit_remaining"": 3, ""committed_segment"": [[20, 2], [19, 2], [18, 2], [18, 3], [18, 4], [18, 5], [18, 6], [18, 7]], ""robot_pos"": [20, 2]}, ""1"": {""commit_remaining"": 3, ""committed_segment"": [[40, 2], [41, 2], [42, 2], [43, 2], [44, 2], [45, 2], [46, 2], [47, 2]], ""robot_pos"": [40, 2]}}","{""0"": {""collision"": false, ""collision_cell"": null, ""move_success"": true, ""new_robot_pos"": [20, 2]}, ""1"": {""collision"": false, ""collision_cell"": null, ""move_success"": true, ""new_robot_pos"": [40, 2]}}","{""arrived"": {""0"": true, ""1"": true}, ""final_by_usv"": {""0"": {""arrived"": true, ""final_distance_to_target_m"": 4.938535508254186, ""final_projected_cell"": [20, 2], ""last_known_world"": [-382.84136962890625, 195.96072387695312, 0.16118547320365906], ""observer_pose_source"": ""live_location_sensor"", ""orientation_source"": ""live_orientation_sensor"", ""projection_matches_target"": true, ""standoff_anchor_cell"": [18, 3], ""standoff_anchor_world"": [-370.0, 220.0, 0.0], ""target_cell"": [20, 2], ""target_world"": [-380.0, 200.0, 0.0]}, ""1"": {""arrived"": true, ""final_distance_to_target_m"": 4.938461788688191, ""final_projected_cell"": [40, 2], ""last_known_world"": [-382.8413391113281, 4.039207458496094, 0.1618550419807434], ""observer_pose_source"": ""live_location_sensor"", ""orientation_source"": ""live_orientation_sensor"", ""projection_matches_target"": true, ""standoff_anchor_cell"": [43, 2], ""standoff_anchor_world"": [-380.0, -30.0, 0.0], ""target_cell"": [40, 2], ""target_world"": [-380.0, 0.0, 0.0]}}, ""per_step_fallback_counts"": {""0"": 0, ""1"": 0}, ""policy_step"": 5, ""run_kind"": ""target"", ""standoff_anchor_cells"": {""0"": [18, 3], ""1"": [43, 2]}, ""standoff_anchor_world"": {""0"": [-370.0, 220.0, 0.0], ""1"": [-380.0, -30.0, 0.0]}, ""step_min_inter_vessel_distance_m"": 170.51437473297392, ""step_ticks"": 90, ""target_cells"": {""0"": [20, 2], ""1"": [40, 2]}, ""target_world"": {""0"": [-380.0, 200.0, 0.0], ""1"": [-380.0, 0.0, 0.0]}, ""timeout"": false}",True,True,True,[],[false],[null],False,running,3.410768,False,False,False,False
target,6,True,baseline_GP.marine_knownmap_runtime_2usv._joint_assign_two_usv_segments,baseline_GP_mainline_planner,False,8.5,"[0, 1]",False,"[18, 41]","[54, 40]","[[20, 2], [19, 2], [18, 2], [18, 3], [18, 4], [18, 5], [18, 6], [18, 7], [18, 8]]","[[40, 2], [41, 2], [42, 2], [43, 2], [44, 2], [45, 2], [46, 2], [47, 2], [48, 2]]","[19, 2]","[41, 2]","[18, 4]","[44, 2]",baseline_GP_planner_committed_segment_lookahead,True,"{""0"": {""commit_remaining"": 4, ""committed_segment"": [[20, 2], [19, 2], [18, 2], [18, 3], [18, 4], [18, 5], [18, 6], [18, 7], [18, 8]], ""robot_pos"": [20, 2]}, ""1"": {""commit_remaining"": 4, ""committed_segment"": [[40, 2], [41, 2], [42, 2], [43, 2], [44, 2], [45, 2], [46, 2], [47, 2], [48, 2]], ""robot_pos"": [40, 2]}}","{""0"": {""commit_remaining"": 3, ""committed_segment"": [[19, 2], [18, 2], [18, 3], [18, 4], [18, 5], [18, 6], [18, 7], [18, 8]], ""robot_pos"": [19, 2]}, ""1"": {""commit_remaining"": 3, ""committed_segment"": [[41, 2], [42, 2], [43, 2], [44, 2], [45, 2], [46, 2], [47, 2], [48, 2]], ""robot_pos"": [41, 2]}}","{""0"": {""collision"": false, ""collision_cell"": null, ""move_success"": true, ""new_robot_pos"": [19, 2]}, ""1"": {""collision"": false, ""collision_cell"": null, ""move_success"": true, ""new_robot_pos"": [41, 2]}}","{""arrived"": {""0"": true, ""1"": true}, ""final_by_usv"": {""0"": {""arrived"": true, ""final_distance_to_target_m"": 4.928487328419366, ""final_projected_cell"": [19, 2], ""last_known_world"": [-378.35552978515625, 205.3539581298828, 0.1628722846508026], ""observer_pose_source"": ""live_location_sensor"", ""orientation_source"": ""live_orientation_sensor"", ""projection_matches_target"": true, ""standoff_anchor_cell"": [18, 4], ""standoff_anchor_world"": [-360.0, 220.0, 0.0], ""target_cell"": [19, 2], ""target_world"": [-380.0, 210.0, 0.0]}, ""1"": {""arrived"": true, ""final_distance_to_target_m"": 4.928541251632003, ""final_projected_cell"": [41, 2], ""last_known_world"": [-378.3554382324219, -5.353933334350586, 0.16976965963840485], ""observer_pose_source"": ""live_location_sensor"", ""orientation_source"": ""live_orientation_sensor"", ""projection_matches_target"": true, ""standoff_anchor_cell"": [44, 2], ""standoff_anchor_world"": [-380.0, -40.0, 0.0], ""target_cell"": [41, 2], ""target_world"": [-380.0, -10.0, 0.0]}}, ""per_step_fallback_counts"": {""0"": 0, ""1"": 0}, ""policy_step"": 6, ""run_kind"": ""target"", ""standoff_anchor_cells"": {""0"": [18, 4], ""1"": [44, 2]}, ""standoff_anchor_world"": {""0"": [-360.0, 220.0, 0.0], ""1"": [-380.0, -40.0, 0.0]}, ""step_min_inter_vessel_distance_m"": 192.14985108375794, ""step_ticks"": 90, ""target_cells"": {""0"": [19, 2], ""1"": [41, 2]}, ""target_world"": {""0"": [-380.0, 210.0, 0.0], ""1"": [-380.0, -10.0, 0.0]}, ""timeout"": false}",True,True,True,[],[false],[null],False,running,3.362932,False,False,False,False
target,7,True,baseline_GP.marine_knownmap_runtime_2usv._joint_assign_two_usv_segments,baseline_GP_mainline_planner,False,8.5,"[0, 1]",False,"[18, 41]","[55, 38]","[[19, 2], [18, 2], [18, 3], [18, 4], [18, 5], [18, 6], [18, 7], [18, 8], [18, 9]]","[[41, 2], [42, 2], [43, 2], [44, 2], [45, 2], [46, 2], [47, 2], [48, 2], [49, 2]]","[18, 2]","[42, 2]","[18, 5]","[45, 2]",baseline_GP_planner_committed_segment_lookahead,True,"{""0"": {""commit_remaining"": 4, ""committed_segment"": [[19, 2], [18, 2], [18, 3], [18, 4], [18, 5], [18, 6], [18, 7], [18, 8], [18, 9]], ""robot_pos"": [19, 2]}, ""1"": {""commit_remaining"": 4, ""committed_segment"": [[41, 2], [42, 2], [43, 2], [44, 2], [45, 2], [46, 2], [47, 2], [48, 2], [49, 2]], ""robot_pos"": [41, 2]}}","{""0"": {""commit_remaining"": 3, ""committed_segment"": [[18, 2], [18, 3], [18, 4], [18, 5], [18, 6], [18, 7], [18, 8], [18, 9]], ""robot_pos"": [18, 2]}, ""1"": {""commit_remaining"": 3, ""committed_segment"": [[42, 2], [43, 2], [44, 2], [45, 2], [46, 2], [47, 2], [48, 2], [49, 2]], ""robot_pos"": [42, 2]}}","{""0"": {""collision"": false, ""collision_cell"": null, ""move_success"": true, ""new_robot_pos"": [18, 2]}, ""1"": {""collision"": false, ""collision_cell"": null, ""move_success"": true, ""new_robot_pos"": [42, 2]}}","{""arrived"": {""0"": true, ""1"": true}, ""final_by_usv"": {""0"": {""arrived"": true, ""final_distance_to_target_m"": 4.983237131732105, ""final_projected_cell"": [18, 2], ""last_known_world"": [-380.3085021972656, 215.0263214111328, 0.16221500933170319], ""observer_pose_source"": ""live_location_sensor"", ""orientation_source"": ""live_orientation_sensor"", ""projection_matches_target"": true, ""standoff_anchor_cell"": [18, 5], ""standoff_anchor_world"": [-350.0, 220.0, 0.0], ""target_cell"": [18, 2], ""target_world"": [-380.0, 220.0, 0.0]}, ""1"": {""arrived"": true, ""final_distance_to_target_m"": 4.983234261883763, ""final_projected_cell"": [42, 2], ""last_known_world"": [-380.30853271484375, -15.026326179504395, 0.1627674698829651], ""observer_pose_source"": ""live_location_sensor"", ""orientation_source"": ""live_orientation_sensor"", ""projection_matches_target"": true, ""standoff_anchor_cell"": [45, 2], ""standoff_anchor_world"": [-380.0, -50.0, 0.0], ""target_cell"": [42, 2], ""target_world"": [-380.0, -20.0, 0.0]}}, ""per_step_fallback_counts"": {""0"": 0, ""1"": 0}, ""policy_step"": 7, ""run_kind"": ""target"", ""standoff_anchor_cells"": {""0"": [18, 5], ""1"": [45, 2]}, ""standoff_anchor_world"": {""0"": [-350.0, 220.0, 0.0], ""1"": [-380.0, -50.0, 0.0]}, ""step_min_inter_vessel_distance_m"": 210.96774816513943, ""step_ticks"": 69, ""target_cells"": {""0"": [18, 2], ""1"": [42, 2]}, ""target_world"": {""0"": [-380.0, 220.0, 0.0], ""1"": [-380.0, -20.0, 0.0]}, ""timeout"": false}",True,True,True,[],[false],[null],False,running,2.640965,False,False,False,False
target,8,True,baseline_GP.marine_knownmap_runtime_2usv._joint_assign_two_usv_segments,baseline_GP_mainline_planner,False,8.5,"[0, 1]",False,"[18, 42]","[54, 40]","[[18, 2], [18, 3], [18, 4], [18, 5], [18, 6], [18, 7], [18, 8], [18, 9], [18, 10]]","[[42, 2], [43, 2], [44, 2], [45, 2], [46, 2], [47, 2], [48, 2], [49, 2], [50, 2]]","[18, 3]","[43, 2]","[18, 6]","[46, 2]",baseline_GP_planner_committed_segment_lookahead,True,"{""0"": {""commit_remaining"": 4, ""committed_segment"": [[18, 2], [18, 3], [18, 4], [18, 5], [18, 6], [18, 7], [18, 8], [18, 9], [18, 10]], ""robot_pos"": [18, 2]}, ""1"": {""commit_remaining"": 4, ""committed_segment"": [[42, 2], [43, 2], [44, 2], [45, 2], [46, 2], [47, 2], [48, 2], [49, 2], [50, 2]], ""robot_pos"": [42, 2]}}","{""0"": {""commit_remaining"": 3, ""committed_segment"": [[18, 3], [18, 4], [18, 5], [18, 6], [18, 7], [18, 8], [18, 9], [18, 10]], ""robot_pos"": [18, 3]}, ""1"": {""commit_remaining"": 3, ""committed_segment"": [[43, 2], [44, 2], [45, 2], [46, 2], [47, 2], [48, 2], [49, 2], [50, 2]], ""robot_pos"": [43, 2]}}","{""0"": {""collision"": false, ""collision_cell"": null, ""move_success"": true, ""new_robot_pos"": [18, 3]}, ""1"": {""collision"": false, ""collision_cell"": null, ""move_success"": true, ""new_robot_pos"": [43, 2]}}","{""arrived"": {""0"": true, ""1"": true}, ""final_by_usv"": {""0"": {""arrived"": true, ""final_distance_to_target_m"": 4.384480781585031, ""final_projected_cell"": [18, 3], ""last_known_world"": [-373.97784423828125, 218.15597534179688, 0.19253714382648468], ""observer_pose_source"": ""live_location_sensor"", ""orientation_source"": ""live_orientation_sensor"", ""projection_matches_target"": true, ""standoff_anchor_cell"": [18, 6], ""standoff_anchor_world"": [-340.0, 220.0, 0.0], ""target_cell"": [18, 3], ""target_world"": [-370.0, 220.0, 0.0]}, ""1"": {""arrived"": true, ""final_distance_to_target_m"": 4.956572254625623, ""final_projected_cell"": [43, 2], ""last_known_world"": [-383.85906982421875, -26.889503479003906, 0.16641099750995636], ""observer_pose_source"": ""live_location_sensor"", ""orientation_source"": ""live_orientation_sensor"", ""projection_matches_target"": true, ""standoff_anchor_cell"": [46, 2], ""standoff_anchor_world"": [-380.0, -60.0, 0.0], ""target_cell"": [43, 2], ""target_world"": [-380.0, -30.0, 0.0]}}, ""per_step_fallback_counts"": {""0"": 0, ""1"": 0}, ""policy_step"": 8, ""run_kind"": ""target"", ""standoff_anchor_cells"": {""0"": [18, 6], ""1"": [46, 2]}, ""standoff_anchor_world"": {""0"": [-340.0, 220.0, 0.0], ""1"": [-380.0, -60.0, 0.0]}, ""step_min_inter_vessel_distance_m"": 230.2806826625454, ""step_ticks"": 101, ""target_cells"": {""0"": [18, 3], ""1"": [43, 2]}, ""target_world"": {""0"": [-370.0, 220.0, 0.0], ""1"": [-380.0, -30.0, 0.0]}, ""timeout"": false}",True,True,True,[],[false],[null],False,running,3.776764,False,False,False,False
target,9,True,baseline_GP.marine_knownmap_runtime_2usv._joint_assign_two_usv_segments,baseline_GP_mainline_planner,False,8.5,"[0, 1]",False,"[18, 43]","[54, 40]","[[18, 3], [18, 4], [18, 5], [18, 6], [18, 7], [18, 8], [18, 9], [18, 10], [18, 11]]","[[43, 2], [44, 2], [45, 2], [46, 2], [47, 2], [48, 2], [49, 2], [50, 2], [51, 2]]","[18, 4]","[44, 2]","[18, 7]","[47, 2]",baseline_GP_planner_committed_segment_lookahead,True,"{""0"": {""commit_remaining"": 4, ""committed_segment"": [[18, 3], [18, 4], [18, 5], [18, 6], [18, 7], [18, 8], [18, 9], [18, 10], [18, 11]], ""robot_pos"": [18, 3]}, ""1"": {""commit_remaining"": 4, ""committed_segment"": [[43, 2], [44, 2], [45, 2], [46, 2], [47, 2], [48, 2], [49, 2], [50, 2], [51, 2]], ""robot_pos"": [43, 2]}}","{""0"": {""commit_remaining"": 3, ""committed_segment"": [[18, 4], [18, 5], [18, 6], [18, 7], [18, 8], [18, 9], [18, 10], [18, 11]], ""robot_pos"": [18, 4]}, ""1"": {""commit_remaining"": 3, ""committed_segment"": [[44, 2], [45, 2], [46, 2], [47, 2], [48, 2], [49, 2], [50, 2], [51, 2]], ""robot_pos"": [44, 2]}}","{""0"": {""collision"": false, ""collision_cell"": null, ""move_success"": true, ""new_robot_pos"": [18, 4]}, ""1"": {""collision"": false, ""collision_cell"": null, ""move_success"": true, ""new_robot_pos"": [44, 2]}}","{""arrived"": {""0"": true, ""1"": true}, ""final_by_usv"": {""0"": {""arrived"": true, ""final_distance_to_target_m"": 3.074273466614834, ""final_projected_cell"": [18, 4], ""last_known_world"": [-363.0491027832031, 220.39259338378906, 0.1610516607761383], ""observer_pose_source"": ""live_location_sensor"", ""orientation_source"": ""live_orientation_sensor"", ""projection_matches_target"": true, ""standoff_anchor_cell"": [18, 7], ""standoff_anchor_world"": [-330.0, 220.0, 0.0], ""target_cell"": [18, 4], ""target_world"": [-360.0, 220.0, 0.0]}, ""1"": {""arrived"": true, ""final_distance_to_target_m"": 4.925924925592152, ""final_projected_cell"": [44, 2], ""last_known_world"": [-378.6658020019531, -35.258201599121094, 0.17096564173698425], ""observer_pose_source"": ""live_location_sensor"", ""orientation_source"": ""live_orientation_sensor"", ""projection_matches_target"": true, ""standoff_anchor_cell"": [47, 2], ""standoff_anchor_world"": [-380.0, -70.0, 0.0], ""target_cell"": [44, 2], ""target_world"": [-380.0, -40.0, 0.0]}}, ""per_step_fallback_counts"": {""0"": 0, ""1"": 0}, ""policy_step"": 9, ""run_kind"": ""target"", ""standoff_anchor_cells"": {""0"": [18, 7], ""1"": [47, 2]}, ""standoff_anchor_world"": {""0"": [-330.0, 220.0, 0.0], ""1"": [-380.0, -70.0, 0.0]}, ""step_min_inter_vessel_distance_m"": 245.3512634891823, ""step_ticks"": 85, ""target_cells"": {""0"": [18, 4], ""1"": [44, 2]}, ""target_world"": {""0"": [-360.0, 220.0, 0.0], ""1"": [-380.0, -40.0, 0.0]}, ""timeout"": false}",True,True,True,[],[false],[null],False,running,3.187045,False,False,False,False
target,10,True,baseline_GP.marine_knownmap_runtime_2usv._joint_assign_two_usv_segments,baseline_GP_mainline_planner,False,15.0,"[0, 1]",False,"[18, 34]","[55, 39]","[[18, 4], [18, 5], [18, 6], [18, 7], [18, 8], [18, 9], [18, 10], [18, 11], [18, 12]]","[[44, 2], [45, 2], [46, 2], [47, 2], [48, 2], [49, 2], [50, 2], [51, 2], [52, 2]]","[18, 5]","[45, 2]","[18, 8]","[48, 2]",baseline_GP_planner_committed_segment_lookahead,True,"{""0"": {""commit_remaining"": 4, ""committed_segment"": [[18, 4], [18, 5], [18, 6], [18, 7], [18, 8], [18, 9], [18, 10], [18, 11], [18, 12]], ""robot_pos"": [18, 4]}, ""1"": {""commit_remaining"": 4, ""committed_segment"": [[44, 2], [45, 2], [46, 2], [47, 2], [48, 2], [49, 2], [50, 2], [51, 2], [52, 2]], ""robot_pos"": [44, 2]}}","{""0"": {""commit_remaining"": 3, ""committed_segment"": [[18, 5], [18, 6], [18, 7], [18, 8], [18, 9], [18, 10], [18, 11], [18, 12]], ""robot_pos"": [18, 5]}, ""1"": {""commit_remaining"": 3, ""committed_segment"": [[45, 2], [46, 2], [47, 2], [48, 2], [49, 2], [50, 2], [51, 2], [52, 2]], ""robot_pos"": [45, 2]}}","{""0"": {""collision"": false, ""collision_cell"": null, ""move_success"": true, ""new_robot_pos"": [18, 5]}, ""1"": {""collision"": false, ""collision_cell"": null, ""move_success"": true, ""new_robot_pos"": [45, 2]}}","{""arrived"": {""0"": true, ""1"": true}, ""final_by_usv"": {""0"": {""arrived"": true, ""final_distance_to_target_m"": 4.993245141971221, ""final_projected_cell"": [18, 5], ""last_known_world"": [-354.1739196777344, 222.7406005859375, 0.15540018677711487], ""observer_pose_source"": ""live_location_sensor"", ""orientation_source"": ""live_orientation_sensor"", ""projection_matches_target"": true, ""standoff_anchor_cell"": [18, 8], ""standoff_anchor_world"": [-320.0, 220.0, 0.0], ""target_cell"": [18, 5], ""target_world"": [-350.0, 220.0, 0.0]}, ""1"": {""arrived"": true, ""final_distance_to_target_m"": 4.949716348606433, ""final_projected_cell"": [45, 2], ""last_known_world"": [-380.05120849609375, -45.0505485534668, 0.16608262062072754], ""observer_pose_source"": ""live_location_sensor"", ""orientation_source"": ""live_orientation_sensor"", ""projection_matches_target"": true, ""standoff_anchor_cell"": [48, 2], ""standoff_anchor_world"": [-380.0, -80.0, 0.0], ""target_cell"": [45, 2], ""target_world"": [-380.0, -50.0, 0.0]}}, ""per_step_fallback_counts"": {""0"": 0, ""1"": 0}, ""policy_step"": 10, ""run_kind"": ""target"", ""standoff_anchor_cells"": {""0"": [18, 8], ""1"": [48, 2]}, ""standoff_anchor_world"": {""0"": [-320.0, 220.0, 0.0], ""1"": [-380.0, -80.0, 0.0]}, ""step_min_inter_vessel_distance_m"": 256.2970584815577, ""step_ticks"": 69, ""target_cells"": {""0"": [18, 5], ""1"": [45, 2]}, ""target_world"": {""0"": [-350.0, 220.0, 0.0], ""1"": [-380.0, -50.0, 0.0]}, ""timeout"": false}",True,True,True,[],[false],[null],False,running,2.631104,False,False,False,False
target,11,True,baseline_GP.marine_knownmap_runtime_2usv._joint_assign_two_usv_segments,baseline_GP_mainline_planner,False,8.5,"[0, 1]",False,"[18, 39]","[55, 39]","[[18, 5], [18, 6], [18, 7], [18, 8], [18, 9], [18, 10], [18, 11], [18, 12], [18, 13]]","[[45, 2], [46, 2], [47, 2], [48, 2], [49, 2], [50, 2], [51, 2], [52, 2], [53, 2]]","[18, 6]","[46, 2]","[18, 9]","[49, 2]",baseline_GP_planner_committed_segment_lookahead,True,"{""0"": {""commit_remaining"": 4, ""committed_segment"": [[18, 5], [18, 6], [18, 7], [18, 8], [18, 9], [18, 10], [18, 11], [18, 12], [18, 13]], ""robot_pos"": [18, 5]}, ""1"": {""commit_remaining"": 4, ""committed_segment"": [[45, 2], [46, 2], [47, 2], [48, 2], [49, 2], [50, 2], [51, 2], [52, 2], [53, 2]], ""robot_pos"": [45, 2]}}","{""0"": {""commit_remaining"": 3, ""committed_segment"": [[18, 6], [18, 7], [18, 8], [18, 9], [18, 10], [18, 11], [18, 12], [18, 13]], ""robot_pos"": [18, 6]}, ""1"": {""commit_remaining"": 3, ""committed_segment"": [[46, 2], [47, 2], [48, 2], [49, 2], [50, 2], [51, 2], [52, 2], [53, 2]], ""robot_pos"": [46, 2]}}","{""0"": {""collision"": false, ""collision_cell"": null, ""move_success"": true, ""new_robot_pos"": [18, 6]}, ""1"": {""collision"": false, ""collision_cell"": null, ""move_success"": true, ""new_robot_pos"": [46, 2]}}","{""arrived"": {""0"": true, ""1"": true}, ""final_by_usv"": {""0"": {""arrived"": true, ""final_distance_to_target_m"": 2.861320250218788, ""final_projected_cell"": [18, 6], ""last_known_world"": [-342.72369384765625, 219.12327575683594, 0.1594117134809494], ""observer_pose_source"": ""live_location_sensor"", ""orientation_source"": ""live_orientation_sensor"", ""projection_matches_target"": true, ""standoff_anchor_cell"": [18, 9], ""standoff_anchor_world"": [-310.0, 220.0, 0.0], ""target_cell"": [18, 6], ""target_world"": [-340.0, 220.0, 0.0]}, ""1"": {""arrived"": true, ""final_distance_to_target_m"": 4.9877237534204735, ""final_projected_cell"": [46, 2], ""last_known_world"": [-383.6820983886719, -56.63554763793945, 0.16755259037017822], ""observer_pose_source"": ""live_location_sensor"", ""orientation_source"": ""live_orientation_sensor"", ""projection_matches_target"": true, ""standoff_anchor_cell"": [49, 2], ""standoff_anchor_world"": [-380.0, -90.0, 0.0], ""target_cell"": [46, 2], ""target_world"": [-380.0, -60.0, 0.0]}}, ""per_step_fallback_counts"": {""0"": 0, ""1"": 0}, ""policy_step"": 11, ""run_kind"": ""target"", ""standoff_anchor_cells"": {""0"": [18, 9], ""1"": [49, 2]}, ""standoff_anchor_world"": {""0"": [-310.0, 220.0, 0.0], ""1"": [-380.0, -90.0, 0.0]}, ""step_min_inter_vessel_distance_m"": 269.19780457695146, ""step_ticks"": 98, ""target_cells"": {""0"": [18, 6], ""1"": [46, 2]}, ""target_world"": {""0"": [-340.0, 220.0, 0.0], ""1"": [-380.0, -60.0, 0.0]}, ""timeout"": false}",True,True,True,[],[false],[null],False,running,3.673349,False,False,False,False
target,12,True,baseline_GP.marine_knownmap_runtime_2usv._joint_assign_two_usv_segments,baseline_GP_mainline_planner,False,13.003397409972301,"[0, 1]",False,"[18, 39]","[55, 39]","[[18, 6], [18, 7], [18, 8], [18, 9], [18, 10], [18, 11], [18, 12], [18, 13], [18, 14]]","[[46, 2], [47, 2], [48, 2], [49, 2], [50, 2], [51, 2], [52, 2], [53, 2], [54, 2]]","[18, 7]","[47, 2]","[18, 10]","[50, 2]",baseline_GP_planner_committed_segment_lookahead,True,"{""0"": {""commit_remaining"": 4, ""committed_segment"": [[18, 6], [18, 7], [18, 8], [18, 9], [18, 10], [18, 11], [18, 12], [18, 13], [18, 14]], ""robot_pos"": [18, 6]}, ""1"": {""commit_remaining"": 4, ""committed_segment"": [[46, 2], [47, 2], [48, 2], [49, 2], [50, 2], [51, 2], [52, 2], [53, 2], [54, 2]], ""robot_pos"": [46, 2]}}","{""0"": {""commit_remaining"": 3, ""committed_segment"": [[18, 7], [18, 8], [18, 9], [18, 10], [18, 11], [18, 12], [18, 13], [18, 14]], ""robot_pos"": [18, 7]}, ""1"": {""commit_remaining"": 3, ""committed_segment"": [[47, 2], [48, 2], [49, 2], [50, 2], [51, 2], [52, 2], [53, 2], [54, 2]], ""robot_pos"": [47, 2]}}","{""0"": {""collision"": false, ""collision_cell"": null, ""move_success"": true, ""new_robot_pos"": [18, 7]}, ""1"": {""collision"": false, ""collision_cell"": null, ""move_success"": true, ""new_robot_pos"": [47, 2]}}","{""arrived"": {""0"": true, ""1"": true}, ""final_by_usv"": {""0"": {""arrived"": true, ""final_distance_to_target_m"": 4.545322645006565, ""final_projected_cell"": [18, 7], ""last_known_world"": [-334.2359313964844, 221.64828491210938, 0.1637982428073883], ""observer_pose_source"": ""live_location_sensor"", ""orientation_source"": ""live_orientation_sensor"", ""projection_matches_target"": true, ""standoff_anchor_cell"": [18, 10], ""standoff_anchor_world"": [-300.0, 220.0, 0.0], ""target_cell"": [18, 7], ""target_world"": [-330.0, 220.0, 0.0]}, ""1"": {""arrived"": true, ""final_distance_to_target_m"": 4.98321201601303, ""final_projected_cell"": [47, 2], ""last_known_world"": [-378.7477722167969, -65.17668914794922, 0.1674034297466278], ""observer_pose_source"": ""live_location_sensor"", ""orientation_source"": ""live_orientation_sensor"", ""projection_matches_target"": true, ""standoff_anchor_cell"": [50, 2], ""standoff_anchor_world"": [-380.0, -100.0, 0.0], ""target_cell"": [47, 2], ""target_world"": [-380.0, -70.0, 0.0]}}, ""per_step_fallback_counts"": {""0"": 0, ""1"": 0}, ""policy_step"": 12, ""run_kind"": ""target"", ""standoff_anchor_cells"": {""0"": [18, 10], ""1"": [50, 2]}, ""standoff_anchor_world"": {""0"": [-300.0, 220.0, 0.0], ""1"": [-380.0, -100.0, 0.0]}, ""step_min_inter_vessel_distance_m"": 278.89199577660463, ""step_ticks"": 84, ""target_cells"": {""0"": [18, 7], ""1"": [47, 2]}, ""target_world"": {""0"": [-330.0, 220.0, 0.0], ""1"": [-380.0, -70.0, 0.0]}, ""timeout"": false}",True,True,True,[],[false],[null],False,running,3.162043,False,False,False,False
target,13,True,baseline_GP.marine_knownmap_runtime_2usv._joint_assign_two_usv_segments,baseline_GP_mainline_planner,False,12.932511863747575,"[0, 1]",False,"[18, 39]","[55, 39]","[[18, 7], [18, 8], [18, 9], [18, 10], [18, 11], [18, 12], [18, 13], [18, 14], [18, 15]]","[[47, 2], [48, 2], [49, 2], [50, 2], [51, 2], [52, 2], [53, 2], [54, 2], [55, 2]]","[18, 8]","[48, 2]","[18, 11]","[51, 2]",baseline_GP_planner_committed_segment_lookahead,True,"{""0"": {""commit_remaining"": 4, ""committed_segment"": [[18, 7], [18, 8], [18, 9], [18, 10], [18, 11], [18, 12], [18, 13], [18, 14], [18, 15]], ""robot_pos"": [18, 7]}, ""1"": {""commit_remaining"": 4, ""committed_segment"": [[47, 2], [48, 2], [49, 2], [50, 2], [51, 2], [52, 2], [53, 2], [54, 2], [55, 2]], ""robot_pos"": [47, 2]}}","{""0"": {""commit_remaining"": 3, ""committed_segment"": [[18, 8], [18, 9], [18, 10], [18, 11], [18, 12], [18, 13], [18, 14], [18, 15]], ""robot_pos"": [18, 8]}, ""1"": {""commit_remaining"": 3, ""committed_segment"": [[48, 2], [49, 2], [50, 2], [51, 2], [52, 2], [53, 2], [54, 2], [55, 2]], ""robot_pos"": [48, 2]}}","{""0"": {""collision"": false, ""collision_cell"": null, ""move_success"": true, ""new_robot_pos"": [18, 8]}, ""1"": {""collision"": false, ""collision_cell"": null, ""move_success"": true, ""new_robot_pos"": [48, 2]}}","{""arrived"": {""0"": true, ""1"": true}, ""final_by_usv"": {""0"": {""arrived"": true, ""final_distance_to_target_m"": 4.944798639645116, ""final_projected_cell"": [18, 8], ""last_known_world"": [-324.7384338378906, 218.58639526367188, 0.163809135556221], ""observer_pose_source"": ""live_location_sensor"", ""orientation_source"": ""live_orientation_sensor"", ""projection_matches_target"": true, ""standoff_anchor_cell"": [18, 11], ""standoff_anchor_world"": [-290.0, 220.0, 0.0], ""target_cell"": [18, 8], ""target_world"": [-320.0, 220.0, 0.0]}, ""1"": {""arrived"": true, ""final_distance_to_target_m"": 4.177831687881756, ""final_projected_cell"": [48, 2], ""last_known_world"": [-380.92816162109375, -75.92657470703125, 0.16202257573604584], ""observer_pose_source"": ""live_location_sensor"", ""orientation_source"": ""live_orientation_sensor"", ""projection_matches_target"": true, ""standoff_anchor_cell"": [51, 2], ""standoff_anchor_world"": [-380.0, -110.0, 0.0], ""target_cell"": [48, 2], ""target_world"": [-380.0, -80.0, 0.0]}}, ""per_step_fallback_counts"": {""0"": 0, ""1"": 0}, ""policy_step"": 13, ""run_kind"": ""target"", ""standoff_anchor_cells"": {""0"": [18, 11], ""1"": [51, 2]}, ""standoff_anchor_world"": {""0"": [-290.0, 220.0, 0.0], ""1"": [-380.0, -110.0, 0.0]}, ""step_min_inter_vessel_distance_m"": 290.4007484136893, ""step_ticks"": 83, ""target_cells"": {""0"": [18, 8], ""1"": [48, 2]}, ""target_world"": {""0"": [-320.0, 220.0, 0.0], ""1"": [-380.0, -80.0, 0.0]}, ""timeout"": false}",True,True,True,[],[false],[null],False,running,3.128386,False,False,False,False
target,14,True,baseline_GP.marine_knownmap_runtime_2usv._joint_assign_two_usv_segments,baseline_GP_mainline_planner,False,12.421484505307731,"[0, 1]",False,"[18, 39]","[56, 38]","[[18, 8], [18, 9], [18, 10], [18, 11], [18, 12], [18, 13], [18, 14], [18, 15], [18, 16]]","[[48, 2], [49, 2], [50, 2], [51, 2], [52, 2], [53, 2], [54, 2], [55, 2], [56, 2]]","[18, 9]","[49, 2]","[18, 12]","[52, 2]",baseline_GP_planner_committed_segment_lookahead,True,"{""0"": {""commit_remaining"": 4, ""committed_segment"": [[18, 8], [18, 9], [18, 10], [18, 11], [18, 12], [18, 13], [18, 14], [18, 15], [18, 16]], ""robot_pos"": [18, 8]}, ""1"": {""commit_remaining"": 4, ""committed_segment"": [[48, 2], [49, 2], [50, 2], [51, 2], [52, 2], [53, 2], [54, 2], [55, 2], [56, 2]], ""robot_pos"": [48, 2]}}","{""0"": {""commit_remaining"": 3, ""committed_segment"": [[18, 9], [18, 10], [18, 11], [18, 12], [18, 13], [18, 14], [18, 15], [18, 16]], ""robot_pos"": [18, 9]}, ""1"": {""commit_remaining"": 3, ""committed_segment"": [[49, 2], [50, 2], [51, 2], [52, 2], [53, 2], [54, 2], [55, 2], [56, 2]], ""robot_pos"": [49, 2]}}","{""0"": {""collision"": false, ""collision_cell"": null, ""move_success"": true, ""new_robot_pos"": [18, 9]}, ""1"": {""collision"": false, ""collision_cell"": null, ""move_success"": true, ""new_robot_pos"": [49, 2]}}","{""arrived"": {""0"": true, ""1"": true}, ""final_by_usv"": {""0"": {""arrived"": true, ""final_distance_to_target_m"": 4.972775120187151, ""final_projected_cell"": [18, 9], ""last_known_world"": [-314.8536071777344, 221.08212280273438, 0.16360151767730713], ""observer_pose_source"": ""live_location_sensor"", ""orientation_source"": ""live_orientation_sensor"", ""projection_matches_target"": true, ""standoff_anchor_cell"": [18, 12], ""standoff_anchor_world"": [-280.0, 220.0, 0.0], ""target_cell"": [18, 9], ""target_world"": [-310.0, 220.0, 0.0]}, ""1"": {""arrived"": true, ""final_distance_to_target_m"": 2.8717053331398827, ""final_projected_cell"": [49, 2], ""last_known_world"": [-381.1785888671875, -87.38129425048828, 0.1666165441274643], ""observer_pose_source"": ""live_location_sensor"", ""orientation_source"": ""live_orientation_sensor"", ""projection_matches_target"": true, ""standoff_anchor_cell"": [52, 2], ""standoff_anchor_world"": [-380.0, -120.0, 0.0], ""target_cell"": [49, 2], ""target_world"": [-380.0, -90.0, 0.0]}}, ""per_step_fallback_counts"": {""0"": 0, ""1"": 0}, ""policy_step"": 14, ""run_kind"": ""target"", ""standoff_anchor_cells"": {""0"": [18, 12], ""1"": [52, 2]}, ""standoff_anchor_world"": {""0"": [-280.0, 220.0, 0.0], ""1"": [-380.0, -120.0, 0.0]}, ""step_min_inter_vessel_distance_m"": 299.8886617803115, ""step_ticks"": 83, ""target_cells"": {""0"": [18, 9], ""1"": [49, 2]}, ""target_world"": {""0"": [-310.0, 220.0, 0.0], ""1"": [-380.0, -90.0, 0.0]}, ""timeout"": false}",True,True,True,[],[false],[null],False,running,3.138324,False,False,False,False
target,15,True,baseline_GP.marine_knownmap_runtime_2usv._joint_assign_two_usv_segments,baseline_GP_mainline_planner,False,12.34375,"[0, 1]",False,"[18, 39]","[53, 41]","[[18, 9], [18, 10], [18, 11], [18, 12], [18, 13], [18, 14], [18, 15], [18, 16], [18, 17]]","[[49, 2], [50, 2], [51, 2], [52, 2], [53, 2], [53, 3], [53, 4], [53, 5], [53, 6]]","[18, 10]","[50, 2]","[18, 13]","[53, 2]",baseline_GP_planner_committed_segment_lookahead,True,"{""0"": {""commit_remaining"": 4, ""committed_segment"": [[18, 9], [18, 10], [18, 11], [18, 12], [18, 13], [18, 14], [18, 15], [18, 16], [18, 17]], ""robot_pos"": [18, 9]}, ""1"": {""commit_remaining"": 4, ""committed_segment"": [[49, 2], [50, 2], [51, 2], [52, 2], [53, 2], [53, 3], [53, 4], [53, 5], [53, 6]], ""robot_pos"": [49, 2]}}","{""0"": {""commit_remaining"": 3, ""committed_segment"": [[18, 10], [18, 11], [18, 12], [18, 13], [18, 14], [18, 15], [18, 16], [18, 17]], ""robot_pos"": [18, 10]}, ""1"": {""commit_remaining"": 3, ""committed_segment"": [[50, 2], [51, 2], [52, 2], [53, 2], [53, 3], [53, 4], [53, 5], [53, 6]], ""robot_pos"": [50, 2]}}","{""0"": {""collision"": false, ""collision_cell"": null, ""move_success"": true, ""new_robot_pos"": [18, 10]}, ""1"": {""collision"": false, ""collision_cell"": null, ""move_success"": true, ""new_robot_pos"": [50, 2]}}","{""arrived"": {""0"": true, ""1"": true}, ""final_by_usv"": {""0"": {""arrived"": true, ""final_distance_to_target_m"": 4.902151037509058, ""final_projected_cell"": [18, 10], ""last_known_world"": [-304.8416748046875, 220.76763916015625, 0.1593521386384964], ""observer_pose_source"": ""live_location_sensor"", ""orientation_source"": ""live_orientation_sensor"", ""projection_matches_target"": true, ""standoff_anchor_cell"": [18, 13], ""standoff_anchor_world"": [-270.0, 220.0, 0.0], ""target_cell"": [18, 10], ""target_world"": [-300.0, 220.0, 0.0]}, ""1"": {""arrived"": true, ""final_distance_to_target_m"": 3.151413550014057, ""final_projected_cell"": [50, 2], ""last_known_world"": [-378.66998291015625, -97.14299774169922, 0.158606618642807], ""observer_pose_source"": ""live_location_sensor"", ""orientation_source"": ""live_orientation_sensor"", ""projection_matches_target"": true, ""standoff_anchor_cell"": [53, 2], ""standoff_anchor_world"": [-380.0, -130.0, 0.0], ""target_cell"": [50, 2], ""target_world"": [-380.0, -100.0, 0.0]}}, ""per_step_fallback_counts"": {""0"": 0, ""1"": 0}, ""policy_step"": 15, ""run_kind"": ""target"", ""standoff_anchor_cells"": {""0"": [18, 13], ""1"": [53, 2]}, ""standoff_anchor_world"": {""0"": [-270.0, 220.0, 0.0], ""1"": [-380.0, -130.0, 0.0]}, ""step_min_inter_vessel_distance_m"": 315.69449523921696, ""step_ticks"": 74, ""target_cells"": {""0"": [18, 10], ""1"": [50, 2]}, ""target_world"": {""0"": [-300.0, 220.0, 0.0], ""1"": [-380.0, -100.0, 0.0]}, ""timeout"": false}",True,True,True,[],[false],[null],False,running,2.790575,False,False,False,False
target,16,True,baseline_GP.marine_knownmap_runtime_2usv._joint_assign_two_usv_segments,baseline_GP_mainline_planner,False,14.68888888888889,"[0, 1]",False,"[18, 42]","[53, 41]","[[18, 10], [18, 11], [18, 12], [18, 13], [18, 14], [18, 15], [18, 16], [18, 17], [18, 18]]","[[50, 2], [51, 2], [52, 2], [53, 2], [53, 3], [53, 4], [53, 5], [53, 6], [53, 7]]","[18, 11]","[51, 2]","[18, 14]","[53, 3]",baseline_GP_planner_committed_segment_lookahead,True,"{""0"": {""commit_remaining"": 4, ""committed_segment"": [[18, 10], [18, 11], [18, 12], [18, 13], [18, 14], [18, 15], [18, 16], [18, 17], [18, 18]], ""robot_pos"": [18, 10]}, ""1"": {""commit_remaining"": 4, ""committed_segment"": [[50, 2], [51, 2], [52, 2], [53, 2], [53, 3], [53, 4], [53, 5], [53, 6], [53, 7]], ""robot_pos"": [50, 2]}}","{""0"": {""commit_remaining"": 3, ""committed_segment"": [[18, 11], [18, 12], [18, 13], [18, 14], [18, 15], [18, 16], [18, 17], [18, 18]], ""robot_pos"": [18, 11]}, ""1"": {""commit_remaining"": 3, ""committed_segment"": [[51, 2], [52, 2], [53, 2], [53, 3], [53, 4], [53, 5], [53, 6], [53, 7]], ""robot_pos"": [51, 2]}}","{""0"": {""collision"": false, ""collision_cell"": null, ""move_success"": true, ""new_robot_pos"": [18, 11]}, ""1"": {""collision"": false, ""collision_cell"": null, ""move_success"": true, ""new_robot_pos"": [51, 2]}}","{""arrived"": {""0"": true, ""1"": true}, ""final_by_usv"": {""0"": {""arrived"": true, ""final_distance_to_target_m"": 4.995103438746268, ""final_projected_cell"": [18, 11], ""last_known_world"": [-294.03155517578125, 217.0508270263672, 0.16365265846252441], ""observer_pose_source"": ""live_location_sensor"", ""orientation_source"": ""live_orientation_sensor"", ""projection_matches_target"": true, ""standoff_anchor_cell"": [18, 14], ""standoff_anchor_world"": [-260.0, 220.0, 0.0], ""target_cell"": [18, 11], ""target_world"": [-290.0, 220.0, 0.0]}, ""1"": {""arrived"": true, ""final_distance_to_target_m"": 3.319059350964199, ""final_projected_cell"": [51, 2], ""last_known_world"": [-381.2990417480469, -106.94571685791016, 0.1623828113079071], ""observer_pose_source"": ""live_location_sensor"", ""orientation_source"": ""live_orientation_sensor"", ""projection_matches_target"": true, ""standoff_anchor_cell"": [53, 3], ""standoff_anchor_world"": [-370.0, -130.0, 0.0], ""target_cell"": [51, 2], ""target_world"": [-380.0, -110.0, 0.0]}}, ""per_step_fallback_counts"": {""0"": 0, ""1"": 0}, ""policy_step"": 16, ""run_kind"": ""target"", ""standoff_anchor_cells"": {""0"": [18, 14], ""1"": [53, 3]}, ""standoff_anchor_world"": {""0"": [-260.0, 220.0, 0.0], ""1"": [-370.0, -130.0, 0.0]}, ""step_min_inter_vessel_distance_m"": 326.4263490313581, ""step_ticks"": 91, ""target_cells"": {""0"": [18, 11], ""1"": [51, 2]}, ""target_world"": {""0"": [-290.0, 220.0, 0.0], ""1"": [-380.0, -110.0, 0.0]}, ""timeout"": false}",True,True,True,[],[false],[null],False,running,3.458078,False,False,False,False
target,17,True,baseline_GP.marine_knownmap_runtime_2usv._joint_assign_two_usv_segments,baseline_GP_mainline_planner,False,14.676923076923078,"[0, 1]",False,"[18, 42]","[53, 41]","[[18, 11], [18, 12], [18, 13], [18, 14], [18, 15], [18, 16], [18, 17], [18, 18], [18, 19]]","[[51, 2], [52, 2], [53, 2], [53, 3], [53, 4], [53, 5], [53, 6], [53, 7], [53, 8]]","[18, 12]","[52, 2]","[18, 15]","[53, 4]",baseline_GP_planner_committed_segment_lookahead,True,"{""0"": {""commit_remaining"": 4, ""committed_segment"": [[18, 11], [18, 12], [18, 13], [18, 14], [18, 15], [18, 16], [18, 17], [18, 18], [18, 19]], ""robot_pos"": [18, 11]}, ""1"": {""commit_remaining"": 4, ""committed_segment"": [[51, 2], [52, 2], [53, 2], [53, 3], [53, 4], [53, 5], [53, 6], [53, 7], [53, 8]], ""robot_pos"": [51, 2]}}","{""0"": {""commit_remaining"": 3, ""committed_segment"": [[18, 12], [18, 13], [18, 14], [18, 15], [18, 16], [18, 17], [18, 18], [18, 19]], ""robot_pos"": [18, 12]}, ""1"": {""commit_remaining"": 3, ""committed_segment"": [[52, 2], [53, 2], [53, 3], [53, 4], [53, 5], [53, 6], [53, 7], [53, 8]], ""robot_pos"": [52, 2]}}","{""0"": {""collision"": false, ""collision_cell"": null, ""move_success"": true, ""new_robot_pos"": [18, 12]}, ""1"": {""collision"": false, ""collision_cell"": null, ""move_success"": true, ""new_robot_pos"": [52, 2]}}","{""arrived"": {""0"": true, ""1"": true}, ""final_by_usv"": {""0"": {""arrived"": true, ""final_distance_to_target_m"": 4.971673197977135, ""final_projected_cell"": [18, 12], ""last_known_world"": [-284.7303161621094, 221.53024291992188, 0.16361670196056366], ""observer_pose_source"": ""live_location_sensor"", ""orientation_source"": ""live_orientation_sensor"", ""projection_matches_target"": true, ""standoff_anchor_cell"": [18, 15], ""standoff_anchor_world"": [-250.0, 220.0, 0.0], ""target_cell"": [18, 12], ""target_world"": [-280.0, 220.0, 0.0]}, ""1"": {""arrived"": true, ""final_distance_to_target_m"": 4.335619655609955, ""final_projected_cell"": [52, 2], ""last_known_world"": [-378.0997619628906, -116.10298919677734, 0.1705978363752365], ""observer_pose_source"": ""live_location_sensor"", ""orientation_source"": ""live_orientation_sensor"", ""projection_matches_target"": true, ""standoff_anchor_cell"": [53, 4], ""standoff_anchor_world"": [-360.0, -130.0, 0.0], ""target_cell"": [52, 2], ""target_world"": [-380.0, -120.0, 0.0]}}, ""per_step_fallback_counts"": {""0"": 0, ""1"": 0}, ""policy_step"": 17, ""run_kind"": ""target"", ""standoff_anchor_cells"": {""0"": [18, 15], ""1"": [53, 4]}, ""standoff_anchor_world"": {""0"": [-250.0, 220.0, 0.0], ""1"": [-360.0, -130.0, 0.0]}, ""step_min_inter_vessel_distance_m"": 335.68325621214564, ""step_ticks"": 88, ""target_cells"": {""0"": [18, 12], ""1"": [52, 2]}, ""target_world"": {""0"": [-280.0, 220.0, 0.0], ""1"": [-380.0, -120.0, 0.0]}, ""timeout"": false}",True,True,True,[],[false],[null],False,running,3.318885,False,False,False,False
target,18,True,baseline_GP.marine_knownmap_runtime_2usv._joint_assign_two_usv_segments,baseline_GP_mainline_planner,False,14.679166666666667,"[0, 1]",False,"[18, 42]","[53, 41]","[[18, 12], [18, 13], [18, 14], [18, 15], [18, 16], [18, 17], [18, 18], [18, 19], [18, 20]]","[[52, 2], [53, 2], [53, 3], [53, 4], [53, 5], [53, 6], [53, 7], [53, 8], [53, 9]]","[18, 13]","[53, 2]","[18, 16]","[53, 5]",baseline_GP_planner_committed_segment_lookahead,True,"{""0"": {""commit_remaining"": 4, ""committed_segment"": [[18, 12], [18, 13], [18, 14], [18, 15], [18, 16], [18, 17], [18, 18], [18, 19], [18, 20]], ""robot_pos"": [18, 12]}, ""1"": {""commit_remaining"": 4, ""committed_segment"": [[52, 2], [53, 2], [53, 3], [53, 4], [53, 5], [53, 6], [53, 7], [53, 8], [53, 9]], ""robot_pos"": [52, 2]}}","{""0"": {""commit_remaining"": 3, ""committed_segment"": [[18, 13], [18, 14], [18, 15], [18, 16], [18, 17], [18, 18], [18, 19], [18, 20]], ""robot_pos"": [18, 13]}, ""1"": {""commit_remaining"": 3, ""committed_segment"": [[53, 2], [53, 3], [53, 4], [53, 5], [53, 6], [53, 7], [53, 8], [53, 9]], ""robot_pos"": [53, 2]}}","{""0"": {""collision"": false, ""collision_cell"": null, ""move_success"": true, ""new_robot_pos"": [18, 13]}, ""1"": {""collision"": false, ""collision_cell"": null, ""move_success"": true, ""new_robot_pos"": [53, 2]}}","{""arrived"": {""0"": true, ""1"": true}, ""final_by_usv"": {""0"": {""arrived"": true, ""final_distance_to_target_m"": 4.997591454174726, ""final_projected_cell"": [18, 13], ""last_known_world"": [-274.9590759277344, 219.3807373046875, 0.16155032813549042], ""observer_pose_source"": ""live_location_sensor"", ""orientation_source"": ""live_orientation_sensor"", ""projection_matches_target"": true, ""standoff_anchor_cell"": [18, 16], ""standoff_anchor_world"": [-240.0, 220.0, 0.0], ""target_cell"": [18, 13], ""target_world"": [-270.0, 220.0, 0.0]}, ""1"": {""arrived"": true, ""final_distance_to_target_m"": 4.7252569543292, ""final_projected_cell"": [53, 2], ""last_known_world"": [-380.9261474609375, -125.36639404296875, 0.1574646383523941], ""observer_pose_source"": ""live_location_sensor"", ""orientation_source"": ""live_orientation_sensor"", ""projection_matches_target"": true, ""standoff_anchor_cell"": [53, 5], ""standoff_anchor_world"": [-350.0, -130.0, 0.0], ""target_cell"": [53, 2], ""target_world"": [-380.0, -130.0, 0.0]}}, ""per_step_fallback_counts"": {""0"": 0, ""1"": 0}, ""policy_step"": 18, ""run_kind"": ""target"", ""standoff_anchor_cells"": {""0"": [18, 16], ""1"": [53, 5]}, ""standoff_anchor_world"": {""0"": [-240.0, 220.0, 0.0], ""1"": [-350.0, -130.0, 0.0]}, ""step_min_inter_vessel_distance_m"": 350.4940633761005, ""step_ticks"": 72, ""target_cells"": {""0"": [18, 13], ""1"": [53, 2]}, ""target_world"": {""0"": [-270.0, 220.0, 0.0], ""1"": [-380.0, -130.0, 0.0]}, ""timeout"": false}",True,True,True,[],[false],[null],False,running,2.739116,False,False,False,False
target,19,True,baseline_GP.marine_knownmap_runtime_2usv._joint_assign_two_usv_segments,baseline_GP_mainline_planner,False,13.62798638360166,"[0, 1]",False,"[24, 11]","[53, 42]","[[18, 13], [19, 13], [20, 13], [21, 13], [22, 13], [23, 13], [24, 13], [24, 12], [24, 11]]","[[53, 2], [53, 3], [53, 4], [53, 5], [53, 6], [53, 7], [53, 8], [53, 9], [53, 10]]","[19, 13]","[53, 3]","[22, 13]","[53, 6]",baseline_GP_planner_committed_segment_lookahead,True,"{""0"": {""commit_remaining"": 4, ""committed_segment"": [[18, 13], [19, 13], [20, 13], [21, 13], [22, 13], [23, 13], [24, 13], [24, 12], [24, 11]], ""robot_pos"": [18, 13]}, ""1"": {""commit_remaining"": 4, ""committed_segment"": [[53, 2], [53, 3], [53, 4], [53, 5], [53, 6], [53, 7], [53, 8], [53, 9], [53, 10]], ""robot_pos"": [53, 2]}}","{""0"": {""commit_remaining"": 3, ""committed_segment"": [[19, 13], [20, 13], [21, 13], [22, 13], [23, 13], [24, 13], [24, 12], [24, 11]], ""robot_pos"": [19, 13]}, ""1"": {""commit_remaining"": 3, ""committed_segment"": [[53, 3], [53, 4], [53, 5], [53, 6], [53, 7], [53, 8], [53, 9], [53, 10]], ""robot_pos"": [53, 3]}}","{""0"": {""collision"": false, ""collision_cell"": null, ""move_success"": true, ""new_robot_pos"": [19, 13]}, ""1"": {""collision"": false, ""collision_cell"": null, ""move_success"": true, ""new_robot_pos"": [53, 3]}}","{""arrived"": {""0"": true, ""1"": true}, ""final_by_usv"": {""0"": {""arrived"": true, ""final_distance_to_target_m"": 3.2311633712753776, ""final_projected_cell"": [19, 13], ""last_known_world"": [-268.6519470214844, 212.9365234375, 0.1556108444929123], ""observer_pose_source"": ""live_location_sensor"", ""orientation_source"": ""live_orientation_sensor"", ""projection_matches_target"": true, ""standoff_anchor_cell"": [22, 13], ""standoff_anchor_world"": [-270.0, 180.0, 0.0], ""target_cell"": [19, 13], ""target_world"": [-270.0, 210.0, 0.0]}, ""1"": {""arrived"": true, ""final_distance_to_target_m"": 4.9523117477490946, ""final_projected_cell"": [53, 3], ""last_known_world"": [-374.5816345214844, -128.12010192871094, 0.18682603538036346], ""observer_pose_source"": ""live_location_sensor"", ""orientation_source"": ""live_orientation_sensor"", ""projection_matches_target"": true, ""standoff_anchor_cell"": [53, 6], ""standoff_anchor_world"": [-340.0, -130.0, 0.0], ""target_cell"": [53, 3], ""target_world"": [-370.0, -130.0, 0.0]}}, ""per_step_fallback_counts"": {""0"": 0, ""1"": 0}, ""policy_step"": 19, ""run_kind"": ""target"", ""standoff_anchor_cells"": {""0"": [22, 13], ""1"": [53, 6]}, ""standoff_anchor_world"": {""0"": [-270.0, 180.0, 0.0], ""1"": [-340.0, -130.0, 0.0]}, ""step_min_inter_vessel_distance_m"": 357.1284368403552, ""step_ticks"": 87, ""target_cells"": {""0"": [19, 13], ""1"": [53, 3]}, ""target_world"": {""0"": [-270.0, 210.0, 0.0], ""1"": [-370.0, -130.0, 0.0]}, ""timeout"": false}",True,True,True,[],[false],[null],False,running,3.269707,False,False,False,False
target,20,True,baseline_GP.marine_knownmap_runtime_2usv._joint_assign_two_usv_segments,baseline_GP_mainline_planner,False,13.928105210648244,"[0, 1]",False,"[27, 12]","[53, 40]","[[19, 13], [20, 13], [21, 13], [22, 13], [23, 13], [24, 13], [25, 13], [26, 13], [27, 13]]","[[53, 3], [53, 4], [53, 5], [53, 6], [53, 7], [53, 8], [53, 9], [53, 10], [53, 11]]","[20, 13]","[53, 4]","[23, 13]","[53, 7]",baseline_GP_planner_committed_segment_lookahead,True,"{""0"": {""commit_remaining"": 4, ""committed_segment"": [[19, 13], [20, 13], [21, 13], [22, 13], [23, 13], [24, 13], [25, 13], [26, 13], [27, 13]], ""robot_pos"": [19, 13]}, ""1"": {""commit_remaining"": 4, ""committed_segment"": [[53, 3], [53, 4], [53, 5], [53, 6], [53, 7], [53, 8], [53, 9], [53, 10], [53, 11]], ""robot_pos"": [53, 3]}}","{""0"": {""commit_remaining"": 3, ""committed_segment"": [[20, 13], [21, 13], [22, 13], [23, 13], [24, 13], [25, 13], [26, 13], [27, 13]], ""robot_pos"": [20, 13]}, ""1"": {""commit_remaining"": 3, ""committed_segment"": [[53, 4], [53, 5], [53, 6], [53, 7], [53, 8], [53, 9], [53, 10], [53, 11]], ""robot_pos"": [53, 4]}}","{""0"": {""collision"": false, ""collision_cell"": null, ""move_success"": true, ""new_robot_pos"": [20, 13]}, ""1"": {""collision"": false, ""collision_cell"": null, ""move_success"": true, ""new_robot_pos"": [53, 4]}}","{""arrived"": {""0"": true, ""1"": true}, ""final_by_usv"": {""0"": {""arrived"": true, ""final_distance_to_target_m"": 3.469808788087565, ""final_projected_cell"": [20, 13], ""last_known_world"": [-271.5711975097656, 203.09368896484375, 0.16894987225532532], ""observer_pose_source"": ""live_location_sensor"", ""orientation_source"": ""live_orientation_sensor"", ""projection_matches_target"": true, ""standoff_anchor_cell"": [23, 13], ""standoff_anchor_world"": [-270.0, 170.0, 0.0], ""target_cell"": [20, 13], ""target_world"": [-270.0, 200.0, 0.0]}, ""1"": {""arrived"": true, ""final_distance_to_target_m"": 4.965248464424509, ""final_projected_cell"": [53, 4], ""last_known_world"": [-363.4041748046875, -126.38540649414062, 0.17533114552497864], ""observer_pose_source"": ""live_location_sensor"", ""orientation_source"": ""live_orientation_sensor"", ""projection_matches_target"": true, ""standoff_anchor_cell"": [53, 7], ""standoff_anchor_world"": [-330.0, -130.0, 0.0], ""target_cell"": [53, 4], ""target_world"": [-360.0, -130.0, 0.0]}}, ""per_step_fallback_counts"": {""0"": 0, ""1"": 0}, ""policy_step"": 20, ""run_kind"": ""target"", ""standoff_anchor_cells"": {""0"": [23, 13], ""1"": [53, 7]}, ""standoff_anchor_world"": {""0"": [-270.0, 170.0, 0.0], ""1"": [-330.0, -130.0, 0.0]}, ""step_min_inter_vessel_distance_m"": 342.0376734561855, ""step_ticks"": 92, ""target_cells"": {""0"": [20, 13], ""1"": [53, 4]}, ""target_world"": {""0"": [-270.0, 200.0, 0.0], ""1"": [-360.0, -130.0, 0.0]}, ""timeout"": false}",True,True,True,[],[false],[null],False,running,3.466503,False,False,False,False
teammate_only,1,True,baseline_GP.marine_knownmap_runtime_2usv._joint_assign_two_usv_segments,baseline_GP_mainline_planner,False,6.486486486486487,"[0, 1]",False,"[16, 39]","[53, 39]","[[25, 2], [24, 2], [23, 2], [22, 2], [21, 2], [20, 2], [19, 2], [18, 2], [17, 2]]","[[35, 2], [36, 2], [37, 2], [38, 2], [39, 2], [40, 2], [41, 2], [42, 2], [43, 2]]","[24, 2]","[36, 2]","[21, 2]","[39, 2]",baseline_GP_planner_committed_segment_lookahead,True,"{""0"": {""commit_remaining"": 4, ""committed_segment"": [[25, 2], [24, 2], [23, 2], [22, 2], [21, 2], [20, 2], [19, 2], [18, 2], [17, 2]], ""robot_pos"": [25, 2]}, ""1"": {""commit_remaining"": 4, ""committed_segment"": [[35, 2], [36, 2], [37, 2], [38, 2], [39, 2], [40, 2], [41, 2], [42, 2], [43, 2]], ""robot_pos"": [35, 2]}}","{""0"": {""commit_remaining"": 3, ""committed_segment"": [[24, 2], [23, 2], [22, 2], [21, 2], [20, 2], [19, 2], [18, 2], [17, 2]], ""robot_pos"": [24, 2]}, ""1"": {""commit_remaining"": 3, ""committed_segment"": [[36, 2], [37, 2], [38, 2], [39, 2], [40, 2], [41, 2], [42, 2], [43, 2]], ""robot_pos"": [36, 2]}}","{""0"": {""collision"": false, ""collision_cell"": null, ""move_success"": true, ""new_robot_pos"": [24, 2]}, ""1"": {""collision"": false, ""collision_cell"": null, ""move_success"": true, ""new_robot_pos"": [36, 2]}}","{""arrived"": {""0"": true, ""1"": true}, ""final_by_usv"": {""0"": {""arrived"": true, ""final_distance_to_target_m"": 4.988738024988196, ""final_projected_cell"": [24, 2], ""last_known_world"": [-379.4669189453125, 155.03982543945312, 0.2299884706735611], ""observer_pose_source"": ""live_location_sensor"", ""orientation_source"": ""live_orientation_sensor"", ""projection_matches_target"": true, ""standoff_anchor_cell"": [21, 2], ""standoff_anchor_world"": [-380.0, 190.0, 0.0], ""target_cell"": [24, 2], ""target_world"": [-380.0, 160.0, 0.0]}, ""1"": {""arrived"": true, ""final_distance_to_target_m"": 4.988745610700015, ""final_projected_cell"": [36, 2], ""last_known_world"": [-379.4669189453125, 44.960182189941406, 0.23516124486923218], ""observer_pose_source"": ""live_location_sensor"", ""orientation_source"": ""live_orientation_sensor"", ""projection_matches_target"": true, ""standoff_anchor_cell"": [39, 2], ""standoff_anchor_world"": [-380.0, 10.0, 0.0], ""target_cell"": [36, 2], ""target_world"": [-380.0, 40.0, 0.0]}}, ""per_step_fallback_counts"": {""0"": 0, ""1"": 0}, ""policy_step"": 1, ""run_kind"": ""teammate_only"", ""standoff_anchor_cells"": {""0"": [21, 2], ""1"": [39, 2]}, ""standoff_anchor_world"": {""0"": [-380.0, 190.0, 0.0], ""1"": [-380.0, 10.0, 0.0]}, ""step_min_inter_vessel_distance_m"": 99.95897293091286, ""step_ticks"": 75, ""target_cells"": {""0"": [24, 2], ""1"": [36, 2]}, ""target_world"": {""0"": [-380.0, 160.0, 0.0], ""1"": [-380.0, 40.0, 0.0]}, ""timeout"": false}",True,True,True,[],[false],[null],False,running,2.805061,False,False,False,False
teammate_only,2,True,baseline_GP.marine_knownmap_runtime_2usv._joint_assign_two_usv_segments,baseline_GP_mainline_planner,False,6.15,"[0, 1]",False,"[18, 41]","[54, 39]","[[24, 2], [23, 2], [22, 2], [21, 2], [20, 2], [19, 2], [18, 2], [18, 3], [18, 4]]","[[36, 2], [37, 2], [38, 2], [39, 2], [40, 2], [41, 2], [42, 2], [43, 2], [44, 2]]","[23, 2]","[37, 2]","[20, 2]","[40, 2]",baseline_GP_planner_committed_segment_lookahead,True,"{""0"": {""commit_remaining"": 4, ""committed_segment"": [[24, 2], [23, 2], [22, 2], [21, 2], [20, 2], [19, 2], [18, 2], [18, 3], [18, 4]], ""robot_pos"": [24, 2]}, ""1"": {""commit_remaining"": 4, ""committed_segment"": [[36, 2], [37, 2], [38, 2], [39, 2], [40, 2], [41, 2], [42, 2], [43, 2], [44, 2]], ""robot_pos"": [36, 2]}}","{""0"": {""commit_remaining"": 3, ""committed_segment"": [[23, 2], [22, 2], [21, 2], [20, 2], [19, 2], [18, 2], [18, 3], [18, 4]], ""robot_pos"": [23, 2]}, ""1"": {""commit_remaining"": 3, ""committed_segment"": [[37, 2], [38, 2], [39, 2], [40, 2], [41, 2], [42, 2], [43, 2], [44, 2]], ""robot_pos"": [37, 2]}}","{""0"": {""collision"": false, ""collision_cell"": null, ""move_success"": true, ""new_robot_pos"": [23, 2]}, ""1"": {""collision"": false, ""collision_cell"": null, ""move_success"": true, ""new_robot_pos"": [37, 2]}}","{""arrived"": {""0"": true, ""1"": true}, ""final_by_usv"": {""0"": {""arrived"": true, ""final_distance_to_target_m"": 4.960128846868649, ""final_projected_cell"": [23, 2], ""last_known_world"": [-383.8254699707031, 166.84268188476562, 0.20364424586296082], ""observer_pose_source"": ""live_location_sensor"", ""orientation_source"": ""live_orientation_sensor"", ""projection_matches_target"": true, ""standoff_anchor_cell"": [20, 2], ""standoff_anchor_world"": [-380.0, 200.0, 0.0], ""target_cell"": [23, 2], ""target_world"": [-380.0, 170.0, 0.0]}, ""1"": {""arrived"": true, ""final_distance_to_target_m"": 4.960140987918602, ""final_projected_cell"": [37, 2], ""last_known_world"": [-383.8254699707031, 33.1573371887207, 0.20395679771900177], ""observer_pose_source"": ""live_location_sensor"", ""orientation_source"": ""live_orientation_sensor"", ""projection_matches_target"": true, ""standoff_anchor_cell"": [40, 2], ""standoff_anchor_world"": [-380.0, 0.0, 0.0], ""target_cell"": [37, 2], ""target_world"": [-380.0, 30.0, 0.0]}}, ""per_step_fallback_counts"": {""0"": 0, ""1"": 0}, ""policy_step"": 2, ""run_kind"": ""teammate_only"", ""standoff_anchor_cells"": {""0"": [20, 2], ""1"": [40, 2]}, ""standoff_anchor_world"": {""0"": [-380.0, 200.0, 0.0], ""1"": [-380.0, 0.0, 0.0]}, ""step_min_inter_vessel_distance_m"": 110.34973526001399, ""step_ticks"": 111, ""target_cells"": {""0"": [23, 2], ""1"": [37, 2]}, ""target_world"": {""0"": [-380.0, 170.0, 0.0], ""1"": [-380.0, 30.0, 0.0]}, ""timeout"": false}",True,True,True,[],[false],[null],False,running,4.123097,False,False,False,False
teammate_only,3,True,baseline_GP.marine_knownmap_runtime_2usv._joint_assign_two_usv_segments,baseline_GP_mainline_planner,False,6.15,"[0, 1]",False,"[18, 41]","[54, 40]","[[23, 2], [22, 2], [21, 2], [20, 2], [19, 2], [18, 2], [18, 3], [18, 4], [18, 5]]","[[37, 2], [38, 2], [39, 2], [40, 2], [41, 2], [42, 2], [43, 2], [44, 2], [45, 2]]","[22, 2]","[38, 2]","[19, 2]","[41, 2]",baseline_GP_planner_committed_segment_lookahead,True,"{""0"": {""commit_remaining"": 4, ""committed_segment"": [[23, 2], [22, 2], [21, 2], [20, 2], [19, 2], [18, 2], [18, 3], [18, 4], [18, 5]], ""robot_pos"": [23, 2]}, ""1"": {""commit_remaining"": 4, ""committed_segment"": [[37, 2], [38, 2], [39, 2], [40, 2], [41, 2], [42, 2], [43, 2], [44, 2], [45, 2]], ""robot_pos"": [37, 2]}}","{""0"": {""commit_remaining"": 3, ""committed_segment"": [[22, 2], [21, 2], [20, 2], [19, 2], [18, 2], [18, 3], [18, 4], [18, 5]], ""robot_pos"": [22, 2]}, ""1"": {""commit_remaining"": 3, ""committed_segment"": [[38, 2], [39, 2], [40, 2], [41, 2], [42, 2], [43, 2], [44, 2], [45, 2]], ""robot_pos"": [38, 2]}}","{""0"": {""collision"": false, ""collision_cell"": null, ""move_success"": true, ""new_robot_pos"": [22, 2]}, ""1"": {""collision"": false, ""collision_cell"": null, ""move_success"": true, ""new_robot_pos"": [38, 2]}}","{""arrived"": {""0"": true, ""1"": true}, ""final_by_usv"": {""0"": {""arrived"": true, ""final_distance_to_target_m"": 4.96857279832296, ""final_projected_cell"": [22, 2], ""last_known_world"": [-378.4474792480469, 175.28021240234375, 0.18358948826789856], ""observer_pose_source"": ""live_location_sensor"", ""orientation_source"": ""live_orientation_sensor"", ""projection_matches_target"": true, ""standoff_anchor_cell"": [19, 2], ""standoff_anchor_world"": [-380.0, 210.0, 0.0], ""target_cell"": [22, 2], ""target_world"": [-380.0, 180.0, 0.0]}, ""1"": {""arrived"": true, ""final_distance_to_target_m"": 4.968634877593326, ""final_projected_cell"": [38, 2], ""last_known_world"": [-378.44744873046875, 24.7198429107666, 0.19226990640163422], ""observer_pose_source"": ""live_location_sensor"", ""orientation_source"": ""live_orientation_sensor"", ""projection_matches_target"": true, ""standoff_anchor_cell"": [41, 2], ""standoff_anchor_world"": [-380.0, -10.0, 0.0], ""target_cell"": [38, 2], ""target_world"": [-380.0, 20.0, 0.0]}}, ""per_step_fallback_counts"": {""0"": 0, ""1"": 0}, ""policy_step"": 3, ""run_kind"": ""teammate_only"", ""standoff_anchor_cells"": {""0"": [19, 2], ""1"": [41, 2]}, ""standoff_anchor_world"": {""0"": [-380.0, 210.0, 0.0], ""1"": [-380.0, -10.0, 0.0]}, ""step_min_inter_vessel_distance_m"": 133.89737319946636, ""step_ticks"": 88, ""target_cells"": {""0"": [22, 2], ""1"": [38, 2]}, ""target_world"": {""0"": [-380.0, 180.0, 0.0], ""1"": [-380.0, 20.0, 0.0]}, ""timeout"": false}",True,True,True,[],[false],[null],False,running,3.277209,False,False,False,False
teammate_only,4,True,baseline_GP.marine_knownmap_runtime_2usv._joint_assign_two_usv_segments,baseline_GP_mainline_planner,False,6.15,"[0, 1]",False,"[18, 40]","[54, 40]","[[22, 2], [21, 2], [20, 2], [19, 2], [18, 2], [18, 3], [18, 4], [18, 5], [18, 6]]","[[38, 2], [39, 2], [40, 2], [41, 2], [42, 2], [43, 2], [44, 2], [45, 2], [46, 2]]","[21, 2]","[39, 2]","[18, 2]","[42, 2]",baseline_GP_planner_committed_segment_lookahead,True,"{""0"": {""commit_remaining"": 4, ""committed_segment"": [[22, 2], [21, 2], [20, 2], [19, 2], [18, 2], [18, 3], [18, 4], [18, 5], [18, 6]], ""robot_pos"": [22, 2]}, ""1"": {""commit_remaining"": 4, ""committed_segment"": [[38, 2], [39, 2], [40, 2], [41, 2], [42, 2], [43, 2], [44, 2], [45, 2], [46, 2]], ""robot_pos"": [38, 2]}}","{""0"": {""commit_remaining"": 3, ""committed_segment"": [[21, 2], [20, 2], [19, 2], [18, 2], [18, 3], [18, 4], [18, 5], [18, 6]], ""robot_pos"": [21, 2]}, ""1"": {""commit_remaining"": 3, ""committed_segment"": [[39, 2], [40, 2], [41, 2], [42, 2], [43, 2], [44, 2], [45, 2], [46, 2]], ""robot_pos"": [39, 2]}}","{""0"": {""collision"": false, ""collision_cell"": null, ""move_success"": true, ""new_robot_pos"": [21, 2]}, ""1"": {""collision"": false, ""collision_cell"": null, ""move_success"": true, ""new_robot_pos"": [39, 2]}}","{""arrived"": {""0"": true, ""1"": true}, ""final_by_usv"": {""0"": {""arrived"": true, ""final_distance_to_target_m"": 4.9356179713422215, ""final_projected_cell"": [21, 2], ""last_known_world"": [-379.2996826171875, 185.11431884765625, 0.17799152433872223], ""observer_pose_source"": ""live_location_sensor"", ""orientation_source"": ""live_orientation_sensor"", ""projection_matches_target"": true, ""standoff_anchor_cell"": [18, 2], ""standoff_anchor_world"": [-380.0, 220.0, 0.0], ""target_cell"": [21, 2], ""target_world"": [-380.0, 190.0, 0.0]}, ""1"": {""arrived"": true, ""final_distance_to_target_m"": 4.93562363549457, ""final_projected_cell"": [39, 2], ""last_known_world"": [-379.2996826171875, 14.885686874389648, 0.18186526000499725], ""observer_pose_source"": ""live_location_sensor"", ""orientation_source"": ""live_orientation_sensor"", ""projection_matches_target"": true, ""standoff_anchor_cell"": [42, 2], ""standoff_anchor_world"": [-380.0, -20.0, 0.0], ""target_cell"": [39, 2], ""target_world"": [-380.0, 10.0, 0.0]}}, ""per_step_fallback_counts"": {""0"": 0, ""1"": 0}, ""policy_step"": 4, ""run_kind"": ""teammate_only"", ""standoff_anchor_cells"": {""0"": [18, 2], ""1"": [42, 2]}, ""standoff_anchor_world"": {""0"": [-380.0, 220.0, 0.0], ""1"": [-380.0, -20.0, 0.0]}, ""step_min_inter_vessel_distance_m"": 150.8259296417267, ""step_ticks"": 68, ""target_cells"": {""0"": [21, 2], ""1"": [39, 2]}, ""target_world"": {""0"": [-380.0, 190.0, 0.0], ""1"": [-380.0, 10.0, 0.0]}, ""timeout"": false}",True,True,True,[],[false],[null],False,running,2.586296,False,False,False,False
teammate_only,5,True,baseline_GP.marine_knownmap_runtime_2usv._joint_assign_two_usv_segments,baseline_GP_mainline_planner,False,8.5,"[0, 1]",False,"[18, 40]","[54, 40]","[[21, 2], [20, 2], [19, 2], [18, 2], [18, 3], [18, 4], [18, 5], [18, 6], [18, 7]]","[[39, 2], [40, 2], [41, 2], [42, 2], [43, 2], [44, 2], [45, 2], [46, 2], [47, 2]]","[20, 2]","[40, 2]","[18, 3]","[43, 2]",baseline_GP_planner_committed_segment_lookahead,True,"{""0"": {""commit_remaining"": 4, ""committed_segment"": [[21, 2], [20, 2], [19, 2], [18, 2], [18, 3], [18, 4], [18, 5], [18, 6], [18, 7]], ""robot_pos"": [21, 2]}, ""1"": {""commit_remaining"": 4, ""committed_segment"": [[39, 2], [40, 2], [41, 2], [42, 2], [43, 2], [44, 2], [45, 2], [46, 2], [47, 2]], ""robot_pos"": [39, 2]}}","{""0"": {""commit_remaining"": 3, ""committed_segment"": [[20, 2], [19, 2], [18, 2], [18, 3], [18, 4], [18, 5], [18, 6], [18, 7]], ""robot_pos"": [20, 2]}, ""1"": {""commit_remaining"": 3, ""committed_segment"": [[40, 2], [41, 2], [42, 2], [43, 2], [44, 2], [45, 2], [46, 2], [47, 2]], ""robot_pos"": [40, 2]}}","{""0"": {""collision"": false, ""collision_cell"": null, ""move_success"": true, ""new_robot_pos"": [20, 2]}, ""1"": {""collision"": false, ""collision_cell"": null, ""move_success"": true, ""new_robot_pos"": [40, 2]}}","{""arrived"": {""0"": true, ""1"": true}, ""final_by_usv"": {""0"": {""arrived"": true, ""final_distance_to_target_m"": 4.938450470659888, ""final_projected_cell"": [20, 2], ""last_known_world"": [-382.84130859375, 195.96078491210938, 0.17424272000789642], ""observer_pose_source"": ""live_location_sensor"", ""orientation_source"": ""live_orientation_sensor"", ""projection_matches_target"": true, ""standoff_anchor_cell"": [18, 3], ""standoff_anchor_world"": [-370.0, 220.0, 0.0], ""target_cell"": [20, 2], ""target_world"": [-380.0, 200.0, 0.0]}, ""1"": {""arrived"": true, ""final_distance_to_target_m"": 4.938420049882408, ""final_projected_cell"": [40, 2], ""last_known_world"": [-382.84130859375, 4.039177894592285, 0.17645195126533508], ""observer_pose_source"": ""live_location_sensor"", ""orientation_source"": ""live_orientation_sensor"", ""projection_matches_target"": true, ""standoff_anchor_cell"": [43, 2], ""standoff_anchor_world"": [-380.0, -30.0, 0.0], ""target_cell"": [40, 2], ""target_world"": [-380.0, 0.0, 0.0]}}, ""per_step_fallback_counts"": {""0"": 0, ""1"": 0}, ""policy_step"": 5, ""run_kind"": ""teammate_only"", ""standoff_anchor_cells"": {""0"": [18, 3], ""1"": [43, 2]}, ""standoff_anchor_world"": {""0"": [-370.0, 220.0, 0.0], ""1"": [-380.0, -30.0, 0.0]}, ""step_min_inter_vessel_distance_m"": 170.51443195343018, ""step_ticks"": 90, ""target_cells"": {""0"": [20, 2], ""1"": [40, 2]}, ""target_world"": {""0"": [-380.0, 200.0, 0.0], ""1"": [-380.0, 0.0, 0.0]}, ""timeout"": false}",True,True,True,[],[false],[null],False,running,3.356731,False,False,False,False
teammate_only,6,True,baseline_GP.marine_knownmap_runtime_2usv._joint_assign_two_usv_segments,baseline_GP_mainline_planner,False,8.5,"[0, 1]",False,"[18, 41]","[54, 40]","[[20, 2], [19, 2], [18, 2], [18, 3], [18, 4], [18, 5], [18, 6], [18, 7], [18, 8]]","[[40, 2], [41, 2], [42, 2], [43, 2], [44, 2], [45, 2], [46, 2], [47, 2], [48, 2]]","[19, 2]","[41, 2]","[18, 4]","[44, 2]",baseline_GP_planner_committed_segment_lookahead,True,"{""0"": {""commit_remaining"": 4, ""committed_segment"": [[20, 2], [19, 2], [18, 2], [18, 3], [18, 4], [18, 5], [18, 6], [18, 7], [18, 8]], ""robot_pos"": [20, 2]}, ""1"": {""commit_remaining"": 4, ""committed_segment"": [[40, 2], [41, 2], [42, 2], [43, 2], [44, 2], [45, 2], [46, 2], [47, 2], [48, 2]], ""robot_pos"": [40, 2]}}","{""0"": {""commit_remaining"": 3, ""committed_segment"": [[19, 2], [18, 2], [18, 3], [18, 4], [18, 5], [18, 6], [18, 7], [18, 8]], ""robot_pos"": [19, 2]}, ""1"": {""commit_remaining"": 3, ""committed_segment"": [[41, 2], [42, 2], [43, 2], [44, 2], [45, 2], [46, 2], [47, 2], [48, 2]], ""robot_pos"": [41, 2]}}","{""0"": {""collision"": false, ""collision_cell"": null, ""move_success"": true, ""new_robot_pos"": [19, 2]}, ""1"": {""collision"": false, ""collision_cell"": null, ""move_success"": true, ""new_robot_pos"": [41, 2]}}","{""arrived"": {""0"": true, ""1"": true}, ""final_by_usv"": {""0"": {""arrived"": true, ""final_distance_to_target_m"": 4.928507694131011, ""final_projected_cell"": [19, 2], ""last_known_world"": [-378.35546875, 205.3539581298828, 0.17848870158195496], ""observer_pose_source"": ""live_location_sensor"", ""orientation_source"": ""live_orientation_sensor"", ""projection_matches_target"": true, ""standoff_anchor_cell"": [18, 4], ""standoff_anchor_world"": [-360.0, 220.0, 0.0], ""target_cell"": [19, 2], ""target_world"": [-380.0, 210.0, 0.0]}, ""1"": {""arrived"": true, ""final_distance_to_target_m"": 4.9284982544566205, ""final_projected_cell"": [41, 2], ""last_known_world"": [-378.35546875, -5.353968143463135, 0.18577517569065094], ""observer_pose_source"": ""live_location_sensor"", ""orientation_source"": ""live_orientation_sensor"", ""projection_matches_target"": true, ""standoff_anchor_cell"": [44, 2], ""standoff_anchor_world"": [-380.0, -40.0, 0.0], ""target_cell"": [41, 2], ""target_world"": [-380.0, -10.0, 0.0]}}, ""per_step_fallback_counts"": {""0"": 0, ""1"": 0}, ""policy_step"": 6, ""run_kind"": ""teammate_only"", ""standoff_anchor_cells"": {""0"": [18, 4], ""1"": [44, 2]}, ""standoff_anchor_world"": {""0"": [-360.0, 220.0, 0.0], ""1"": [-380.0, -40.0, 0.0]}, ""step_min_inter_vessel_distance_m"": 192.14993953705078, ""step_ticks"": 90, ""target_cells"": {""0"": [19, 2], ""1"": [41, 2]}, ""target_world"": {""0"": [-380.0, 210.0, 0.0], ""1"": [-380.0, -10.0, 0.0]}, ""timeout"": false}",True,True,True,[],[false],[null],False,running,3.405828,False,False,False,False
teammate_only,7,True,baseline_GP.marine_knownmap_runtime_2usv._joint_assign_two_usv_segments,baseline_GP_mainline_planner,False,8.5,"[0, 1]",False,"[18, 41]","[55, 38]","[[19, 2], [18, 2], [18, 3], [18, 4], [18, 5], [18, 6], [18, 7], [18, 8], [18, 9]]","[[41, 2], [42, 2], [43, 2], [44, 2], [45, 2], [46, 2], [47, 2], [48, 2], [49, 2]]","[18, 2]","[42, 2]","[18, 5]","[45, 2]",baseline_GP_planner_committed_segment_lookahead,True,"{""0"": {""commit_remaining"": 4, ""committed_segment"": [[19, 2], [18, 2], [18, 3], [18, 4], [18, 5], [18, 6], [18, 7], [18, 8], [18, 9]], ""robot_pos"": [19, 2]}, ""1"": {""commit_remaining"": 4, ""committed_segment"": [[41, 2], [42, 2], [43, 2], [44, 2], [45, 2], [46, 2], [47, 2], [48, 2], [49, 2]], ""robot_pos"": [41, 2]}}","{""0"": {""commit_remaining"": 3, ""committed_segment"": [[18, 2], [18, 3], [18, 4], [18, 5], [18, 6], [18, 7], [18, 8], [18, 9]], ""robot_pos"": [18, 2]}, ""1"": {""commit_remaining"": 3, ""committed_segment"": [[42, 2], [43, 2], [44, 2], [45, 2], [46, 2], [47, 2], [48, 2], [49, 2]], ""robot_pos"": [42, 2]}}","{""0"": {""collision"": false, ""collision_cell"": null, ""move_success"": true, ""new_robot_pos"": [18, 2]}, ""1"": {""collision"": false, ""collision_cell"": null, ""move_success"": true, ""new_robot_pos"": [42, 2]}}","{""arrived"": {""0"": true, ""1"": true}, ""final_by_usv"": {""0"": {""arrived"": true, ""final_distance_to_target_m"": 4.983254250622025, ""final_projected_cell"": [18, 2], ""last_known_world"": [-380.30853271484375, 215.02630615234375, 0.17820748686790466], ""observer_pose_source"": ""live_location_sensor"", ""orientation_source"": ""live_orientation_sensor"", ""projection_matches_target"": true, ""standoff_anchor_cell"": [18, 5], ""standoff_anchor_world"": [-350.0, 220.0, 0.0], ""target_cell"": [18, 2], ""target_world"": [-380.0, 220.0, 0.0]}, ""1"": {""arrived"": true, ""final_distance_to_target_m"": 4.9831962023961935, ""final_projected_cell"": [42, 2], ""last_known_world"": [-380.3085021972656, -15.026362419128418, 0.1817799210548401], ""observer_pose_source"": ""live_location_sensor"", ""orientation_source"": ""live_orientation_sensor"", ""projection_matches_target"": true, ""standoff_anchor_cell"": [45, 2], ""standoff_anchor_world"": [-380.0, -50.0, 0.0], ""target_cell"": [42, 2], ""target_world"": [-380.0, -20.0, 0.0]}}, ""per_step_fallback_counts"": {""0"": 0, ""1"": 0}, ""policy_step"": 7, ""run_kind"": ""teammate_only"", ""standoff_anchor_cells"": {""0"": [18, 5], ""1"": [45, 2]}, ""standoff_anchor_world"": {""0"": [-350.0, 220.0, 0.0], ""1"": [-380.0, -50.0, 0.0]}, ""step_min_inter_vessel_distance_m"": 210.9677815437317, ""step_ticks"": 69, ""target_cells"": {""0"": [18, 2], ""1"": [42, 2]}, ""target_world"": {""0"": [-380.0, 220.0, 0.0], ""1"": [-380.0, -20.0, 0.0]}, ""timeout"": false}",True,True,True,[],[false],[null],False,running,2.599803,False,False,False,False
teammate_only,8,True,baseline_GP.marine_knownmap_runtime_2usv._joint_assign_two_usv_segments,baseline_GP_mainline_planner,False,8.5,"[0, 1]",False,"[18, 42]","[54, 40]","[[18, 2], [18, 3], [18, 4], [18, 5], [18, 6], [18, 7], [18, 8], [18, 9], [18, 10]]","[[42, 2], [43, 2], [44, 2], [45, 2], [46, 2], [47, 2], [48, 2], [49, 2], [50, 2]]","[18, 3]","[43, 2]","[18, 6]","[46, 2]",baseline_GP_planner_committed_segment_lookahead,True,"{""0"": {""commit_remaining"": 4, ""committed_segment"": [[18, 2], [18, 3], [18, 4], [18, 5], [18, 6], [18, 7], [18, 8], [18, 9], [18, 10]], ""robot_pos"": [18, 2]}, ""1"": {""commit_remaining"": 4, ""committed_segment"": [[42, 2], [43, 2], [44, 2], [45, 2], [46, 2], [47, 2], [48, 2], [49, 2], [50, 2]], ""robot_pos"": [42, 2]}}","{""0"": {""commit_remaining"": 3, ""committed_segment"": [[18, 3], [18, 4], [18, 5], [18, 6], [18, 7], [18, 8], [18, 9], [18, 10]], ""robot_pos"": [18, 3]}, ""1"": {""commit_remaining"": 3, ""committed_segment"": [[43, 2], [44, 2], [45, 2], [46, 2], [47, 2], [48, 2], [49, 2], [50, 2]], ""robot_pos"": [43, 2]}}","{""0"": {""collision"": false, ""collision_cell"": null, ""move_success"": true, ""new_robot_pos"": [18, 3]}, ""1"": {""collision"": false, ""collision_cell"": null, ""move_success"": true, ""new_robot_pos"": [43, 2]}}","{""arrived"": {""0"": true, ""1"": true}, ""final_by_usv"": {""0"": {""arrived"": true, ""final_distance_to_target_m"": 4.384384884796806, ""final_projected_cell"": [18, 3], ""last_known_world"": [-373.9777526855469, 218.156005859375, 0.20276203751564026], ""observer_pose_source"": ""live_location_sensor"", ""orientation_source"": ""live_orientation_sensor"", ""projection_matches_target"": true, ""standoff_anchor_cell"": [18, 6], ""standoff_anchor_world"": [-340.0, 220.0, 0.0], ""target_cell"": [18, 3], ""target_world"": [-370.0, 220.0, 0.0]}, ""1"": {""arrived"": true, ""final_distance_to_target_m"": 4.956500794975639, ""final_projected_cell"": [43, 2], ""last_known_world"": [-383.8590087890625, -26.889541625976562, 0.18355563282966614], ""observer_pose_source"": ""live_location_sensor"", ""orientation_source"": ""live_orientation_sensor"", ""projection_matches_target"": true, ""standoff_anchor_cell"": [46, 2], ""standoff_anchor_world"": [-380.0, -60.0, 0.0], ""target_cell"": [43, 2], ""target_world"": [-380.0, -30.0, 0.0]}}, ""per_step_fallback_counts"": {""0"": 0, ""1"": 0}, ""policy_step"": 8, ""run_kind"": ""teammate_only"", ""standoff_anchor_cells"": {""0"": [18, 6], ""1"": [46, 2]}, ""standoff_anchor_world"": {""0"": [-340.0, 220.0, 0.0], ""1"": [-380.0, -60.0, 0.0]}, ""step_min_inter_vessel_distance_m"": 230.28070840997245, ""step_ticks"": 101, ""target_cells"": {""0"": [18, 3], ""1"": [43, 2]}, ""target_world"": {""0"": [-370.0, 220.0, 0.0], ""1"": [-380.0, -30.0, 0.0]}, ""timeout"": false}",True,True,True,[],[false],[null],False,running,3.765849,False,False,False,False
teammate_only,9,True,baseline_GP.marine_knownmap_runtime_2usv._joint_assign_two_usv_segments,baseline_GP_mainline_planner,False,8.5,"[0, 1]",False,"[18, 43]","[54, 40]","[[18, 3], [18, 4], [18, 5], [18, 6], [18, 7], [18, 8], [18, 9], [18, 10], [18, 11]]","[[43, 2], [44, 2], [45, 2], [46, 2], [47, 2], [48, 2], [49, 2], [50, 2], [51, 2]]","[18, 4]","[44, 2]","[18, 7]","[47, 2]",baseline_GP_planner_committed_segment_lookahead,True,"{""0"": {""commit_remaining"": 4, ""committed_segment"": [[18, 3], [18, 4], [18, 5], [18, 6], [18, 7], [18, 8], [18, 9], [18, 10], [18, 11]], ""robot_pos"": [18, 3]}, ""1"": {""commit_remaining"": 4, ""committed_segment"": [[43, 2], [44, 2], [45, 2], [46, 2], [47, 2], [48, 2], [49, 2], [50, 2], [51, 2]], ""robot_pos"": [43, 2]}}","{""0"": {""commit_remaining"": 3, ""committed_segment"": [[18, 4], [18, 5], [18, 6], [18, 7], [18, 8], [18, 9], [18, 10], [18, 11]], ""robot_pos"": [18, 4]}, ""1"": {""commit_remaining"": 3, ""committed_segment"": [[44, 2], [45, 2], [46, 2], [47, 2], [48, 2], [49, 2], [50, 2], [51, 2]], ""robot_pos"": [44, 2]}}","{""0"": {""collision"": false, ""collision_cell"": null, ""move_success"": true, ""new_robot_pos"": [18, 4]}, ""1"": {""collision"": false, ""collision_cell"": null, ""move_success"": true, ""new_robot_pos"": [44, 2]}}","{""arrived"": {""0"": true, ""1"": true}, ""final_by_usv"": {""0"": {""arrived"": true, ""final_distance_to_target_m"": 3.074182663492771, ""final_projected_cell"": [18, 4], ""last_known_world"": [-363.04901123046875, 220.39259338378906, 0.18006835877895355], ""observer_pose_source"": ""live_location_sensor"", ""orientation_source"": ""live_orientation_sensor"", ""projection_matches_target"": true, ""standoff_anchor_cell"": [18, 7], ""standoff_anchor_world"": [-330.0, 220.0, 0.0], ""target_cell"": [18, 4], ""target_world"": [-360.0, 220.0, 0.0]}, ""1"": {""arrived"": true, ""final_distance_to_target_m"": 4.925903814632363, ""final_projected_cell"": [44, 2], ""last_known_world"": [-378.665771484375, -35.25823211669922, 0.18792711198329926], ""observer_pose_source"": ""live_location_sensor"", ""orientation_source"": ""live_orientation_sensor"", ""projection_matches_target"": true, ""standoff_anchor_cell"": [47, 2], ""standoff_anchor_world"": [-380.0, -70.0, 0.0], ""target_cell"": [44, 2], ""target_world"": [-380.0, -40.0, 0.0]}}, ""per_step_fallback_counts"": {""0"": 0, ""1"": 0}, ""policy_step"": 9, ""run_kind"": ""teammate_only"", ""standoff_anchor_cells"": {""0"": [18, 7], ""1"": [47, 2]}, ""standoff_anchor_world"": {""0"": [-330.0, 220.0, 0.0], ""1"": [-380.0, -70.0, 0.0]}, ""step_min_inter_vessel_distance_m"": 245.35134980736177, ""step_ticks"": 85, ""target_cells"": {""0"": [18, 4], ""1"": [44, 2]}, ""target_world"": {""0"": [-360.0, 220.0, 0.0], ""1"": [-380.0, -40.0, 0.0]}, ""timeout"": false}",True,True,True,[],[false],[null],False,running,3.194134,False,False,False,False
teammate_only,10,True,baseline_GP.marine_knownmap_runtime_2usv._joint_assign_two_usv_segments,baseline_GP_mainline_planner,False,15.0,"[0, 1]",False,"[18, 34]","[55, 39]","[[18, 4], [18, 5], [18, 6], [18, 7], [18, 8], [18, 9], [18, 10], [18, 11], [18, 12]]","[[44, 2], [45, 2], [46, 2], [47, 2], [48, 2], [49, 2], [50, 2], [51, 2], [52, 2]]","[18, 5]","[45, 2]","[18, 8]","[48, 2]",baseline_GP_planner_committed_segment_lookahead,True,"{""0"": {""commit_remaining"": 4, ""committed_segment"": [[18, 4], [18, 5], [18, 6], [18, 7], [18, 8], [18, 9], [18, 10], [18, 11], [18, 12]], ""robot_pos"": [18, 4]}, ""1"": {""commit_remaining"": 4, ""committed_segment"": [[44, 2], [45, 2], [46, 2], [47, 2], [48, 2], [49, 2], [50, 2], [51, 2], [52, 2]], ""robot_pos"": [44, 2]}}","{""0"": {""commit_remaining"": 3, ""committed_segment"": [[18, 5], [18, 6], [18, 7], [18, 8], [18, 9], [18, 10], [18, 11], [18, 12]], ""robot_pos"": [18, 5]}, ""1"": {""commit_remaining"": 3, ""committed_segment"": [[45, 2], [46, 2], [47, 2], [48, 2], [49, 2], [50, 2], [51, 2], [52, 2]], ""robot_pos"": [45, 2]}}","{""0"": {""collision"": false, ""collision_cell"": null, ""move_success"": true, ""new_robot_pos"": [18, 5]}, ""1"": {""collision"": false, ""collision_cell"": null, ""move_success"": true, ""new_robot_pos"": [45, 2]}}","{""arrived"": {""0"": true, ""1"": true}, ""final_by_usv"": {""0"": {""arrived"": true, ""final_distance_to_target_m"": 4.992991196968299, ""final_projected_cell"": [18, 5], ""last_known_world"": [-354.1737060546875, 222.74046325683594, 0.17526789009571075], ""observer_pose_source"": ""live_location_sensor"", ""orientation_source"": ""live_orientation_sensor"", ""projection_matches_target"": true, ""standoff_anchor_cell"": [18, 8], ""standoff_anchor_world"": [-320.0, 220.0, 0.0], ""target_cell"": [18, 5], ""target_world"": [-350.0, 220.0, 0.0]}, ""1"": {""arrived"": true, ""final_distance_to_target_m"": 4.949685517026662, ""final_projected_cell"": [45, 2], ""last_known_world"": [-380.0511779785156, -45.05057907104492, 0.1843176931142807], ""observer_pose_source"": ""live_location_sensor"", ""orientation_source"": ""live_orientation_sensor"", ""projection_matches_target"": true, ""standoff_anchor_cell"": [48, 2], ""standoff_anchor_world"": [-380.0, -80.0, 0.0], ""target_cell"": [45, 2], ""target_world"": [-380.0, -50.0, 0.0]}}, ""per_step_fallback_counts"": {""0"": 0, ""1"": 0}, ""policy_step"": 10, ""run_kind"": ""teammate_only"", ""standoff_anchor_cells"": {""0"": [18, 8], ""1"": [48, 2]}, ""standoff_anchor_world"": {""0"": [-320.0, 220.0, 0.0], ""1"": [-380.0, -80.0, 0.0]}, ""step_min_inter_vessel_distance_m"": 256.29708700068124, ""step_ticks"": 69, ""target_cells"": {""0"": [18, 5], ""1"": [45, 2]}, ""target_world"": {""0"": [-350.0, 220.0, 0.0], ""1"": [-380.0, -50.0, 0.0]}, ""timeout"": false}",True,True,True,[],[false],[null],False,running,2.628644,False,False,False,False
teammate_only,11,True,baseline_GP.marine_knownmap_runtime_2usv._joint_assign_two_usv_segments,baseline_GP_mainline_planner,False,8.5,"[0, 1]",False,"[18, 39]","[55, 39]","[[18, 5], [18, 6], [18, 7], [18, 8], [18, 9], [18, 10], [18, 11], [18, 12], [18, 13]]","[[45, 2], [46, 2], [47, 2], [48, 2], [49, 2], [50, 2], [51, 2], [52, 2], [53, 2]]","[18, 6]","[46, 2]","[18, 9]","[49, 2]",baseline_GP_planner_committed_segment_lookahead,True,"{""0"": {""commit_remaining"": 4, ""committed_segment"": [[18, 5], [18, 6], [18, 7], [18, 8], [18, 9], [18, 10], [18, 11], [18, 12], [18, 13]], ""robot_pos"": [18, 5]}, ""1"": {""commit_remaining"": 4, ""committed_segment"": [[45, 2], [46, 2], [47, 2], [48, 2], [49, 2], [50, 2], [51, 2], [52, 2], [53, 2]], ""robot_pos"": [45, 2]}}","{""0"": {""commit_remaining"": 3, ""committed_segment"": [[18, 6], [18, 7], [18, 8], [18, 9], [18, 10], [18, 11], [18, 12], [18, 13]], ""robot_pos"": [18, 6]}, ""1"": {""commit_remaining"": 3, ""committed_segment"": [[46, 2], [47, 2], [48, 2], [49, 2], [50, 2], [51, 2], [52, 2], [53, 2]], ""robot_pos"": [46, 2]}}","{""0"": {""collision"": false, ""collision_cell"": null, ""move_success"": true, ""new_robot_pos"": [18, 6]}, ""1"": {""collision"": false, ""collision_cell"": null, ""move_success"": true, ""new_robot_pos"": [46, 2]}}","{""arrived"": {""0"": true, ""1"": true}, ""final_by_usv"": {""0"": {""arrived"": true, ""final_distance_to_target_m"": 2.860991353544612, ""final_projected_cell"": [18, 6], ""last_known_world"": [-342.7233581542969, 219.12330627441406, 0.1697368025779724], ""observer_pose_source"": ""live_location_sensor"", ""orientation_source"": ""live_orientation_sensor"", ""projection_matches_target"": true, ""standoff_anchor_cell"": [18, 9], ""standoff_anchor_world"": [-310.0, 220.0, 0.0], ""target_cell"": [18, 6], ""target_world"": [-340.0, 220.0, 0.0]}, ""1"": {""arrived"": true, ""final_distance_to_target_m"": 4.987672919267808, ""final_projected_cell"": [46, 2], ""last_known_world"": [-383.68206787109375, -56.635589599609375, 0.1828039437532425], ""observer_pose_source"": ""live_location_sensor"", ""orientation_source"": ""live_orientation_sensor"", ""projection_matches_target"": true, ""standoff_anchor_cell"": [49, 2], ""standoff_anchor_world"": [-380.0, -90.0, 0.0], ""target_cell"": [46, 2], ""target_world"": [-380.0, -60.0, 0.0]}}, ""per_step_fallback_counts"": {""0"": 0, ""1"": 0}, ""policy_step"": 11, ""run_kind"": ""teammate_only"", ""standoff_anchor_cells"": {""0"": [18, 9], ""1"": [49, 2]}, ""standoff_anchor_world"": {""0"": [-310.0, 220.0, 0.0], ""1"": [-380.0, -90.0, 0.0]}, ""step_min_inter_vessel_distance_m"": 269.1977349529866, ""step_ticks"": 98, ""target_cells"": {""0"": [18, 6], ""1"": [46, 2]}, ""target_world"": {""0"": [-340.0, 220.0, 0.0], ""1"": [-380.0, -60.0, 0.0]}, ""timeout"": false}",True,True,True,[],[false],[null],False,running,3.667654,False,False,False,False
teammate_only,12,True,baseline_GP.marine_knownmap_runtime_2usv._joint_assign_two_usv_segments,baseline_GP_mainline_planner,False,13.003397409972301,"[0, 1]",False,"[18, 39]","[55, 39]","[[18, 6], [18, 7], [18, 8], [18, 9], [18, 10], [18, 11], [18, 12], [18, 13], [18, 14]]","[[46, 2], [47, 2], [48, 2], [49, 2], [50, 2], [51, 2], [52, 2], [53, 2], [54, 2]]","[18, 7]","[47, 2]","[18, 10]","[50, 2]",baseline_GP_planner_committed_segment_lookahead,True,"{""0"": {""commit_remaining"": 4, ""committed_segment"": [[18, 6], [18, 7], [18, 8], [18, 9], [18, 10], [18, 11], [18, 12], [18, 13], [18, 14]], ""robot_pos"": [18, 6]}, ""1"": {""commit_remaining"": 4, ""committed_segment"": [[46, 2], [47, 2], [48, 2], [49, 2], [50, 2], [51, 2], [52, 2], [53, 2], [54, 2]], ""robot_pos"": [46, 2]}}","{""0"": {""commit_remaining"": 3, ""committed_segment"": [[18, 7], [18, 8], [18, 9], [18, 10], [18, 11], [18, 12], [18, 13], [18, 14]], ""robot_pos"": [18, 7]}, ""1"": {""commit_remaining"": 3, ""committed_segment"": [[47, 2], [48, 2], [49, 2], [50, 2], [51, 2], [52, 2], [53, 2], [54, 2]], ""robot_pos"": [47, 2]}}","{""0"": {""collision"": false, ""collision_cell"": null, ""move_success"": true, ""new_robot_pos"": [18, 7]}, ""1"": {""collision"": false, ""collision_cell"": null, ""move_success"": true, ""new_robot_pos"": [47, 2]}}","{""arrived"": {""0"": true, ""1"": true}, ""final_by_usv"": {""0"": {""arrived"": true, ""final_distance_to_target_m"": 4.545247619462089, ""final_projected_cell"": [18, 7], ""last_known_world"": [-334.2358093261719, 221.6483917236328, 0.1796424388885498], ""observer_pose_source"": ""live_location_sensor"", ""orientation_source"": ""live_orientation_sensor"", ""projection_matches_target"": true, ""standoff_anchor_cell"": [18, 10], ""standoff_anchor_world"": [-300.0, 220.0, 0.0], ""target_cell"": [18, 7], ""target_world"": [-330.0, 220.0, 0.0]}, ""1"": {""arrived"": true, ""final_distance_to_target_m"": 4.98320491569968, ""final_projected_cell"": [47, 2], ""last_known_world"": [-378.74774169921875, -65.17670440673828, 0.1860457956790924], ""observer_pose_source"": ""live_location_sensor"", ""orientation_source"": ""live_orientation_sensor"", ""projection_matches_target"": true, ""standoff_anchor_cell"": [50, 2], ""standoff_anchor_world"": [-380.0, -100.0, 0.0], ""target_cell"": [47, 2], ""target_world"": [-380.0, -70.0, 0.0]}}, ""per_step_fallback_counts"": {""0"": 0, ""1"": 0}, ""policy_step"": 12, ""run_kind"": ""teammate_only"", ""standoff_anchor_cells"": {""0"": [18, 10], ""1"": [50, 2]}, ""standoff_anchor_world"": {""0"": [-300.0, 220.0, 0.0], ""1"": [-380.0, -100.0, 0.0]}, ""step_min_inter_vessel_distance_m"": 278.8921123351761, ""step_ticks"": 84, ""target_cells"": {""0"": [18, 7], ""1"": [47, 2]}, ""target_world"": {""0"": [-330.0, 220.0, 0.0], ""1"": [-380.0, -70.0, 0.0]}, ""timeout"": false}",True,True,True,[],[false],[null],False,running,3.15366,False,False,False,False
teammate_only,13,True,baseline_GP.marine_knownmap_runtime_2usv._joint_assign_two_usv_segments,baseline_GP_mainline_planner,False,12.932511863747575,"[0, 1]",False,"[18, 39]","[55, 39]","[[18, 7], [18, 8], [18, 9], [18, 10], [18, 11], [18, 12], [18, 13], [18, 14], [18, 15]]","[[47, 2], [48, 2], [49, 2], [50, 2], [51, 2], [52, 2], [53, 2], [54, 2], [55, 2]]","[18, 8]","[48, 2]","[18, 11]","[51, 2]",baseline_GP_planner_committed_segment_lookahead,True,"{""0"": {""commit_remaining"": 4, ""committed_segment"": [[18, 7], [18, 8], [18, 9], [18, 10], [18, 11], [18, 12], [18, 13], [18, 14], [18, 15]], ""robot_pos"": [18, 7]}, ""1"": {""commit_remaining"": 4, ""committed_segment"": [[47, 2], [48, 2], [49, 2], [50, 2], [51, 2], [52, 2], [53, 2], [54, 2], [55, 2]], ""robot_pos"": [47, 2]}}","{""0"": {""commit_remaining"": 3, ""committed_segment"": [[18, 8], [18, 9], [18, 10], [18, 11], [18, 12], [18, 13], [18, 14], [18, 15]], ""robot_pos"": [18, 8]}, ""1"": {""commit_remaining"": 3, ""committed_segment"": [[48, 2], [49, 2], [50, 2], [51, 2], [52, 2], [53, 2], [54, 2], [55, 2]], ""robot_pos"": [48, 2]}}","{""0"": {""collision"": false, ""collision_cell"": null, ""move_success"": true, ""new_robot_pos"": [18, 8]}, ""1"": {""collision"": false, ""collision_cell"": null, ""move_success"": true, ""new_robot_pos"": [48, 2]}}","{""arrived"": {""0"": true, ""1"": true}, ""final_by_usv"": {""0"": {""arrived"": true, ""final_distance_to_target_m"": 4.9445062007516665, ""final_projected_cell"": [18, 8], ""last_known_world"": [-324.7381286621094, 218.58639526367188, 0.17640189826488495], ""observer_pose_source"": ""live_location_sensor"", ""orientation_source"": ""live_orientation_sensor"", ""projection_matches_target"": true, ""standoff_anchor_cell"": [18, 11], ""standoff_anchor_world"": [-290.0, 220.0, 0.0], ""target_cell"": [18, 8], ""target_world"": [-320.0, 220.0, 0.0]}, ""1"": {""arrived"": true, ""final_distance_to_target_m"": 4.177735643221684, ""final_projected_cell"": [48, 2], ""last_known_world"": [-380.9281311035156, -75.92666625976562, 0.17806503176689148], ""observer_pose_source"": ""live_location_sensor"", ""orientation_source"": ""live_orientation_sensor"", ""projection_matches_target"": true, ""standoff_anchor_cell"": [51, 2], ""standoff_anchor_world"": [-380.0, -110.0, 0.0], ""target_cell"": [48, 2], ""target_world"": [-380.0, -80.0, 0.0]}}, ""per_step_fallback_counts"": {""0"": 0, ""1"": 0}, ""policy_step"": 13, ""run_kind"": ""teammate_only"", ""standoff_anchor_cells"": {""0"": [18, 11], ""1"": [51, 2]}, ""standoff_anchor_world"": {""0"": [-290.0, 220.0, 0.0], ""1"": [-380.0, -110.0, 0.0]}, ""step_min_inter_vessel_distance_m"": 290.4008727057065, ""step_ticks"": 83, ""target_cells"": {""0"": [18, 8], ""1"": [48, 2]}, ""target_world"": {""0"": [-320.0, 220.0, 0.0], ""1"": [-380.0, -80.0, 0.0]}, ""timeout"": false}",True,True,True,[],[false],[null],False,running,3.175384,False,False,False,False
teammate_only,14,True,baseline_GP.marine_knownmap_runtime_2usv._joint_assign_two_usv_segments,baseline_GP_mainline_planner,False,12.421484505307731,"[0, 1]",False,"[18, 39]","[56, 38]","[[18, 8], [18, 9], [18, 10], [18, 11], [18, 12], [18, 13], [18, 14], [18, 15], [18, 16]]","[[48, 2], [49, 2], [50, 2], [51, 2], [52, 2], [53, 2], [54, 2], [55, 2], [56, 2]]","[18, 9]","[49, 2]","[18, 12]","[52, 2]",baseline_GP_planner_committed_segment_lookahead,True,"{""0"": {""commit_remaining"": 4, ""committed_segment"": [[18, 8], [18, 9], [18, 10], [18, 11], [18, 12], [18, 13], [18, 14], [18, 15], [18, 16]], ""robot_pos"": [18, 8]}, ""1"": {""commit_remaining"": 4, ""committed_segment"": [[48, 2], [49, 2], [50, 2], [51, 2], [52, 2], [53, 2], [54, 2], [55, 2], [56, 2]], ""robot_pos"": [48, 2]}}","{""0"": {""commit_remaining"": 3, ""committed_segment"": [[18, 9], [18, 10], [18, 11], [18, 12], [18, 13], [18, 14], [18, 15], [18, 16]], ""robot_pos"": [18, 9]}, ""1"": {""commit_remaining"": 3, ""committed_segment"": [[49, 2], [50, 2], [51, 2], [52, 2], [53, 2], [54, 2], [55, 2], [56, 2]], ""robot_pos"": [49, 2]}}","{""0"": {""collision"": false, ""collision_cell"": null, ""move_success"": true, ""new_robot_pos"": [18, 9]}, ""1"": {""collision"": false, ""collision_cell"": null, ""move_success"": true, ""new_robot_pos"": [49, 2]}}","{""arrived"": {""0"": true, ""1"": true}, ""final_by_usv"": {""0"": {""arrived"": true, ""final_distance_to_target_m"": 4.972924150467934, ""final_projected_cell"": [18, 9], ""last_known_world"": [-314.8537292480469, 221.08226013183594, 0.17344512045383453], ""observer_pose_source"": ""live_location_sensor"", ""orientation_source"": ""live_orientation_sensor"", ""projection_matches_target"": true, ""standoff_anchor_cell"": [18, 12], ""standoff_anchor_world"": [-280.0, 220.0, 0.0], ""target_cell"": [18, 9], ""target_world"": [-310.0, 220.0, 0.0]}, ""1"": {""arrived"": true, ""final_distance_to_target_m"": 2.871669174624477, ""final_projected_cell"": [49, 2], ""last_known_world"": [-381.17877197265625, -87.38141632080078, 0.1826050579547882], ""observer_pose_source"": ""live_location_sensor"", ""orientation_source"": ""live_orientation_sensor"", ""projection_matches_target"": true, ""standoff_anchor_cell"": [52, 2], ""standoff_anchor_world"": [-380.0, -120.0, 0.0], ""target_cell"": [49, 2], ""target_world"": [-380.0, -90.0, 0.0]}}, ""per_step_fallback_counts"": {""0"": 0, ""1"": 0}, ""policy_step"": 14, ""run_kind"": ""teammate_only"", ""standoff_anchor_cells"": {""0"": [18, 12], ""1"": [52, 2]}, ""standoff_anchor_world"": {""0"": [-280.0, 220.0, 0.0], ""1"": [-380.0, -120.0, 0.0]}, ""step_min_inter_vessel_distance_m"": 299.88880503723914, ""step_ticks"": 83, ""target_cells"": {""0"": [18, 9], ""1"": [49, 2]}, ""target_world"": {""0"": [-310.0, 220.0, 0.0], ""1"": [-380.0, -90.0, 0.0]}, ""timeout"": false}",True,True,True,[],[false],[null],False,running,3.132384,False,False,False,False
teammate_only,15,True,baseline_GP.marine_knownmap_runtime_2usv._joint_assign_two_usv_segments,baseline_GP_mainline_planner,False,12.34375,"[0, 1]",False,"[18, 39]","[53, 41]","[[18, 9], [18, 10], [18, 11], [18, 12], [18, 13], [18, 14], [18, 15], [18, 16], [18, 17]]","[[49, 2], [50, 2], [51, 2], [52, 2], [53, 2], [53, 3], [53, 4], [53, 5], [53, 6]]","[18, 10]","[50, 2]","[18, 13]","[53, 2]",baseline_GP_planner_committed_segment_lookahead,True,"{""0"": {""commit_remaining"": 4, ""committed_segment"": [[18, 9], [18, 10], [18, 11], [18, 12], [18, 13], [18, 14], [18, 15], [18, 16], [18, 17]], ""robot_pos"": [18, 9]}, ""1"": {""commit_remaining"": 4, ""committed_segment"": [[49, 2], [50, 2], [51, 2], [52, 2], [53, 2], [53, 3], [53, 4], [53, 5], [53, 6]], ""robot_pos"": [49, 2]}}","{""0"": {""commit_remaining"": 3, ""committed_segment"": [[18, 10], [18, 11], [18, 12], [18, 13], [18, 14], [18, 15], [18, 16], [18, 17]], ""robot_pos"": [18, 10]}, ""1"": {""commit_remaining"": 3, ""committed_segment"": [[50, 2], [51, 2], [52, 2], [53, 2], [53, 3], [53, 4], [53, 5], [53, 6]], ""robot_pos"": [50, 2]}}","{""0"": {""collision"": false, ""collision_cell"": null, ""move_success"": true, ""new_robot_pos"": [18, 10]}, ""1"": {""collision"": false, ""collision_cell"": null, ""move_success"": true, ""new_robot_pos"": [50, 2]}}","{""arrived"": {""0"": true, ""1"": true}, ""final_by_usv"": {""0"": {""arrived"": true, ""final_distance_to_target_m"": 4.902188608290775, ""final_projected_cell"": [18, 10], ""last_known_world"": [-304.84185791015625, 220.7667236328125, 0.18156953155994415], ""observer_pose_source"": ""live_location_sensor"", ""orientation_source"": ""live_orientation_sensor"", ""projection_matches_target"": true, ""standoff_anchor_cell"": [18, 13], ""standoff_anchor_world"": [-270.0, 220.0, 0.0], ""target_cell"": [18, 10], ""target_world"": [-300.0, 220.0, 0.0]}, ""1"": {""arrived"": true, ""final_distance_to_target_m"": 3.1507481198147613, ""final_projected_cell"": [50, 2], ""last_known_world"": [-378.6703796386719, -97.14354705810547, 0.17347709834575653], ""observer_pose_source"": ""live_location_sensor"", ""orientation_source"": ""live_orientation_sensor"", ""projection_matches_target"": true, ""standoff_anchor_cell"": [53, 2], ""standoff_anchor_world"": [-380.0, -130.0, 0.0], ""target_cell"": [50, 2], ""target_world"": [-380.0, -100.0, 0.0]}}, ""per_step_fallback_counts"": {""0"": 0, ""1"": 0}, ""policy_step"": 15, ""run_kind"": ""teammate_only"", ""standoff_anchor_cells"": {""0"": [18, 13], ""1"": [53, 2]}, ""standoff_anchor_world"": {""0"": [-270.0, 220.0, 0.0], ""1"": [-380.0, -130.0, 0.0]}, ""step_min_inter_vessel_distance_m"": 315.6947755467342, ""step_ticks"": 74, ""target_cells"": {""0"": [18, 10], ""1"": [50, 2]}, ""target_world"": {""0"": [-300.0, 220.0, 0.0], ""1"": [-380.0, -100.0, 0.0]}, ""timeout"": false}",True,True,True,[],[false],[null],False,running,2.855239,False,False,False,False
teammate_only,16,True,baseline_GP.marine_knownmap_runtime_2usv._joint_assign_two_usv_segments,baseline_GP_mainline_planner,False,14.68888888888889,"[0, 1]",False,"[18, 42]","[53, 41]","[[18, 10], [18, 11], [18, 12], [18, 13], [18, 14], [18, 15], [18, 16], [18, 17], [18, 18]]","[[50, 2], [51, 2], [52, 2], [53, 2], [53, 3], [53, 4], [53, 5], [53, 6], [53, 7]]","[18, 11]","[51, 2]","[18, 14]","[53, 3]",baseline_GP_planner_committed_segment_lookahead,True,"{""0"": {""commit_remaining"": 4, ""committed_segment"": [[18, 10], [18, 11], [18, 12], [18, 13], [18, 14], [18, 15], [18, 16], [18, 17], [18, 18]], ""robot_pos"": [18, 10]}, ""1"": {""commit_remaining"": 4, ""committed_segment"": [[50, 2], [51, 2], [52, 2], [53, 2], [53, 3], [53, 4], [53, 5], [53, 6], [53, 7]], ""robot_pos"": [50, 2]}}","{""0"": {""commit_remaining"": 3, ""committed_segment"": [[18, 11], [18, 12], [18, 13], [18, 14], [18, 15], [18, 16], [18, 17], [18, 18]], ""robot_pos"": [18, 11]}, ""1"": {""commit_remaining"": 3, ""committed_segment"": [[51, 2], [52, 2], [53, 2], [53, 3], [53, 4], [53, 5], [53, 6], [53, 7]], ""robot_pos"": [51, 2]}}","{""0"": {""collision"": false, ""collision_cell"": null, ""move_success"": true, ""new_robot_pos"": [18, 11]}, ""1"": {""collision"": false, ""collision_cell"": null, ""move_success"": true, ""new_robot_pos"": [51, 2]}}","{""arrived"": {""0"": true, ""1"": true}, ""final_by_usv"": {""0"": {""arrived"": true, ""final_distance_to_target_m"": 4.996333034992072, ""final_projected_cell"": [18, 11], ""last_known_world"": [-294.0320739746094, 217.04945373535156, 0.17593753337860107], ""observer_pose_source"": ""live_location_sensor"", ""orientation_source"": ""live_orientation_sensor"", ""projection_matches_target"": true, ""standoff_anchor_cell"": [18, 14], ""standoff_anchor_world"": [-260.0, 220.0, 0.0], ""target_cell"": [18, 11], ""target_world"": [-290.0, 220.0, 0.0]}, ""1"": {""arrived"": true, ""final_distance_to_target_m"": 3.3179801626853482, ""final_projected_cell"": [51, 2], ""last_known_world"": [-381.2987060546875, -106.94674682617188, 0.18013446033000946], ""observer_pose_source"": ""live_location_sensor"", ""orientation_source"": ""live_orientation_sensor"", ""projection_matches_target"": true, ""standoff_anchor_cell"": [53, 3], ""standoff_anchor_world"": [-370.0, -130.0, 0.0], ""target_cell"": [51, 2], ""target_world"": [-380.0, -110.0, 0.0]}}, ""per_step_fallback_counts"": {""0"": 0, ""1"": 0}, ""policy_step"": 16, ""run_kind"": ""teammate_only"", ""standoff_anchor_cells"": {""0"": [18, 14], ""1"": [53, 3]}, ""standoff_anchor_world"": {""0"": [-260.0, 220.0, 0.0], ""1"": [-370.0, -130.0, 0.0]}, ""step_min_inter_vessel_distance_m"": 326.4260194825266, ""step_ticks"": 91, ""target_cells"": {""0"": [18, 11], ""1"": [51, 2]}, ""target_world"": {""0"": [-290.0, 220.0, 0.0], ""1"": [-380.0, -110.0, 0.0]}, ""timeout"": false}",True,True,True,[],[false],[null],False,running,11.187823,False,False,False,False
teammate_only,17,True,baseline_GP.marine_knownmap_runtime_2usv._joint_assign_two_usv_segments,baseline_GP_mainline_planner,False,14.676923076923078,"[0, 1]",False,"[18, 42]","[53, 41]","[[18, 11], [18, 12], [18, 13], [18, 14], [18, 15], [18, 16], [18, 17], [18, 18], [18, 19]]","[[51, 2], [52, 2], [53, 2], [53, 3], [53, 4], [53, 5], [53, 6], [53, 7], [53, 8]]","[18, 12]","[52, 2]","[18, 15]","[53, 4]",baseline_GP_planner_committed_segment_lookahead,True,"{""0"": {""commit_remaining"": 4, ""committed_segment"": [[18, 11], [18, 12], [18, 13], [18, 14], [18, 15], [18, 16], [18, 17], [18, 18], [18, 19]], ""robot_pos"": [18, 11]}, ""1"": {""commit_remaining"": 4, ""committed_segment"": [[51, 2], [52, 2], [53, 2], [53, 3], [53, 4], [53, 5], [53, 6], [53, 7], [53, 8]], ""robot_pos"": [51, 2]}}","{""0"": {""commit_remaining"": 3, ""committed_segment"": [[18, 12], [18, 13], [18, 14], [18, 15], [18, 16], [18, 17], [18, 18], [18, 19]], ""robot_pos"": [18, 12]}, ""1"": {""commit_remaining"": 3, ""committed_segment"": [[52, 2], [53, 2], [53, 3], [53, 4], [53, 5], [53, 6], [53, 7], [53, 8]], ""robot_pos"": [52, 2]}}","{""0"": {""collision"": false, ""collision_cell"": null, ""move_success"": true, ""new_robot_pos"": [18, 12]}, ""1"": {""collision"": false, ""collision_cell"": null, ""move_success"": true, ""new_robot_pos"": [52, 2]}}","{""arrived"": {""0"": true, ""1"": true}, ""final_by_usv"": {""0"": {""arrived"": true, ""final_distance_to_target_m"": 4.971186477322219, ""final_projected_cell"": [18, 12], ""last_known_world"": [-284.73004150390625, 221.52951049804688, 0.18194828927516937], ""observer_pose_source"": ""live_location_sensor"", ""orientation_source"": ""live_orientation_sensor"", ""projection_matches_target"": true, ""standoff_anchor_cell"": [18, 15], ""standoff_anchor_world"": [-250.0, 220.0, 0.0], ""target_cell"": [18, 12], ""target_world"": [-280.0, 220.0, 0.0]}, ""1"": {""arrived"": true, ""final_distance_to_target_m"": 4.335350184706342, ""final_projected_cell"": [52, 2], ""last_known_world"": [-378.0995788574219, -116.10337829589844, 0.18664655089378357], ""observer_pose_source"": ""live_location_sensor"", ""orientation_source"": ""live_orientation_sensor"", ""projection_matches_target"": true, ""standoff_anchor_cell"": [53, 4], ""standoff_anchor_world"": [-360.0, -130.0, 0.0], ""target_cell"": [52, 2], ""target_world"": [-380.0, -120.0, 0.0]}}, ""per_step_fallback_counts"": {""0"": 0, ""1"": 0}, ""policy_step"": 17, ""run_kind"": ""teammate_only"", ""standoff_anchor_cells"": {""0"": [18, 15], ""1"": [53, 4]}, ""standoff_anchor_world"": {""0"": [-250.0, 220.0, 0.0], ""1"": [-360.0, -130.0, 0.0]}, ""step_min_inter_vessel_distance_m"": 335.6826801528546, ""step_ticks"": 88, ""target_cells"": {""0"": [18, 12], ""1"": [52, 2]}, ""target_world"": {""0"": [-280.0, 220.0, 0.0], ""1"": [-380.0, -120.0, 0.0]}, ""timeout"": false}",True,True,True,[],[false],[null],False,running,9.333206,False,False,False,False
teammate_only,18,True,baseline_GP.marine_knownmap_runtime_2usv._joint_assign_two_usv_segments,baseline_GP_mainline_planner,False,14.679166666666667,"[0, 1]",False,"[18, 42]","[53, 41]","[[18, 12], [18, 13], [18, 14], [18, 15], [18, 16], [18, 17], [18, 18], [18, 19], [18, 20]]","[[52, 2], [53, 2], [53, 3], [53, 4], [53, 5], [53, 6], [53, 7], [53, 8], [53, 9]]","[18, 13]","[53, 2]","[18, 16]","[53, 5]",baseline_GP_planner_committed_segment_lookahead,True,"{""0"": {""commit_remaining"": 4, ""committed_segment"": [[18, 12], [18, 13], [18, 14], [18, 15], [18, 16], [18, 17], [18, 18], [18, 19], [18, 20]], ""robot_pos"": [18, 12]}, ""1"": {""commit_remaining"": 4, ""committed_segment"": [[52, 2], [53, 2], [53, 3], [53, 4], [53, 5], [53, 6], [53, 7], [53, 8], [53, 9]], ""robot_pos"": [52, 2]}}","{""0"": {""commit_remaining"": 3, ""committed_segment"": [[18, 13], [18, 14], [18, 15], [18, 16], [18, 17], [18, 18], [18, 19], [18, 20]], ""robot_pos"": [18, 13]}, ""1"": {""commit_remaining"": 3, ""committed_segment"": [[53, 2], [53, 3], [53, 4], [53, 5], [53, 6], [53, 7], [53, 8], [53, 9]], ""robot_pos"": [53, 2]}}","{""0"": {""collision"": false, ""collision_cell"": null, ""move_success"": true, ""new_robot_pos"": [18, 13]}, ""1"": {""collision"": false, ""collision_cell"": null, ""move_success"": true, ""new_robot_pos"": [53, 2]}}","{""arrived"": {""0"": true, ""1"": true}, ""final_by_usv"": {""0"": {""arrived"": true, ""final_distance_to_target_m"": 4.99899574807918, ""final_projected_cell"": [18, 13], ""last_known_world"": [-274.9603576660156, 219.37966918945312, 0.17361976206302643], ""observer_pose_source"": ""live_location_sensor"", ""orientation_source"": ""live_orientation_sensor"", ""projection_matches_target"": true, ""standoff_anchor_cell"": [18, 16], ""standoff_anchor_world"": [-240.0, 220.0, 0.0], ""target_cell"": [18, 13], ""target_world"": [-270.0, 220.0, 0.0]}, ""1"": {""arrived"": true, ""final_distance_to_target_m"": 4.724245501021109, ""final_projected_cell"": [53, 2], ""last_known_world"": [-380.9258728027344, -125.36737060546875, 0.17764218151569366], ""observer_pose_source"": ""live_location_sensor"", ""orientation_source"": ""live_orientation_sensor"", ""projection_matches_target"": true, ""standoff_anchor_cell"": [53, 5], ""standoff_anchor_world"": [-350.0, -130.0, 0.0], ""target_cell"": [53, 2], ""target_world"": [-380.0, -130.0, 0.0]}}, ""per_step_fallback_counts"": {""0"": 0, ""1"": 0}, ""policy_step"": 18, ""run_kind"": ""teammate_only"", ""standoff_anchor_cells"": {""0"": [18, 16], ""1"": [53, 5]}, ""standoff_anchor_world"": {""0"": [-240.0, 220.0, 0.0], ""1"": [-350.0, -130.0, 0.0]}, ""step_min_inter_vessel_distance_m"": 350.4937414164896, ""step_ticks"": 72, ""target_cells"": {""0"": [18, 13], ""1"": [53, 2]}, ""target_world"": {""0"": [-270.0, 220.0, 0.0], ""1"": [-380.0, -130.0, 0.0]}, ""timeout"": false}",True,True,True,[],[false],[null],False,running,8.820836,False,False,False,False
teammate_only,19,True,baseline_GP.marine_knownmap_runtime_2usv._joint_assign_two_usv_segments,baseline_GP_mainline_planner,False,13.62798638360166,"[0, 1]",False,"[24, 11]","[53, 42]","[[18, 13], [19, 13], [20, 13], [21, 13], [22, 13], [23, 13], [24, 13], [24, 12], [24, 11]]","[[53, 2], [53, 3], [53, 4], [53, 5], [53, 6], [53, 7], [53, 8], [53, 9], [53, 10]]","[19, 13]","[53, 3]","[22, 13]","[53, 6]",baseline_GP_planner_committed_segment_lookahead,True,"{""0"": {""commit_remaining"": 4, ""committed_segment"": [[18, 13], [19, 13], [20, 13], [21, 13], [22, 13], [23, 13], [24, 13], [24, 12], [24, 11]], ""robot_pos"": [18, 13]}, ""1"": {""commit_remaining"": 4, ""committed_segment"": [[53, 2], [53, 3], [53, 4], [53, 5], [53, 6], [53, 7], [53, 8], [53, 9], [53, 10]], ""robot_pos"": [53, 2]}}","{""0"": {""commit_remaining"": 3, ""committed_segment"": [[19, 13], [20, 13], [21, 13], [22, 13], [23, 13], [24, 13], [24, 12], [24, 11]], ""robot_pos"": [19, 13]}, ""1"": {""commit_remaining"": 3, ""committed_segment"": [[53, 3], [53, 4], [53, 5], [53, 6], [53, 7], [53, 8], [53, 9], [53, 10]], ""robot_pos"": [53, 3]}}","{""0"": {""collision"": false, ""collision_cell"": null, ""move_success"": true, ""new_robot_pos"": [19, 13]}, ""1"": {""collision"": false, ""collision_cell"": null, ""move_success"": true, ""new_robot_pos"": [53, 3]}}","{""arrived"": {""0"": true, ""1"": true}, ""final_by_usv"": {""0"": {""arrived"": true, ""final_distance_to_target_m"": 3.5588314412305797, ""final_projected_cell"": [19, 13], ""last_known_world"": [-268.8741455078125, 213.3760528564453, 0.308524489402771], ""observer_pose_source"": ""live_location_sensor"", ""orientation_source"": ""live_orientation_sensor"", ""projection_matches_target"": true, ""standoff_anchor_cell"": [22, 13], ""standoff_anchor_world"": [-270.0, 180.0, 0.0], ""target_cell"": [19, 13], ""target_world"": [-270.0, 210.0, 0.0]}, ""1"": {""arrived"": true, ""final_distance_to_target_m"": 4.9521430694118065, ""final_projected_cell"": [53, 3], ""last_known_world"": [-374.5816650390625, -128.12062072753906, 0.2064007669687271], ""observer_pose_source"": ""live_location_sensor"", ""orientation_source"": ""live_orientation_sensor"", ""projection_matches_target"": true, ""standoff_anchor_cell"": [53, 6], ""standoff_anchor_world"": [-340.0, -130.0, 0.0], ""target_cell"": [53, 3], ""target_world"": [-370.0, -130.0, 0.0]}}, ""per_step_fallback_counts"": {""0"": 0, ""1"": 0}, ""policy_step"": 19, ""run_kind"": ""teammate_only"", ""standoff_anchor_cells"": {""0"": [22, 13], ""1"": [53, 6]}, ""standoff_anchor_world"": {""0"": [-270.0, 180.0, 0.0], ""1"": [-340.0, -130.0, 0.0]}, ""step_min_inter_vessel_distance_m"": 357.482947501522, ""step_ticks"": 87, ""target_cells"": {""0"": [19, 13], ""1"": [53, 3]}, ""target_world"": {""0"": [-270.0, 210.0, 0.0], ""1"": [-370.0, -130.0, 0.0]}, ""timeout"": false}",True,True,True,[],[false],[null],False,running,3.434721,False,False,False,False
teammate_only,20,True,baseline_GP.marine_knownmap_runtime_2usv._joint_assign_two_usv_segments,baseline_GP_mainline_planner,False,13.928105210648244,"[0, 1]",False,"[27, 12]","[53, 40]","[[19, 13], [20, 13], [21, 13], [22, 13], [23, 13], [24, 13], [25, 13], [26, 13], [27, 13]]","[[53, 3], [53, 4], [53, 5], [53, 6], [53, 7], [53, 8], [53, 9], [53, 10], [53, 11]]","[20, 13]","[53, 4]","[23, 13]","[53, 7]",baseline_GP_planner_committed_segment_lookahead,True,"{""0"": {""commit_remaining"": 4, ""committed_segment"": [[19, 13], [20, 13], [21, 13], [22, 13], [23, 13], [24, 13], [25, 13], [26, 13], [27, 13]], ""robot_pos"": [19, 13]}, ""1"": {""commit_remaining"": 4, ""committed_segment"": [[53, 3], [53, 4], [53, 5], [53, 6], [53, 7], [53, 8], [53, 9], [53, 10], [53, 11]], ""robot_pos"": [53, 3]}}","{""0"": {""commit_remaining"": 3, ""committed_segment"": [[20, 13], [21, 13], [22, 13], [23, 13], [24, 13], [25, 13], [26, 13], [27, 13]], ""robot_pos"": [20, 13]}, ""1"": {""commit_remaining"": 3, ""committed_segment"": [[53, 4], [53, 5], [53, 6], [53, 7], [53, 8], [53, 9], [53, 10], [53, 11]], ""robot_pos"": [53, 4]}}","{""0"": {""collision"": false, ""collision_cell"": null, ""move_success"": true, ""new_robot_pos"": [20, 13]}, ""1"": {""collision"": false, ""collision_cell"": null, ""move_success"": true, ""new_robot_pos"": [53, 4]}}","{""arrived"": {""0"": true, ""1"": true}, ""final_by_usv"": {""0"": {""arrived"": true, ""final_distance_to_target_m"": 3.433263481935336, ""final_projected_cell"": [20, 13], ""last_known_world"": [-271.3401794433594, 203.160888671875, 0.31624963879585266], ""observer_pose_source"": ""live_location_sensor"", ""orientation_source"": ""live_orientation_sensor"", ""projection_matches_target"": true, ""standoff_anchor_cell"": [23, 13], ""standoff_anchor_world"": [-270.0, 170.0, 0.0], ""target_cell"": [20, 13], ""target_world"": [-270.0, 200.0, 0.0]}, ""1"": {""arrived"": true, ""final_distance_to_target_m"": 4.966084767369641, ""final_projected_cell"": [53, 4], ""last_known_world"": [-363.4047546386719, -126.38480377197266, 0.19234491884708405], ""observer_pose_source"": ""live_location_sensor"", ""orientation_source"": ""live_orientation_sensor"", ""projection_matches_target"": true, ""standoff_anchor_cell"": [53, 7], ""standoff_anchor_world"": [-330.0, -130.0, 0.0], ""target_cell"": [53, 4], ""target_world"": [-360.0, -130.0, 0.0]}}, ""per_step_fallback_counts"": {""0"": 0, ""1"": 0}, ""policy_step"": 20, ""run_kind"": ""teammate_only"", ""standoff_anchor_cells"": {""0"": [23, 13], ""1"": [53, 7]}, ""standoff_anchor_world"": {""0"": [-270.0, 170.0, 0.0], ""1"": [-330.0, -130.0, 0.0]}, ""step_min_inter_vessel_distance_m"": 342.1640679764437, ""step_ticks"": 92, ""target_cells"": {""0"": [20, 13], ""1"": [53, 4]}, ""target_world"": {""0"": [-270.0, 200.0, 0.0], ""1"": [-360.0, -130.0, 0.0]}, ""timeout"": false}",True,True,True,[],[false],[null],False,running,3.542193,False,False,False,False
