run_kind,policy_step,planner_callback_called,planner_decision_source,planned_path_source,preset_trajectory_used,joint_assignment_score,assignment_order,same_viewpoint_selected,sv0_viewpoint_cell,sv1_viewpoint_cell,sv0_segment_path,sv1_segment_path,sv0_next_target_cell,sv1_next_target_cell,sv0_standoff_anchor_cell,sv1_standoff_anchor_cell,standoff_anchor_source,standoff_viewpoint_hold_enabled,local_before,local_after,expected_execute_next_step,physical_result,candidate_fusion_called,adapter_observe_step_called,update_found_mask_original_called,new_found_indices,found_mask_after,find_times_after,all_found_after_update,terminated_reason_after_step,step_wall_time_s,truth_used_for_detection,actor_truth_used_for_detection,target_truth_used_for_detection,teammate_truth_used_for_detection
calibration,1,True,baseline_GP.marine_knownmap_runtime_2usv._joint_assign_two_usv_segments,baseline_GP_mainline_planner,False,6.486486486486487,"[0, 1]",False,"[16, 39]","[53, 39]","[[25, 2], [24, 2], [23, 2], [22, 2], [21, 2], [20, 2], [19, 2], [18, 2], [17, 2]]","[[35, 2], [36, 2], [37, 2], [38, 2], [39, 2], [40, 2], [41, 2], [42, 2], [43, 2]]","[24, 2]","[36, 2]","[21, 2]","[39, 2]",baseline_GP_planner_committed_segment_lookahead,True,"{""0"": {""commit_remaining"": 4, ""committed_segment"": [[25, 2], [24, 2], [23, 2], [22, 2], [21, 2], [20, 2], [19, 2], [18, 2], [17, 2]], ""robot_pos"": [25, 2]}, ""1"": {""commit_remaining"": 4, ""committed_segment"": [[35, 2], [36, 2], [37, 2], [38, 2], [39, 2], [40, 2], [41, 2], [42, 2], [43, 2]], ""robot_pos"": [35, 2]}}","{""0"": {""commit_remaining"": 3, ""committed_segment"": [[24, 2], [23, 2], [22, 2], [21, 2], [20, 2], [19, 2], [18, 2], [17, 2]], ""robot_pos"": [24, 2]}, ""1"": {""commit_remaining"": 3, ""committed_segment"": [[36, 2], [37, 2], [38, 2], [39, 2], [40, 2], [41, 2], [42, 2], [43, 2]], ""robot_pos"": [36, 2]}}","{""0"": {""collision"": false, ""collision_cell"": null, ""move_success"": true, ""new_robot_pos"": [24, 2]}, ""1"": {""collision"": false, ""collision_cell"": null, ""move_success"": true, ""new_robot_pos"": [36, 2]}}","{""arrived"": {""0"": true, ""1"": true}, ""final_by_usv"": {""0"": {""arrived"": true, ""final_distance_to_target_m"": 3.7173916319363833, ""final_projected_cell"": [24, 2], ""last_known_world"": [-379.8776550292969, 156.2846221923828, 0.1905103474855423], ""observer_pose_source"": ""live_location_sensor"", ""orientation_source"": ""live_orientation_sensor"", ""projection_matches_target"": true, ""standoff_anchor_cell"": [21, 2], ""standoff_anchor_world"": [-380.0, 190.0, 0.0], ""target_cell"": [24, 2], ""target_world"": [-380.0, 160.0, 0.0]}, ""1"": {""arrived"": true, ""final_distance_to_target_m"": 3.761067628215839, ""final_projected_cell"": [36, 2], ""last_known_world"": [-379.9422302246094, 43.760623931884766, 0.1726563274860382], ""observer_pose_source"": ""live_location_sensor"", ""orientation_source"": ""live_orientation_sensor"", ""projection_matches_target"": true, ""standoff_anchor_cell"": [39, 2], ""standoff_anchor_world"": [-380.0, 10.0, 0.0], ""target_cell"": [36, 2], ""target_world"": [-380.0, 40.0, 0.0]}}, ""per_step_fallback_counts"": {""0"": 0, ""1"": 0}, ""policy_step"": 1, ""run_kind"": ""calibration"", ""standoff_anchor_cells"": {""0"": [21, 2], ""1"": [39, 2]}, ""standoff_anchor_world"": {""0"": [-380.0, 190.0, 0.0], ""1"": [-380.0, 10.0, 0.0]}, ""step_min_inter_vessel_distance_m"": 99.95896530151367, ""step_ticks"": 339, ""target_cells"": {""0"": [24, 2], ""1"": [36, 2]}, ""target_world"": {""0"": [-380.0, 160.0, 0.0], ""1"": [-380.0, 40.0, 0.0]}, ""timeout"": false}",True,False,True,[],[false],[null],False,running,11.408509,False,False,False,False
calibration,2,True,baseline_GP.marine_knownmap_runtime_2usv._joint_assign_two_usv_segments,baseline_GP_mainline_planner,False,6.15,"[0, 1]",False,"[18, 41]","[54, 39]","[[24, 2], [23, 2], [22, 2], [21, 2], [20, 2], [19, 2], [18, 2], [18, 3], [18, 4]]","[[36, 2], [37, 2], [38, 2], [39, 2], [40, 2], [41, 2], [42, 2], [43, 2], [44, 2]]","[23, 2]","[37, 2]","[20, 2]","[40, 2]",baseline_GP_planner_committed_segment_lookahead,True,"{""0"": {""commit_remaining"": 4, ""committed_segment"": [[24, 2], [23, 2], [22, 2], [21, 2], [20, 2], [19, 2], [18, 2], [18, 3], [18, 4]], ""robot_pos"": [24, 2]}, ""1"": {""commit_remaining"": 4, ""committed_segment"": [[36, 2], [37, 2], [38, 2], [39, 2], [40, 2], [41, 2], [42, 2], [43, 2], [44, 2]], ""robot_pos"": [36, 2]}}","{""0"": {""commit_remaining"": 3, ""committed_segment"": [[23, 2], [22, 2], [21, 2], [20, 2], [19, 2], [18, 2], [18, 3], [18, 4]], ""robot_pos"": [23, 2]}, ""1"": {""commit_remaining"": 3, ""committed_segment"": [[37, 2], [38, 2], [39, 2], [40, 2], [41, 2], [42, 2], [43, 2], [44, 2]], ""robot_pos"": [37, 2]}}","{""0"": {""collision"": false, ""collision_cell"": null, ""move_success"": true, ""new_robot_pos"": [23, 2]}, ""1"": {""collision"": false, ""collision_cell"": null, ""move_success"": true, ""new_robot_pos"": [37, 2]}}","{""arrived"": {""0"": true, ""1"": true}, ""final_by_usv"": {""0"": {""arrived"": true, ""final_distance_to_target_m"": 4.457037668804425, ""final_projected_cell"": [23, 2], ""last_known_world"": [-379.06451416015625, 165.64224243164062, 0.1806338131427765], ""observer_pose_source"": ""live_location_sensor"", ""orientation_source"": ""live_orientation_sensor"", ""projection_matches_target"": true, ""standoff_anchor_cell"": [20, 2], ""standoff_anchor_world"": [-380.0, 200.0, 0.0], ""target_cell"": [23, 2], ""target_world"": [-380.0, 170.0, 0.0]}, ""1"": {""arrived"": true, ""final_distance_to_target_m"": 3.4756845117759587, ""final_projected_cell"": [37, 2], ""last_known_world"": [-382.24481201171875, 32.653526306152344, 0.2061959058046341], ""observer_pose_source"": ""live_location_sensor"", ""orientation_source"": ""live_orientation_sensor"", ""projection_matches_target"": true, ""standoff_anchor_cell"": [40, 2], ""standoff_anchor_world"": [-380.0, 0.0, 0.0], ""target_cell"": [37, 2], ""target_world"": [-380.0, 30.0, 0.0]}}, ""per_step_fallback_counts"": {""0"": 0, ""1"": 0}, ""policy_step"": 2, ""run_kind"": ""calibration"", ""standoff_anchor_cells"": {""0"": [20, 2], ""1"": [40, 2]}, ""standoff_anchor_world"": {""0"": [-380.0, 200.0, 0.0], ""1"": [-380.0, 0.0, 0.0]}, ""step_min_inter_vessel_distance_m"": 112.53780924056213, ""step_ticks"": 359, ""target_cells"": {""0"": [23, 2], ""1"": [37, 2]}, ""target_world"": {""0"": [-380.0, 170.0, 0.0], ""1"": [-380.0, 30.0, 0.0]}, ""timeout"": false}",True,False,True,[],[false],[null],False,running,12.098572,False,False,False,False
calibration,3,True,baseline_GP.marine_knownmap_runtime_2usv._joint_assign_two_usv_segments,baseline_GP_mainline_planner,False,6.15,"[0, 1]",False,"[18, 41]","[54, 40]","[[23, 2], [22, 2], [21, 2], [20, 2], [19, 2], [18, 2], [18, 3], [18, 4], [18, 5]]","[[37, 2], [38, 2], [39, 2], [40, 2], [41, 2], [42, 2], [43, 2], [44, 2], [45, 2]]","[22, 2]","[38, 2]","[19, 2]","[41, 2]",baseline_GP_planner_committed_segment_lookahead,True,"{""0"": {""commit_remaining"": 4, ""committed_segment"": [[23, 2], [22, 2], [21, 2], [20, 2], [19, 2], [18, 2], [18, 3], [18, 4], [18, 5]], ""robot_pos"": [23, 2]}, ""1"": {""commit_remaining"": 4, ""committed_segment"": [[37, 2], [38, 2], [39, 2], [40, 2], [41, 2], [42, 2], [43, 2], [44, 2], [45, 2]], ""robot_pos"": [37, 2]}}","{""0"": {""commit_remaining"": 3, ""committed_segment"": [[22, 2], [21, 2], [20, 2], [19, 2], [18, 2], [18, 3], [18, 4], [18, 5]], ""robot_pos"": [22, 2]}, ""1"": {""commit_remaining"": 3, ""committed_segment"": [[38, 2], [39, 2], [40, 2], [41, 2], [42, 2], [43, 2], [44, 2], [45, 2]], ""robot_pos"": [38, 2]}}","{""0"": {""collision"": false, ""collision_cell"": null, ""move_success"": true, ""new_robot_pos"": [22, 2]}, ""1"": {""collision"": false, ""collision_cell"": null, ""move_success"": true, ""new_robot_pos"": [38, 2]}}","{""arrived"": {""0"": true, ""1"": true}, ""final_by_usv"": {""0"": {""arrived"": true, ""final_distance_to_target_m"": 3.5072109313849027, ""final_projected_cell"": [22, 2], ""last_known_world"": [-381.47454833984375, 176.8178253173828, 0.19082054495811462], ""observer_pose_source"": ""live_location_sensor"", ""orientation_source"": ""live_orientation_sensor"", ""projection_matches_target"": true, ""standoff_anchor_cell"": [19, 2], ""standoff_anchor_world"": [-380.0, 210.0, 0.0], ""target_cell"": [22, 2], ""target_world"": [-380.0, 180.0, 0.0]}, ""1"": {""arrived"": true, ""final_distance_to_target_m"": 3.55615292901183, ""final_projected_cell"": [38, 2], ""last_known_world"": [-379.85113525390625, 23.553035736083984, 0.18007974326610565], ""observer_pose_source"": ""live_location_sensor"", ""orientation_source"": ""live_orientation_sensor"", ""projection_matches_target"": true, ""standoff_anchor_cell"": [41, 2], ""standoff_anchor_world"": [-380.0, -10.0, 0.0], ""target_cell"": [38, 2], ""target_world"": [-380.0, 20.0, 0.0]}}, ""per_step_fallback_counts"": {""0"": 0, ""1"": 0}, ""policy_step"": 3, ""run_kind"": ""calibration"", ""standoff_anchor_cells"": {""0"": [19, 2], ""1"": [41, 2]}, ""standoff_anchor_world"": {""0"": [-380.0, 210.0, 0.0], ""1"": [-380.0, -10.0, 0.0]}, ""step_min_inter_vessel_distance_m"": 133.03733442500916, ""step_ticks"": 342, ""target_cells"": {""0"": [22, 2], ""1"": [38, 2]}, ""target_world"": {""0"": [-380.0, 180.0, 0.0], ""1"": [-380.0, 20.0, 0.0]}, ""timeout"": false}",True,False,True,[],[false],[null],False,running,11.53354,False,False,False,False
calibration,4,True,baseline_GP.marine_knownmap_runtime_2usv._joint_assign_two_usv_segments,baseline_GP_mainline_planner,False,6.15,"[0, 1]",False,"[18, 40]","[54, 40]","[[22, 2], [21, 2], [20, 2], [19, 2], [18, 2], [18, 3], [18, 4], [18, 5], [18, 6]]","[[38, 2], [39, 2], [40, 2], [41, 2], [42, 2], [43, 2], [44, 2], [45, 2], [46, 2]]","[21, 2]","[39, 2]","[18, 2]","[42, 2]",baseline_GP_planner_committed_segment_lookahead,True,"{""0"": {""commit_remaining"": 4, ""committed_segment"": [[22, 2], [21, 2], [20, 2], [19, 2], [18, 2], [18, 3], [18, 4], [18, 5], [18, 6]], ""robot_pos"": [22, 2]}, ""1"": {""commit_remaining"": 4, ""committed_segment"": [[38, 2], [39, 2], [40, 2], [41, 2], [42, 2], [43, 2], [44, 2], [45, 2], [46, 2]], ""robot_pos"": [38, 2]}}","{""0"": {""commit_remaining"": 3, ""committed_segment"": [[21, 2], [20, 2], [19, 2], [18, 2], [18, 3], [18, 4], [18, 5], [18, 6]], ""robot_pos"": [21, 2]}, ""1"": {""commit_remaining"": 3, ""committed_segment"": [[39, 2], [40, 2], [41, 2], [42, 2], [43, 2], [44, 2], [45, 2], [46, 2]], ""robot_pos"": [39, 2]}}","{""0"": {""collision"": false, ""collision_cell"": null, ""move_success"": true, ""new_robot_pos"": [21, 2]}, ""1"": {""collision"": false, ""collision_cell"": null, ""move_success"": true, ""new_robot_pos"": [39, 2]}}","{""arrived"": {""0"": true, ""1"": true}, ""final_by_usv"": {""0"": {""arrived"": true, ""final_distance_to_target_m"": 4.312491528573561, ""final_projected_cell"": [21, 2], ""last_known_world"": [-383.3971252441406, 187.34347534179688, 0.17403653264045715], ""observer_pose_source"": ""live_location_sensor"", ""orientation_source"": ""live_orientation_sensor"", ""projection_matches_target"": true, ""standoff_anchor_cell"": [18, 2], ""standoff_anchor_world"": [-380.0, 220.0, 0.0], ""target_cell"": [21, 2], ""target_world"": [-380.0, 190.0, 0.0]}, ""1"": {""arrived"": true, ""final_distance_to_target_m"": 1.7493060571879244, ""final_projected_cell"": [39, 2], ""last_known_world"": [-378.9905090332031, 11.428635597229004, 0.18677008152008057], ""observer_pose_source"": ""live_location_sensor"", ""orientation_source"": ""live_orientation_sensor"", ""projection_matches_target"": true, ""standoff_anchor_cell"": [42, 2], ""standoff_anchor_world"": [-380.0, -20.0, 0.0], ""target_cell"": [39, 2], ""target_world"": [-380.0, 10.0, 0.0]}}, ""per_step_fallback_counts"": {""0"": 0, ""1"": 0}, ""policy_step"": 4, ""run_kind"": ""calibration"", ""standoff_anchor_cells"": {""0"": [18, 2], ""1"": [42, 2]}, ""standoff_anchor_world"": {""0"": [-380.0, 220.0, 0.0], ""1"": [-380.0, -20.0, 0.0]}, ""step_min_inter_vessel_distance_m"": 153.2896552535339, ""step_ticks"": 347, ""target_cells"": {""0"": [21, 2], ""1"": [39, 2]}, ""target_world"": {""0"": [-380.0, 190.0, 0.0], ""1"": [-380.0, 10.0, 0.0]}, ""timeout"": false}",True,False,True,[],[false],[null],False,running,11.695335,False,False,False,False
calibration,5,True,baseline_GP.marine_knownmap_runtime_2usv._joint_assign_two_usv_segments,baseline_GP_mainline_planner,False,8.5,"[0, 1]",False,"[18, 40]","[54, 40]","[[21, 2], [20, 2], [19, 2], [18, 2], [18, 3], [18, 4], [18, 5], [18, 6], [18, 7]]","[[39, 2], [40, 2], [41, 2], [42, 2], [43, 2], [44, 2], [45, 2], [46, 2], [47, 2]]","[20, 2]","[40, 2]","[18, 3]","[43, 2]",baseline_GP_planner_committed_segment_lookahead,True,"{""0"": {""commit_remaining"": 4, ""committed_segment"": [[21, 2], [20, 2], [19, 2], [18, 2], [18, 3], [18, 4], [18, 5], [18, 6], [18, 7]], ""robot_pos"": [21, 2]}, ""1"": {""commit_remaining"": 4, ""committed_segment"": [[39, 2], [40, 2], [41, 2], [42, 2], [43, 2], [44, 2], [45, 2], [46, 2], [47, 2]], ""robot_pos"": [39, 2]}}","{""0"": {""commit_remaining"": 3, ""committed_segment"": [[20, 2], [19, 2], [18, 2], [18, 3], [18, 4], [18, 5], [18, 6], [18, 7]], ""robot_pos"": [20, 2]}, ""1"": {""commit_remaining"": 3, ""committed_segment"": [[40, 2], [41, 2], [42, 2], [43, 2], [44, 2], [45, 2], [46, 2], [47, 2]], ""robot_pos"": [40, 2]}}","{""0"": {""collision"": false, ""collision_cell"": null, ""move_success"": true, ""new_robot_pos"": [20, 2]}, ""1"": {""collision"": false, ""collision_cell"": null, ""move_success"": true, ""new_robot_pos"": [40, 2]}}","{""arrived"": {""0"": true, ""1"": true}, ""final_by_usv"": {""0"": {""arrived"": true, ""final_distance_to_target_m"": 3.658667322775999, ""final_projected_cell"": [20, 2], ""last_known_world"": [-382.2412414550781, 197.10816955566406, 0.19001293182373047], ""observer_pose_source"": ""live_location_sensor"", ""orientation_source"": ""live_orientation_sensor"", ""projection_matches_target"": true, ""standoff_anchor_cell"": [18, 3], ""standoff_anchor_world"": [-370.0, 220.0, 0.0], ""target_cell"": [20, 2], ""target_world"": [-380.0, 200.0, 0.0]}, ""1"": {""arrived"": true, ""final_distance_to_target_m"": 4.043655139691998, ""final_projected_cell"": [40, 2], ""last_known_world"": [-377.0701599121094, 2.7869668006896973, 0.17460808157920837], ""observer_pose_source"": ""live_location_sensor"", ""orientation_source"": ""live_orientation_sensor"", ""projection_matches_target"": true, ""standoff_anchor_cell"": [43, 2], ""standoff_anchor_world"": [-380.0, -30.0, 0.0], ""target_cell"": [40, 2], ""target_world"": [-380.0, 0.0, 0.0]}}, ""per_step_fallback_counts"": {""0"": 0, ""1"": 0}, ""policy_step"": 5, ""run_kind"": ""calibration"", ""standoff_anchor_cells"": {""0"": [18, 3], ""1"": [43, 2]}, ""standoff_anchor_world"": {""0"": [-370.0, 220.0, 0.0], ""1"": [-380.0, -30.0, 0.0]}, ""step_min_inter_vessel_distance_m"": 175.996291850104, ""step_ticks"": 331, ""target_cells"": {""0"": [20, 2], ""1"": [40, 2]}, ""target_world"": {""0"": [-380.0, 200.0, 0.0], ""1"": [-380.0, 0.0, 0.0]}, ""timeout"": false}",True,False,True,[],[false],[null],False,running,11.150992,False,False,False,False
calibration,6,True,baseline_GP.marine_knownmap_runtime_2usv._joint_assign_two_usv_segments,baseline_GP_mainline_planner,False,8.5,"[0, 1]",False,"[18, 41]","[54, 40]","[[20, 2], [19, 2], [18, 2], [18, 3], [18, 4], [18, 5], [18, 6], [18, 7], [18, 8]]","[[40, 2], [41, 2], [42, 2], [43, 2], [44, 2], [45, 2], [46, 2], [47, 2], [48, 2]]","[19, 2]","[41, 2]","[18, 4]","[44, 2]",baseline_GP_planner_committed_segment_lookahead,True,"{""0"": {""commit_remaining"": 4, ""committed_segment"": [[20, 2], [19, 2], [18, 2], [18, 3], [18, 4], [18, 5], [18, 6], [18, 7], [18, 8]], ""robot_pos"": [20, 2]}, ""1"": {""commit_remaining"": 4, ""committed_segment"": [[40, 2], [41, 2], [42, 2], [43, 2], [44, 2], [45, 2], [46, 2], [47, 2], [48, 2]], ""robot_pos"": [40, 2]}}","{""0"": {""commit_remaining"": 3, ""committed_segment"": [[19, 2], [18, 2], [18, 3], [18, 4], [18, 5], [18, 6], [18, 7], [18, 8]], ""robot_pos"": [19, 2]}, ""1"": {""commit_remaining"": 3, ""committed_segment"": [[41, 2], [42, 2], [43, 2], [44, 2], [45, 2], [46, 2], [47, 2], [48, 2]], ""robot_pos"": [41, 2]}}","{""0"": {""collision"": false, ""collision_cell"": null, ""move_success"": true, ""new_robot_pos"": [19, 2]}, ""1"": {""collision"": false, ""collision_cell"": null, ""move_success"": true, ""new_robot_pos"": [41, 2]}}","{""arrived"": {""0"": true, ""1"": true}, ""final_by_usv"": {""0"": {""arrived"": true, ""final_distance_to_target_m"": 3.1289362033858032, ""final_projected_cell"": [19, 2], ""last_known_world"": [-380.8173522949219, 206.97970581054688, 0.20137354731559753], ""observer_pose_source"": ""live_location_sensor"", ""orientation_source"": ""live_orientation_sensor"", ""projection_matches_target"": true, ""standoff_anchor_cell"": [18, 4], ""standoff_anchor_world"": [-360.0, 220.0, 0.0], ""target_cell"": [19, 2], ""target_world"": [-380.0, 210.0, 0.0]}, ""1"": {""arrived"": true, ""final_distance_to_target_m"": 3.5949146581587446, ""final_projected_cell"": [41, 2], ""last_known_world"": [-377.7857971191406, -7.16791296005249, 0.17989321053028107], ""observer_pose_source"": ""live_location_sensor"", ""orientation_source"": ""live_orientation_sensor"", ""projection_matches_target"": true, ""standoff_anchor_cell"": [44, 2], ""standoff_anchor_world"": [-380.0, -40.0, 0.0], ""target_cell"": [41, 2], ""target_world"": [-380.0, -10.0, 0.0]}}, ""per_step_fallback_counts"": {""0"": 0, ""1"": 0}, ""policy_step"": 6, ""run_kind"": ""calibration"", ""standoff_anchor_cells"": {""0"": [18, 4], ""1"": [44, 2]}, ""standoff_anchor_world"": {""0"": [-360.0, 220.0, 0.0], ""1"": [-380.0, -40.0, 0.0]}, ""step_min_inter_vessel_distance_m"": 194.41814891740978, ""step_ticks"": 332, ""target_cells"": {""0"": [19, 2], ""1"": [41, 2]}, ""target_world"": {""0"": [-380.0, 210.0, 0.0], ""1"": [-380.0, -10.0, 0.0]}, ""timeout"": false}",True,False,True,[],[false],[null],False,running,11.198101,False,False,False,False
calibration,7,True,baseline_GP.marine_knownmap_runtime_2usv._joint_assign_two_usv_segments,baseline_GP_mainline_planner,False,8.5,"[0, 1]",False,"[18, 41]","[55, 38]","[[19, 2], [18, 2], [18, 3], [18, 4], [18, 5], [18, 6], [18, 7], [18, 8], [18, 9]]","[[41, 2], [42, 2], [43, 2], [44, 2], [45, 2], [46, 2], [47, 2], [48, 2], [49, 2]]","[18, 2]","[42, 2]","[18, 5]","[45, 2]",baseline_GP_planner_committed_segment_lookahead,True,"{""0"": {""commit_remaining"": 4, ""committed_segment"": [[19, 2], [18, 2], [18, 3], [18, 4], [18, 5], [18, 6], [18, 7], [18, 8], [18, 9]], ""robot_pos"": [19, 2]}, ""1"": {""commit_remaining"": 4, ""committed_segment"": [[41, 2], [42, 2], [43, 2], [44, 2], [45, 2], [46, 2], [47, 2], [48, 2], [49, 2]], ""robot_pos"": [41, 2]}}","{""0"": {""commit_remaining"": 3, ""committed_segment"": [[18, 2], [18, 3], [18, 4], [18, 5], [18, 6], [18, 7], [18, 8], [18, 9]], ""robot_pos"": [18, 2]}, ""1"": {""commit_remaining"": 3, ""committed_segment"": [[42, 2], [43, 2], [44, 2], [45, 2], [46, 2], [47, 2], [48, 2], [49, 2]], ""robot_pos"": [42, 2]}}","{""0"": {""collision"": false, ""collision_cell"": null, ""move_success"": true, ""new_robot_pos"": [18, 2]}, ""1"": {""collision"": false, ""collision_cell"": null, ""move_success"": true, ""new_robot_pos"": [42, 2]}}","{""arrived"": {""0"": true, ""1"": true}, ""final_by_usv"": {""0"": {""arrived"": true, ""final_distance_to_target_m"": 4.529367059400947, ""final_projected_cell"": [18, 2], ""last_known_world"": [-378.30731201171875, 215.79881286621094, 0.1820293664932251], ""observer_pose_source"": ""live_location_sensor"", ""orientation_source"": ""live_orientation_sensor"", ""projection_matches_target"": true, ""standoff_anchor_cell"": [18, 5], ""standoff_anchor_world"": [-350.0, 220.0, 0.0], ""target_cell"": [18, 2], ""target_world"": [-380.0, 220.0, 0.0]}, ""1"": {""arrived"": true, ""final_distance_to_target_m"": 3.5488820050335184, ""final_projected_cell"": [42, 2], ""last_known_world"": [-377.204833984375, -17.813310623168945, 0.1775353103876114], ""observer_pose_source"": ""live_location_sensor"", ""orientation_source"": ""live_orientation_sensor"", ""projection_matches_target"": true, ""standoff_anchor_cell"": [45, 2], ""standoff_anchor_world"": [-380.0, -50.0, 0.0], ""target_cell"": [42, 2], ""target_world"": [-380.0, -20.0, 0.0]}}, ""per_step_fallback_counts"": {""0"": 0, ""1"": 0}, ""policy_step"": 7, ""run_kind"": ""calibration"", ""standoff_anchor_cells"": {""0"": [18, 5], ""1"": [45, 2]}, ""standoff_anchor_world"": {""0"": [-350.0, 220.0, 0.0], ""1"": [-380.0, -50.0, 0.0]}, ""step_min_inter_vessel_distance_m"": 214.19665342108874, ""step_ticks"": 340, ""target_cells"": {""0"": [18, 2], ""1"": [42, 2]}, ""target_world"": {""0"": [-380.0, 220.0, 0.0], ""1"": [-380.0, -20.0, 0.0]}, ""timeout"": false}",True,False,True,[],[false],[null],False,running,11.46483,False,False,False,False
calibration,8,True,baseline_GP.marine_knownmap_runtime_2usv._joint_assign_two_usv_segments,baseline_GP_mainline_planner,False,8.5,"[0, 1]",False,"[18, 42]","[54, 40]","[[18, 2], [18, 3], [18, 4], [18, 5], [18, 6], [18, 7], [18, 8], [18, 9], [18, 10]]","[[42, 2], [43, 2], [44, 2], [45, 2], [46, 2], [47, 2], [48, 2], [49, 2], [50, 2]]","[18, 3]","[43, 2]","[18, 6]","[46, 2]",baseline_GP_planner_committed_segment_lookahead,True,"{""0"": {""commit_remaining"": 4, ""committed_segment"": [[18, 2], [18, 3], [18, 4], [18, 5], [18, 6], [18, 7], [18, 8], [18, 9], [18, 10]], ""robot_pos"": [18, 2]}, ""1"": {""commit_remaining"": 4, ""committed_segment"": [[42, 2], [43, 2], [44, 2], [45, 2], [46, 2], [47, 2], [48, 2], [49, 2], [50, 2]], ""robot_pos"": [42, 2]}}","{""0"": {""commit_remaining"": 3, ""committed_segment"": [[18, 3], [18, 4], [18, 5], [18, 6], [18, 7], [18, 8], [18, 9], [18, 10]], ""robot_pos"": [18, 3]}, ""1"": {""commit_remaining"": 3, ""committed_segment"": [[43, 2], [44, 2], [45, 2], [46, 2], [47, 2], [48, 2], [49, 2], [50, 2]], ""robot_pos"": [43, 2]}}","{""0"": {""collision"": false, ""collision_cell"": null, ""move_success"": true, ""new_robot_pos"": [18, 3]}, ""1"": {""collision"": false, ""collision_cell"": null, ""move_success"": true, ""new_robot_pos"": [43, 2]}}","{""arrived"": {""0"": true, ""1"": true}, ""final_by_usv"": {""0"": {""arrived"": true, ""final_distance_to_target_m"": 2.186254619627383, ""final_projected_cell"": [18, 3], ""last_known_world"": [-371.99139404296875, 220.90225219726562, 0.18762008845806122], ""observer_pose_source"": ""live_location_sensor"", ""orientation_source"": ""live_orientation_sensor"", ""projection_matches_target"": true, ""standoff_anchor_cell"": [18, 6], ""standoff_anchor_world"": [-340.0, 220.0, 0.0], ""target_cell"": [18, 3], ""target_world"": [-370.0, 220.0, 0.0]}, ""1"": {""arrived"": true, ""final_distance_to_target_m"": 3.8733840441975804, ""final_projected_cell"": [43, 2], ""last_known_world"": [-377.1009521484375, -27.43122100830078, 0.1830613762140274], ""observer_pose_source"": ""live_location_sensor"", ""orientation_source"": ""live_orientation_sensor"", ""projection_matches_target"": true, ""standoff_anchor_cell"": [46, 2], ""standoff_anchor_world"": [-380.0, -60.0, 0.0], ""target_cell"": [43, 2], ""target_world"": [-380.0, -30.0, 0.0]}}, ""per_step_fallback_counts"": {""0"": 0, ""1"": 0}, ""policy_step"": 8, ""run_kind"": ""calibration"", ""standoff_anchor_cells"": {""0"": [18, 6], ""1"": [46, 2]}, ""standoff_anchor_world"": {""0"": [-340.0, 220.0, 0.0], ""1"": [-380.0, -60.0, 0.0]}, ""step_min_inter_vessel_distance_m"": 233.62880283633967, ""step_ticks"": 330, ""target_cells"": {""0"": [18, 3], ""1"": [43, 2]}, ""target_world"": {""0"": [-370.0, 220.0, 0.0], ""1"": [-380.0, -30.0, 0.0]}, ""timeout"": false}",True,False,True,[],[false],[null],False,running,11.145568,False,False,False,False
calibration,9,True,baseline_GP.marine_knownmap_runtime_2usv._joint_assign_two_usv_segments,baseline_GP_mainline_planner,False,8.5,"[0, 1]",False,"[18, 43]","[54, 40]","[[18, 3], [18, 4], [18, 5], [18, 6], [18, 7], [18, 8], [18, 9], [18, 10], [18, 11]]","[[43, 2], [44, 2], [45, 2], [46, 2], [47, 2], [48, 2], [49, 2], [50, 2], [51, 2]]","[18, 4]","[44, 2]","[18, 7]","[47, 2]",baseline_GP_planner_committed_segment_lookahead,True,"{""0"": {""commit_remaining"": 4, ""committed_segment"": [[18, 3], [18, 4], [18, 5], [18, 6], [18, 7], [18, 8], [18, 9], [18, 10], [18, 11]], ""robot_pos"": [18, 3]}, ""1"": {""commit_remaining"": 4, ""committed_segment"": [[43, 2], [44, 2], [45, 2], [46, 2], [47, 2], [48, 2], [49, 2], [50, 2], [51, 2]], ""robot_pos"": [43, 2]}}","{""0"": {""commit_remaining"": 3, ""committed_segment"": [[18, 4], [18, 5], [18, 6], [18, 7], [18, 8], [18, 9], [18, 10], [18, 11]], ""robot_pos"": [18, 4]}, ""1"": {""commit_remaining"": 3, ""committed_segment"": [[44, 2], [45, 2], [46, 2], [47, 2], [48, 2], [49, 2], [50, 2], [51, 2]], ""robot_pos"": [44, 2]}}","{""0"": {""collision"": false, ""collision_cell"": null, ""move_success"": true, ""new_robot_pos"": [18, 4]}, ""1"": {""collision"": false, ""collision_cell"": null, ""move_success"": true, ""new_robot_pos"": [44, 2]}}","{""arrived"": {""0"": true, ""1"": true}, ""final_by_usv"": {""0"": {""arrived"": true, ""final_distance_to_target_m"": 4.1816736371290935, ""final_projected_cell"": [18, 4], ""last_known_world"": [-362.6234130859375, 223.2563934326172, 0.16816724836826324], ""observer_pose_source"": ""live_location_sensor"", ""orientation_source"": ""live_orientation_sensor"", ""projection_matches_target"": true, ""standoff_anchor_cell"": [18, 7], ""standoff_anchor_world"": [-330.0, 220.0, 0.0], ""target_cell"": [18, 4], ""target_world"": [-360.0, 220.0, 0.0]}, ""1"": {""arrived"": true, ""final_distance_to_target_m"": 4.344084170938559, ""final_projected_cell"": [44, 2], ""last_known_world"": [-376.3656005859375, -37.620460510253906, 0.17308467626571655], ""observer_pose_source"": ""live_location_sensor"", ""orientation_source"": ""live_orientation_sensor"", ""projection_matches_target"": true, ""standoff_anchor_cell"": [47, 2], ""standoff_anchor_world"": [-380.0, -70.0, 0.0], ""target_cell"": [44, 2], ""target_world"": [-380.0, -40.0, 0.0]}}, ""per_step_fallback_counts"": {""0"": 0, ""1"": 0}, ""policy_step"": 9, ""run_kind"": ""calibration"", ""standoff_anchor_cells"": {""0"": [18, 7], ""1"": [47, 2]}, ""standoff_anchor_world"": {""0"": [-330.0, 220.0, 0.0], ""1"": [-380.0, -70.0, 0.0]}, ""step_min_inter_vessel_distance_m"": 248.4066545936542, ""step_ticks"": 342, ""target_cells"": {""0"": [18, 4], ""1"": [44, 2]}, ""target_world"": {""0"": [-360.0, 220.0, 0.0], ""1"": [-380.0, -40.0, 0.0]}, ""timeout"": false}",True,False,True,[],[false],[null],False,running,11.536168,False,False,False,False
calibration,10,True,baseline_GP.marine_knownmap_runtime_2usv._joint_assign_two_usv_segments,baseline_GP_mainline_planner,False,15.0,"[0, 1]",False,"[18, 34]","[55, 39]","[[18, 4], [18, 5], [18, 6], [18, 7], [18, 8], [18, 9], [18, 10], [18, 11], [18, 12]]","[[44, 2], [45, 2], [46, 2], [47, 2], [48, 2], [49, 2], [50, 2], [51, 2], [52, 2]]","[18, 5]","[45, 2]","[18, 8]","[48, 2]",baseline_GP_planner_committed_segment_lookahead,True,"{""0"": {""commit_remaining"": 4, ""committed_segment"": [[18, 4], [18, 5], [18, 6], [18, 7], [18, 8], [18, 9], [18, 10], [18, 11], [18, 12]], ""robot_pos"": [18, 4]}, ""1"": {""commit_remaining"": 4, ""committed_segment"": [[44, 2], [45, 2], [46, 2], [47, 2], [48, 2], [49, 2], [50, 2], [51, 2], [52, 2]], ""robot_pos"": [44, 2]}}","{""0"": {""commit_remaining"": 3, ""committed_segment"": [[18, 5], [18, 6], [18, 7], [18, 8], [18, 9], [18, 10], [18, 11], [18, 12]], ""robot_pos"": [18, 5]}, ""1"": {""commit_remaining"": 3, ""committed_segment"": [[45, 2], [46, 2], [47, 2], [48, 2], [49, 2], [50, 2], [51, 2], [52, 2]], ""robot_pos"": [45, 2]}}","{""0"": {""collision"": false, ""collision_cell"": null, ""move_success"": true, ""new_robot_pos"": [18, 5]}, ""1"": {""collision"": false, ""collision_cell"": null, ""move_success"": true, ""new_robot_pos"": [45, 2]}}","{""arrived"": {""0"": true, ""1"": true}, ""final_by_usv"": {""0"": {""arrived"": true, ""final_distance_to_target_m"": 3.6414153429182603, ""final_projected_cell"": [18, 5], ""last_known_world"": [-353.56640625, 220.73529052734375, 0.17312031984329224], ""observer_pose_source"": ""live_location_sensor"", ""orientation_source"": ""live_orientation_sensor"", ""projection_matches_target"": true, ""standoff_anchor_cell"": [18, 8], ""standoff_anchor_world"": [-320.0, 220.0, 0.0], ""target_cell"": [18, 5], ""target_world"": [-350.0, 220.0, 0.0]}, ""1"": {""arrived"": true, ""final_distance_to_target_m"": 3.5438418208435456, ""final_projected_cell"": [45, 2], ""last_known_world"": [-378.5554504394531, -46.763938903808594, 0.17373156547546387], ""observer_pose_source"": ""live_location_sensor"", ""orientation_source"": ""live_orientation_sensor"", ""projection_matches_target"": true, ""standoff_anchor_cell"": [48, 2], ""standoff_anchor_world"": [-380.0, -80.0, 0.0], ""target_cell"": [45, 2], ""target_world"": [-380.0, -50.0, 0.0]}}, ""per_step_fallback_counts"": {""0"": 0, ""1"": 0}, ""policy_step"": 10, ""run_kind"": ""calibration"", ""standoff_anchor_cells"": {""0"": [18, 8], ""1"": [48, 2]}, ""standoff_anchor_world"": {""0"": [-320.0, 220.0, 0.0], ""1"": [-380.0, -80.0, 0.0]}, ""step_min_inter_vessel_distance_m"": 261.2562047895161, ""step_ticks"": 328, ""target_cells"": {""0"": [18, 5], ""1"": [45, 2]}, ""target_world"": {""0"": [-350.0, 220.0, 0.0], ""1"": [-380.0, -50.0, 0.0]}, ""timeout"": false}",True,False,True,[],[false],[null],False,running,11.081476,False,False,False,False
calibration,11,True,baseline_GP.marine_knownmap_runtime_2usv._joint_assign_two_usv_segments,baseline_GP_mainline_planner,False,8.5,"[0, 1]",False,"[18, 39]","[55, 39]","[[18, 5], [18, 6], [18, 7], [18, 8], [18, 9], [18, 10], [18, 11], [18, 12], [18, 13]]","[[45, 2], [46, 2], [47, 2], [48, 2], [49, 2], [50, 2], [51, 2], [52, 2], [53, 2]]","[18, 6]","[46, 2]","[18, 9]","[49, 2]",baseline_GP_planner_committed_segment_lookahead,True,"{""0"": {""commit_remaining"": 4, ""committed_segment"": [[18, 5], [18, 6], [18, 7], [18, 8], [18, 9], [18, 10], [18, 11], [18, 12], [18, 13]], ""robot_pos"": [18, 5]}, ""1"": {""commit_remaining"": 4, ""committed_segment"": [[45, 2], [46, 2], [47, 2], [48, 2], [49, 2], [50, 2], [51, 2], [52, 2], [53, 2]], ""robot_pos"": [45, 2]}}","{""0"": {""commit_remaining"": 3, ""committed_segment"": [[18, 6], [18, 7], [18, 8], [18, 9], [18, 10], [18, 11], [18, 12], [18, 13]], ""robot_pos"": [18, 6]}, ""1"": {""commit_remaining"": 3, ""committed_segment"": [[46, 2], [47, 2], [48, 2], [49, 2], [50, 2], [51, 2], [52, 2], [53, 2]], ""robot_pos"": [46, 2]}}","{""0"": {""collision"": false, ""collision_cell"": null, ""move_success"": true, ""new_robot_pos"": [18, 6]}, ""1"": {""collision"": false, ""collision_cell"": null, ""move_success"": true, ""new_robot_pos"": [46, 2]}}","{""arrived"": {""0"": true, ""1"": true}, ""final_by_usv"": {""0"": {""arrived"": true, ""final_distance_to_target_m"": 3.6037353547166697, ""final_projected_cell"": [18, 6], ""last_known_world"": [-343.600341796875, 220.15635681152344, 0.17639979720115662], ""observer_pose_source"": ""live_location_sensor"", ""orientation_source"": ""live_orientation_sensor"", ""projection_matches_target"": true, ""standoff_anchor_cell"": [18, 9], ""standoff_anchor_world"": [-310.0, 220.0, 0.0], ""target_cell"": [18, 6], ""target_world"": [-340.0, 220.0, 0.0]}, ""1"": {""arrived"": true, ""final_distance_to_target_m"": 3.4507563563713894, ""final_projected_cell"": [46, 2], ""last_known_world"": [-378.864501953125, -56.741416931152344, 0.18046525120735168], ""observer_pose_source"": ""live_location_sensor"", ""orientation_source"": ""live_orientation_sensor"", ""projection_matches_target"": true, ""standoff_anchor_cell"": [49, 2], ""standoff_anchor_world"": [-380.0, -90.0, 0.0], ""target_cell"": [46, 2], ""target_world"": [-380.0, -60.0, 0.0]}}, ""per_step_fallback_counts"": {""0"": 0, ""1"": 0}, ""policy_step"": 11, ""run_kind"": ""calibration"", ""standoff_anchor_cells"": {""0"": [18, 9], ""1"": [49, 2]}, ""standoff_anchor_world"": {""0"": [-310.0, 220.0, 0.0], ""1"": [-380.0, -90.0, 0.0]}, ""step_min_inter_vessel_distance_m"": 268.6837085774107, ""step_ticks"": 332, ""target_cells"": {""0"": [18, 6], ""1"": [46, 2]}, ""target_world"": {""0"": [-340.0, 220.0, 0.0], ""1"": [-380.0, -60.0, 0.0]}, ""timeout"": false}",True,False,True,[],[false],[null],False,running,11.203103,False,False,False,False
calibration,12,True,baseline_GP.marine_knownmap_runtime_2usv._joint_assign_two_usv_segments,baseline_GP_mainline_planner,False,13.003397409972301,"[0, 1]",False,"[18, 39]","[55, 39]","[[18, 6], [18, 7], [18, 8], [18, 9], [18, 10], [18, 11], [18, 12], [18, 13], [18, 14]]","[[46, 2], [47, 2], [48, 2], [49, 2], [50, 2], [51, 2], [52, 2], [53, 2], [54, 2]]","[18, 7]","[47, 2]","[18, 10]","[50, 2]",baseline_GP_planner_committed_segment_lookahead,True,"{""0"": {""commit_remaining"": 4, ""committed_segment"": [[18, 6], [18, 7], [18, 8], [18, 9], [18, 10], [18, 11], [18, 12], [18, 13], [18, 14]], ""robot_pos"": [18, 6]}, ""1"": {""commit_remaining"": 4, ""committed_segment"": [[46, 2], [47, 2], [48, 2], [49, 2], [50, 2], [51, 2], [52, 2], [53, 2], [54, 2]], ""robot_pos"": [46, 2]}}","{""0"": {""commit_remaining"": 3, ""committed_segment"": [[18, 7], [18, 8], [18, 9], [18, 10], [18, 11], [18, 12], [18, 13], [18, 14]], ""robot_pos"": [18, 7]}, ""1"": {""commit_remaining"": 3, ""committed_segment"": [[47, 2], [48, 2], [49, 2], [50, 2], [51, 2], [52, 2], [53, 2], [54, 2]], ""robot_pos"": [47, 2]}}","{""0"": {""collision"": false, ""collision_cell"": null, ""move_success"": true, ""new_robot_pos"": [18, 7]}, ""1"": {""collision"": false, ""collision_cell"": null, ""move_success"": true, ""new_robot_pos"": [47, 2]}}","{""arrived"": {""0"": true, ""1"": true}, ""final_by_usv"": {""0"": {""arrived"": true, ""final_distance_to_target_m"": 3.5605225491922132, ""final_projected_cell"": [18, 7], ""last_known_world"": [-333.37652587890625, 221.12977600097656, 0.18194027245044708], ""observer_pose_source"": ""live_location_sensor"", ""orientation_source"": ""live_orientation_sensor"", ""projection_matches_target"": true, ""standoff_anchor_cell"": [18, 10], ""standoff_anchor_world"": [-300.0, 220.0, 0.0], ""target_cell"": [18, 7], ""target_world"": [-330.0, 220.0, 0.0]}, ""1"": {""arrived"": true, ""final_distance_to_target_m"": 3.7390906648557953, ""final_projected_cell"": [47, 2], ""last_known_world"": [-377.8254089355469, -66.95829772949219, 0.18710841238498688], ""observer_pose_source"": ""live_location_sensor"", ""orientation_source"": ""live_orientation_sensor"", ""projection_matches_target"": true, ""standoff_anchor_cell"": [50, 2], ""standoff_anchor_world"": [-380.0, -100.0, 0.0], ""target_cell"": [47, 2], ""target_world"": [-380.0, -70.0, 0.0]}}, ""per_step_fallback_counts"": {""0"": 0, ""1"": 0}, ""policy_step"": 12, ""run_kind"": ""calibration"", ""standoff_anchor_cells"": {""0"": [18, 10], ""1"": [50, 2]}, ""standoff_anchor_world"": {""0"": [-300.0, 220.0, 0.0], ""1"": [-380.0, -100.0, 0.0]}, ""step_min_inter_vessel_distance_m"": 279.15499139840813, ""step_ticks"": 334, ""target_cells"": {""0"": [18, 7], ""1"": [47, 2]}, ""target_world"": {""0"": [-330.0, 220.0, 0.0], ""1"": [-380.0, -70.0, 0.0]}, ""timeout"": false}",True,False,True,[],[false],[null],False,running,11.265943,False,False,False,False
calibration,13,True,baseline_GP.marine_knownmap_runtime_2usv._joint_assign_two_usv_segments,baseline_GP_mainline_planner,False,12.932511863747575,"[0, 1]",False,"[18, 39]","[55, 39]","[[18, 7], [18, 8], [18, 9], [18, 10], [18, 11], [18, 12], [18, 13], [18, 14], [18, 15]]","[[47, 2], [48, 2], [49, 2], [50, 2], [51, 2], [52, 2], [53, 2], [54, 2], [55, 2]]","[18, 8]","[48, 2]","[18, 11]","[51, 2]",baseline_GP_planner_committed_segment_lookahead,True,"{""0"": {""commit_remaining"": 4, ""committed_segment"": [[18, 7], [18, 8], [18, 9], [18, 10], [18, 11], [18, 12], [18, 13], [18, 14], [18, 15]], ""robot_pos"": [18, 7]}, ""1"": {""commit_remaining"": 4, ""committed_segment"": [[47, 2], [48, 2], [49, 2], [50, 2], [51, 2], [52, 2], [53, 2], [54, 2], [55, 2]], ""robot_pos"": [47, 2]}}","{""0"": {""commit_remaining"": 3, ""committed_segment"": [[18, 8], [18, 9], [18, 10], [18, 11], [18, 12], [18, 13], [18, 14], [18, 15]], ""robot_pos"": [18, 8]}, ""1"": {""commit_remaining"": 3, ""committed_segment"": [[48, 2], [49, 2], [50, 2], [51, 2], [52, 2], [53, 2], [54, 2], [55, 2]], ""robot_pos"": [48, 2]}}","{""0"": {""collision"": false, ""collision_cell"": null, ""move_success"": true, ""new_robot_pos"": [18, 8]}, ""1"": {""collision"": false, ""collision_cell"": null, ""move_success"": true, ""new_robot_pos"": [48, 2]}}","{""arrived"": {""0"": true, ""1"": true}, ""final_by_usv"": {""0"": {""arrived"": true, ""final_distance_to_target_m"": 3.720617591977384, ""final_projected_cell"": [18, 8], ""last_known_world"": [-322.2938232421875, 222.9293975830078, 0.16954055428504944], ""observer_pose_source"": ""live_location_sensor"", ""orientation_source"": ""live_orientation_sensor"", ""projection_matches_target"": true, ""standoff_anchor_cell"": [18, 11], ""standoff_anchor_world"": [-290.0, 220.0, 0.0], ""target_cell"": [18, 8], ""target_world"": [-320.0, 220.0, 0.0]}, ""1"": {""arrived"": true, ""final_distance_to_target_m"": 4.306053165047815, ""final_projected_cell"": [48, 2], ""last_known_world"": [-376.3707275390625, -77.68257141113281, 0.17466557025909424], ""observer_pose_source"": ""live_location_sensor"", ""orientation_source"": ""live_orientation_sensor"", ""projection_matches_target"": true, ""standoff_anchor_cell"": [51, 2], ""standoff_anchor_world"": [-380.0, -110.0, 0.0], ""target_cell"": [48, 2], ""target_world"": [-380.0, -80.0, 0.0]}}, ""per_step_fallback_counts"": {""0"": 0, ""1"": 0}, ""policy_step"": 13, ""run_kind"": ""calibration"", ""standoff_anchor_cells"": {""0"": [18, 11], ""1"": [51, 2]}, ""standoff_anchor_world"": {""0"": [-290.0, 220.0, 0.0], ""1"": [-380.0, -110.0, 0.0]}, ""step_min_inter_vessel_distance_m"": 291.51562680514115, ""step_ticks"": 350, ""target_cells"": {""0"": [18, 8], ""1"": [48, 2]}, ""target_world"": {""0"": [-320.0, 220.0, 0.0], ""1"": [-380.0, -80.0, 0.0]}, ""timeout"": false}",True,False,True,[],[false],[null],False,running,11.796678,False,False,False,False
calibration,14,True,baseline_GP.marine_knownmap_runtime_2usv._joint_assign_two_usv_segments,baseline_GP_mainline_planner,False,12.421484505307731,"[0, 1]",False,"[18, 39]","[56, 38]","[[18, 8], [18, 9], [18, 10], [18, 11], [18, 12], [18, 13], [18, 14], [18, 15], [18, 16]]","[[48, 2], [49, 2], [50, 2], [51, 2], [52, 2], [53, 2], [54, 2], [55, 2], [56, 2]]","[18, 9]","[49, 2]","[18, 12]","[52, 2]",baseline_GP_planner_committed_segment_lookahead,True,"{""0"": {""commit_remaining"": 4, ""committed_segment"": [[18, 8], [18, 9], [18, 10], [18, 11], [18, 12], [18, 13], [18, 14], [18, 15], [18, 16]], ""robot_pos"": [18, 8]}, ""1"": {""commit_remaining"": 4, ""committed_segment"": [[48, 2], [49, 2], [50, 2], [51, 2], [52, 2], [53, 2], [54, 2], [55, 2], [56, 2]], ""robot_pos"": [48, 2]}}","{""0"": {""commit_remaining"": 3, ""committed_segment"": [[18, 9], [18, 10], [18, 11], [18, 12], [18, 13], [18, 14], [18, 15], [18, 16]], ""robot_pos"": [18, 9]}, ""1"": {""commit_remaining"": 3, ""committed_segment"": [[49, 2], [50, 2], [51, 2], [52, 2], [53, 2], [54, 2], [55, 2], [56, 2]], ""robot_pos"": [49, 2]}}","{""0"": {""collision"": false, ""collision_cell"": null, ""move_success"": true, ""new_robot_pos"": [18, 9]}, ""1"": {""collision"": false, ""collision_cell"": null, ""move_success"": true, ""new_robot_pos"": [49, 2]}}","{""arrived"": {""0"": true, ""1"": true}, ""final_by_usv"": {""0"": {""arrived"": true, ""final_distance_to_target_m"": 3.3975912004999156, ""final_projected_cell"": [18, 9], ""last_known_world"": [-313.22802734375, 221.0599365234375, 0.17435382306575775], ""observer_pose_source"": ""live_location_sensor"", ""orientation_source"": ""live_orientation_sensor"", ""projection_matches_target"": true, ""standoff_anchor_cell"": [18, 12], ""standoff_anchor_world"": [-280.0, 220.0, 0.0], ""target_cell"": [18, 9], ""target_world"": [-310.0, 220.0, 0.0]}, ""1"": {""arrived"": true, ""final_distance_to_target_m"": 3.6142678961874726, ""final_projected_cell"": [49, 2], ""last_known_world"": [-379.3599548339844, -86.44285583496094, 0.1722823679447174], ""observer_pose_source"": ""live_location_sensor"", ""orientation_source"": ""live_orientation_sensor"", ""projection_matches_target"": true, ""standoff_anchor_cell"": [52, 2], ""standoff_anchor_world"": [-380.0, -120.0, 0.0], ""target_cell"": [49, 2], ""target_world"": [-380.0, -90.0, 0.0]}}, ""per_step_fallback_counts"": {""0"": 0, ""1"": 0}, ""policy_step"": 14, ""run_kind"": ""calibration"", ""standoff_anchor_cells"": {""0"": [18, 12], ""1"": [52, 2]}, ""standoff_anchor_world"": {""0"": [-280.0, 220.0, 0.0], ""1"": [-380.0, -120.0, 0.0]}, ""step_min_inter_vessel_distance_m"": 305.45729327969, ""step_ticks"": 327, ""target_cells"": {""0"": [18, 9], ""1"": [49, 2]}, ""target_world"": {""0"": [-310.0, 220.0, 0.0], ""1"": [-380.0, -90.0, 0.0]}, ""timeout"": false}",True,False,True,[],[false],[null],False,running,11.039655,False,False,False,False
calibration,15,True,baseline_GP.marine_knownmap_runtime_2usv._joint_assign_two_usv_segments,baseline_GP_mainline_planner,False,12.34375,"[0, 1]",False,"[18, 39]","[53, 41]","[[18, 9], [18, 10], [18, 11], [18, 12], [18, 13], [18, 14], [18, 15], [18, 16], [18, 17]]","[[49, 2], [50, 2], [51, 2], [52, 2], [53, 2], [53, 3], [53, 4], [53, 5], [53, 6]]","[18, 10]","[50, 2]","[18, 13]","[53, 2]",baseline_GP_planner_committed_segment_lookahead,True,"{""0"": {""commit_remaining"": 4, ""committed_segment"": [[18, 9], [18, 10], [18, 11], [18, 12], [18, 13], [18, 14], [18, 15], [18, 16], [18, 17]], ""robot_pos"": [18, 9]}, ""1"": {""commit_remaining"": 4, ""committed_segment"": [[49, 2], [50, 2], [51, 2], [52, 2], [53, 2], [53, 3], [53, 4], [53, 5], [53, 6]], ""robot_pos"": [49, 2]}}","{""0"": {""commit_remaining"": 3, ""committed_segment"": [[18, 10], [18, 11], [18, 12], [18, 13], [18, 14], [18, 15], [18, 16], [18, 17]], ""robot_pos"": [18, 10]}, ""1"": {""commit_remaining"": 3, ""committed_segment"": [[50, 2], [51, 2], [52, 2], [53, 2], [53, 3], [53, 4], [53, 5], [53, 6]], ""robot_pos"": [50, 2]}}","{""0"": {""collision"": false, ""collision_cell"": null, ""move_success"": true, ""new_robot_pos"": [18, 10]}, ""1"": {""collision"": false, ""collision_cell"": null, ""move_success"": true, ""new_robot_pos"": [50, 2]}}","{""arrived"": {""0"": true, ""1"": true}, ""final_by_usv"": {""0"": {""arrived"": true, ""final_distance_to_target_m"": 3.391436104208087, ""final_projected_cell"": [18, 10], ""last_known_world"": [-303.2464599609375, 220.98098754882812, 0.1764276772737503], ""observer_pose_source"": ""live_location_sensor"", ""orientation_source"": ""live_orientation_sensor"", ""projection_matches_target"": true, ""standoff_anchor_cell"": [18, 13], ""standoff_anchor_world"": [-270.0, 220.0, 0.0], ""target_cell"": [18, 10], ""target_world"": [-300.0, 220.0, 0.0]}, ""1"": {""arrived"": true, ""final_distance_to_target_m"": 3.6399187195432963, ""final_projected_cell"": [50, 2], ""last_known_world"": [-380.3503723144531, -96.37698364257812, 0.17602984607219696], ""observer_pose_source"": ""live_location_sensor"", ""orientation_source"": ""live_orientation_sensor"", ""projection_matches_target"": true, ""standoff_anchor_cell"": [53, 2], ""standoff_anchor_world"": [-380.0, -130.0, 0.0], ""target_cell"": [50, 2], ""target_world"": [-380.0, -100.0, 0.0]}}, ""per_step_fallback_counts"": {""0"": 0, ""1"": 0}, ""policy_step"": 15, ""run_kind"": ""calibration"", ""standoff_anchor_cells"": {""0"": [18, 13], ""1"": [53, 2]}, ""standoff_anchor_world"": {""0"": [-270.0, 220.0, 0.0], ""1"": [-380.0, -130.0, 0.0]}, ""step_min_inter_vessel_distance_m"": 314.5550935181178, ""step_ticks"": 332, ""target_cells"": {""0"": [18, 10], ""1"": [50, 2]}, ""target_world"": {""0"": [-300.0, 220.0, 0.0], ""1"": [-380.0, -100.0, 0.0]}, ""timeout"": false}",True,False,True,[],[false],[null],False,running,11.205278,False,False,False,False
calibration,16,True,baseline_GP.marine_knownmap_runtime_2usv._joint_assign_two_usv_segments,baseline_GP_mainline_planner,False,14.68888888888889,"[0, 1]",False,"[18, 42]","[53, 41]","[[18, 10], [18, 11], [18, 12], [18, 13], [18, 14], [18, 15], [18, 16], [18, 17], [18, 18]]","[[50, 2], [51, 2], [52, 2], [53, 2], [53, 3], [53, 4], [53, 5], [53, 6], [53, 7]]","[18, 11]","[51, 2]","[18, 14]","[53, 3]",baseline_GP_planner_committed_segment_lookahead,True,"{""0"": {""commit_remaining"": 4, ""committed_segment"": [[18, 10], [18, 11], [18, 12], [18, 13], [18, 14], [18, 15], [18, 16], [18, 17], [18, 18]], ""robot_pos"": [18, 10]}, ""1"": {""commit_remaining"": 4, ""committed_segment"": [[50, 2], [51, 2], [52, 2], [53, 2], [53, 3], [53, 4], [53, 5], [53, 6], [53, 7]], ""robot_pos"": [50, 2]}}","{""0"": {""commit_remaining"": 3, ""committed_segment"": [[18, 11], [18, 12], [18, 13], [18, 14], [18, 15], [18, 16], [18, 17], [18, 18]], ""robot_pos"": [18, 11]}, ""1"": {""commit_remaining"": 3, ""committed_segment"": [[51, 2], [52, 2], [53, 2], [53, 3], [53, 4], [53, 5], [53, 6], [53, 7]], ""robot_pos"": [51, 2]}}","{""0"": {""collision"": false, ""collision_cell"": null, ""move_success"": true, ""new_robot_pos"": [18, 11]}, ""1"": {""collision"": false, ""collision_cell"": null, ""move_success"": true, ""new_robot_pos"": [51, 2]}}","{""arrived"": {""0"": true, ""1"": true}, ""final_by_usv"": {""0"": {""arrived"": true, ""final_distance_to_target_m"": 3.726993777033936, ""final_projected_cell"": [18, 11], ""last_known_world"": [-293.04400634765625, 222.1504669189453, 0.18447241187095642], ""observer_pose_source"": ""live_location_sensor"", ""orientation_source"": ""live_orientation_sensor"", ""projection_matches_target"": true, ""standoff_anchor_cell"": [18, 14], ""standoff_anchor_world"": [-260.0, 220.0, 0.0], ""target_cell"": [18, 11], ""target_world"": [-290.0, 220.0, 0.0]}, ""1"": {""arrived"": true, ""final_distance_to_target_m"": 3.4007430312435396, ""final_projected_cell"": [51, 2], ""last_known_world"": [-379.59710693359375, -106.62320709228516, 0.17244234681129456], ""observer_pose_source"": ""live_location_sensor"", ""orientation_source"": ""live_orientation_sensor"", ""projection_matches_target"": true, ""standoff_anchor_cell"": [53, 3], ""standoff_anchor_world"": [-370.0, -130.0, 0.0], ""target_cell"": [51, 2], ""target_world"": [-380.0, -110.0, 0.0]}}, ""per_step_fallback_counts"": {""0"": 0, ""1"": 0}, ""policy_step"": 16, ""run_kind"": ""calibration"", ""standoff_anchor_cells"": {""0"": [18, 14], ""1"": [53, 3]}, ""standoff_anchor_world"": {""0"": [-260.0, 220.0, 0.0], ""1"": [-370.0, -130.0, 0.0]}, ""step_min_inter_vessel_distance_m"": 326.61140409215875, ""step_ticks"": 334, ""target_cells"": {""0"": [18, 11], ""1"": [51, 2]}, ""target_world"": {""0"": [-290.0, 220.0, 0.0], ""1"": [-380.0, -110.0, 0.0]}, ""timeout"": false}",True,False,True,[],[false],[null],False,running,11.302502,False,False,False,False
calibration,17,True,baseline_GP.marine_knownmap_runtime_2usv._joint_assign_two_usv_segments,baseline_GP_mainline_planner,False,14.676923076923078,"[0, 1]",False,"[18, 42]","[53, 41]","[[18, 11], [18, 12], [18, 13], [18, 14], [18, 15], [18, 16], [18, 17], [18, 18], [18, 19]]","[[51, 2], [52, 2], [53, 2], [53, 3], [53, 4], [53, 5], [53, 6], [53, 7], [53, 8]]","[18, 12]","[52, 2]","[18, 15]","[53, 4]",baseline_GP_planner_committed_segment_lookahead,True,"{""0"": {""commit_remaining"": 4, ""committed_segment"": [[18, 11], [18, 12], [18, 13], [18, 14], [18, 15], [18, 16], [18, 17], [18, 18], [18, 19]], ""robot_pos"": [18, 11]}, ""1"": {""commit_remaining"": 4, ""committed_segment"": [[51, 2], [52, 2], [53, 2], [53, 3], [53, 4], [53, 5], [53, 6], [53, 7], [53, 8]], ""robot_pos"": [51, 2]}}","{""0"": {""commit_remaining"": 3, ""committed_segment"": [[18, 12], [18, 13], [18, 14], [18, 15], [18, 16], [18, 17], [18, 18], [18, 19]], ""robot_pos"": [18, 12]}, ""1"": {""commit_remaining"": 3, ""committed_segment"": [[52, 2], [53, 2], [53, 3], [53, 4], [53, 5], [53, 6], [53, 7], [53, 8]], ""robot_pos"": [52, 2]}}","{""0"": {""collision"": false, ""collision_cell"": null, ""move_success"": true, ""new_robot_pos"": [18, 12]}, ""1"": {""collision"": false, ""collision_cell"": null, ""move_success"": true, ""new_robot_pos"": [52, 2]}}","{""arrived"": {""0"": true, ""1"": true}, ""final_by_usv"": {""0"": {""arrived"": true, ""final_distance_to_target_m"": 4.3287958623276035, ""final_projected_cell"": [18, 12], ""last_known_world"": [-282.3365173339844, 223.64405822753906, 0.1697729527950287], ""observer_pose_source"": ""live_location_sensor"", ""orientation_source"": ""live_orientation_sensor"", ""projection_matches_target"": true, ""standoff_anchor_cell"": [18, 15], ""standoff_anchor_world"": [-250.0, 220.0, 0.0], ""target_cell"": [18, 12], ""target_world"": [-280.0, 220.0, 0.0]}, ""1"": {""arrived"": true, ""final_distance_to_target_m"": 4.304687338879502, ""final_projected_cell"": [52, 2], ""last_known_world"": [-376.72613525390625, -117.2049789428711, 0.17351965606212616], ""observer_pose_source"": ""live_location_sensor"", ""orientation_source"": ""live_orientation_sensor"", ""projection_matches_target"": true, ""standoff_anchor_cell"": [53, 4], ""standoff_anchor_world"": [-360.0, -130.0, 0.0], ""target_cell"": [52, 2], ""target_world"": [-380.0, -120.0, 0.0]}}, ""per_step_fallback_counts"": {""0"": 0, ""1"": 0}, ""policy_step"": 17, ""run_kind"": ""calibration"", ""standoff_anchor_cells"": {""0"": [18, 15], ""1"": [53, 4]}, ""standoff_anchor_world"": {""0"": [-250.0, 220.0, 0.0], ""1"": [-360.0, -130.0, 0.0]}, ""step_min_inter_vessel_distance_m"": 339.9909158552881, ""step_ticks"": 350, ""target_cells"": {""0"": [18, 12], ""1"": [52, 2]}, ""target_world"": {""0"": [-280.0, 220.0, 0.0], ""1"": [-380.0, -120.0, 0.0]}, ""timeout"": false}",True,False,True,[],[false],[null],False,running,11.818128,False,False,False,False
calibration,18,True,baseline_GP.marine_knownmap_runtime_2usv._joint_assign_two_usv_segments,baseline_GP_mainline_planner,False,14.679166666666667,"[0, 1]",False,"[18, 42]","[53, 41]","[[18, 12], [18, 13], [18, 14], [18, 15], [18, 16], [18, 17], [18, 18], [18, 19], [18, 20]]","[[52, 2], [53, 2], [53, 3], [53, 4], [53, 5], [53, 6], [53, 7], [53, 8], [53, 9]]","[18, 13]","[53, 2]","[18, 16]","[53, 5]",baseline_GP_planner_committed_segment_lookahead,True,"{""0"": {""commit_remaining"": 4, ""committed_segment"": [[18, 12], [18, 13], [18, 14], [18, 15], [18, 16], [18, 17], [18, 18], [18, 19], [18, 20]], ""robot_pos"": [18, 12]}, ""1"": {""commit_remaining"": 4, ""committed_segment"": [[52, 2], [53, 2], [53, 3], [53, 4], [53, 5], [53, 6], [53, 7], [53, 8], [53, 9]], ""robot_pos"": [52, 2]}}","{""0"": {""commit_remaining"": 3, ""committed_segment"": [[18, 13], [18, 14], [18, 15], [18, 16], [18, 17], [18, 18], [18, 19], [18, 20]], ""robot_pos"": [18, 13]}, ""1"": {""commit_remaining"": 3, ""committed_segment"": [[53, 2], [53, 3], [53, 4], [53, 5], [53, 6], [53, 7], [53, 8], [53, 9]], ""robot_pos"": [53, 2]}}","{""0"": {""collision"": false, ""collision_cell"": null, ""move_success"": true, ""new_robot_pos"": [18, 13]}, ""1"": {""collision"": false, ""collision_cell"": null, ""move_success"": true, ""new_robot_pos"": [53, 2]}}","{""arrived"": {""0"": true, ""1"": true}, ""final_by_usv"": {""0"": {""arrived"": true, ""final_distance_to_target_m"": 1.530227332479595, ""final_projected_cell"": [18, 13], ""last_known_world"": [-271.40020751953125, 219.3827362060547, 0.19949109852313995], ""observer_pose_source"": ""live_location_sensor"", ""orientation_source"": ""live_orientation_sensor"", ""projection_matches_target"": true, ""standoff_anchor_cell"": [18, 16], ""standoff_anchor_world"": [-240.0, 220.0, 0.0], ""target_cell"": [18, 13], ""target_world"": [-270.0, 220.0, 0.0]}, ""1"": {""arrived"": true, ""final_distance_to_target_m"": 4.590135230950717, ""final_projected_cell"": [53, 2], ""last_known_world"": [-379.8552551269531, -125.41214752197266, 0.17234386503696442], ""observer_pose_source"": ""live_location_sensor"", ""orientation_source"": ""live_orientation_sensor"", ""projection_matches_target"": true, ""standoff_anchor_cell"": [53, 5], ""standoff_anchor_world"": [-350.0, -130.0, 0.0], ""target_cell"": [53, 2], ""target_world"": [-380.0, -130.0, 0.0]}}, ""per_step_fallback_counts"": {""0"": 0, ""1"": 0}, ""policy_step"": 18, ""run_kind"": ""calibration"", ""standoff_anchor_cells"": {""0"": [18, 16], ""1"": [53, 5]}, ""standoff_anchor_world"": {""0"": [-240.0, 220.0, 0.0], ""1"": [-350.0, -130.0, 0.0]}, ""step_min_inter_vessel_distance_m"": 353.68164189109206, ""step_ticks"": 363, ""target_cells"": {""0"": [18, 13], ""1"": [53, 2]}, ""target_world"": {""0"": [-270.0, 220.0, 0.0], ""1"": [-380.0, -130.0, 0.0]}, ""timeout"": false}",True,False,True,[],[false],[null],False,running,12.255209,False,False,False,False
calibration,19,True,baseline_GP.marine_knownmap_runtime_2usv._joint_assign_two_usv_segments,baseline_GP_mainline_planner,False,13.62798638360166,"[0, 1]",False,"[24, 11]","[53, 42]","[[18, 13], [19, 13], [20, 13], [21, 13], [22, 13], [23, 13], [24, 13], [24, 12], [24, 11]]","[[53, 2], [53, 3], [53, 4], [53, 5], [53, 6], [53, 7], [53, 8], [53, 9], [53, 10]]","[19, 13]","[53, 3]","[22, 13]","[53, 6]",baseline_GP_planner_committed_segment_lookahead,True,"{""0"": {""commit_remaining"": 4, ""committed_segment"": [[18, 13], [19, 13], [20, 13], [21, 13], [22, 13], [23, 13], [24, 13], [24, 12], [24, 11]], ""robot_pos"": [18, 13]}, ""1"": {""commit_remaining"": 4, ""committed_segment"": [[53, 2], [53, 3], [53, 4], [53, 5], [53, 6], [53, 7], [53, 8], [53, 9], [53, 10]], ""robot_pos"": [53, 2]}}","{""0"": {""commit_remaining"": 3, ""committed_segment"": [[19, 13], [20, 13], [21, 13], [22, 13], [23, 13], [24, 13], [24, 12], [24, 11]], ""robot_pos"": [19, 13]}, ""1"": {""commit_remaining"": 3, ""committed_segment"": [[53, 3], [53, 4], [53, 5], [53, 6], [53, 7], [53, 8], [53, 9], [53, 10]], ""robot_pos"": [53, 3]}}","{""0"": {""collision"": false, ""collision_cell"": null, ""move_success"": true, ""new_robot_pos"": [19, 13]}, ""1"": {""collision"": false, ""collision_cell"": null, ""move_success"": true, ""new_robot_pos"": [53, 3]}}","{""arrived"": {""0"": true, ""1"": true}, ""final_by_usv"": {""0"": {""arrived"": true, ""final_distance_to_target_m"": 4.39155311382261, ""final_projected_cell"": [19, 13], ""last_known_world"": [-271.3626708984375, 214.17478942871094, 0.20172542333602905], ""observer_pose_source"": ""live_location_sensor"", ""orientation_source"": ""live_orientation_sensor"", ""projection_matches_target"": true, ""standoff_anchor_cell"": [22, 13], ""standoff_anchor_world"": [-270.0, 180.0, 0.0], ""target_cell"": [19, 13], ""target_world"": [-270.0, 210.0, 0.0]}, ""1"": {""arrived"": true, ""final_distance_to_target_m"": 0.5448867186618871, ""final_projected_cell"": [53, 3], ""last_known_world"": [-369.67205810546875, -130.43515014648438, 0.19461174309253693], ""observer_pose_source"": ""live_location_sensor"", ""orientation_source"": ""live_orientation_sensor"", ""projection_matches_target"": true, ""standoff_anchor_cell"": [53, 6], ""standoff_anchor_world"": [-340.0, -130.0, 0.0], ""target_cell"": [53, 3], ""target_world"": [-370.0, -130.0, 0.0]}}, ""per_step_fallback_counts"": {""0"": 0, ""1"": 0}, ""policy_step"": 19, ""run_kind"": ""calibration"", ""standoff_anchor_cells"": {""0"": [22, 13], ""1"": [53, 6]}, ""standoff_anchor_world"": {""0"": [-270.0, 180.0, 0.0], ""1"": [-340.0, -130.0, 0.0]}, ""step_min_inter_vessel_distance_m"": 358.3231516379559, ""step_ticks"": 373, ""target_cells"": {""0"": [19, 13], ""1"": [53, 3]}, ""target_world"": {""0"": [-270.0, 210.0, 0.0], ""1"": [-370.0, -130.0, 0.0]}, ""timeout"": false}",True,False,True,[],[false],[null],False,running,12.610014,False,False,False,False
calibration,20,True,baseline_GP.marine_knownmap_runtime_2usv._joint_assign_two_usv_segments,baseline_GP_mainline_planner,False,13.928105210648244,"[0, 1]",False,"[27, 12]","[53, 40]","[[19, 13], [20, 13], [21, 13], [22, 13], [23, 13], [24, 13], [25, 13], [26, 13], [27, 13]]","[[53, 3], [53, 4], [53, 5], [53, 6], [53, 7], [53, 8], [53, 9], [53, 10], [53, 11]]","[20, 13]","[53, 4]","[23, 13]","[53, 7]",baseline_GP_planner_committed_segment_lookahead,True,"{""0"": {""commit_remaining"": 4, ""committed_segment"": [[19, 13], [20, 13], [21, 13], [22, 13], [23, 13], [24, 13], [25, 13], [26, 13], [27, 13]], ""robot_pos"": [19, 13]}, ""1"": {""commit_remaining"": 4, ""committed_segment"": [[53, 3], [53, 4], [53, 5], [53, 6], [53, 7], [53, 8], [53, 9], [53, 10], [53, 11]], ""robot_pos"": [53, 3]}}","{""0"": {""commit_remaining"": 3, ""committed_segment"": [[20, 13], [21, 13], [22, 13], [23, 13], [24, 13], [25, 13], [26, 13], [27, 13]], ""robot_pos"": [20, 13]}, ""1"": {""commit_remaining"": 3, ""committed_segment"": [[53, 4], [53, 5], [53, 6], [53, 7], [53, 8], [53, 9], [53, 10], [53, 11]], ""robot_pos"": [53, 4]}}","{""0"": {""collision"": false, ""collision_cell"": null, ""move_success"": true, ""new_robot_pos"": [20, 13]}, ""1"": {""collision"": false, ""collision_cell"": null, ""move_success"": true, ""new_robot_pos"": [53, 4]}}","{""arrived"": {""0"": true, ""1"": true}, ""final_by_usv"": {""0"": {""arrived"": true, ""final_distance_to_target_m"": 3.601019353028349, ""final_projected_cell"": [20, 13], ""last_known_world"": [-270.0338134765625, 203.60086059570312, 0.17722873389720917], ""observer_pose_source"": ""live_location_sensor"", ""orientation_source"": ""live_orientation_sensor"", ""projection_matches_target"": true, ""standoff_anchor_cell"": [23, 13], ""standoff_anchor_world"": [-270.0, 170.0, 0.0], ""target_cell"": [20, 13], ""target_world"": [-270.0, 200.0, 0.0]}, ""1"": {""arrived"": true, ""final_distance_to_target_m"": 2.087186186233969, ""final_projected_cell"": [53, 4], ""last_known_world"": [-362.0161437988281, -130.5399169921875, 0.19620133936405182], ""observer_pose_source"": ""live_location_sensor"", ""orientation_source"": ""live_orientation_sensor"", ""projection_matches_target"": true, ""standoff_anchor_cell"": [53, 7], ""standoff_anchor_world"": [-330.0, -130.0, 0.0], ""target_cell"": [53, 4], ""target_world"": [-360.0, -130.0, 0.0]}}, ""per_step_fallback_counts"": {""0"": 0, ""1"": 0}, ""policy_step"": 20, ""run_kind"": ""calibration"", ""standoff_anchor_cells"": {""0"": [23, 13], ""1"": [53, 7]}, ""standoff_anchor_world"": {""0"": [-270.0, 170.0, 0.0], ""1"": [-330.0, -130.0, 0.0]}, ""step_min_inter_vessel_distance_m"": 346.5487761558933, ""step_ticks"": 351, ""target_cells"": {""0"": [20, 13], ""1"": [53, 4]}, ""target_world"": {""0"": [-270.0, 200.0, 0.0], ""1"": [-360.0, -130.0, 0.0]}, ""timeout"": false}",True,False,True,[],[false],[null],False,running,11.858526,False,False,False,False
target,1,True,baseline_GP.marine_knownmap_runtime_2usv._joint_assign_two_usv_segments,baseline_GP_mainline_planner,False,6.486486486486487,"[0, 1]",False,"[16, 39]","[53, 39]","[[25, 2], [24, 2], [23, 2], [22, 2], [21, 2], [20, 2], [19, 2], [18, 2], [17, 2]]","[[35, 2], [36, 2], [37, 2], [38, 2], [39, 2], [40, 2], [41, 2], [42, 2], [43, 2]]","[24, 2]","[36, 2]","[21, 2]","[39, 2]",baseline_GP_planner_committed_segment_lookahead,True,"{""0"": {""commit_remaining"": 4, ""committed_segment"": [[25, 2], [24, 2], [23, 2], [22, 2], [21, 2], [20, 2], [19, 2], [18, 2], [17, 2]], ""robot_pos"": [25, 2]}, ""1"": {""commit_remaining"": 4, ""committed_segment"": [[35, 2], [36, 2], [37, 2], [38, 2], [39, 2], [40, 2], [41, 2], [42, 2], [43, 2]], ""robot_pos"": [35, 2]}}","{""0"": {""commit_remaining"": 3, ""committed_segment"": [[24, 2], [23, 2], [22, 2], [21, 2], [20, 2], [19, 2], [18, 2], [17, 2]], ""robot_pos"": [24, 2]}, ""1"": {""commit_remaining"": 3, ""committed_segment"": [[36, 2], [37, 2], [38, 2], [39, 2], [40, 2], [41, 2], [42, 2], [43, 2]], ""robot_pos"": [36, 2]}}","{""0"": {""collision"": false, ""collision_cell"": null, ""move_success"": true, ""new_robot_pos"": [24, 2]}, ""1"": {""collision"": false, ""collision_cell"": null, ""move_success"": true, ""new_robot_pos"": [36, 2]}}","{""arrived"": {""0"": true, ""1"": true}, ""final_by_usv"": {""0"": {""arrived"": true, ""final_distance_to_target_m"": 3.717452634028572, ""final_projected_cell"": [24, 2], ""last_known_world"": [-379.8776550292969, 156.28456115722656, 0.19549612700939178], ""observer_pose_source"": ""live_location_sensor"", ""orientation_source"": ""live_orientation_sensor"", ""projection_matches_target"": true, ""standoff_anchor_cell"": [21, 2], ""standoff_anchor_world"": [-380.0, 190.0, 0.0], ""target_cell"": [24, 2], ""target_world"": [-380.0, 160.0, 0.0]}, ""1"": {""arrived"": true, ""final_distance_to_target_m"": 3.761086230830034, ""final_projected_cell"": [36, 2], ""last_known_world"": [-379.9422607421875, 43.760643005371094, 0.17321747541427612], ""observer_pose_source"": ""live_location_sensor"", ""orientation_source"": ""live_orientation_sensor"", ""projection_matches_target"": true, ""standoff_anchor_cell"": [39, 2], ""standoff_anchor_world"": [-380.0, 10.0, 0.0], ""target_cell"": [36, 2], ""target_world"": [-380.0, 40.0, 0.0]}}, ""per_step_fallback_counts"": {""0"": 0, ""1"": 0}, ""policy_step"": 1, ""run_kind"": ""target"", ""standoff_anchor_cells"": {""0"": [21, 2], ""1"": [39, 2]}, ""standoff_anchor_world"": {""0"": [-380.0, 190.0, 0.0], ""1"": [-380.0, 10.0, 0.0]}, ""step_min_inter_vessel_distance_m"": 99.95890808105469, ""step_ticks"": 339, ""target_cells"": {""0"": [24, 2], ""1"": [36, 2]}, ""target_world"": {""0"": [-380.0, 160.0, 0.0], ""1"": [-380.0, 40.0, 0.0]}, ""timeout"": false}",True,True,True,[],[false],[null],False,running,12.405956,False,False,False,False
target,2,True,baseline_GP.marine_knownmap_runtime_2usv._joint_assign_two_usv_segments,baseline_GP_mainline_planner,False,6.15,"[0, 1]",False,"[18, 41]","[54, 39]","[[24, 2], [23, 2], [22, 2], [21, 2], [20, 2], [19, 2], [18, 2], [18, 3], [18, 4]]","[[36, 2], [37, 2], [38, 2], [39, 2], [40, 2], [41, 2], [42, 2], [43, 2], [44, 2]]","[23, 2]","[37, 2]","[20, 2]","[40, 2]",baseline_GP_planner_committed_segment_lookahead,True,"{""0"": {""commit_remaining"": 4, ""committed_segment"": [[24, 2], [23, 2], [22, 2], [21, 2], [20, 2], [19, 2], [18, 2], [18, 3], [18, 4]], ""robot_pos"": [24, 2]}, ""1"": {""commit_remaining"": 4, ""committed_segment"": [[36, 2], [37, 2], [38, 2], [39, 2], [40, 2], [41, 2], [42, 2], [43, 2], [44, 2]], ""robot_pos"": [36, 2]}}","{""0"": {""commit_remaining"": 3, ""committed_segment"": [[23, 2], [22, 2], [21, 2], [20, 2], [19, 2], [18, 2], [18, 3], [18, 4]], ""robot_pos"": [23, 2]}, ""1"": {""commit_remaining"": 3, ""committed_segment"": [[37, 2], [38, 2], [39, 2], [40, 2], [41, 2], [42, 2], [43, 2], [44, 2]], ""robot_pos"": [37, 2]}}","{""0"": {""collision"": false, ""collision_cell"": null, ""move_success"": true, ""new_robot_pos"": [23, 2]}, ""1"": {""collision"": false, ""collision_cell"": null, ""move_success"": true, ""new_robot_pos"": [37, 2]}}","{""arrived"": {""0"": true, ""1"": true}, ""final_by_usv"": {""0"": {""arrived"": true, ""final_distance_to_target_m"": 4.457148506439437, ""final_projected_cell"": [23, 2], ""last_known_world"": [-379.0644836425781, 165.6421356201172, 0.19386297464370728], ""observer_pose_source"": ""live_location_sensor"", ""orientation_source"": ""live_orientation_sensor"", ""projection_matches_target"": true, ""standoff_anchor_cell"": [20, 2], ""standoff_anchor_world"": [-380.0, 200.0, 0.0], ""target_cell"": [23, 2], ""target_world"": [-380.0, 170.0, 0.0]}, ""1"": {""arrived"": true, ""final_distance_to_target_m"": 3.4758536351325455, ""final_projected_cell"": [37, 2], ""last_known_world"": [-382.24493408203125, 32.65364456176758, 0.18998560309410095], ""observer_pose_source"": ""live_location_sensor"", ""orientation_source"": ""live_orientation_sensor"", ""projection_matches_target"": true, ""standoff_anchor_cell"": [40, 2], ""standoff_anchor_world"": [-380.0, 0.0, 0.0], ""target_cell"": [37, 2], ""target_world"": [-380.0, 30.0, 0.0]}}, ""per_step_fallback_counts"": {""0"": 0, ""1"": 0}, ""policy_step"": 2, ""run_kind"": ""target"", ""standoff_anchor_cells"": {""0"": [20, 2], ""1"": [40, 2]}, ""standoff_anchor_world"": {""0"": [-380.0, 200.0, 0.0], ""1"": [-380.0, 0.0, 0.0]}, ""step_min_inter_vessel_distance_m"": 112.53772914872711, ""step_ticks"": 359, ""target_cells"": {""0"": [23, 2], ""1"": [37, 2]}, ""target_world"": {""0"": [-380.0, 170.0, 0.0], ""1"": [-380.0, 30.0, 0.0]}, ""timeout"": false}",True,True,True,[],[false],[null],False,running,13.112046,False,False,False,False
target,3,True,baseline_GP.marine_knownmap_runtime_2usv._joint_assign_two_usv_segments,baseline_GP_mainline_planner,False,6.15,"[0, 1]",False,"[18, 41]","[54, 40]","[[23, 2], [22, 2], [21, 2], [20, 2], [19, 2], [18, 2], [18, 3], [18, 4], [18, 5]]","[[37, 2], [38, 2], [39, 2], [40, 2], [41, 2], [42, 2], [43, 2], [44, 2], [45, 2]]","[22, 2]","[38, 2]","[19, 2]","[41, 2]",baseline_GP_planner_committed_segment_lookahead,True,"{""0"": {""commit_remaining"": 4, ""committed_segment"": [[23, 2], [22, 2], [21, 2], [20, 2], [19, 2], [18, 2], [18, 3], [18, 4], [18, 5]], ""robot_pos"": [23, 2]}, ""1"": {""commit_remaining"": 4, ""committed_segment"": [[37, 2], [38, 2], [39, 2], [40, 2], [41, 2], [42, 2], [43, 2], [44, 2], [45, 2]], ""robot_pos"": [37, 2]}}","{""0"": {""commit_remaining"": 3, ""committed_segment"": [[22, 2], [21, 2], [20, 2], [19, 2], [18, 2], [18, 3], [18, 4], [18, 5]], ""robot_pos"": [22, 2]}, ""1"": {""commit_remaining"": 3, ""committed_segment"": [[38, 2], [39, 2], [40, 2], [41, 2], [42, 2], [43, 2], [44, 2], [45, 2]], ""robot_pos"": [38, 2]}}","{""0"": {""collision"": false, ""collision_cell"": null, ""move_success"": true, ""new_robot_pos"": [22, 2]}, ""1"": {""collision"": false, ""collision_cell"": null, ""move_success"": true, ""new_robot_pos"": [38, 2]}}","{""arrived"": {""0"": true, ""1"": true}, ""final_by_usv"": {""0"": {""arrived"": true, ""final_distance_to_target_m"": 3.5072555096131084, ""final_projected_cell"": [22, 2], ""last_known_world"": [-381.4744567871094, 176.81773376464844, 0.19530433416366577], ""observer_pose_source"": ""live_location_sensor"", ""orientation_source"": ""live_orientation_sensor"", ""projection_matches_target"": true, ""standoff_anchor_cell"": [19, 2], ""standoff_anchor_world"": [-380.0, 210.0, 0.0], ""target_cell"": [22, 2], ""target_world"": [-380.0, 180.0, 0.0]}, ""1"": {""arrived"": true, ""final_distance_to_target_m"": 3.5561326164340614, ""final_projected_cell"": [38, 2], ""last_known_world"": [-379.85107421875, 23.55301284790039, 0.17395398020744324], ""observer_pose_source"": ""live_location_sensor"", ""orientation_source"": ""live_orientation_sensor"", ""projection_matches_target"": true, ""standoff_anchor_cell"": [41, 2], ""standoff_anchor_world"": [-380.0, -10.0, 0.0], ""target_cell"": [38, 2], ""target_world"": [-380.0, 20.0, 0.0]}}, ""per_step_fallback_counts"": {""0"": 0, ""1"": 0}, ""policy_step"": 3, ""run_kind"": ""target"", ""standoff_anchor_cells"": {""0"": [19, 2], ""1"": [41, 2]}, ""standoff_anchor_world"": {""0"": [-380.0, 210.0, 0.0], ""1"": [-380.0, -10.0, 0.0]}, ""step_min_inter_vessel_distance_m"": 133.03711760015634, ""step_ticks"": 342, ""target_cells"": {""0"": [22, 2], ""1"": [38, 2]}, ""target_world"": {""0"": [-380.0, 180.0, 0.0], ""1"": [-380.0, 20.0, 0.0]}, ""timeout"": false}",True,True,True,[],[false],[null],False,running,12.516747,False,False,False,False
target,4,True,baseline_GP.marine_knownmap_runtime_2usv._joint_assign_two_usv_segments,baseline_GP_mainline_planner,False,6.15,"[0, 1]",False,"[18, 40]","[54, 40]","[[22, 2], [21, 2], [20, 2], [19, 2], [18, 2], [18, 3], [18, 4], [18, 5], [18, 6]]","[[38, 2], [39, 2], [40, 2], [41, 2], [42, 2], [43, 2], [44, 2], [45, 2], [46, 2]]","[21, 2]","[39, 2]","[18, 2]","[42, 2]",baseline_GP_planner_committed_segment_lookahead,True,"{""0"": {""commit_remaining"": 4, ""committed_segment"": [[22, 2], [21, 2], [20, 2], [19, 2], [18, 2], [18, 3], [18, 4], [18, 5], [18, 6]], ""robot_pos"": [22, 2]}, ""1"": {""commit_remaining"": 4, ""committed_segment"": [[38, 2], [39, 2], [40, 2], [41, 2], [42, 2], [43, 2], [44, 2], [45, 2], [46, 2]], ""robot_pos"": [38, 2]}}","{""0"": {""commit_remaining"": 3, ""committed_segment"": [[21, 2], [20, 2], [19, 2], [18, 2], [18, 3], [18, 4], [18, 5], [18, 6]], ""robot_pos"": [21, 2]}, ""1"": {""commit_remaining"": 3, ""committed_segment"": [[39, 2], [40, 2], [41, 2], [42, 2], [43, 2], [44, 2], [45, 2], [46, 2]], ""robot_pos"": [39, 2]}}","{""0"": {""collision"": false, ""collision_cell"": null, ""move_success"": true, ""new_robot_pos"": [21, 2]}, ""1"": {""collision"": false, ""collision_cell"": null, ""move_success"": true, ""new_robot_pos"": [39, 2]}}","{""arrived"": {""0"": true, ""1"": true}, ""final_by_usv"": {""0"": {""arrived"": true, ""final_distance_to_target_m"": 4.312586606109949, ""final_projected_cell"": [21, 2], ""last_known_world"": [-383.3971862792969, 187.34339904785156, 0.18256108462810516], ""observer_pose_source"": ""live_location_sensor"", ""orientation_source"": ""live_orientation_sensor"", ""projection_matches_target"": true, ""standoff_anchor_cell"": [18, 2], ""standoff_anchor_world"": [-380.0, 220.0, 0.0], ""target_cell"": [21, 2], ""target_world"": [-380.0, 190.0, 0.0]}, ""1"": {""arrived"": true, ""final_distance_to_target_m"": 1.7496069142248787, ""final_projected_cell"": [39, 2], ""last_known_world"": [-378.99029541015625, 11.428853034973145, 0.17935720086097717], ""observer_pose_source"": ""live_location_sensor"", ""orientation_source"": ""live_orientation_sensor"", ""projection_matches_target"": true, ""standoff_anchor_cell"": [42, 2], ""standoff_anchor_world"": [-380.0, -20.0, 0.0], ""target_cell"": [39, 2], ""target_world"": [-380.0, 10.0, 0.0]}}, ""per_step_fallback_counts"": {""0"": 0, ""1"": 0}, ""policy_step"": 4, ""run_kind"": ""target"", ""standoff_anchor_cells"": {""0"": [18, 2], ""1"": [42, 2]}, ""standoff_anchor_world"": {""0"": [-380.0, 220.0, 0.0], ""1"": [-380.0, -20.0, 0.0]}, ""step_min_inter_vessel_distance_m"": 153.28958817455603, ""step_ticks"": 347, ""target_cells"": {""0"": [21, 2], ""1"": [39, 2]}, ""target_world"": {""0"": [-380.0, 190.0, 0.0], ""1"": [-380.0, 10.0, 0.0]}, ""timeout"": false}",True,True,True,[],[false],[null],False,running,12.619676,False,False,False,False
target,5,True,baseline_GP.marine_knownmap_runtime_2usv._joint_assign_two_usv_segments,baseline_GP_mainline_planner,False,8.5,"[0, 1]",False,"[18, 40]","[54, 40]","[[21, 2], [20, 2], [19, 2], [18, 2], [18, 3], [18, 4], [18, 5], [18, 6], [18, 7]]","[[39, 2], [40, 2], [41, 2], [42, 2], [43, 2], [44, 2], [45, 2], [46, 2], [47, 2]]","[20, 2]","[40, 2]","[18, 3]","[43, 2]",baseline_GP_planner_committed_segment_lookahead,True,"{""0"": {""commit_remaining"": 4, ""committed_segment"": [[21, 2], [20, 2], [19, 2], [18, 2], [18, 3], [18, 4], [18, 5], [18, 6], [18, 7]], ""robot_pos"": [21, 2]}, ""1"": {""commit_remaining"": 4, ""committed_segment"": [[39, 2], [40, 2], [41, 2], [42, 2], [43, 2], [44, 2], [45, 2], [46, 2], [47, 2]], ""robot_pos"": [39, 2]}}","{""0"": {""commit_remaining"": 3, ""committed_segment"": [[20, 2], [19, 2], [18, 2], [18, 3], [18, 4], [18, 5], [18, 6], [18, 7]], ""robot_pos"": [20, 2]}, ""1"": {""commit_remaining"": 3, ""committed_segment"": [[40, 2], [41, 2], [42, 2], [43, 2], [44, 2], [45, 2], [46, 2], [47, 2]], ""robot_pos"": [40, 2]}}","{""0"": {""collision"": false, ""collision_cell"": null, ""move_success"": true, ""new_robot_pos"": [20, 2]}, ""1"": {""collision"": false, ""collision_cell"": null, ""move_success"": true, ""new_robot_pos"": [40, 2]}}","{""arrived"": {""0"": true, ""1"": true}, ""final_by_usv"": {""0"": {""arrived"": true, ""final_distance_to_target_m"": 3.658783709762894, ""final_projected_cell"": [20, 2], ""last_known_world"": [-382.2413330078125, 197.10809326171875, 0.1947331428527832], ""observer_pose_source"": ""live_location_sensor"", ""orientation_source"": ""live_orientation_sensor"", ""projection_matches_target"": true, ""standoff_anchor_cell"": [18, 3], ""standoff_anchor_world"": [-370.0, 220.0, 0.0], ""target_cell"": [20, 2], ""target_world"": [-380.0, 200.0, 0.0]}, ""1"": {""arrived"": true, ""final_distance_to_target_m"": 4.043994619866089, ""final_projected_cell"": [40, 2], ""last_known_world"": [-377.0699462890625, 2.7872347831726074, 0.17072227597236633], ""observer_pose_source"": ""live_location_sensor"", ""orientation_source"": ""live_orientation_sensor"", ""projection_matches_target"": true, ""standoff_anchor_cell"": [43, 2], ""standoff_anchor_world"": [-380.0, -30.0, 0.0], ""target_cell"": [40, 2], ""target_world"": [-380.0, 0.0, 0.0]}}, ""per_step_fallback_counts"": {""0"": 0, ""1"": 0}, ""policy_step"": 5, ""run_kind"": ""target"", ""standoff_anchor_cells"": {""0"": [18, 3], ""1"": [43, 2]}, ""standoff_anchor_world"": {""0"": [-370.0, 220.0, 0.0], ""1"": [-380.0, -30.0, 0.0]}, ""step_min_inter_vessel_distance_m"": 175.99600606254188, ""step_ticks"": 331, ""target_cells"": {""0"": [20, 2], ""1"": [40, 2]}, ""target_world"": {""0"": [-380.0, 200.0, 0.0], ""1"": [-380.0, 0.0, 0.0]}, ""timeout"": false}",True,True,True,[],[false],[null],False,running,12.080567,False,False,False,False
target,6,True,baseline_GP.marine_knownmap_runtime_2usv._joint_assign_two_usv_segments,baseline_GP_mainline_planner,False,8.5,"[0, 1]",False,"[18, 41]","[54, 40]","[[20, 2], [19, 2], [18, 2], [18, 3], [18, 4], [18, 5], [18, 6], [18, 7], [18, 8]]","[[40, 2], [41, 2], [42, 2], [43, 2], [44, 2], [45, 2], [46, 2], [47, 2], [48, 2]]","[19, 2]","[41, 2]","[18, 4]","[44, 2]",baseline_GP_planner_committed_segment_lookahead,True,"{""0"": {""commit_remaining"": 4, ""committed_segment"": [[20, 2], [19, 2], [18, 2], [18, 3], [18, 4], [18, 5], [18, 6], [18, 7], [18, 8]], ""robot_pos"": [20, 2]}, ""1"": {""commit_remaining"": 4, ""committed_segment"": [[40, 2], [41, 2], [42, 2], [43, 2], [44, 2], [45, 2], [46, 2], [47, 2], [48, 2]], ""robot_pos"": [40, 2]}}","{""0"": {""commit_remaining"": 3, ""committed_segment"": [[19, 2], [18, 2], [18, 3], [18, 4], [18, 5], [18, 6], [18, 7], [18, 8]], ""robot_pos"": [19, 2]}, ""1"": {""commit_remaining"": 3, ""committed_segment"": [[41, 2], [42, 2], [43, 2], [44, 2], [45, 2], [46, 2], [47, 2], [48, 2]], ""robot_pos"": [41, 2]}}","{""0"": {""collision"": false, ""collision_cell"": null, ""move_success"": true, ""new_robot_pos"": [19, 2]}, ""1"": {""collision"": false, ""collision_cell"": null, ""move_success"": true, ""new_robot_pos"": [41, 2]}}","{""arrived"": {""0"": true, ""1"": true}, ""final_by_usv"": {""0"": {""arrived"": true, ""final_distance_to_target_m"": 3.128970530233037, ""final_projected_cell"": [19, 2], ""last_known_world"": [-380.8175964355469, 206.979736328125, 0.20659752190113068], ""observer_pose_source"": ""live_location_sensor"", ""orientation_source"": ""live_orientation_sensor"", ""projection_matches_target"": true, ""standoff_anchor_cell"": [18, 4], ""standoff_anchor_world"": [-360.0, 220.0, 0.0], ""target_cell"": [19, 2], ""target_world"": [-380.0, 210.0, 0.0]}, ""1"": {""arrived"": true, ""final_distance_to_target_m"": 3.5954580352345817, ""final_projected_cell"": [41, 2], ""last_known_world"": [-377.785400390625, -7.1675333976745605, 0.1735483556985855], ""observer_pose_source"": ""live_location_sensor"", ""orientation_source"": ""live_orientation_sensor"", ""projection_matches_target"": true, ""standoff_anchor_cell"": [44, 2], ""standoff_anchor_world"": [-380.0, -40.0, 0.0], ""target_cell"": [41, 2], ""target_world"": [-380.0, -10.0, 0.0]}}, ""per_step_fallback_counts"": {""0"": 0, ""1"": 0}, ""policy_step"": 6, ""run_kind"": ""target"", ""standoff_anchor_cells"": {""0"": [18, 4], ""1"": [44, 2]}, ""standoff_anchor_world"": {""0"": [-360.0, 220.0, 0.0], ""1"": [-380.0, -40.0, 0.0]}, ""step_min_inter_vessel_distance_m"": 194.4178138488467, ""step_ticks"": 332, ""target_cells"": {""0"": [19, 2], ""1"": [41, 2]}, ""target_world"": {""0"": [-380.0, 210.0, 0.0], ""1"": [-380.0, -10.0, 0.0]}, ""timeout"": false}",True,True,True,[],[false],[null],False,running,12.098825,False,False,False,False
target,7,True,baseline_GP.marine_knownmap_runtime_2usv._joint_assign_two_usv_segments,baseline_GP_mainline_planner,False,8.5,"[0, 1]",False,"[18, 41]","[55, 38]","[[19, 2], [18, 2], [18, 3], [18, 4], [18, 5], [18, 6], [18, 7], [18, 8], [18, 9]]","[[41, 2], [42, 2], [43, 2], [44, 2], [45, 2], [46, 2], [47, 2], [48, 2], [49, 2]]","[18, 2]","[42, 2]","[18, 5]","[45, 2]",baseline_GP_planner_committed_segment_lookahead,True,"{""0"": {""commit_remaining"": 4, ""committed_segment"": [[19, 2], [18, 2], [18, 3], [18, 4], [18, 5], [18, 6], [18, 7], [18, 8], [18, 9]], ""robot_pos"": [19, 2]}, ""1"": {""commit_remaining"": 4, ""committed_segment"": [[41, 2], [42, 2], [43, 2], [44, 2], [45, 2], [46, 2], [47, 2], [48, 2], [49, 2]], ""robot_pos"": [41, 2]}}","{""0"": {""commit_remaining"": 3, ""committed_segment"": [[18, 2], [18, 3], [18, 4], [18, 5], [18, 6], [18, 7], [18, 8], [18, 9]], ""robot_pos"": [18, 2]}, ""1"": {""commit_remaining"": 3, ""committed_segment"": [[42, 2], [43, 2], [44, 2], [45, 2], [46, 2], [47, 2], [48, 2], [49, 2]], ""robot_pos"": [42, 2]}}","{""0"": {""collision"": false, ""collision_cell"": null, ""move_success"": true, ""new_robot_pos"": [18, 2]}, ""1"": {""collision"": false, ""collision_cell"": null, ""move_success"": true, ""new_robot_pos"": [42, 2]}}","{""arrived"": {""0"": true, ""1"": true}, ""final_by_usv"": {""0"": {""arrived"": true, ""final_distance_to_target_m"": 4.529264828124224, ""final_projected_cell"": [18, 2], ""last_known_world"": [-378.30743408203125, 215.7988739013672, 0.18575583398342133], ""observer_pose_source"": ""live_location_sensor"", ""orientation_source"": ""live_orientation_sensor"", ""projection_matches_target"": true, ""standoff_anchor_cell"": [18, 5], ""standoff_anchor_world"": [-350.0, 220.0, 0.0], ""target_cell"": [18, 2], ""target_world"": [-380.0, 220.0, 0.0]}, ""1"": {""arrived"": true, ""final_distance_to_target_m"": 3.5495181996376934, ""final_projected_cell"": [42, 2], ""last_known_world"": [-377.20440673828125, -17.812824249267578, 0.17388832569122314], ""observer_pose_source"": ""live_location_sensor"", ""orientation_source"": ""live_orientation_sensor"", ""projection_matches_target"": true, ""standoff_anchor_cell"": [45, 2], ""standoff_anchor_world"": [-380.0, -50.0, 0.0], ""target_cell"": [42, 2], ""target_world"": [-380.0, -20.0, 0.0]}}, ""per_step_fallback_counts"": {""0"": 0, ""1"": 0}, ""policy_step"": 7, ""run_kind"": ""target"", ""standoff_anchor_cells"": {""0"": [18, 5], ""1"": [45, 2]}, ""standoff_anchor_world"": {""0"": [-350.0, 220.0, 0.0], ""1"": [-380.0, -50.0, 0.0]}, ""step_min_inter_vessel_distance_m"": 214.19631398646624, ""step_ticks"": 340, ""target_cells"": {""0"": [18, 2], ""1"": [42, 2]}, ""target_world"": {""0"": [-380.0, 220.0, 0.0], ""1"": [-380.0, -20.0, 0.0]}, ""timeout"": false}",True,True,True,[],[false],[null],False,running,12.38476,False,False,False,False
target,8,True,baseline_GP.marine_knownmap_runtime_2usv._joint_assign_two_usv_segments,baseline_GP_mainline_planner,False,8.5,"[0, 1]",False,"[18, 42]","[54, 40]","[[18, 2], [18, 3], [18, 4], [18, 5], [18, 6], [18, 7], [18, 8], [18, 9], [18, 10]]","[[42, 2], [43, 2], [44, 2], [45, 2], [46, 2], [47, 2], [48, 2], [49, 2], [50, 2]]","[18, 3]","[43, 2]","[18, 6]","[46, 2]",baseline_GP_planner_committed_segment_lookahead,True,"{""0"": {""commit_remaining"": 4, ""committed_segment"": [[18, 2], [18, 3], [18, 4], [18, 5], [18, 6], [18, 7], [18, 8], [18, 9], [18, 10]], ""robot_pos"": [18, 2]}, ""1"": {""commit_remaining"": 4, ""committed_segment"": [[42, 2], [43, 2], [44, 2], [45, 2], [46, 2], [47, 2], [48, 2], [49, 2], [50, 2]], ""robot_pos"": [42, 2]}}","{""0"": {""commit_remaining"": 3, ""committed_segment"": [[18, 3], [18, 4], [18, 5], [18, 6], [18, 7], [18, 8], [18, 9], [18, 10]], ""robot_pos"": [18, 3]}, ""1"": {""commit_remaining"": 3, ""committed_segment"": [[43, 2], [44, 2], [45, 2], [46, 2], [47, 2], [48, 2], [49, 2], [50, 2]], ""robot_pos"": [43, 2]}}","{""0"": {""collision"": false, ""collision_cell"": null, ""move_success"": true, ""new_robot_pos"": [18, 3]}, ""1"": {""collision"": false, ""collision_cell"": null, ""move_success"": true, ""new_robot_pos"": [43, 2]}}","{""arrived"": {""0"": true, ""1"": true}, ""final_by_usv"": {""0"": {""arrived"": true, ""final_distance_to_target_m"": 2.185926266596031, ""final_projected_cell"": [18, 3], ""last_known_world"": [-371.9910888671875, 220.90213012695312, 0.19697999954223633], ""observer_pose_source"": ""live_location_sensor"", ""orientation_source"": ""live_orientation_sensor"", ""projection_matches_target"": true, ""standoff_anchor_cell"": [18, 6], ""standoff_anchor_world"": [-340.0, 220.0, 0.0], ""target_cell"": [18, 3], ""target_world"": [-370.0, 220.0, 0.0]}, ""1"": {""arrived"": true, ""final_distance_to_target_m"": 3.874354642228657, ""final_projected_cell"": [43, 2], ""last_known_world"": [-377.1002502441406, -27.43054962158203, 0.17421962320804596], ""observer_pose_source"": ""live_location_sensor"", ""orientation_source"": ""live_orientation_sensor"", ""projection_matches_target"": true, ""standoff_anchor_cell"": [46, 2], ""standoff_anchor_world"": [-380.0, -60.0, 0.0], ""target_cell"": [43, 2], ""target_world"": [-380.0, -30.0, 0.0]}}, ""per_step_fallback_counts"": {""0"": 0, ""1"": 0}, ""policy_step"": 8, ""run_kind"": ""target"", ""standoff_anchor_cells"": {""0"": [18, 6], ""1"": [46, 2]}, ""standoff_anchor_world"": {""0"": [-340.0, 220.0, 0.0], ""1"": [-380.0, -60.0, 0.0]}, ""step_min_inter_vessel_distance_m"": 233.62839551489267, ""step_ticks"": 330, ""target_cells"": {""0"": [18, 3], ""1"": [43, 2]}, ""target_world"": {""0"": [-370.0, 220.0, 0.0], ""1"": [-380.0, -30.0, 0.0]}, ""timeout"": false}",True,True,True,[],[false],[null],False,running,12.045529,False,False,False,False
target,9,True,baseline_GP.marine_knownmap_runtime_2usv._joint_assign_two_usv_segments,baseline_GP_mainline_planner,False,8.5,"[0, 1]",False,"[18, 43]","[54, 40]","[[18, 3], [18, 4], [18, 5], [18, 6], [18, 7], [18, 8], [18, 9], [18, 10], [18, 11]]","[[43, 2], [44, 2], [45, 2], [46, 2], [47, 2], [48, 2], [49, 2], [50, 2], [51, 2]]","[18, 4]","[44, 2]","[18, 7]","[47, 2]",baseline_GP_planner_committed_segment_lookahead,True,"{""0"": {""commit_remaining"": 4, ""committed_segment"": [[18, 3], [18, 4], [18, 5], [18, 6], [18, 7], [18, 8], [18, 9], [18, 10], [18, 11]], ""robot_pos"": [18, 3]}, ""1"": {""commit_remaining"": 4, ""committed_segment"": [[43, 2], [44, 2], [45, 2], [46, 2], [47, 2], [48, 2], [49, 2], [50, 2], [51, 2]], ""robot_pos"": [43, 2]}}","{""0"": {""commit_remaining"": 3, ""committed_segment"": [[18, 4], [18, 5], [18, 6], [18, 7], [18, 8], [18, 9], [18, 10], [18, 11]], ""robot_pos"": [18, 4]}, ""1"": {""commit_remaining"": 3, ""committed_segment"": [[44, 2], [45, 2], [46, 2], [47, 2], [48, 2], [49, 2], [50, 2], [51, 2]], ""robot_pos"": [44, 2]}}","{""0"": {""collision"": false, ""collision_cell"": null, ""move_success"": true, ""new_robot_pos"": [18, 4]}, ""1"": {""collision"": false, ""collision_cell"": null, ""move_success"": true, ""new_robot_pos"": [44, 2]}}","{""arrived"": {""0"": true, ""1"": true}, ""final_by_usv"": {""0"": {""arrived"": true, ""final_distance_to_target_m"": 4.181916573902528, ""final_projected_cell"": [18, 4], ""last_known_world"": [-362.62353515625, 223.25660705566406, 0.176652729511261], ""observer_pose_source"": ""live_location_sensor"", ""orientation_source"": ""live_orientation_sensor"", ""projection_matches_target"": true, ""standoff_anchor_cell"": [18, 7], ""standoff_anchor_world"": [-330.0, 220.0, 0.0], ""target_cell"": [18, 4], ""target_world"": [-360.0, 220.0, 0.0]}, ""1"": {""arrived"": true, ""final_distance_to_target_m"": 4.344984385706851, ""final_projected_cell"": [44, 2], ""last_known_world"": [-376.36492919921875, -37.619842529296875, 0.17196884751319885], ""observer_pose_source"": ""live_location_sensor"", ""orientation_source"": ""live_orientation_sensor"", ""projection_matches_target"": true, ""standoff_anchor_cell"": [47, 2], ""standoff_anchor_world"": [-380.0, -70.0, 0.0], ""target_cell"": [44, 2], ""target_world"": [-380.0, -40.0, 0.0]}}, ""per_step_fallback_counts"": {""0"": 0, ""1"": 0}, ""policy_step"": 9, ""run_kind"": ""target"", ""standoff_anchor_cells"": {""0"": [18, 7], ""1"": [47, 2]}, ""standoff_anchor_world"": {""0"": [-330.0, 220.0, 0.0], ""1"": [-380.0, -70.0, 0.0]}, ""step_min_inter_vessel_distance_m"": 248.40584932849472, ""step_ticks"": 342, ""target_cells"": {""0"": [18, 4], ""1"": [44, 2]}, ""target_world"": {""0"": [-360.0, 220.0, 0.0], ""1"": [-380.0, -40.0, 0.0]}, ""timeout"": false}",True,True,True,[],[false],[null],False,running,12.467511,False,False,False,False
target,10,True,baseline_GP.marine_knownmap_runtime_2usv._joint_assign_two_usv_segments,baseline_GP_mainline_planner,False,15.0,"[0, 1]",False,"[18, 34]","[55, 39]","[[18, 4], [18, 5], [18, 6], [18, 7], [18, 8], [18, 9], [18, 10], [18, 11], [18, 12]]","[[44, 2], [45, 2], [46, 2], [47, 2], [48, 2], [49, 2], [50, 2], [51, 2], [52, 2]]","[18, 5]","[45, 2]","[18, 8]","[48, 2]",baseline_GP_planner_committed_segment_lookahead,True,"{""0"": {""commit_remaining"": 4, ""committed_segment"": [[18, 4], [18, 5], [18, 6], [18, 7], [18, 8], [18, 9], [18, 10], [18, 11], [18, 12]], ""robot_pos"": [18, 4]}, ""1"": {""commit_remaining"": 4, ""committed_segment"": [[44, 2], [45, 2], [46, 2], [47, 2], [48, 2], [49, 2], [50, 2], [51, 2], [52, 2]], ""robot_pos"": [44, 2]}}","{""0"": {""commit_remaining"": 3, ""committed_segment"": [[18, 5], [18, 6], [18, 7], [18, 8], [18, 9], [18, 10], [18, 11], [18, 12]], ""robot_pos"": [18, 5]}, ""1"": {""commit_remaining"": 3, ""committed_segment"": [[45, 2], [46, 2], [47, 2], [48, 2], [49, 2], [50, 2], [51, 2], [52, 2]], ""robot_pos"": [45, 2]}}","{""0"": {""collision"": false, ""collision_cell"": null, ""move_success"": true, ""new_robot_pos"": [18, 5]}, ""1"": {""collision"": false, ""collision_cell"": null, ""move_success"": true, ""new_robot_pos"": [45, 2]}}","{""arrived"": {""0"": true, ""1"": true}, ""final_by_usv"": {""0"": {""arrived"": true, ""final_distance_to_target_m"": 3.641532741709852, ""final_projected_cell"": [18, 5], ""last_known_world"": [-353.5664978027344, 220.7354278564453, 0.18088588118553162], ""observer_pose_source"": ""live_location_sensor"", ""orientation_source"": ""live_orientation_sensor"", ""projection_matches_target"": true, ""standoff_anchor_cell"": [18, 8], ""standoff_anchor_world"": [-320.0, 220.0, 0.0], ""target_cell"": [18, 5], ""target_world"": [-350.0, 220.0, 0.0]}, ""1"": {""arrived"": true, ""final_distance_to_target_m"": 3.5449142705577836, ""final_projected_cell"": [45, 2], ""last_known_world"": [-378.5542297363281, -46.763309478759766, 0.17141108214855194], ""observer_pose_source"": ""live_location_sensor"", ""orientation_source"": ""live_orientation_sensor"", ""projection_matches_target"": true, ""standoff_anchor_cell"": [48, 2], ""standoff_anchor_world"": [-380.0, -80.0, 0.0], ""target_cell"": [45, 2], ""target_world"": [-380.0, -50.0, 0.0]}}, ""per_step_fallback_counts"": {""0"": 0, ""1"": 0}, ""policy_step"": 10, ""run_kind"": ""target"", ""standoff_anchor_cells"": {""0"": [18, 8], ""1"": [48, 2]}, ""standoff_anchor_world"": {""0"": [-320.0, 220.0, 0.0], ""1"": [-380.0, -80.0, 0.0]}, ""step_min_inter_vessel_distance_m"": 261.25575922206934, ""step_ticks"": 328, ""target_cells"": {""0"": [18, 5], ""1"": [45, 2]}, ""target_world"": {""0"": [-350.0, 220.0, 0.0], ""1"": [-380.0, -50.0, 0.0]}, ""timeout"": false}",True,True,True,[],[false],[null],False,running,12.025661,False,False,False,False
target,11,True,baseline_GP.marine_knownmap_runtime_2usv._joint_assign_two_usv_segments,baseline_GP_mainline_planner,False,8.5,"[0, 1]",False,"[18, 39]","[55, 39]","[[18, 5], [18, 6], [18, 7], [18, 8], [18, 9], [18, 10], [18, 11], [18, 12], [18, 13]]","[[45, 2], [46, 2], [47, 2], [48, 2], [49, 2], [50, 2], [51, 2], [52, 2], [53, 2]]","[18, 6]","[46, 2]","[18, 9]","[49, 2]",baseline_GP_planner_committed_segment_lookahead,True,"{""0"": {""commit_remaining"": 4, ""committed_segment"": [[18, 5], [18, 6], [18, 7], [18, 8], [18, 9], [18, 10], [18, 11], [18, 12], [18, 13]], ""robot_pos"": [18, 5]}, ""1"": {""commit_remaining"": 4, ""committed_segment"": [[45, 2], [46, 2], [47, 2], [48, 2], [49, 2], [50, 2], [51, 2], [52, 2], [53, 2]], ""robot_pos"": [45, 2]}}","{""0"": {""commit_remaining"": 3, ""committed_segment"": [[18, 6], [18, 7], [18, 8], [18, 9], [18, 10], [18, 11], [18, 12], [18, 13]], ""robot_pos"": [18, 6]}, ""1"": {""commit_remaining"": 3, ""committed_segment"": [[46, 2], [47, 2], [48, 2], [49, 2], [50, 2], [51, 2], [52, 2], [53, 2]], ""robot_pos"": [46, 2]}}","{""0"": {""collision"": false, ""collision_cell"": null, ""move_success"": true, ""new_robot_pos"": [18, 6]}, ""1"": {""collision"": false, ""collision_cell"": null, ""move_success"": true, ""new_robot_pos"": [46, 2]}}","{""arrived"": {""0"": true, ""1"": true}, ""final_by_usv"": {""0"": {""arrived"": true, ""final_distance_to_target_m"": 3.603802293265906, ""final_projected_cell"": [18, 6], ""last_known_world"": [-343.60040283203125, 220.156494140625, 0.18744102120399475], ""observer_pose_source"": ""live_location_sensor"", ""orientation_source"": ""live_orientation_sensor"", ""projection_matches_target"": true, ""standoff_anchor_cell"": [18, 9], ""standoff_anchor_world"": [-310.0, 220.0, 0.0], ""target_cell"": [18, 6], ""target_world"": [-340.0, 220.0, 0.0]}, ""1"": {""arrived"": true, ""final_distance_to_target_m"": 3.4519165433650683, ""final_projected_cell"": [46, 2], ""last_known_world"": [-378.8630676269531, -56.74068832397461, 0.17379826307296753], ""observer_pose_source"": ""live_location_sensor"", ""orientation_source"": ""live_orientation_sensor"", ""projection_matches_target"": true, ""standoff_anchor_cell"": [49, 2], ""standoff_anchor_world"": [-380.0, -90.0, 0.0], ""target_cell"": [46, 2], ""target_world"": [-380.0, -60.0, 0.0]}}, ""per_step_fallback_counts"": {""0"": 0, ""1"": 0}, ""policy_step"": 11, ""run_kind"": ""target"", ""standoff_anchor_cells"": {""0"": [18, 9], ""1"": [49, 2]}, ""standoff_anchor_world"": {""0"": [-310.0, 220.0, 0.0], ""1"": [-380.0, -90.0, 0.0]}, ""step_min_inter_vessel_distance_m"": 268.68309937294754, ""step_ticks"": 332, ""target_cells"": {""0"": [18, 6], ""1"": [46, 2]}, ""target_world"": {""0"": [-340.0, 220.0, 0.0], ""1"": [-380.0, -60.0, 0.0]}, ""timeout"": false}",True,True,True,[],[false],[null],False,running,12.169223,False,False,False,False
target,12,True,baseline_GP.marine_knownmap_runtime_2usv._joint_assign_two_usv_segments,baseline_GP_mainline_planner,False,13.003397409972301,"[0, 1]",False,"[18, 39]","[55, 39]","[[18, 6], [18, 7], [18, 8], [18, 9], [18, 10], [18, 11], [18, 12], [18, 13], [18, 14]]","[[46, 2], [47, 2], [48, 2], [49, 2], [50, 2], [51, 2], [52, 2], [53, 2], [54, 2]]","[18, 7]","[47, 2]","[18, 10]","[50, 2]",baseline_GP_planner_committed_segment_lookahead,True,"{""0"": {""commit_remaining"": 4, ""committed_segment"": [[18, 6], [18, 7], [18, 8], [18, 9], [18, 10], [18, 11], [18, 12], [18, 13], [18, 14]], ""robot_pos"": [18, 6]}, ""1"": {""commit_remaining"": 4, ""committed_segment"": [[46, 2], [47, 2], [48, 2], [49, 2], [50, 2], [51, 2], [52, 2], [53, 2], [54, 2]], ""robot_pos"": [46, 2]}}","{""0"": {""commit_remaining"": 3, ""committed_segment"": [[18, 7], [18, 8], [18, 9], [18, 10], [18, 11], [18, 12], [18, 13], [18, 14]], ""robot_pos"": [18, 7]}, ""1"": {""commit_remaining"": 3, ""committed_segment"": [[47, 2], [48, 2], [49, 2], [50, 2], [51, 2], [52, 2], [53, 2], [54, 2]], ""robot_pos"": [47, 2]}}","{""0"": {""collision"": false, ""collision_cell"": null, ""move_success"": true, ""new_robot_pos"": [18, 7]}, ""1"": {""collision"": false, ""collision_cell"": null, ""move_success"": true, ""new_robot_pos"": [47, 2]}}","{""arrived"": {""0"": true, ""1"": true}, ""final_by_usv"": {""0"": {""arrived"": true, ""final_distance_to_target_m"": 3.5605902249686485, ""final_projected_cell"": [18, 7], ""last_known_world"": [-333.3765563964844, 221.12989807128906, 0.19567102193832397], ""observer_pose_source"": ""live_location_sensor"", ""orientation_source"": ""live_orientation_sensor"", ""projection_matches_target"": true, ""standoff_anchor_cell"": [18, 10], ""standoff_anchor_world"": [-300.0, 220.0, 0.0], ""target_cell"": [18, 7], ""target_world"": [-330.0, 220.0, 0.0]}, ""1"": {""arrived"": true, ""final_distance_to_target_m"": 3.7406998319817104, ""final_projected_cell"": [47, 2], ""last_known_world"": [-377.8239440917969, -66.95736694335938, 0.1784125119447708], ""observer_pose_source"": ""live_location_sensor"", ""orientation_source"": ""live_orientation_sensor"", ""projection_matches_target"": true, ""standoff_anchor_cell"": [50, 2], ""standoff_anchor_world"": [-380.0, -100.0, 0.0], ""target_cell"": [47, 2], ""target_world"": [-380.0, -70.0, 0.0]}}, ""per_step_fallback_counts"": {""0"": 0, ""1"": 0}, ""policy_step"": 12, ""run_kind"": ""target"", ""standoff_anchor_cells"": {""0"": [18, 10], ""1"": [50, 2]}, ""standoff_anchor_world"": {""0"": [-300.0, 220.0, 0.0], ""1"": [-380.0, -100.0, 0.0]}, ""step_min_inter_vessel_distance_m"": 279.15419694212756, ""step_ticks"": 334, ""target_cells"": {""0"": [18, 7], ""1"": [47, 2]}, ""target_world"": {""0"": [-330.0, 220.0, 0.0], ""1"": [-380.0, -70.0, 0.0]}, ""timeout"": false}",True,True,True,[],[false],[null],False,running,12.249285,False,False,False,False
target,13,True,baseline_GP.marine_knownmap_runtime_2usv._joint_assign_two_usv_segments,baseline_GP_mainline_planner,False,12.932511863747575,"[0, 1]",False,"[18, 39]","[55, 39]","[[18, 7], [18, 8], [18, 9], [18, 10], [18, 11], [18, 12], [18, 13], [18, 14], [18, 15]]","[[47, 2], [48, 2], [49, 2], [50, 2], [51, 2], [52, 2], [53, 2], [54, 2], [55, 2]]","[18, 8]","[48, 2]","[18, 11]","[51, 2]",baseline_GP_planner_committed_segment_lookahead,True,"{""0"": {""commit_remaining"": 4, ""committed_segment"": [[18, 7], [18, 8], [18, 9], [18, 10], [18, 11], [18, 12], [18, 13], [18, 14], [18, 15]], ""robot_pos"": [18, 7]}, ""1"": {""commit_remaining"": 4, ""committed_segment"": [[47, 2], [48, 2], [49, 2], [50, 2], [51, 2], [52, 2], [53, 2], [54, 2], [55, 2]], ""robot_pos"": [47, 2]}}","{""0"": {""commit_remaining"": 3, ""committed_segment"": [[18, 8], [18, 9], [18, 10], [18, 11], [18, 12], [18, 13], [18, 14], [18, 15]], ""robot_pos"": [18, 8]}, ""1"": {""commit_remaining"": 3, ""committed_segment"": [[48, 2], [49, 2], [50, 2], [51, 2], [52, 2], [53, 2], [54, 2], [55, 2]], ""robot_pos"": [48, 2]}}","{""0"": {""collision"": false, ""collision_cell"": null, ""move_success"": true, ""new_robot_pos"": [18, 8]}, ""1"": {""collision"": false, ""collision_cell"": null, ""move_success"": true, ""new_robot_pos"": [48, 2]}}","{""arrived"": {""0"": true, ""1"": true}, ""final_by_usv"": {""0"": {""arrived"": true, ""final_distance_to_target_m"": 3.7208678454384536, ""final_projected_cell"": [18, 8], ""last_known_world"": [-322.2939758300781, 222.92959594726562, 0.1787874400615692], ""observer_pose_source"": ""live_location_sensor"", ""orientation_source"": ""live_orientation_sensor"", ""projection_matches_target"": true, ""standoff_anchor_cell"": [18, 11], ""standoff_anchor_world"": [-290.0, 220.0, 0.0], ""target_cell"": [18, 8], ""target_world"": [-320.0, 220.0, 0.0]}, ""1"": {""arrived"": true, ""final_distance_to_target_m"": 4.307097729880756, ""final_projected_cell"": [48, 2], ""last_known_world"": [-376.369873046875, -77.68196868896484, 0.17173440754413605], ""observer_pose_source"": ""live_location_sensor"", ""orientation_source"": ""live_orientation_sensor"", ""projection_matches_target"": true, ""standoff_anchor_cell"": [51, 2], ""standoff_anchor_world"": [-380.0, -110.0, 0.0], ""target_cell"": [48, 2], ""target_world"": [-380.0, -80.0, 0.0]}}, ""per_step_fallback_counts"": {""0"": 0, ""1"": 0}, ""policy_step"": 13, ""run_kind"": ""target"", ""standoff_anchor_cells"": {""0"": [18, 11], ""1"": [51, 2]}, ""standoff_anchor_world"": {""0"": [-290.0, 220.0, 0.0], ""1"": [-380.0, -110.0, 0.0]}, ""step_min_inter_vessel_distance_m"": 291.5145844402489, ""step_ticks"": 350, ""target_cells"": {""0"": [18, 8], ""1"": [48, 2]}, ""target_world"": {""0"": [-320.0, 220.0, 0.0], ""1"": [-380.0, -80.0, 0.0]}, ""timeout"": false}",True,True,True,[],[false],[null],False,running,12.740776,False,False,False,False
target,14,True,baseline_GP.marine_knownmap_runtime_2usv._joint_assign_two_usv_segments,baseline_GP_mainline_planner,False,12.421484505307731,"[0, 1]",False,"[18, 39]","[56, 38]","[[18, 8], [18, 9], [18, 10], [18, 11], [18, 12], [18, 13], [18, 14], [18, 15], [18, 16]]","[[48, 2], [49, 2], [50, 2], [51, 2], [52, 2], [53, 2], [54, 2], [55, 2], [56, 2]]","[18, 9]","[49, 2]","[18, 12]","[52, 2]",baseline_GP_planner_committed_segment_lookahead,True,"{""0"": {""commit_remaining"": 4, ""committed_segment"": [[18, 8], [18, 9], [18, 10], [18, 11], [18, 12], [18, 13], [18, 14], [18, 15], [18, 16]], ""robot_pos"": [18, 8]}, ""1"": {""commit_remaining"": 4, ""committed_segment"": [[48, 2], [49, 2], [50, 2], [51, 2], [52, 2], [53, 2], [54, 2], [55, 2], [56, 2]], ""robot_pos"": [48, 2]}}","{""0"": {""commit_remaining"": 3, ""committed_segment"": [[18, 9], [18, 10], [18, 11], [18, 12], [18, 13], [18, 14], [18, 15], [18, 16]], ""robot_pos"": [18, 9]}, ""1"": {""commit_remaining"": 3, ""committed_segment"": [[49, 2], [50, 2], [51, 2], [52, 2], [53, 2], [54, 2], [55, 2], [56, 2]], ""robot_pos"": [49, 2]}}","{""0"": {""collision"": false, ""collision_cell"": null, ""move_success"": true, ""new_robot_pos"": [18, 9]}, ""1"": {""collision"": false, ""collision_cell"": null, ""move_success"": true, ""new_robot_pos"": [49, 2]}}","{""arrived"": {""0"": true, ""1"": true}, ""final_by_usv"": {""0"": {""arrived"": true, ""final_distance_to_target_m"": 3.3976734241379707, ""final_projected_cell"": [18, 9], ""last_known_world"": [-313.2281188964844, 221.05992126464844, 0.1824762225151062], ""observer_pose_source"": ""live_location_sensor"", ""orientation_source"": ""live_orientation_sensor"", ""projection_matches_target"": true, ""standoff_anchor_cell"": [18, 12], ""standoff_anchor_world"": [-280.0, 220.0, 0.0], ""target_cell"": [18, 9], ""target_world"": [-310.0, 220.0, 0.0]}, ""1"": {""arrived"": true, ""final_distance_to_target_m"": 3.6150837166934435, ""final_projected_cell"": [49, 2], ""last_known_world"": [-379.35882568359375, -86.44223022460938, 0.17315466701984406], ""observer_pose_source"": ""live_location_sensor"", ""orientation_source"": ""live_orientation_sensor"", ""projection_matches_target"": true, ""standoff_anchor_cell"": [52, 2], ""standoff_anchor_world"": [-380.0, -120.0, 0.0], ""target_cell"": [49, 2], ""target_world"": [-380.0, -90.0, 0.0]}}, ""per_step_fallback_counts"": {""0"": 0, ""1"": 0}, ""policy_step"": 14, ""run_kind"": ""target"", ""standoff_anchor_cells"": {""0"": [18, 12], ""1"": [52, 2]}, ""standoff_anchor_world"": {""0"": [-280.0, 220.0, 0.0], ""1"": [-380.0, -120.0, 0.0]}, ""step_min_inter_vessel_distance_m"": 305.4567169820892, ""step_ticks"": 327, ""target_cells"": {""0"": [18, 9], ""1"": [49, 2]}, ""target_world"": {""0"": [-310.0, 220.0, 0.0], ""1"": [-380.0, -90.0, 0.0]}, ""timeout"": false}",True,True,True,[],[false],[null],False,running,11.942396,False,False,False,False
target,15,True,baseline_GP.marine_knownmap_runtime_2usv._joint_assign_two_usv_segments,baseline_GP_mainline_planner,False,12.34375,"[0, 1]",False,"[18, 39]","[53, 41]","[[18, 9], [18, 10], [18, 11], [18, 12], [18, 13], [18, 14], [18, 15], [18, 16], [18, 17]]","[[49, 2], [50, 2], [51, 2], [52, 2], [53, 2], [53, 3], [53, 4], [53, 5], [53, 6]]","[18, 10]","[50, 2]","[18, 13]","[53, 2]",baseline_GP_planner_committed_segment_lookahead,True,"{""0"": {""commit_remaining"": 4, ""committed_segment"": [[18, 9], [18, 10], [18, 11], [18, 12], [18, 13], [18, 14], [18, 15], [18, 16], [18, 17]], ""robot_pos"": [18, 9]}, ""1"": {""commit_remaining"": 4, ""committed_segment"": [[49, 2], [50, 2], [51, 2], [52, 2], [53, 2], [53, 3], [53, 4], [53, 5], [53, 6]], ""robot_pos"": [49, 2]}}","{""0"": {""commit_remaining"": 3, ""committed_segment"": [[18, 10], [18, 11], [18, 12], [18, 13], [18, 14], [18, 15], [18, 16], [18, 17]], ""robot_pos"": [18, 10]}, ""1"": {""commit_remaining"": 3, ""committed_segment"": [[50, 2], [51, 2], [52, 2], [53, 2], [53, 3], [53, 4], [53, 5], [53, 6]], ""robot_pos"": [50, 2]}}","{""0"": {""collision"": false, ""collision_cell"": null, ""move_success"": true, ""new_robot_pos"": [18, 10]}, ""1"": {""collision"": false, ""collision_cell"": null, ""move_success"": true, ""new_robot_pos"": [50, 2]}}","{""arrived"": {""0"": true, ""1"": true}, ""final_by_usv"": {""0"": {""arrived"": true, ""final_distance_to_target_m"": 3.391497263168274, ""final_projected_cell"": [18, 10], ""last_known_world"": [-303.2465515136719, 220.98089599609375, 0.18999728560447693], ""observer_pose_source"": ""live_location_sensor"", ""orientation_source"": ""live_orientation_sensor"", ""projection_matches_target"": true, ""standoff_anchor_cell"": [18, 13], ""standoff_anchor_world"": [-270.0, 220.0, 0.0], ""target_cell"": [18, 10], ""target_world"": [-300.0, 220.0, 0.0]}, ""1"": {""arrived"": true, ""final_distance_to_target_m"": 3.640507681851224, ""final_projected_cell"": [50, 2], ""last_known_world"": [-380.3491516113281, -96.37627410888672, 0.17329908907413483], ""observer_pose_source"": ""live_location_sensor"", ""orientation_source"": ""live_orientation_sensor"", ""projection_matches_target"": true, ""standoff_anchor_cell"": [53, 2], ""standoff_anchor_world"": [-380.0, -130.0, 0.0], ""target_cell"": [50, 2], ""target_world"": [-380.0, -100.0, 0.0]}}, ""per_step_fallback_counts"": {""0"": 0, ""1"": 0}, ""policy_step"": 15, ""run_kind"": ""target"", ""standoff_anchor_cells"": {""0"": [18, 13], ""1"": [53, 2]}, ""standoff_anchor_world"": {""0"": [-270.0, 220.0, 0.0], ""1"": [-380.0, -130.0, 0.0]}, ""step_min_inter_vessel_distance_m"": 314.55421238962026, ""step_ticks"": 332, ""target_cells"": {""0"": [18, 10], ""1"": [50, 2]}, ""target_world"": {""0"": [-300.0, 220.0, 0.0], ""1"": [-380.0, -100.0, 0.0]}, ""timeout"": false}",True,True,True,[],[false],[null],False,running,12.149522,False,False,False,False
target,16,True,baseline_GP.marine_knownmap_runtime_2usv._joint_assign_two_usv_segments,baseline_GP_mainline_planner,False,14.68888888888889,"[0, 1]",False,"[18, 42]","[53, 41]","[[18, 10], [18, 11], [18, 12], [18, 13], [18, 14], [18, 15], [18, 16], [18, 17], [18, 18]]","[[50, 2], [51, 2], [52, 2], [53, 2], [53, 3], [53, 4], [53, 5], [53, 6], [53, 7]]","[18, 11]","[51, 2]","[18, 14]","[53, 3]",baseline_GP_planner_committed_segment_lookahead,True,"{""0"": {""commit_remaining"": 4, ""committed_segment"": [[18, 10], [18, 11], [18, 12], [18, 13], [18, 14], [18, 15], [18, 16], [18, 17], [18, 18]], ""robot_pos"": [18, 10]}, ""1"": {""commit_remaining"": 4, ""committed_segment"": [[50, 2], [51, 2], [52, 2], [53, 2], [53, 3], [53, 4], [53, 5], [53, 6], [53, 7]], ""robot_pos"": [50, 2]}}","{""0"": {""commit_remaining"": 3, ""committed_segment"": [[18, 11], [18, 12], [18, 13], [18, 14], [18, 15], [18, 16], [18, 17], [18, 18]], ""robot_pos"": [18, 11]}, ""1"": {""commit_remaining"": 3, ""committed_segment"": [[51, 2], [52, 2], [53, 2], [53, 3], [53, 4], [53, 5], [53, 6], [53, 7]], ""robot_pos"": [51, 2]}}","{""0"": {""collision"": false, ""collision_cell"": null, ""move_success"": true, ""new_robot_pos"": [18, 11]}, ""1"": {""collision"": false, ""collision_cell"": null, ""move_success"": true, ""new_robot_pos"": [51, 2]}}","{""arrived"": {""0"": true, ""1"": true}, ""final_by_usv"": {""0"": {""arrived"": true, ""final_distance_to_target_m"": 3.726989317414285, ""final_projected_cell"": [18, 11], ""last_known_world"": [-293.0440979003906, 222.15032958984375, 0.19619618356227875], ""observer_pose_source"": ""live_location_sensor"", ""orientation_source"": ""live_orientation_sensor"", ""projection_matches_target"": true, ""standoff_anchor_cell"": [18, 14], ""standoff_anchor_world"": [-260.0, 220.0, 0.0], ""target_cell"": [18, 11], ""target_world"": [-290.0, 220.0, 0.0]}, ""1"": {""arrived"": true, ""final_distance_to_target_m"": 3.401733006659978, ""final_projected_cell"": [51, 2], ""last_known_world"": [-379.5959777832031, -106.62234497070312, 0.17273154854774475], ""observer_pose_source"": ""live_location_sensor"", ""orientation_source"": ""live_orientation_sensor"", ""projection_matches_target"": true, ""standoff_anchor_cell"": [53, 3], ""standoff_anchor_world"": [-370.0, -130.0, 0.0], ""target_cell"": [51, 2], ""target_world"": [-380.0, -110.0, 0.0]}}, ""per_step_fallback_counts"": {""0"": 0, ""1"": 0}, ""policy_step"": 16, ""run_kind"": ""target"", ""standoff_anchor_cells"": {""0"": [18, 14], ""1"": [53, 3]}, ""standoff_anchor_world"": {""0"": [-260.0, 220.0, 0.0], ""1"": [-370.0, -130.0, 0.0]}, ""step_min_inter_vessel_distance_m"": 326.6103010174597, ""step_ticks"": 334, ""target_cells"": {""0"": [18, 11], ""1"": [51, 2]}, ""target_world"": {""0"": [-290.0, 220.0, 0.0], ""1"": [-380.0, -110.0, 0.0]}, ""timeout"": false}",True,True,True,[],[false],[null],False,running,12.230233,False,False,False,False
target,17,True,baseline_GP.marine_knownmap_runtime_2usv._joint_assign_two_usv_segments,baseline_GP_mainline_planner,False,14.676923076923078,"[0, 1]",False,"[18, 42]","[53, 41]","[[18, 11], [18, 12], [18, 13], [18, 14], [18, 15], [18, 16], [18, 17], [18, 18], [18, 19]]","[[51, 2], [52, 2], [53, 2], [53, 3], [53, 4], [53, 5], [53, 6], [53, 7], [53, 8]]","[18, 12]","[52, 2]","[18, 15]","[53, 4]",baseline_GP_planner_committed_segment_lookahead,True,"{""0"": {""commit_remaining"": 4, ""committed_segment"": [[18, 11], [18, 12], [18, 13], [18, 14], [18, 15], [18, 16], [18, 17], [18, 18], [18, 19]], ""robot_pos"": [18, 11]}, ""1"": {""commit_remaining"": 4, ""committed_segment"": [[51, 2], [52, 2], [53, 2], [53, 3], [53, 4], [53, 5], [53, 6], [53, 7], [53, 8]], ""robot_pos"": [51, 2]}}","{""0"": {""commit_remaining"": 3, ""committed_segment"": [[18, 12], [18, 13], [18, 14], [18, 15], [18, 16], [18, 17], [18, 18], [18, 19]], ""robot_pos"": [18, 12]}, ""1"": {""commit_remaining"": 3, ""committed_segment"": [[52, 2], [53, 2], [53, 3], [53, 4], [53, 5], [53, 6], [53, 7], [53, 8]], ""robot_pos"": [52, 2]}}","{""0"": {""collision"": false, ""collision_cell"": null, ""move_success"": true, ""new_robot_pos"": [18, 12]}, ""1"": {""collision"": false, ""collision_cell"": null, ""move_success"": true, ""new_robot_pos"": [52, 2]}}","{""arrived"": {""0"": true, ""1"": true}, ""final_by_usv"": {""0"": {""arrived"": true, ""final_distance_to_target_m"": 4.3288452796546295, ""final_projected_cell"": [18, 12], ""last_known_world"": [-282.33660888671875, 223.64405822753906, 0.17524462938308716], ""observer_pose_source"": ""live_location_sensor"", ""orientation_source"": ""live_orientation_sensor"", ""projection_matches_target"": true, ""standoff_anchor_cell"": [18, 15], ""standoff_anchor_world"": [-250.0, 220.0, 0.0], ""target_cell"": [18, 12], ""target_world"": [-280.0, 220.0, 0.0]}, ""1"": {""arrived"": true, ""final_distance_to_target_m"": 4.305503248355292, ""final_projected_cell"": [52, 2], ""last_known_world"": [-376.72552490234375, -117.20443725585938, 0.17167291045188904], ""observer_pose_source"": ""live_location_sensor"", ""orientation_source"": ""live_orientation_sensor"", ""projection_matches_target"": true, ""standoff_anchor_cell"": [53, 4], ""standoff_anchor_world"": [-360.0, -130.0, 0.0], ""target_cell"": [52, 2], ""target_world"": [-380.0, -120.0, 0.0]}}, ""per_step_fallback_counts"": {""0"": 0, ""1"": 0}, ""policy_step"": 17, ""run_kind"": ""target"", ""standoff_anchor_cells"": {""0"": [18, 15], ""1"": [53, 4]}, ""standoff_anchor_world"": {""0"": [-250.0, 220.0, 0.0], ""1"": [-360.0, -130.0, 0.0]}, ""step_min_inter_vessel_distance_m"": 339.9896315855966, ""step_ticks"": 350, ""target_cells"": {""0"": [18, 12], ""1"": [52, 2]}, ""target_world"": {""0"": [-280.0, 220.0, 0.0], ""1"": [-380.0, -120.0, 0.0]}, ""timeout"": false}",True,True,True,[],[false],[null],False,running,12.841665,False,False,False,False
target,18,True,baseline_GP.marine_knownmap_runtime_2usv._joint_assign_two_usv_segments,baseline_GP_mainline_planner,False,14.679166666666667,"[0, 1]",False,"[18, 42]","[53, 41]","[[18, 12], [18, 13], [18, 14], [18, 15], [18, 16], [18, 17], [18, 18], [18, 19], [18, 20]]","[[52, 2], [53, 2], [53, 3], [53, 4], [53, 5], [53, 6], [53, 7], [53, 8], [53, 9]]","[18, 13]","[53, 2]","[18, 16]","[53, 5]",baseline_GP_planner_committed_segment_lookahead,True,"{""0"": {""commit_remaining"": 4, ""committed_segment"": [[18, 12], [18, 13], [18, 14], [18, 15], [18, 16], [18, 17], [18, 18], [18, 19], [18, 20]], ""robot_pos"": [18, 12]}, ""1"": {""commit_remaining"": 4, ""committed_segment"": [[52, 2], [53, 2], [53, 3], [53, 4], [53, 5], [53, 6], [53, 7], [53, 8], [53, 9]], ""robot_pos"": [52, 2]}}","{""0"": {""commit_remaining"": 3, ""committed_segment"": [[18, 13], [18, 14], [18, 15], [18, 16], [18, 17], [18, 18], [18, 19], [18, 20]], ""robot_pos"": [18, 13]}, ""1"": {""commit_remaining"": 3, ""committed_segment"": [[53, 2], [53, 3], [53, 4], [53, 5], [53, 6], [53, 7], [53, 8], [53, 9]], ""robot_pos"": [53, 2]}}","{""0"": {""collision"": false, ""collision_cell"": null, ""move_success"": true, ""new_robot_pos"": [18, 13]}, ""1"": {""collision"": false, ""collision_cell"": null, ""move_success"": true, ""new_robot_pos"": [53, 2]}}","{""arrived"": {""0"": true, ""1"": true}, ""final_by_usv"": {""0"": {""arrived"": true, ""final_distance_to_target_m"": 1.9144696476524374, ""final_projected_cell"": [18, 13], ""last_known_world"": [-269.98345947265625, 218.08560180664062, 0.5655035376548767], ""observer_pose_source"": ""live_location_sensor"", ""orientation_source"": ""live_orientation_sensor"", ""projection_matches_target"": true, ""standoff_anchor_cell"": [18, 16], ""standoff_anchor_world"": [-240.0, 220.0, 0.0], ""target_cell"": [18, 13], ""target_world"": [-270.0, 220.0, 0.0]}, ""1"": {""arrived"": true, ""final_distance_to_target_m"": 4.5893984361732025, ""final_projected_cell"": [53, 2], ""last_known_world"": [-379.85516357421875, -125.41288757324219, 0.1716730147600174], ""observer_pose_source"": ""live_location_sensor"", ""orientation_source"": ""live_orientation_sensor"", ""projection_matches_target"": true, ""standoff_anchor_cell"": [53, 5], ""standoff_anchor_world"": [-350.0, -130.0, 0.0], ""target_cell"": [53, 2], ""target_world"": [-380.0, -130.0, 0.0]}}, ""per_step_fallback_counts"": {""0"": 0, ""1"": 0}, ""policy_step"": 18, ""run_kind"": ""target"", ""standoff_anchor_cells"": {""0"": [18, 16], ""1"": [53, 5]}, ""standoff_anchor_world"": {""0"": [-240.0, 220.0, 0.0], ""1"": [-350.0, -130.0, 0.0]}, ""step_min_inter_vessel_distance_m"": 353.6809472112698, ""step_ticks"": 363, ""target_cells"": {""0"": [18, 13], ""1"": [53, 2]}, ""target_world"": {""0"": [-270.0, 220.0, 0.0], ""1"": [-380.0, -130.0, 0.0]}, ""timeout"": false}",True,True,True,[],[false],[null],False,running,13.54844,False,False,False,False
target,19,True,baseline_GP.marine_knownmap_runtime_2usv._joint_assign_two_usv_segments,baseline_GP_mainline_planner,False,13.62798638360166,"[0, 1]",False,"[24, 11]","[53, 42]","[[18, 13], [19, 13], [20, 13], [21, 13], [22, 13], [23, 13], [24, 13], [24, 12], [24, 11]]","[[53, 2], [53, 3], [53, 4], [53, 5], [53, 6], [53, 7], [53, 8], [53, 9], [53, 10]]","[19, 13]","[53, 3]","[22, 13]","[53, 6]",baseline_GP_planner_committed_segment_lookahead,True,"{""0"": {""commit_remaining"": 4, ""committed_segment"": [[18, 13], [19, 13], [20, 13], [21, 13], [22, 13], [23, 13], [24, 13], [24, 12], [24, 11]], ""robot_pos"": [18, 13]}, ""1"": {""commit_remaining"": 4, ""committed_segment"": [[53, 2], [53, 3], [53, 4], [53, 5], [53, 6], [53, 7], [53, 8], [53, 9], [53, 10]], ""robot_pos"": [53, 2]}}","{""0"": {""commit_remaining"": 3, ""committed_segment"": [[19, 13], [20, 13], [21, 13], [22, 13], [23, 13], [24, 13], [24, 12], [24, 11]], ""robot_pos"": [19, 13]}, ""1"": {""commit_remaining"": 3, ""committed_segment"": [[53, 3], [53, 4], [53, 5], [53, 6], [53, 7], [53, 8], [53, 9], [53, 10]], ""robot_pos"": [53, 3]}}","{""0"": {""collision"": false, ""collision_cell"": null, ""move_success"": true, ""new_robot_pos"": [19, 13]}, ""1"": {""collision"": false, ""collision_cell"": null, ""move_success"": true, ""new_robot_pos"": [53, 3]}}","{""arrived"": {""0"": true, ""1"": true}, ""final_by_usv"": {""0"": {""arrived"": true, ""final_distance_to_target_m"": 3.2594605629746303, ""final_projected_cell"": [19, 13], ""last_known_world"": [-268.1910400390625, 212.71141052246094, 0.19810345768928528], ""observer_pose_source"": ""live_location_sensor"", ""orientation_source"": ""live_orientation_sensor"", ""projection_matches_target"": true, ""standoff_anchor_cell"": [22, 13], ""standoff_anchor_world"": [-270.0, 180.0, 0.0], ""target_cell"": [19, 13], ""target_world"": [-270.0, 210.0, 0.0]}, ""1"": {""arrived"": true, ""final_distance_to_target_m"": 3.6866085482239868, ""final_projected_cell"": [53, 3], ""last_known_world"": [-373.5079345703125, -128.8662109375, 0.1723623424768448], ""observer_pose_source"": ""live_location_sensor"", ""orientation_source"": ""live_orientation_sensor"", ""projection_matches_target"": true, ""standoff_anchor_cell"": [53, 6], ""standoff_anchor_world"": [-340.0, -130.0, 0.0], ""target_cell"": [53, 3], ""target_world"": [-370.0, -130.0, 0.0]}}, ""per_step_fallback_counts"": {""0"": 0, ""1"": 0}, ""policy_step"": 19, ""run_kind"": ""target"", ""standoff_anchor_cells"": {""0"": [22, 13], ""1"": [53, 6]}, ""standoff_anchor_world"": {""0"": [-270.0, 180.0, 0.0], ""1"": [-340.0, -130.0, 0.0]}, ""step_min_inter_vessel_distance_m"": 357.3778204218306, ""step_ticks"": 313, ""target_cells"": {""0"": [19, 13], ""1"": [53, 3]}, ""target_world"": {""0"": [-270.0, 210.0, 0.0], ""1"": [-370.0, -130.0, 0.0]}, ""timeout"": false}",True,True,True,[],[false],[null],False,running,12.141338,False,False,False,False
target,20,True,baseline_GP.marine_knownmap_runtime_2usv._joint_assign_two_usv_segments,baseline_GP_mainline_planner,False,13.928105210648244,"[0, 1]",False,"[27, 12]","[53, 40]","[[19, 13], [20, 13], [21, 13], [22, 13], [23, 13], [24, 13], [25, 13], [26, 13], [27, 13]]","[[53, 3], [53, 4], [53, 5], [53, 6], [53, 7], [53, 8], [53, 9], [53, 10], [53, 11]]","[20, 13]","[53, 4]","[23, 13]","[53, 7]",baseline_GP_planner_committed_segment_lookahead,True,"{""0"": {""commit_remaining"": 4, ""committed_segment"": [[19, 13], [20, 13], [21, 13], [22, 13], [23, 13], [24, 13], [25, 13], [26, 13], [27, 13]], ""robot_pos"": [19, 13]}, ""1"": {""commit_remaining"": 4, ""committed_segment"": [[53, 3], [53, 4], [53, 5], [53, 6], [53, 7], [53, 8], [53, 9], [53, 10], [53, 11]], ""robot_pos"": [53, 3]}}","{""0"": {""commit_remaining"": 3, ""committed_segment"": [[20, 13], [21, 13], [22, 13], [23, 13], [24, 13], [25, 13], [26, 13], [27, 13]], ""robot_pos"": [20, 13]}, ""1"": {""commit_remaining"": 3, ""committed_segment"": [[53, 4], [53, 5], [53, 6], [53, 7], [53, 8], [53, 9], [53, 10], [53, 11]], ""robot_pos"": [53, 4]}}","{""0"": {""collision"": false, ""collision_cell"": null, ""move_success"": true, ""new_robot_pos"": [20, 13]}, ""1"": {""collision"": false, ""collision_cell"": null, ""move_success"": true, ""new_robot_pos"": [53, 4]}}","{""arrived"": {""0"": true, ""1"": true}, ""final_by_usv"": {""0"": {""arrived"": true, ""final_distance_to_target_m"": 2.6219382613334115, ""final_projected_cell"": [20, 13], ""last_known_world"": [-268.5219421386719, 202.16561889648438, 0.1900428831577301], ""observer_pose_source"": ""live_location_sensor"", ""orientation_source"": ""live_orientation_sensor"", ""projection_matches_target"": true, ""standoff_anchor_cell"": [23, 13], ""standoff_anchor_world"": [-270.0, 170.0, 0.0], ""target_cell"": [20, 13], ""target_world"": [-270.0, 200.0, 0.0]}, ""1"": {""arrived"": true, ""final_distance_to_target_m"": 4.278095504376584, ""final_projected_cell"": [53, 4], ""last_known_world"": [-364.0793151855469, -131.28890991210938, 0.17718477547168732], ""observer_pose_source"": ""live_location_sensor"", ""orientation_source"": ""live_orientation_sensor"", ""projection_matches_target"": true, ""standoff_anchor_cell"": [53, 7], ""standoff_anchor_world"": [-330.0, -130.0, 0.0], ""target_cell"": [53, 4], ""target_world"": [-360.0, -130.0, 0.0]}}, ""per_step_fallback_counts"": {""0"": 0, ""1"": 0}, ""policy_step"": 20, ""run_kind"": ""target"", ""standoff_anchor_cells"": {""0"": [23, 13], ""1"": [53, 7]}, ""standoff_anchor_world"": {""0"": [-270.0, 170.0, 0.0], ""1"": [-330.0, -130.0, 0.0]}, ""step_min_inter_vessel_distance_m"": 346.8591716695399, ""step_ticks"": 336, ""target_cells"": {""0"": [20, 13], ""1"": [53, 4]}, ""target_world"": {""0"": [-270.0, 200.0, 0.0], ""1"": [-360.0, -130.0, 0.0]}, ""timeout"": false}",True,True,True,[],[false],[null],False,running,12.849241,False,False,False,False
teammate_only,1,True,baseline_GP.marine_knownmap_runtime_2usv._joint_assign_two_usv_segments,baseline_GP_mainline_planner,False,6.486486486486487,"[0, 1]",False,"[16, 39]","[53, 39]","[[25, 2], [24, 2], [23, 2], [22, 2], [21, 2], [20, 2], [19, 2], [18, 2], [17, 2]]","[[35, 2], [36, 2], [37, 2], [38, 2], [39, 2], [40, 2], [41, 2], [42, 2], [43, 2]]","[24, 2]","[36, 2]","[21, 2]","[39, 2]",baseline_GP_planner_committed_segment_lookahead,True,"{""0"": {""commit_remaining"": 4, ""committed_segment"": [[25, 2], [24, 2], [23, 2], [22, 2], [21, 2], [20, 2], [19, 2], [18, 2], [17, 2]], ""robot_pos"": [25, 2]}, ""1"": {""commit_remaining"": 4, ""committed_segment"": [[35, 2], [36, 2], [37, 2], [38, 2], [39, 2], [40, 2], [41, 2], [42, 2], [43, 2]], ""robot_pos"": [35, 2]}}","{""0"": {""commit_remaining"": 3, ""committed_segment"": [[24, 2], [23, 2], [22, 2], [21, 2], [20, 2], [19, 2], [18, 2], [17, 2]], ""robot_pos"": [24, 2]}, ""1"": {""commit_remaining"": 3, ""committed_segment"": [[36, 2], [37, 2], [38, 2], [39, 2], [40, 2], [41, 2], [42, 2], [43, 2]], ""robot_pos"": [36, 2]}}","{""0"": {""collision"": false, ""collision_cell"": null, ""move_success"": true, ""new_robot_pos"": [24, 2]}, ""1"": {""collision"": false, ""collision_cell"": null, ""move_success"": true, ""new_robot_pos"": [36, 2]}}","{""arrived"": {""0"": true, ""1"": true}, ""final_by_usv"": {""0"": {""arrived"": true, ""final_distance_to_target_m"": 3.717374373146651, ""final_projected_cell"": [24, 2], ""last_known_world"": [-379.8777160644531, 156.28463745117188, 0.18690763413906097], ""observer_pose_source"": ""live_location_sensor"", ""orientation_source"": ""live_orientation_sensor"", ""projection_matches_target"": true, ""standoff_anchor_cell"": [21, 2], ""standoff_anchor_world"": [-380.0, 190.0, 0.0], ""target_cell"": [24, 2], ""target_world"": [-380.0, 160.0, 0.0]}, ""1"": {""arrived"": true, ""final_distance_to_target_m"": 3.761082416582312, ""final_projected_cell"": [36, 2], ""last_known_world"": [-379.9422607421875, 43.76063919067383, 0.1719919741153717], ""observer_pose_source"": ""live_location_sensor"", ""orientation_source"": ""live_orientation_sensor"", ""projection_matches_target"": true, ""standoff_anchor_cell"": [39, 2], ""standoff_anchor_world"": [-380.0, 10.0, 0.0], ""target_cell"": [36, 2], ""target_world"": [-380.0, 40.0, 0.0]}}, ""per_step_fallback_counts"": {""0"": 0, ""1"": 0}, ""policy_step"": 1, ""run_kind"": ""teammate_only"", ""standoff_anchor_cells"": {""0"": [21, 2], ""1"": [39, 2]}, ""standoff_anchor_world"": {""0"": [-380.0, 190.0, 0.0], ""1"": [-380.0, 10.0, 0.0]}, ""step_min_inter_vessel_distance_m"": 99.95891571044922, ""step_ticks"": 339, ""target_cells"": {""0"": [24, 2], ""1"": [36, 2]}, ""target_world"": {""0"": [-380.0, 160.0, 0.0], ""1"": [-380.0, 40.0, 0.0]}, ""timeout"": false}",True,True,True,[],[false],[null],False,running,12.436587,False,False,False,False
teammate_only,2,True,baseline_GP.marine_knownmap_runtime_2usv._joint_assign_two_usv_segments,baseline_GP_mainline_planner,False,6.15,"[0, 1]",False,"[18, 41]","[54, 39]","[[24, 2], [23, 2], [22, 2], [21, 2], [20, 2], [19, 2], [18, 2], [18, 3], [18, 4]]","[[36, 2], [37, 2], [38, 2], [39, 2], [40, 2], [41, 2], [42, 2], [43, 2], [44, 2]]","[23, 2]","[37, 2]","[20, 2]","[40, 2]",baseline_GP_planner_committed_segment_lookahead,True,"{""0"": {""commit_remaining"": 4, ""committed_segment"": [[24, 2], [23, 2], [22, 2], [21, 2], [20, 2], [19, 2], [18, 2], [18, 3], [18, 4]], ""robot_pos"": [24, 2]}, ""1"": {""commit_remaining"": 4, ""committed_segment"": [[36, 2], [37, 2], [38, 2], [39, 2], [40, 2], [41, 2], [42, 2], [43, 2], [44, 2]], ""robot_pos"": [36, 2]}}","{""0"": {""commit_remaining"": 3, ""committed_segment"": [[23, 2], [22, 2], [21, 2], [20, 2], [19, 2], [18, 2], [18, 3], [18, 4]], ""robot_pos"": [23, 2]}, ""1"": {""commit_remaining"": 3, ""committed_segment"": [[37, 2], [38, 2], [39, 2], [40, 2], [41, 2], [42, 2], [43, 2], [44, 2]], ""robot_pos"": [37, 2]}}","{""0"": {""collision"": false, ""collision_cell"": null, ""move_success"": true, ""new_robot_pos"": [23, 2]}, ""1"": {""collision"": false, ""collision_cell"": null, ""move_success"": true, ""new_robot_pos"": [37, 2]}}","{""arrived"": {""0"": true, ""1"": true}, ""final_by_usv"": {""0"": {""arrived"": true, ""final_distance_to_target_m"": 4.457133587544966, ""final_projected_cell"": [23, 2], ""last_known_world"": [-379.0644836425781, 165.64215087890625, 0.18064288794994354], ""observer_pose_source"": ""live_location_sensor"", ""orientation_source"": ""live_orientation_sensor"", ""projection_matches_target"": true, ""standoff_anchor_cell"": [20, 2], ""standoff_anchor_world"": [-380.0, 200.0, 0.0], ""target_cell"": [23, 2], ""target_world"": [-380.0, 170.0, 0.0]}, ""1"": {""arrived"": true, ""final_distance_to_target_m"": 3.4757129589928346, ""final_projected_cell"": [37, 2], ""last_known_world"": [-382.2448425292969, 32.65353775024414, 0.19785116612911224], ""observer_pose_source"": ""live_location_sensor"", ""orientation_source"": ""live_orientation_sensor"", ""projection_matches_target"": true, ""standoff_anchor_cell"": [40, 2], ""standoff_anchor_world"": [-380.0, 0.0, 0.0], ""target_cell"": [37, 2], ""target_world"": [-380.0, 30.0, 0.0]}}, ""per_step_fallback_counts"": {""0"": 0, ""1"": 0}, ""policy_step"": 2, ""run_kind"": ""teammate_only"", ""standoff_anchor_cells"": {""0"": [20, 2], ""1"": [40, 2]}, ""standoff_anchor_world"": {""0"": [-380.0, 200.0, 0.0], ""1"": [-380.0, 0.0, 0.0]}, ""step_min_inter_vessel_distance_m"": 112.53780924056213, ""step_ticks"": 359, ""target_cells"": {""0"": [23, 2], ""1"": [37, 2]}, ""target_world"": {""0"": [-380.0, 170.0, 0.0], ""1"": [-380.0, 30.0, 0.0]}, ""timeout"": false}",True,True,True,[],[false],[null],False,running,13.028657,False,False,False,False
teammate_only,3,True,baseline_GP.marine_knownmap_runtime_2usv._joint_assign_two_usv_segments,baseline_GP_mainline_planner,False,6.15,"[0, 1]",False,"[18, 41]","[54, 40]","[[23, 2], [22, 2], [21, 2], [20, 2], [19, 2], [18, 2], [18, 3], [18, 4], [18, 5]]","[[37, 2], [38, 2], [39, 2], [40, 2], [41, 2], [42, 2], [43, 2], [44, 2], [45, 2]]","[22, 2]","[38, 2]","[19, 2]","[41, 2]",baseline_GP_planner_committed_segment_lookahead,True,"{""0"": {""commit_remaining"": 4, ""committed_segment"": [[23, 2], [22, 2], [21, 2], [20, 2], [19, 2], [18, 2], [18, 3], [18, 4], [18, 5]], ""robot_pos"": [23, 2]}, ""1"": {""commit_remaining"": 4, ""committed_segment"": [[37, 2], [38, 2], [39, 2], [40, 2], [41, 2], [42, 2], [43, 2], [44, 2], [45, 2]], ""robot_pos"": [37, 2]}}","{""0"": {""commit_remaining"": 3, ""committed_segment"": [[22, 2], [21, 2], [20, 2], [19, 2], [18, 2], [18, 3], [18, 4], [18, 5]], ""robot_pos"": [22, 2]}, ""1"": {""commit_remaining"": 3, ""committed_segment"": [[38, 2], [39, 2], [40, 2], [41, 2], [42, 2], [43, 2], [44, 2], [45, 2]], ""robot_pos"": [38, 2]}}","{""0"": {""collision"": false, ""collision_cell"": null, ""move_success"": true, ""new_robot_pos"": [22, 2]}, ""1"": {""collision"": false, ""collision_cell"": null, ""move_success"": true, ""new_robot_pos"": [38, 2]}}","{""arrived"": {""0"": true, ""1"": true}, ""final_by_usv"": {""0"": {""arrived"": true, ""final_distance_to_target_m"": 3.507419617711167, ""final_projected_cell"": [22, 2], ""last_known_world"": [-381.4745178222656, 176.8175811767578, 0.18659624457359314], ""observer_pose_source"": ""live_location_sensor"", ""orientation_source"": ""live_orientation_sensor"", ""projection_matches_target"": true, ""standoff_anchor_cell"": [19, 2], ""standoff_anchor_world"": [-380.0, 210.0, 0.0], ""target_cell"": [22, 2], ""target_world"": [-380.0, 180.0, 0.0]}, ""1"": {""arrived"": true, ""final_distance_to_target_m"": 3.556059550854647, ""final_projected_cell"": [38, 2], ""last_known_world"": [-379.85113525390625, 23.552942276000977, 0.182024747133255], ""observer_pose_source"": ""live_location_sensor"", ""orientation_source"": ""live_orientation_sensor"", ""projection_matches_target"": true, ""standoff_anchor_cell"": [41, 2], ""standoff_anchor_world"": [-380.0, -10.0, 0.0], ""target_cell"": [38, 2], ""target_world"": [-380.0, 20.0, 0.0]}}, ""per_step_fallback_counts"": {""0"": 0, ""1"": 0}, ""policy_step"": 3, ""run_kind"": ""teammate_only"", ""standoff_anchor_cells"": {""0"": [19, 2], ""1"": [41, 2]}, ""standoff_anchor_world"": {""0"": [-380.0, 210.0, 0.0], ""1"": [-380.0, -10.0, 0.0]}, ""step_min_inter_vessel_distance_m"": 133.03723672593955, ""step_ticks"": 342, ""target_cells"": {""0"": [22, 2], ""1"": [38, 2]}, ""target_world"": {""0"": [-380.0, 180.0, 0.0], ""1"": [-380.0, 20.0, 0.0]}, ""timeout"": false}",True,True,True,[],[false],[null],False,running,12.424365,False,False,False,False
teammate_only,4,True,baseline_GP.marine_knownmap_runtime_2usv._joint_assign_two_usv_segments,baseline_GP_mainline_planner,False,6.15,"[0, 1]",False,"[18, 40]","[54, 40]","[[22, 2], [21, 2], [20, 2], [19, 2], [18, 2], [18, 3], [18, 4], [18, 5], [18, 6]]","[[38, 2], [39, 2], [40, 2], [41, 2], [42, 2], [43, 2], [44, 2], [45, 2], [46, 2]]","[21, 2]","[39, 2]","[18, 2]","[42, 2]",baseline_GP_planner_committed_segment_lookahead,True,"{""0"": {""commit_remaining"": 4, ""committed_segment"": [[22, 2], [21, 2], [20, 2], [19, 2], [18, 2], [18, 3], [18, 4], [18, 5], [18, 6]], ""robot_pos"": [22, 2]}, ""1"": {""commit_remaining"": 4, ""committed_segment"": [[38, 2], [39, 2], [40, 2], [41, 2], [42, 2], [43, 2], [44, 2], [45, 2], [46, 2]], ""robot_pos"": [38, 2]}}","{""0"": {""commit_remaining"": 3, ""committed_segment"": [[21, 2], [20, 2], [19, 2], [18, 2], [18, 3], [18, 4], [18, 5], [18, 6]], ""robot_pos"": [21, 2]}, ""1"": {""commit_remaining"": 3, ""committed_segment"": [[39, 2], [40, 2], [41, 2], [42, 2], [43, 2], [44, 2], [45, 2], [46, 2]], ""robot_pos"": [39, 2]}}","{""0"": {""collision"": false, ""collision_cell"": null, ""move_success"": true, ""new_robot_pos"": [21, 2]}, ""1"": {""collision"": false, ""collision_cell"": null, ""move_success"": true, ""new_robot_pos"": [39, 2]}}","{""arrived"": {""0"": true, ""1"": true}, ""final_by_usv"": {""0"": {""arrived"": true, ""final_distance_to_target_m"": 4.3126670437758285, ""final_projected_cell"": [21, 2], ""last_known_world"": [-383.397216796875, 187.3433074951172, 0.1732836216688156], ""observer_pose_source"": ""live_location_sensor"", ""orientation_source"": ""live_orientation_sensor"", ""projection_matches_target"": true, ""standoff_anchor_cell"": [18, 2], ""standoff_anchor_world"": [-380.0, 220.0, 0.0], ""target_cell"": [21, 2], ""target_world"": [-380.0, 190.0, 0.0]}, ""1"": {""arrived"": true, ""final_distance_to_target_m"": 1.749298444299952, ""final_projected_cell"": [39, 2], ""last_known_world"": [-378.9904479980469, 11.428583145141602, 0.18386633694171906], ""observer_pose_source"": ""live_location_sensor"", ""orientation_source"": ""live_orientation_sensor"", ""projection_matches_target"": true, ""standoff_anchor_cell"": [42, 2], ""standoff_anchor_world"": [-380.0, -20.0, 0.0], ""target_cell"": [39, 2], ""target_world"": [-380.0, 10.0, 0.0]}}, ""per_step_fallback_counts"": {""0"": 0, ""1"": 0}, ""policy_step"": 4, ""run_kind"": ""teammate_only"", ""standoff_anchor_cells"": {""0"": [18, 2], ""1"": [42, 2]}, ""standoff_anchor_world"": {""0"": [-380.0, 220.0, 0.0], ""1"": [-380.0, -20.0, 0.0]}, ""step_min_inter_vessel_distance_m"": 153.28950458156726, ""step_ticks"": 347, ""target_cells"": {""0"": [21, 2], ""1"": [39, 2]}, ""target_world"": {""0"": [-380.0, 190.0, 0.0], ""1"": [-380.0, 10.0, 0.0]}, ""timeout"": false}",True,True,True,[],[false],[null],False,running,12.607409,False,False,False,False
teammate_only,5,True,baseline_GP.marine_knownmap_runtime_2usv._joint_assign_two_usv_segments,baseline_GP_mainline_planner,False,8.5,"[0, 1]",False,"[18, 40]","[54, 40]","[[21, 2], [20, 2], [19, 2], [18, 2], [18, 3], [18, 4], [18, 5], [18, 6], [18, 7]]","[[39, 2], [40, 2], [41, 2], [42, 2], [43, 2], [44, 2], [45, 2], [46, 2], [47, 2]]","[20, 2]","[40, 2]","[18, 3]","[43, 2]",baseline_GP_planner_committed_segment_lookahead,True,"{""0"": {""commit_remaining"": 4, ""committed_segment"": [[21, 2], [20, 2], [19, 2], [18, 2], [18, 3], [18, 4], [18, 5], [18, 6], [18, 7]], ""robot_pos"": [21, 2]}, ""1"": {""commit_remaining"": 4, ""committed_segment"": [[39, 2], [40, 2], [41, 2], [42, 2], [43, 2], [44, 2], [45, 2], [46, 2], [47, 2]], ""robot_pos"": [39, 2]}}","{""0"": {""commit_remaining"": 3, ""committed_segment"": [[20, 2], [19, 2], [18, 2], [18, 3], [18, 4], [18, 5], [18, 6], [18, 7]], ""robot_pos"": [20, 2]}, ""1"": {""commit_remaining"": 3, ""committed_segment"": [[40, 2], [41, 2], [42, 2], [43, 2], [44, 2], [45, 2], [46, 2], [47, 2]], ""robot_pos"": [40, 2]}}","{""0"": {""collision"": false, ""collision_cell"": null, ""move_success"": true, ""new_robot_pos"": [20, 2]}, ""1"": {""collision"": false, ""collision_cell"": null, ""move_success"": true, ""new_robot_pos"": [40, 2]}}","{""arrived"": {""0"": true, ""1"": true}, ""final_by_usv"": {""0"": {""arrived"": true, ""final_distance_to_target_m"": 3.6591395068450465, ""final_projected_cell"": [20, 2], ""last_known_world"": [-382.24163818359375, 197.10787963867188, 0.18557070195674896], ""observer_pose_source"": ""live_location_sensor"", ""orientation_source"": ""live_orientation_sensor"", ""projection_matches_target"": true, ""standoff_anchor_cell"": [18, 3], ""standoff_anchor_world"": [-370.0, 220.0, 0.0], ""target_cell"": [20, 2], ""target_world"": [-380.0, 200.0, 0.0]}, ""1"": {""arrived"": true, ""final_distance_to_target_m"": 4.043711358532142, ""final_projected_cell"": [40, 2], ""last_known_world"": [-377.0700988769531, 2.7869842052459717, 0.17943312227725983], ""observer_pose_source"": ""live_location_sensor"", ""orientation_source"": ""live_orientation_sensor"", ""projection_matches_target"": true, ""standoff_anchor_cell"": [43, 2], ""standoff_anchor_world"": [-380.0, -30.0, 0.0], ""target_cell"": [40, 2], ""target_world"": [-380.0, 0.0, 0.0]}}, ""per_step_fallback_counts"": {""0"": 0, ""1"": 0}, ""policy_step"": 5, ""run_kind"": ""teammate_only"", ""standoff_anchor_cells"": {""0"": [18, 3], ""1"": [43, 2]}, ""standoff_anchor_world"": {""0"": [-370.0, 220.0, 0.0], ""1"": [-380.0, -30.0, 0.0]}, ""step_min_inter_vessel_distance_m"": 175.99618109059406, ""step_ticks"": 331, ""target_cells"": {""0"": [20, 2], ""1"": [40, 2]}, ""target_world"": {""0"": [-380.0, 200.0, 0.0], ""1"": [-380.0, 0.0, 0.0]}, ""timeout"": false}",True,True,True,[],[false],[null],False,running,12.029791,False,False,False,False
teammate_only,6,True,baseline_GP.marine_knownmap_runtime_2usv._joint_assign_two_usv_segments,baseline_GP_mainline_planner,False,8.5,"[0, 1]",False,"[18, 41]","[54, 40]","[[20, 2], [19, 2], [18, 2], [18, 3], [18, 4], [18, 5], [18, 6], [18, 7], [18, 8]]","[[40, 2], [41, 2], [42, 2], [43, 2], [44, 2], [45, 2], [46, 2], [47, 2], [48, 2]]","[19, 2]","[41, 2]","[18, 4]","[44, 2]",baseline_GP_planner_committed_segment_lookahead,True,"{""0"": {""commit_remaining"": 4, ""committed_segment"": [[20, 2], [19, 2], [18, 2], [18, 3], [18, 4], [18, 5], [18, 6], [18, 7], [18, 8]], ""robot_pos"": [20, 2]}, ""1"": {""commit_remaining"": 4, ""committed_segment"": [[40, 2], [41, 2], [42, 2], [43, 2], [44, 2], [45, 2], [46, 2], [47, 2], [48, 2]], ""robot_pos"": [40, 2]}}","{""0"": {""commit_remaining"": 3, ""committed_segment"": [[19, 2], [18, 2], [18, 3], [18, 4], [18, 5], [18, 6], [18, 7], [18, 8]], ""robot_pos"": [19, 2]}, ""1"": {""commit_remaining"": 3, ""committed_segment"": [[41, 2], [42, 2], [43, 2], [44, 2], [45, 2], [46, 2], [47, 2], [48, 2]], ""robot_pos"": [41, 2]}}","{""0"": {""collision"": false, ""collision_cell"": null, ""move_success"": true, ""new_robot_pos"": [19, 2]}, ""1"": {""collision"": false, ""collision_cell"": null, ""move_success"": true, ""new_robot_pos"": [41, 2]}}","{""arrived"": {""0"": true, ""1"": true}, ""final_by_usv"": {""0"": {""arrived"": true, ""final_distance_to_target_m"": 3.129399465867127, ""final_projected_cell"": [19, 2], ""last_known_world"": [-380.81805419921875, 206.9794158935547, 0.19492226839065552], ""observer_pose_source"": ""live_location_sensor"", ""orientation_source"": ""live_orientation_sensor"", ""projection_matches_target"": true, ""standoff_anchor_cell"": [18, 4], ""standoff_anchor_world"": [-360.0, 220.0, 0.0], ""target_cell"": [19, 2], ""target_world"": [-380.0, 210.0, 0.0]}, ""1"": {""arrived"": true, ""final_distance_to_target_m"": 3.5948416904940284, ""final_projected_cell"": [41, 2], ""last_known_world"": [-377.7860107421875, -7.1678385734558105, 0.18171973526477814], ""observer_pose_source"": ""live_location_sensor"", ""orientation_source"": ""live_orientation_sensor"", ""projection_matches_target"": true, ""standoff_anchor_cell"": [44, 2], ""standoff_anchor_world"": [-380.0, -40.0, 0.0], ""target_cell"": [41, 2], ""target_world"": [-380.0, -10.0, 0.0]}}, ""per_step_fallback_counts"": {""0"": 0, ""1"": 0}, ""policy_step"": 6, ""run_kind"": ""teammate_only"", ""standoff_anchor_cells"": {""0"": [18, 4], ""1"": [44, 2]}, ""standoff_anchor_world"": {""0"": [-360.0, 220.0, 0.0], ""1"": [-380.0, -40.0, 0.0]}, ""step_min_inter_vessel_distance_m"": 194.41785295024914, ""step_ticks"": 332, ""target_cells"": {""0"": [19, 2], ""1"": [41, 2]}, ""target_world"": {""0"": [-380.0, 210.0, 0.0], ""1"": [-380.0, -10.0, 0.0]}, ""timeout"": false}",True,True,True,[],[false],[null],False,running,12.11549,False,False,False,False
teammate_only,7,True,baseline_GP.marine_knownmap_runtime_2usv._joint_assign_two_usv_segments,baseline_GP_mainline_planner,False,8.5,"[0, 1]",False,"[18, 41]","[55, 38]","[[19, 2], [18, 2], [18, 3], [18, 4], [18, 5], [18, 6], [18, 7], [18, 8], [18, 9]]","[[41, 2], [42, 2], [43, 2], [44, 2], [45, 2], [46, 2], [47, 2], [48, 2], [49, 2]]","[18, 2]","[42, 2]","[18, 5]","[45, 2]",baseline_GP_planner_committed_segment_lookahead,True,"{""0"": {""commit_remaining"": 4, ""committed_segment"": [[19, 2], [18, 2], [18, 3], [18, 4], [18, 5], [18, 6], [18, 7], [18, 8], [18, 9]], ""robot_pos"": [19, 2]}, ""1"": {""commit_remaining"": 4, ""committed_segment"": [[41, 2], [42, 2], [43, 2], [44, 2], [45, 2], [46, 2], [47, 2], [48, 2], [49, 2]], ""robot_pos"": [41, 2]}}","{""0"": {""commit_remaining"": 3, ""committed_segment"": [[18, 2], [18, 3], [18, 4], [18, 5], [18, 6], [18, 7], [18, 8], [18, 9]], ""robot_pos"": [18, 2]}, ""1"": {""commit_remaining"": 3, ""committed_segment"": [[42, 2], [43, 2], [44, 2], [45, 2], [46, 2], [47, 2], [48, 2], [49, 2]], ""robot_pos"": [42, 2]}}","{""0"": {""collision"": false, ""collision_cell"": null, ""move_success"": true, ""new_robot_pos"": [18, 2]}, ""1"": {""collision"": false, ""collision_cell"": null, ""move_success"": true, ""new_robot_pos"": [42, 2]}}","{""arrived"": {""0"": true, ""1"": true}, ""final_by_usv"": {""0"": {""arrived"": true, ""final_distance_to_target_m"": 4.5290544696342065, ""final_projected_cell"": [18, 2], ""last_known_world"": [-378.3077697753906, 215.79896545410156, 0.18066920340061188], ""observer_pose_source"": ""live_location_sensor"", ""orientation_source"": ""live_orientation_sensor"", ""projection_matches_target"": true, ""standoff_anchor_cell"": [18, 5], ""standoff_anchor_world"": [-350.0, 220.0, 0.0], ""target_cell"": [18, 2], ""target_world"": [-380.0, 220.0, 0.0]}, ""1"": {""arrived"": true, ""final_distance_to_target_m"": 3.5484303266265913, ""final_projected_cell"": [42, 2], ""last_known_world"": [-377.20526123046875, -17.81349754333496, 0.18112878501415253], ""observer_pose_source"": ""live_location_sensor"", ""orientation_source"": ""live_orientation_sensor"", ""projection_matches_target"": true, ""standoff_anchor_cell"": [45, 2], ""standoff_anchor_world"": [-380.0, -50.0, 0.0], ""target_cell"": [42, 2], ""target_world"": [-380.0, -20.0, 0.0]}}, ""per_step_fallback_counts"": {""0"": 0, ""1"": 0}, ""policy_step"": 7, ""run_kind"": ""teammate_only"", ""standoff_anchor_cells"": {""0"": [18, 5], ""1"": [45, 2]}, ""standoff_anchor_world"": {""0"": [-350.0, 220.0, 0.0], ""1"": [-380.0, -50.0, 0.0]}, ""step_min_inter_vessel_distance_m"": 214.19629604249496, ""step_ticks"": 340, ""target_cells"": {""0"": [18, 2], ""1"": [42, 2]}, ""target_world"": {""0"": [-380.0, 220.0, 0.0], ""1"": [-380.0, -20.0, 0.0]}, ""timeout"": false}",True,True,True,[],[false],[null],False,running,12.457017,False,False,False,False
teammate_only,8,True,baseline_GP.marine_knownmap_runtime_2usv._joint_assign_two_usv_segments,baseline_GP_mainline_planner,False,8.5,"[0, 1]",False,"[18, 42]","[54, 40]","[[18, 2], [18, 3], [18, 4], [18, 5], [18, 6], [18, 7], [18, 8], [18, 9], [18, 10]]","[[42, 2], [43, 2], [44, 2], [45, 2], [46, 2], [47, 2], [48, 2], [49, 2], [50, 2]]","[18, 3]","[43, 2]","[18, 6]","[46, 2]",baseline_GP_planner_committed_segment_lookahead,True,"{""0"": {""commit_remaining"": 4, ""committed_segment"": [[18, 2], [18, 3], [18, 4], [18, 5], [18, 6], [18, 7], [18, 8], [18, 9], [18, 10]], ""robot_pos"": [18, 2]}, ""1"": {""commit_remaining"": 4, ""committed_segment"": [[42, 2], [43, 2], [44, 2], [45, 2], [46, 2], [47, 2], [48, 2], [49, 2], [50, 2]], ""robot_pos"": [42, 2]}}","{""0"": {""commit_remaining"": 3, ""committed_segment"": [[18, 3], [18, 4], [18, 5], [18, 6], [18, 7], [18, 8], [18, 9], [18, 10]], ""robot_pos"": [18, 3]}, ""1"": {""commit_remaining"": 3, ""committed_segment"": [[43, 2], [44, 2], [45, 2], [46, 2], [47, 2], [48, 2], [49, 2], [50, 2]], ""robot_pos"": [43, 2]}}","{""0"": {""collision"": false, ""collision_cell"": null, ""move_success"": true, ""new_robot_pos"": [18, 3]}, ""1"": {""collision"": false, ""collision_cell"": null, ""move_success"": true, ""new_robot_pos"": [43, 2]}}","{""arrived"": {""0"": true, ""1"": true}, ""final_by_usv"": {""0"": {""arrived"": true, ""final_distance_to_target_m"": 2.18345471987256, ""final_projected_cell"": [18, 3], ""last_known_world"": [-371.98876953125, 220.90126037597656, 0.1829269826412201], ""observer_pose_source"": ""live_location_sensor"", ""orientation_source"": ""live_orientation_sensor"", ""projection_matches_target"": true, ""standoff_anchor_cell"": [18, 6], ""standoff_anchor_world"": [-340.0, 220.0, 0.0], ""target_cell"": [18, 3], ""target_world"": [-370.0, 220.0, 0.0]}, ""1"": {""arrived"": true, ""final_distance_to_target_m"": 3.8736478755060166, ""final_projected_cell"": [43, 2], ""last_known_world"": [-377.10064697265625, -27.431167602539062, 0.18425539135932922], ""observer_pose_source"": ""live_location_sensor"", ""orientation_source"": ""live_orientation_sensor"", ""projection_matches_target"": true, ""standoff_anchor_cell"": [46, 2], ""standoff_anchor_world"": [-380.0, -60.0, 0.0], ""target_cell"": [43, 2], ""target_world"": [-380.0, -30.0, 0.0]}}, ""per_step_fallback_counts"": {""0"": 0, ""1"": 0}, ""policy_step"": 8, ""run_kind"": ""teammate_only"", ""standoff_anchor_cells"": {""0"": [18, 6], ""1"": [46, 2]}, ""standoff_anchor_world"": {""0"": [-340.0, 220.0, 0.0], ""1"": [-380.0, -60.0, 0.0]}, ""step_min_inter_vessel_distance_m"": 233.62912722685715, ""step_ticks"": 330, ""target_cells"": {""0"": [18, 3], ""1"": [43, 2]}, ""target_world"": {""0"": [-370.0, 220.0, 0.0], ""1"": [-380.0, -30.0, 0.0]}, ""timeout"": false}",True,True,True,[],[false],[null],False,running,12.092469,False,False,False,False
teammate_only,9,True,baseline_GP.marine_knownmap_runtime_2usv._joint_assign_two_usv_segments,baseline_GP_mainline_planner,False,8.5,"[0, 1]",False,"[18, 43]","[54, 40]","[[18, 3], [18, 4], [18, 5], [18, 6], [18, 7], [18, 8], [18, 9], [18, 10], [18, 11]]","[[43, 2], [44, 2], [45, 2], [46, 2], [47, 2], [48, 2], [49, 2], [50, 2], [51, 2]]","[18, 4]","[44, 2]","[18, 7]","[47, 2]",baseline_GP_planner_committed_segment_lookahead,True,"{""0"": {""commit_remaining"": 4, ""committed_segment"": [[18, 3], [18, 4], [18, 5], [18, 6], [18, 7], [18, 8], [18, 9], [18, 10], [18, 11]], ""robot_pos"": [18, 3]}, ""1"": {""commit_remaining"": 4, ""committed_segment"": [[43, 2], [44, 2], [45, 2], [46, 2], [47, 2], [48, 2], [49, 2], [50, 2], [51, 2]], ""robot_pos"": [43, 2]}}","{""0"": {""commit_remaining"": 3, ""committed_segment"": [[18, 4], [18, 5], [18, 6], [18, 7], [18, 8], [18, 9], [18, 10], [18, 11]], ""robot_pos"": [18, 4]}, ""1"": {""commit_remaining"": 3, ""committed_segment"": [[44, 2], [45, 2], [46, 2], [47, 2], [48, 2], [49, 2], [50, 2], [51, 2]], ""robot_pos"": [44, 2]}}","{""0"": {""collision"": false, ""collision_cell"": null, ""move_success"": true, ""new_robot_pos"": [18, 4]}, ""1"": {""collision"": false, ""collision_cell"": null, ""move_success"": true, ""new_robot_pos"": [44, 2]}}","{""arrived"": {""0"": true, ""1"": true}, ""final_by_usv"": {""0"": {""arrived"": true, ""final_distance_to_target_m"": 4.182875787234299, ""final_projected_cell"": [18, 4], ""last_known_world"": [-362.6238708496094, 223.257568359375, 0.17064940929412842], ""observer_pose_source"": ""live_location_sensor"", ""orientation_source"": ""live_orientation_sensor"", ""projection_matches_target"": true, ""standoff_anchor_cell"": [18, 7], ""standoff_anchor_world"": [-330.0, 220.0, 0.0], ""target_cell"": [18, 4], ""target_world"": [-360.0, 220.0, 0.0]}, ""1"": {""arrived"": true, ""final_distance_to_target_m"": 4.34423272673938, ""final_projected_cell"": [44, 2], ""last_known_world"": [-376.3654479980469, -37.62042236328125, 0.17358103394508362], ""observer_pose_source"": ""live_location_sensor"", ""orientation_source"": ""live_orientation_sensor"", ""projection_matches_target"": true, ""standoff_anchor_cell"": [47, 2], ""standoff_anchor_world"": [-380.0, -70.0, 0.0], ""target_cell"": [44, 2], ""target_world"": [-380.0, -40.0, 0.0]}}, ""per_step_fallback_counts"": {""0"": 0, ""1"": 0}, ""policy_step"": 9, ""run_kind"": ""teammate_only"", ""standoff_anchor_cells"": {""0"": [18, 7], ""1"": [47, 2]}, ""standoff_anchor_world"": {""0"": [-330.0, 220.0, 0.0], ""1"": [-380.0, -70.0, 0.0]}, ""step_min_inter_vessel_distance_m"": 248.4056223648588, ""step_ticks"": 342, ""target_cells"": {""0"": [18, 4], ""1"": [44, 2]}, ""target_world"": {""0"": [-360.0, 220.0, 0.0], ""1"": [-380.0, -40.0, 0.0]}, ""timeout"": false}",True,True,True,[],[false],[null],False,running,12.467254,False,False,False,False
teammate_only,10,True,baseline_GP.marine_knownmap_runtime_2usv._joint_assign_two_usv_segments,baseline_GP_mainline_planner,False,15.0,"[0, 1]",False,"[18, 34]","[55, 39]","[[18, 4], [18, 5], [18, 6], [18, 7], [18, 8], [18, 9], [18, 10], [18, 11], [18, 12]]","[[44, 2], [45, 2], [46, 2], [47, 2], [48, 2], [49, 2], [50, 2], [51, 2], [52, 2]]","[18, 5]","[45, 2]","[18, 8]","[48, 2]",baseline_GP_planner_committed_segment_lookahead,True,"{""0"": {""commit_remaining"": 4, ""committed_segment"": [[18, 4], [18, 5], [18, 6], [18, 7], [18, 8], [18, 9], [18, 10], [18, 11], [18, 12]], ""robot_pos"": [18, 4]}, ""1"": {""commit_remaining"": 4, ""committed_segment"": [[44, 2], [45, 2], [46, 2], [47, 2], [48, 2], [49, 2], [50, 2], [51, 2], [52, 2]], ""robot_pos"": [44, 2]}}","{""0"": {""commit_remaining"": 3, ""committed_segment"": [[18, 5], [18, 6], [18, 7], [18, 8], [18, 9], [18, 10], [18, 11], [18, 12]], ""robot_pos"": [18, 5]}, ""1"": {""commit_remaining"": 3, ""committed_segment"": [[45, 2], [46, 2], [47, 2], [48, 2], [49, 2], [50, 2], [51, 2], [52, 2]], ""robot_pos"": [45, 2]}}","{""0"": {""collision"": false, ""collision_cell"": null, ""move_success"": true, ""new_robot_pos"": [18, 5]}, ""1"": {""collision"": false, ""collision_cell"": null, ""move_success"": true, ""new_robot_pos"": [45, 2]}}","{""arrived"": {""0"": true, ""1"": true}, ""final_by_usv"": {""0"": {""arrived"": true, ""final_distance_to_target_m"": 3.6421786185084297, ""final_projected_cell"": [18, 5], ""last_known_world"": [-353.5670471191406, 220.7359619140625, 0.17186333239078522], ""observer_pose_source"": ""live_location_sensor"", ""orientation_source"": ""live_orientation_sensor"", ""projection_matches_target"": true, ""standoff_anchor_cell"": [18, 8], ""standoff_anchor_world"": [-320.0, 220.0, 0.0], ""target_cell"": [18, 5], ""target_world"": [-350.0, 220.0, 0.0]}, ""1"": {""arrived"": true, ""final_distance_to_target_m"": 3.5439597552311493, ""final_projected_cell"": [45, 2], ""last_known_world"": [-378.5552978515625, -46.763877868652344, 0.1767379641532898], ""observer_pose_source"": ""live_location_sensor"", ""orientation_source"": ""live_orientation_sensor"", ""projection_matches_target"": true, ""standoff_anchor_cell"": [48, 2], ""standoff_anchor_world"": [-380.0, -80.0, 0.0], ""target_cell"": [45, 2], ""target_world"": [-380.0, -50.0, 0.0]}}, ""per_step_fallback_counts"": {""0"": 0, ""1"": 0}, ""policy_step"": 10, ""run_kind"": ""teammate_only"", ""standoff_anchor_cells"": {""0"": [18, 8], ""1"": [48, 2]}, ""standoff_anchor_world"": {""0"": [-320.0, 220.0, 0.0], ""1"": [-380.0, -80.0, 0.0]}, ""step_min_inter_vessel_distance_m"": 261.25730786194237, ""step_ticks"": 328, ""target_cells"": {""0"": [18, 5], ""1"": [45, 2]}, ""target_world"": {""0"": [-350.0, 220.0, 0.0], ""1"": [-380.0, -50.0, 0.0]}, ""timeout"": false}",True,True,True,[],[false],[null],False,running,11.957205,False,False,False,False
teammate_only,11,True,baseline_GP.marine_knownmap_runtime_2usv._joint_assign_two_usv_segments,baseline_GP_mainline_planner,False,8.5,"[0, 1]",False,"[18, 39]","[55, 39]","[[18, 5], [18, 6], [18, 7], [18, 8], [18, 9], [18, 10], [18, 11], [18, 12], [18, 13]]","[[45, 2], [46, 2], [47, 2], [48, 2], [49, 2], [50, 2], [51, 2], [52, 2], [53, 2]]","[18, 6]","[46, 2]","[18, 9]","[49, 2]",baseline_GP_planner_committed_segment_lookahead,True,"{""0"": {""commit_remaining"": 4, ""committed_segment"": [[18, 5], [18, 6], [18, 7], [18, 8], [18, 9], [18, 10], [18, 11], [18, 12], [18, 13]], ""robot_pos"": [18, 5]}, ""1"": {""commit_remaining"": 4, ""committed_segment"": [[45, 2], [46, 2], [47, 2], [48, 2], [49, 2], [50, 2], [51, 2], [52, 2], [53, 2]], ""robot_pos"": [45, 2]}}","{""0"": {""commit_remaining"": 3, ""committed_segment"": [[18, 6], [18, 7], [18, 8], [18, 9], [18, 10], [18, 11], [18, 12], [18, 13]], ""robot_pos"": [18, 6]}, ""1"": {""commit_remaining"": 3, ""committed_segment"": [[46, 2], [47, 2], [48, 2], [49, 2], [50, 2], [51, 2], [52, 2], [53, 2]], ""robot_pos"": [46, 2]}}","{""0"": {""collision"": false, ""collision_cell"": null, ""move_success"": true, ""new_robot_pos"": [18, 6]}, ""1"": {""collision"": false, ""collision_cell"": null, ""move_success"": true, ""new_robot_pos"": [46, 2]}}","{""arrived"": {""0"": true, ""1"": true}, ""final_by_usv"": {""0"": {""arrived"": true, ""final_distance_to_target_m"": 3.6044776857624905, ""final_projected_cell"": [18, 6], ""last_known_world"": [-343.60107421875, 220.15660095214844, 0.17635032534599304], ""observer_pose_source"": ""live_location_sensor"", ""orientation_source"": ""live_orientation_sensor"", ""projection_matches_target"": true, ""standoff_anchor_cell"": [18, 9], ""standoff_anchor_world"": [-310.0, 220.0, 0.0], ""target_cell"": [18, 6], ""target_world"": [-340.0, 220.0, 0.0]}, ""1"": {""arrived"": true, ""final_distance_to_target_m"": 3.4508685708498414, ""final_projected_cell"": [46, 2], ""last_known_world"": [-378.8643798828125, -56.74134063720703, 0.18173998594284058], ""observer_pose_source"": ""live_location_sensor"", ""orientation_source"": ""live_orientation_sensor"", ""projection_matches_target"": true, ""standoff_anchor_cell"": [49, 2], ""standoff_anchor_world"": [-380.0, -90.0, 0.0], ""target_cell"": [46, 2], ""target_world"": [-380.0, -60.0, 0.0]}}, ""per_step_fallback_counts"": {""0"": 0, ""1"": 0}, ""policy_step"": 11, ""run_kind"": ""teammate_only"", ""standoff_anchor_cells"": {""0"": [18, 9], ""1"": [49, 2]}, ""standoff_anchor_world"": {""0"": [-310.0, 220.0, 0.0], ""1"": [-380.0, -90.0, 0.0]}, ""step_min_inter_vessel_distance_m"": 268.68424530353803, ""step_ticks"": 332, ""target_cells"": {""0"": [18, 6], ""1"": [46, 2]}, ""target_world"": {""0"": [-340.0, 220.0, 0.0], ""1"": [-380.0, -60.0, 0.0]}, ""timeout"": false}",True,True,True,[],[false],[null],False,running,12.100216,False,False,False,False
teammate_only,12,True,baseline_GP.marine_knownmap_runtime_2usv._joint_assign_two_usv_segments,baseline_GP_mainline_planner,False,13.003397409972301,"[0, 1]",False,"[18, 39]","[55, 39]","[[18, 6], [18, 7], [18, 8], [18, 9], [18, 10], [18, 11], [18, 12], [18, 13], [18, 14]]","[[46, 2], [47, 2], [48, 2], [49, 2], [50, 2], [51, 2], [52, 2], [53, 2], [54, 2]]","[18, 7]","[47, 2]","[18, 10]","[50, 2]",baseline_GP_planner_committed_segment_lookahead,True,"{""0"": {""commit_remaining"": 4, ""committed_segment"": [[18, 6], [18, 7], [18, 8], [18, 9], [18, 10], [18, 11], [18, 12], [18, 13], [18, 14]], ""robot_pos"": [18, 6]}, ""1"": {""commit_remaining"": 4, ""committed_segment"": [[46, 2], [47, 2], [48, 2], [49, 2], [50, 2], [51, 2], [52, 2], [53, 2], [54, 2]], ""robot_pos"": [46, 2]}}","{""0"": {""commit_remaining"": 3, ""committed_segment"": [[18, 7], [18, 8], [18, 9], [18, 10], [18, 11], [18, 12], [18, 13], [18, 14]], ""robot_pos"": [18, 7]}, ""1"": {""commit_remaining"": 3, ""committed_segment"": [[47, 2], [48, 2], [49, 2], [50, 2], [51, 2], [52, 2], [53, 2], [54, 2]], ""robot_pos"": [47, 2]}}","{""0"": {""collision"": false, ""collision_cell"": null, ""move_success"": true, ""new_robot_pos"": [18, 7]}, ""1"": {""collision"": false, ""collision_cell"": null, ""move_success"": true, ""new_robot_pos"": [47, 2]}}","{""arrived"": {""0"": true, ""1"": true}, ""final_by_usv"": {""0"": {""arrived"": true, ""final_distance_to_target_m"": 3.5612749101469645, ""final_projected_cell"": [18, 7], ""last_known_world"": [-333.3773498535156, 221.1296844482422, 0.18156419694423676], ""observer_pose_source"": ""live_location_sensor"", ""orientation_source"": ""live_orientation_sensor"", ""projection_matches_target"": true, ""standoff_anchor_cell"": [18, 10], ""standoff_anchor_world"": [-300.0, 220.0, 0.0], ""target_cell"": [18, 7], ""target_world"": [-330.0, 220.0, 0.0]}, ""1"": {""arrived"": true, ""final_distance_to_target_m"": 3.7392237234068575, ""final_projected_cell"": [47, 2], ""last_known_world"": [-377.8252868652344, -66.95822143554688, 0.18650272488594055], ""observer_pose_source"": ""live_location_sensor"", ""orientation_source"": ""live_orientation_sensor"", ""projection_matches_target"": true, ""standoff_anchor_cell"": [50, 2], ""standoff_anchor_world"": [-380.0, -100.0, 0.0], ""target_cell"": [47, 2], ""target_world"": [-380.0, -70.0, 0.0]}}, ""per_step_fallback_counts"": {""0"": 0, ""1"": 0}, ""policy_step"": 12, ""run_kind"": ""teammate_only"", ""standoff_anchor_cells"": {""0"": [18, 10], ""1"": [50, 2]}, ""standoff_anchor_world"": {""0"": [-300.0, 220.0, 0.0], ""1"": [-380.0, -100.0, 0.0]}, ""step_min_inter_vessel_distance_m"": 279.1550310220197, ""step_ticks"": 334, ""target_cells"": {""0"": [18, 7], ""1"": [47, 2]}, ""target_world"": {""0"": [-330.0, 220.0, 0.0], ""1"": [-380.0, -70.0, 0.0]}, ""timeout"": false}",True,True,True,[],[false],[null],False,running,12.164348,False,False,False,False
teammate_only,13,True,baseline_GP.marine_knownmap_runtime_2usv._joint_assign_two_usv_segments,baseline_GP_mainline_planner,False,12.932511863747575,"[0, 1]",False,"[18, 39]","[55, 39]","[[18, 7], [18, 8], [18, 9], [18, 10], [18, 11], [18, 12], [18, 13], [18, 14], [18, 15]]","[[47, 2], [48, 2], [49, 2], [50, 2], [51, 2], [52, 2], [53, 2], [54, 2], [55, 2]]","[18, 8]","[48, 2]","[18, 11]","[51, 2]",baseline_GP_planner_committed_segment_lookahead,True,"{""0"": {""commit_remaining"": 4, ""committed_segment"": [[18, 7], [18, 8], [18, 9], [18, 10], [18, 11], [18, 12], [18, 13], [18, 14], [18, 15]], ""robot_pos"": [18, 7]}, ""1"": {""commit_remaining"": 4, ""committed_segment"": [[47, 2], [48, 2], [49, 2], [50, 2], [51, 2], [52, 2], [53, 2], [54, 2], [55, 2]], ""robot_pos"": [47, 2]}}","{""0"": {""commit_remaining"": 3, ""committed_segment"": [[18, 8], [18, 9], [18, 10], [18, 11], [18, 12], [18, 13], [18, 14], [18, 15]], ""robot_pos"": [18, 8]}, ""1"": {""commit_remaining"": 3, ""committed_segment"": [[48, 2], [49, 2], [50, 2], [51, 2], [52, 2], [53, 2], [54, 2], [55, 2]], ""robot_pos"": [48, 2]}}","{""0"": {""collision"": false, ""collision_cell"": null, ""move_success"": true, ""new_robot_pos"": [18, 8]}, ""1"": {""collision"": false, ""collision_cell"": null, ""move_success"": true, ""new_robot_pos"": [48, 2]}}","{""arrived"": {""0"": true, ""1"": true}, ""final_by_usv"": {""0"": {""arrived"": true, ""final_distance_to_target_m"": 3.72059312505143, ""final_projected_cell"": [18, 8], ""last_known_world"": [-322.2940368652344, 222.92919921875, 0.17108269035816193], ""observer_pose_source"": ""live_location_sensor"", ""orientation_source"": ""live_orientation_sensor"", ""projection_matches_target"": true, ""standoff_anchor_cell"": [18, 11], ""standoff_anchor_world"": [-290.0, 220.0, 0.0], ""target_cell"": [18, 8], ""target_world"": [-320.0, 220.0, 0.0]}, ""1"": {""arrived"": true, ""final_distance_to_target_m"": 4.306111734188824, ""final_projected_cell"": [48, 2], ""last_known_world"": [-376.3706970214844, -77.68251037597656, 0.1737212985754013], ""observer_pose_source"": ""live_location_sensor"", ""orientation_source"": ""live_orientation_sensor"", ""projection_matches_target"": true, ""standoff_anchor_cell"": [51, 2], ""standoff_anchor_world"": [-380.0, -110.0, 0.0], ""target_cell"": [48, 2], ""target_world"": [-380.0, -80.0, 0.0]}}, ""per_step_fallback_counts"": {""0"": 0, ""1"": 0}, ""policy_step"": 13, ""run_kind"": ""teammate_only"", ""standoff_anchor_cells"": {""0"": [18, 11], ""1"": [51, 2]}, ""standoff_anchor_world"": {""0"": [-290.0, 220.0, 0.0], ""1"": [-380.0, -110.0, 0.0]}, ""step_min_inter_vessel_distance_m"": 291.51532596617847, ""step_ticks"": 350, ""target_cells"": {""0"": [18, 8], ""1"": [48, 2]}, ""target_world"": {""0"": [-320.0, 220.0, 0.0], ""1"": [-380.0, -80.0, 0.0]}, ""timeout"": false}",True,True,True,[],[false],[null],False,running,12.713266,False,False,False,False
teammate_only,14,True,baseline_GP.marine_knownmap_runtime_2usv._joint_assign_two_usv_segments,baseline_GP_mainline_planner,False,12.421484505307731,"[0, 1]",False,"[18, 39]","[56, 38]","[[18, 8], [18, 9], [18, 10], [18, 11], [18, 12], [18, 13], [18, 14], [18, 15], [18, 16]]","[[48, 2], [49, 2], [50, 2], [51, 2], [52, 2], [53, 2], [54, 2], [55, 2], [56, 2]]","[18, 9]","[49, 2]","[18, 12]","[52, 2]",baseline_GP_planner_committed_segment_lookahead,True,"{""0"": {""commit_remaining"": 4, ""committed_segment"": [[18, 8], [18, 9], [18, 10], [18, 11], [18, 12], [18, 13], [18, 14], [18, 15], [18, 16]], ""robot_pos"": [18, 8]}, ""1"": {""commit_remaining"": 4, ""committed_segment"": [[48, 2], [49, 2], [50, 2], [51, 2], [52, 2], [53, 2], [54, 2], [55, 2], [56, 2]], ""robot_pos"": [48, 2]}}","{""0"": {""commit_remaining"": 3, ""committed_segment"": [[18, 9], [18, 10], [18, 11], [18, 12], [18, 13], [18, 14], [18, 15], [18, 16]], ""robot_pos"": [18, 9]}, ""1"": {""commit_remaining"": 3, ""committed_segment"": [[49, 2], [50, 2], [51, 2], [52, 2], [53, 2], [54, 2], [55, 2], [56, 2]], ""robot_pos"": [49, 2]}}","{""0"": {""collision"": false, ""collision_cell"": null, ""move_success"": true, ""new_robot_pos"": [18, 9]}, ""1"": {""collision"": false, ""collision_cell"": null, ""move_success"": true, ""new_robot_pos"": [49, 2]}}","{""arrived"": {""0"": true, ""1"": true}, ""final_by_usv"": {""0"": {""arrived"": true, ""final_distance_to_target_m"": 3.397880879705898, ""final_projected_cell"": [18, 9], ""last_known_world"": [-313.22796630859375, 221.06105041503906, 0.1715134084224701], ""observer_pose_source"": ""live_location_sensor"", ""orientation_source"": ""live_orientation_sensor"", ""projection_matches_target"": true, ""standoff_anchor_cell"": [18, 12], ""standoff_anchor_world"": [-280.0, 220.0, 0.0], ""target_cell"": [18, 9], ""target_world"": [-310.0, 220.0, 0.0]}, ""1"": {""arrived"": true, ""final_distance_to_target_m"": 3.614301231678323, ""final_projected_cell"": [49, 2], ""last_known_world"": [-379.3598937988281, -86.44283294677734, 0.17512254416942596], ""observer_pose_source"": ""live_location_sensor"", ""orientation_source"": ""live_orientation_sensor"", ""projection_matches_target"": true, ""standoff_anchor_cell"": [52, 2], ""standoff_anchor_world"": [-380.0, -120.0, 0.0], ""target_cell"": [49, 2], ""target_world"": [-380.0, -90.0, 0.0]}}, ""per_step_fallback_counts"": {""0"": 0, ""1"": 0}, ""policy_step"": 14, ""run_kind"": ""teammate_only"", ""standoff_anchor_cells"": {""0"": [18, 12], ""1"": [52, 2]}, ""standoff_anchor_world"": {""0"": [-280.0, 220.0, 0.0], ""1"": [-380.0, -120.0, 0.0]}, ""step_min_inter_vessel_distance_m"": 305.4569947478476, ""step_ticks"": 327, ""target_cells"": {""0"": [18, 9], ""1"": [49, 2]}, ""target_world"": {""0"": [-310.0, 220.0, 0.0], ""1"": [-380.0, -90.0, 0.0]}, ""timeout"": false}",True,True,True,[],[false],[null],False,running,12.114722,False,False,False,False
teammate_only,15,True,baseline_GP.marine_knownmap_runtime_2usv._joint_assign_two_usv_segments,baseline_GP_mainline_planner,False,12.34375,"[0, 1]",False,"[18, 39]","[53, 41]","[[18, 9], [18, 10], [18, 11], [18, 12], [18, 13], [18, 14], [18, 15], [18, 16], [18, 17]]","[[49, 2], [50, 2], [51, 2], [52, 2], [53, 2], [53, 3], [53, 4], [53, 5], [53, 6]]","[18, 10]","[50, 2]","[18, 13]","[53, 2]",baseline_GP_planner_committed_segment_lookahead,True,"{""0"": {""commit_remaining"": 4, ""committed_segment"": [[18, 9], [18, 10], [18, 11], [18, 12], [18, 13], [18, 14], [18, 15], [18, 16], [18, 17]], ""robot_pos"": [18, 9]}, ""1"": {""commit_remaining"": 4, ""committed_segment"": [[49, 2], [50, 2], [51, 2], [52, 2], [53, 2], [53, 3], [53, 4], [53, 5], [53, 6]], ""robot_pos"": [49, 2]}}","{""0"": {""commit_remaining"": 3, ""committed_segment"": [[18, 10], [18, 11], [18, 12], [18, 13], [18, 14], [18, 15], [18, 16], [18, 17]], ""robot_pos"": [18, 10]}, ""1"": {""commit_remaining"": 3, ""committed_segment"": [[50, 2], [51, 2], [52, 2], [53, 2], [53, 3], [53, 4], [53, 5], [53, 6]], ""robot_pos"": [50, 2]}}","{""0"": {""collision"": false, ""collision_cell"": null, ""move_success"": true, ""new_robot_pos"": [18, 10]}, ""1"": {""collision"": false, ""collision_cell"": null, ""move_success"": true, ""new_robot_pos"": [50, 2]}}","{""arrived"": {""0"": true, ""1"": true}, ""final_by_usv"": {""0"": {""arrived"": true, ""final_distance_to_target_m"": 3.39201041288274, ""final_projected_cell"": [18, 10], ""last_known_world"": [-303.2464599609375, 220.98297119140625, 0.17732368409633636], ""observer_pose_source"": ""live_location_sensor"", ""orientation_source"": ""live_orientation_sensor"", ""projection_matches_target"": true, ""standoff_anchor_cell"": [18, 13], ""standoff_anchor_world"": [-270.0, 220.0, 0.0], ""target_cell"": [18, 10], ""target_world"": [-300.0, 220.0, 0.0]}, ""1"": {""arrived"": true, ""final_distance_to_target_m"": 3.6399782538461505, ""final_projected_cell"": [50, 2], ""last_known_world"": [-380.35028076171875, -96.37691497802734, 0.18031884729862213], ""observer_pose_source"": ""live_location_sensor"", ""orientation_source"": ""live_orientation_sensor"", ""projection_matches_target"": true, ""standoff_anchor_cell"": [53, 2], ""standoff_anchor_world"": [-380.0, -130.0, 0.0], ""target_cell"": [50, 2], ""target_world"": [-380.0, -100.0, 0.0]}}, ""per_step_fallback_counts"": {""0"": 0, ""1"": 0}, ""policy_step"": 15, ""run_kind"": ""teammate_only"", ""standoff_anchor_cells"": {""0"": [18, 13], ""1"": [53, 2]}, ""standoff_anchor_world"": {""0"": [-270.0, 220.0, 0.0], ""1"": [-380.0, -130.0, 0.0]}, ""step_min_inter_vessel_distance_m"": 314.5561622154358, ""step_ticks"": 332, ""target_cells"": {""0"": [18, 10], ""1"": [50, 2]}, ""target_world"": {""0"": [-300.0, 220.0, 0.0], ""1"": [-380.0, -100.0, 0.0]}, ""timeout"": false}",True,True,True,[],[false],[null],False,running,12.130757,False,False,False,False
teammate_only,16,True,baseline_GP.marine_knownmap_runtime_2usv._joint_assign_two_usv_segments,baseline_GP_mainline_planner,False,14.68888888888889,"[0, 1]",False,"[18, 42]","[53, 41]","[[18, 10], [18, 11], [18, 12], [18, 13], [18, 14], [18, 15], [18, 16], [18, 17], [18, 18]]","[[50, 2], [51, 2], [52, 2], [53, 2], [53, 3], [53, 4], [53, 5], [53, 6], [53, 7]]","[18, 11]","[51, 2]","[18, 14]","[53, 3]",baseline_GP_planner_committed_segment_lookahead,True,"{""0"": {""commit_remaining"": 4, ""committed_segment"": [[18, 10], [18, 11], [18, 12], [18, 13], [18, 14], [18, 15], [18, 16], [18, 17], [18, 18]], ""robot_pos"": [18, 10]}, ""1"": {""commit_remaining"": 4, ""committed_segment"": [[50, 2], [51, 2], [52, 2], [53, 2], [53, 3], [53, 4], [53, 5], [53, 6], [53, 7]], ""robot_pos"": [50, 2]}}","{""0"": {""commit_remaining"": 3, ""committed_segment"": [[18, 11], [18, 12], [18, 13], [18, 14], [18, 15], [18, 16], [18, 17], [18, 18]], ""robot_pos"": [18, 11]}, ""1"": {""commit_remaining"": 3, ""committed_segment"": [[51, 2], [52, 2], [53, 2], [53, 3], [53, 4], [53, 5], [53, 6], [53, 7]], ""robot_pos"": [51, 2]}}","{""0"": {""collision"": false, ""collision_cell"": null, ""move_success"": true, ""new_robot_pos"": [18, 11]}, ""1"": {""collision"": false, ""collision_cell"": null, ""move_success"": true, ""new_robot_pos"": [51, 2]}}","{""arrived"": {""0"": true, ""1"": true}, ""final_by_usv"": {""0"": {""arrived"": true, ""final_distance_to_target_m"": 3.728577407902781, ""final_projected_cell"": [18, 11], ""last_known_world"": [-293.0442199707031, 222.1529083251953, 0.18187783658504486], ""observer_pose_source"": ""live_location_sensor"", ""orientation_source"": ""live_orientation_sensor"", ""projection_matches_target"": true, ""standoff_anchor_cell"": [18, 14], ""standoff_anchor_world"": [-260.0, 220.0, 0.0], ""target_cell"": [18, 11], ""target_world"": [-290.0, 220.0, 0.0]}, ""1"": {""arrived"": true, ""final_distance_to_target_m"": 3.4008408272864488, ""final_projected_cell"": [51, 2], ""last_known_world"": [-379.59698486328125, -106.62312316894531, 0.17563766241073608], ""observer_pose_source"": ""live_location_sensor"", ""orientation_source"": ""live_orientation_sensor"", ""projection_matches_target"": true, ""standoff_anchor_cell"": [53, 3], ""standoff_anchor_world"": [-370.0, -130.0, 0.0], ""target_cell"": [51, 2], ""target_world"": [-380.0, -110.0, 0.0]}}, ""per_step_fallback_counts"": {""0"": 0, ""1"": 0}, ""policy_step"": 16, ""run_kind"": ""teammate_only"", ""standoff_anchor_cells"": {""0"": [18, 14], ""1"": [53, 3]}, ""standoff_anchor_world"": {""0"": [-260.0, 220.0, 0.0], ""1"": [-370.0, -130.0, 0.0]}, ""step_min_inter_vessel_distance_m"": 326.61322870434225, ""step_ticks"": 334, ""target_cells"": {""0"": [18, 11], ""1"": [51, 2]}, ""target_world"": {""0"": [-290.0, 220.0, 0.0], ""1"": [-380.0, -110.0, 0.0]}, ""timeout"": false}",True,True,True,[],[false],[null],False,running,12.1771,False,False,False,False
teammate_only,17,True,baseline_GP.marine_knownmap_runtime_2usv._joint_assign_two_usv_segments,baseline_GP_mainline_planner,False,14.676923076923078,"[0, 1]",False,"[18, 42]","[53, 41]","[[18, 11], [18, 12], [18, 13], [18, 14], [18, 15], [18, 16], [18, 17], [18, 18], [18, 19]]","[[51, 2], [52, 2], [53, 2], [53, 3], [53, 4], [53, 5], [53, 6], [53, 7], [53, 8]]","[18, 12]","[52, 2]","[18, 15]","[53, 4]",baseline_GP_planner_committed_segment_lookahead,True,"{""0"": {""commit_remaining"": 4, ""committed_segment"": [[18, 11], [18, 12], [18, 13], [18, 14], [18, 15], [18, 16], [18, 17], [18, 18], [18, 19]], ""robot_pos"": [18, 11]}, ""1"": {""commit_remaining"": 4, ""committed_segment"": [[51, 2], [52, 2], [53, 2], [53, 3], [53, 4], [53, 5], [53, 6], [53, 7], [53, 8]], ""robot_pos"": [51, 2]}}","{""0"": {""commit_remaining"": 3, ""committed_segment"": [[18, 12], [18, 13], [18, 14], [18, 15], [18, 16], [18, 17], [18, 18], [18, 19]], ""robot_pos"": [18, 12]}, ""1"": {""commit_remaining"": 3, ""committed_segment"": [[52, 2], [53, 2], [53, 3], [53, 4], [53, 5], [53, 6], [53, 7], [53, 8]], ""robot_pos"": [52, 2]}}","{""0"": {""collision"": false, ""collision_cell"": null, ""move_success"": true, ""new_robot_pos"": [18, 12]}, ""1"": {""collision"": false, ""collision_cell"": null, ""move_success"": true, ""new_robot_pos"": [52, 2]}}","{""arrived"": {""0"": true, ""1"": true}, ""final_by_usv"": {""0"": {""arrived"": true, ""final_distance_to_target_m"": 4.3296766128580835, ""final_projected_cell"": [18, 12], ""last_known_world"": [-282.3365783691406, 223.6450653076172, 0.17069965600967407], ""observer_pose_source"": ""live_location_sensor"", ""orientation_source"": ""live_orientation_sensor"", ""projection_matches_target"": true, ""standoff_anchor_cell"": [18, 15], ""standoff_anchor_world"": [-250.0, 220.0, 0.0], ""target_cell"": [18, 12], ""target_world"": [-280.0, 220.0, 0.0]}, ""1"": {""arrived"": true, ""final_distance_to_target_m"": 4.3048080646615565, ""final_projected_cell"": [52, 2], ""last_known_world"": [-376.72607421875, -117.20486450195312, 0.17496652901172638], ""observer_pose_source"": ""live_location_sensor"", ""orientation_source"": ""live_orientation_sensor"", ""projection_matches_target"": true, ""standoff_anchor_cell"": [53, 4], ""standoff_anchor_world"": [-360.0, -130.0, 0.0], ""target_cell"": [52, 2], ""target_world"": [-380.0, -120.0, 0.0]}}, ""per_step_fallback_counts"": {""0"": 0, ""1"": 0}, ""policy_step"": 17, ""run_kind"": ""teammate_only"", ""standoff_anchor_cells"": {""0"": [18, 15], ""1"": [53, 4]}, ""standoff_anchor_world"": {""0"": [-250.0, 220.0, 0.0], ""1"": [-360.0, -130.0, 0.0]}, ""step_min_inter_vessel_distance_m"": 339.99309545078773, ""step_ticks"": 350, ""target_cells"": {""0"": [18, 12], ""1"": [52, 2]}, ""target_world"": {""0"": [-280.0, 220.0, 0.0], ""1"": [-380.0, -120.0, 0.0]}, ""timeout"": false}",True,True,True,[],[false],[null],False,running,12.826322,False,False,False,False
teammate_only,18,True,baseline_GP.marine_knownmap_runtime_2usv._joint_assign_two_usv_segments,baseline_GP_mainline_planner,False,14.679166666666667,"[0, 1]",False,"[18, 42]","[53, 41]","[[18, 12], [18, 13], [18, 14], [18, 15], [18, 16], [18, 17], [18, 18], [18, 19], [18, 20]]","[[52, 2], [53, 2], [53, 3], [53, 4], [53, 5], [53, 6], [53, 7], [53, 8], [53, 9]]","[18, 13]","[53, 2]","[18, 16]","[53, 5]",baseline_GP_planner_committed_segment_lookahead,True,"{""0"": {""commit_remaining"": 4, ""committed_segment"": [[18, 12], [18, 13], [18, 14], [18, 15], [18, 16], [18, 17], [18, 18], [18, 19], [18, 20]], ""robot_pos"": [18, 12]}, ""1"": {""commit_remaining"": 4, ""committed_segment"": [[52, 2], [53, 2], [53, 3], [53, 4], [53, 5], [53, 6], [53, 7], [53, 8], [53, 9]], ""robot_pos"": [52, 2]}}","{""0"": {""commit_remaining"": 3, ""committed_segment"": [[18, 13], [18, 14], [18, 15], [18, 16], [18, 17], [18, 18], [18, 19], [18, 20]], ""robot_pos"": [18, 13]}, ""1"": {""commit_remaining"": 3, ""committed_segment"": [[53, 2], [53, 3], [53, 4], [53, 5], [53, 6], [53, 7], [53, 8], [53, 9]], ""robot_pos"": [53, 2]}}","{""0"": {""collision"": false, ""collision_cell"": null, ""move_success"": true, ""new_robot_pos"": [18, 13]}, ""1"": {""collision"": false, ""collision_cell"": null, ""move_success"": true, ""new_robot_pos"": [53, 2]}}","{""arrived"": {""0"": true, ""1"": true}, ""final_by_usv"": {""0"": {""arrived"": true, ""final_distance_to_target_m"": 1.9107496733266833, ""final_projected_cell"": [18, 13], ""last_known_world"": [-271.6934509277344, 219.11502075195312, 0.5913140177726746], ""observer_pose_source"": ""live_location_sensor"", ""orientation_source"": ""live_orientation_sensor"", ""projection_matches_target"": true, ""standoff_anchor_cell"": [18, 16], ""standoff_anchor_world"": [-240.0, 220.0, 0.0], ""target_cell"": [18, 13], ""target_world"": [-270.0, 220.0, 0.0]}, ""1"": {""arrived"": true, ""final_distance_to_target_m"": 4.590005595747396, ""final_projected_cell"": [53, 2], ""last_known_world"": [-379.8552551269531, -125.41227722167969, 0.17248821258544922], ""observer_pose_source"": ""live_location_sensor"", ""orientation_source"": ""live_orientation_sensor"", ""projection_matches_target"": true, ""standoff_anchor_cell"": [53, 5], ""standoff_anchor_world"": [-350.0, -130.0, 0.0], ""target_cell"": [53, 2], ""target_world"": [-380.0, -130.0, 0.0]}}, ""per_step_fallback_counts"": {""0"": 0, ""1"": 0}, ""policy_step"": 18, ""run_kind"": ""teammate_only"", ""standoff_anchor_cells"": {""0"": [18, 16], ""1"": [53, 5]}, ""standoff_anchor_world"": {""0"": [-240.0, 220.0, 0.0], ""1"": [-350.0, -130.0, 0.0]}, ""step_min_inter_vessel_distance_m"": 353.6824761213385, ""step_ticks"": 363, ""target_cells"": {""0"": [18, 13], ""1"": [53, 2]}, ""target_world"": {""0"": [-270.0, 220.0, 0.0], ""1"": [-380.0, -130.0, 0.0]}, ""timeout"": false}",True,True,True,[],[false],[null],False,running,13.681481,False,False,False,False
teammate_only,19,True,baseline_GP.marine_knownmap_runtime_2usv._joint_assign_two_usv_segments,baseline_GP_mainline_planner,False,13.62798638360166,"[0, 1]",False,"[24, 11]","[53, 42]","[[18, 13], [19, 13], [20, 13], [21, 13], [22, 13], [23, 13], [24, 13], [24, 12], [24, 11]]","[[53, 2], [53, 3], [53, 4], [53, 5], [53, 6], [53, 7], [53, 8], [53, 9], [53, 10]]","[19, 13]","[53, 3]","[22, 13]","[53, 6]",baseline_GP_planner_committed_segment_lookahead,True,"{""0"": {""commit_remaining"": 4, ""committed_segment"": [[18, 13], [19, 13], [20, 13], [21, 13], [22, 13], [23, 13], [24, 13], [24, 12], [24, 11]], ""robot_pos"": [18, 13]}, ""1"": {""commit_remaining"": 4, ""committed_segment"": [[53, 2], [53, 3], [53, 4], [53, 5], [53, 6], [53, 7], [53, 8], [53, 9], [53, 10]], ""robot_pos"": [53, 2]}}","{""0"": {""commit_remaining"": 3, ""committed_segment"": [[19, 13], [20, 13], [21, 13], [22, 13], [23, 13], [24, 13], [24, 12], [24, 11]], ""robot_pos"": [19, 13]}, ""1"": {""commit_remaining"": 3, ""committed_segment"": [[53, 3], [53, 4], [53, 5], [53, 6], [53, 7], [53, 8], [53, 9], [53, 10]], ""robot_pos"": [53, 3]}}","{""0"": {""collision"": false, ""collision_cell"": null, ""move_success"": true, ""new_robot_pos"": [19, 13]}, ""1"": {""collision"": false, ""collision_cell"": null, ""move_success"": true, ""new_robot_pos"": [53, 3]}}","{""arrived"": {""0"": true, ""1"": true}, ""final_by_usv"": {""0"": {""arrived"": true, ""final_distance_to_target_m"": 3.6071490118493634, ""final_projected_cell"": [19, 13], ""last_known_world"": [-271.3246154785156, 213.35513305664062, 0.17912648618221283], ""observer_pose_source"": ""live_location_sensor"", ""orientation_source"": ""live_orientation_sensor"", ""projection_matches_target"": true, ""standoff_anchor_cell"": [22, 13], ""standoff_anchor_world"": [-270.0, 180.0, 0.0], ""target_cell"": [19, 13], ""target_world"": [-270.0, 210.0, 0.0]}, ""1"": {""arrived"": true, ""final_distance_to_target_m"": 1.5451051775702196, ""final_projected_cell"": [53, 3], ""last_known_world"": [-371.4823303222656, -130.43594360351562, 0.19659122824668884], ""observer_pose_source"": ""live_location_sensor"", ""orientation_source"": ""live_orientation_sensor"", ""projection_matches_target"": true, ""standoff_anchor_cell"": [53, 6], ""standoff_anchor_world"": [-340.0, -130.0, 0.0], ""target_cell"": [53, 3], ""target_world"": [-370.0, -130.0, 0.0]}}, ""per_step_fallback_counts"": {""0"": 0, ""1"": 0}, ""policy_step"": 19, ""run_kind"": ""teammate_only"", ""standoff_anchor_cells"": {""0"": [22, 13], ""1"": [53, 6]}, ""standoff_anchor_world"": {""0"": [-270.0, 180.0, 0.0], ""1"": [-340.0, -130.0, 0.0]}, ""step_min_inter_vessel_distance_m"": 358.07998031734144, ""step_ticks"": 351, ""target_cells"": {""0"": [19, 13], ""1"": [53, 3]}, ""target_world"": {""0"": [-270.0, 210.0, 0.0], ""1"": [-370.0, -130.0, 0.0]}, ""timeout"": false}",True,True,True,[],[false],[null],False,running,13.702371,False,False,False,False
teammate_only,20,True,baseline_GP.marine_knownmap_runtime_2usv._joint_assign_two_usv_segments,baseline_GP_mainline_planner,False,13.928105210648244,"[0, 1]",False,"[27, 12]","[53, 40]","[[19, 13], [20, 13], [21, 13], [22, 13], [23, 13], [24, 13], [25, 13], [26, 13], [27, 13]]","[[53, 3], [53, 4], [53, 5], [53, 6], [53, 7], [53, 8], [53, 9], [53, 10], [53, 11]]","[20, 13]","[53, 4]","[23, 13]","[53, 7]",baseline_GP_planner_committed_segment_lookahead,True,"{""0"": {""commit_remaining"": 4, ""committed_segment"": [[19, 13], [20, 13], [21, 13], [22, 13], [23, 13], [24, 13], [25, 13], [26, 13], [27, 13]], ""robot_pos"": [19, 13]}, ""1"": {""commit_remaining"": 4, ""committed_segment"": [[53, 3], [53, 4], [53, 5], [53, 6], [53, 7], [53, 8], [53, 9], [53, 10], [53, 11]], ""robot_pos"": [53, 3]}}","{""0"": {""commit_remaining"": 3, ""committed_segment"": [[20, 13], [21, 13], [22, 13], [23, 13], [24, 13], [25, 13], [26, 13], [27, 13]], ""robot_pos"": [20, 13]}, ""1"": {""commit_remaining"": 3, ""committed_segment"": [[53, 4], [53, 5], [53, 6], [53, 7], [53, 8], [53, 9], [53, 10], [53, 11]], ""robot_pos"": [53, 4]}}","{""0"": {""collision"": false, ""collision_cell"": null, ""move_success"": true, ""new_robot_pos"": [20, 13]}, ""1"": {""collision"": false, ""collision_cell"": null, ""move_success"": true, ""new_robot_pos"": [53, 4]}}","{""arrived"": {""0"": true, ""1"": true}, ""final_by_usv"": {""0"": {""arrived"": true, ""final_distance_to_target_m"": 3.339606701792954, ""final_projected_cell"": [20, 13], ""last_known_world"": [-270.3076171875, 203.32540893554688, 0.17787505686283112], ""observer_pose_source"": ""live_location_sensor"", ""orientation_source"": ""live_orientation_sensor"", ""projection_matches_target"": true, ""standoff_anchor_cell"": [23, 13], ""standoff_anchor_world"": [-270.0, 170.0, 0.0], ""target_cell"": [20, 13], ""target_world"": [-270.0, 200.0, 0.0]}, ""1"": {""arrived"": true, ""final_distance_to_target_m"": 3.6240749603459648, ""final_projected_cell"": [53, 4], ""last_known_world"": [-363.54547119140625, -129.24929809570312, 0.18033936619758606], ""observer_pose_source"": ""live_location_sensor"", ""orientation_source"": ""live_orientation_sensor"", ""projection_matches_target"": true, ""standoff_anchor_cell"": [53, 7], ""standoff_anchor_world"": [-330.0, -130.0, 0.0], ""target_cell"": [53, 4], ""target_world"": [-360.0, -130.0, 0.0]}}, ""per_step_fallback_counts"": {""0"": 0, ""1"": 0}, ""policy_step"": 20, ""run_kind"": ""teammate_only"", ""standoff_anchor_cells"": {""0"": [23, 13], ""1"": [53, 7]}, ""standoff_anchor_world"": {""0"": [-270.0, 170.0, 0.0], ""1"": [-330.0, -130.0, 0.0]}, ""step_min_inter_vessel_distance_m"": 345.3705865654722, ""step_ticks"": 333, ""target_cells"": {""0"": [20, 13], ""1"": [53, 4]}, ""target_world"": {""0"": [-270.0, 200.0, 0.0], ""1"": [-360.0, -130.0, 0.0]}, ""timeout"": false}",True,True,True,[],[false],[null],False,running,11.278374,False,False,False,False
