step,policy_name,clue_acquisition_mode,anomaly_conditional_alpha,anomaly_conditional_triggered,anomaly_gate_reason,anomaly_top_mass_ratio,anomaly_entropy_norm,anomaly_hotspot_stability,anomaly_pre_first_alpha_capped,mode,robot_cell,viewpoint_cell,segment_endpoint_cell,anchor_cell,anchor_source,anchor_centroid_cell,anchor_cluster_size,anchor_cluster_peak,anchor_cluster_mean,viewpoint_rule,replanned_this_step,replan_reason,commit_remaining,planned_commit_window,commit_policy,path_length_current,planned_segment_length,planned_viewpoint_path_length,segment_path_length,fraction_of_path_executed_before_replan,switch_count,explore_utility_raw,explore_utility_norm,focus_utility_raw,focus_utility_norm,recency_utility_raw,recency_utility_norm,search_info_gain_raw,search_info_gain_norm,recency_bias_raw,recency_bias_norm,exec_cost_raw,exec_cost_norm,clearance_penalty_raw,segment_min_clearance_cells,segment_mean_clearance_cells,near_obstacle_step_flag,near_obstacle_step_ratio,path_safety_mode,planner_adaptation_mode,safe_nav_lambda_clearance,marginal_information_gain_raw,marginal_information_gain_norm,execution_cost_raw,execution_cost_norm,continuity_bonus_raw,continuity_bonus_anchor_raw,continuity_bonus_viewpoint_raw,marginal_information_gain_score_term,recency_bias_score_term,execution_cost_score_term,continuity_bonus_score_term,maneuver_penalty_raw,maneuver_penalty_score_term,segment_turn_count,alpha_focus,kappa_commit,same_anchor_cluster,viewpoint_drift_norm,anchor_retention_bonus,viewpoint_retention_bonus,anchor_info_clue_share,anchor_info_intensity_share,candidate_pool_size,reachable_pool_size,a_star_checked_pool_size,selected_viewpoint_rank,sampling_priority_raw,sampling_priority_norm,viewpoint_sampling_mode,selected_by_final_score,sssp_build_time_ms,path_reconstruct_time_ms,sampling_pool_build_time_ms,priority_feature_time_ms,tree_depth,tree_first_layer_top_m,tree_second_layer_top_n,tree_discount_gamma,tree_root_rank,tree_child_rank,tree_root_score_raw,tree_child_score_raw,tree_total_score,tree_conditional_gain_lvl2,tree_redundant_visible_ratio_lvl2,tree_unique_visible_count_lvl1,tree_unique_visible_count_lvl2,tree_expansion_count,tree_planning_time_ms,tree_child_oracle_score_raw,tree_child_budget_score_raw,tree_child_oracle_gap_raw,tree_child_oracle_rank_of_budgeted,tree_child_budget_matches_oracle,tree_child_oracle_viewpoint_cell,tree_child_budget_viewpoint_cell,tree_child_full_candidate_count,u_turn_penalty_term,u_turn_penalty_applied,planned_first_move_dir,current_viewpoint_score,best_alternative_score,total_score,anchor_switch_count,focus_anchor_active,focus_on_anchor_cluster_steps,time_since_last_detection,remaining_intensity_mass,peak_intensity_ratio,known_free_observation_ratio,search_info_map_peak,search_info_map_mean,anomaly_viewpoint_prob,anomaly_viewpoint_weight,anomaly_viewpoint_acq,anomaly_visible_mean,selected_in_anomaly_top_band,effective_observation_gain,stale_refresh_ratio,detected_count_this_step,collision_this_step,collision_cell,path_invalidations_per_episode
1,marine_knownmap_path_v2_infosampled,ucb,0.0,False,mode_not_conditional,0.0,0.0,1.0,False,SEARCH,"(1, 2)","(18, 28)","(2, 8)","(20, 31)",search_info,"(20, 31)",1855,1.0,0.980418075242217,simple_ring_priority,True,initial_plan|commit_expired|segment_empty,4,4,adaptive_knownmap_soft,8,8,44,8,0.0,1,44.26863961953124,0.0,4.954098996577424,0.0,0.0,0.0,49.222738616108664,0.0,0.0,0.0,8.625,0.0,0.125,1.0,1.875,True,0.125,soft_clearance_astar_v1,adaptive,1.0,49.222738616108664,0.0,8.625,0.0,0.0,0.0,0.0,0.0,0.0,-0.0,0.0,0.0,-0.0,2,0.0,0.0,False,0.0,0.0,0.0,0.4906534527088531,0.5093465472911468,24,24,24,1,0.1438580958803981,1.0,simple_ring,True,4.082000001289998,0.07789999835949857,0.29529999847,0.19659999816212803,1,0,0,0.0,0,0,0.0,0.0,0.0,0.0,0.0,0,0,0,0.0,0.0,0.0,0.0,0,False,,,0,0.0,False,"(0, 1)",0.0,0.0,0.0,0,True,1,21,3.0,1.0118744017673487,0.016537467700258397,1.0,0.9649912843324936,0.49999803634751505,1.6249975454343937,0.8128643151513818,0.609349574633589,False,0.1935483870967742,0.0,0,False,,0
2,marine_knownmap_path_v2_infosampled,ucb,0.0,False,mode_not_conditional,0.0,0.0,1.0,False,SEARCH,"(2, 2)","(18, 28)","(2, 8)","(20, 31)",search_info,"(20, 31)",1855,1.0,0.980418075242217,simple_ring_priority,False,,3,4,adaptive_knownmap_soft,7,8,44,8,0.125,1,44.26863961953124,0.0,4.954098996577424,0.0,0.0,0.0,49.222738616108664,0.0,0.0,0.0,8.625,0.0,0.125,1.0,1.875,True,0.125,soft_clearance_astar_v1,adaptive,1.0,49.222738616108664,0.0,8.625,0.0,0.0,0.0,0.0,0.0,0.0,-0.0,0.0,0.0,-0.0,2,0.0,0.0,False,0.0,0.0,0.0,0.4906534527088531,0.5093465472911468,24,24,24,1,0.1438580958803981,1.0,simple_ring,True,4.082000001289998,0.07789999835949857,0.29529999847,0.19659999816212803,1,0,0,0.0,0,0,0.0,0.0,0.0,0.0,0.0,0,0,0,0.0,0.0,0.0,0.0,0,False,,,0,0.0,False,"(0, 1)",0.0,0.0,0.0,0,True,2,22,3.0,1.0155015471255582,0.019638242894056846,1.0,0.9101066348514165,0.49999803634751505,1.6249975454343937,0.8128643151513818,0.609349574633589,False,0.16216216216216217,0.0,0,False,,0
3,marine_knownmap_path_v2_infosampled,ucb,0.0,False,mode_not_conditional,0.0,0.0,1.0,False,SEARCH,"(2, 3)","(18, 28)","(2, 8)","(20, 31)",search_info,"(20, 31)",1855,1.0,0.980418075242217,simple_ring_priority,False,,2,4,adaptive_knownmap_soft,6,8,44,8,0.25,1,44.26863961953124,0.0,4.954098996577424,0.0,0.0,0.0,49.222738616108664,0.0,0.0,0.0,8.625,0.0,0.125,1.0,1.875,True,0.125,soft_clearance_astar_v1,adaptive,1.0,49.222738616108664,0.0,8.625,0.0,0.0,0.0,0.0,0.0,0.0,-0.0,0.0,0.0,-0.0,2,0.0,0.0,False,0.0,0.0,0.0,0.4906534527088531,0.5093465472911468,24,24,24,1,0.1438580958803981,1.0,simple_ring,True,4.082000001289998,0.07789999835949857,0.29529999847,0.19659999816212803,1,0,0,0.0,0,0,0.0,0.0,0.0,0.0,0.0,0,0,0,0.0,0.0,0.0,0.0,0,False,,,0,0.0,False,"(0, 1)",0.0,0.0,0.0,0,True,3,23,3.0,1.0188068448968643,0.022739018087855296,1.0,0.9376877280879152,0.49999803634751505,1.6249975454343937,0.8128643151513818,0.609349574633589,False,0.13953488372093023,0.0,0,False,,0
4,marine_knownmap_path_v2_infosampled,ucb,0.0,False,mode_not_conditional,0.0,0.0,1.0,False,SEARCH,"(2, 4)","(18, 28)","(2, 8)","(20, 31)",search_info,"(20, 31)",1855,1.0,0.980418075242217,simple_ring_priority,False,,1,4,adaptive_knownmap_soft,5,8,44,8,0.375,1,44.26863961953124,0.0,4.954098996577424,0.0,0.0,0.0,49.222738616108664,0.0,0.0,0.0,8.625,0.0,0.125,1.0,1.875,True,0.125,soft_clearance_astar_v1,adaptive,1.0,49.222738616108664,0.0,8.625,0.0,0.0,0.0,0.0,0.0,0.0,-0.0,0.0,0.0,-0.0,2,0.0,0.0,False,0.0,0.0,0.0,0.4906534527088531,0.5093465472911468,24,24,24,1,0.1438580958803981,1.0,simple_ring,True,4.082000001289998,0.07789999835949857,0.29529999847,0.19659999816212803,1,0,0,0.0,0,0,0.0,0.0,0.0,0.0,0.0,0,0,0,0.0,0.0,0.0,0.0,0,False,,,0,0.0,False,"(0, 1)",0.0,0.0,0.0,0,True,4,24,3.0,1.0221514312685551,0.02635658914728682,1.0,0.9543573706909715,0.49999803634751505,1.6249975454343937,0.8128643151513818,0.609349574633589,False,0.14285714285714285,0.0,0,False,,0
5,marine_knownmap_path_v2_infosampled,ucb,0.0,False,mode_not_conditional,0.0,0.0,1.0,False,SEARCH,"(2, 5)","(18, 28)","(2, 8)","(20, 31)",search_info,"(20, 31)",1855,1.0,0.980418075242217,simple_ring_priority,False,,0,4,adaptive_knownmap_soft,4,8,44,8,0.5,1,44.26863961953124,0.0,4.954098996577424,0.0,0.0,0.0,49.222738616108664,0.0,0.0,0.0,8.625,0.0,0.125,1.0,1.875,True,0.125,soft_clearance_astar_v1,adaptive,1.0,49.222738616108664,0.0,8.625,0.0,0.0,0.0,0.0,0.0,0.0,-0.0,0.0,0.0,-0.0,2,0.0,0.0,False,0.0,0.0,0.0,0.4906534527088531,0.5093465472911468,24,24,24,1,0.1438580958803981,1.0,simple_ring,True,4.082000001289998,0.07789999835949857,0.29529999847,0.19659999816212803,1,0,0,0.0,0,0,0.0,0.0,0.0,0.0,0.0,0,0,0,0.0,0.0,0.0,0.0,0,False,,,0,0.0,False,"(0, 1)",0.0,0.0,0.0,0,True,5,25,2.999999999999999,1.0255537044616754,0.029974160206718347,1.0,0.9538240509832507,0.49999803634751505,1.6249975454343937,0.8128643151513818,0.609349574633589,False,0.12962962962962962,0.0,0,False,,0
6,marine_knownmap_path_v2_infosampled,ucb,0.0,False,mode_not_conditional,0.0,0.0,1.0,False,SEARCH,"(2, 6)","(17, 30)","(2, 13)","(20, 32)",search_info,"(20, 32)",1783,1.0,0.9968639706183883,simple_ring_priority,True,commit_expired,4,4,adaptive_knownmap_soft,8,8,40,8,0.625,2,47.12113961953124,0.0,4.570441273217913,0.0,0.0,0.0,51.69158089274916,0.0,0.0,0.0,8.0,0.0,0.0,2.0,2.0,False,0.0,soft_clearance_astar_v1,adaptive,1.0,51.69158089274916,0.0,8.0,0.0,0.0,0.0,0.0,0.0,0.0,-0.0,0.0,0.0,-0.0,0,0.0,0.0,True,0.447213595499958,0.0,0.0,0.49997570754732523,0.5000242924526748,24,24,24,1,0.3768007554761743,1.0,simple_ring,True,4.19049999982235,0.15609999900334515,0.7636999998794636,0.39960000140126795,1,0,0,0.0,0,0,0.0,0.0,0.0,0.0,0.0,0,0,0,0.0,0.0,0.0,0.0,0,False,,,0,0.0,False,"(0, 1)",0.0,0.0,0.0,0,True,6,26,3.0000000000000004,1.029002248929432,0.03359173126614987,1.0,0.8915409536832254,0.4999999960679243,1.6249999950849054,0.81286554031272,0.5884513777480981,False,0.12727272727272726,0.0,0,False,,0
7,marine_knownmap_path_v2_infosampled,ucb,0.0,False,mode_not_conditional,0.0,0.0,1.0,False,SEARCH,"(2, 7)","(17, 30)","(2, 13)","(20, 32)",search_info,"(20, 32)",1783,1.0,0.9968639706183883,simple_ring_priority,False,,3,4,adaptive_knownmap_soft,7,8,40,8,0.125,2,47.12113961953124,0.0,4.570441273217913,0.0,0.0,0.0,51.69158089274916,0.0,0.0,0.0,8.0,0.0,0.0,2.0,2.0,False,0.0,soft_clearance_astar_v1,adaptive,1.0,51.69158089274916,0.0,8.0,0.0,0.0,0.0,0.0,0.0,0.0,-0.0,0.0,0.0,-0.0,0,0.0,0.0,True,0.447213595499958,0.0,0.0,0.49997570754732523,0.5000242924526748,24,24,24,1,0.3768007554761743,1.0,simple_ring,True,4.19049999982235,0.15609999900334515,0.7636999998794636,0.39960000140126795,1,0,0,0.0,0,0,0.0,0.0,0.0,0.0,0.0,0,0,0,0.0,0.0,0.0,0.0,0,False,,,0,0.0,False,"(0, 1)",0.0,0.0,0.0,0,True,7,27,3.000000000000001,1.0324796756167443,0.037209302325581395,1.0,0.9452272456413457,0.4999999960679243,1.6249999950849054,0.81286554031272,0.5884513777480981,False,0.12727272727272726,0.0,0,False,,0
8,marine_knownmap_path_v2_infosampled,ucb,0.0,False,mode_not_conditional,0.0,0.0,1.0,False,SEARCH,"(2, 8)","(17, 30)","(2, 13)","(20, 32)",search_info,"(20, 32)",1783,1.0,0.9968639706183883,simple_ring_priority,False,,2,4,adaptive_knownmap_soft,6,8,40,8,0.25,2,47.12113961953124,0.0,4.570441273217913,0.0,0.0,0.0,51.69158089274916,0.0,0.0,0.0,8.0,0.0,0.0,2.0,2.0,False,0.0,soft_clearance_astar_v1,adaptive,1.0,51.69158089274916,0.0,8.0,0.0,0.0,0.0,0.0,0.0,0.0,-0.0,0.0,0.0,-0.0,0,0.0,0.0,True,0.447213595499958,0.0,0.0,0.49997570754732523,0.5000242924526748,24,24,24,1,0.3768007554761743,1.0,simple_ring,True,4.19049999982235,0.15609999900334515,0.7636999998794636,0.39960000140126795,1,0,0,0.0,0,0,0.0,0.0,0.0,0.0,0.0,0,0,0,0.0,0.0,0.0,0.0,0,False,,,0,0.0,False,"(0, 1)",0.0,0.0,0.0,0,True,8,28,2.999999999999999,1.0359818482443044,0.04082687338501292,1.0,0.9402459050875517,0.4999999960679243,1.6249999950849054,0.81286554031272,0.5884513777480981,False,0.12727272727272726,0.0,0,False,,0
9,marine_knownmap_path_v2_infosampled,ucb,0.0,False,mode_not_conditional,0.0,0.0,1.0,False,SEARCH,"(2, 9)","(17, 30)","(2, 13)","(20, 32)",search_info,"(20, 32)",1783,1.0,0.9968639706183883,simple_ring_priority,False,,1,4,adaptive_knownmap_soft,5,8,40,8,0.375,2,47.12113961953124,0.0,4.570441273217913,0.0,0.0,0.0,51.69158089274916,0.0,0.0,0.0,8.0,0.0,0.0,2.0,2.0,False,0.0,soft_clearance_astar_v1,adaptive,1.0,51.69158089274916,0.0,8.0,0.0,0.0,0.0,0.0,0.0,0.0,-0.0,0.0,0.0,-0.0,0,0.0,0.0,True,0.447213595499958,0.0,0.0,0.49997570754732523,0.5000242924526748,24,24,24,1,0.3768007554761743,1.0,simple_ring,True,4.19049999982235,0.15609999900334515,0.7636999998794636,0.39960000140126795,1,0,0,0.0,0,0,0.0,0.0,0.0,0.0,0.0,0,0,0,0.0,0.0,0.0,0.0,0,False,,,0,0.0,False,"(0, 1)",0.0,0.0,0.0,0,True,9,29,3.0,1.0395092829587607,0.044444444444444446,1.0,0.934747715356314,0.4999999960679243,1.6249999950849054,0.81286554031272,0.5884513777480981,False,0.12727272727272726,0.0,0,False,,0
10,marine_knownmap_path_v2_infosampled,ucb,0.0,False,mode_not_conditional,0.0,0.0,1.0,False,SEARCH,"(2, 10)","(17, 30)","(2, 13)","(20, 32)",search_info,"(20, 32)",1783,1.0,0.9968639706183883,simple_ring_priority,False,,0,4,adaptive_knownmap_soft,4,8,40,8,0.5,2,47.12113961953124,0.0,4.570441273217913,0.0,0.0,0.0,51.69158089274916,0.0,0.0,0.0,8.0,0.0,0.0,2.0,2.0,False,0.0,soft_clearance_astar_v1,adaptive,1.0,51.69158089274916,0.0,8.0,0.0,0.0,0.0,0.0,0.0,0.0,-0.0,0.0,0.0,-0.0,0,0.0,0.0,True,0.447213595499958,0.0,0.0,0.49997570754732523,0.5000242924526748,24,24,24,1,0.3768007554761743,1.0,simple_ring,True,4.19049999982235,0.15609999900334515,0.7636999998794636,0.39960000140126795,1,0,0,0.0,0,0,0.0,0.0,0.0,0.0,0.0,0,0,0,0.0,0.0,0.0,0.0,0,False,,,0,0.0,False,"(0, 1)",0.0,0.0,0.0,0,True,10,30,3.0,1.0430612854455217,0.04806201550387597,1.0,0.9162949339461788,0.4999999960679243,1.6249999950849054,0.81286554031272,0.5884513777480981,False,0.12727272727272726,0.0,0,False,,0
11,marine_knownmap_path_v2_infosampled,ucb,0.0,False,mode_not_conditional,0.0,0.0,1.0,False,SEARCH,"(2, 11)","(18, 31)","(2, 18)","(21, 33)",search_info,"(21, 33)",1727,1.0,0.977831680029058,simple_ring_priority,True,commit_expired,4,4,adaptive_knownmap_soft,8,8,37,8,0.625,3,47.12113961953124,0.0,4.988842543787175,0.0,0.0,0.0,52.10998216331842,0.0,0.0,0.0,8.0,0.0,0.0,2.0,2.0,False,0.0,soft_clearance_astar_v1,adaptive,1.0,52.10998216331842,0.0,8.0,0.0,0.0,0.0,0.0,0.0,0.0,-0.0,0.0,0.0,-0.0,0,0.0,0.0,True,0.282842712474619,0.0,0.0,0.4898136351641206,0.5101863648358794,24,24,24,1,0.49095257394464387,1.0,simple_ring,True,4.095800000868621,0.1506000007793773,0.5942000007053139,0.43060000280092936,1,0,0,0.0,0,0,0.0,0.0,0.0,0.0,0.0,0,0,0,0.0,0.0,0.0,0.0,0,False,,,0,0.0,False,"(0, 1)",0.0,0.0,0.0,0,True,11,31,3.0000000000000004,1.0466378238758112,0.05167958656330749,1.0,0.9250931697846166,0.4980624139226606,1.6225780174033257,0.8116540790605895,0.5771294771176454,False,0.12727272727272726,0.0,0,False,,0
12,marine_knownmap_path_v2_infosampled,ucb,0.0,False,mode_not_conditional,0.0,0.0,1.0,False,SEARCH,"(2, 12)","(18, 31)","(2, 18)","(21, 33)",search_info,"(21, 33)",1727,1.0,0.977831680029058,simple_ring_priority,False,,3,4,adaptive_knownmap_soft,7,8,37,8,0.125,3,47.12113961953124,0.0,4.988842543787175,0.0,0.0,0.0,52.10998216331842,0.0,0.0,0.0,8.0,0.0,0.0,2.0,2.0,False,0.0,soft_clearance_astar_v1,adaptive,1.0,52.10998216331842,0.0,8.0,0.0,0.0,0.0,0.0,0.0,0.0,-0.0,0.0,0.0,-0.0,0,0.0,0.0,True,0.282842712474619,0.0,0.0,0.4898136351641206,0.5101863648358794,24,24,24,1,0.49095257394464387,1.0,simple_ring,True,4.095800000868621,0.1506000007793773,0.5942000007053139,0.43060000280092936,1,0,0,0.0,0,0,0.0,0.0,0.0,0.0,0.0,0,0,0,0.0,0.0,0.0,0.0,0,False,,,0,0.0,False,"(0, 1)",0.0,0.0,0.0,0,True,12,32,2.999999999999999,1.0502389900087805,0.05529715762273902,1.0,0.9142276242552657,0.4980624139226606,1.6225780174033257,0.8116540790605895,0.5771294771176454,False,0.12727272727272726,0.0,0,False,,0
13,marine_knownmap_path_v2_infosampled,ucb,0.0,False,mode_not_conditional,0.0,0.0,1.0,False,SEARCH,"(2, 13)","(18, 31)","(2, 18)","(21, 33)",search_info,"(21, 33)",1727,1.0,0.977831680029058,simple_ring_priority,False,,2,4,adaptive_knownmap_soft,6,8,37,8,0.25,3,47.12113961953124,0.0,4.988842543787175,0.0,0.0,0.0,52.10998216331842,0.0,0.0,0.0,8.0,0.0,0.0,2.0,2.0,False,0.0,soft_clearance_astar_v1,adaptive,1.0,52.10998216331842,0.0,8.0,0.0,0.0,0.0,0.0,0.0,0.0,-0.0,0.0,0.0,-0.0,0,0.0,0.0,True,0.282842712474619,0.0,0.0,0.4898136351641206,0.5101863648358794,24,24,24,1,0.49095257394464387,1.0,simple_ring,True,4.095800000868621,0.1506000007793773,0.5942000007053139,0.43060000280092936,1,0,0,0.0,0,0,0.0,0.0,0.0,0.0,0.0,0,0,0,0.0,0.0,0.0,0.0,0,False,,,0,0.0,False,"(0, 1)",0.0,0.0,0.0,0,True,13,33,2.999999999999999,1.0538650227606197,0.05891472868217054,1.0,0.9185553554379289,0.4980624139226606,1.6225780174033257,0.8116540790605895,0.5771294771176454,False,0.12727272727272726,0.0,0,False,,0
14,marine_knownmap_path_v2_infosampled,ucb,0.0,False,mode_not_conditional,0.0,0.0,1.0,False,SEARCH,"(2, 14)","(18, 31)","(2, 18)","(21, 33)",search_info,"(21, 33)",1727,1.0,0.977831680029058,simple_ring_priority,False,,1,4,adaptive_knownmap_soft,5,8,37,8,0.375,3,47.12113961953124,0.0,4.988842543787175,0.0,0.0,0.0,52.10998216331842,0.0,0.0,0.0,8.0,0.0,0.0,2.0,2.0,False,0.0,soft_clearance_astar_v1,adaptive,1.0,52.10998216331842,0.0,8.0,0.0,0.0,0.0,0.0,0.0,0.0,-0.0,0.0,0.0,-0.0,0,0.0,0.0,True,0.282842712474619,0.0,0.0,0.4898136351641206,0.5101863648358794,24,24,24,1,0.49095257394464387,1.0,simple_ring,True,4.095800000868621,0.1506000007793773,0.5942000007053139,0.43060000280092936,1,0,0,0.0,0,0,0.0,0.0,0.0,0.0,0.0,0,0,0,0.0,0.0,0.0,0.0,0,False,,,0,0.0,False,"(0, 1)",0.0,0.0,0.0,0,True,14,34,3.0,1.0575161805855355,0.06253229974160207,1.0,0.9014154498776196,0.4980624139226606,1.6225780174033257,0.8116540790605895,0.5771294771176454,False,0.12727272727272726,0.0,0,False,,0
15,marine_knownmap_path_v2_infosampled,ucb,0.0,False,mode_not_conditional,0.0,0.0,1.0,False,SEARCH,"(2, 15)","(18, 31)","(2, 18)","(21, 33)",search_info,"(21, 33)",1727,1.0,0.977831680029058,simple_ring_priority,False,,0,4,adaptive_knownmap_soft,4,8,37,8,0.5,3,47.12113961953124,0.0,4.988842543787175,0.0,0.0,0.0,52.10998216331842,0.0,0.0,0.0,8.0,0.0,0.0,2.0,2.0,False,0.0,soft_clearance_astar_v1,adaptive,1.0,52.10998216331842,0.0,8.0,0.0,0.0,0.0,0.0,0.0,0.0,-0.0,0.0,0.0,-0.0,0,0.0,0.0,True,0.282842712474619,0.0,0.0,0.4898136351641206,0.5101863648358794,24,24,24,1,0.49095257394464387,1.0,simple_ring,True,4.095800000868621,0.1506000007793773,0.5942000007053139,0.43060000280092936,1,0,0,0.0,0,0,0.0,0.0,0.0,0.0,0.0,0,0,0,0.0,0.0,0.0,0.0,0,False,,,0,0.0,False,"(0, 1)",0.0,0.0,0.0,0,True,15,35,3.0,1.0611927255318896,0.06614987080103359,1.0,0.886932284038326,0.4980624139226606,1.6225780174033257,0.8116540790605895,0.5771294771176454,False,0.12727272727272726,0.0,0,False,,0
16,marine_knownmap_path_v2_infosampled,ucb,0.0,False,mode_not_conditional,0.0,0.0,1.0,False,SEARCH,"(2, 16)","(18, 31)","(2, 23)","(21, 33)",search_info,"(21, 33)",1673,1.0,0.9662687553169277,simple_ring_priority,True,commit_expired,4,4,adaptive_knownmap_soft,8,8,32,8,0.625,3,47.12113961953124,0.0,5.222385611302711,0.0,0.0,0.0,52.343525230833954,0.0,0.0,0.0,8.0,0.0,0.0,2.0,2.0,False,0.0,soft_clearance_astar_v1,adaptive,1.0,52.343525230833954,0.0,8.0,0.0,0.0,0.0,0.0,0.0,0.0,-0.0,0.0,0.0,-0.0,0,0.0,0.0,True,0.0,0.0,0.0,0.4831755860541628,0.5168244139458372,24,24,24,1,0.7184020321585094,1.0,simple_ring,True,4.077999999935855,0.07089999962772708,0.24619999931019265,0.19680000514199492,1,0,0,0.0,0,0,0.0,0.0,0.0,0.0,0.0,0,0,0,0.0,0.0,0.0,0.0,0,False,,,0,0.0,False,"(0, 1)",0.0,0.0,0.0,0,True,16,36,3.0,1.0648949233048886,0.06976744186046512,1.0,0.8887594150560857,0.49425974770674497,1.6178246846334312,0.8092823131685237,0.5102498521173119,False,0.12727272727272726,0.0,0,False,,0
17,marine_knownmap_path_v2_infosampled,ucb,0.0,False,mode_not_conditional,0.0,0.0,1.0,False,SEARCH,"(2, 17)","(18, 31)","(2, 23)","(21, 33)",search_info,"(21, 33)",1673,1.0,0.9662687553169277,simple_ring_priority,False,,3,4,adaptive_knownmap_soft,7,8,32,8,0.125,3,47.12113961953124,0.0,5.222385611302711,0.0,0.0,0.0,52.343525230833954,0.0,0.0,0.0,8.0,0.0,0.0,2.0,2.0,False,0.0,soft_clearance_astar_v1,adaptive,1.0,52.343525230833954,0.0,8.0,0.0,0.0,0.0,0.0,0.0,0.0,-0.0,0.0,0.0,-0.0,0,0.0,0.0,True,0.0,0.0,0.0,0.4831755860541628,0.5168244139458372,24,24,24,1,0.7184020321585094,1.0,simple_ring,True,4.077999999935855,0.07089999962772708,0.24619999931019265,0.19680000514199492,1,0,0,0.0,0,0,0.0,0.0,0.0,0.0,0.0,0,0,0,0.0,0.0,0.0,0.0,0,False,,,0,0.0,False,"(0, 1)",0.0,0.0,0.0,0,True,17,37,3.0000000000000004,1.0686230433305994,0.07338501291989664,1.0,0.8831715628727669,0.49425974770674497,1.6178246846334312,0.8092823131685237,0.5102498521173119,False,0.12727272727272726,0.0,0,False,,0
18,marine_knownmap_path_v2_infosampled,ucb,0.0,False,mode_not_conditional,0.0,0.0,1.0,False,SEARCH,"(2, 18)","(18, 31)","(2, 23)","(21, 33)",search_info,"(21, 33)",1673,1.0,0.9662687553169277,simple_ring_priority,False,,2,4,adaptive_knownmap_soft,6,8,32,8,0.25,3,47.12113961953124,0.0,5.222385611302711,0.0,0.0,0.0,52.343525230833954,0.0,0.0,0.0,8.0,0.0,0.0,2.0,2.0,False,0.0,soft_clearance_astar_v1,adaptive,1.0,52.343525230833954,0.0,8.0,0.0,0.0,0.0,0.0,0.0,0.0,-0.0,0.0,0.0,-0.0,0,0.0,0.0,True,0.0,0.0,0.0,0.4831755860541628,0.5168244139458372,24,24,24,1,0.7184020321585094,1.0,simple_ring,True,4.077999999935855,0.07089999962772708,0.24619999931019265,0.19680000514199492,1,0,0,0.0,0,0,0.0,0.0,0.0,0.0,0.0,0,0,0,0.0,0.0,0.0,0.0,0,False,,,0,0.0,False,"(0, 1)",0.0,0.0,0.0,0,True,18,38,3.0,1.0723773588213088,0.07700258397932816,1.0,0.8556252017515238,0.49425974770674497,1.6178246846334312,0.8092823131685237,0.5102498521173119,False,0.12727272727272726,0.0,0,False,,0
19,marine_knownmap_path_v2_infosampled,ucb,0.0,False,mode_not_conditional,0.0,0.0,1.0,False,SEARCH,"(2, 19)","(18, 31)","(2, 23)","(21, 33)",search_info,"(21, 33)",1673,1.0,0.9662687553169277,simple_ring_priority,False,,1,4,adaptive_knownmap_soft,5,8,32,8,0.375,3,47.12113961953124,0.0,5.222385611302711,0.0,0.0,0.0,52.343525230833954,0.0,0.0,0.0,8.0,0.0,0.0,2.0,2.0,False,0.0,soft_clearance_astar_v1,adaptive,1.0,52.343525230833954,0.0,8.0,0.0,0.0,0.0,0.0,0.0,0.0,-0.0,0.0,0.0,-0.0,0,0.0,0.0,True,0.0,0.0,0.0,0.4831755860541628,0.5168244139458372,24,24,24,1,0.7184020321585094,1.0,simple_ring,True,4.077999999935855,0.07089999962772708,0.24619999931019265,0.19680000514199492,1,0,0,0.0,0,0,0.0,0.0,0.0,0.0,0.0,0,0,0,0.0,0.0,0.0,0.0,0,False,,,0,0.0,False,"(0, 1)",0.0,0.0,0.0,0,True,19,39,3.0,1.0761581468422652,0.08062015503875969,1.0,0.8910846893643753,0.49425974770674497,1.6178246846334312,0.8092823131685237,0.5102498521173119,False,0.12727272727272726,0.0,0,False,,0
20,marine_knownmap_path_v2_infosampled,ucb,0.0,False,mode_not_conditional,0.0,0.0,1.0,False,SEARCH,"(2, 20)","(18, 31)","(2, 23)","(21, 33)",search_info,"(21, 33)",1673,1.0,0.9662687553169277,simple_ring_priority,False,,0,4,adaptive_knownmap_soft,4,8,32,8,0.5,3,47.12113961953124,0.0,5.222385611302711,0.0,0.0,0.0,52.343525230833954,0.0,0.0,0.0,8.0,0.0,0.0,2.0,2.0,False,0.0,soft_clearance_astar_v1,adaptive,1.0,52.343525230833954,0.0,8.0,0.0,0.0,0.0,0.0,0.0,0.0,-0.0,0.0,0.0,-0.0,0,0.0,0.0,True,0.0,0.0,0.0,0.4831755860541628,0.5168244139458372,24,24,24,1,0.7184020321585094,1.0,simple_ring,True,4.077999999935855,0.07089999962772708,0.24619999931019265,0.19680000514199492,1,0,0,0.0,0,0,0.0,0.0,0.0,0.0,0.0,0,0,0,0.0,0.0,0.0,0.0,0,False,,,0,0.0,False,"(0, 1)",0.0,0.0,0.0,0,True,20,40,3.0,1.0799656883798439,0.08423772609819122,1.0,0.8875326635965999,0.49425974770674497,1.6178246846334312,0.8092823131685237,0.5102498521173119,False,0.12727272727272726,0.0,0,False,,0
21,marine_knownmap_path_v2_infosampled,ucb,0.0,False,mode_not_conditional,0.0,0.0,1.0,False,SEARCH,"(2, 21)","(20, 30)","(2, 28)","(22, 33)",search_info,"(22, 33)",1612,1.0,0.9924199820503304,simple_ring_priority,True,commit_expired,4,4,adaptive_knownmap_soft,8,8,28,8,0.625,4,47.12113961953124,0.0,4.7886484338253705,0.0,0.0,0.0,51.909788053356614,0.0,0.0,0.0,8.0,0.0,0.0,2.0,2.0,False,0.0,soft_clearance_astar_v1,adaptive,1.0,51.909788053356614,0.0,8.0,0.0,0.0,0.0,0.0,0.0,0.0,-0.0,0.0,0.0,-0.0,0,0.0,0.0,True,0.447213595499958,0.0,0.0,0.49906034325810233,0.5009396567418977,24,24,24,1,0.9733498612957974,1.0,simple_ring,True,3.9307000006374437,0.10450000081618782,0.47050000102899503,0.34819998836610466,1,0,0,0.0,0,0,0.0,0.0,0.0,0.0,0.0,0,0,0,0.0,0.0,0.0,0.0,0,False,,,0,0.0,False,"(0, 1)",0.0,0.0,0.0,0,True,21,41,3.0000000000000004,1.0838002684111547,0.08785529715762273,1.0,0.882620915762228,0.49530442042518924,1.6191305255314865,0.8099281865245151,0.5219752108445574,False,0.12727272727272726,0.0,0,False,,0
22,marine_knownmap_path_v2_infosampled,ucb,0.0,False,mode_not_conditional,0.0,0.0,1.0,False,SEARCH,"(2, 22)","(20, 30)","(2, 28)","(22, 33)",search_info,"(22, 33)",1612,1.0,0.9924199820503304,simple_ring_priority,False,,3,4,adaptive_knownmap_soft,7,8,28,8,0.125,4,47.12113961953124,0.0,4.7886484338253705,0.0,0.0,0.0,51.909788053356614,0.0,0.0,0.0,8.0,0.0,0.0,2.0,2.0,False,0.0,soft_clearance_astar_v1,adaptive,1.0,51.909788053356614,0.0,8.0,0.0,0.0,0.0,0.0,0.0,0.0,-0.0,0.0,0.0,-0.0,0,0.0,0.0,True,0.447213595499958,0.0,0.0,0.49906034325810233,0.5009396567418977,24,24,24,1,0.9733498612957974,1.0,simple_ring,True,3.9307000006374437,0.10450000081618782,0.47050000102899503,0.34819998836610466,1,0,0,0.0,0,0,0.0,0.0,0.0,0.0,0.0,0,0,0,0.0,0.0,0.0,0.0,0,False,,,0,0.0,False,"(0, 1)",0.0,0.0,0.0,0,True,22,42,3.0,1.0876621759751475,0.09147286821705426,1.0,0.8788130271402399,0.49530442042518924,1.6191305255314865,0.8099281865245151,0.5219752108445574,False,0.12727272727272726,0.0,0,False,,0
23,marine_knownmap_path_v2_infosampled,ucb,0.0,False,mode_not_conditional,0.0,0.0,1.0,False,SEARCH,"(2, 23)","(20, 30)","(2, 28)","(22, 33)",search_info,"(22, 33)",1612,1.0,0.9924199820503304,simple_ring_priority,False,,2,4,adaptive_knownmap_soft,6,8,28,8,0.25,4,47.12113961953124,0.0,4.7886484338253705,0.0,0.0,0.0,51.909788053356614,0.0,0.0,0.0,8.0,0.0,0.0,2.0,2.0,False,0.0,soft_clearance_astar_v1,adaptive,1.0,51.909788053356614,0.0,8.0,0.0,0.0,0.0,0.0,0.0,0.0,-0.0,0.0,0.0,-0.0,0,0.0,0.0,True,0.447213595499958,0.0,0.0,0.49906034325810233,0.5009396567418977,24,24,24,1,0.9733498612957974,1.0,simple_ring,True,3.9307000006374437,0.10450000081618782,0.47050000102899503,0.34819998836610466,1,0,0,0.0,0,0,0.0,0.0,0.0,0.0,0.0,0,0,0,0.0,0.0,0.0,0.0,0,False,,,0,0.0,False,"(0, 1)",0.0,0.0,0.0,0,True,23,43,3.000000000000001,1.0915517042452352,0.09509043927648579,1.0,0.858407188616451,0.49530442042518924,1.6191305255314865,0.8099281865245151,0.5219752108445574,False,0.12727272727272726,0.0,0,False,,0
24,marine_knownmap_path_v2_infosampled,ucb,0.0,False,mode_not_conditional,0.0,0.0,1.0,False,SEARCH,"(2, 24)","(20, 30)","(2, 28)","(22, 33)",search_info,"(22, 33)",1612,1.0,0.9924199820503304,simple_ring_priority,False,,1,4,adaptive_knownmap_soft,5,8,28,8,0.375,4,47.12113961953124,0.0,4.7886484338253705,0.0,0.0,0.0,51.909788053356614,0.0,0.0,0.0,8.0,0.0,0.0,2.0,2.0,False,0.0,soft_clearance_astar_v1,adaptive,1.0,51.909788053356614,0.0,8.0,0.0,0.0,0.0,0.0,0.0,0.0,-0.0,0.0,0.0,-0.0,0,0.0,0.0,True,0.447213595499958,0.0,0.0,0.49906034325810233,0.5009396567418977,24,24,24,1,0.9733498612957974,1.0,simple_ring,True,3.9307000006374437,0.10450000081618782,0.47050000102899503,0.34819998836610466,1,0,0,0.0,0,0,0.0,0.0,0.0,0.0,0.0,0,0,0,0.0,0.0,0.0,0.0,0,False,,,0,0.0,False,"(0, 1)",0.0,0.0,0.0,0,True,24,44,2.999999999999999,1.0954691506034857,0.0987080103359173,1.0,0.8712005015713454,0.49530442042518924,1.6191305255314865,0.8099281865245151,0.5219752108445574,False,0.12727272727272726,0.0,0,False,,0
25,marine_knownmap_path_v2_infosampled,ucb,0.0,False,mode_not_conditional,0.0,0.0,1.0,False,SEARCH,"(2, 25)","(20, 30)","(2, 28)","(22, 33)",search_info,"(22, 33)",1612,1.0,0.9924199820503304,simple_ring_priority,False,,0,4,adaptive_knownmap_soft,4,8,28,8,0.5,4,47.12113961953124,0.0,4.7886484338253705,0.0,0.0,0.0,51.909788053356614,0.0,0.0,0.0,8.0,0.0,0.0,2.0,2.0,False,0.0,soft_clearance_astar_v1,adaptive,1.0,51.909788053356614,0.0,8.0,0.0,0.0,0.0,0.0,0.0,0.0,-0.0,0.0,0.0,-0.0,0,0.0,0.0,True,0.447213595499958,0.0,0.0,0.49906034325810233,0.5009396567418977,24,24,24,1,0.9733498612957974,1.0,simple_ring,True,3.9307000006374437,0.10450000081618782,0.47050000102899503,0.34819998836610466,1,0,0,0.0,0,0,0.0,0.0,0.0,0.0,0.0,0,0,0,0.0,0.0,0.0,0.0,0,False,,,0,0.0,False,"(0, 1)",0.0,0.0,0.0,0,True,25,45,3.0,1.099414816716417,0.10232558139534884,1.0,0.861361784753201,0.49530442042518924,1.6191305255314865,0.8099281865245151,0.5219752108445574,False,0.12727272727272726,0.0,0,False,,0
26,marine_knownmap_path_v2_infosampled,ucb,0.0,False,mode_not_conditional,0.0,0.0,1.0,False,SEARCH,"(2, 26)","(21, 29)","(6, 29)","(22, 33)",search_info,"(22, 33)",1,0.0,0.0,simple_ring_priority,True,commit_expired,4,4,adaptive_knownmap_soft,8,8,23,8,0.625,5,50.72105361796874,1.0,4.599030420667717,0.8898580535290301,0.0,0.0,55.32008403863646,1.0,0.0,0.0,8.25,1.0,0.0,2.0,3.25,False,0.0,soft_clearance_astar_v1,adaptive,1.0,55.32008403863646,1.0,8.25,1.0,0.0,0.0,0.0,6.5,0.0,-0.35,0.0,0.0,-0.0,1,0.0,0.0,True,0.282842712474619,0.0,0.0,0.4891561795325092,0.5108438204674908,24,24,24,4,1.1516325831213845,0.9405888190150891,simple_ring,True,4.115399999136571,0.1861000037024496,0.7887000010668999,0.6053999986761482,1,0,0,0.0,0,0,0.0,0.0,0.0,0.0,0.0,0,0,0,0.0,0.0,0.0,0.0,0,False,,,0,0.0,False,"(0, 1)",5.822936195273964,6.15,6.15,0,True,26,46,3.0,1.1033890086124325,0.10594315245478036,1.0,0.870252161036377,0.49198788770873364,1.614984859635917,0.807848145617504,0.4970858302599068,False,0.12727272727272726,0.0,0,False,,0
27,marine_knownmap_path_v2_infosampled,ucb,0.0,False,mode_not_conditional,0.0,0.0,1.0,False,SEARCH,"(2, 27)","(21, 29)","(6, 29)","(22, 33)",search_info,"(22, 33)",1,0.0,0.0,simple_ring_priority,False,,3,4,adaptive_knownmap_soft,7,8,23,8,0.125,5,50.72105361796874,1.0,4.599030420667717,0.8898580535290301,0.0,0.0,55.32008403863646,1.0,0.0,0.0,8.25,1.0,0.0,2.0,3.25,False,0.0,soft_clearance_astar_v1,adaptive,1.0,55.32008403863646,1.0,8.25,1.0,0.0,0.0,0.0,6.5,0.0,-0.35,0.0,0.0,-0.0,1,0.0,0.0,True,0.282842712474619,0.0,0.0,0.4891561795325092,0.5108438204674908,24,24,24,4,1.1516325831213845,0.9405888190150891,simple_ring,True,4.115399999136571,0.1861000037024496,0.7887000010668999,0.6053999986761482,1,0,0,0.0,0,0,0.0,0.0,0.0,0.0,0.0,0,0,0,0.0,0.0,0.0,0.0,0,False,,,0,0.0,False,"(0, 1)",5.822936195273964,6.15,6.15,0,True,27,47,2.999999999999999,1.1073920367609444,0.10956072351421188,1.0,0.7829288253632622,0.49198788770873364,1.614984859635917,0.807848145617504,0.4970858302599068,False,0.12727272727272726,0.0,0,False,,0
28,marine_knownmap_path_v2_infosampled,ucb,0.0,False,mode_not_conditional,0.0,0.0,1.0,False,SEARCH,"(2, 28)","(21, 29)","(6, 29)","(22, 33)",search_info,"(22, 33)",1,0.0,0.0,simple_ring_priority,False,,2,4,adaptive_knownmap_soft,6,8,23,8,0.25,5,50.72105361796874,1.0,4.599030420667717,0.8898580535290301,0.0,0.0,55.32008403863646,1.0,0.0,0.0,8.25,1.0,0.0,2.0,3.25,False,0.0,soft_clearance_astar_v1,adaptive,1.0,55.32008403863646,1.0,8.25,1.0,0.0,0.0,0.0,6.5,0.0,-0.35,0.0,0.0,-0.0,1,0.0,0.0,True,0.282842712474619,0.0,0.0,0.4891561795325092,0.5108438204674908,24,24,24,4,1.1516325831213845,0.9405888190150891,simple_ring,True,4.115399999136571,0.1861000037024496,0.7887000010668999,0.6053999986761482,1,0,0,0.0,0,0,0.0,0.0,0.0,0.0,0.0,0,0,0,0.0,0.0,0.0,0.0,0,False,,,0,0.0,False,"(0, 1)",5.822936195273964,6.15,6.15,0,True,28,48,2.9999999999999996,1.1114242161532277,0.11317829457364341,1.0,0.8646503092385808,0.49198788770873364,1.614984859635917,0.807848145617504,0.4970858302599068,False,0.12727272727272726,0.0,0,False,,0
29,marine_knownmap_path_v2_infosampled,ucb,0.0,False,mode_not_conditional,0.0,0.0,1.0,False,SEARCH,"(2, 29)","(21, 29)","(6, 29)","(22, 33)",search_info,"(22, 33)",1,0.0,0.0,simple_ring_priority,False,,1,4,adaptive_knownmap_soft,5,8,23,8,0.375,5,50.72105361796874,1.0,4.599030420667717,0.8898580535290301,0.0,0.0,55.32008403863646,1.0,0.0,0.0,8.25,1.0,0.0,2.0,3.25,False,0.0,soft_clearance_astar_v1,adaptive,1.0,55.32008403863646,1.0,8.25,1.0,0.0,0.0,0.0,6.5,0.0,-0.35,0.0,0.0,-0.0,1,0.0,0.0,True,0.282842712474619,0.0,0.0,0.4891561795325092,0.5108438204674908,24,24,24,4,1.1516325831213845,0.9405888190150891,simple_ring,True,4.115399999136571,0.1861000037024496,0.7887000010668999,0.6053999986761482,1,0,0,0.0,0,0,0.0,0.0,0.0,0.0,0.0,0,0,0,0.0,0.0,0.0,0.0,0,False,,,0,0.0,False,"(0, 1)",5.822936195273964,6.15,6.15,0,True,29,49,3.0000000000000004,1.1154858663850438,0.11679586563307494,1.0,0.8308194177535491,0.49198788770873364,1.614984859635917,0.807848145617504,0.4970858302599068,False,0.12727272727272726,0.0,0,False,,0
30,marine_knownmap_path_v2_infosampled,ucb,0.0,False,mode_not_conditional,0.0,0.0,1.0,False,SEARCH,"(3, 29)","(21, 29)","(6, 29)","(22, 33)",search_info,"(22, 33)",1,0.0,0.0,simple_ring_priority,False,,0,4,adaptive_knownmap_soft,4,8,23,8,0.5,5,50.72105361796874,1.0,4.599030420667717,0.8898580535290301,0.0,0.0,55.32008403863646,1.0,0.0,0.0,8.25,1.0,0.0,2.0,3.25,False,0.0,soft_clearance_astar_v1,adaptive,1.0,55.32008403863646,1.0,8.25,1.0,0.0,0.0,0.0,6.5,0.0,-0.35,0.0,0.0,-0.0,1,0.0,0.0,True,0.282842712474619,0.0,0.0,0.4891561795325092,0.5108438204674908,24,24,24,4,1.1516325831213845,0.9405888190150891,simple_ring,True,4.115399999136571,0.1861000037024496,0.7887000010668999,0.6053999986761482,1,0,0,0.0,0,0,0.0,0.0,0.0,0.0,0.0,0,0,0,0.0,0.0,0.0,0.0,0,False,,,0,0.0,False,"(0, 1)",5.822936195273964,6.15,6.15,0,True,30,50,2.999999999999999,1.119658568776108,0.11989664082687339,1.0,0.8635131153758021,0.49198788770873364,1.614984859635917,0.807848145617504,0.4970858302599068,False,0.09375,0.0,0,False,,0
31,marine_knownmap_path_v2_infosampled,ucb,0.0,False,mode_not_conditional,0.0,0.0,1.0,False,SEARCH,"(4, 29)","(21, 29)","(11, 29)","(22, 33)",search_info,"(22, 33)",1,0.0,0.0,simple_ring_priority,True,commit_expired,4,4,adaptive_knownmap_soft,8,8,18,8,0.625,5,60.584322367968745,1.0,4.569894348186056,1.0,0.8217604166666665,1.0,65.1542167161548,1.0,0.8217604166666665,1.0,8.0,0.0,0.0,4.0,4.5,False,0.0,soft_clearance_astar_v1,adaptive,1.0,65.1542167161548,1.0,8.0,0.0,0.0,0.0,0.0,6.5,2.0,-0.0,0.0,0.0,-0.0,0,0.0,0.0,True,0.0,0.0,0.0,0.49914998813246164,0.5008500118675384,24,24,24,4,1.4378435936746787,0.9408180729341892,simple_ring,True,3.869000000122469,0.07200000254670158,0.4623000004357891,0.3166999958921224,1,0,0,0.0,0,0,0.0,0.0,0.0,0.0,0.0,0,0,0,0.0,0.0,0.0,0.0,0,False,,,0,0.0,False,"(1, 0)",8.5,8.5,8.5,0,True,31,51,3.000000000000001,1.1245462906039299,0.12454780361757106,1.0,0.8591704817901846,0.4971228878739656,1.621403609842457,0.8143715957971216,0.5139548623558357,False,0.1232876712328767,0.0,0,False,,0
32,marine_knownmap_path_v2_infosampled,ucb,0.0,False,mode_not_conditional,0.0,0.0,1.0,False,SEARCH,"(5, 29)","(21, 29)","(11, 29)","(22, 33)",search_info,"(22, 33)",1,0.0,0.0,simple_ring_priority,False,,3,4,adaptive_knownmap_soft,7,8,18,8,0.125,5,60.584322367968745,1.0,4.569894348186056,1.0,0.8217604166666665,1.0,65.1542167161548,1.0,0.8217604166666665,1.0,8.0,0.0,0.0,4.0,4.5,False,0.0,soft_clearance_astar_v1,adaptive,1.0,65.1542167161548,1.0,8.0,0.0,0.0,0.0,0.0,6.5,2.0,-0.0,0.0,0.0,-0.0,0,0.0,0.0,True,0.0,0.0,0.0,0.49914998813246164,0.5008500118675384,24,24,24,4,1.4378435936746787,0.9408180729341892,simple_ring,True,3.869000000122469,0.07200000254670158,0.4623000004357891,0.3166999958921224,1,0,0,0.0,0,0,0.0,0.0,0.0,0.0,0.0,0,0,0,0.0,0.0,0.0,0.0,0,False,,,0,0.0,False,"(1, 0)",8.5,8.5,8.5,0,True,32,52,2.9999999999999996,1.129785011277119,0.12919896640826872,1.0,0.799179803581146,0.4971228878739656,1.621403609842457,0.8143715957971216,0.5139548623558357,False,0.11392405063291139,0.0,0,False,,0
33,marine_knownmap_path_v2_infosampled,ucb,0.0,False,mode_not_conditional,0.0,0.0,1.0,False,SEARCH,"(6, 29)","(21, 29)","(11, 29)","(22, 33)",search_info,"(22, 33)",1,0.0,0.0,simple_ring_priority,False,,2,4,adaptive_knownmap_soft,6,8,18,8,0.25,5,60.584322367968745,1.0,4.569894348186056,1.0,0.8217604166666665,1.0,65.1542167161548,1.0,0.8217604166666665,1.0,8.0,0.0,0.0,4.0,4.5,False,0.0,soft_clearance_astar_v1,adaptive,1.0,65.1542167161548,1.0,8.0,0.0,0.0,0.0,0.0,6.5,2.0,-0.0,0.0,0.0,-0.0,0,0.0,0.0,True,0.0,0.0,0.0,0.49914998813246164,0.5008500118675384,24,24,24,4,1.4378435936746787,0.9408180729341892,simple_ring,True,3.869000000122469,0.07200000254670158,0.4623000004357891,0.3166999958921224,1,0,0,0.0,0,0,0.0,0.0,0.0,0.0,0.0,0,0,0,0.0,0.0,0.0,0.0,0,False,,,0,0.0,False,"(1, 0)",8.5,8.5,8.5,0,True,33,53,3.0,1.1352438474368058,0.1338501291989664,1.0,0.858848951687131,0.4971228878739656,1.621403609842457,0.8143715957971216,0.5139548623558357,False,0.11392405063291139,0.0,0,False,,0
34,marine_knownmap_path_v2_infosampled,ucb,0.0,False,mode_not_conditional,0.0,0.0,1.0,False,SEARCH,"(7, 29)","(21, 29)","(11, 29)","(22, 33)",search_info,"(22, 33)",1,0.0,0.0,simple_ring_priority,False,,1,4,adaptive_knownmap_soft,5,8,18,8,0.375,5,60.584322367968745,1.0,4.569894348186056,1.0,0.8217604166666665,1.0,65.1542167161548,1.0,0.8217604166666665,1.0,8.0,0.0,0.0,4.0,4.5,False,0.0,soft_clearance_astar_v1,adaptive,1.0,65.1542167161548,1.0,8.0,0.0,0.0,0.0,0.0,6.5,2.0,-0.0,0.0,0.0,-0.0,0,0.0,0.0,True,0.0,0.0,0.0,0.49914998813246164,0.5008500118675384,24,24,24,4,1.4378435936746787,0.9408180729341892,simple_ring,True,3.869000000122469,0.07200000254670158,0.4623000004357891,0.3166999958921224,1,0,0,0.0,0,0,0.0,0.0,0.0,0.0,0.0,0,0,0,0.0,0.0,0.0,0.0,0,False,,,0,0.0,False,"(1, 0)",8.5,8.5,8.5,0,True,34,54,2.9999999999999996,1.1409655132180614,0.13850129198966407,1.0,0.7731984846158412,0.4971228878739656,1.621403609842457,0.8143715957971216,0.5139548623558357,False,0.1282051282051282,0.01282051282051282,0,False,,0
35,marine_knownmap_path_v2_infosampled,ucb,0.0,False,mode_not_conditional,0.0,0.0,1.0,False,SEARCH,"(8, 29)","(21, 29)","(11, 29)","(22, 33)",search_info,"(22, 33)",1,0.0,0.0,simple_ring_priority,False,,0,4,adaptive_knownmap_soft,4,8,18,8,0.5,5,60.584322367968745,1.0,4.569894348186056,1.0,0.8217604166666665,1.0,65.1542167161548,1.0,0.8217604166666665,1.0,8.0,0.0,0.0,4.0,4.5,False,0.0,soft_clearance_astar_v1,adaptive,1.0,65.1542167161548,1.0,8.0,0.0,0.0,0.0,0.0,6.5,2.0,-0.0,0.0,0.0,-0.0,0,0.0,0.0,True,0.0,0.0,0.0,0.49914998813246164,0.5008500118675384,24,24,24,4,1.4378435936746787,0.9408180729341892,simple_ring,True,3.869000000122469,0.07200000254670158,0.4623000004357891,0.3166999958921224,1,0,0,0.0,0,0,0.0,0.0,0.0,0.0,0.0,0,0,0,0.0,0.0,0.0,0.0,0,False,,,0,0.0,False,"(1, 0)",8.5,8.5,8.5,0,True,35,55,3.0,1.1466002524197296,0.14315245478036176,1.0,0.8043109496361824,0.4971228878739656,1.621403609842457,0.8143715957971216,0.5139548623558357,False,0.11842105263157894,0.0,0,False,,0
36,marine_knownmap_path_v2_infosampled,ucb,0.0,False,mode_not_conditional,0.0,0.0,1.0,False,SEARCH,"(9, 29)","(21, 29)","(16, 29)","(22, 33)",search_info,"(22, 33)",1,0.0,0.0,simple_ring_priority,True,commit_expired,4,4,adaptive_knownmap_soft,8,8,13,8,0.625,5,61.28265966406249,1.0,5.090499155392423,1.0,0.0,0.0,66.37315881945491,1.0,0.0,0.0,8.0,0.0,0.0,4.0,4.0,False,0.0,soft_clearance_astar_v1,adaptive,1.0,66.37315881945491,1.0,8.0,0.0,0.0,0.0,0.0,6.5,0.0,-0.0,0.0,0.0,-0.0,0,0.0,0.0,True,0.0,0.0,0.0,0.4673489613432056,0.5326510386567944,24,24,24,1,1.5776000433109,1.0,simple_ring,True,4.112600001462852,0.13069999840809032,0.758000000132597,0.538800006324891,1,0,0,0.0,0,0,0.0,0.0,0.0,0.0,0.0,0,0,0,0.0,0.0,0.0,0.0,0,False,,,0,0.0,False,"(1, 0)",6.5,6.5,6.5,0,True,36,56,3.0,1.1522941367288868,0.14780361757105942,1.0,0.8262165305407091,0.5203571176376934,1.6504463970471168,0.9456448539941159,0.28220869908778035,True,0.12,0.0,0,False,,0
37,marine_knownmap_path_v2_infosampled,ucb,0.0,False,mode_not_conditional,0.0,0.0,1.0,False,SEARCH,"(10, 29)","(21, 29)","(16, 29)","(22, 33)",search_info,"(22, 33)",1,0.0,0.0,simple_ring_priority,False,,3,4,adaptive_knownmap_soft,7,8,13,8,0.125,5,61.28265966406249,1.0,5.090499155392423,1.0,0.0,0.0,66.37315881945491,1.0,0.0,0.0,8.0,0.0,0.0,4.0,4.0,False,0.0,soft_clearance_astar_v1,adaptive,1.0,66.37315881945491,1.0,8.0,0.0,0.0,0.0,0.0,6.5,0.0,-0.0,0.0,0.0,-0.0,0,0.0,0.0,True,0.0,0.0,0.0,0.4673489613432056,0.5326510386567944,24,24,24,1,1.5776000433109,1.0,simple_ring,True,4.112600001462852,0.13069999840809032,0.758000000132597,0.538800006324891,1,0,0,0.0,0,0,0.0,0.0,0.0,0.0,0.0,0,0,0,0.0,0.0,0.0,0.0,0,False,,,0,0.0,False,"(1, 0)",6.5,6.5,6.5,0,True,37,57,3.0000000000000004,1.158045089493831,0.1524547803617571,1.0,0.8246537535957615,0.5203571176376934,1.6504463970471168,0.9456448539941159,0.28220869908778035,True,0.12162162162162163,0.0,0,False,,0
38,marine_knownmap_path_v2_infosampled,ucb,0.0,False,mode_not_conditional,0.0,0.0,1.0,False,SEARCH,"(11, 29)","(21, 29)","(16, 29)","(22, 33)",search_info,"(22, 33)",1,0.0,0.0,simple_ring_priority,False,,2,4,adaptive_knownmap_soft,6,8,13,8,0.25,5,61.28265966406249,1.0,5.090499155392423,1.0,0.0,0.0,66.37315881945491,1.0,0.0,0.0,8.0,0.0,0.0,4.0,4.0,False,0.0,soft_clearance_astar_v1,adaptive,1.0,66.37315881945491,1.0,8.0,0.0,0.0,0.0,0.0,6.5,0.0,-0.0,0.0,0.0,-0.0,0,0.0,0.0,True,0.0,0.0,0.0,0.4673489613432056,0.5326510386567944,24,24,24,1,1.5776000433109,1.0,simple_ring,True,4.112600001462852,0.13069999840809032,0.758000000132597,0.538800006324891,1,0,0,0.0,0,0,0.0,0.0,0.0,0.0,0.0,0,0,0,0.0,0.0,0.0,0.0,0,False,,,0,0.0,False,"(1, 0)",6.5,6.5,6.5,0,True,38,58,3.0,1.1638501112218056,0.15710594315245477,1.0,0.8378735702149962,0.5203571176376934,1.6504463970471168,0.9456448539941159,0.28220869908778035,True,0.1232876712328767,0.0,0,False,,0
39,marine_knownmap_path_v2_infosampled,ucb,0.0,False,mode_not_conditional,0.0,0.0,1.0,False,SEARCH,"(12, 29)","(21, 29)","(16, 29)","(22, 33)",search_info,"(22, 33)",1,0.0,0.0,simple_ring_priority,False,,1,4,adaptive_knownmap_soft,5,8,13,8,0.375,5,61.28265966406249,1.0,5.090499155392423,1.0,0.0,0.0,66.37315881945491,1.0,0.0,0.0,8.0,0.0,0.0,4.0,4.0,False,0.0,soft_clearance_astar_v1,adaptive,1.0,66.37315881945491,1.0,8.0,0.0,0.0,0.0,0.0,6.5,0.0,-0.0,0.0,0.0,-0.0,0,0.0,0.0,True,0.0,0.0,0.0,0.4673489613432056,0.5326510386567944,24,24,24,1,1.5776000433109,1.0,simple_ring,True,4.112600001462852,0.13069999840809032,0.758000000132597,0.538800006324891,1,0,0,0.0,0,0,0.0,0.0,0.0,0.0,0.0,0,0,0,0.0,0.0,0.0,0.0,0,False,,,0,0.0,False,"(1, 0)",6.5,6.5,6.5,0,True,39,59,2.999999999999999,1.1697142954247834,0.16175710594315246,1.0,0.8216201308445715,0.5203571176376934,1.6504463970471168,0.9456448539941159,0.28220869908778035,True,0.1232876712328767,0.0,0,False,,0
40,marine_knownmap_path_v2_infosampled,ucb,0.0,False,mode_not_conditional,0.0,0.0,1.0,False,SEARCH,"(13, 29)","(21, 29)","(16, 29)","(22, 33)",search_info,"(22, 33)",1,0.0,0.0,simple_ring_priority,False,,0,4,adaptive_knownmap_soft,4,8,13,8,0.5,5,61.28265966406249,1.0,5.090499155392423,1.0,0.0,0.0,66.37315881945491,1.0,0.0,0.0,8.0,0.0,0.0,4.0,4.0,False,0.0,soft_clearance_astar_v1,adaptive,1.0,66.37315881945491,1.0,8.0,0.0,0.0,0.0,0.0,6.5,0.0,-0.0,0.0,0.0,-0.0,0,0.0,0.0,True,0.0,0.0,0.0,0.4673489613432056,0.5326510386567944,24,24,24,1,1.5776000433109,1.0,simple_ring,True,4.112600001462852,0.13069999840809032,0.758000000132597,0.538800006324891,1,0,0,0.0,0,0,0.0,0.0,0.0,0.0,0.0,0,0,0,0.0,0.0,0.0,0.0,0,False,,,0,0.0,False,"(1, 0)",6.5,6.5,6.5,0,True,40,60,3.0,1.175637873538454,0.16640826873385012,1.0,0.7876300160892176,0.5203571176376934,1.6504463970471168,0.9456448539941159,0.28220869908778035,True,0.1232876712328767,0.0,0,False,,0
41,marine_knownmap_path_v2_infosampled,ucb,0.0,False,mode_not_conditional,0.0,0.0,1.0,False,SEARCH,"(14, 29)","(21, 29)","(21, 29)","(22, 33)",search_info,"(22, 33)",1,0.0,0.0,simple_ring_priority,True,commit_expired,4,4,adaptive_knownmap_soft,8,8,8,8,0.625,5,67.57312386640622,1.0,6.000786828122811,1.0,0.0,0.0,73.57391069452903,1.0,0.0,0.0,8.0,0.0,0.0,4.0,4.625,False,0.0,soft_clearance_astar_v1,adaptive,1.0,73.57391069452903,1.0,8.0,0.0,0.0,0.0,0.0,6.5,0.0,-0.0,0.0,0.0,-0.0,0,0.0,0.0,True,0.0,0.0,0.0,0.5,0.5,24,24,24,5,1.6083302039650884,0.8646443707878761,simple_ring,True,4.103699999177479,0.11529999574122485,0.7138000019040192,0.5281000048853457,1,0,0,0.0,0,0,0.0,0.0,0.0,0.0,0.0,0,0,0,0.0,0.0,0.0,0.0,0,False,,,0,0.0,False,"(1, 0)",6.5,6.5,6.5,0,True,41,61,3.0,1.1816217524899764,0.1710594315245478,1.0,0.8312043594776551,0.6269303939325113,1.783662992415639,0.7415043661651294,0.5284173867311832,True,0.1232876712328767,0.0,0,False,,0
42,marine_knownmap_path_v2_infosampled,ucb,0.0,False,mode_not_conditional,0.0,0.0,1.0,False,SEARCH,"(15, 29)","(21, 29)","(21, 29)","(22, 33)",search_info,"(22, 33)",1,0.0,0.0,simple_ring_priority,False,,3,4,adaptive_knownmap_soft,7,8,8,8,0.125,5,67.57312386640622,1.0,6.000786828122811,1.0,0.0,0.0,73.57391069452903,1.0,0.0,0.0,8.0,0.0,0.0,4.0,4.625,False,0.0,soft_clearance_astar_v1,adaptive,1.0,73.57391069452903,1.0,8.0,0.0,0.0,0.0,0.0,6.5,0.0,-0.0,0.0,0.0,-0.0,0,0.0,0.0,True,0.0,0.0,0.0,0.5,0.5,24,24,24,5,1.6083302039650884,0.8646443707878761,simple_ring,True,4.103699999177479,0.11529999574122485,0.7138000019040192,0.5281000048853457,1,0,0,0.0,0,0,0.0,0.0,0.0,0.0,0.0,0,0,0,0.0,0.0,0.0,0.0,0,False,,,0,0.0,False,"(1, 0)",6.5,6.5,6.5,0,True,42,62,3.0,1.1876668577656462,0.17571059431524547,1.0,0.8267837355888473,0.6269303939325113,1.783662992415639,0.7415043661651294,0.5284173867311832,True,0.1232876712328767,0.0,0,False,,0
43,marine_knownmap_path_v2_infosampled,ucb,0.0,False,mode_not_conditional,0.0,0.0,1.0,False,SEARCH,"(16, 29)","(21, 29)","(21, 29)","(22, 33)",search_info,"(22, 33)",1,0.0,0.0,simple_ring_priority,False,,2,4,adaptive_knownmap_soft,6,8,8,8,0.25,5,67.57312386640622,1.0,6.000786828122811,1.0,0.0,0.0,73.57391069452903,1.0,0.0,0.0,8.0,0.0,0.0,4.0,4.625,False,0.0,soft_clearance_astar_v1,adaptive,1.0,73.57391069452903,1.0,8.0,0.0,0.0,0.0,0.0,6.5,0.0,-0.0,0.0,0.0,-0.0,0,0.0,0.0,True,0.0,0.0,0.0,0.5,0.5,24,24,24,5,1.6083302039650884,0.8646443707878761,simple_ring,True,4.103699999177479,0.11529999574122485,0.7138000019040192,0.5281000048853457,1,0,0,0.0,0,0,0.0,0.0,0.0,0.0,0.0,0,0,0,0.0,0.0,0.0,0.0,0,False,,,0,0.0,False,"(1, 0)",6.5,6.5,6.5,0,True,43,63,3.0000000000000004,1.1940451329179282,0.18087855297157623,1.0,0.7595956289804818,0.6269303939325113,1.783662992415639,0.7415043661651294,0.5284173867311832,True,0.13513513513513514,0.0,0,False,,0
44,marine_knownmap_path_v2_infosampled,ucb,0.0,False,mode_not_conditional,0.0,0.0,1.0,False,SEARCH,"(17, 29)","(21, 29)","(21, 29)","(22, 33)",search_info,"(22, 33)",1,0.0,0.0,simple_ring_priority,False,,1,4,adaptive_knownmap_soft,5,8,8,8,0.375,5,67.57312386640622,1.0,6.000786828122811,1.0,0.0,0.0,73.57391069452903,1.0,0.0,0.0,8.0,0.0,0.0,4.0,4.625,False,0.0,soft_clearance_astar_v1,adaptive,1.0,73.57391069452903,1.0,8.0,0.0,0.0,0.0,0.0,6.5,0.0,-0.0,0.0,0.0,-0.0,0,0.0,0.0,True,0.0,0.0,0.0,0.5,0.5,24,24,24,5,1.6083302039650884,0.8646443707878761,simple_ring,True,4.103699999177479,0.11529999574122485,0.7138000019040192,0.5281000048853457,1,0,0,0.0,0,0,0.0,0.0,0.0,0.0,0.0,0,0,0,0.0,0.0,0.0,0.0,0,False,,,0,0.0,False,"(1, 0)",6.5,6.5,6.5,0,True,44,64,3.0,1.2006848002864572,0.18604651162790697,1.0,0.7964569690514056,0.6269303939325113,1.783662992415639,0.7415043661651294,0.5284173867311832,True,0.13333333333333333,0.0,0,False,,0
45,marine_knownmap_path_v2_infosampled,ucb,0.0,False,mode_not_conditional,0.0,0.0,1.0,False,SEARCH,"(18, 29)","(21, 29)","(21, 29)","(22, 33)",search_info,"(22, 33)",1,0.0,0.0,simple_ring_priority,False,,0,4,adaptive_knownmap_soft,4,8,8,8,0.5,5,67.57312386640622,1.0,6.000786828122811,1.0,0.0,0.0,73.57391069452903,1.0,0.0,0.0,8.0,0.0,0.0,4.0,4.625,False,0.0,soft_clearance_astar_v1,adaptive,1.0,73.57391069452903,1.0,8.0,0.0,0.0,0.0,0.0,6.5,0.0,-0.0,0.0,0.0,-0.0,0,0.0,0.0,True,0.0,0.0,0.0,0.5,0.5,24,24,24,5,1.6083302039650884,0.8646443707878761,simple_ring,True,4.103699999177479,0.11529999574122485,0.7138000019040192,0.5281000048853457,1,0,0,0.0,0,0,0.0,0.0,0.0,0.0,0.0,0,0,0,0.0,0.0,0.0,0.0,0,False,,,0,0.0,False,"(1, 0)",6.5,6.5,6.5,0,True,45,65,3.0,1.207522157891451,0.19121447028423771,1.0,0.7955897061705137,0.6269303939325113,1.783662992415639,0.7415043661651294,0.5284173867311832,True,0.13157894736842105,0.0,0,False,,0
46,marine_knownmap_path_v2_infosampled,ucb,0.0,False,mode_not_conditional,0.0,0.0,1.0,False,SEARCH,"(18, 30)","(25, 30)","(25, 30)","(22, 33)",search_info,"(22, 33)",1,0.0,0.0,simple_ring_priority,True,commit_expired,4,4,adaptive_knownmap_soft,8,8,8,8,0.625,6,63.43763011640623,1.0,5.139959802576804,1.0,0.0012626262626262625,0.0009252244217431932,68.57758991898304,1.0,0.0012626262626262625,0.0009252244217431932,8.25,0.84,0.0,3.0,5.75,False,0.0,soft_clearance_astar_v1,adaptive,1.0,68.57758991898304,1.0,8.25,0.84,0.0,0.0,0.0,6.5,0.0018504488434863864,-0.294,0.0,0.0,-0.0,1,0.0,0.0,True,0.8246211251235321,0.0,0.0,0.13846484435212147,0.8615351556478785,24,24,24,6,1.3405019930675781,0.9360372383777952,simple_ring,True,3.6432999986573122,0.11140000060549937,0.6484000005002599,0.4676999960793182,1,0,0,0.0,0,0,0.0,0.0,0.0,0.0,0.0,0,0,0,0.0,0.0,0.0,0.0,0,False,,,0,0.0,False,"(0, 1)",1.8969193377747675,6.2078504488434865,6.2078504488434865,0,True,46,66,3.0,1.2118175254401076,0.1937984496124031,1.0,0.7659860812295813,0.49605378248662646,1.620067228108283,0.32812262086284505,0.49850639921727347,False,0.07042253521126761,0.0,0,False,,0
47,marine_knownmap_path_v2_infosampled,ucb,0.0,False,mode_not_conditional,0.0,0.0,1.0,False,SEARCH,"(19, 30)","(25, 30)","(25, 30)","(22, 33)",search_info,"(22, 33)",1,0.0,0.0,simple_ring_priority,False,,3,4,adaptive_knownmap_soft,7,8,8,8,0.125,6,63.43763011640623,1.0,5.139959802576804,1.0,0.0012626262626262625,0.0009252244217431932,68.57758991898304,1.0,0.0012626262626262625,0.0009252244217431932,8.25,0.84,0.0,3.0,5.75,False,0.0,soft_clearance_astar_v1,adaptive,1.0,68.57758991898304,1.0,8.25,0.84,0.0,0.0,0.0,6.5,0.0018504488434863864,-0.294,0.0,0.0,-0.0,1,0.0,0.0,True,0.8246211251235321,0.0,0.0,0.13846484435212147,0.8615351556478785,24,24,24,6,1.3405019930675781,0.9360372383777952,simple_ring,True,3.6432999986573122,0.11140000060549937,0.6484000005002599,0.4676999960793182,1,0,0,0.0,0,0,0.0,0.0,0.0,0.0,0.0,0,0,0,0.0,0.0,0.0,0.0,0,False,,,0,0.0,False,"(0, 1)",1.8969193377747675,6.2078504488434865,6.2078504488434865,0,True,47,67,3.0,1.2173255962653557,0.1979328165374677,1.0,0.727558167358079,0.49605378248662646,1.620067228108283,0.32812262086284505,0.49850639921727347,False,0.10810810810810811,0.0,0,False,,0
48,marine_knownmap_path_v2_infosampled,ucb,0.0,False,mode_not_conditional,0.0,0.0,1.0,False,SEARCH,"(20, 30)","(25, 30)","(25, 30)","(22, 33)",search_info,"(22, 33)",1,0.0,0.0,simple_ring_priority,False,,2,4,adaptive_knownmap_soft,6,8,8,8,0.25,6,63.43763011640623,1.0,5.139959802576804,1.0,0.0012626262626262625,0.0009252244217431932,68.57758991898304,1.0,0.0012626262626262625,0.0009252244217431932,8.25,0.84,0.0,3.0,5.75,False,0.0,soft_clearance_astar_v1,adaptive,1.0,68.57758991898304,1.0,8.25,0.84,0.0,0.0,0.0,6.5,0.0018504488434863864,-0.294,0.0,0.0,-0.0,1,0.0,0.0,True,0.8246211251235321,0.0,0.0,0.13846484435212147,0.8615351556478785,24,24,24,6,1.3405019930675781,0.9360372383777952,simple_ring,True,3.6432999986573122,0.11140000060549937,0.6484000005002599,0.4676999960793182,1,0,0,0.0,0,0,0.0,0.0,0.0,0.0,0.0,0,0,0,0.0,0.0,0.0,0.0,0,False,,,0,0.0,False,"(0, 1)",1.8969193377747675,6.2078504488434865,6.2078504488434865,0,True,48,68,3.0000000000000004,1.2237303275976896,0.20310077519379846,1.0,0.7395170856787889,0.49605378248662646,1.620067228108283,0.32812262086284505,0.49850639921727347,False,0.13157894736842105,0.0,0,False,,0
49,marine_knownmap_path_v2_infosampled,ucb,0.0,False,mode_not_conditional,0.0,0.0,1.0,False,SEARCH,"(21, 30)","(25, 30)","(25, 30)","(22, 33)",search_info,"(22, 33)",1,0.0,0.0,simple_ring_priority,False,,1,4,adaptive_knownmap_soft,5,8,8,8,0.375,6,63.43763011640623,1.0,5.139959802576804,1.0,0.0012626262626262625,0.0009252244217431932,68.57758991898304,1.0,0.0012626262626262625,0.0009252244217431932,8.25,0.84,0.0,3.0,5.75,False,0.0,soft_clearance_astar_v1,adaptive,1.0,68.57758991898304,1.0,8.25,0.84,0.0,0.0,0.0,6.5,0.0018504488434863864,-0.294,0.0,0.0,-0.0,1,0.0,0.0,True,0.8246211251235321,0.0,0.0,0.13846484435212147,0.8615351556478785,24,24,24,6,1.3405019930675781,0.9360372383777952,simple_ring,True,3.6432999986573122,0.11140000060549937,0.6484000005002599,0.4676999960793182,1,0,0,0.0,0,0,0.0,0.0,0.0,0.0,0.0,0,0,0,0.0,0.0,0.0,0.0,0,False,,,0,0.0,False,"(0, 1)",1.8969193377747675,6.2078504488434865,6.2078504488434865,0,True,49,69,2.9999999999999996,1.2307623034886344,0.2082687338501292,1.0,0.7425537662634997,0.49605378248662646,1.620067228108283,0.32812262086284505,0.49850639921727347,False,0.1282051282051282,0.0,0,False,,0
50,marine_knownmap_path_v2_infosampled,ucb,0.0,False,mode_not_conditional,0.0,0.0,1.0,False,SEARCH,"(22, 30)","(25, 30)","(25, 30)","(22, 33)",search_info,"(22, 33)",1,0.0,0.0,simple_ring_priority,False,,0,4,adaptive_knownmap_soft,4,8,8,8,0.5,6,63.43763011640623,1.0,5.139959802576804,1.0,0.0012626262626262625,0.0009252244217431932,68.57758991898304,1.0,0.0012626262626262625,0.0009252244217431932,8.25,0.84,0.0,3.0,5.75,False,0.0,soft_clearance_astar_v1,adaptive,1.0,68.57758991898304,1.0,8.25,0.84,0.0,0.0,0.0,6.5,0.0018504488434863864,-0.294,0.0,0.0,-0.0,1,0.0,0.0,True,0.8246211251235321,0.0,0.0,0.13846484435212147,0.8615351556478785,24,24,24,6,1.3405019930675781,0.9360372383777952,simple_ring,True,3.6432999986573122,0.11140000060549937,0.6484000005002599,0.4676999960793182,1,0,0,0.0,0,0,0.0,0.0,0.0,0.0,0.0,0,0,0,0.0,0.0,0.0,0.0,0,False,,,0,0.0,False,"(0, 1)",1.8969193377747675,6.2078504488434865,6.2078504488434865,0,True,50,70,3.0,1.23823355902503,0.21395348837209302,1.0,0.7360042994640085,0.49605378248662646,1.620067228108283,0.32812262086284505,0.49850639921727347,False,0.1375,0.0,0,False,,0
51,marine_knownmap_path_v2_infosampled,ucb,0.0,False,mode_not_conditional,0.0,0.0,1.0,False,SEARCH,"(22, 31)","(25, 35)","(25, 35)","(22, 33)",search_info,"(22, 33)",1,0.0,0.0,simple_ring_priority,True,commit_expired,4,4,adaptive_knownmap_soft,8,8,8,8,0.625,7,54.527887664843746,1.0,5.35188952865414,0.9299190289978547,0.08715753424657534,0.045514400680103595,59.87977719349789,1.0,0.08715753424657534,0.045514400680103595,8.25,0.9545454545454546,0.0,4.0,4.75,False,0.0,soft_clearance_astar_v1,adaptive,1.0,59.87977719349789,1.0,8.25,0.9545454545454546,0.0,0.0,0.0,6.5,0.09102880136020719,-0.3340909090909091,0.0,0.0,-0.0,1,0.0,0.0,True,1.0,0.0,0.0,0.3364962761540719,0.663503723845928,24,24,24,6,1.168954317447107,0.8658929619605754,simple_ring,True,4.22919999982696,0.12199999582662713,0.7974999989528442,0.5568000105995452,1,0,0,0.0,0,0,0.0,0.0,0.0,0.0,0.0,0,0,0,0.0,0.0,0.0,0.0,0,False,,,0,0.0,False,"(0, 1)",3.093889722891976,6.256937892269298,6.256937892269298,0,True,51,71,3.0000000000000004,1.2439640028261234,0.21705426356589147,1.0,0.7301894897879163,0.5473891116948547,1.6842363896185684,0.2060637282809777,0.3248325109851002,True,0.0759493670886076,0.0,0,False,,0
52,marine_knownmap_path_v2_infosampled,ucb,0.0,False,mode_not_conditional,0.0,0.0,1.0,False,SEARCH,"(22, 32)","(25, 35)","(25, 35)","(22, 33)",search_info,"(22, 33)",1,0.0,0.0,simple_ring_priority,False,,3,4,adaptive_knownmap_soft,7,8,8,8,0.125,7,54.527887664843746,1.0,5.35188952865414,0.9299190289978547,0.08715753424657534,0.045514400680103595,59.87977719349789,1.0,0.08715753424657534,0.045514400680103595,8.25,0.9545454545454546,0.0,4.0,4.75,False,0.0,soft_clearance_astar_v1,adaptive,1.0,59.87977719349789,1.0,8.25,0.9545454545454546,0.0,0.0,0.0,6.5,0.09102880136020719,-0.3340909090909091,0.0,0.0,-0.0,1,0.0,0.0,True,1.0,0.0,0.0,0.3364962761540719,0.663503723845928,24,24,24,6,1.168954317447107,0.8658929619605754,simple_ring,True,4.22919999982696,0.12199999582662713,0.7974999989528442,0.5568000105995452,1,0,0,0.0,0,0,0.0,0.0,0.0,0.0,0.0,0,0,0,0.0,0.0,0.0,0.0,0,False,,,0,0.0,False,"(0, 1)",3.093889722891976,6.256937892269298,6.256937892269298,0,True,52,72,3.0,1.2499052590914443,0.22170542635658916,1.0,0.7759695596393984,0.5473891116948547,1.6842363896185684,0.2060637282809777,0.3248325109851002,True,0.11538461538461539,0.0,0,False,,0
53,marine_knownmap_path_v2_infosampled,ucb,0.0,False,mode_not_conditional,0.0,0.0,1.0,False,SEARCH,"(22, 33)","(25, 35)","(25, 35)","(22, 33)",search_info,"(22, 33)",1,0.0,0.0,simple_ring_priority,False,,2,4,adaptive_knownmap_soft,6,8,8,8,0.25,7,54.527887664843746,1.0,5.35188952865414,0.9299190289978547,0.08715753424657534,0.045514400680103595,59.87977719349789,1.0,0.08715753424657534,0.045514400680103595,8.25,0.9545454545454546,0.0,4.0,4.75,False,0.0,soft_clearance_astar_v1,adaptive,1.0,59.87977719349789,1.0,8.25,0.9545454545454546,0.0,0.0,0.0,6.5,0.09102880136020719,-0.3340909090909091,0.0,0.0,-0.0,1,0.0,0.0,True,1.0,0.0,0.0,0.3364962761540719,0.663503723845928,24,24,24,6,1.168954317447107,0.8658929619605754,simple_ring,True,4.22919999982696,0.12199999582662713,0.7974999989528442,0.5568000105995452,1,0,0,0.0,0,0,0.0,0.0,0.0,0.0,0.0,0,0,0,0.0,0.0,0.0,0.0,0,False,,,0,0.0,False,"(0, 1)",3.093889722891976,6.256937892269298,6.256937892269298,0,True,53,73,2.999999999999999,1.2562500437661008,0.22635658914728682,1.0,0.7733106090413272,0.5473891116948547,1.6842363896185684,0.2060637282809777,0.3248325109851002,True,0.11842105263157894,0.0,0,False,,0
54,marine_knownmap_path_v2_infosampled,ucb,0.0,False,mode_not_conditional,0.0,0.0,1.0,False,SEARCH,"(22, 34)","(25, 35)","(25, 35)","(22, 33)",search_info,"(22, 33)",1,0.0,0.0,simple_ring_priority,False,,1,4,adaptive_knownmap_soft,5,8,8,8,0.375,7,54.527887664843746,1.0,5.35188952865414,0.9299190289978547,0.08715753424657534,0.045514400680103595,59.87977719349789,1.0,0.08715753424657534,0.045514400680103595,8.25,0.9545454545454546,0.0,4.0,4.75,False,0.0,soft_clearance_astar_v1,adaptive,1.0,59.87977719349789,1.0,8.25,0.9545454545454546,0.0,0.0,0.0,6.5,0.09102880136020719,-0.3340909090909091,0.0,0.0,-0.0,1,0.0,0.0,True,1.0,0.0,0.0,0.3364962761540719,0.663503723845928,24,24,24,6,1.168954317447107,0.8658929619605754,simple_ring,True,4.22919999982696,0.12199999582662713,0.7974999989528442,0.5568000105995452,1,0,0,0.0,0,0,0.0,0.0,0.0,0.0,0.0,0,0,0,0.0,0.0,0.0,0.0,0,False,,,0,0.0,False,"(0, 1)",3.093889722891976,6.256937892269298,6.256937892269298,0,True,54,74,3.000000000000001,1.2629116220927634,0.2310077519379845,1.0,0.7153142302659923,0.5473891116948547,1.6842363896185684,0.2060637282809777,0.3248325109851002,True,0.12,0.0,0,False,,0
55,marine_knownmap_path_v2_infosampled,ucb,0.0,False,mode_not_conditional,0.0,0.0,1.0,False,SEARCH,"(22, 35)","(25, 35)","(25, 35)","(22, 33)",search_info,"(22, 33)",1,0.0,0.0,simple_ring_priority,False,,0,4,adaptive_knownmap_soft,4,8,8,8,0.5,7,54.527887664843746,1.0,5.35188952865414,0.9299190289978547,0.08715753424657534,0.045514400680103595,59.87977719349789,1.0,0.08715753424657534,0.045514400680103595,8.25,0.9545454545454546,0.0,4.0,4.75,False,0.0,soft_clearance_astar_v1,adaptive,1.0,59.87977719349789,1.0,8.25,0.9545454545454546,0.0,0.0,0.0,6.5,0.09102880136020719,-0.3340909090909091,0.0,0.0,-0.0,1,0.0,0.0,True,1.0,0.0,0.0,0.3364962761540719,0.663503723845928,24,24,24,6,1.168954317447107,0.8658929619605754,simple_ring,True,4.22919999982696,0.12199999582662713,0.7974999989528442,0.5568000105995452,1,0,0,0.0,0,0,0.0,0.0,0.0,0.0,0.0,0,0,0,0.0,0.0,0.0,0.0,0,False,,,0,0.0,False,"(0, 1)",3.093889722891976,6.256937892269298,6.256937892269298,0,True,55,75,3.0,1.2697533717098393,0.23565891472868217,1.0,0.700284457190351,0.5473891116948547,1.6842363896185684,0.2060637282809777,0.3248325109851002,True,0.12162162162162163,0.0,0,False,,0
56,marine_knownmap_path_v2_infosampled,ucb,0.0,False,mode_not_conditional,0.0,0.0,1.0,False,SEARCH,"(21, 35)","(20, 44)","(20, 41)","(16, 45)",search_info,"(16, 45)",709,1.0,0.880029776807645,simple_ring_priority,True,commit_expired,4,4,adaptive_knownmap_soft,8,8,11,8,0.625,8,38.928660180468746,1.0,5.4547823751880395,1.0,0.322979797979798,0.13623190103485439,44.383442555656785,1.0,0.322979797979798,0.13623190103485439,8.25,0.9615384615384616,0.0,2.0,2.5,False,0.0,soft_clearance_astar_v1,adaptive,1.0,44.383442555656785,1.0,8.25,0.9615384615384616,0.0,0.0,0.0,6.5,0.27246380206970877,-0.3365384615384615,0.0,0.0,-0.0,1,0.0,0.0,False,1.0,0.0,0.0,0.5,0.5,24,24,24,1,1.704055056455626,1.0,simple_ring,True,4.092899998795474,0.1210999944305513,0.859199999467819,0.5970000001980225,1,0,0,0.0,0,0,0.0,0.0,0.0,0.0,0.0,0,0,0,0.0,0.0,0.0,0.0,0,False,,,0,0.0,False,"(-1, 0)",3.3292136066700144,6.435925340531247,6.435925340531247,1,True,56,76,2.999999999999999,1.2726676227205258,0.23617571059431525,1.0,0.7353537619546013,0.7868742981115158,1.9835928726393948,1.76821606437659,0.5381974037400542,True,0.014925373134328358,0.0,0,False,,0
57,marine_knownmap_path_v2_infosampled,ucb,0.0,False,mode_not_conditional,0.0,0.0,1.0,False,SEARCH,"(20, 35)","(20, 44)","(20, 41)","(16, 45)",search_info,"(16, 45)",709,1.0,0.880029776807645,simple_ring_priority,False,,3,4,adaptive_knownmap_soft,7,8,11,8,0.125,8,38.928660180468746,1.0,5.4547823751880395,1.0,0.322979797979798,0.13623190103485439,44.383442555656785,1.0,0.322979797979798,0.13623190103485439,8.25,0.9615384615384616,0.0,2.0,2.5,False,0.0,soft_clearance_astar_v1,adaptive,1.0,44.383442555656785,1.0,8.25,0.9615384615384616,0.0,0.0,0.0,6.5,0.27246380206970877,-0.3365384615384615,0.0,0.0,-0.0,1,0.0,0.0,False,1.0,0.0,0.0,0.5,0.5,24,24,24,1,1.704055056455626,1.0,simple_ring,True,4.092899998795474,0.1210999944305513,0.859199999467819,0.5970000001980225,1,0,0,0.0,0,0,0.0,0.0,0.0,0.0,0.0,0,0,0,0.0,0.0,0.0,0.0,0,False,,,0,0.0,False,"(-1, 0)",3.3292136066700144,6.435925340531247,6.435925340531247,1,True,57,77,3.0000000000000004,1.2740523074122743,0.23669250645994833,1.0,0.6918889111325079,0.7868742981115158,1.9835928726393948,1.76821606437659,0.5381974037400542,True,0.03333333333333333,0.016666666666666666,0,False,,0
58,marine_knownmap_path_v2_infosampled,ucb,0.0,False,mode_not_conditional,0.0,0.0,1.0,False,SEARCH,"(20, 36)","(20, 44)","(20, 41)","(16, 45)",search_info,"(16, 45)",709,1.0,0.880029776807645,simple_ring_priority,False,,2,4,adaptive_knownmap_soft,6,8,11,8,0.25,8,38.928660180468746,1.0,5.4547823751880395,1.0,0.322979797979798,0.13623190103485439,44.383442555656785,1.0,0.322979797979798,0.13623190103485439,8.25,0.9615384615384616,0.0,2.0,2.5,False,0.0,soft_clearance_astar_v1,adaptive,1.0,44.383442555656785,1.0,8.25,0.9615384615384616,0.0,0.0,0.0,6.5,0.27246380206970877,-0.3365384615384615,0.0,0.0,-0.0,1,0.0,0.0,False,1.0,0.0,0.0,0.5,0.5,24,24,24,1,1.704055056455626,1.0,simple_ring,True,4.092899998795474,0.1210999944305513,0.859199999467819,0.5970000001980225,1,0,0,0.0,0,0,0.0,0.0,0.0,0.0,0.0,0,0,0,0.0,0.0,0.0,0.0,0,False,,,0,0.0,False,"(-1, 0)",3.3292136066700144,6.435925340531247,6.435925340531247,1,True,58,78,3.0000000000000004,1.2771745565055945,0.2392764857881137,1.0,0.5888116232052399,0.7868742981115158,1.9835928726393948,1.76821606437659,0.5381974037400542,True,0.0847457627118644,0.0,0,False,,0
59,marine_knownmap_path_v2_infosampled,ucb,0.0,False,mode_not_conditional,0.0,0.0,1.0,False,SEARCH,"(20, 37)","(20, 44)","(20, 41)","(16, 45)",search_info,"(16, 45)",709,1.0,0.880029776807645,simple_ring_priority,False,,1,4,adaptive_knownmap_soft,5,8,11,8,0.375,8,38.928660180468746,1.0,5.4547823751880395,1.0,0.322979797979798,0.13623190103485439,44.383442555656785,1.0,0.322979797979798,0.13623190103485439,8.25,0.9615384615384616,0.0,2.0,2.5,False,0.0,soft_clearance_astar_v1,adaptive,1.0,44.383442555656785,1.0,8.25,0.9615384615384616,0.0,0.0,0.0,6.5,0.27246380206970877,-0.3365384615384615,0.0,0.0,-0.0,1,0.0,0.0,False,1.0,0.0,0.0,0.5,0.5,24,24,24,1,1.704055056455626,1.0,simple_ring,True,4.092899998795474,0.1210999944305513,0.859199999467819,0.5970000001980225,1,0,0,0.0,0,0,0.0,0.0,0.0,0.0,0.0,0,0,0,0.0,0.0,0.0,0.0,0,False,,,0,0.0,False,"(-1, 0)",3.3292136066700144,6.435925340531247,6.435925340531247,1,True,59,79,2.9999999999999996,1.2819883651094923,0.2434108527131783,1.0,0.564094923713001,0.7868742981115158,1.9835928726393948,1.76821606437659,0.5381974037400542,True,0.13559322033898305,0.0,0,False,,0
60,marine_knownmap_path_v2_infosampled,ucb,0.0,False,mode_not_conditional,0.0,0.0,1.0,False,SEARCH,"(20, 38)","(20, 44)","(20, 41)","(16, 45)",search_info,"(16, 45)",709,1.0,0.880029776807645,simple_ring_priority,False,,0,4,adaptive_knownmap_soft,4,8,11,8,0.5,8,38.928660180468746,1.0,5.4547823751880395,1.0,0.322979797979798,0.13623190103485439,44.383442555656785,1.0,0.322979797979798,0.13623190103485439,8.25,0.9615384615384616,0.0,2.0,2.5,False,0.0,soft_clearance_astar_v1,adaptive,1.0,44.383442555656785,1.0,8.25,0.9615384615384616,0.0,0.0,0.0,6.5,0.27246380206970877,-0.3365384615384615,0.0,0.0,-0.0,1,0.0,0.0,False,1.0,0.0,0.0,0.5,0.5,24,24,24,1,1.704055056455626,1.0,simple_ring,True,4.092899998795474,0.1210999944305513,0.859199999467819,0.5970000001980225,1,0,0,0.0,0,0,0.0,0.0,0.0,0.0,0.0,0,0,0,0.0,0.0,0.0,0.0,0,False,,,0,0.0,False,"(-1, 0)",3.3292136066700144,6.435925340531247,6.435925340531247,1,True,60,80,3.0000000000000004,1.2879172713432285,0.24754521963824289,1.0,0.6246358934801582,0.7868742981115158,1.9835928726393948,1.76821606437659,0.5381974037400542,True,0.13114754098360656,0.0,0,False,,0
61,marine_knownmap_path_v2_infosampled,ucb,0.0,False,mode_not_conditional,0.0,0.0,1.0,False,SEARCH,"(20, 39)","(20, 46)","(20, 46)","(16, 45)",search_info,"(16, 45)",1,0.0,0.0,simple_ring_priority,True,commit_expired,4,4,adaptive_knownmap_soft,8,8,8,8,0.625,9,61.7915324921875,1.0,6.210343944003907,1.0,0.007575757575757576,0.0,68.00187643619141,1.0,0.007575757575757576,0.0,8.0,0.8571428571428571,0.0,2.0,3.625,False,0.0,soft_clearance_astar_v1,adaptive,1.0,68.00187643619141,1.0,8.0,0.8571428571428571,0.0,0.0,0.0,6.5,0.0,-0.3,0.0,0.0,-0.0,0,0.0,0.0,True,0.4,0.0,0.0,0.2672363578384511,0.7327636421615489,24,24,24,2,1.716090317921274,0.9773766825910439,simple_ring,True,4.0956999982881825,0.10899999688263051,0.7260999991558492,0.5685999840352451,1,0,0,0.0,0,0,0.0,0.0,0.0,0.0,0.0,0,0,0,0.0,0.0,0.0,0.0,0,False,,,0,0.0,False,"(0, 1)",4.906964211108211,6.2,6.2,1,True,61,81,3.0,1.2945845024985874,0.25167958656330747,1.0,0.6202982401277575,0.981741913108251,2.2271773913853137,2.9831380444350497,0.7051391071955223,True,0.12698412698412698,0.0,0,False,,0
62,marine_knownmap_path_v2_infosampled,ucb,0.0,False,mode_not_conditional,0.0,0.0,1.0,False,SEARCH,"(20, 40)","(20, 46)","(20, 46)","(16, 45)",search_info,"(16, 45)",1,0.0,0.0,simple_ring_priority,False,,3,4,adaptive_knownmap_soft,7,8,8,8,0.125,9,61.7915324921875,1.0,6.210343944003907,1.0,0.007575757575757576,0.0,68.00187643619141,1.0,0.007575757575757576,0.0,8.0,0.8571428571428571,0.0,2.0,3.625,False,0.0,soft_clearance_astar_v1,adaptive,1.0,68.00187643619141,1.0,8.0,0.8571428571428571,0.0,0.0,0.0,6.5,0.0,-0.3,0.0,0.0,-0.0,0,0.0,0.0,True,0.4,0.0,0.0,0.2672363578384511,0.7327636421615489,24,24,24,2,1.716090317921274,0.9773766825910439,simple_ring,True,4.0956999982881825,0.10899999688263051,0.7260999991558492,0.5685999840352451,1,0,0,0.0,0,0,0.0,0.0,0.0,0.0,0.0,0,0,0,0.0,0.0,0.0,0.0,0,False,,,0,0.0,False,"(0, 1)",4.906964211108211,6.2,6.2,1,True,62,82,3.0,1.3016863947356343,0.2563307493540052,1.0,0.5397768839932575,0.981741913108251,2.2271773913853137,2.9831380444350497,0.7051391071955223,True,0.13846153846153847,0.0,0,False,,0
63,marine_knownmap_path_v2_infosampled,ucb,0.0,False,mode_not_conditional,0.0,0.0,1.0,False,SEARCH,"(20, 41)","(20, 46)","(20, 46)","(16, 45)",search_info,"(16, 45)",1,0.0,0.0,simple_ring_priority,False,,2,4,adaptive_knownmap_soft,6,8,8,8,0.25,9,61.7915324921875,1.0,6.210343944003907,1.0,0.007575757575757576,0.0,68.00187643619141,1.0,0.007575757575757576,0.0,8.0,0.8571428571428571,0.0,2.0,3.625,False,0.0,soft_clearance_astar_v1,adaptive,1.0,68.00187643619141,1.0,8.0,0.8571428571428571,0.0,0.0,0.0,6.5,0.0,-0.3,0.0,0.0,-0.0,0,0.0,0.0,True,0.4,0.0,0.0,0.2672363578384511,0.7327636421615489,24,24,24,2,1.716090317921274,0.9773766825910439,simple_ring,True,4.0956999982881825,0.10899999688263051,0.7260999991558492,0.5685999840352451,1,0,0,0.0,0,0,0.0,0.0,0.0,0.0,0.0,0,0,0,0.0,0.0,0.0,0.0,0,False,,,0,0.0,False,"(0, 1)",4.906964211108211,6.2,6.2,1,True,63,83,3.0,1.3089648404954781,0.26098191214470284,1.0,0.5447543203990273,0.981741913108251,2.2271773913853137,2.9831380444350497,0.7051391071955223,True,0.13432835820895522,0.0,0,False,,0
64,marine_knownmap_path_v2_infosampled,ucb,0.0,False,mode_not_conditional,0.0,0.0,1.0,False,SEARCH,"(20, 42)","(20, 46)","(20, 46)","(16, 45)",search_info,"(16, 45)",1,0.0,0.0,simple_ring_priority,False,,1,4,adaptive_knownmap_soft,5,8,8,8,0.375,9,61.7915324921875,1.0,6.210343944003907,1.0,0.007575757575757576,0.0,68.00187643619141,1.0,0.007575757575757576,0.0,8.0,0.8571428571428571,0.0,2.0,3.625,False,0.0,soft_clearance_astar_v1,adaptive,1.0,68.00187643619141,1.0,8.0,0.8571428571428571,0.0,0.0,0.0,6.5,0.0,-0.3,0.0,0.0,-0.0,0,0.0,0.0,True,0.4,0.0,0.0,0.2672363578384511,0.7327636421615489,24,24,24,2,1.716090317921274,0.9773766825910439,simple_ring,True,4.0956999982881825,0.10899999688263051,0.7260999991558492,0.5685999840352451,1,0,0,0.0,0,0,0.0,0.0,0.0,0.0,0.0,0,0,0,0.0,0.0,0.0,0.0,0,False,,,0,0.0,False,"(0, 1)",4.906964211108211,6.2,6.2,1,True,64,84,3.0,1.3163656814906595,0.2656330749354005,1.0,0.4981971245629282,0.981741913108251,2.2271773913853137,2.9831380444350497,0.7051391071955223,True,0.13043478260869565,0.0,0,False,,0
65,marine_knownmap_path_v2_infosampled,ucb,0.0,False,mode_not_conditional,0.0,0.0,1.0,False,SEARCH,"(20, 43)","(20, 46)","(20, 46)","(16, 45)",search_info,"(16, 45)",1,0.0,0.0,simple_ring_priority,False,,0,4,adaptive_knownmap_soft,4,8,8,8,0.5,9,61.7915324921875,1.0,6.210343944003907,1.0,0.007575757575757576,0.0,68.00187643619141,1.0,0.007575757575757576,0.0,8.0,0.8571428571428571,0.0,2.0,3.625,False,0.0,soft_clearance_astar_v1,adaptive,1.0,68.00187643619141,1.0,8.0,0.8571428571428571,0.0,0.0,0.0,6.5,0.0,-0.3,0.0,0.0,-0.0,0,0.0,0.0,True,0.4,0.0,0.0,0.2672363578384511,0.7327636421615489,24,24,24,2,1.716090317921274,0.9773766825910439,simple_ring,True,4.0956999982881825,0.10899999688263051,0.7260999991558492,0.5685999840352451,1,0,0,0.0,0,0,0.0,0.0,0.0,0.0,0.0,0,0,0,0.0,0.0,0.0,0.0,0,False,,,0,0.0,False,"(0, 1)",4.906964211108211,6.2,6.2,1,True,65,0,1.9999999999999996,1.319136971557184,0.27028423772609816,1.0,0.43328824817293593,0.981741913108251,2.2271773913853137,2.9831380444350497,0.7051391071955223,True,0.1267605633802817,0.0,1,False,,0
66,marine_knownmap_path_v2_infosampled,ucb,0.0,False,mode_not_conditional,0.0,0.0,1.0,False,SEARCH,"(20, 44)","(22, 51)","(20, 51)","(26, 51)",search_info,"(26, 51)",60,1.0,0.9736741133658753,simple_ring_priority,True,commit_expired,4,4,adaptive_knownmap_soft,8,8,10,8,0.625,10,71.19500511640624,1.0,4.83404175140098,0.8321860645538177,0.0,0.0,76.02904686780721,1.0,0.0,0.0,8.0,0.96,0.0,4.0,5.75,False,0.0,soft_clearance_astar_v1,adaptive,1.0,76.02904686780721,1.0,8.0,0.96,0.0,0.0,0.0,6.5,0.0,-0.33599999999999997,0.0,0.0,-0.0,0,0.0,0.0,False,1.0,0.0,0.0,0.5,0.5,24,24,24,4,1.4091912403959652,0.9443692918970575,simple_ring,True,4.134099999646423,0.04749999789055437,0.6201000014698366,0.36529999306367245,1,0,0,0.0,0,0,0.0,0.0,0.0,0.0,0.0,0,0,0,0.0,0.0,0.0,0.0,0,False,,,0,0.0,False,"(0, 1)",1.0837233218431426,6.164,6.164,2,True,66,1,1.9999999999999996,1.3294094526942029,0.27545219638242896,1.0,0.48172439467007677,1.0,2.25,12.095974410953978,0.47530371514805725,True,0.13513513513513514,0.0,0,False,,0
67,marine_knownmap_path_v2_infosampled,ucb,0.0,False,mode_not_conditional,0.0,0.0,1.0,False,SEARCH,"(20, 45)","(22, 51)","(20, 51)","(26, 51)",search_info,"(26, 51)",60,1.0,0.9736741133658753,simple_ring_priority,False,,3,4,adaptive_knownmap_soft,7,8,10,8,0.125,10,71.19500511640624,1.0,4.83404175140098,0.8321860645538177,0.0,0.0,76.02904686780721,1.0,0.0,0.0,8.0,0.96,0.0,4.0,5.75,False,0.0,soft_clearance_astar_v1,adaptive,1.0,76.02904686780721,1.0,8.0,0.96,0.0,0.0,0.0,6.5,0.0,-0.33599999999999997,0.0,0.0,-0.0,0,0.0,0.0,False,1.0,0.0,0.0,0.5,0.5,24,24,24,4,1.4091912403959652,0.9443692918970575,simple_ring,True,4.134099999646423,0.04749999789055437,0.6201000014698366,0.36529999306367245,1,0,0,0.0,0,0,0.0,0.0,0.0,0.0,0.0,0,0,0,0.0,0.0,0.0,0.0,0,False,,,0,0.0,False,"(0, 1)",1.0837233218431426,6.164,6.164,2,True,67,2,2.0,1.3387809877063428,0.2806201550387597,1.0,0.6348156718486616,1.0,2.25,12.095974410953978,0.47530371514805725,True,0.13333333333333333,0.0,0,False,,0
68,marine_knownmap_path_v2_infosampled,ucb,0.0,False,mode_not_conditional,0.0,0.0,1.0,False,SEARCH,"(20, 46)","(22, 51)","(20, 51)","(26, 51)",search_info,"(26, 51)",60,1.0,0.9736741133658753,simple_ring_priority,False,,2,4,adaptive_knownmap_soft,6,8,10,8,0.25,10,71.19500511640624,1.0,4.83404175140098,0.8321860645538177,0.0,0.0,76.02904686780721,1.0,0.0,0.0,8.0,0.96,0.0,4.0,5.75,False,0.0,soft_clearance_astar_v1,adaptive,1.0,76.02904686780721,1.0,8.0,0.96,0.0,0.0,0.0,6.5,0.0,-0.33599999999999997,0.0,0.0,-0.0,0,0.0,0.0,False,1.0,0.0,0.0,0.5,0.5,24,24,24,4,1.4091912403959652,0.9443692918970575,simple_ring,True,4.134099999646423,0.04749999789055437,0.6201000014698366,0.36529999306367245,1,0,0,0.0,0,0,0.0,0.0,0.0,0.0,0.0,0,0,0,0.0,0.0,0.0,0.0,0,False,,,0,0.0,False,"(0, 1)",1.0837233218431426,6.164,6.164,2,True,68,3,2.0,1.347786568124279,0.28578811369509044,1.0,0.6290233179434325,1.0,2.25,12.095974410953978,0.47530371514805725,True,0.13157894736842105,0.0,0,False,,0
69,marine_knownmap_path_v2_infosampled,ucb,0.0,False,mode_not_conditional,0.0,0.0,1.0,False,SEARCH,"(20, 47)","(22, 51)","(20, 51)","(26, 51)",search_info,"(26, 51)",60,1.0,0.9736741133658753,simple_ring_priority,False,,1,4,adaptive_knownmap_soft,5,8,10,8,0.375,10,71.19500511640624,1.0,4.83404175140098,0.8321860645538177,0.0,0.0,76.02904686780721,1.0,0.0,0.0,8.0,0.96,0.0,4.0,5.75,False,0.0,soft_clearance_astar_v1,adaptive,1.0,76.02904686780721,1.0,8.0,0.96,0.0,0.0,0.0,6.5,0.0,-0.33599999999999997,0.0,0.0,-0.0,0,0.0,0.0,False,1.0,0.0,0.0,0.5,0.5,24,24,24,4,1.4091912403959652,0.9443692918970575,simple_ring,True,4.134099999646423,0.04749999789055437,0.6201000014698366,0.36529999306367245,1,0,0,0.0,0,0,0.0,0.0,0.0,0.0,0.0,0,0,0,0.0,0.0,0.0,0.0,0,False,,,0,0.0,False,"(0, 1)",1.0837233218431426,6.164,6.164,2,True,69,4,1.9999999999999996,1.3570418228292471,0.29147286821705426,1.0,0.5419772273936339,1.0,2.25,12.095974410953978,0.47530371514805725,True,0.14102564102564102,0.0,0,False,,0
70,marine_knownmap_path_v2_infosampled,ucb,0.0,False,mode_not_conditional,0.0,0.0,1.0,False,SEARCH,"(20, 48)","(22, 51)","(20, 51)","(26, 51)",search_info,"(26, 51)",60,1.0,0.9736741133658753,simple_ring_priority,False,,0,4,adaptive_knownmap_soft,4,8,10,8,0.5,10,71.19500511640624,1.0,4.83404175140098,0.8321860645538177,0.0,0.0,76.02904686780721,1.0,0.0,0.0,8.0,0.96,0.0,4.0,5.75,False,0.0,soft_clearance_astar_v1,adaptive,1.0,76.02904686780721,1.0,8.0,0.96,0.0,0.0,0.0,6.5,0.0,-0.33599999999999997,0.0,0.0,-0.0,0,0.0,0.0,False,1.0,0.0,0.0,0.5,0.5,24,24,24,4,1.4091912403959652,0.9443692918970575,simple_ring,True,4.134099999646423,0.04749999789055437,0.6201000014698366,0.36529999306367245,1,0,0,0.0,0,0,0.0,0.0,0.0,0.0,0.0,0,0,0,0.0,0.0,0.0,0.0,0,False,,,0,0.0,False,"(0, 1)",1.0837233218431426,6.164,6.164,2,True,70,5,1.9999999999999996,1.36634459728085,0.2971576227390181,1.0,0.5275669937129065,1.0,2.25,12.095974410953978,0.47530371514805725,True,0.13924050632911392,0.0,0,False,,0
71,marine_knownmap_path_v2_infosampled,ucb,0.0,False,mode_not_conditional,0.0,0.0,1.0,False,SEARCH,"(19, 48)","(11, 49)","(12, 48)","(11, 53)",search_info,"(11, 53)",75,1.0,0.9492947354193132,simple_ring_priority,True,commit_expired,4,4,adaptive_knownmap_soft,8,8,10,8,0.625,11,64.57312386640623,0.9042131698990007,4.9739185804775445,0.9800418425768654,0.7642873263888887,1.0,69.54704244688378,0.9214443128611014,0.7642873263888887,1.0,8.0,0.9166666666666666,0.0,7.0,8.625,False,0.0,soft_clearance_astar_v1,adaptive,1.0,69.54704244688378,0.9214443128611014,8.0,0.9166666666666666,0.0,0.0,0.0,5.989388033597159,2.0,-0.3208333333333333,0.0,0.0,-0.0,0,0.0,0.0,False,1.0,0.0,0.0,0.5,0.5,24,24,24,2,1.4607243372119982,0.9709078463457126,simple_ring,True,4.051399999298155,0.08890000026440248,0.7714999992458615,0.5491000083566178,1,0,0,0.0,0,0,0.0,0.0,0.0,0.0,0.0,0,0,0,0.0,0.0,0.0,0.0,0,False,,,0,0.0,False,"(-1, 0)",0.17761781071009553,7.668554700263826,7.668554700263826,3,True,71,6,2.0,1.3734067975252773,0.30025839793281656,1.0,0.5601593637836659,0.9608467225167215,2.201058403145902,3.5026758792237898,0.27515716128666823,True,0.07407407407407407,0.0,0,False,,0
72,marine_knownmap_path_v2_infosampled,ucb,0.0,False,mode_not_conditional,0.0,0.0,1.0,False,SEARCH,"(18, 48)","(11, 49)","(12, 48)","(11, 53)",search_info,"(11, 53)",75,1.0,0.9492947354193132,simple_ring_priority,False,,3,4,adaptive_knownmap_soft,7,8,10,8,0.125,11,64.57312386640623,0.9042131698990007,4.9739185804775445,0.9800418425768654,0.7642873263888887,1.0,69.54704244688378,0.9214443128611014,0.7642873263888887,1.0,8.0,0.9166666666666666,0.0,7.0,8.625,False,0.0,soft_clearance_astar_v1,adaptive,1.0,69.54704244688378,0.9214443128611014,8.0,0.9166666666666666,0.0,0.0,0.0,5.989388033597159,2.0,-0.3208333333333333,0.0,0.0,-0.0,0,0.0,0.0,False,1.0,0.0,0.0,0.5,0.5,24,24,24,2,1.4607243372119982,0.9709078463457126,simple_ring,True,4.051399999298155,0.08890000026440248,0.7714999992458615,0.5491000083566178,1,0,0,0.0,0,0,0.0,0.0,0.0,0.0,0.0,0,0,0,0.0,0.0,0.0,0.0,0,False,,,0,0.0,False,"(-1, 0)",0.17761781071009553,7.668554700263826,7.668554700263826,3,True,72,7,2.0000000000000004,1.3809050877245295,0.3049095607235142,1.0,0.5366377757675399,0.9608467225167215,2.201058403145902,3.5026758792237898,0.27515716128666823,True,0.1111111111111111,0.0,0,False,,0
73,marine_knownmap_path_v2_infosampled,ucb,0.0,False,mode_not_conditional,0.0,0.0,1.0,False,SEARCH,"(17, 48)","(11, 49)","(12, 48)","(11, 53)",search_info,"(11, 53)",75,1.0,0.9492947354193132,simple_ring_priority,False,,2,4,adaptive_knownmap_soft,6,8,10,8,0.25,11,64.57312386640623,0.9042131698990007,4.9739185804775445,0.9800418425768654,0.7642873263888887,1.0,69.54704244688378,0.9214443128611014,0.7642873263888887,1.0,8.0,0.9166666666666666,0.0,7.0,8.625,False,0.0,soft_clearance_astar_v1,adaptive,1.0,69.54704244688378,0.9214443128611014,8.0,0.9166666666666666,0.0,0.0,0.0,5.989388033597159,2.0,-0.3208333333333333,0.0,0.0,-0.0,0,0.0,0.0,False,1.0,0.0,0.0,0.5,0.5,24,24,24,2,1.4607243372119982,0.9709078463457126,simple_ring,True,4.051399999298155,0.08890000026440248,0.7714999992458615,0.5491000083566178,1,0,0,0.0,0,0,0.0,0.0,0.0,0.0,0.0,0,0,0,0.0,0.0,0.0,0.0,0,False,,,0,0.0,False,"(-1, 0)",0.17761781071009553,7.668554700263826,7.668554700263826,3,True,73,8,2.0,1.389195189960996,0.31007751937984496,1.0,0.5127311587520736,0.9608467225167215,2.201058403145902,3.5026758792237898,0.27515716128666823,True,0.12345679012345678,0.0,0,False,,0
74,marine_knownmap_path_v2_infosampled,ucb,0.0,False,mode_not_conditional,0.0,0.0,1.0,False,SEARCH,"(16, 48)","(11, 49)","(12, 48)","(11, 53)",search_info,"(11, 53)",75,1.0,0.9492947354193132,simple_ring_priority,False,,1,4,adaptive_knownmap_soft,5,8,10,8,0.375,11,64.57312386640623,0.9042131698990007,4.9739185804775445,0.9800418425768654,0.7642873263888887,1.0,69.54704244688378,0.9214443128611014,0.7642873263888887,1.0,8.0,0.9166666666666666,0.0,7.0,8.625,False,0.0,soft_clearance_astar_v1,adaptive,1.0,69.54704244688378,0.9214443128611014,8.0,0.9166666666666666,0.0,0.0,0.0,5.989388033597159,2.0,-0.3208333333333333,0.0,0.0,-0.0,0,0.0,0.0,False,1.0,0.0,0.0,0.5,0.5,24,24,24,2,1.4607243372119982,0.9709078463457126,simple_ring,True,4.051399999298155,0.08890000026440248,0.7714999992458615,0.5491000083566178,1,0,0,0.0,0,0,0.0,0.0,0.0,0.0,0.0,0,0,0,0.0,0.0,0.0,0.0,0,False,,,0,0.0,False,"(-1, 0)",0.17761781071009553,7.668554700263826,7.668554700263826,3,True,74,9,2.0000000000000004,1.3981031306368972,0.3152454780361757,1.0,0.5117863098150442,0.9608467225167215,2.201058403145902,3.5026758792237898,0.27515716128666823,True,0.12345679012345678,0.0,0,False,,0
75,marine_knownmap_path_v2_infosampled,ucb,0.0,False,mode_not_conditional,0.0,0.0,1.0,False,SEARCH,"(15, 48)","(11, 49)","(12, 48)","(11, 53)",search_info,"(11, 53)",75,1.0,0.9492947354193132,simple_ring_priority,False,,0,4,adaptive_knownmap_soft,4,8,10,8,0.5,11,64.57312386640623,0.9042131698990007,4.9739185804775445,0.9800418425768654,0.7642873263888887,1.0,69.54704244688378,0.9214443128611014,0.7642873263888887,1.0,8.0,0.9166666666666666,0.0,7.0,8.625,False,0.0,soft_clearance_astar_v1,adaptive,1.0,69.54704244688378,0.9214443128611014,8.0,0.9166666666666666,0.0,0.0,0.0,5.989388033597159,2.0,-0.3208333333333333,0.0,0.0,-0.0,0,0.0,0.0,False,1.0,0.0,0.0,0.5,0.5,24,24,24,2,1.4607243372119982,0.9709078463457126,simple_ring,True,4.051399999298155,0.08890000026440248,0.7714999992458615,0.5491000083566178,1,0,0,0.0,0,0,0.0,0.0,0.0,0.0,0.0,0,0,0,0.0,0.0,0.0,0.0,0,False,,,0,0.0,False,"(-1, 0)",0.17761781071009553,7.668554700263826,7.668554700263826,3,True,75,10,2.0,1.4077409862955093,0.32041343669250644,1.0,0.5054771798872493,0.9608467225167215,2.201058403145902,3.5026758792237898,0.27515716128666823,True,0.13580246913580246,0.012345679012345678,0,False,,0
76,marine_knownmap_path_v2_infosampled,ucb,0.0,False,mode_not_conditional,0.0,0.0,1.0,False,SEARCH,"(14, 48)","(7, 52)","(7, 48)","(11, 53)",search_info,"(11, 53)",1,0.0,0.0,simple_ring_priority,True,commit_expired,4,4,adaptive_knownmap_soft,8,8,12,8,0.625,12,74.04750511640623,1.0,4.127432855733791,0.9127867890476425,0.0,0.0,78.17493797214001,1.0,0.0,0.0,8.0,0.9166666666666666,0.0,7.0,8.625,False,0.0,soft_clearance_astar_v1,adaptive,1.0,78.17493797214001,1.0,8.0,0.9166666666666666,0.0,0.0,0.0,6.5,0.0,-0.3208333333333333,0.0,0.0,-0.0,0,0.0,0.0,True,1.0,0.0,0.0,0.04818117450306786,0.9518188254969322,24,24,24,4,1.011796610114291,0.8704117292957201,simple_ring,True,4.097099999853526,0.07510000068577938,0.5155999988346593,0.3816999997070525,1,0,0,0.0,0,0,0.0,0.0,0.0,0.0,0.0,0,0,0,0.0,0.0,0.0,0.0,0,False,,,0,0.0,False,"(-1, 0)",3.383238095865889,6.179166666666667,6.179166666666667,3,True,76,11,2.0,1.41762923459709,0.32609819121447026,1.0,0.5235176273941501,0.39367227320645487,1.4920903415080686,0.6384092848931776,0.1259827701572244,False,0.13580246913580246,0.0,0,False,,0
77,marine_knownmap_path_v2_infosampled,ucb,0.0,False,mode_not_conditional,0.0,0.0,1.0,False,SEARCH,"(13, 48)","(7, 52)","(7, 48)","(11, 53)",search_info,"(11, 53)",1,0.0,0.0,simple_ring_priority,False,,3,4,adaptive_knownmap_soft,7,8,12,8,0.125,12,74.04750511640623,1.0,4.127432855733791,0.9127867890476425,0.0,0.0,78.17493797214001,1.0,0.0,0.0,8.0,0.9166666666666666,0.0,7.0,8.625,False,0.0,soft_clearance_astar_v1,adaptive,1.0,78.17493797214001,1.0,8.0,0.9166666666666666,0.0,0.0,0.0,6.5,0.0,-0.3208333333333333,0.0,0.0,-0.0,0,0.0,0.0,True,1.0,0.0,0.0,0.04818117450306786,0.9518188254969322,24,24,24,4,1.011796610114291,0.8704117292957201,simple_ring,True,4.097099999853526,0.07510000068577938,0.5155999988346593,0.3816999997070525,1,0,0,0.0,0,0,0.0,0.0,0.0,0.0,0.0,0,0,0,0.0,0.0,0.0,0.0,0,False,,,0,0.0,False,"(-1, 0)",3.383238095865889,6.179166666666667,6.179166666666667,3,True,77,12,2.0,1.4277150410091823,0.33178294573643413,1.0,0.5118952003805091,0.39367227320645487,1.4920903415080686,0.6384092848931776,0.1259827701572244,False,0.13580246913580246,0.0,0,False,,0
78,marine_knownmap_path_v2_infosampled,ucb,0.0,False,mode_not_conditional,0.0,0.0,1.0,False,SEARCH,"(12, 48)","(7, 52)","(7, 48)","(11, 53)",search_info,"(11, 53)",1,0.0,0.0,simple_ring_priority,False,,2,4,adaptive_knownmap_soft,6,8,12,8,0.25,12,74.04750511640623,1.0,4.127432855733791,0.9127867890476425,0.0,0.0,78.17493797214001,1.0,0.0,0.0,8.0,0.9166666666666666,0.0,7.0,8.625,False,0.0,soft_clearance_astar_v1,adaptive,1.0,78.17493797214001,1.0,8.0,0.9166666666666666,0.0,0.0,0.0,6.5,0.0,-0.3208333333333333,0.0,0.0,-0.0,0,0.0,0.0,True,1.0,0.0,0.0,0.04818117450306786,0.9518188254969322,24,24,24,4,1.011796610114291,0.8704117292957201,simple_ring,True,4.097099999853526,0.07510000068577938,0.5155999988346593,0.3816999997070525,1,0,0,0.0,0,0,0.0,0.0,0.0,0.0,0.0,0,0,0,0.0,0.0,0.0,0.0,0,False,,,0,0.0,False,"(-1, 0)",3.383238095865889,6.179166666666667,6.179166666666667,3,True,78,13,1.9999999999999998,1.4379736885202288,0.33746770025839795,1.0,0.6129777766008059,0.39367227320645487,1.4920903415080686,0.6384092848931776,0.1259827701572244,False,0.13580246913580246,0.0,0,False,,0
79,marine_knownmap_path_v2_infosampled,ucb,0.0,False,mode_not_conditional,0.0,0.0,1.0,False,SEARCH,"(11, 48)","(7, 52)","(7, 48)","(11, 53)",search_info,"(11, 53)",1,0.0,0.0,simple_ring_priority,False,,1,4,adaptive_knownmap_soft,5,8,12,8,0.375,12,74.04750511640623,1.0,4.127432855733791,0.9127867890476425,0.0,0.0,78.17493797214001,1.0,0.0,0.0,8.0,0.9166666666666666,0.0,7.0,8.625,False,0.0,soft_clearance_astar_v1,adaptive,1.0,78.17493797214001,1.0,8.0,0.9166666666666666,0.0,0.0,0.0,6.5,0.0,-0.3208333333333333,0.0,0.0,-0.0,0,0.0,0.0,True,1.0,0.0,0.0,0.04818117450306786,0.9518188254969322,24,24,24,4,1.011796610114291,0.8704117292957201,simple_ring,True,4.097099999853526,0.07510000068577938,0.5155999988346593,0.3816999997070525,1,0,0,0.0,0,0,0.0,0.0,0.0,0.0,0.0,0,0,0,0.0,0.0,0.0,0.0,0,False,,,0,0.0,False,"(-1, 0)",3.383238095865889,6.179166666666667,6.179166666666667,3,True,79,14,1.9999999999999998,1.4483904390934281,0.34315245478036177,1.0,0.539661967474879,0.39367227320645487,1.4920903415080686,0.6384092848931776,0.1259827701572244,False,0.13580246913580246,0.0,0,False,,0
80,marine_knownmap_path_v2_infosampled,ucb,0.0,False,mode_not_conditional,0.0,0.0,1.0,False,SEARCH,"(10, 48)","(7, 52)","(7, 48)","(11, 53)",search_info,"(11, 53)",1,0.0,0.0,simple_ring_priority,False,,0,4,adaptive_knownmap_soft,4,8,12,8,0.5,12,74.04750511640623,1.0,4.127432855733791,0.9127867890476425,0.0,0.0,78.17493797214001,1.0,0.0,0.0,8.0,0.9166666666666666,0.0,7.0,8.625,False,0.0,soft_clearance_astar_v1,adaptive,1.0,78.17493797214001,1.0,8.0,0.9166666666666666,0.0,0.0,0.0,6.5,0.0,-0.3208333333333333,0.0,0.0,-0.0,0,0.0,0.0,True,1.0,0.0,0.0,0.04818117450306786,0.9518188254969322,24,24,24,4,1.011796610114291,0.8704117292957201,simple_ring,True,4.097099999853526,0.07510000068577938,0.5155999988346593,0.3816999997070525,1,0,0,0.0,0,0,0.0,0.0,0.0,0.0,0.0,0,0,0,0.0,0.0,0.0,0.0,0,False,,,0,0.0,False,"(-1, 0)",3.383238095865889,6.179166666666667,6.179166666666667,3,True,80,15,2.0,1.4589602532205121,0.3488372093023256,1.0,0.5890763944865494,0.39367227320645487,1.4920903415080686,0.6384092848931776,0.1259827701572244,False,0.13580246913580246,0.0,0,False,,0
81,marine_knownmap_path_v2_infosampled,ucb,0.0,False,mode_not_conditional,0.0,0.0,1.0,False,SEARCH,"(9, 48)","(7, 53)","(7, 53)","(11, 53)",search_info,"(11, 53)",1,0.0,0.0,simple_ring_priority,True,commit_expired,4,4,adaptive_knownmap_soft,8,8,8,8,0.625,13,65.9244074921875,0.9268682393215054,6.004799702862681,1.0,0.1842650701822916,0.24109397581261588,71.92920719505018,1.0,0.1842650701822916,0.24109397581261588,8.25,1.0,0.0,6.0,7.25,False,0.0,soft_clearance_astar_v1,adaptive,1.0,71.92920719505018,1.0,8.25,1.0,0.0,0.0,0.0,6.5,0.48218795162523176,-0.35,0.0,0.0,-0.0,1,0.0,0.0,True,0.2,0.0,0.0,0.30540072616509356,0.6945992738349064,24,24,24,6,1.4563707659359197,0.9307599597157588,simple_ring,True,4.19049999982235,0.12729999980365392,0.9502000011707423,0.7477999988623196,1,0,0,0.0,0,0,0.0,0.0,0.0,0.0,0.0,0,0,0,0.0,0.0,0.0,0.0,0,False,,,0,0.0,False,"(-1, 0)",3.2434913534585084,6.632187951625232,6.632187951625232,3,True,81,16,2.0,1.4696854705581799,0.3545219638242894,1.0,0.5952023057931394,0.9999999979032825,2.249999997379103,1.838608268900244,0.5106173917424716,True,0.13580246913580246,0.0,0,False,,0
82,marine_knownmap_path_v2_infosampled,ucb,0.0,False,mode_not_conditional,0.0,0.0,1.0,False,SEARCH,"(8, 48)","(7, 53)","(7, 53)","(11, 53)",search_info,"(11, 53)",1,0.0,0.0,simple_ring_priority,False,,3,4,adaptive_knownmap_soft,7,8,8,8,0.125,13,65.9244074921875,0.9268682393215054,6.004799702862681,1.0,0.1842650701822916,0.24109397581261588,71.92920719505018,1.0,0.1842650701822916,0.24109397581261588,8.25,1.0,0.0,6.0,7.25,False,0.0,soft_clearance_astar_v1,adaptive,1.0,71.92920719505018,1.0,8.25,1.0,0.0,0.0,0.0,6.5,0.48218795162523176,-0.35,0.0,0.0,-0.0,1,0.0,0.0,True,0.2,0.0,0.0,0.30540072616509356,0.6945992738349064,24,24,24,6,1.4563707659359197,0.9307599597157588,simple_ring,True,4.19049999982235,0.12729999980365392,0.9502000011707423,0.7477999988623196,1,0,0,0.0,0,0,0.0,0.0,0.0,0.0,0.0,0,0,0,0.0,0.0,0.0,0.0,0,False,,,0,0.0,False,"(-1, 0)",3.2434913534585084,6.632187951625232,6.632187951625232,3,True,82,17,1.9999999999999996,1.4805695437225466,0.36020671834625323,1.0,0.5251431928983342,0.9999999979032825,2.249999997379103,1.838608268900244,0.5106173917424716,True,0.13580246913580246,0.0,0,False,,0
83,marine_knownmap_path_v2_infosampled,ucb,0.0,False,mode_not_conditional,0.0,0.0,1.0,False,SEARCH,"(7, 48)","(7, 53)","(7, 53)","(11, 53)",search_info,"(11, 53)",1,0.0,0.0,simple_ring_priority,False,,2,4,adaptive_knownmap_soft,6,8,8,8,0.25,13,65.9244074921875,0.9268682393215054,6.004799702862681,1.0,0.1842650701822916,0.24109397581261588,71.92920719505018,1.0,0.1842650701822916,0.24109397581261588,8.25,1.0,0.0,6.0,7.25,False,0.0,soft_clearance_astar_v1,adaptive,1.0,71.92920719505018,1.0,8.25,1.0,0.0,0.0,0.0,6.5,0.48218795162523176,-0.35,0.0,0.0,-0.0,1,0.0,0.0,True,0.2,0.0,0.0,0.30540072616509356,0.6945992738349064,24,24,24,6,1.4563707659359197,0.9307599597157588,simple_ring,True,4.19049999982235,0.12729999980365392,0.9502000011707423,0.7477999988623196,1,0,0,0.0,0,0,0.0,0.0,0.0,0.0,0.0,0,0,0,0.0,0.0,0.0,0.0,0,False,,,0,0.0,False,"(-1, 0)",3.2434913534585084,6.632187951625232,6.632187951625232,3,True,83,18,1.9999999999999996,1.4916160283691886,0.36589147286821705,1.0,0.5147149821857597,0.9999999979032825,2.249999997379103,1.838608268900244,0.5106173917424716,True,0.13580246913580246,0.0,0,False,,0
84,marine_knownmap_path_v2_infosampled,ucb,0.0,False,mode_not_conditional,0.0,0.0,1.0,False,SEARCH,"(7, 49)","(7, 53)","(7, 53)","(11, 53)",search_info,"(11, 53)",1,0.0,0.0,simple_ring_priority,False,,1,4,adaptive_knownmap_soft,5,8,8,8,0.375,13,65.9244074921875,0.9268682393215054,6.004799702862681,1.0,0.1842650701822916,0.24109397581261588,71.92920719505018,1.0,0.1842650701822916,0.24109397581261588,8.25,1.0,0.0,6.0,7.25,False,0.0,soft_clearance_astar_v1,adaptive,1.0,71.92920719505018,1.0,8.25,1.0,0.0,0.0,0.0,6.5,0.48218795162523176,-0.35,0.0,0.0,-0.0,1,0.0,0.0,True,0.2,0.0,0.0,0.30540072616509356,0.6945992738349064,24,24,24,6,1.4563707659359197,0.9307599597157588,simple_ring,True,4.19049999982235,0.12729999980365392,0.9502000011707423,0.7477999988623196,1,0,0,0.0,0,0,0.0,0.0,0.0,0.0,0.0,0,0,0,0.0,0.0,0.0,0.0,0,False,,,0,0.0,False,"(-1, 0)",3.2434913534585084,6.632187951625232,6.632187951625232,3,True,84,19,2.0000000000000004,1.4999827249489954,0.3689922480620155,1.0,0.5056452832919683,0.9999999979032825,2.249999997379103,1.838608268900244,0.5106173917424716,True,0.07407407407407407,0.0,0,False,,0
85,marine_knownmap_path_v2_infosampled,ucb,0.0,False,mode_not_conditional,0.0,0.0,1.0,False,SEARCH,"(7, 50)","(7, 53)","(7, 53)","(11, 53)",search_info,"(11, 53)",1,0.0,0.0,simple_ring_priority,False,,0,4,adaptive_knownmap_soft,4,8,8,8,0.5,13,65.9244074921875,0.9268682393215054,6.004799702862681,1.0,0.1842650701822916,0.24109397581261588,71.92920719505018,1.0,0.1842650701822916,0.24109397581261588,8.25,1.0,0.0,6.0,7.25,False,0.0,soft_clearance_astar_v1,adaptive,1.0,71.92920719505018,1.0,8.25,1.0,0.0,0.0,0.0,6.5,0.48218795162523176,-0.35,0.0,0.0,-0.0,1,0.0,0.0,True,0.2,0.0,0.0,0.30540072616509356,0.6945992738349064,24,24,24,6,1.4563707659359197,0.9307599597157588,simple_ring,True,4.19049999982235,0.12729999980365392,0.9502000011707423,0.7477999988623196,1,0,0,0.0,0,0,0.0,0.0,0.0,0.0,0.0,0,0,0,0.0,0.0,0.0,0.0,0,False,,,0,0.0,False,"(-1, 0)",3.2434913534585084,6.632187951625232,6.632187951625232,3,True,85,20,1.9999999999999993,1.5089023517522238,0.3736434108527132,1.0,0.5168825819271051,0.9999999979032825,2.249999997379103,1.838608268900244,0.5106173917424716,True,0.1111111111111111,0.0,0,False,,0
86,marine_knownmap_path_v2_infosampled,ucb,0.0,False,mode_not_conditional,0.0,0.0,1.0,False,SEARCH,"(7, 51)","(9, 56)","(9, 56)","(11, 53)",search_info,"(11, 53)",1,0.0,0.0,simple_ring_priority,True,commit_expired,4,4,adaptive_knownmap_soft,8,8,8,8,0.625,14,47.60129902734374,1.0,5.809478858929663,0.9083817052059906,1.3122043241563965,1.0,53.41077788627341,1.0,1.3122043241563965,1.0,8.25,1.0,0.0,3.0,4.75,False,0.0,soft_clearance_astar_v1,adaptive,1.0,53.41077788627341,1.0,8.25,1.0,0.0,0.0,0.0,6.5,2.0,-0.35,0.0,0.0,-0.0,1,0.0,0.0,True,0.7211102550927978,0.0,0.0,0.37245369035235243,0.6275463096476476,24,24,24,4,1.4006632488329651,0.9406147757332847,simple_ring,True,3.8301000004139496,0.04269999772077426,0.4481000014493475,0.34890000097220764,1,0,0,0.0,0,0,0.0,0.0,0.0,0.0,0.0,0,0,0,0.0,0.0,0.0,0.0,0,False,,,0,0.0,False,"(0, 1)",0.0,8.15,8.15,3,True,86,21,1.9999999999999998,1.518789281432044,0.3788113695090439,1.0,0.5167830672804283,0.9999999768944178,2.2499999711180223,2.0385034924991996,0.7468860830679175,True,0.12345679012345678,0.0,0,False,,0
87,marine_knownmap_path_v2_infosampled,ucb,0.0,False,mode_not_conditional,0.0,0.0,1.0,False,SEARCH,"(7, 52)","(9, 56)","(9, 56)","(11, 53)",search_info,"(11, 53)",1,0.0,0.0,simple_ring_priority,False,,3,4,adaptive_knownmap_soft,7,8,8,8,0.125,14,47.60129902734374,1.0,5.809478858929663,0.9083817052059906,1.3122043241563965,1.0,53.41077788627341,1.0,1.3122043241563965,1.0,8.25,1.0,0.0,3.0,4.75,False,0.0,soft_clearance_astar_v1,adaptive,1.0,53.41077788627341,1.0,8.25,1.0,0.0,0.0,0.0,6.5,2.0,-0.35,0.0,0.0,-0.0,1,0.0,0.0,True,0.7211102550927978,0.0,0.0,0.37245369035235243,0.6275463096476476,24,24,24,4,1.4006632488329651,0.9406147757332847,simple_ring,True,3.8301000004139496,0.04269999772077426,0.4481000014493475,0.34890000097220764,1,0,0,0.0,0,0,0.0,0.0,0.0,0.0,0.0,0,0,0,0.0,0.0,0.0,0.0,0,False,,,0,0.0,False,"(0, 1)",0.0,8.15,8.15,3,True,87,22,2.0000000000000004,1.5294276263924393,0.38397932816537467,1.0,0.5127219482321274,0.9999999768944178,2.2499999711180223,2.0385034924991996,0.7468860830679175,True,0.12345679012345678,0.0,0,False,,0
88,marine_knownmap_path_v2_infosampled,ucb,0.0,False,mode_not_conditional,0.0,0.0,1.0,False,SEARCH,"(7, 53)","(9, 56)","(9, 56)","(11, 53)",search_info,"(11, 53)",1,0.0,0.0,simple_ring_priority,False,,2,4,adaptive_knownmap_soft,6,8,8,8,0.25,14,47.60129902734374,1.0,5.809478858929663,0.9083817052059906,1.3122043241563965,1.0,53.41077788627341,1.0,1.3122043241563965,1.0,8.25,1.0,0.0,3.0,4.75,False,0.0,soft_clearance_astar_v1,adaptive,1.0,53.41077788627341,1.0,8.25,1.0,0.0,0.0,0.0,6.5,2.0,-0.35,0.0,0.0,-0.0,1,0.0,0.0,True,0.7211102550927978,0.0,0.0,0.37245369035235243,0.6275463096476476,24,24,24,4,1.4006632488329651,0.9406147757332847,simple_ring,True,3.8301000004139496,0.04269999772077426,0.4481000014493475,0.34890000097220764,1,0,0,0.0,0,0,0.0,0.0,0.0,0.0,0.0,0,0,0,0.0,0.0,0.0,0.0,0,False,,,0,0.0,False,"(0, 1)",0.0,8.15,8.15,3,True,88,23,2.0,1.5407995473375566,0.3891472868217054,1.0,0.5115272235766303,0.9999999768944178,2.2499999711180223,2.0385034924991996,0.7468860830679175,True,0.13580246913580246,0.012345679012345678,0,False,,0
89,marine_knownmap_path_v2_infosampled,ucb,0.0,False,mode_not_conditional,0.0,0.0,1.0,False,SEARCH,"(7, 54)","(9, 56)","(9, 56)","(11, 53)",search_info,"(11, 53)",1,0.0,0.0,simple_ring_priority,False,,1,4,adaptive_knownmap_soft,5,8,8,8,0.375,14,47.60129902734374,1.0,5.809478858929663,0.9083817052059906,1.3122043241563965,1.0,53.41077788627341,1.0,1.3122043241563965,1.0,8.25,1.0,0.0,3.0,4.75,False,0.0,soft_clearance_astar_v1,adaptive,1.0,53.41077788627341,1.0,8.25,1.0,0.0,0.0,0.0,6.5,2.0,-0.35,0.0,0.0,-0.0,1,0.0,0.0,True,0.7211102550927978,0.0,0.0,0.37245369035235243,0.6275463096476476,24,24,24,4,1.4006632488329651,0.9406147757332847,simple_ring,True,3.8301000004139496,0.04269999772077426,0.4481000014493475,0.34890000097220764,1,0,0,0.0,0,0,0.0,0.0,0.0,0.0,0.0,0,0,0,0.0,0.0,0.0,0.0,0,False,,,0,0.0,False,"(0, 1)",0.0,8.15,8.15,3,True,89,0,1.0,1.5452088893618245,0.3943152454780362,1.0,0.5934264589920744,0.9999999768944178,2.2499999711180223,2.0385034924991996,0.7468860830679175,True,0.125,0.0,1,False,,0
90,marine_knownmap_path_v2_infosampled,ucb,0.0,False,mode_not_conditional,0.0,0.0,1.0,False,SEARCH,"(7, 55)","(9, 56)","(9, 56)","(11, 53)",search_info,"(11, 53)",1,0.0,0.0,simple_ring_priority,False,,0,4,adaptive_knownmap_soft,4,8,8,8,0.5,14,47.60129902734374,1.0,5.809478858929663,0.9083817052059906,1.3122043241563965,1.0,53.41077788627341,1.0,1.3122043241563965,1.0,8.25,1.0,0.0,3.0,4.75,False,0.0,soft_clearance_astar_v1,adaptive,1.0,53.41077788627341,1.0,8.25,1.0,0.0,0.0,0.0,6.5,2.0,-0.35,0.0,0.0,-0.0,1,0.0,0.0,True,0.7211102550927978,0.0,0.0,0.37245369035235243,0.6275463096476476,24,24,24,4,1.4006632488329651,0.9406147757332847,simple_ring,True,3.8301000004139496,0.04269999772077426,0.4481000014493475,0.34890000097220764,1,0,0,0.0,0,0,0.0,0.0,0.0,0.0,0.0,0,0,0,0.0,0.0,0.0,0.0,0,False,,,0,0.0,False,"(0, 1)",0.0,8.15,8.15,3,True,90,1,0.9999999999999998,1.556913238056803,0.39638242894056847,1.0,0.5462035685059643,0.9999999768944178,2.2499999711180223,2.0385034924991996,0.7468860830679175,True,0.0547945205479452,0.0,0,False,,0
91,marine_knownmap_path_v2_infosampled,ucb,0.0,False,mode_not_conditional,0.0,0.0,1.0,False,SEARCH,"(8, 55)","(15, 55)","(15, 55)","(18, 57)",search_info,"(18, 57)",28,1.0,0.977900204313513,simple_ring_priority,True,commit_expired,4,4,adaptive_knownmap_soft,8,8,8,8,0.625,15,32.657956871093745,1.0,4.249964796842122,0.7991263385925117,4.599963337262463,1.0,36.90792166793587,1.0,4.599963337262463,1.0,8.0,0.9655172413793104,0.0,4.0,4.0,False,0.0,soft_clearance_astar_v1,adaptive,1.0,36.90792166793587,1.0,8.0,0.9655172413793104,0.0,0.0,0.0,6.5,2.0,-0.33793103448275863,0.0,0.0,-0.0,0,0.0,0.0,False,1.0,0.0,0.0,0.5,0.5,24,24,24,4,1.1287052589003586,0.8298259595331614,simple_ring,True,3.8425000002462184,0.08660000094096176,0.6692000006296439,0.6355999976221938,1,0,0,0.0,0,0,0.0,0.0,0.0,0.0,0.0,0,0,0,0.0,0.0,0.0,0.0,0,False,,,0,0.0,False,"(1, 0)",1.3476640602691379,8.162068965517241,8.162068965517241,4,True,91,2,1.0,1.5647496641364882,0.3984496124031008,1.0,0.5521197008982721,0.9998034777807434,2.249754347225929,1.7785084151349444,0.715267616373359,True,0.0547945205479452,0.0,0,False,,0
92,marine_knownmap_path_v2_infosampled,ucb,0.0,False,mode_not_conditional,0.0,0.0,1.0,False,SEARCH,"(9, 55)","(15, 55)","(15, 55)","(18, 57)",search_info,"(18, 57)",28,1.0,0.977900204313513,simple_ring_priority,False,,3,4,adaptive_knownmap_soft,7,8,8,8,0.125,15,32.657956871093745,1.0,4.249964796842122,0.7991263385925117,4.599963337262463,1.0,36.90792166793587,1.0,4.599963337262463,1.0,8.0,0.9655172413793104,0.0,4.0,4.0,False,0.0,soft_clearance_astar_v1,adaptive,1.0,36.90792166793587,1.0,8.0,0.9655172413793104,0.0,0.0,0.0,6.5,2.0,-0.33793103448275863,0.0,0.0,-0.0,0,0.0,0.0,False,1.0,0.0,0.0,0.5,0.5,24,24,24,4,1.1287052589003586,0.8298259595331614,simple_ring,True,3.8425000002462184,0.08660000094096176,0.6692000006296439,0.6355999976221938,1,0,0,0.0,0,0,0.0,0.0,0.0,0.0,0.0,0,0,0,0.0,0.0,0.0,0.0,0,False,,,0,0.0,False,"(1, 0)",1.3476640602691379,8.162068965517241,8.162068965517241,4,True,92,3,1.0,1.572051282049977,0.4010335917312661,1.0,0.5456496447355079,0.9998034777807434,2.249754347225929,1.7785084151349444,0.715267616373359,True,0.0958904109589041,0.0273972602739726,0,False,,0
93,marine_knownmap_path_v2_infosampled,ucb,0.0,False,mode_not_conditional,0.0,0.0,1.0,False,SEARCH,"(10, 55)","(15, 55)","(15, 55)","(18, 57)",search_info,"(18, 57)",28,1.0,0.977900204313513,simple_ring_priority,False,,2,4,adaptive_knownmap_soft,6,8,8,8,0.25,15,32.657956871093745,1.0,4.249964796842122,0.7991263385925117,4.599963337262463,1.0,36.90792166793587,1.0,4.599963337262463,1.0,8.0,0.9655172413793104,0.0,4.0,4.0,False,0.0,soft_clearance_astar_v1,adaptive,1.0,36.90792166793587,1.0,8.0,0.9655172413793104,0.0,0.0,0.0,6.5,2.0,-0.33793103448275863,0.0,0.0,-0.0,0,0.0,0.0,False,1.0,0.0,0.0,0.5,0.5,24,24,24,4,1.1287052589003586,0.8298259595331614,simple_ring,True,3.8425000002462184,0.08660000094096176,0.6692000006296439,0.6355999976221938,1,0,0,0.0,0,0,0.0,0.0,0.0,0.0,0.0,0,0,0,0.0,0.0,0.0,0.0,0,False,,,0,0.0,False,"(1, 0)",1.3476640602691379,8.162068965517241,8.162068965517241,4,True,93,4,0.9999999999999999,1.5792885986043832,0.4036175710594315,1.0,0.5749048875880188,0.9998034777807434,2.249754347225929,1.7785084151349444,0.715267616373359,True,0.1095890410958904,0.0410958904109589,0,False,,0
94,marine_knownmap_path_v2_infosampled,ucb,0.0,False,mode_not_conditional,0.0,0.0,1.0,False,SEARCH,"(11, 55)","(15, 55)","(15, 55)","(18, 57)",search_info,"(18, 57)",28,1.0,0.977900204313513,simple_ring_priority,False,,1,4,adaptive_knownmap_soft,5,8,8,8,0.375,15,32.657956871093745,1.0,4.249964796842122,0.7991263385925117,4.599963337262463,1.0,36.90792166793587,1.0,4.599963337262463,1.0,8.0,0.9655172413793104,0.0,4.0,4.0,False,0.0,soft_clearance_astar_v1,adaptive,1.0,36.90792166793587,1.0,8.0,0.9655172413793104,0.0,0.0,0.0,6.5,2.0,-0.33793103448275863,0.0,0.0,-0.0,0,0.0,0.0,False,1.0,0.0,0.0,0.5,0.5,24,24,24,4,1.1287052589003586,0.8298259595331614,simple_ring,True,3.8425000002462184,0.08660000094096176,0.6692000006296439,0.6355999976221938,1,0,0,0.0,0,0,0.0,0.0,0.0,0.0,0.0,0,0,0,0.0,0.0,0.0,0.0,0,False,,,0,0.0,False,"(1, 0)",1.3476640602691379,8.162068965517241,8.162068965517241,4,True,94,5,0.9999999999999999,1.586598451255012,0.4062015503875969,1.0,0.5585365755008592,0.9998034777807434,2.249754347225929,1.7785084151349444,0.715267616373359,True,0.1095890410958904,0.0410958904109589,0,False,,0
95,marine_knownmap_path_v2_infosampled,ucb,0.0,False,mode_not_conditional,0.0,0.0,1.0,False,SEARCH,"(12, 55)","(15, 55)","(15, 55)","(18, 57)",search_info,"(18, 57)",28,1.0,0.977900204313513,simple_ring_priority,False,,0,4,adaptive_knownmap_soft,4,8,8,8,0.5,15,32.657956871093745,1.0,4.249964796842122,0.7991263385925117,4.599963337262463,1.0,36.90792166793587,1.0,4.599963337262463,1.0,8.0,0.9655172413793104,0.0,4.0,4.0,False,0.0,soft_clearance_astar_v1,adaptive,1.0,36.90792166793587,1.0,8.0,0.9655172413793104,0.0,0.0,0.0,6.5,2.0,-0.33793103448275863,0.0,0.0,-0.0,0,0.0,0.0,False,1.0,0.0,0.0,0.5,0.5,24,24,24,4,1.1287052589003586,0.8298259595331614,simple_ring,True,3.8425000002462184,0.08660000094096176,0.6692000006296439,0.6355999976221938,1,0,0,0.0,0,0,0.0,0.0,0.0,0.0,0.0,0,0,0,0.0,0.0,0.0,0.0,0,False,,,0,0.0,False,"(1, 0)",1.3476640602691379,8.162068965517241,8.162068965517241,4,True,95,6,1.0,1.5939921057392585,0.40878552971576226,1.0,0.5730659094324618,0.9998034777807434,2.249754347225929,1.7785084151349444,0.715267616373359,True,0.1232876712328767,0.0547945205479452,0,False,,0
96,marine_knownmap_path_v2_infosampled,ucb,0.0,False,mode_not_conditional,0.0,0.0,1.0,False,SEARCH,"(13, 55)","(21, 55)","(20, 55)","(18, 57)",search_info,"(18, 57)",1,0.0,0.0,simple_ring_priority,True,commit_expired,4,4,adaptive_knownmap_soft,8,8,9,8,0.625,16,37.37801054140624,1.0,4.005680057658394,0.9970454394483036,5.790414903630514,1.0,41.383690599064636,1.0,5.790414903630514,1.0,8.0,0.9523809523809523,0.0,4.0,4.0,False,0.0,soft_clearance_astar_v1,adaptive,1.0,41.383690599064636,1.0,8.0,0.9523809523809523,0.0,0.0,0.0,6.5,2.0,-0.3333333333333333,0.0,0.0,-0.0,0,0.0,0.0,True,1.0,0.0,0.0,0.06404801172539988,0.9359519882746001,24,24,24,3,1.2023612716078806,0.9170279281821166,simple_ring,True,4.470400001082453,0.18500000442145392,0.9747000021889107,1.0936000126093859,1,0,0,0.0,0,0,0.0,0.0,0.0,0.0,0.0,0,0,0,0.0,0.0,0.0,0.0,0,False,,,0,0.0,False,"(1, 0)",2.4107657561354356,8.166666666666666,8.166666666666666,4,True,96,7,1.0000000000000002,1.6014518313727113,0.41136950904392766,1.0,0.6126136435345271,0.38868929243226513,1.4858616155403315,0.43798121898143566,0.2895651678019242,False,0.1232876712328767,0.0547945205479452,0,False,,0
97,marine_knownmap_path_v2_infosampled,ucb,0.0,False,mode_not_conditional,0.0,0.0,1.0,False,SEARCH,"(14, 55)","(21, 55)","(20, 55)","(18, 57)",search_info,"(18, 57)",1,0.0,0.0,simple_ring_priority,False,,3,4,adaptive_knownmap_soft,7,8,9,8,0.125,16,37.37801054140624,1.0,4.005680057658394,0.9970454394483036,5.790414903630514,1.0,41.383690599064636,1.0,5.790414903630514,1.0,8.0,0.9523809523809523,0.0,4.0,4.0,False,0.0,soft_clearance_astar_v1,adaptive,1.0,41.383690599064636,1.0,8.0,0.9523809523809523,0.0,0.0,0.0,6.5,2.0,-0.3333333333333333,0.0,0.0,-0.0,0,0.0,0.0,True,1.0,0.0,0.0,0.06404801172539988,0.9359519882746001,24,24,24,3,1.2023612716078806,0.9170279281821166,simple_ring,True,4.470400001082453,0.18500000442145392,0.9747000021889107,1.0936000126093859,1,0,0,0.0,0,0,0.0,0.0,0.0,0.0,0.0,0,0,0,0.0,0.0,0.0,0.0,0,False,,,0,0.0,False,"(1, 0)",2.4107657561354356,8.166666666666666,8.166666666666666,4,True,97,8,0.9999999999999998,1.6089877570200681,0.413953488372093,1.0,0.5860075681860308,0.38868929243226513,1.4858616155403315,0.43798121898143566,0.2895651678019242,False,0.1232876712328767,0.0547945205479452,0,False,,0
98,marine_knownmap_path_v2_infosampled,ucb,0.0,False,mode_not_conditional,0.0,0.0,1.0,False,SEARCH,"(15, 55)","(21, 55)","(20, 55)","(18, 57)",search_info,"(18, 57)",1,0.0,0.0,simple_ring_priority,False,,2,4,adaptive_knownmap_soft,6,8,9,8,0.25,16,37.37801054140624,1.0,4.005680057658394,0.9970454394483036,5.790414903630514,1.0,41.383690599064636,1.0,5.790414903630514,1.0,8.0,0.9523809523809523,0.0,4.0,4.0,False,0.0,soft_clearance_astar_v1,adaptive,1.0,41.383690599064636,1.0,8.0,0.9523809523809523,0.0,0.0,0.0,6.5,2.0,-0.3333333333333333,0.0,0.0,-0.0,0,0.0,0.0,True,1.0,0.0,0.0,0.06404801172539988,0.9359519882746001,24,24,24,3,1.2023612716078806,0.9170279281821166,simple_ring,True,4.470400001082453,0.18500000442145392,0.9747000021889107,1.0936000126093859,1,0,0,0.0,0,0,0.0,0.0,0.0,0.0,0.0,0,0,0,0.0,0.0,0.0,0.0,0,False,,,0,0.0,False,"(1, 0)",2.4107657561354356,8.166666666666666,8.166666666666666,4,True,98,9,1.0,1.6166148798811593,0.4165374677002584,1.0,0.6294612267563577,0.38868929243226513,1.4858616155403315,0.43798121898143566,0.2895651678019242,False,0.1232876712328767,0.0547945205479452,0,False,,0
99,marine_knownmap_path_v2_infosampled,ucb,0.0,False,mode_not_conditional,0.0,0.0,1.0,False,SEARCH,"(16, 55)","(21, 55)","(20, 55)","(18, 57)",search_info,"(18, 57)",1,0.0,0.0,simple_ring_priority,False,,1,4,adaptive_knownmap_soft,5,8,9,8,0.375,16,37.37801054140624,1.0,4.005680057658394,0.9970454394483036,5.790414903630514,1.0,41.383690599064636,1.0,5.790414903630514,1.0,8.0,0.9523809523809523,0.0,4.0,4.0,False,0.0,soft_clearance_astar_v1,adaptive,1.0,41.383690599064636,1.0,8.0,0.9523809523809523,0.0,0.0,0.0,6.5,2.0,-0.3333333333333333,0.0,0.0,-0.0,0,0.0,0.0,True,1.0,0.0,0.0,0.06404801172539988,0.9359519882746001,24,24,24,3,1.2023612716078806,0.9170279281821166,simple_ring,True,4.470400001082453,0.18500000442145392,0.9747000021889107,1.0936000126093859,1,0,0,0.0,0,0,0.0,0.0,0.0,0.0,0.0,0,0,0,0.0,0.0,0.0,0.0,0,False,,,0,0.0,False,"(1, 0)",2.4107657561354356,8.166666666666666,8.166666666666666,4,True,99,10,1.0,1.624335763693117,0.4191214470284238,1.0,0.5473254594788242,0.38868929243226513,1.4858616155403315,0.43798121898143566,0.2895651678019242,False,0.1232876712328767,0.0547945205479452,0,False,,0
100,marine_knownmap_path_v2_infosampled,ucb,0.0,False,mode_not_conditional,0.0,0.0,1.0,False,SEARCH,"(17, 55)","(21, 55)","(20, 55)","(18, 57)",search_info,"(18, 57)",1,0.0,0.0,simple_ring_priority,False,,0,4,adaptive_knownmap_soft,4,8,9,8,0.5,16,37.37801054140624,1.0,4.005680057658394,0.9970454394483036,5.790414903630514,1.0,41.383690599064636,1.0,5.790414903630514,1.0,8.0,0.9523809523809523,0.0,4.0,4.0,False,0.0,soft_clearance_astar_v1,adaptive,1.0,41.383690599064636,1.0,8.0,0.9523809523809523,0.0,0.0,0.0,6.5,2.0,-0.3333333333333333,0.0,0.0,-0.0,0,0.0,0.0,True,1.0,0.0,0.0,0.06404801172539988,0.9359519882746001,24,24,24,3,1.2023612716078806,0.9170279281821166,simple_ring,True,4.470400001082453,0.18500000442145392,0.9747000021889107,1.0936000126093859,1,0,0,0.0,0,0,0.0,0.0,0.0,0.0,0.0,0,0,0,0.0,0.0,0.0,0.0,0,False,,,0,0.0,False,"(1, 0)",2.4107657561354356,8.166666666666666,8.166666666666666,4,True,100,11,1.0,1.6324225695457562,0.4222222222222222,1.0,0.619958792220103,0.38868929243226513,1.4858616155403315,0.43798121898143566,0.2895651678019242,False,0.1232876712328767,0.0410958904109589,0,False,,0
101,marine_knownmap_path_v2_infosampled,ucb,0.0,False,mode_not_conditional,0.0,0.0,1.0,False,SEARCH,"(17, 56)","(22, 56)","(22, 56)","(18, 57)",search_info,"(18, 57)",1,0.0,0.0,simple_ring_priority,True,commit_expired,4,4,adaptive_knownmap_soft,6,6,6,6,0.625,17,27.427260312499996,1.0,3.0961780874704967,0.841530926047608,2.469547438822751,0.35538831058971576,30.523438399970495,1.0,2.469547438822751,0.35538831058971576,6.25,0.5294117647058824,0.0,3.0,3.0,False,0.0,soft_clearance_astar_v1,adaptive,1.0,30.523438399970495,1.0,6.25,0.5294117647058824,0.0,0.0,0.0,6.5,0.7107766211794315,-0.1852941176470588,0.0,0.0,-0.0,1,0.0,0.0,True,0.282842712474619,0.0,0.0,0.1169429507370223,0.8830570492629778,24,24,24,1,0.9280938659319353,1.0,simple_ring,True,4.611000000295462,0.3443999939918285,1.4522000001306878,1.4349000030051684,1,0,0,0.0,0,0,0.0,0.0,0.0,0.0,0.0,0,0,0,0.0,0.0,0.0,0.0,0,False,,,0,0.0,False,"(0, 1)",6.409727536585862,7.0254825035323725,7.0254825035323725,4,True,101,12,1.0,1.63676321693941,0.4227390180878553,1.0,0.5469840233752623,0.1338965961553935,1.1673707451942419,0.0545595806518737,0.1212430558591681,False,0.015625,0.0,0,False,,0
102,marine_knownmap_path_v2_infosampled,ucb,0.0,False,mode_not_conditional,0.0,0.0,1.0,False,SEARCH,"(18, 56)","(22, 56)","(22, 56)","(18, 57)",search_info,"(18, 57)",1,0.0,0.0,simple_ring_priority,False,,3,4,adaptive_knownmap_soft,5,6,6,6,0.16666666666666666,17,27.427260312499996,1.0,3.0961780874704967,0.841530926047608,2.469547438822751,0.35538831058971576,30.523438399970495,1.0,2.469547438822751,0.35538831058971576,6.25,0.5294117647058824,0.0,3.0,3.0,False,0.0,soft_clearance_astar_v1,adaptive,1.0,30.523438399970495,1.0,6.25,0.5294117647058824,0.0,0.0,0.0,6.5,0.7107766211794315,-0.1852941176470588,0.0,0.0,-0.0,1,0.0,0.0,True,0.282842712474619,0.0,0.0,0.1169429507370223,0.8830570492629778,24,24,24,1,0.9280938659319353,1.0,simple_ring,True,4.611000000295462,0.3443999939918285,1.4522000001306878,1.4349000030051684,1,0,0,0.0,0,0,0.0,0.0,0.0,0.0,0.0,0,0,0,0.0,0.0,0.0,0.0,0,False,,,0,0.0,False,"(0, 1)",6.409727536585862,7.0254825035323725,7.0254825035323725,4,True,102,13,1.0,1.6426957675410951,0.4253229974160207,1.0,0.5261640687778826,0.1338965961553935,1.1673707451942419,0.0545595806518737,0.1212430558591681,False,0.078125,0.0,0,False,,0
103,marine_knownmap_path_v2_infosampled,ucb,0.0,False,mode_not_conditional,0.0,0.0,1.0,False,SEARCH,"(19, 56)","(22, 56)","(22, 56)","(18, 57)",search_info,"(18, 57)",1,0.0,0.0,simple_ring_priority,False,,2,4,adaptive_knownmap_soft,4,6,6,6,0.3333333333333333,17,27.427260312499996,1.0,3.0961780874704967,0.841530926047608,2.469547438822751,0.35538831058971576,30.523438399970495,1.0,2.469547438822751,0.35538831058971576,6.25,0.5294117647058824,0.0,3.0,3.0,False,0.0,soft_clearance_astar_v1,adaptive,1.0,30.523438399970495,1.0,6.25,0.5294117647058824,0.0,0.0,0.0,6.5,0.7107766211794315,-0.1852941176470588,0.0,0.0,-0.0,1,0.0,0.0,True,0.282842712474619,0.0,0.0,0.1169429507370223,0.8830570492629778,24,24,24,1,0.9280938659319353,1.0,simple_ring,True,4.611000000295462,0.3443999939918285,1.4522000001306878,1.4349000030051684,1,0,0,0.0,0,0,0.0,0.0,0.0,0.0,0.0,0,0,0,0.0,0.0,0.0,0.0,0,False,,,0,0.0,False,"(0, 1)",6.409727536585862,7.0254825035323725,7.0254825035323725,4,True,103,14,0.9999999999999997,1.6500770165899261,0.4284237726098191,1.0,0.4758959586897116,0.1338965961553935,1.1673707451942419,0.0545595806518737,0.1212430558591681,False,0.109375,0.015625,0,False,,0
104,marine_knownmap_path_v2_infosampled,ucb,0.0,False,mode_not_conditional,0.0,0.0,1.0,False,SEARCH,"(20, 56)","(22, 56)","(22, 56)","(18, 57)",search_info,"(18, 57)",1,0.0,0.0,simple_ring_priority,False,,1,4,adaptive_knownmap_soft,3,6,6,6,0.5,17,27.427260312499996,1.0,3.0961780874704967,0.841530926047608,2.469547438822751,0.35538831058971576,30.523438399970495,1.0,2.469547438822751,0.35538831058971576,6.25,0.5294117647058824,0.0,3.0,3.0,False,0.0,soft_clearance_astar_v1,adaptive,1.0,30.523438399970495,1.0,6.25,0.5294117647058824,0.0,0.0,0.0,6.5,0.7107766211794315,-0.1852941176470588,0.0,0.0,-0.0,1,0.0,0.0,True,0.282842712474619,0.0,0.0,0.1169429507370223,0.8830570492629778,24,24,24,1,0.9280938659319353,1.0,simple_ring,True,4.611000000295462,0.3443999939918285,1.4522000001306878,1.4349000030051684,1,0,0,0.0,0,0,0.0,0.0,0.0,0.0,0.0,0,0,0,0.0,0.0,0.0,0.0,0,False,,,0,0.0,False,"(0, 1)",6.409727536585862,7.0254825035323725,7.0254825035323725,4,True,104,15,0.9999999999999999,1.6585113919835466,0.4315245478036176,1.0,0.4385382238884247,0.1338965961553935,1.1673707451942419,0.0545595806518737,0.1212430558591681,False,0.109375,0.015625,0,False,,0
105,marine_knownmap_path_v2_infosampled,ucb,0.0,False,mode_not_conditional,0.0,0.0,1.0,False,SEARCH,"(21, 56)","(22, 56)","(22, 56)","(18, 57)",search_info,"(18, 57)",1,0.0,0.0,simple_ring_priority,False,,0,4,adaptive_knownmap_soft,2,6,6,6,0.6666666666666666,17,27.427260312499996,1.0,3.0961780874704967,0.841530926047608,2.469547438822751,0.35538831058971576,30.523438399970495,1.0,2.469547438822751,0.35538831058971576,6.25,0.5294117647058824,0.0,3.0,3.0,False,0.0,soft_clearance_astar_v1,adaptive,1.0,30.523438399970495,1.0,6.25,0.5294117647058824,0.0,0.0,0.0,6.5,0.7107766211794315,-0.1852941176470588,0.0,0.0,-0.0,1,0.0,0.0,True,0.282842712474619,0.0,0.0,0.1169429507370223,0.8830570492629778,24,24,24,1,0.9280938659319353,1.0,simple_ring,True,4.611000000295462,0.3443999939918285,1.4522000001306878,1.4349000030051684,1,0,0,0.0,0,0,0.0,0.0,0.0,0.0,0.0,0,0,0,0.0,0.0,0.0,0.0,0,False,,,0,0.0,False,"(0, 1)",6.409727536585862,7.0254825035323725,7.0254825035323725,4,True,105,16,1.0,1.6677753445004706,0.4351421188630491,1.0,0.6647269691424524,0.1338965961553935,1.1673707451942419,0.0545595806518737,0.1212430558591681,False,0.125,0.015625,0,False,,0
106,marine_knownmap_path_v2_infosampled,ucb,0.0,False,mode_not_conditional,0.0,0.0,1.0,False,SEARCH,"(21, 55)","(31, 44)","(21, 48)","(33, 41)",search_info,"(33, 41)",382,1.0,0.9328691833784564,simple_ring_priority,True,commit_expired,4,4,adaptive_knownmap_soft,8,8,22,8,0.8333333333333334,18,10.441466374218749,1.0,2.3228710284678407,1.0,5.309885508934451,1.0,12.76433740268659,1.0,5.309885508934451,1.0,8.0,0.9655172413793104,0.0,4.0,6.0,False,0.0,soft_clearance_astar_v1,adaptive,1.0,12.76433740268659,1.0,8.0,0.9655172413793104,0.0,0.0,0.0,6.5,2.0,-0.33793103448275863,0.0,0.0,-0.0,0,0.0,0.0,False,1.0,0.0,0.0,0.4600500876676636,0.5399499123323365,24,24,24,1,1.1832032013255085,1.0,simple_ring,True,3.762500000448199,0.2100000056088902,0.9181999976135558,0.7503000051656272,1,0,0,0.0,0,0,0.0,0.0,0.0,0.0,0.0,0,0,0,0.0,0.0,0.0,0.0,0,False,,,0,0.0,False,"(0, -1)",3.9129951439841015,8.162068965517241,8.162068965517241,5,True,106,17,1.0,1.6740651947426881,0.43617571059431526,1.0,0.6825636988118676,0.48307708713956293,1.6038463589244536,0.8624161737618321,0.2579613143833507,False,0.0821917808219178,0.0547945205479452,0,False,,0
107,marine_knownmap_path_v2_infosampled,ucb,0.0,False,mode_not_conditional,0.0,0.0,1.0,False,SEARCH,"(21, 54)","(31, 44)","(21, 48)","(33, 41)",search_info,"(33, 41)",382,1.0,0.9328691833784564,simple_ring_priority,False,,3,4,adaptive_knownmap_soft,7,8,22,8,0.125,18,10.441466374218749,1.0,2.3228710284678407,1.0,5.309885508934451,1.0,12.76433740268659,1.0,5.309885508934451,1.0,8.0,0.9655172413793104,0.0,4.0,6.0,False,0.0,soft_clearance_astar_v1,adaptive,1.0,12.76433740268659,1.0,8.0,0.9655172413793104,0.0,0.0,0.0,6.5,2.0,-0.33793103448275863,0.0,0.0,-0.0,0,0.0,0.0,False,1.0,0.0,0.0,0.4600500876676636,0.5399499123323365,24,24,24,1,1.1832032013255085,1.0,simple_ring,True,3.762500000448199,0.2100000056088902,0.9181999976135558,0.7503000051656272,1,0,0,0.0,0,0,0.0,0.0,0.0,0.0,0.0,0,0,0,0.0,0.0,0.0,0.0,0,False,,,0,0.0,False,"(0, -1)",3.9129951439841015,8.162068965517241,8.162068965517241,5,True,107,18,1.0,1.6784660809659193,0.4372093023255814,1.0,0.6985547782685015,0.48307708713956293,1.6038463589244536,0.8624161737618321,0.2579613143833507,False,0.1125,0.0875,0,False,,0
108,marine_knownmap_path_v2_infosampled,ucb,0.0,False,mode_not_conditional,0.0,0.0,1.0,False,SEARCH,"(21, 53)","(31, 44)","(21, 48)","(33, 41)",search_info,"(33, 41)",382,1.0,0.9328691833784564,simple_ring_priority,False,,2,4,adaptive_knownmap_soft,6,8,22,8,0.25,18,10.441466374218749,1.0,2.3228710284678407,1.0,5.309885508934451,1.0,12.76433740268659,1.0,5.309885508934451,1.0,8.0,0.9655172413793104,0.0,4.0,6.0,False,0.0,soft_clearance_astar_v1,adaptive,1.0,12.76433740268659,1.0,8.0,0.9655172413793104,0.0,0.0,0.0,6.5,2.0,-0.33793103448275863,0.0,0.0,-0.0,0,0.0,0.0,False,1.0,0.0,0.0,0.4600500876676636,0.5399499123323365,24,24,24,1,1.1832032013255085,1.0,simple_ring,True,3.762500000448199,0.2100000056088902,0.9181999976135558,0.7503000051656272,1,0,0,0.0,0,0,0.0,0.0,0.0,0.0,0.0,0,0,0,0.0,0.0,0.0,0.0,0,False,,,0,0.0,False,"(0, -1)",3.9129951439841015,8.162068965517241,8.162068965517241,5,True,108,19,0.9999999999999999,1.681725218182917,0.4382428940568475,1.0,0.697774874011979,0.48307708713956293,1.6038463589244536,0.8624161737618321,0.2579613143833507,False,0.12345679012345678,0.09876543209876543,0,False,,0
109,marine_knownmap_path_v2_infosampled,ucb,0.0,False,mode_not_conditional,0.0,0.0,1.0,False,SEARCH,"(21, 52)","(31, 44)","(21, 48)","(33, 41)",search_info,"(33, 41)",382,1.0,0.9328691833784564,simple_ring_priority,False,,1,4,adaptive_knownmap_soft,5,8,22,8,0.375,18,10.441466374218749,1.0,2.3228710284678407,1.0,5.309885508934451,1.0,12.76433740268659,1.0,5.309885508934451,1.0,8.0,0.9655172413793104,0.0,4.0,6.0,False,0.0,soft_clearance_astar_v1,adaptive,1.0,12.76433740268659,1.0,8.0,0.9655172413793104,0.0,0.0,0.0,6.5,2.0,-0.33793103448275863,0.0,0.0,-0.0,0,0.0,0.0,False,1.0,0.0,0.0,0.4600500876676636,0.5399499123323365,24,24,24,1,1.1832032013255085,1.0,simple_ring,True,3.762500000448199,0.2100000056088902,0.9181999976135558,0.7503000051656272,1,0,0,0.0,0,0,0.0,0.0,0.0,0.0,0.0,0,0,0,0.0,0.0,0.0,0.0,0,False,,,0,0.0,False,"(0, -1)",3.9129951439841015,8.162068965517241,8.162068965517241,5,True,109,20,1.0,1.684377854784147,0.4392764857881137,1.0,0.7003738785175444,0.48307708713956293,1.6038463589244536,0.8624161737618321,0.2579613143833507,False,0.12345679012345678,0.09876543209876543,0,False,,0
110,marine_knownmap_path_v2_infosampled,ucb,0.0,False,mode_not_conditional,0.0,0.0,1.0,False,SEARCH,"(21, 51)","(31, 44)","(21, 48)","(33, 41)",search_info,"(33, 41)",382,1.0,0.9328691833784564,simple_ring_priority,False,,0,4,adaptive_knownmap_soft,4,8,22,8,0.5,18,10.441466374218749,1.0,2.3228710284678407,1.0,5.309885508934451,1.0,12.76433740268659,1.0,5.309885508934451,1.0,8.0,0.9655172413793104,0.0,4.0,6.0,False,0.0,soft_clearance_astar_v1,adaptive,1.0,12.76433740268659,1.0,8.0,0.9655172413793104,0.0,0.0,0.0,6.5,2.0,-0.33793103448275863,0.0,0.0,-0.0,0,0.0,0.0,False,1.0,0.0,0.0,0.4600500876676636,0.5399499123323365,24,24,24,1,1.1832032013255085,1.0,simple_ring,True,3.762500000448199,0.2100000056088902,0.9181999976135558,0.7503000051656272,1,0,0,0.0,0,0,0.0,0.0,0.0,0.0,0.0,0,0,0,0.0,0.0,0.0,0.0,0,False,,,0,0.0,False,"(0, -1)",3.9129951439841015,8.162068965517241,8.162068965517241,5,True,110,21,1.0000000000000002,1.6865228843667195,0.43979328165374676,1.0,0.6613028147934283,0.48307708713956293,1.6038463589244536,0.8624161737618321,0.2579613143833507,False,0.13580246913580246,0.12345679012345678,0,False,,0
111,marine_knownmap_path_v2_infosampled,ucb,0.0,False,mode_not_conditional,0.0,0.0,1.0,False,SEARCH,"(21, 50)","(31, 44)","(26, 48)","(33, 41)",search_info,"(33, 41)",1,0.0,0.0,simple_ring_priority,True,commit_expired,4,4,adaptive_knownmap_soft,8,8,17,8,0.625,18,23.279716587499998,1.0,2.8614116463289347,1.0,2.951637133077861,0.0,26.141128233828933,1.0,2.951637133077861,0.0,8.25,1.0,0.0,2.0,3.875,False,0.0,soft_clearance_astar_v1,adaptive,1.0,26.141128233828933,1.0,8.25,1.0,0.0,0.0,0.0,6.5,0.0,-0.35,0.0,0.0,-0.0,1,0.0,0.0,True,0.0,0.0,0.0,0.46127265986377985,0.5387273401362201,24,24,24,1,1.3025370954028177,1.0,simple_ring,True,3.5707999995793216,0.2116999949066667,1.036199997543008,0.7279000037669903,1,0,0,0.0,0,0,0.0,0.0,0.0,0.0,0.0,0,0,0,0.0,0.0,0.0,0.0,0,False,,,0,0.0,False,"(0, -1)",6.15,6.15,6.15,5,True,111,22,1.0,1.6883393994240632,0.44031007751937984,1.0,0.653941503008284,0.4730115126746952,1.591264390843369,0.705842976457928,0.20668205664199296,False,0.125,0.1125,0,False,,0
112,marine_knownmap_path_v2_infosampled,ucb,0.0,False,mode_not_conditional,0.0,0.0,1.0,False,SEARCH,"(21, 49)","(31, 44)","(26, 48)","(33, 41)",search_info,"(33, 41)",1,0.0,0.0,simple_ring_priority,False,,3,4,adaptive_knownmap_soft,7,8,17,8,0.125,18,23.279716587499998,1.0,2.8614116463289347,1.0,2.951637133077861,0.0,26.141128233828933,1.0,2.951637133077861,0.0,8.25,1.0,0.0,2.0,3.875,False,0.0,soft_clearance_astar_v1,adaptive,1.0,26.141128233828933,1.0,8.25,1.0,0.0,0.0,0.0,6.5,0.0,-0.35,0.0,0.0,-0.0,1,0.0,0.0,True,0.0,0.0,0.0,0.46127265986377985,0.5387273401362201,24,24,24,1,1.3025370954028177,1.0,simple_ring,True,3.5707999995793216,0.2116999949066667,1.036199997543008,0.7279000037669903,1,0,0,0.0,0,0,0.0,0.0,0.0,0.0,0.0,0,0,0,0.0,0.0,0.0,0.0,0,False,,,0,0.0,False,"(0, -1)",6.15,6.15,6.15,5,True,112,23,1.0,1.6896373026135056,0.4408268733850129,1.0,0.6877784055228763,0.4730115126746952,1.591264390843369,0.705842976457928,0.20668205664199296,False,0.11538461538461539,0.10256410256410256,0,False,,0
113,marine_knownmap_path_v2_infosampled,ucb,0.0,False,mode_not_conditional,0.0,0.0,1.0,False,SEARCH,"(21, 48)","(31, 44)","(26, 48)","(33, 41)",search_info,"(33, 41)",1,0.0,0.0,simple_ring_priority,False,,2,4,adaptive_knownmap_soft,6,8,17,8,0.25,18,23.279716587499998,1.0,2.8614116463289347,1.0,2.951637133077861,0.0,26.141128233828933,1.0,2.951637133077861,0.0,8.25,1.0,0.0,2.0,3.875,False,0.0,soft_clearance_astar_v1,adaptive,1.0,26.141128233828933,1.0,8.25,1.0,0.0,0.0,0.0,6.5,0.0,-0.35,0.0,0.0,-0.0,1,0.0,0.0,True,0.0,0.0,0.0,0.46127265986377985,0.5387273401362201,24,24,24,1,1.3025370954028177,1.0,simple_ring,True,3.5707999995793216,0.2116999949066667,1.036199997543008,0.7279000037669903,1,0,0,0.0,0,0,0.0,0.0,0.0,0.0,0.0,0,0,0,0.0,0.0,0.0,0.0,0,False,,,0,0.0,False,"(0, -1)",6.15,6.15,6.15,5,True,113,24,1.0,1.6906023260622285,0.441343669250646,1.0,0.7046983202130342,0.4730115126746952,1.591264390843369,0.705842976457928,0.20668205664199296,False,0.11842105263157894,0.10526315789473684,0,False,,0
114,marine_knownmap_path_v2_infosampled,ucb,0.0,False,mode_not_conditional,0.0,0.0,1.0,False,SEARCH,"(22, 48)","(31, 44)","(26, 48)","(33, 41)",search_info,"(33, 41)",1,0.0,0.0,simple_ring_priority,False,,1,4,adaptive_knownmap_soft,5,8,17,8,0.375,18,23.279716587499998,1.0,2.8614116463289347,1.0,2.951637133077861,0.0,26.141128233828933,1.0,2.951637133077861,0.0,8.25,1.0,0.0,2.0,3.875,False,0.0,soft_clearance_astar_v1,adaptive,1.0,26.141128233828933,1.0,8.25,1.0,0.0,0.0,0.0,6.5,0.0,-0.35,0.0,0.0,-0.0,1,0.0,0.0,True,0.0,0.0,0.0,0.46127265986377985,0.5387273401362201,24,24,24,1,1.3025370954028177,1.0,simple_ring,True,3.5707999995793216,0.2116999949066667,1.036199997543008,0.7279000037669903,1,0,0,0.0,0,0,0.0,0.0,0.0,0.0,0.0,0,0,0,0.0,0.0,0.0,0.0,0,False,,,0,0.0,False,"(0, -1)",6.15,6.15,6.15,5,True,114,25,1.0,1.6936508191037258,0.44237726098191216,1.0,0.6977206902179696,0.4730115126746952,1.591264390843369,0.705842976457928,0.20668205664199296,False,0.0410958904109589,0.0136986301369863,0,False,,0
115,marine_knownmap_path_v2_infosampled,ucb,0.0,False,mode_not_conditional,0.0,0.0,1.0,False,SEARCH,"(23, 48)","(31, 44)","(26, 48)","(33, 41)",search_info,"(33, 41)",1,0.0,0.0,simple_ring_priority,False,,0,4,adaptive_knownmap_soft,4,8,17,8,0.5,18,23.279716587499998,1.0,2.8614116463289347,1.0,2.951637133077861,0.0,26.141128233828933,1.0,2.951637133077861,0.0,8.25,1.0,0.0,2.0,3.875,False,0.0,soft_clearance_astar_v1,adaptive,1.0,26.141128233828933,1.0,8.25,1.0,0.0,0.0,0.0,6.5,0.0,-0.35,0.0,0.0,-0.0,1,0.0,0.0,True,0.0,0.0,0.0,0.46127265986377985,0.5387273401362201,24,24,24,1,1.3025370954028177,1.0,simple_ring,True,3.5707999995793216,0.2116999949066667,1.036199997543008,0.7279000037669903,1,0,0,0.0,0,0,0.0,0.0,0.0,0.0,0.0,0,0,0,0.0,0.0,0.0,0.0,0,False,,,0,0.0,False,"(0, -1)",6.15,6.15,6.15,5,True,115,26,1.0,1.699132082821156,0.4449612403100775,1.0,0.6323618744488375,0.4730115126746952,1.591264390843369,0.705842976457928,0.20668205664199296,False,0.08571428571428572,0.014285714285714285,0,False,,0
116,marine_knownmap_path_v2_infosampled,ucb,0.0,False,mode_not_conditional,0.0,0.0,1.0,False,SEARCH,"(24, 48)","(32, 45)","(30, 47)","(33, 41)",search_info,"(33, 41)",1,0.0,0.0,simple_ring_priority,True,commit_expired,4,4,adaptive_knownmap_soft,8,8,12,8,0.625,19,55.6526564484375,1.0,5.1953444347669695,1.0,0.8472916666666667,0.0,60.84800088320446,1.0,0.8472916666666667,0.0,8.25,0.5,0.0,2.0,2.125,False,0.0,soft_clearance_astar_v1,adaptive,1.0,60.84800088320446,1.0,8.25,0.5,0.0,0.0,0.0,6.5,0.0,-0.175,0.0,0.0,-0.0,1,0.0,0.0,True,0.282842712474619,0.0,0.0,0.5,0.5,24,24,24,3,1.5935162448407727,0.9398418016381976,simple_ring,True,3.8198000002012122,0.19659999634313863,0.9845999993558507,0.7020999983069487,1,0,0,0.0,0,0,0.0,0.0,0.0,0.0,0.0,0,0,0,0.0,0.0,0.0,0.0,0,False,,,0,0.0,False,"(1, 0)",6.323649173189215,6.325,6.325,5,True,116,27,1.0,1.7063757930733157,0.448062015503876,1.0,0.6834145126118821,0.6627743375543353,1.8284679219429192,1.1347103040129922,0.3698515610627225,True,0.09090909090909091,0.0,0,False,,0
117,marine_knownmap_path_v2_infosampled,ucb,0.0,False,mode_not_conditional,0.0,0.0,1.0,False,SEARCH,"(25, 48)","(32, 45)","(30, 47)","(33, 41)",search_info,"(33, 41)",1,0.0,0.0,simple_ring_priority,False,,3,4,adaptive_knownmap_soft,7,8,12,8,0.125,19,55.6526564484375,1.0,5.1953444347669695,1.0,0.8472916666666667,0.0,60.84800088320446,1.0,0.8472916666666667,0.0,8.25,0.5,0.0,2.0,2.125,False,0.0,soft_clearance_astar_v1,adaptive,1.0,60.84800088320446,1.0,8.25,0.5,0.0,0.0,0.0,6.5,0.0,-0.175,0.0,0.0,-0.0,1,0.0,0.0,True,0.282842712474619,0.0,0.0,0.5,0.5,24,24,24,3,1.5935162448407727,0.9398418016381976,simple_ring,True,3.8198000002012122,0.19659999634313863,0.9845999993558507,0.7020999983069487,1,0,0,0.0,0,0,0.0,0.0,0.0,0.0,0.0,0,0,0,0.0,0.0,0.0,0.0,0,False,,,0,0.0,False,"(1, 0)",6.323649173189215,6.325,6.325,5,True,117,28,1.0,1.714648069185429,0.4511627906976744,1.0,0.7013755044063842,0.6627743375543353,1.8284679219429192,1.1347103040129922,0.3698515610627225,True,0.09523809523809523,0.0,0,False,,0
118,marine_knownmap_path_v2_infosampled,ucb,0.0,False,mode_not_conditional,0.0,0.0,1.0,False,SEARCH,"(26, 48)","(32, 45)","(30, 47)","(33, 41)",search_info,"(33, 41)",1,0.0,0.0,simple_ring_priority,False,,2,4,adaptive_knownmap_soft,6,8,12,8,0.25,19,55.6526564484375,1.0,5.1953444347669695,1.0,0.8472916666666667,0.0,60.84800088320446,1.0,0.8472916666666667,0.0,8.25,0.5,0.0,2.0,2.125,False,0.0,soft_clearance_astar_v1,adaptive,1.0,60.84800088320446,1.0,8.25,0.5,0.0,0.0,0.0,6.5,0.0,-0.175,0.0,0.0,-0.0,1,0.0,0.0,True,0.282842712474619,0.0,0.0,0.5,0.5,24,24,24,3,1.5935162448407727,0.9398418016381976,simple_ring,True,3.8198000002012122,0.19659999634313863,0.9845999993558507,0.7020999983069487,1,0,0,0.0,0,0,0.0,0.0,0.0,0.0,0.0,0,0,0,0.0,0.0,0.0,0.0,0,False,,,0,0.0,False,"(1, 0)",6.323649173189215,6.325,6.325,5,True,118,29,1.0,1.7249867163760078,0.45529715762273903,1.0,0.6277520331408634,0.6627743375543353,1.8284679219429192,1.1347103040129922,0.3698515610627225,True,0.14516129032258066,0.016129032258064516,0,False,,0
119,marine_knownmap_path_v2_infosampled,ucb,0.0,False,mode_not_conditional,0.0,0.0,1.0,False,SEARCH,"(27, 48)","(32, 45)","(30, 47)","(33, 41)",search_info,"(33, 41)",1,0.0,0.0,simple_ring_priority,False,,1,4,adaptive_knownmap_soft,5,8,12,8,0.375,19,55.6526564484375,1.0,5.1953444347669695,1.0,0.8472916666666667,0.0,60.84800088320446,1.0,0.8472916666666667,0.0,8.25,0.5,0.0,2.0,2.125,False,0.0,soft_clearance_astar_v1,adaptive,1.0,60.84800088320446,1.0,8.25,0.5,0.0,0.0,0.0,6.5,0.0,-0.175,0.0,0.0,-0.0,1,0.0,0.0,True,0.282842712474619,0.0,0.0,0.5,0.5,24,24,24,3,1.5935162448407727,0.9398418016381976,simple_ring,True,3.8198000002012122,0.19659999634313863,0.9845999993558507,0.7020999983069487,1,0,0,0.0,0,0,0.0,0.0,0.0,0.0,0.0,0,0,0,0.0,0.0,0.0,0.0,0,False,,,0,0.0,False,"(1, 0)",6.323649173189215,6.325,6.325,5,True,119,30,0.9999999999999999,1.7372990741007879,0.4604651162790698,1.0,0.6748869989364347,0.6627743375543353,1.8284679219429192,1.1347103040129922,0.3698515610627225,True,0.16129032258064516,0.0,0,False,,0
120,marine_knownmap_path_v2_infosampled,ucb,0.0,False,mode_not_conditional,0.0,0.0,1.0,False,SEARCH,"(28, 48)","(32, 45)","(30, 47)","(33, 41)",search_info,"(33, 41)",1,0.0,0.0,simple_ring_priority,False,,0,4,adaptive_knownmap_soft,4,8,12,8,0.5,19,55.6526564484375,1.0,5.1953444347669695,1.0,0.8472916666666667,0.0,60.84800088320446,1.0,0.8472916666666667,0.0,8.25,0.5,0.0,2.0,2.125,False,0.0,soft_clearance_astar_v1,adaptive,1.0,60.84800088320446,1.0,8.25,0.5,0.0,0.0,0.0,6.5,0.0,-0.175,0.0,0.0,-0.0,1,0.0,0.0,True,0.282842712474619,0.0,0.0,0.5,0.5,24,24,24,3,1.5935162448407727,0.9398418016381976,simple_ring,True,3.8198000002012122,0.19659999634313863,0.9845999993558507,0.7020999983069487,1,0,0,0.0,0,0,0.0,0.0,0.0,0.0,0.0,0,0,0,0.0,0.0,0.0,0.0,0,False,,,0,0.0,False,"(1, 0)",6.323649173189215,6.325,6.325,5,True,120,31,1.0,1.7508373922513678,0.4656330749354005,1.0,0.6479794115701392,0.6627743375543353,1.8284679219429192,1.1347103040129922,0.3698515610627225,True,0.15873015873015872,0.0,0,False,,0
121,marine_knownmap_path_v2_infosampled,ucb,0.0,False,mode_not_conditional,0.0,0.0,1.0,False,SEARCH,"(28, 49)","(35, 53)","(31, 53)","(35, 57)",search_info,"(35, 57)",32,0.9889061599667082,0.9179397297702436,simple_ring_priority,True,commit_expired,4,4,adaptive_knownmap_soft,8,8,12,8,0.625,20,49.7270606015625,0.9131237565623155,4.104658601455293,0.8028615752123357,2.4419618716931213,0.5468828247759869,53.83171920301779,0.9044273112204647,2.4419618716931213,0.5468828247759869,8.25,0.3333333333333333,0.0,3.0,5.25,False,0.0,soft_clearance_astar_v1,adaptive,1.0,53.83171920301779,0.9044273112204647,8.25,0.3333333333333333,0.0,0.0,0.0,5.878777522933021,1.0937656495519739,-0.11666666666666665,0.0,0.0,-0.0,1,0.0,0.0,False,1.0,0.0,0.0,0.4719965579892893,0.5280034420107108,24,24,24,2,1.2854079938043879,0.9729544059416467,simple_ring,True,3.579300000637886,0.2379000015935162,1.1427000008552568,0.8491000025969697,1,0,0,0.0,0,0,0.0,0.0,0.0,0.0,0.0,0,0,0,0.0,0.0,0.0,0.0,0,False,,,0,0.0,False,"(0, 1)",5.743040110016278,6.855876505818329,6.855876505818329,6,True,121,32,1.0,1.7615633353730829,0.468733850129199,1.0,0.6436565478159122,0.4843915854692333,1.6054894818365417,0.4342788582899328,0.4497513699123272,False,0.08695652173913043,0.0,0,False,,0
122,marine_knownmap_path_v2_infosampled,ucb,0.0,False,mode_not_conditional,0.0,0.0,1.0,False,SEARCH,"(28, 50)","(35, 53)","(31, 53)","(35, 57)",search_info,"(35, 57)",32,0.9889061599667082,0.9179397297702436,simple_ring_priority,False,,3,4,adaptive_knownmap_soft,7,8,12,8,0.125,20,49.7270606015625,0.9131237565623155,4.104658601455293,0.8028615752123357,2.4419618716931213,0.5468828247759869,53.83171920301779,0.9044273112204647,2.4419618716931213,0.5468828247759869,8.25,0.3333333333333333,0.0,3.0,5.25,False,0.0,soft_clearance_astar_v1,adaptive,1.0,53.83171920301779,0.9044273112204647,8.25,0.3333333333333333,0.0,0.0,0.0,5.878777522933021,1.0937656495519739,-0.11666666666666665,0.0,0.0,-0.0,1,0.0,0.0,False,1.0,0.0,0.0,0.4719965579892893,0.5280034420107108,24,24,24,2,1.2854079938043879,0.9729544059416467,simple_ring,True,3.579300000637886,0.2379000015935162,1.1427000008552568,0.8491000025969697,1,0,0,0.0,0,0,0.0,0.0,0.0,0.0,0.0,0,0,0,0.0,0.0,0.0,0.0,0,False,,,0,0.0,False,"(0, 1)",5.743040110016278,6.855876505818329,6.855876505818329,6,True,122,33,1.0,1.772231011492935,0.4723514211886305,1.0,0.6310399532670078,0.4843915854692333,1.6054894818365417,0.4342788582899328,0.4497513699123272,False,0.12,0.02666666666666667,0,False,,0
123,marine_knownmap_path_v2_infosampled,ucb,0.0,False,mode_not_conditional,0.0,0.0,1.0,False,SEARCH,"(28, 51)","(35, 53)","(31, 53)","(35, 57)",search_info,"(35, 57)",32,0.9889061599667082,0.9179397297702436,simple_ring_priority,False,,2,4,adaptive_knownmap_soft,6,8,12,8,0.25,20,49.7270606015625,0.9131237565623155,4.104658601455293,0.8028615752123357,2.4419618716931213,0.5468828247759869,53.83171920301779,0.9044273112204647,2.4419618716931213,0.5468828247759869,8.25,0.3333333333333333,0.0,3.0,5.25,False,0.0,soft_clearance_astar_v1,adaptive,1.0,53.83171920301779,0.9044273112204647,8.25,0.3333333333333333,0.0,0.0,0.0,5.878777522933021,1.0937656495519739,-0.11666666666666665,0.0,0.0,-0.0,1,0.0,0.0,False,1.0,0.0,0.0,0.4719965579892893,0.5280034420107108,24,24,24,2,1.2854079938043879,0.9729544059416467,simple_ring,True,3.579300000637886,0.2379000015935162,1.1427000008552568,0.8491000025969697,1,0,0,0.0,0,0,0.0,0.0,0.0,0.0,0.0,0,0,0,0.0,0.0,0.0,0.0,0,False,,,0,0.0,False,"(0, 1)",5.743040110016278,6.855876505818329,6.855876505818329,6,True,123,34,1.0000000000000002,1.783331520754166,0.475968992248062,1.0,0.6280202678434724,0.4843915854692333,1.6054894818365417,0.4342788582899328,0.4497513699123272,False,0.125,0.0375,0,False,,0
124,marine_knownmap_path_v2_infosampled,ucb,0.0,False,mode_not_conditional,0.0,0.0,1.0,False,SEARCH,"(28, 52)","(35, 53)","(31, 53)","(35, 57)",search_info,"(35, 57)",32,0.9889061599667082,0.9179397297702436,simple_ring_priority,False,,1,4,adaptive_knownmap_soft,5,8,12,8,0.375,20,49.7270606015625,0.9131237565623155,4.104658601455293,0.8028615752123357,2.4419618716931213,0.5468828247759869,53.83171920301779,0.9044273112204647,2.4419618716931213,0.5468828247759869,8.25,0.3333333333333333,0.0,3.0,5.25,False,0.0,soft_clearance_astar_v1,adaptive,1.0,53.83171920301779,0.9044273112204647,8.25,0.3333333333333333,0.0,0.0,0.0,5.878777522933021,1.0937656495519739,-0.11666666666666665,0.0,0.0,-0.0,1,0.0,0.0,False,1.0,0.0,0.0,0.4719965579892893,0.5280034420107108,24,24,24,2,1.2854079938043879,0.9729544059416467,simple_ring,True,3.579300000637886,0.2379000015935162,1.1427000008552568,0.8491000025969697,1,0,0,0.0,0,0,0.0,0.0,0.0,0.0,0.0,0,0,0,0.0,0.0,0.0,0.0,0,False,,,0,0.0,False,"(0, 1)",5.743040110016278,6.855876505818329,6.855876505818329,6,True,124,35,0.9999999999999999,1.7948445686835226,0.47958656330749355,1.0,0.6213884232723527,0.4843915854692333,1.6054894818365417,0.4342788582899328,0.4497513699123272,False,0.12345679012345678,0.037037037037037035,0,False,,0
125,marine_knownmap_path_v2_infosampled,ucb,0.0,False,mode_not_conditional,0.0,0.0,1.0,False,SEARCH,"(28, 53)","(35, 53)","(31, 53)","(35, 57)",search_info,"(35, 57)",32,0.9889061599667082,0.9179397297702436,simple_ring_priority,False,,0,4,adaptive_knownmap_soft,4,8,12,8,0.5,20,49.7270606015625,0.9131237565623155,4.104658601455293,0.8028615752123357,2.4419618716931213,0.5468828247759869,53.83171920301779,0.9044273112204647,2.4419618716931213,0.5468828247759869,8.25,0.3333333333333333,0.0,3.0,5.25,False,0.0,soft_clearance_astar_v1,adaptive,1.0,53.83171920301779,0.9044273112204647,8.25,0.3333333333333333,0.0,0.0,0.0,5.878777522933021,1.0937656495519739,-0.11666666666666665,0.0,0.0,-0.0,1,0.0,0.0,False,1.0,0.0,0.0,0.4719965579892893,0.5280034420107108,24,24,24,2,1.2854079938043879,0.9729544059416467,simple_ring,True,3.579300000637886,0.2379000015935162,1.1427000008552568,0.8491000025969697,1,0,0,0.0,0,0,0.0,0.0,0.0,0.0,0.0,0,0,0,0.0,0.0,0.0,0.0,0,False,,,0,0.0,False,"(0, 1)",5.743040110016278,6.855876505818329,6.855876505818329,6,True,125,36,1.0,1.806952575227147,0.48372093023255813,1.0,0.6164039841683652,0.4843915854692333,1.6054894818365417,0.4342788582899328,0.4497513699123272,False,0.13580246913580246,0.037037037037037035,0,False,,0
126,marine_knownmap_path_v2_infosampled,ucb,0.0,False,mode_not_conditional,0.0,0.0,1.0,False,SEARCH,"(29, 53)","(36, 53)","(36, 53)","(38, 56)",search_info,"(38, 56)",13,0.96948740313128,0.909931181466586,simple_ring_priority,True,commit_expired,4,4,adaptive_knownmap_soft,8,8,8,8,0.625,21,52.3686640296875,1.0,4.89374566647182,1.0,0.7642873263888887,0.05292272504003529,57.262409696159324,1.0,0.7642873263888887,0.05292272504003529,8.0,0.8,0.0,3.0,5.25,False,0.0,soft_clearance_astar_v1,adaptive,1.0,57.262409696159324,1.0,8.0,0.8,0.0,0.0,0.0,6.5,0.10584545008007058,-0.27999999999999997,0.0,0.0,-0.0,0,0.0,0.0,False,0.2,0.0,0.0,0.4722856571926562,0.5277143428073439,24,24,24,2,1.2966655364997868,0.9820867718254062,simple_ring,True,4.177400000116904,0.26170000091951806,1.11770000148681,0.9488000196142821,1,0,0,0.0,0,0,0.0,0.0,0.0,0.0,0.0,0,0,0,0.0,0.0,0.0,0.0,0,False,,,0,0.0,False,"(1, 0)",6.23448790721354,6.32584545008007,6.32584545008007,7,True,126,37,0.9999999999999999,1.8186054317778764,0.4868217054263566,1.0,0.6081865508738328,0.5554177173413074,1.6942721466766342,0.5174184646311757,0.24411958122299454,True,0.07407407407407407,0.0,0,False,,0
127,marine_knownmap_path_v2_infosampled,ucb,0.0,False,mode_not_conditional,0.0,0.0,1.0,False,SEARCH,"(30, 53)","(36, 53)","(36, 53)","(38, 56)",search_info,"(38, 56)",13,0.96948740313128,0.909931181466586,simple_ring_priority,False,,3,4,adaptive_knownmap_soft,7,8,8,8,0.125,21,52.3686640296875,1.0,4.89374566647182,1.0,0.7642873263888887,0.05292272504003529,57.262409696159324,1.0,0.7642873263888887,0.05292272504003529,8.0,0.8,0.0,3.0,5.25,False,0.0,soft_clearance_astar_v1,adaptive,1.0,57.262409696159324,1.0,8.0,0.8,0.0,0.0,0.0,6.5,0.10584545008007058,-0.27999999999999997,0.0,0.0,-0.0,0,0.0,0.0,False,0.2,0.0,0.0,0.4722856571926562,0.5277143428073439,24,24,24,2,1.2966655364997868,0.9820867718254062,simple_ring,True,4.177400000116904,0.26170000091951806,1.11770000148681,0.9488000196142821,1,0,0,0.0,0,0,0.0,0.0,0.0,0.0,0.0,0,0,0,0.0,0.0,0.0,0.0,0,False,,,0,0.0,False,"(1, 0)",6.23448790721354,6.32584545008007,6.32584545008007,7,True,127,38,1.0,1.8316775682709745,0.49147286821705427,1.0,0.6058603601840157,0.5554177173413074,1.6942721466766342,0.5174184646311757,0.24411958122299454,True,0.1111111111111111,0.0,0,False,,0
128,marine_knownmap_path_v2_infosampled,ucb,0.0,False,mode_not_conditional,0.0,0.0,1.0,False,SEARCH,"(31, 53)","(36, 53)","(36, 53)","(38, 56)",search_info,"(38, 56)",13,0.96948740313128,0.909931181466586,simple_ring_priority,False,,2,4,adaptive_knownmap_soft,6,8,8,8,0.25,21,52.3686640296875,1.0,4.89374566647182,1.0,0.7642873263888887,0.05292272504003529,57.262409696159324,1.0,0.7642873263888887,0.05292272504003529,8.0,0.8,0.0,3.0,5.25,False,0.0,soft_clearance_astar_v1,adaptive,1.0,57.262409696159324,1.0,8.0,0.8,0.0,0.0,0.0,6.5,0.10584545008007058,-0.27999999999999997,0.0,0.0,-0.0,0,0.0,0.0,False,0.2,0.0,0.0,0.4722856571926562,0.5277143428073439,24,24,24,2,1.2966655364997868,0.9820867718254062,simple_ring,True,4.177400000116904,0.26170000091951806,1.11770000148681,0.9488000196142821,1,0,0,0.0,0,0,0.0,0.0,0.0,0.0,0.0,0,0,0,0.0,0.0,0.0,0.0,0,False,,,0,0.0,False,"(1, 0)",6.23448790721354,6.32584545008007,6.32584545008007,7,True,128,39,0.9999999999999998,1.8462901094414617,0.496640826873385,1.0,0.6018416081683078,0.5554177173413074,1.6942721466766342,0.5174184646311757,0.24411958122299454,True,0.12345679012345678,0.0,0,False,,0
129,marine_knownmap_path_v2_infosampled,ucb,0.0,False,mode_not_conditional,0.0,0.0,1.0,False,SEARCH,"(32, 53)","(36, 53)","(36, 53)","(38, 56)",search_info,"(38, 56)",13,0.96948740313128,0.909931181466586,simple_ring_priority,False,,1,4,adaptive_knownmap_soft,5,8,8,8,0.375,21,52.3686640296875,1.0,4.89374566647182,1.0,0.7642873263888887,0.05292272504003529,57.262409696159324,1.0,0.7642873263888887,0.05292272504003529,8.0,0.8,0.0,3.0,5.25,False,0.0,soft_clearance_astar_v1,adaptive,1.0,57.262409696159324,1.0,8.0,0.8,0.0,0.0,0.0,6.5,0.10584545008007058,-0.27999999999999997,0.0,0.0,-0.0,0,0.0,0.0,False,0.2,0.0,0.0,0.4722856571926562,0.5277143428073439,24,24,24,2,1.2966655364997868,0.9820867718254062,simple_ring,True,4.177400000116904,0.26170000091951806,1.11770000148681,0.9488000196142821,1,0,0,0.0,0,0,0.0,0.0,0.0,0.0,0.0,0,0,0,0.0,0.0,0.0,0.0,0,False,,,0,0.0,False,"(1, 0)",6.23448790721354,6.32584545008007,6.32584545008007,7,True,129,40,1.0,1.8620770708650418,0.5018087855297158,1.0,0.6023630976445257,0.5554177173413074,1.6942721466766342,0.5174184646311757,0.24411958122299454,True,0.12345679012345678,0.0,0,False,,0
130,marine_knownmap_path_v2_infosampled,ucb,0.0,False,mode_not_conditional,0.0,0.0,1.0,False,SEARCH,"(33, 53)","(36, 53)","(36, 53)","(38, 56)",search_info,"(38, 56)",13,0.96948740313128,0.909931181466586,simple_ring_priority,False,,0,4,adaptive_knownmap_soft,4,8,8,8,0.5,21,52.3686640296875,1.0,4.89374566647182,1.0,0.7642873263888887,0.05292272504003529,57.262409696159324,1.0,0.7642873263888887,0.05292272504003529,8.0,0.8,0.0,3.0,5.25,False,0.0,soft_clearance_astar_v1,adaptive,1.0,57.262409696159324,1.0,8.0,0.8,0.0,0.0,0.0,6.5,0.10584545008007058,-0.27999999999999997,0.0,0.0,-0.0,0,0.0,0.0,False,0.2,0.0,0.0,0.4722856571926562,0.5277143428073439,24,24,24,2,1.2966655364997868,0.9820867718254062,simple_ring,True,4.177400000116904,0.26170000091951806,1.11770000148681,0.9488000196142821,1,0,0,0.0,0,0,0.0,0.0,0.0,0.0,0.0,0,0,0,0.0,0.0,0.0,0.0,0,False,,,0,0.0,False,"(1, 0)",6.23448790721354,6.32584545008007,6.32584545008007,7,True,130,41,0.9999999999999999,1.8789663503273477,0.5069767441860465,1.0,0.6007220354829679,0.5554177173413074,1.6942721466766342,0.5174184646311757,0.24411958122299454,True,0.13580246913580246,0.012345679012345678,0,False,,0
131,marine_knownmap_path_v2_infosampled,ucb,0.0,False,mode_not_conditional,0.0,0.0,1.0,False,SEARCH,"(33, 52)","(33, 37)","(33, 45)","(32, 33)",search_info,"(32, 33)",206,1.0,0.9307012366750713,simple_ring_priority,True,commit_expired,4,4,adaptive_knownmap_soft,8,8,16,8,0.625,22,47.82568486796875,1.0,3.1736312797157096,1.0,2.4211430729166667,0.8161121414228623,50.99931614768445,1.0,2.4211430729166667,0.8161121414228623,8.0,0.96,0.0,4.0,5.375,False,0.0,soft_clearance_astar_v1,adaptive,1.0,50.99931614768445,1.0,8.0,0.96,0.0,0.0,0.0,6.5,1.6322242828457245,-0.33599999999999997,0.0,0.0,-0.0,0,0.0,0.0,False,1.0,0.0,0.0,0.4906119055660284,0.5093880944339716,24,24,24,1,1.4183911017808948,1.0,simple_ring,True,3.638199999841163,0.22169999829202425,0.8171999961632537,0.6939999984751921,1,0,0,0.0,0,0,0.0,0.0,0.0,0.0,0.0,0,0,0,0.0,0.0,0.0,0.0,0,False,,,0,0.0,False,"(0, -1)",1.9946401040111383,7.796224282845724,7.796224282845724,8,True,131,42,1.0,1.890439396855068,0.5100775193798449,1.0,0.5885982439872245,0.5743033620289544,1.717879202536193,1.1166309475716711,0.325541206363012,True,0.07407407407407407,0.0,0,False,,0
132,marine_knownmap_path_v2_infosampled,ucb,0.0,False,mode_not_conditional,0.0,0.0,1.0,False,SEARCH,"(33, 51)","(33, 37)","(33, 45)","(32, 33)",search_info,"(32, 33)",206,1.0,0.9307012366750713,simple_ring_priority,False,,3,4,adaptive_knownmap_soft,7,8,16,8,0.125,22,47.82568486796875,1.0,3.1736312797157096,1.0,2.4211430729166667,0.8161121414228623,50.99931614768445,1.0,2.4211430729166667,0.8161121414228623,8.0,0.96,0.0,4.0,5.375,False,0.0,soft_clearance_astar_v1,adaptive,1.0,50.99931614768445,1.0,8.0,0.96,0.0,0.0,0.0,6.5,1.6322242828457245,-0.33599999999999997,0.0,0.0,-0.0,0,0.0,0.0,False,1.0,0.0,0.0,0.4906119055660284,0.5093880944339716,24,24,24,1,1.4183911017808948,1.0,simple_ring,True,3.638199999841163,0.22169999829202425,0.8171999961632537,0.6939999984751921,1,0,0,0.0,0,0,0.0,0.0,0.0,0.0,0.0,0,0,0,0.0,0.0,0.0,0.0,0,False,,,0,0.0,False,"(0, -1)",1.9946401040111383,7.796224282845724,7.796224282845724,8,True,132,43,1.0,1.9008887638296554,0.5131782945736434,1.0,0.5897230097962386,0.5743033620289544,1.717879202536193,1.1166309475716711,0.325541206363012,True,0.1111111111111111,0.037037037037037035,0,False,,0
133,marine_knownmap_path_v2_infosampled,ucb,0.0,False,mode_not_conditional,0.0,0.0,1.0,False,SEARCH,"(33, 50)","(33, 37)","(33, 45)","(32, 33)",search_info,"(32, 33)",206,1.0,0.9307012366750713,simple_ring_priority,False,,2,4,adaptive_knownmap_soft,6,8,16,8,0.25,22,47.82568486796875,1.0,3.1736312797157096,1.0,2.4211430729166667,0.8161121414228623,50.99931614768445,1.0,2.4211430729166667,0.8161121414228623,8.0,0.96,0.0,4.0,5.375,False,0.0,soft_clearance_astar_v1,adaptive,1.0,50.99931614768445,1.0,8.0,0.96,0.0,0.0,0.0,6.5,1.6322242828457245,-0.33599999999999997,0.0,0.0,-0.0,0,0.0,0.0,False,1.0,0.0,0.0,0.4906119055660284,0.5093880944339716,24,24,24,1,1.4183911017808948,1.0,simple_ring,True,3.638199999841163,0.22169999829202425,0.8171999961632537,0.6939999984751921,1,0,0,0.0,0,0,0.0,0.0,0.0,0.0,0.0,0,0,0,0.0,0.0,0.0,0.0,0,False,,,0,0.0,False,"(0, -1)",1.9946401040111383,7.796224282845724,7.796224282845724,8,True,133,44,0.9999999999999999,1.9115200295033576,0.5162790697674419,1.0,0.605106833511524,0.5743033620289544,1.717879202536193,1.1166309475716711,0.325541206363012,True,0.12345679012345678,0.04938271604938271,0,False,,0
134,marine_knownmap_path_v2_infosampled,ucb,0.0,False,mode_not_conditional,0.0,0.0,1.0,False,SEARCH,"(33, 49)","(33, 37)","(33, 45)","(32, 33)",search_info,"(32, 33)",206,1.0,0.9307012366750713,simple_ring_priority,False,,1,4,adaptive_knownmap_soft,5,8,16,8,0.375,22,47.82568486796875,1.0,3.1736312797157096,1.0,2.4211430729166667,0.8161121414228623,50.99931614768445,1.0,2.4211430729166667,0.8161121414228623,8.0,0.96,0.0,4.0,5.375,False,0.0,soft_clearance_astar_v1,adaptive,1.0,50.99931614768445,1.0,8.0,0.96,0.0,0.0,0.0,6.5,1.6322242828457245,-0.33599999999999997,0.0,0.0,-0.0,0,0.0,0.0,False,1.0,0.0,0.0,0.4906119055660284,0.5093880944339716,24,24,24,1,1.4183911017808948,1.0,simple_ring,True,3.638199999841163,0.22169999829202425,0.8171999961632537,0.6939999984751921,1,0,0,0.0,0,0,0.0,0.0,0.0,0.0,0.0,0,0,0,0.0,0.0,0.0,0.0,0,False,,,0,0.0,False,"(0, -1)",1.9946401040111383,7.796224282845724,7.796224282845724,8,True,134,45,1.0000000000000002,1.9228480615496641,0.5193798449612403,1.0,0.6244435781201161,0.5743033620289544,1.717879202536193,1.1166309475716711,0.325541206363012,True,0.1125,0.0375,0,False,,0
135,marine_knownmap_path_v2_infosampled,ucb,0.0,False,mode_not_conditional,0.0,0.0,1.0,False,SEARCH,"(33, 48)","(33, 37)","(33, 45)","(32, 33)",search_info,"(32, 33)",206,1.0,0.9307012366750713,simple_ring_priority,False,,0,4,adaptive_knownmap_soft,4,8,16,8,0.5,22,47.82568486796875,1.0,3.1736312797157096,1.0,2.4211430729166667,0.8161121414228623,50.99931614768445,1.0,2.4211430729166667,0.8161121414228623,8.0,0.96,0.0,4.0,5.375,False,0.0,soft_clearance_astar_v1,adaptive,1.0,50.99931614768445,1.0,8.0,0.96,0.0,0.0,0.0,6.5,1.6322242828457245,-0.33599999999999997,0.0,0.0,-0.0,0,0.0,0.0,False,1.0,0.0,0.0,0.4906119055660284,0.5093880944339716,24,24,24,1,1.4183911017808948,1.0,simple_ring,True,3.638199999841163,0.22169999829202425,0.8171999961632537,0.6939999984751921,1,0,0,0.0,0,0,0.0,0.0,0.0,0.0,0.0,0,0,0,0.0,0.0,0.0,0.0,0,False,,,0,0.0,False,"(0, -1)",1.9946401040111383,7.796224282845724,7.796224282845724,8,True,135,46,0.9999999999999998,1.9354900630910952,0.5229974160206718,1.0,0.6025570683511494,0.5743033620289544,1.717879202536193,1.1166309475716711,0.325541206363012,True,0.12658227848101267,0.0379746835443038,0,False,,0
136,marine_knownmap_path_v2_infosampled,ucb,0.0,False,mode_not_conditional,0.0,0.0,1.0,False,SEARCH,"(33, 47)","(33, 37)","(33, 40)","(32, 33)",search_info,"(32, 33)",200,1.0,0.9325932764752933,simple_ring_priority,True,commit_expired,4,4,adaptive_knownmap_soft,8,8,11,8,0.625,22,62.7915324921875,1.0,5.43515708077834,1.0,0.013285024154589372,0.0,68.22668957296584,1.0,0.013285024154589372,0.0,8.0,0.0,0.0,4.0,4.125,False,0.0,soft_clearance_astar_v1,adaptive,1.0,68.22668957296584,1.0,8.0,0.0,0.0,0.0,0.0,6.5,0.0,-0.0,0.0,0.0,-0.0,0,0.0,0.0,True,0.0,0.0,0.0,0.4827140621550464,0.5172859378449536,24,24,24,1,1.6520047016690949,1.0,simple_ring,True,3.5867000005964655,0.19039999642700423,0.7544999989477219,0.5204000080993865,1,0,0,0.0,0,0,0.0,0.0,0.0,0.0,0.0,0,0,0,0.0,0.0,0.0,0.0,0,False,,,0,0.0,False,"(0, -1)",6.5,6.5,6.5,8,True,136,47,1.0,1.949817937419993,0.5276485788113695,1.0,0.6011921964547607,0.5794994316459194,1.7243742895573992,1.0653959449470578,0.4676093563232454,True,0.1282051282051282,0.01282051282051282,0,False,,0
137,marine_knownmap_path_v2_infosampled,ucb,0.0,False,mode_not_conditional,0.0,0.0,1.0,False,SEARCH,"(33, 46)","(33, 37)","(33, 40)","(32, 33)",search_info,"(32, 33)",200,1.0,0.9325932764752933,simple_ring_priority,False,,3,4,adaptive_knownmap_soft,7,8,11,8,0.125,22,62.7915324921875,1.0,5.43515708077834,1.0,0.013285024154589372,0.0,68.22668957296584,1.0,0.013285024154589372,0.0,8.0,0.0,0.0,4.0,4.125,False,0.0,soft_clearance_astar_v1,adaptive,1.0,68.22668957296584,1.0,8.0,0.0,0.0,0.0,0.0,6.5,0.0,-0.0,0.0,0.0,-0.0,0,0.0,0.0,True,0.0,0.0,0.0,0.4827140621550464,0.5172859378449536,24,24,24,1,1.6520047016690949,1.0,simple_ring,True,3.5867000005964655,0.19039999642700423,0.7544999989477219,0.5204000080993865,1,0,0,0.0,0,0,0.0,0.0,0.0,0.0,0.0,0,0,0,0.0,0.0,0.0,0.0,0,False,,,0,0.0,False,"(0, -1)",6.5,6.5,6.5,8,True,137,48,1.0,1.9653492225240932,0.5322997416020672,0.9999999997563958,0.6711001736374653,0.5794994316459194,1.7243742895573992,1.0653959449470578,0.4676093563232454,True,0.11842105263157894,0.0,0,False,,0
138,marine_knownmap_path_v2_infosampled,ucb,0.0,False,mode_not_conditional,0.0,0.0,1.0,False,SEARCH,"(33, 45)","(33, 37)","(33, 40)","(32, 33)",search_info,"(32, 33)",200,1.0,0.9325932764752933,simple_ring_priority,False,,2,4,adaptive_knownmap_soft,6,8,11,8,0.25,22,62.7915324921875,1.0,5.43515708077834,1.0,0.013285024154589372,0.0,68.22668957296584,1.0,0.013285024154589372,0.0,8.0,0.0,0.0,4.0,4.125,False,0.0,soft_clearance_astar_v1,adaptive,1.0,68.22668957296584,1.0,8.0,0.0,0.0,0.0,0.0,6.5,0.0,-0.0,0.0,0.0,-0.0,0,0.0,0.0,True,0.0,0.0,0.0,0.4827140621550464,0.5172859378449536,24,24,24,1,1.6520047016690949,1.0,simple_ring,True,3.5867000005964655,0.19039999642700423,0.7544999989477219,0.5204000080993865,1,0,0,0.0,0,0,0.0,0.0,0.0,0.0,0.0,0,0,0,0.0,0.0,0.0,0.0,0,False,,,0,0.0,False,"(0, -1)",6.5,6.5,6.5,8,True,138,49,1.0000000000000002,1.9816866964774724,0.5369509043927648,1.0,0.6571171014975116,0.5794994316459194,1.7243742895573992,1.0653959449470578,0.4676093563232454,True,0.12,0.0,0,False,,0
139,marine_knownmap_path_v2_infosampled,ucb,0.0,False,mode_not_conditional,0.0,0.0,1.0,False,SEARCH,"(33, 44)","(33, 37)","(33, 40)","(32, 33)",search_info,"(32, 33)",200,1.0,0.9325932764752933,simple_ring_priority,False,,1,4,adaptive_knownmap_soft,5,8,11,8,0.375,22,62.7915324921875,1.0,5.43515708077834,1.0,0.013285024154589372,0.0,68.22668957296584,1.0,0.013285024154589372,0.0,8.0,0.0,0.0,4.0,4.125,False,0.0,soft_clearance_astar_v1,adaptive,1.0,68.22668957296584,1.0,8.0,0.0,0.0,0.0,0.0,6.5,0.0,-0.0,0.0,0.0,-0.0,0,0.0,0.0,True,0.0,0.0,0.0,0.4827140621550464,0.5172859378449536,24,24,24,1,1.6520047016690949,1.0,simple_ring,True,3.5867000005964655,0.19039999642700423,0.7544999989477219,0.5204000080993865,1,0,0,0.0,0,0,0.0,0.0,0.0,0.0,0.0,0,0,0,0.0,0.0,0.0,0.0,0,False,,,0,0.0,False,"(0, -1)",6.5,6.5,6.5,8,True,139,50,1.0000000000000002,1.9985653269482049,0.5416020671834625,1.0,0.5806267170499831,0.5794994316459194,1.7243742895573992,1.0653959449470578,0.4676093563232454,True,0.12162162162162163,0.0,0,False,,0
140,marine_knownmap_path_v2_infosampled,ucb,0.0,False,mode_not_conditional,0.0,0.0,1.0,False,SEARCH,"(33, 43)","(33, 37)","(33, 40)","(32, 33)",search_info,"(32, 33)",200,1.0,0.9325932764752933,simple_ring_priority,False,,0,4,adaptive_knownmap_soft,4,8,11,8,0.5,22,62.7915324921875,1.0,5.43515708077834,1.0,0.013285024154589372,0.0,68.22668957296584,1.0,0.013285024154589372,0.0,8.0,0.0,0.0,4.0,4.125,False,0.0,soft_clearance_astar_v1,adaptive,1.0,68.22668957296584,1.0,8.0,0.0,0.0,0.0,0.0,6.5,0.0,-0.0,0.0,0.0,-0.0,0,0.0,0.0,True,0.0,0.0,0.0,0.4827140621550464,0.5172859378449536,24,24,24,1,1.6520047016690949,1.0,simple_ring,True,3.5867000005964655,0.19039999642700423,0.7544999989477219,0.5204000080993865,1,0,0,0.0,0,0,0.0,0.0,0.0,0.0,0.0,0,0,0,0.0,0.0,0.0,0.0,0,False,,,0,0.0,False,"(0, -1)",6.5,6.5,6.5,8,True,140,51,1.0000000000000002,2.015846760552873,0.5462532299741603,1.0,0.6509805826054078,0.5794994316459194,1.7243742895573992,1.0653959449470578,0.4676093563232454,True,0.1232876712328767,0.0,0,False,,0
141,marine_knownmap_path_v2_infosampled,ucb,0.0,False,mode_not_conditional,0.0,0.0,1.0,False,SEARCH,"(33, 42)","(35, 31)","(33, 35)","(32, 33)",search_info,"(32, 33)",1,0.0,0.0,simple_ring_priority,True,commit_expired,4,4,adaptive_knownmap_soft,8,8,14,8,0.625,23,71.19500511640624,1.0,5.288127006096839,1.0,0.0,0.0,76.48313212250308,1.0,0.0,0.0,8.0,0.7272727272727273,0.0,4.0,5.125,False,0.0,soft_clearance_astar_v1,adaptive,1.0,76.48313212250308,1.0,8.0,0.7272727272727273,0.0,0.0,0.0,6.5,0.0,-0.2545454545454545,0.0,0.0,-0.0,0,0.0,0.0,True,1.0,0.0,0.0,0.46457009263601506,0.535429907363985,24,24,24,4,1.5367732094373654,0.8766489600338588,simple_ring,True,4.1995999999926426,0.2271999965159921,1.1143999981868546,0.7772000080876751,1,0,0,0.0,0,0,0.0,0.0,0.0,0.0,0.0,0,0,0,0.0,0.0,0.0,0.0,0,False,,,0,0.0,False,"(0, -1)",3.4611083428602916,6.245454545454545,6.245454545454545,8,True,141,52,0.9999999999999999,2.034261441537114,0.5514211886304909,0.9792656317905508,0.6270481692419753,0.49345516368097836,1.6168189546012228,0.7466261194279733,0.4890314228047649,False,0.13513513513513514,0.0,0,False,,0
142,marine_knownmap_path_v2_infosampled,ucb,0.0,False,mode_not_conditional,0.0,0.0,1.0,False,SEARCH,"(33, 41)","(35, 31)","(33, 35)","(32, 33)",search_info,"(32, 33)",1,0.0,0.0,simple_ring_priority,False,,3,4,adaptive_knownmap_soft,7,8,14,8,0.125,23,71.19500511640624,1.0,5.288127006096839,1.0,0.0,0.0,76.48313212250308,1.0,0.0,0.0,8.0,0.7272727272727273,0.0,4.0,5.125,False,0.0,soft_clearance_astar_v1,adaptive,1.0,76.48313212250308,1.0,8.0,0.7272727272727273,0.0,0.0,0.0,6.5,0.0,-0.2545454545454545,0.0,0.0,-0.0,0,0.0,0.0,True,1.0,0.0,0.0,0.46457009263601506,0.535429907363985,24,24,24,4,1.5367732094373654,0.8766489600338588,simple_ring,True,4.1995999999926426,0.2271999965159921,1.1143999981868546,0.7772000080876751,1,0,0,0.0,0,0,0.0,0.0,0.0,0.0,0.0,0,0,0,0.0,0.0,0.0,0.0,0,False,,,0,0.0,False,"(0, -1)",3.4611083428602916,6.245454545454545,6.245454545454545,8,True,142,53,1.0,2.0535975396679738,0.5565891472868217,1.0,0.5881801666908455,0.49345516368097836,1.6168189546012228,0.7466261194279733,0.4890314228047649,False,0.13333333333333333,0.0,0,False,,0
143,marine_knownmap_path_v2_infosampled,ucb,0.0,False,mode_not_conditional,0.0,0.0,1.0,False,SEARCH,"(33, 40)","(35, 31)","(33, 35)","(32, 33)",search_info,"(32, 33)",1,0.0,0.0,simple_ring_priority,False,,2,4,adaptive_knownmap_soft,6,8,14,8,0.25,23,71.19500511640624,1.0,5.288127006096839,1.0,0.0,0.0,76.48313212250308,1.0,0.0,0.0,8.0,0.7272727272727273,0.0,4.0,5.125,False,0.0,soft_clearance_astar_v1,adaptive,1.0,76.48313212250308,1.0,8.0,0.7272727272727273,0.0,0.0,0.0,6.5,0.0,-0.2545454545454545,0.0,0.0,-0.0,0,0.0,0.0,True,1.0,0.0,0.0,0.46457009263601506,0.535429907363985,24,24,24,4,1.5367732094373654,0.8766489600338588,simple_ring,True,4.1995999999926426,0.2271999965159921,1.1143999981868546,0.7772000080876751,1,0,0,0.0,0,0,0.0,0.0,0.0,0.0,0.0,0,0,0,0.0,0.0,0.0,0.0,0,False,,,0,0.0,False,"(0, -1)",3.4611083428602916,6.245454545454545,6.245454545454545,8,True,143,54,1.0,2.073677040430901,0.5617571059431524,1.0,0.5916787657661241,0.49345516368097836,1.6168189546012228,0.7466261194279733,0.4890314228047649,False,0.13157894736842105,0.0,0,False,,0
144,marine_knownmap_path_v2_infosampled,ucb,0.0,False,mode_not_conditional,0.0,0.0,1.0,False,SEARCH,"(33, 39)","(35, 31)","(33, 35)","(32, 33)",search_info,"(32, 33)",1,0.0,0.0,simple_ring_priority,False,,1,4,adaptive_knownmap_soft,5,8,14,8,0.375,23,71.19500511640624,1.0,5.288127006096839,1.0,0.0,0.0,76.48313212250308,1.0,0.0,0.0,8.0,0.7272727272727273,0.0,4.0,5.125,False,0.0,soft_clearance_astar_v1,adaptive,1.0,76.48313212250308,1.0,8.0,0.7272727272727273,0.0,0.0,0.0,6.5,0.0,-0.2545454545454545,0.0,0.0,-0.0,0,0.0,0.0,True,1.0,0.0,0.0,0.46457009263601506,0.535429907363985,24,24,24,4,1.5367732094373654,0.8766489600338588,simple_ring,True,4.1995999999926426,0.2271999965159921,1.1143999981868546,0.7772000080876751,1,0,0,0.0,0,0,0.0,0.0,0.0,0.0,0.0,0,0,0,0.0,0.0,0.0,0.0,0,False,,,0,0.0,False,"(0, -1)",3.4611083428602916,6.245454545454545,6.245454545454545,8,True,144,55,1.0000000000000002,2.095204335893584,0.5674418604651162,1.0,0.6353530910298013,0.49345516368097836,1.6168189546012228,0.7466261194279733,0.4890314228047649,False,0.14102564102564102,0.0,0,False,,0
145,marine_knownmap_path_v2_infosampled,ucb,0.0,False,mode_not_conditional,0.0,0.0,1.0,False,SEARCH,"(33, 38)","(35, 31)","(33, 35)","(32, 33)",search_info,"(32, 33)",1,0.0,0.0,simple_ring_priority,False,,0,4,adaptive_knownmap_soft,4,8,14,8,0.5,23,71.19500511640624,1.0,5.288127006096839,1.0,0.0,0.0,76.48313212250308,1.0,0.0,0.0,8.0,0.7272727272727273,0.0,4.0,5.125,False,0.0,soft_clearance_astar_v1,adaptive,1.0,76.48313212250308,1.0,8.0,0.7272727272727273,0.0,0.0,0.0,6.5,0.0,-0.2545454545454545,0.0,0.0,-0.0,0,0.0,0.0,True,1.0,0.0,0.0,0.46457009263601506,0.535429907363985,24,24,24,4,1.5367732094373654,0.8766489600338588,simple_ring,True,4.1995999999926426,0.2271999965159921,1.1143999981868546,0.7772000080876751,1,0,0,0.0,0,0,0.0,0.0,0.0,0.0,0.0,0,0,0,0.0,0.0,0.0,0.0,0,False,,,0,0.0,False,"(0, -1)",3.4611083428602916,6.245454545454545,6.245454545454545,8,True,145,56,0.9999999999999998,2.1173006484865584,0.5731266149870801,1.0,0.6399766635117143,0.49345516368097836,1.6168189546012228,0.7466261194279733,0.4890314228047649,False,0.13924050632911392,0.0,0,False,,0
146,marine_knownmap_path_v2_infosampled,ucb,0.0,False,mode_not_conditional,0.0,0.0,1.0,False,SEARCH,"(33, 37)","(33, 29)","(33, 30)","(32, 33)",search_info,"(32, 33)",1,0.0,0.0,simple_ring_priority,True,commit_expired,4,4,adaptive_knownmap_soft,8,8,9,8,0.625,24,74.04750511640623,1.0,5.541998890531084,0.9929726786892639,0.0,0.0,79.58950400693732,1.0,0.0,0.0,8.0,0.0,0.0,6.0,6.0,False,0.0,soft_clearance_astar_v1,adaptive,1.0,79.58950400693732,1.0,8.0,0.0,0.0,0.0,0.0,6.5,0.0,-0.0,0.0,0.0,-0.0,0,0.0,0.0,True,0.565685424949238,0.0,0.0,0.04168604161262598,0.958313958387374,24,24,24,1,1.5656928701032922,1.0,simple_ring,True,4.125599998587859,0.2580999989731936,1.4056999989406904,1.0131000035471516,1,0,0,0.0,0,0,0.0,0.0,0.0,0.0,0.0,0,0,0,0.0,0.0,0.0,0.0,0,False,,,0,0.0,False,"(0, -1)",5.7206221355490685,6.5,6.5,8,True,146,57,0.9999999999999999,2.139930782970091,0.5788113695090439,1.0,0.6347515071788277,0.5138632897678411,1.6423291122098014,0.5592348158525546,0.4930787203780392,True,0.1375,0.0,0,False,,0
147,marine_knownmap_path_v2_infosampled,ucb,0.0,False,mode_not_conditional,0.0,0.0,1.0,False,SEARCH,"(33, 36)","(33, 29)","(33, 30)","(32, 33)",search_info,"(32, 33)",1,0.0,0.0,simple_ring_priority,False,,3,4,adaptive_knownmap_soft,7,8,9,8,0.125,24,74.04750511640623,1.0,5.541998890531084,0.9929726786892639,0.0,0.0,79.58950400693732,1.0,0.0,0.0,8.0,0.0,0.0,6.0,6.0,False,0.0,soft_clearance_astar_v1,adaptive,1.0,79.58950400693732,1.0,8.0,0.0,0.0,0.0,0.0,6.5,0.0,-0.0,0.0,0.0,-0.0,0,0.0,0.0,True,0.565685424949238,0.0,0.0,0.04168604161262598,0.958313958387374,24,24,24,1,1.5656928701032922,1.0,simple_ring,True,4.125599998587859,0.2580999989731936,1.4056999989406904,1.0131000035471516,1,0,0,0.0,0,0,0.0,0.0,0.0,0.0,0.0,0,0,0,0.0,0.0,0.0,0.0,0,False,,,0,0.0,False,"(0, -1)",5.7206221355490685,6.5,6.5,8,True,147,58,1.0,2.1630840231119626,0.5844961240310077,1.0,0.6093334191268563,0.5138632897678411,1.6423291122098014,0.5592348158525546,0.4930787203780392,True,0.13580246913580246,0.0,0,False,,0
148,marine_knownmap_path_v2_infosampled,ucb,0.0,False,mode_not_conditional,0.0,0.0,1.0,False,SEARCH,"(33, 35)","(33, 29)","(33, 30)","(32, 33)",search_info,"(32, 33)",1,0.0,0.0,simple_ring_priority,False,,2,4,adaptive_knownmap_soft,6,8,9,8,0.25,24,74.04750511640623,1.0,5.541998890531084,0.9929726786892639,0.0,0.0,79.58950400693732,1.0,0.0,0.0,8.0,0.0,0.0,6.0,6.0,False,0.0,soft_clearance_astar_v1,adaptive,1.0,79.58950400693732,1.0,8.0,0.0,0.0,0.0,0.0,6.5,0.0,-0.0,0.0,0.0,-0.0,0,0.0,0.0,True,0.565685424949238,0.0,0.0,0.04168604161262598,0.958313958387374,24,24,24,1,1.5656928701032922,1.0,simple_ring,True,4.125599998587859,0.2580999989731936,1.4056999989406904,1.0131000035471516,1,0,0,0.0,0,0,0.0,0.0,0.0,0.0,0.0,0,0,0,0.0,0.0,0.0,0.0,0,False,,,0,0.0,False,"(0, -1)",5.7206221355490685,6.5,6.5,8,True,148,59,1.0,2.1867437619465115,0.5901808785529715,1.0,0.6268414497874406,0.5138632897678411,1.6423291122098014,0.5592348158525546,0.4930787203780392,True,0.13580246913580246,0.0,0,False,,0
149,marine_knownmap_path_v2_infosampled,ucb,0.0,False,mode_not_conditional,0.0,0.0,1.0,False,SEARCH,"(33, 34)","(33, 29)","(33, 30)","(32, 33)",search_info,"(32, 33)",1,0.0,0.0,simple_ring_priority,False,,1,4,adaptive_knownmap_soft,5,8,9,8,0.375,24,74.04750511640623,1.0,5.541998890531084,0.9929726786892639,0.0,0.0,79.58950400693732,1.0,0.0,0.0,8.0,0.0,0.0,6.0,6.0,False,0.0,soft_clearance_astar_v1,adaptive,1.0,79.58950400693732,1.0,8.0,0.0,0.0,0.0,0.0,6.5,0.0,-0.0,0.0,0.0,-0.0,0,0.0,0.0,True,0.565685424949238,0.0,0.0,0.04168604161262598,0.958313958387374,24,24,24,1,1.5656928701032922,1.0,simple_ring,True,4.125599998587859,0.2580999989731936,1.4056999989406904,1.0131000035471516,1,0,0,0.0,0,0,0.0,0.0,0.0,0.0,0.0,0,0,0,0.0,0.0,0.0,0.0,0,False,,,0,0.0,False,"(0, -1)",5.7206221355490685,6.5,6.5,8,True,149,60,0.9999999999999998,2.2109268034712595,0.5958656330749355,1.0,0.621329136483603,0.5138632897678411,1.6423291122098014,0.5592348158525546,0.4930787203780392,True,0.13580246913580246,0.0,0,False,,0
150,marine_knownmap_path_v2_infosampled,ucb,0.0,False,mode_not_conditional,0.0,0.0,1.0,False,SEARCH,"(33, 33)","(33, 29)","(33, 30)","(32, 33)",search_info,"(32, 33)",1,0.0,0.0,simple_ring_priority,False,,0,4,adaptive_knownmap_soft,4,8,9,8,0.5,24,74.04750511640623,1.0,5.541998890531084,0.9929726786892639,0.0,0.0,79.58950400693732,1.0,0.0,0.0,8.0,0.0,0.0,6.0,6.0,False,0.0,soft_clearance_astar_v1,adaptive,1.0,79.58950400693732,1.0,8.0,0.0,0.0,0.0,0.0,6.5,0.0,-0.0,0.0,0.0,-0.0,0,0.0,0.0,True,0.565685424949238,0.0,0.0,0.04168604161262598,0.958313958387374,24,24,24,1,1.5656928701032922,1.0,simple_ring,True,4.125599998587859,0.2580999989731936,1.4056999989406904,1.0131000035471516,1,0,0,0.0,0,0,0.0,0.0,0.0,0.0,0.0,0,0,0,0.0,0.0,0.0,0.0,0,False,,,0,0.0,False,"(0, -1)",5.7206221355490685,6.5,6.5,8,True,150,61,1.0,2.2356507033329462,0.6015503875968993,1.0,0.5957701327038584,0.5138632897678411,1.6423291122098014,0.5592348158525546,0.4930787203780392,True,0.13580246913580246,0.0,0,False,,0
151,marine_knownmap_path_v2_infosampled,ucb,0.0,False,mode_not_conditional,0.0,0.0,1.0,False,SEARCH,"(32, 33)","(30, 26)","(30, 28)","(26, 24)",search_info,"(26, 24)",27,1.0,0.9532345331058373,simple_ring_priority,True,commit_expired,4,4,adaptive_knownmap_soft,8,8,10,8,0.625,25,39.59416018046874,0.7209993149855052,3.991383133981119,0.7288359601836694,5.17629724044682,0.9687765515842454,43.58554331444986,0.7216054821985562,5.17629724044682,0.9687765515842454,8.25,1.0,0.0,5.0,7.25,False,0.0,soft_clearance_astar_v1,adaptive,1.0,43.58554331444986,0.7216054821985562,8.25,1.0,0.0,0.0,0.0,4.6904356342906155,1.9375531031684907,-0.35,0.0,0.0,-0.0,1,0.0,0.0,False,0.8485281374238569,0.0,0.0,0.5,0.5,24,24,24,4,1.1345017325868088,0.8369083688022967,simple_ring,True,3.8776999990659533,0.3220999878976727,1.4127000031294301,1.2430999977368629,1,0,0,0.0,0,0,0.0,0.0,0.0,0.0,0.0,0,0,0,0.0,0.0,0.0,0.0,0,False,,,0,0.0,False,"(-1, 0)",4.688455599187929,6.277988737459107,6.277988737459107,9,True,151,62,1.0,2.25414325812169,0.6041343669250646,1.0,0.5886580879219674,0.5831309099567055,1.7289136374458818,0.44218327610069896,0.35082912154155405,True,0.07407407407407407,0.012345679012345678,0,False,,0
152,marine_knownmap_path_v2_infosampled,ucb,0.0,False,mode_not_conditional,0.0,0.0,1.0,False,SEARCH,"(31, 33)","(30, 26)","(30, 28)","(26, 24)",search_info,"(26, 24)",27,1.0,0.9532345331058373,simple_ring_priority,False,,3,4,adaptive_knownmap_soft,7,8,10,8,0.125,25,39.59416018046874,0.7209993149855052,3.991383133981119,0.7288359601836694,5.17629724044682,0.9687765515842454,43.58554331444986,0.7216054821985562,5.17629724044682,0.9687765515842454,8.25,1.0,0.0,5.0,7.25,False,0.0,soft_clearance_astar_v1,adaptive,1.0,43.58554331444986,0.7216054821985562,8.25,1.0,0.0,0.0,0.0,4.6904356342906155,1.9375531031684907,-0.35,0.0,0.0,-0.0,1,0.0,0.0,False,0.8485281374238569,0.0,0.0,0.5,0.5,24,24,24,4,1.1345017325868088,0.8369083688022967,simple_ring,True,3.8776999990659533,0.3220999878976727,1.4127000031294301,1.2430999977368629,1,0,0,0.0,0,0,0.0,0.0,0.0,0.0,0.0,0,0,0,0.0,0.0,0.0,0.0,0,False,,,0,0.0,False,"(-1, 0)",4.688455599187929,6.277988737459107,6.277988737459107,9,True,152,63,0.9999999999999997,2.27109875399695,0.6056847545219638,1.0,0.5915485269435328,0.5831309099567055,1.7289136374458818,0.44218327610069896,0.35082912154155405,True,0.1111111111111111,0.07407407407407407,0,False,,0
153,marine_knownmap_path_v2_infosampled,ucb,0.0,False,mode_not_conditional,0.0,0.0,1.0,False,SEARCH,"(30, 33)","(30, 26)","(30, 28)","(26, 24)",search_info,"(26, 24)",27,1.0,0.9532345331058373,simple_ring_priority,False,,2,4,adaptive_knownmap_soft,6,8,10,8,0.25,25,39.59416018046874,0.7209993149855052,3.991383133981119,0.7288359601836694,5.17629724044682,0.9687765515842454,43.58554331444986,0.7216054821985562,5.17629724044682,0.9687765515842454,8.25,1.0,0.0,5.0,7.25,False,0.0,soft_clearance_astar_v1,adaptive,1.0,43.58554331444986,0.7216054821985562,8.25,1.0,0.0,0.0,0.0,4.6904356342906155,1.9375531031684907,-0.35,0.0,0.0,-0.0,1,0.0,0.0,False,0.8485281374238569,0.0,0.0,0.5,0.5,24,24,24,4,1.1345017325868088,0.8369083688022967,simple_ring,True,3.8776999990659533,0.3220999878976727,1.4127000031294301,1.2430999977368629,1,0,0,0.0,0,0,0.0,0.0,0.0,0.0,0.0,0,0,0,0.0,0.0,0.0,0.0,0,False,,,0,0.0,False,"(-1, 0)",4.688455599187929,6.277988737459107,6.277988737459107,9,True,153,64,1.0,2.2841918195076074,0.6072351421188631,1.0,0.6075177738652779,0.5831309099567055,1.7289136374458818,0.44218327610069896,0.35082912154155405,True,0.12345679012345678,0.08641975308641975,0,False,,0
154,marine_knownmap_path_v2_infosampled,ucb,0.0,False,mode_not_conditional,0.0,0.0,1.0,False,SEARCH,"(30, 32)","(30, 26)","(30, 28)","(26, 24)",search_info,"(26, 24)",27,1.0,0.9532345331058373,simple_ring_priority,False,,1,4,adaptive_knownmap_soft,5,8,10,8,0.375,25,39.59416018046874,0.7209993149855052,3.991383133981119,0.7288359601836694,5.17629724044682,0.9687765515842454,43.58554331444986,0.7216054821985562,5.17629724044682,0.9687765515842454,8.25,1.0,0.0,5.0,7.25,False,0.0,soft_clearance_astar_v1,adaptive,1.0,43.58554331444986,0.7216054821985562,8.25,1.0,0.0,0.0,0.0,4.6904356342906155,1.9375531031684907,-0.35,0.0,0.0,-0.0,1,0.0,0.0,False,0.8485281374238569,0.0,0.0,0.5,0.5,24,24,24,4,1.1345017325868088,0.8369083688022967,simple_ring,True,3.8776999990659533,0.3220999878976727,1.4127000031294301,1.2430999977368629,1,0,0,0.0,0,0,0.0,0.0,0.0,0.0,0.0,0,0,0,0.0,0.0,0.0,0.0,0,False,,,0,0.0,False,"(-1, 0)",4.688455599187929,6.277988737459107,6.277988737459107,9,True,154,65,1.0,2.2975228047674134,0.6093023255813953,1.0,0.596777859376219,0.5831309099567055,1.7289136374458818,0.44218327610069896,0.35082912154155405,True,0.07407407407407407,0.024691358024691357,0,False,,0
155,marine_knownmap_path_v2_infosampled,ucb,0.0,False,mode_not_conditional,0.0,0.0,1.0,False,SEARCH,"(30, 31)","(30, 26)","(30, 28)","(26, 24)",search_info,"(26, 24)",27,1.0,0.9532345331058373,simple_ring_priority,False,,0,4,adaptive_knownmap_soft,4,8,10,8,0.5,25,39.59416018046874,0.7209993149855052,3.991383133981119,0.7288359601836694,5.17629724044682,0.9687765515842454,43.58554331444986,0.7216054821985562,5.17629724044682,0.9687765515842454,8.25,1.0,0.0,5.0,7.25,False,0.0,soft_clearance_astar_v1,adaptive,1.0,43.58554331444986,0.7216054821985562,8.25,1.0,0.0,0.0,0.0,4.6904356342906155,1.9375531031684907,-0.35,0.0,0.0,-0.0,1,0.0,0.0,False,0.8485281374238569,0.0,0.0,0.5,0.5,24,24,24,4,1.1345017325868088,0.8369083688022967,simple_ring,True,3.8776999990659533,0.3220999878976727,1.4127000031294301,1.2430999977368629,1,0,0,0.0,0,0,0.0,0.0,0.0,0.0,0.0,0,0,0,0.0,0.0,0.0,0.0,0,False,,,0,0.0,False,"(-1, 0)",4.688455599187929,6.277988737459107,6.277988737459107,9,True,155,66,1.0,2.31480235827199,0.6134366925064599,0.9868191869716145,0.5966278211631557,0.5831309099567055,1.7289136374458818,0.44218327610069896,0.35082912154155405,True,0.12345679012345678,0.024691358024691357,0,False,,0
156,marine_knownmap_path_v2_infosampled,ucb,0.0,False,mode_not_conditional,0.0,0.0,1.0,False,SEARCH,"(30, 30)","(30, 25)","(30, 25)","(26, 24)",search_info,"(26, 24)",1,0.0,0.0,simple_ring_priority,True,commit_expired,4,4,adaptive_knownmap_soft,6,6,6,6,0.625,26,29.606693125,1.0,3.2948203672075174,0.9354570442394163,3.238536501141552,0.28586010483146085,32.90151349220751,1.0,3.238536501141552,0.28586010483146085,6.0,0.3076923076923077,0.0,2.0,4.5,False,0.0,soft_clearance_astar_v1,adaptive,1.0,32.90151349220751,1.0,6.0,0.3076923076923077,0.0,0.0,0.0,6.5,0.5717202096629217,-0.1076923076923077,0.0,0.0,-0.0,0,0.0,0.0,True,0.2,0.0,0.0,0.27332399321092976,0.7266760067890703,24,24,24,1,0.9638885694235932,1.0,simple_ring,True,3.759100000024773,0.3457000020716805,1.2685999972745776,1.2160000133007998,1,0,0,0.0,0,0,0.0,0.0,0.0,0.0,0.0,0,0,0,0.0,0.0,0.0,0.0,0,False,,,0,0.0,False,"(0, -1)",6.614464591073898,6.964027901970614,6.964027901970614,9,True,156,67,1.0,2.335542246049706,0.6175710594315246,1.0,0.6129783206547954,0.452916557846521,1.5661456973081513,0.12315570258019931,0.4421356370058526,False,0.12345679012345678,0.024691358024691357,0,False,,0
157,marine_knownmap_path_v2_infosampled,ucb,0.0,False,mode_not_conditional,0.0,0.0,1.0,False,SEARCH,"(30, 29)","(30, 25)","(30, 25)","(26, 24)",search_info,"(26, 24)",1,0.0,0.0,simple_ring_priority,False,,3,4,adaptive_knownmap_soft,5,6,6,6,0.16666666666666666,26,29.606693125,1.0,3.2948203672075174,0.9354570442394163,3.238536501141552,0.28586010483146085,32.90151349220751,1.0,3.238536501141552,0.28586010483146085,6.0,0.3076923076923077,0.0,2.0,4.5,False,0.0,soft_clearance_astar_v1,adaptive,1.0,32.90151349220751,1.0,6.0,0.3076923076923077,0.0,0.0,0.0,6.5,0.5717202096629217,-0.1076923076923077,0.0,0.0,-0.0,0,0.0,0.0,True,0.2,0.0,0.0,0.27332399321092976,0.7266760067890703,24,24,24,1,0.9638885694235932,1.0,simple_ring,True,3.759100000024773,0.3457000020716805,1.2685999972745776,1.2160000133007998,1,0,0,0.0,0,0,0.0,0.0,0.0,0.0,0.0,0,0,0,0.0,0.0,0.0,0.0,0,False,,,0,0.0,False,"(0, -1)",6.614464591073898,6.964027901970614,6.964027901970614,9,True,157,68,1.0,2.3592273957301417,0.6222222222222222,1.0,0.6069289855354645,0.452916557846521,1.5661456973081513,0.12315570258019931,0.4421356370058526,False,0.12345679012345678,0.012345679012345678,0,False,,0
158,marine_knownmap_path_v2_infosampled,ucb,0.0,False,mode_not_conditional,0.0,0.0,1.0,False,SEARCH,"(30, 28)","(30, 25)","(30, 25)","(26, 24)",search_info,"(26, 24)",1,0.0,0.0,simple_ring_priority,False,,2,4,adaptive_knownmap_soft,4,6,6,6,0.3333333333333333,26,29.606693125,1.0,3.2948203672075174,0.9354570442394163,3.238536501141552,0.28586010483146085,32.90151349220751,1.0,3.238536501141552,0.28586010483146085,6.0,0.3076923076923077,0.0,2.0,4.5,False,0.0,soft_clearance_astar_v1,adaptive,1.0,32.90151349220751,1.0,6.0,0.3076923076923077,0.0,0.0,0.0,6.5,0.5717202096629217,-0.1076923076923077,0.0,0.0,-0.0,0,0.0,0.0,True,0.2,0.0,0.0,0.27332399321092976,0.7266760067890703,24,24,24,1,0.9638885694235932,1.0,simple_ring,True,3.759100000024773,0.3457000020716805,1.2685999972745776,1.2160000133007998,1,0,0,0.0,0,0,0.0,0.0,0.0,0.0,0.0,0,0,0,0.0,0.0,0.0,0.0,0,False,,,0,0.0,False,"(0, -1)",6.614464591073898,6.964027901970614,6.964027901970614,9,True,158,69,1.0,2.3842708554643335,0.6268733850129199,1.0,0.5896140770584396,0.452916557846521,1.5661456973081513,0.12315570258019931,0.4421356370058526,False,0.125,0.0125,0,False,,0
159,marine_knownmap_path_v2_infosampled,ucb,0.0,False,mode_not_conditional,0.0,0.0,1.0,False,SEARCH,"(30, 27)","(30, 25)","(30, 25)","(26, 24)",search_info,"(26, 24)",1,0.0,0.0,simple_ring_priority,False,,1,4,adaptive_knownmap_soft,3,6,6,6,0.5,26,29.606693125,1.0,3.2948203672075174,0.9354570442394163,3.238536501141552,0.28586010483146085,32.90151349220751,1.0,3.238536501141552,0.28586010483146085,6.0,0.3076923076923077,0.0,2.0,4.5,False,0.0,soft_clearance_astar_v1,adaptive,1.0,32.90151349220751,1.0,6.0,0.3076923076923077,0.0,0.0,0.0,6.5,0.5717202096629217,-0.1076923076923077,0.0,0.0,-0.0,0,0.0,0.0,True,0.2,0.0,0.0,0.27332399321092976,0.7266760067890703,24,24,24,1,0.9638885694235932,1.0,simple_ring,True,3.759100000024773,0.3457000020716805,1.2685999972745776,1.2160000133007998,1,0,0,0.0,0,0,0.0,0.0,0.0,0.0,0.0,0,0,0,0.0,0.0,0.0,0.0,0,False,,,0,0.0,False,"(0, -1)",6.614464591073898,6.964027901970614,6.964027901970614,9,True,159,70,1.0,2.4024571757375783,0.6284237726098191,1.0,0.5905101039851728,0.452916557846521,1.5661456973081513,0.12315570258019931,0.4421356370058526,False,0.0547945205479452,0.0136986301369863,0,False,,0
160,marine_knownmap_path_v2_infosampled,ucb,0.0,False,mode_not_conditional,0.0,0.0,1.0,False,SEARCH,"(30, 26)","(30, 25)","(30, 25)","(26, 24)",search_info,"(26, 24)",1,0.0,0.0,simple_ring_priority,False,,0,4,adaptive_knownmap_soft,2,6,6,6,0.6666666666666666,26,29.606693125,1.0,3.2948203672075174,0.9354570442394163,3.238536501141552,0.28586010483146085,32.90151349220751,1.0,3.238536501141552,0.28586010483146085,6.0,0.3076923076923077,0.0,2.0,4.5,False,0.0,soft_clearance_astar_v1,adaptive,1.0,32.90151349220751,1.0,6.0,0.3076923076923077,0.0,0.0,0.0,6.5,0.5717202096629217,-0.1076923076923077,0.0,0.0,-0.0,0,0.0,0.0,True,0.2,0.0,0.0,0.27332399321092976,0.7266760067890703,24,24,24,1,0.9638885694235932,1.0,simple_ring,True,3.759100000024773,0.3457000020716805,1.2685999972745776,1.2160000133007998,1,0,0,0.0,0,0,0.0,0.0,0.0,0.0,0.0,0,0,0,0.0,0.0,0.0,0.0,0,False,,,0,0.0,False,"(0, -1)",6.614464591073898,6.964027901970614,6.964027901970614,9,True,160,71,0.9999999999999998,2.4136974881123034,0.6289405684754522,1.0,0.5851029864785258,0.452916557846521,1.5661456973081513,0.12315570258019931,0.4421356370058526,False,0.03125,0.015625,0,False,,0
161,marine_knownmap_path_v2_infosampled,ucb,0.0,False,mode_not_conditional,0.0,0.0,1.0,False,SEARCH,"(29, 26)","(23, 25)","(23, 25)","(26, 24)",search_info,"(26, 24)",1,0.0,0.0,simple_ring_priority,True,commit_expired,4,4,adaptive_knownmap_soft,8,8,8,8,0.8333333333333334,27,8.885754078125,1.0,2.74238728055661,1.0,5.1999527325456825,0.9871150847050121,11.62814135868161,1.0,5.1999527325456825,0.9871150847050121,8.25,0.9666666666666667,0.0,2.0,2.875,False,0.0,soft_clearance_astar_v1,adaptive,1.0,11.62814135868161,1.0,8.25,0.9666666666666667,0.0,0.0,0.0,6.5,1.9742301694100242,-0.3383333333333333,0.0,0.0,-0.0,1,0.0,0.0,True,1.0,0.0,0.0,0.10719444906333325,0.8928055509366667,24,24,24,5,0.6194129064720214,0.8405206135023204,simple_ring,True,4.042700000354671,0.2690999954211293,1.0390000024926849,1.0261000024911482,1,0,0,0.0,0,0,0.0,0.0,0.0,0.0,0.0,0,0,0,0.0,0.0,0.0,0.0,0,False,,,0,0.0,False,"(-1, 0)",0.9700615729857783,8.135896836076691,8.135896836076691,9,True,161,72,1.0,2.4212169798548415,0.6299741602067184,0.9834630960674108,0.5800119351890066,0.5039963351891386,1.6299954189864232,0.2707071455197643,0.4372140709444043,True,0.046875,0.015625,0,False,,0
162,marine_knownmap_path_v2_infosampled,ucb,0.0,False,mode_not_conditional,0.0,0.0,1.0,False,SEARCH,"(28, 26)","(23, 25)","(23, 25)","(26, 24)",search_info,"(26, 24)",1,0.0,0.0,simple_ring_priority,False,,3,4,adaptive_knownmap_soft,7,8,8,8,0.125,27,8.885754078125,1.0,2.74238728055661,1.0,5.1999527325456825,0.9871150847050121,11.62814135868161,1.0,5.1999527325456825,0.9871150847050121,8.25,0.9666666666666667,0.0,2.0,2.875,False,0.0,soft_clearance_astar_v1,adaptive,1.0,11.62814135868161,1.0,8.25,0.9666666666666667,0.0,0.0,0.0,6.5,1.9742301694100242,-0.3383333333333333,0.0,0.0,-0.0,1,0.0,0.0,True,1.0,0.0,0.0,0.10719444906333325,0.8928055509366667,24,24,24,5,0.6194129064720214,0.8405206135023204,simple_ring,True,4.042700000354671,0.2690999954211293,1.0390000024926849,1.0261000024911482,1,0,0,0.0,0,0,0.0,0.0,0.0,0.0,0.0,0,0,0,0.0,0.0,0.0,0.0,0,False,,,0,0.0,False,"(-1, 0)",0.9700615729857783,8.135896836076691,8.135896836076691,9,True,162,73,1.0,2.428383602958677,0.6310077519379845,1.0,0.6122171259938636,0.5039963351891386,1.6299954189864232,0.2707071455197643,0.4372140709444043,True,0.09375,0.0625,0,False,,0
163,marine_knownmap_path_v2_infosampled,ucb,0.0,False,mode_not_conditional,0.0,0.0,1.0,False,SEARCH,"(27, 26)","(23, 25)","(23, 25)","(26, 24)",search_info,"(26, 24)",1,0.0,0.0,simple_ring_priority,False,,2,4,adaptive_knownmap_soft,6,8,8,8,0.25,27,8.885754078125,1.0,2.74238728055661,1.0,5.1999527325456825,0.9871150847050121,11.62814135868161,1.0,5.1999527325456825,0.9871150847050121,8.25,0.9666666666666667,0.0,2.0,2.875,False,0.0,soft_clearance_astar_v1,adaptive,1.0,11.62814135868161,1.0,8.25,0.9666666666666667,0.0,0.0,0.0,6.5,1.9742301694100242,-0.3383333333333333,0.0,0.0,-0.0,1,0.0,0.0,True,1.0,0.0,0.0,0.10719444906333325,0.8928055509366667,24,24,24,5,0.6194129064720214,0.8405206135023204,simple_ring,True,4.042700000354671,0.2690999954211293,1.0390000024926849,1.0261000024911482,1,0,0,0.0,0,0,0.0,0.0,0.0,0.0,0.0,0,0,0,0.0,0.0,0.0,0.0,0,False,,,0,0.0,False,"(-1, 0)",0.9700615729857783,8.135896836076691,8.135896836076691,9,True,163,74,1.0000000000000002,2.435347632964629,0.6320413436692507,0.9486053242828265,0.5403153860385285,0.5039963351891386,1.6299954189864232,0.2707071455197643,0.4372140709444043,True,0.109375,0.078125,0,False,,0
164,marine_knownmap_path_v2_infosampled,ucb,0.0,False,mode_not_conditional,0.0,0.0,1.0,False,SEARCH,"(26, 26)","(23, 25)","(23, 25)","(26, 24)",search_info,"(26, 24)",1,0.0,0.0,simple_ring_priority,False,,1,4,adaptive_knownmap_soft,5,8,8,8,0.375,27,8.885754078125,1.0,2.74238728055661,1.0,5.1999527325456825,0.9871150847050121,11.62814135868161,1.0,5.1999527325456825,0.9871150847050121,8.25,0.9666666666666667,0.0,2.0,2.875,False,0.0,soft_clearance_astar_v1,adaptive,1.0,11.62814135868161,1.0,8.25,0.9666666666666667,0.0,0.0,0.0,6.5,1.9742301694100242,-0.3383333333333333,0.0,0.0,-0.0,1,0.0,0.0,True,1.0,0.0,0.0,0.10719444906333325,0.8928055509366667,24,24,24,5,0.6194129064720214,0.8405206135023204,simple_ring,True,4.042700000354671,0.2690999954211293,1.0390000024926849,1.0261000024911482,1,0,0,0.0,0,0,0.0,0.0,0.0,0.0,0.0,0,0,0,0.0,0.0,0.0,0.0,0,False,,,0,0.0,False,"(-1, 0)",0.9700615729857783,8.135896836076691,8.135896836076691,9,True,164,75,1.0,2.4415486547629652,0.6325581395348837,1.0,0.613977897269083,0.5039963351891386,1.6299954189864232,0.2707071455197643,0.4372140709444043,True,0.109375,0.09375,0,False,,0
165,marine_knownmap_path_v2_infosampled,ucb,0.0,False,mode_not_conditional,0.0,0.0,1.0,False,SEARCH,"(25, 26)","(23, 25)","(23, 25)","(26, 24)",search_info,"(26, 24)",1,0.0,0.0,simple_ring_priority,False,,0,4,adaptive_knownmap_soft,4,8,8,8,0.5,27,8.885754078125,1.0,2.74238728055661,1.0,5.1999527325456825,0.9871150847050121,11.62814135868161,1.0,5.1999527325456825,0.9871150847050121,8.25,0.9666666666666667,0.0,2.0,2.875,False,0.0,soft_clearance_astar_v1,adaptive,1.0,11.62814135868161,1.0,8.25,0.9666666666666667,0.0,0.0,0.0,6.5,1.9742301694100242,-0.3383333333333333,0.0,0.0,-0.0,1,0.0,0.0,True,1.0,0.0,0.0,0.10719444906333325,0.8928055509366667,24,24,24,5,0.6194129064720214,0.8405206135023204,simple_ring,True,4.042700000354671,0.2690999954211293,1.0390000024926849,1.0261000024911482,1,0,0,0.0,0,0,0.0,0.0,0.0,0.0,0.0,0,0,0,0.0,0.0,0.0,0.0,0,False,,,0,0.0,False,"(-1, 0)",0.9700615729857783,8.135896836076691,8.135896836076691,9,True,165,76,1.0,2.4468663373875765,0.6330749354005168,1.0,0.5619848479284154,0.5039963351891386,1.6299954189864232,0.2707071455197643,0.4372140709444043,True,0.125,0.109375,0,False,,0
166,marine_knownmap_path_v2_infosampled,ucb,0.0,False,mode_not_conditional,0.0,0.0,1.0,False,SEARCH,"(24, 26)","(6, 38)","(17, 26)","(5, 42)",search_info,"(5, 42)",108,0.9258619887183417,0.9256846995499762,simple_ring_priority,True,commit_expired,4,4,adaptive_knownmap_soft,8,8,31,8,0.625,28,2.6483372960937497,1.0,1.9831168003087587,1.0,5.842702485329861,1.0,4.631454096402509,1.0,5.842702485329861,1.0,8.0,0.9333333333333333,0.0,3.0,3.0,False,0.0,soft_clearance_astar_v1,adaptive,1.0,4.631454096402509,1.0,8.0,0.9333333333333333,0.0,0.0,0.0,6.5,2.0,-0.32666666666666666,0.0,0.0,-0.0,0,0.0,0.0,False,1.0,0.0,0.0,0.4598551587280535,0.5401448412719465,24,24,24,1,0.6163267381606372,1.0,simple_ring,True,4.235500000504544,0.2589999949123012,1.0074000001623062,1.0245999983453657,1,0,0,0.0,0,0,0.0,0.0,0.0,0.0,0.0,0,0,0,0.0,0.0,0.0,0.0,0,False,,,0,0.0,False,"(-1, 0)",4.390876542116795,8.173333333333334,8.173333333333334,10,True,166,77,1.0,2.4514053474429383,0.6335917312661499,1.0,0.5610460825237594,0.48874472270497926,1.610930903381224,0.8058513025842416,0.4151458026360085,False,0.125,0.109375,0,False,,0
167,marine_knownmap_path_v2_infosampled,ucb,0.0,False,mode_not_conditional,0.0,0.0,1.0,False,SEARCH,"(23, 26)","(6, 38)","(17, 26)","(5, 42)",search_info,"(5, 42)",108,0.9258619887183417,0.9256846995499762,simple_ring_priority,False,,3,4,adaptive_knownmap_soft,7,8,31,8,0.125,28,2.6483372960937497,1.0,1.9831168003087587,1.0,5.842702485329861,1.0,4.631454096402509,1.0,5.842702485329861,1.0,8.0,0.9333333333333333,0.0,3.0,3.0,False,0.0,soft_clearance_astar_v1,adaptive,1.0,4.631454096402509,1.0,8.0,0.9333333333333333,0.0,0.0,0.0,6.5,2.0,-0.32666666666666666,0.0,0.0,-0.0,0,0.0,0.0,False,1.0,0.0,0.0,0.4598551587280535,0.5401448412719465,24,24,24,1,0.6163267381606372,1.0,simple_ring,True,4.235500000504544,0.2589999949123012,1.0074000001623062,1.0245999983453657,1,0,0,0.0,0,0,0.0,0.0,0.0,0.0,0.0,0,0,0,0.0,0.0,0.0,0.0,0,False,,,0,0.0,False,"(-1, 0)",4.390876542116795,8.173333333333334,8.173333333333334,10,True,167,78,1.0,2.4553900003622258,0.6341085271317829,1.0,0.5716566009070049,0.48874472270497926,1.610930903381224,0.8058513025842416,0.4151458026360085,False,0.125,0.109375,0,False,,0
168,marine_knownmap_path_v2_infosampled,ucb,0.0,False,mode_not_conditional,0.0,0.0,1.0,False,SEARCH,"(22, 26)","(6, 38)","(17, 26)","(5, 42)",search_info,"(5, 42)",108,0.9258619887183417,0.9256846995499762,simple_ring_priority,False,,2,4,adaptive_knownmap_soft,6,8,31,8,0.25,28,2.6483372960937497,1.0,1.9831168003087587,1.0,5.842702485329861,1.0,4.631454096402509,1.0,5.842702485329861,1.0,8.0,0.9333333333333333,0.0,3.0,3.0,False,0.0,soft_clearance_astar_v1,adaptive,1.0,4.631454096402509,1.0,8.0,0.9333333333333333,0.0,0.0,0.0,6.5,2.0,-0.32666666666666666,0.0,0.0,-0.0,0,0.0,0.0,False,1.0,0.0,0.0,0.4598551587280535,0.5401448412719465,24,24,24,1,0.6163267381606372,1.0,simple_ring,True,4.235500000504544,0.2589999949123012,1.0074000001623062,1.0245999983453657,1,0,0,0.0,0,0,0.0,0.0,0.0,0.0,0.0,0,0,0,0.0,0.0,0.0,0.0,0,False,,,0,0.0,False,"(-1, 0)",4.390876542116795,8.173333333333334,8.173333333333334,10,True,168,79,0.9999999999999998,2.4585530344310005,0.6341085271317829,0.9913664832380229,0.5720193506778781,0.48874472270497926,1.610930903381224,0.8058513025842416,0.4151458026360085,False,0.125,0.125,0,False,,0
169,marine_knownmap_path_v2_infosampled,ucb,0.0,False,mode_not_conditional,0.0,0.0,1.0,False,SEARCH,"(21, 26)","(6, 38)","(17, 26)","(5, 42)",search_info,"(5, 42)",108,0.9258619887183417,0.9256846995499762,simple_ring_priority,False,,1,4,adaptive_knownmap_soft,5,8,31,8,0.375,28,2.6483372960937497,1.0,1.9831168003087587,1.0,5.842702485329861,1.0,4.631454096402509,1.0,5.842702485329861,1.0,8.0,0.9333333333333333,0.0,3.0,3.0,False,0.0,soft_clearance_astar_v1,adaptive,1.0,4.631454096402509,1.0,8.0,0.9333333333333333,0.0,0.0,0.0,6.5,2.0,-0.32666666666666666,0.0,0.0,-0.0,0,0.0,0.0,False,1.0,0.0,0.0,0.4598551587280535,0.5401448412719465,24,24,24,1,0.6163267381606372,1.0,simple_ring,True,4.235500000504544,0.2589999949123012,1.0074000001623062,1.0245999983453657,1,0,0,0.0,0,0,0.0,0.0,0.0,0.0,0.0,0,0,0,0.0,0.0,0.0,0.0,0,False,,,0,0.0,False,"(-1, 0)",4.390876542116795,8.173333333333334,8.173333333333334,10,True,169,80,1.0,2.4612080822193447,0.6341085271317829,1.0,0.6012412293847598,0.48874472270497926,1.610930903381224,0.8058513025842416,0.4151458026360085,False,0.125,0.125,0,False,,0
170,marine_knownmap_path_v2_infosampled,ucb,0.0,False,mode_not_conditional,0.0,0.0,1.0,False,SEARCH,"(20, 26)","(6, 38)","(17, 26)","(5, 42)",search_info,"(5, 42)",108,0.9258619887183417,0.9256846995499762,simple_ring_priority,False,,0,4,adaptive_knownmap_soft,4,8,31,8,0.5,28,2.6483372960937497,1.0,1.9831168003087587,1.0,5.842702485329861,1.0,4.631454096402509,1.0,5.842702485329861,1.0,8.0,0.9333333333333333,0.0,3.0,3.0,False,0.0,soft_clearance_astar_v1,adaptive,1.0,4.631454096402509,1.0,8.0,0.9333333333333333,0.0,0.0,0.0,6.5,2.0,-0.32666666666666666,0.0,0.0,-0.0,0,0.0,0.0,False,1.0,0.0,0.0,0.4598551587280535,0.5401448412719465,24,24,24,1,0.6163267381606372,1.0,simple_ring,True,4.235500000504544,0.2589999949123012,1.0074000001623062,1.0245999983453657,1,0,0,0.0,0,0,0.0,0.0,0.0,0.0,0.0,0,0,0,0.0,0.0,0.0,0.0,0,False,,,0,0.0,False,"(-1, 0)",4.390876542116795,8.173333333333334,8.173333333333334,10,True,170,81,0.9999999999999999,2.46355406143847,0.6341085271317829,1.0,0.5734028922580684,0.48874472270497926,1.610930903381224,0.8058513025842416,0.4151458026360085,False,0.125,0.125,0,False,,0
171,marine_knownmap_path_v2_infosampled,ucb,0.0,False,mode_not_conditional,0.0,0.0,1.0,False,SEARCH,"(19, 26)","(6, 38)","(12, 26)","(5, 42)",search_info,"(5, 42)",108,0.9496346694526165,0.9465737921075857,simple_ring_priority,True,commit_expired,4,4,adaptive_knownmap_soft,8,8,26,8,0.625,28,10.094111935156247,0.8794131403903873,2.689468992558806,1.0,5.856591374218749,1.0,12.783580927715054,0.8974506734305422,5.856591374218749,1.0,8.0,0.0,0.0,3.0,3.375,False,0.0,soft_clearance_astar_v1,adaptive,1.0,12.783580927715054,0.8974506734305422,8.0,0.0,0.0,0.0,0.0,5.833429377298525,2.0,-0.0,0.0,0.0,-0.0,0,0.0,0.0,True,0.0,0.0,0.0,0.47165136761365245,0.5283486323863474,24,24,24,1,0.9034881545115543,1.0,simple_ring,True,3.9371000002574874,0.2931000053649768,0.960700001087389,0.8637999999336898,1,0,0,0.0,0,0,0.0,0.0,0.0,0.0,0.0,0,0,0,0.0,0.0,0.0,0.0,0,False,,,0,0.0,False,"(-1, 0)",7.833429377298525,7.833429377298525,7.833429377298525,10,True,171,82,0.9999999999999999,2.465735564774383,0.6341085271317829,1.0,0.5799048303714912,0.48791547761055654,1.6098943470131957,0.8056524041923728,0.43502966741298693,False,0.125,0.125,0,False,,0
172,marine_knownmap_path_v2_infosampled,ucb,0.0,False,mode_not_conditional,0.0,0.0,1.0,False,SEARCH,"(18, 26)","(6, 38)","(12, 26)","(5, 42)",search_info,"(5, 42)",108,0.9496346694526165,0.9465737921075857,simple_ring_priority,False,,3,4,adaptive_knownmap_soft,7,8,26,8,0.125,28,10.094111935156247,0.8794131403903873,2.689468992558806,1.0,5.856591374218749,1.0,12.783580927715054,0.8974506734305422,5.856591374218749,1.0,8.0,0.0,0.0,3.0,3.375,False,0.0,soft_clearance_astar_v1,adaptive,1.0,12.783580927715054,0.8974506734305422,8.0,0.0,0.0,0.0,0.0,5.833429377298525,2.0,-0.0,0.0,0.0,-0.0,0,0.0,0.0,True,0.0,0.0,0.0,0.47165136761365245,0.5283486323863474,24,24,24,1,0.9034881545115543,1.0,simple_ring,True,3.9371000002574874,0.2931000053649768,0.960700001087389,0.8637999999336898,1,0,0,0.0,0,0,0.0,0.0,0.0,0.0,0.0,0,0,0,0.0,0.0,0.0,0.0,0,False,,,0,0.0,False,"(-1, 0)",7.833429377298525,7.833429377298525,7.833429377298525,10,True,172,83,1.0000000000000002,2.4678494690452073,0.6341085271317829,0.9934285072269797,0.575367507999974,0.48791547761055654,1.6098943470131957,0.8056524041923728,0.43502966741298693,False,0.125,0.125,0,False,,0
173,marine_knownmap_path_v2_infosampled,ucb,0.0,False,mode_not_conditional,0.0,0.0,1.0,False,SEARCH,"(17, 26)","(6, 38)","(12, 26)","(5, 42)",search_info,"(5, 42)",108,0.9496346694526165,0.9465737921075857,simple_ring_priority,False,,2,4,adaptive_knownmap_soft,6,8,26,8,0.25,28,10.094111935156247,0.8794131403903873,2.689468992558806,1.0,5.856591374218749,1.0,12.783580927715054,0.8974506734305422,5.856591374218749,1.0,8.0,0.0,0.0,3.0,3.375,False,0.0,soft_clearance_astar_v1,adaptive,1.0,12.783580927715054,0.8974506734305422,8.0,0.0,0.0,0.0,0.0,5.833429377298525,2.0,-0.0,0.0,0.0,-0.0,0,0.0,0.0,True,0.0,0.0,0.0,0.47165136761365245,0.5283486323863474,24,24,24,1,0.9034881545115543,1.0,simple_ring,True,3.9371000002574874,0.2931000053649768,0.960700001087389,0.8637999999336898,1,0,0,0.0,0,0,0.0,0.0,0.0,0.0,0.0,0,0,0,0.0,0.0,0.0,0.0,0,False,,,0,0.0,False,"(-1, 0)",7.833429377298525,7.833429377298525,7.833429377298525,10,True,173,84,0.9999999999999998,2.4711012712895277,0.634625322997416,1.0,0.603638460953017,0.48791547761055654,1.6098943470131957,0.8056524041923728,0.43502966741298693,False,0.13846153846153847,0.12307692307692308,0,False,,0
174,marine_knownmap_path_v2_infosampled,ucb,0.0,False,mode_not_conditional,0.0,0.0,1.0,False,SEARCH,"(16, 26)","(6, 38)","(12, 26)","(5, 42)",search_info,"(5, 42)",108,0.9496346694526165,0.9465737921075857,simple_ring_priority,False,,1,4,adaptive_knownmap_soft,5,8,26,8,0.375,28,10.094111935156247,0.8794131403903873,2.689468992558806,1.0,5.856591374218749,1.0,12.783580927715054,0.8974506734305422,5.856591374218749,1.0,8.0,0.0,0.0,3.0,3.375,False,0.0,soft_clearance_astar_v1,adaptive,1.0,12.783580927715054,0.8974506734305422,8.0,0.0,0.0,0.0,0.0,5.833429377298525,2.0,-0.0,0.0,0.0,-0.0,0,0.0,0.0,True,0.0,0.0,0.0,0.47165136761365245,0.5283486323863474,24,24,24,1,0.9034881545115543,1.0,simple_ring,True,3.9371000002574874,0.2931000053649768,0.960700001087389,0.8637999999336898,1,0,0,0.0,0,0,0.0,0.0,0.0,0.0,0.0,0,0,0,0.0,0.0,0.0,0.0,0,False,,,0,0.0,False,"(-1, 0)",7.833429377298525,7.833429377298525,7.833429377298525,10,True,174,85,1.0,2.476375101358556,0.6356589147286822,1.0,0.5803136695996326,0.48791547761055654,1.6098943470131957,0.8056524041923728,0.43502966741298693,False,0.14925373134328357,0.11940298507462686,0,False,,0
175,marine_knownmap_path_v2_infosampled,ucb,0.0,False,mode_not_conditional,0.0,0.0,1.0,False,SEARCH,"(15, 26)","(6, 38)","(12, 26)","(5, 42)",search_info,"(5, 42)",108,0.9496346694526165,0.9465737921075857,simple_ring_priority,False,,0,4,adaptive_knownmap_soft,4,8,26,8,0.5,28,10.094111935156247,0.8794131403903873,2.689468992558806,1.0,5.856591374218749,1.0,12.783580927715054,0.8974506734305422,5.856591374218749,1.0,8.0,0.0,0.0,3.0,3.375,False,0.0,soft_clearance_astar_v1,adaptive,1.0,12.783580927715054,0.8974506734305422,8.0,0.0,0.0,0.0,0.0,5.833429377298525,2.0,-0.0,0.0,0.0,-0.0,0,0.0,0.0,True,0.0,0.0,0.0,0.47165136761365245,0.5283486323863474,24,24,24,1,0.9034881545115543,1.0,simple_ring,True,3.9371000002574874,0.2931000053649768,0.960700001087389,0.8637999999336898,1,0,0,0.0,0,0,0.0,0.0,0.0,0.0,0.0,0,0,0,0.0,0.0,0.0,0.0,0,False,,,0,0.0,False,"(-1, 0)",7.833429377298525,7.833429377298525,7.833429377298525,10,True,175,86,1.0,2.483052068533748,0.6366925064599483,1.0,0.5327937751290729,0.48791547761055654,1.6098943470131957,0.8056524041923728,0.43502966741298693,False,0.14492753623188406,0.11594202898550725,0,False,,0
176,marine_knownmap_path_v2_infosampled,ucb,0.0,False,mode_not_conditional,0.0,0.0,1.0,False,SEARCH,"(15, 25)","(19, 10)","(12, 21)","(22, 8)",search_info,"(22, 8)",460,1.0,0.8922385661426038,simple_ring_priority,True,commit_expired,4,4,adaptive_knownmap_soft,8,8,26,8,0.625,29,31.68556065,1.0,3.7873795083402255,1.0,5.213575501202876,0.5396746354172665,35.47294015834022,1.0,5.213575501202876,0.5396746354172665,9.0,1.0,0.0,2.0,2.25,False,0.0,soft_clearance_astar_v1,adaptive,1.0,35.47294015834022,1.0,9.0,1.0,0.0,0.0,0.0,6.5,1.079349270834533,-0.35,0.0,0.0,-0.0,4,0.0,0.0,False,1.0,0.0,0.0,0.43854983036285206,0.5614501696371479,24,24,24,1,1.159399786293041,1.0,simple_ring,True,3.9711000008537667,0.3631999970821198,1.4310000042314641,1.3432999803626444,1,0,0,0.0,0,0,0.0,0.0,0.0,0.0,0.0,0,0,0,0.0,0.0,0.0,0.0,0,False,,,0,0.0,False,"(0, -1)",4.571474066077526,7.2293492708345335,7.2293492708345335,11,True,176,87,0.9999999999999999,2.491083651377328,0.6382428940568475,1.0,0.5400074099907248,0.46670609477703695,1.5833826184712962,0.7881683652658001,0.27086725922556354,False,0.06349206349206349,0.015873015873015872,0,False,,0
177,marine_knownmap_path_v2_infosampled,ucb,0.0,False,mode_not_conditional,0.0,0.0,1.0,False,SEARCH,"(14, 25)","(19, 10)","(12, 21)","(22, 8)",search_info,"(22, 8)",460,1.0,0.8922385661426038,simple_ring_priority,False,,3,4,adaptive_knownmap_soft,7,8,26,8,0.125,29,31.68556065,1.0,3.7873795083402255,1.0,5.213575501202876,0.5396746354172665,35.47294015834022,1.0,5.213575501202876,0.5396746354172665,9.0,1.0,0.0,2.0,2.25,False,0.0,soft_clearance_astar_v1,adaptive,1.0,35.47294015834022,1.0,9.0,1.0,0.0,0.0,0.0,6.5,1.079349270834533,-0.35,0.0,0.0,-0.0,4,0.0,0.0,False,1.0,0.0,0.0,0.43854983036285206,0.5614501696371479,24,24,24,1,1.159399786293041,1.0,simple_ring,True,3.9711000008537667,0.3631999970821198,1.4310000042314641,1.3432999803626444,1,0,0,0.0,0,0,0.0,0.0,0.0,0.0,0.0,0,0,0,0.0,0.0,0.0,0.0,0,False,,,0,0.0,False,"(0, -1)",4.571474066077526,7.2293492708345335,7.2293492708345335,11,True,177,88,0.9999999999999999,2.5009062722700155,0.6397932816537467,1.0,0.5684937096841557,0.46670609477703695,1.5833826184712962,0.7881683652658001,0.27086725922556354,False,0.10606060606060606,0.06060606060606061,0,False,,0
178,marine_knownmap_path_v2_infosampled,ucb,0.0,False,mode_not_conditional,0.0,0.0,1.0,False,SEARCH,"(13, 25)","(19, 10)","(12, 21)","(22, 8)",search_info,"(22, 8)",460,1.0,0.8922385661426038,simple_ring_priority,False,,2,4,adaptive_knownmap_soft,6,8,26,8,0.25,29,31.68556065,1.0,3.7873795083402255,1.0,5.213575501202876,0.5396746354172665,35.47294015834022,1.0,5.213575501202876,0.5396746354172665,9.0,1.0,0.0,2.0,2.25,False,0.0,soft_clearance_astar_v1,adaptive,1.0,35.47294015834022,1.0,9.0,1.0,0.0,0.0,0.0,6.5,1.079349270834533,-0.35,0.0,0.0,-0.0,4,0.0,0.0,False,1.0,0.0,0.0,0.43854983036285206,0.5614501696371479,24,24,24,1,1.159399786293041,1.0,simple_ring,True,3.9711000008537667,0.3631999970821198,1.4310000042314641,1.3432999803626444,1,0,0,0.0,0,0,0.0,0.0,0.0,0.0,0.0,0,0,0,0.0,0.0,0.0,0.0,0,False,,,0,0.0,False,"(0, -1)",4.571474066077526,7.2293492708345335,7.2293492708345335,11,True,178,89,1.0000000000000002,2.513031009192141,0.641860465116279,0.9992858896634864,0.5608110549072395,0.46670609477703695,1.5833826184712962,0.7881683652658001,0.27086725922556354,False,0.14285714285714285,0.08571428571428572,0,False,,0
179,marine_knownmap_path_v2_infosampled,ucb,0.0,False,mode_not_conditional,0.0,0.0,1.0,False,SEARCH,"(13, 24)","(19, 10)","(12, 21)","(22, 8)",search_info,"(22, 8)",460,1.0,0.8922385661426038,simple_ring_priority,False,,1,4,adaptive_knownmap_soft,5,8,26,8,0.375,29,31.68556065,1.0,3.7873795083402255,1.0,5.213575501202876,0.5396746354172665,35.47294015834022,1.0,5.213575501202876,0.5396746354172665,9.0,1.0,0.0,2.0,2.25,False,0.0,soft_clearance_astar_v1,adaptive,1.0,35.47294015834022,1.0,9.0,1.0,0.0,0.0,0.0,6.5,1.079349270834533,-0.35,0.0,0.0,-0.0,4,0.0,0.0,False,1.0,0.0,0.0,0.43854983036285206,0.5614501696371479,24,24,24,1,1.159399786293041,1.0,simple_ring,True,3.9711000008537667,0.3631999970821198,1.4310000042314641,1.3432999803626444,1,0,0,0.0,0,0,0.0,0.0,0.0,0.0,0.0,0,0,0,0.0,0.0,0.0,0.0,0,False,,,0,0.0,False,"(0, -1)",4.571474066077526,7.2293492708345335,7.2293492708345335,11,True,179,90,1.0,2.5279642363273793,0.6444444444444445,1.0,0.5670266218146597,0.46670609477703695,1.5833826184712962,0.7881683652658001,0.27086725922556354,False,0.09090909090909091,0.015151515151515152,0,False,,0
180,marine_knownmap_path_v2_infosampled,ucb,0.0,False,mode_not_conditional,0.0,0.0,1.0,False,SEARCH,"(12, 24)","(19, 10)","(12, 21)","(22, 8)",search_info,"(22, 8)",460,1.0,0.8922385661426038,simple_ring_priority,False,,0,4,adaptive_knownmap_soft,4,8,26,8,0.5,29,31.68556065,1.0,3.7873795083402255,1.0,5.213575501202876,0.5396746354172665,35.47294015834022,1.0,5.213575501202876,0.5396746354172665,9.0,1.0,0.0,2.0,2.25,False,0.0,soft_clearance_astar_v1,adaptive,1.0,35.47294015834022,1.0,9.0,1.0,0.0,0.0,0.0,6.5,1.079349270834533,-0.35,0.0,0.0,-0.0,4,0.0,0.0,False,1.0,0.0,0.0,0.43854983036285206,0.5614501696371479,24,24,24,1,1.159399786293041,1.0,simple_ring,True,3.9711000008537667,0.3631999970821198,1.4310000042314641,1.3432999803626444,1,0,0,0.0,0,0,0.0,0.0,0.0,0.0,0.0,0,0,0,0.0,0.0,0.0,0.0,0,False,,,0,0.0,False,"(0, -1)",4.571474066077526,7.2293492708345335,7.2293492708345335,11,True,180,91,1.0000000000000002,2.5435607887975484,0.6470284237726098,1.0,0.5757149151269928,0.46670609477703695,1.5833826184712962,0.7881683652658001,0.27086725922556354,False,0.11428571428571428,0.04285714285714286,0,False,,0
181,marine_knownmap_path_v2_infosampled,ucb,0.0,False,mode_not_conditional,0.0,0.0,1.0,False,SEARCH,"(12, 23)","(19, 10)","(12, 16)","(22, 8)",search_info,"(22, 8)",1,0.0,0.0,simple_ring_priority,True,commit_expired,4,4,adaptive_knownmap_soft,8,8,21,8,0.625,29,54.265251554687495,1.0,4.463415745166839,1.0,5.74935093706028,0.9951087243642537,58.72866729985434,1.0,5.74935093706028,0.9951087243642537,8.0,0.0,0.0,2.0,2.375,False,0.0,soft_clearance_astar_v1,adaptive,1.0,58.72866729985434,1.0,8.0,0.0,0.0,0.0,0.0,6.5,1.9902174487285074,-0.0,0.0,0.0,-0.0,0,0.0,0.0,True,0.0,0.0,0.0,0.48288672739564753,0.5171132726043525,24,24,24,1,1.2294860363553302,1.0,simple_ring,True,3.920799999832525,0.4434000002220273,1.473199999963981,1.2971999949513702,1,0,0,0.0,0,0,0.0,0.0,0.0,0.0,0.0,0,0,0,0.0,0.0,0.0,0.0,0,False,,,0,0.0,False,"(0, -1)",8.490217448728508,8.490217448728508,8.490217448728508,11,True,181,92,0.9999999999999999,2.5613778493622883,0.6496124031007752,1.0,0.5924900891489291,0.48698717759968757,1.6087339719996094,0.7978421141197669,0.39386309116822965,False,0.09090909090909091,0.015151515151515152,0,False,,0
182,marine_knownmap_path_v2_infosampled,ucb,0.0,False,mode_not_conditional,0.0,0.0,1.0,False,SEARCH,"(12, 22)","(19, 10)","(12, 16)","(22, 8)",search_info,"(22, 8)",1,0.0,0.0,simple_ring_priority,False,,3,4,adaptive_knownmap_soft,7,8,21,8,0.125,29,54.265251554687495,1.0,4.463415745166839,1.0,5.74935093706028,0.9951087243642537,58.72866729985434,1.0,5.74935093706028,0.9951087243642537,8.0,0.0,0.0,2.0,2.375,False,0.0,soft_clearance_astar_v1,adaptive,1.0,58.72866729985434,1.0,8.0,0.0,0.0,0.0,0.0,6.5,1.9902174487285074,-0.0,0.0,0.0,-0.0,0,0.0,0.0,True,0.0,0.0,0.0,0.48288672739564753,0.5171132726043525,24,24,24,1,1.2294860363553302,1.0,simple_ring,True,3.920799999832525,0.4434000002220273,1.473199999963981,1.2971999949513702,1,0,0,0.0,0,0,0.0,0.0,0.0,0.0,0.0,0,0,0,0.0,0.0,0.0,0.0,0,False,,,0,0.0,False,"(0, -1)",8.490217448728508,8.490217448728508,8.490217448728508,11,True,182,93,0.9999999999999999,2.5811525494625767,0.6527131782945736,1.0,0.557411065300689,0.48698717759968757,1.6087339719996094,0.7978421141197669,0.39386309116822965,False,0.1111111111111111,0.015873015873015872,0,False,,0
183,marine_knownmap_path_v2_infosampled,ucb,0.0,False,mode_not_conditional,0.0,0.0,1.0,False,SEARCH,"(12, 21)","(19, 10)","(12, 16)","(22, 8)",search_info,"(22, 8)",1,0.0,0.0,simple_ring_priority,False,,2,4,adaptive_knownmap_soft,6,8,21,8,0.25,29,54.265251554687495,1.0,4.463415745166839,1.0,5.74935093706028,0.9951087243642537,58.72866729985434,1.0,5.74935093706028,0.9951087243642537,8.0,0.0,0.0,2.0,2.375,False,0.0,soft_clearance_astar_v1,adaptive,1.0,58.72866729985434,1.0,8.0,0.0,0.0,0.0,0.0,6.5,1.9902174487285074,-0.0,0.0,0.0,-0.0,0,0.0,0.0,True,0.0,0.0,0.0,0.48288672739564753,0.5171132726043525,24,24,24,1,1.2294860363553302,1.0,simple_ring,True,3.920799999832525,0.4434000002220273,1.473199999963981,1.2971999949513702,1,0,0,0.0,0,0,0.0,0.0,0.0,0.0,0.0,0,0,0,0.0,0.0,0.0,0.0,0,False,,,0,0.0,False,"(0, -1)",8.490217448728508,8.490217448728508,8.490217448728508,11,True,183,94,0.9999999999999999,2.6049441642351923,0.6568475452196383,1.0,0.5567879433458542,0.48698717759968757,1.6087339719996094,0.7978421141197669,0.39386309116822965,False,0.14516129032258066,0.016129032258064516,0,False,,0
184,marine_knownmap_path_v2_infosampled,ucb,0.0,False,mode_not_conditional,0.0,0.0,1.0,False,SEARCH,"(12, 20)","(19, 10)","(12, 16)","(22, 8)",search_info,"(22, 8)",1,0.0,0.0,simple_ring_priority,False,,1,4,adaptive_knownmap_soft,5,8,21,8,0.375,29,54.265251554687495,1.0,4.463415745166839,1.0,5.74935093706028,0.9951087243642537,58.72866729985434,1.0,5.74935093706028,0.9951087243642537,8.0,0.0,0.0,2.0,2.375,False,0.0,soft_clearance_astar_v1,adaptive,1.0,58.72866729985434,1.0,8.0,0.0,0.0,0.0,0.0,6.5,1.9902174487285074,-0.0,0.0,0.0,-0.0,0,0.0,0.0,True,0.0,0.0,0.0,0.48288672739564753,0.5171132726043525,24,24,24,1,1.2294860363553302,1.0,simple_ring,True,3.920799999832525,0.4434000002220273,1.473199999963981,1.2971999949513702,1,0,0,0.0,0,0,0.0,0.0,0.0,0.0,0.0,0,0,0,0.0,0.0,0.0,0.0,0,False,,,0,0.0,False,"(0, -1)",8.490217448728508,8.490217448728508,8.490217448728508,11,True,184,95,1.0,2.632878620453053,0.661498708010336,1.0,0.5508870073636408,0.48698717759968757,1.6087339719996094,0.7978421141197669,0.39386309116822965,False,0.16129032258064516,0.016129032258064516,0,False,,0
185,marine_knownmap_path_v2_infosampled,ucb,0.0,False,mode_not_conditional,0.0,0.0,1.0,False,SEARCH,"(12, 19)","(19, 10)","(12, 16)","(22, 8)",search_info,"(22, 8)",1,0.0,0.0,simple_ring_priority,False,,0,4,adaptive_knownmap_soft,4,8,21,8,0.5,29,54.265251554687495,1.0,4.463415745166839,1.0,5.74935093706028,0.9951087243642537,58.72866729985434,1.0,5.74935093706028,0.9951087243642537,8.0,0.0,0.0,2.0,2.375,False,0.0,soft_clearance_astar_v1,adaptive,1.0,58.72866729985434,1.0,8.0,0.0,0.0,0.0,0.0,6.5,1.9902174487285074,-0.0,0.0,0.0,-0.0,0,0.0,0.0,True,0.0,0.0,0.0,0.48288672739564753,0.5171132726043525,24,24,24,1,1.2294860363553302,1.0,simple_ring,True,3.920799999832525,0.4434000002220273,1.473199999963981,1.2971999949513702,1,0,0,0.0,0,0,0.0,0.0,0.0,0.0,0.0,0,0,0,0.0,0.0,0.0,0.0,0,False,,,0,0.0,False,"(0, -1)",8.490217448728508,8.490217448728508,8.490217448728508,11,True,185,96,1.0,2.663707728355052,0.6661498708010336,1.0,0.5822226858540637,0.48698717759968757,1.6087339719996094,0.7978421141197669,0.39386309116822965,False,0.15873015873015872,0.015873015873015872,0,False,,0
186,marine_knownmap_path_v2_infosampled,ucb,0.0,False,mode_not_conditional,0.0,0.0,1.0,False,SEARCH,"(12, 18)","(18, 9)","(12, 11)","(22, 8)",search_info,"(22, 8)",1,0.0,0.0,simple_ring_priority,True,commit_expired,4,4,adaptive_knownmap_soft,8,8,16,8,0.625,30,66.31591374218749,1.0,4.832005991633046,1.0,5.7491352338678725,1.0,71.14791973382053,1.0,5.7491352338678725,1.0,8.0,0.0,0.0,2.0,5.5,False,0.0,soft_clearance_astar_v1,adaptive,1.0,71.14791973382053,1.0,8.0,0.0,0.0,0.0,0.0,6.5,2.0,-0.0,0.0,0.0,-0.0,0,0.0,0.0,True,0.282842712474619,0.0,0.0,0.4991878420024665,0.5008121579975334,24,24,24,4,1.4150434935485043,0.9643422881281506,simple_ring,True,3.8729999996576225,0.3899000057572266,1.4317999994091224,1.2766000181727577,1,0,0,0.0,0,0,0.0,0.0,0.0,0.0,0.0,0,0,0,0.0,0.0,0.0,0.0,0,False,,,0,0.0,False,"(0, -1)",8.4974279431772,8.5,8.5,11,True,186,97,0.9999999999999999,2.6965806602997495,0.6708010335917313,1.0,0.5634308596604424,0.49732752624898996,1.6216594078112374,0.7580695873516159,0.5132312440253121,False,0.15151515151515152,0.015151515151515152,0,False,,0
187,marine_knownmap_path_v2_infosampled,ucb,0.0,False,mode_not_conditional,0.0,0.0,1.0,False,SEARCH,"(12, 17)","(18, 9)","(12, 11)","(22, 8)",search_info,"(22, 8)",1,0.0,0.0,simple_ring_priority,False,,3,4,adaptive_knownmap_soft,7,8,16,8,0.125,30,66.31591374218749,1.0,4.832005991633046,1.0,5.7491352338678725,1.0,71.14791973382053,1.0,5.7491352338678725,1.0,8.0,0.0,0.0,2.0,5.5,False,0.0,soft_clearance_astar_v1,adaptive,1.0,71.14791973382053,1.0,8.0,0.0,0.0,0.0,0.0,6.5,2.0,-0.0,0.0,0.0,-0.0,0,0.0,0.0,True,0.282842712474619,0.0,0.0,0.4991878420024665,0.5008121579975334,24,24,24,4,1.4150434935485043,0.9643422881281506,simple_ring,True,3.8729999996576225,0.3899000057572266,1.4317999994091224,1.2766000181727577,1,0,0,0.0,0,0,0.0,0.0,0.0,0.0,0.0,0,0,0,0.0,0.0,0.0,0.0,0,False,,,0,0.0,False,"(0, -1)",8.4974279431772,8.5,8.5,11,True,187,98,1.0,2.7323745383392755,0.6759689922480621,1.0,0.5295411806417949,0.49732752624898996,1.6216594078112374,0.7580695873516159,0.5132312440253121,False,0.15714285714285714,0.014285714285714285,0,False,,0
188,marine_knownmap_path_v2_infosampled,ucb,0.0,False,mode_not_conditional,0.0,0.0,1.0,False,SEARCH,"(12, 16)","(18, 9)","(12, 11)","(22, 8)",search_info,"(22, 8)",1,0.0,0.0,simple_ring_priority,False,,2,4,adaptive_knownmap_soft,6,8,16,8,0.25,30,66.31591374218749,1.0,4.832005991633046,1.0,5.7491352338678725,1.0,71.14791973382053,1.0,5.7491352338678725,1.0,8.0,0.0,0.0,2.0,5.5,False,0.0,soft_clearance_astar_v1,adaptive,1.0,71.14791973382053,1.0,8.0,0.0,0.0,0.0,0.0,6.5,2.0,-0.0,0.0,0.0,-0.0,0,0.0,0.0,True,0.282842712474619,0.0,0.0,0.4991878420024665,0.5008121579975334,24,24,24,4,1.4150434935485043,0.9643422881281506,simple_ring,True,3.8729999996576225,0.3899000057572266,1.4317999994091224,1.2766000181727577,1,0,0,0.0,0,0,0.0,0.0,0.0,0.0,0.0,0,0,0,0.0,0.0,0.0,0.0,0,False,,,0,0.0,False,"(0, -1)",8.4974279431772,8.5,8.5,11,True,188,99,1.0,2.769457910557529,0.6811369509043927,1.0,0.5175803258179339,0.49732752624898996,1.6216594078112374,0.7580695873516159,0.5132312440253121,False,0.1506849315068493,0.0136986301369863,0,False,,0
189,marine_knownmap_path_v2_infosampled,ucb,0.0,False,mode_not_conditional,0.0,0.0,1.0,False,SEARCH,"(12, 15)","(18, 9)","(12, 11)","(22, 8)",search_info,"(22, 8)",1,0.0,0.0,simple_ring_priority,False,,1,4,adaptive_knownmap_soft,5,8,16,8,0.375,30,66.31591374218749,1.0,4.832005991633046,1.0,5.7491352338678725,1.0,71.14791973382053,1.0,5.7491352338678725,1.0,8.0,0.0,0.0,2.0,5.5,False,0.0,soft_clearance_astar_v1,adaptive,1.0,71.14791973382053,1.0,8.0,0.0,0.0,0.0,0.0,6.5,2.0,-0.0,0.0,0.0,-0.0,0,0.0,0.0,True,0.282842712474619,0.0,0.0,0.4991878420024665,0.5008121579975334,24,24,24,4,1.4150434935485043,0.9643422881281506,simple_ring,True,3.8729999996576225,0.3899000057572266,1.4317999994091224,1.2766000181727577,1,0,0,0.0,0,0,0.0,0.0,0.0,0.0,0.0,0,0,0,0.0,0.0,0.0,0.0,0,False,,,0,0.0,False,"(0, -1)",8.4974279431772,8.5,8.5,11,True,189,100,1.0,2.8077205767462607,0.6863049095607235,1.0,0.5630291550796471,0.49732752624898996,1.6216594078112374,0.7580695873516159,0.5132312440253121,False,0.14473684210526316,0.013157894736842105,0,False,,0
190,marine_knownmap_path_v2_infosampled,ucb,0.0,False,mode_not_conditional,0.0,0.0,1.0,False,SEARCH,"(12, 14)","(18, 9)","(12, 11)","(22, 8)",search_info,"(22, 8)",1,0.0,0.0,simple_ring_priority,False,,0,4,adaptive_knownmap_soft,4,8,16,8,0.5,30,66.31591374218749,1.0,4.832005991633046,1.0,5.7491352338678725,1.0,71.14791973382053,1.0,5.7491352338678725,1.0,8.0,0.0,0.0,2.0,5.5,False,0.0,soft_clearance_astar_v1,adaptive,1.0,71.14791973382053,1.0,8.0,0.0,0.0,0.0,0.0,6.5,2.0,-0.0,0.0,0.0,-0.0,0,0.0,0.0,True,0.282842712474619,0.0,0.0,0.4991878420024665,0.5008121579975334,24,24,24,4,1.4150434935485043,0.9643422881281506,simple_ring,True,3.8729999996576225,0.3899000057572266,1.4317999994091224,1.2766000181727577,1,0,0,0.0,0,0,0.0,0.0,0.0,0.0,0.0,0,0,0,0.0,0.0,0.0,0.0,0,False,,,0,0.0,False,"(0, -1)",8.4974279431772,8.5,8.5,11,True,190,101,1.0,2.8471364833013104,0.6914728682170542,1.0,0.5477464067467352,0.49732752624898996,1.6216594078112374,0.7580695873516159,0.5132312440253121,False,0.13924050632911392,0.012658227848101266,0,False,,0
191,marine_knownmap_path_v2_infosampled,ucb,0.0,False,mode_not_conditional,0.0,0.0,1.0,False,SEARCH,"(12, 13)","(18, 9)","(15, 9)","(22, 8)",current_viewpoint,"(22, 8)",1,0.0,0.0,current_viewpoint,True,commit_expired,4,4,adaptive_knownmap_soft,8,8,11,8,0.625,30,63.48569810156249,0.9990372786117464,4.981177803983317,1.0,3.5384657570422533,0.5370498705901855,68.4668759055458,1.0,3.5384657570422533,0.5370498705901855,8.25,1.0,0.0,7.0,8.75,False,0.0,soft_clearance_astar_v1,adaptive,1.0,68.4668759055458,1.0,8.25,1.0,0.0,0.0,0.0,6.5,1.074099741180371,-0.35,0.0,0.0,-0.0,1,0.0,0.0,False,0.0,0.0,0.0,0.4591768251550825,0.5408231748449175,0,0,0,0,0.0,0.0,current_viewpoint,True,3.9330999989033444,0.5100000053062104,1.333899999735877,1.3398000028246315,1,0,0,0.0,0,0,0.0,0.0,0.0,0.0,0.0,0,0,0,0.0,0.0,0.0,0.0,0,False,,,0,0.0,False,"(0, -1)",7.224099741180371,7.224099741180371,7.224099741180371,12,False,190,102,0.9999999999999999,2.887685597509082,0.696640826873385,1.0,0.5305911231382445,0.4838411421954506,1.6048014277443132,0.3179167421438021,0.49731626625251296,False,0.13580246913580246,0.012345679012345678,0,False,,0
192,marine_knownmap_path_v2_infosampled,ucb,0.0,False,mode_not_conditional,0.0,0.0,1.0,False,SEARCH,"(12, 12)","(18, 9)","(15, 9)","(22, 8)",current_viewpoint,"(22, 8)",1,0.0,0.0,current_viewpoint,False,,3,4,adaptive_knownmap_soft,7,8,11,8,0.125,30,63.48569810156249,0.9990372786117464,4.981177803983317,1.0,3.5384657570422533,0.5370498705901855,68.4668759055458,1.0,3.5384657570422533,0.5370498705901855,8.25,1.0,0.0,7.0,8.75,False,0.0,soft_clearance_astar_v1,adaptive,1.0,68.4668759055458,1.0,8.25,1.0,0.0,0.0,0.0,6.5,1.074099741180371,-0.35,0.0,0.0,-0.0,1,0.0,0.0,False,0.0,0.0,0.0,0.4591768251550825,0.5408231748449175,0,0,0,0,0.0,0.0,current_viewpoint,True,3.9330999989033444,0.5100000053062104,1.333899999735877,1.3398000028246315,1,0,0,0.0,0,0,0.0,0.0,0.0,0.0,0.0,0,0,0,0.0,0.0,0.0,0.0,0,False,,,0,0.0,False,"(0, -1)",7.224099741180371,7.224099741180371,7.224099741180371,12,False,190,103,1.0,2.9294064056260773,0.7018087855297158,1.0,0.534084789106699,0.4838411421954506,1.6048014277443132,0.3179167421438021,0.49731626625251296,False,0.13580246913580246,0.012345679012345678,0,False,,0
193,marine_knownmap_path_v2_infosampled,ucb,0.0,False,mode_not_conditional,0.0,0.0,1.0,False,SEARCH,"(12, 11)","(18, 9)","(15, 9)","(22, 8)",current_viewpoint,"(22, 8)",1,0.0,0.0,current_viewpoint,False,,2,4,adaptive_knownmap_soft,6,8,11,8,0.25,30,63.48569810156249,0.9990372786117464,4.981177803983317,1.0,3.5384657570422533,0.5370498705901855,68.4668759055458,1.0,3.5384657570422533,0.5370498705901855,8.25,1.0,0.0,7.0,8.75,False,0.0,soft_clearance_astar_v1,adaptive,1.0,68.4668759055458,1.0,8.25,1.0,0.0,0.0,0.0,6.5,1.074099741180371,-0.35,0.0,0.0,-0.0,1,0.0,0.0,False,0.0,0.0,0.0,0.4591768251550825,0.5408231748449175,0,0,0,0,0.0,0.0,current_viewpoint,True,3.9330999989033444,0.5100000053062104,1.333899999735877,1.3398000028246315,1,0,0,0.0,0,0,0.0,0.0,0.0,0.0,0.0,0,0,0,0.0,0.0,0.0,0.0,0,False,,,0,0.0,False,"(0, -1)",7.224099741180371,7.224099741180371,7.224099741180371,12,False,190,104,1.0,2.9723504374712237,0.7069767441860465,1.0,0.5322812812569885,0.4838411421954506,1.6048014277443132,0.3179167421438021,0.49731626625251296,False,0.13580246913580246,0.012345679012345678,0,False,,0
194,marine_knownmap_path_v2_infosampled,ucb,0.0,False,mode_not_conditional,0.0,0.0,1.0,False,SEARCH,"(12, 10)","(18, 9)","(15, 9)","(22, 8)",current_viewpoint,"(22, 8)",1,0.0,0.0,current_viewpoint,False,,1,4,adaptive_knownmap_soft,5,8,11,8,0.375,30,63.48569810156249,0.9990372786117464,4.981177803983317,1.0,3.5384657570422533,0.5370498705901855,68.4668759055458,1.0,3.5384657570422533,0.5370498705901855,8.25,1.0,0.0,7.0,8.75,False,0.0,soft_clearance_astar_v1,adaptive,1.0,68.4668759055458,1.0,8.25,1.0,0.0,0.0,0.0,6.5,1.074099741180371,-0.35,0.0,0.0,-0.0,1,0.0,0.0,False,0.0,0.0,0.0,0.4591768251550825,0.5408231748449175,0,0,0,0,0.0,0.0,current_viewpoint,True,3.9330999989033444,0.5100000053062104,1.333899999735877,1.3398000028246315,1,0,0,0.0,0,0,0.0,0.0,0.0,0.0,0.0,0,0,0,0.0,0.0,0.0,0.0,0,False,,,0,0.0,False,"(0, -1)",7.224099741180371,7.224099741180371,7.224099741180371,12,False,190,105,0.9999999999999998,3.0165722894520974,0.7121447028423773,1.0,0.46133100037331903,0.4838411421954506,1.6048014277443132,0.3179167421438021,0.49731626625251296,False,0.13580246913580246,0.012345679012345678,0,False,,0
195,marine_knownmap_path_v2_infosampled,ucb,0.0,False,mode_not_conditional,0.0,0.0,1.0,False,SEARCH,"(12, 9)","(18, 9)","(15, 9)","(22, 8)",current_viewpoint,"(22, 8)",1,0.0,0.0,current_viewpoint,False,,0,4,adaptive_knownmap_soft,4,8,11,8,0.5,30,63.48569810156249,0.9990372786117464,4.981177803983317,1.0,3.5384657570422533,0.5370498705901855,68.4668759055458,1.0,3.5384657570422533,0.5370498705901855,8.25,1.0,0.0,7.0,8.75,False,0.0,soft_clearance_astar_v1,adaptive,1.0,68.4668759055458,1.0,8.25,1.0,0.0,0.0,0.0,6.5,1.074099741180371,-0.35,0.0,0.0,-0.0,1,0.0,0.0,False,0.0,0.0,0.0,0.4591768251550825,0.5408231748449175,0,0,0,0,0.0,0.0,current_viewpoint,True,3.9330999989033444,0.5100000053062104,1.333899999735877,1.3398000028246315,1,0,0,0.0,0,0,0.0,0.0,0.0,0.0,0.0,0,0,0,0.0,0.0,0.0,0.0,0,False,,,0,0.0,False,"(0, -1)",7.224099741180371,7.224099741180371,7.224099741180371,12,False,190,106,1.0,3.062129856129592,0.717312661498708,1.0,0.49299470048814176,0.4838411421954506,1.6048014277443132,0.3179167421438021,0.49731626625251296,False,0.13580246913580246,0.012345679012345678,0,False,,0
196,marine_knownmap_path_v2_infosampled,ucb,0.0,False,mode_not_conditional,0.0,0.0,1.0,False,SEARCH,"(12, 8)","(19, 6)","(17, 6)","(22, 8)",fallback_local,"(22, 8)",1,0.0,0.0,simple_ring_priority,True,commit_expired,4,4,adaptive_knownmap_soft,8,8,10,8,0.625,31,63.07190749218749,0.9767516842250876,5.460788639150981,0.9938444677498258,2.050849577224545,0.31372680819786936,68.53269613133847,0.9877372214724275,2.050849577224545,0.31372680819786936,8.25,1.0,0.0,6.0,6.375,False,0.0,soft_clearance_astar_v1,adaptive,1.0,68.53269613133847,0.9877372214724275,8.25,1.0,0.0,0.0,0.0,6.420291939570778,0.6274536163957387,-0.35,0.0,0.0,-0.0,1,0.0,0.0,False,0.6324555320336759,0.0,0.0,0.3415759039345104,0.6584240960654896,24,24,24,4,1.4592650929254611,0.8311903649639113,simple_ring,True,4.146799999944051,0.5203000073379371,1.5753999996377388,1.4418000137084164,1,0,0,0.0,0,0,0.0,0.0,0.0,0.0,0.0,0,0,0,0.0,0.0,0.0,0.0,0,False,,,0,0.0,False,"(0, -1)",5.030593889639619,6.6977455559665175,6.6977455559665175,13,False,190,107,1.0,3.109084583087489,0.7224806201550388,1.0,0.4814613412796143,0.860872581667522,2.0760907270844022,1.0784836237121231,0.521906853437473,True,0.13580246913580246,0.012345679012345678,0,False,,0
197,marine_knownmap_path_v2_infosampled,ucb,0.0,False,mode_not_conditional,0.0,0.0,1.0,False,SEARCH,"(12, 7)","(19, 6)","(17, 6)","(22, 8)",fallback_local,"(22, 8)",1,0.0,0.0,simple_ring_priority,False,,3,4,adaptive_knownmap_soft,7,8,10,8,0.125,31,63.07190749218749,0.9767516842250876,5.460788639150981,0.9938444677498258,2.050849577224545,0.31372680819786936,68.53269613133847,0.9877372214724275,2.050849577224545,0.31372680819786936,8.25,1.0,0.0,6.0,6.375,False,0.0,soft_clearance_astar_v1,adaptive,1.0,68.53269613133847,0.9877372214724275,8.25,1.0,0.0,0.0,0.0,6.420291939570778,0.6274536163957387,-0.35,0.0,0.0,-0.0,1,0.0,0.0,False,0.6324555320336759,0.0,0.0,0.3415759039345104,0.6584240960654896,24,24,24,4,1.4592650929254611,0.8311903649639113,simple_ring,True,4.146799999944051,0.5203000073379371,1.5753999996377388,1.4418000137084164,1,0,0,0.0,0,0,0.0,0.0,0.0,0.0,0.0,0,0,0,0.0,0.0,0.0,0.0,0,False,,,0,0.0,False,"(0, -1)",5.030593889639619,6.6977455559665175,6.6977455559665175,13,False,190,108,0.9999999999999999,3.1575017434293433,0.7276485788113695,1.0,0.5122308603037485,0.860872581667522,2.0760907270844022,1.0784836237121231,0.521906853437473,True,0.13580246913580246,0.012345679012345678,0,False,,0
198,marine_knownmap_path_v2_infosampled,ucb,0.0,False,mode_not_conditional,0.0,0.0,1.0,False,SEARCH,"(12, 6)","(19, 6)","(17, 6)","(22, 8)",fallback_local,"(22, 8)",1,0.0,0.0,simple_ring_priority,False,,2,4,adaptive_knownmap_soft,6,8,10,8,0.25,31,63.07190749218749,0.9767516842250876,5.460788639150981,0.9938444677498258,2.050849577224545,0.31372680819786936,68.53269613133847,0.9877372214724275,2.050849577224545,0.31372680819786936,8.25,1.0,0.0,6.0,6.375,False,0.0,soft_clearance_astar_v1,adaptive,1.0,68.53269613133847,0.9877372214724275,8.25,1.0,0.0,0.0,0.0,6.420291939570778,0.6274536163957387,-0.35,0.0,0.0,-0.0,1,0.0,0.0,False,0.6324555320336759,0.0,0.0,0.3415759039345104,0.6584240960654896,24,24,24,4,1.4592650929254611,0.8311903649639113,simple_ring,True,4.146799999944051,0.5203000073379371,1.5753999996377388,1.4418000137084164,1,0,0,0.0,0,0,0.0,0.0,0.0,0.0,0.0,0,0,0,0.0,0.0,0.0,0.0,0,False,,,0,0.0,False,"(0, -1)",5.030593889639619,6.6977455559665175,6.6977455559665175,13,False,190,109,1.0000000000000002,3.2074507405190578,0.7328165374677003,1.0,0.5032173449037194,0.860872581667522,2.0760907270844022,1.0784836237121231,0.521906853437473,True,0.13580246913580246,0.012345679012345678,0,False,,0
199,marine_knownmap_path_v2_infosampled,ucb,0.0,False,mode_not_conditional,0.0,0.0,1.0,False,SEARCH,"(13, 6)","(19, 6)","(17, 6)","(22, 8)",fallback_local,"(22, 8)",1,0.0,0.0,simple_ring_priority,False,,1,4,adaptive_knownmap_soft,5,8,10,8,0.375,31,63.07190749218749,0.9767516842250876,5.460788639150981,0.9938444677498258,2.050849577224545,0.31372680819786936,68.53269613133847,0.9877372214724275,2.050849577224545,0.31372680819786936,8.25,1.0,0.0,6.0,6.375,False,0.0,soft_clearance_astar_v1,adaptive,1.0,68.53269613133847,0.9877372214724275,8.25,1.0,0.0,0.0,0.0,6.420291939570778,0.6274536163957387,-0.35,0.0,0.0,-0.0,1,0.0,0.0,False,0.6324555320336759,0.0,0.0,0.3415759039345104,0.6584240960654896,24,24,24,4,1.4592650929254611,0.8311903649639113,simple_ring,True,4.146799999944051,0.5203000073379371,1.5753999996377388,1.4418000137084164,1,0,0,0.0,0,0,0.0,0.0,0.0,0.0,0.0,0,0,0,0.0,0.0,0.0,0.0,0,False,,,0,0.0,False,"(0, -1)",5.030593889639619,6.6977455559665175,6.6977455559665175,13,False,190,110,1.0,3.246388560723968,0.7359173126614987,1.0,0.37785196866423104,0.860872581667522,2.0760907270844022,1.0784836237121231,0.521906853437473,True,0.07407407407407407,0.0,0,False,,0
200,marine_knownmap_path_v2_infosampled,ucb,0.0,False,mode_not_conditional,0.0,0.0,1.0,False,SEARCH,"(14, 6)","(19, 6)","(17, 6)","(22, 8)",fallback_local,"(22, 8)",1,0.0,0.0,simple_ring_priority,False,,0,4,adaptive_knownmap_soft,4,8,10,8,0.5,31,63.07190749218749,0.9767516842250876,5.460788639150981,0.9938444677498258,2.050849577224545,0.31372680819786936,68.53269613133847,0.9877372214724275,2.050849577224545,0.31372680819786936,8.25,1.0,0.0,6.0,6.375,False,0.0,soft_clearance_astar_v1,adaptive,1.0,68.53269613133847,0.9877372214724275,8.25,1.0,0.0,0.0,0.0,6.420291939570778,0.6274536163957387,-0.35,0.0,0.0,-0.0,1,0.0,0.0,False,0.6324555320336759,0.0,0.0,0.3415759039345104,0.6584240960654896,24,24,24,4,1.4592650929254611,0.8311903649639113,simple_ring,True,4.146799999944051,0.5203000073379371,1.5753999996377388,1.4418000137084164,1,0,0,0.0,0,0,0.0,0.0,0.0,0.0,0.0,0,0,0,0.0,0.0,0.0,0.0,0,False,,,0,0.0,False,"(0, -1)",5.030593889639619,6.6977455559665175,6.6977455559665175,13,False,190,111,0.9999999999999998,3.2884605303490066,0.7405684754521964,1.0,0.42366241700633217,0.860872581667522,2.0760907270844022,1.0784836237121231,0.521906853437473,True,0.1111111111111111,0.0,0,False,,0
201,marine_knownmap_path_v2_infosampled,ucb,0.0,False,mode_not_conditional,0.0,0.0,1.0,False,SEARCH,"(15, 6)","(25, 6)","(22, 6)","(22, 8)",fallback_local,"(22, 8)",1,0.0,0.0,simple_ring_priority,True,commit_expired,4,4,adaptive_knownmap_soft,8,8,11,8,0.625,32,71.19500511640624,1.0,6.035501830739077,0.9841929341543474,0.8466461267605634,0.26355126823450964,77.23050694714532,1.0,0.8466461267605634,0.26355126823450964,8.0,0.9230769230769231,0.0,6.0,6.0,False,0.0,soft_clearance_astar_v1,adaptive,1.0,77.23050694714532,1.0,8.0,0.9230769230769231,0.0,0.0,0.0,6.5,0.5271025364690193,-0.3230769230769231,0.0,0.0,-0.0,0,0.0,0.0,False,1.0,0.0,0.0,0.4246267239810981,0.5753732760189019,24,24,24,5,1.6544396411422981,0.902277863489914,simple_ring,True,4.128000000491738,0.09239999963028822,0.6077999987610383,0.5398000012064585,1,0,0,0.0,0,0,0.0,0.0,0.0,0.0,0.0,0,0,0,0.0,0.0,0.0,0.0,0,False,,,0,0.0,False,"(1, 0)",4.300885513904143,6.704025613392097,6.704025613392097,14,False,190,112,1.0000000000000002,3.335785899325974,0.7457364341085271,1.0,0.33146578650641,0.5900243526893062,1.7375304408616328,1.2822207133713925,0.541063927672317,True,0.12345679012345678,0.0,0,False,,0
202,marine_knownmap_path_v2_infosampled,ucb,0.0,False,mode_not_conditional,0.0,0.0,1.0,False,SEARCH,"(16, 6)","(25, 6)","(22, 6)","(22, 8)",fallback_local,"(22, 8)",1,0.0,0.0,simple_ring_priority,False,,3,4,adaptive_knownmap_soft,7,8,11,8,0.125,32,71.19500511640624,1.0,6.035501830739077,0.9841929341543474,0.8466461267605634,0.26355126823450964,77.23050694714532,1.0,0.8466461267605634,0.26355126823450964,8.0,0.9230769230769231,0.0,6.0,6.0,False,0.0,soft_clearance_astar_v1,adaptive,1.0,77.23050694714532,1.0,8.0,0.9230769230769231,0.0,0.0,0.0,6.5,0.5271025364690193,-0.3230769230769231,0.0,0.0,-0.0,0,0.0,0.0,False,1.0,0.0,0.0,0.4246267239810981,0.5753732760189019,24,24,24,5,1.6544396411422981,0.902277863489914,simple_ring,True,4.128000000491738,0.09239999963028822,0.6077999987610383,0.5398000012064585,1,0,0,0.0,0,0,0.0,0.0,0.0,0.0,0.0,0,0,0,0.0,0.0,0.0,0.0,0,False,,,0,0.0,False,"(1, 0)",4.300885513904143,6.704025613392097,6.704025613392097,14,False,190,113,0.9999999999999999,3.3875382899336235,0.7509043927648579,1.0,0.31887085810594196,0.5900243526893062,1.7375304408616328,1.2822207133713925,0.541063927672317,True,0.12345679012345678,0.0,0,False,,0
203,marine_knownmap_path_v2_infosampled,ucb,0.0,False,mode_not_conditional,0.0,0.0,1.0,False,SEARCH,"(17, 6)","(25, 6)","(22, 6)","(22, 8)",fallback_local,"(22, 8)",1,0.0,0.0,simple_ring_priority,False,,2,4,adaptive_knownmap_soft,6,8,11,8,0.25,32,71.19500511640624,1.0,6.035501830739077,0.9841929341543474,0.8466461267605634,0.26355126823450964,77.23050694714532,1.0,0.8466461267605634,0.26355126823450964,8.0,0.9230769230769231,0.0,6.0,6.0,False,0.0,soft_clearance_astar_v1,adaptive,1.0,77.23050694714532,1.0,8.0,0.9230769230769231,0.0,0.0,0.0,6.5,0.5271025364690193,-0.3230769230769231,0.0,0.0,-0.0,0,0.0,0.0,False,1.0,0.0,0.0,0.4246267239810981,0.5753732760189019,24,24,24,5,1.6544396411422981,0.902277863489914,simple_ring,True,4.128000000491738,0.09239999963028822,0.6077999987610383,0.5398000012064585,1,0,0,0.0,0,0,0.0,0.0,0.0,0.0,0.0,0,0,0,0.0,0.0,0.0,0.0,0,False,,,0,0.0,False,"(1, 0)",4.300885513904143,6.704025613392097,6.704025613392097,14,False,190,114,1.0,3.443835357361838,0.7560723514211887,1.0,0.31644201227370494,0.5900243526893062,1.7375304408616328,1.2822207133713925,0.541063927672317,True,0.13580246913580246,0.012345679012345678,0,False,,0
204,marine_knownmap_path_v2_infosampled,ucb,0.0,False,mode_not_conditional,0.0,0.0,1.0,False,SEARCH,"(18, 6)","(25, 6)","(22, 6)","(22, 8)",fallback_local,"(22, 8)",1,0.0,0.0,simple_ring_priority,False,,1,4,adaptive_knownmap_soft,5,8,11,8,0.375,32,71.19500511640624,1.0,6.035501830739077,0.9841929341543474,0.8466461267605634,0.26355126823450964,77.23050694714532,1.0,0.8466461267605634,0.26355126823450964,8.0,0.9230769230769231,0.0,6.0,6.0,False,0.0,soft_clearance_astar_v1,adaptive,1.0,77.23050694714532,1.0,8.0,0.9230769230769231,0.0,0.0,0.0,6.5,0.5271025364690193,-0.3230769230769231,0.0,0.0,-0.0,0,0.0,0.0,False,1.0,0.0,0.0,0.4246267239810981,0.5753732760189019,24,24,24,5,1.6544396411422981,0.902277863489914,simple_ring,True,4.128000000491738,0.09239999963028822,0.6077999987610383,0.5398000012064585,1,0,0,0.0,0,0,0.0,0.0,0.0,0.0,0.0,0,0,0,0.0,0.0,0.0,0.0,0,False,,,0,0.0,False,"(1, 0)",4.300885513904143,6.704025613392097,6.704025613392097,14,False,190,115,1.0,3.5036137880974136,0.7617571059431525,1.0,0.31332485047890296,0.5900243526893062,1.7375304408616328,1.2822207133713925,0.541063927672317,True,0.13580246913580246,0.0,0,False,,0
205,marine_knownmap_path_v2_infosampled,ucb,0.0,False,mode_not_conditional,0.0,0.0,1.0,False,SEARCH,"(19, 6)","(25, 6)","(22, 6)","(22, 8)",fallback_local,"(22, 8)",1,0.0,0.0,simple_ring_priority,False,,0,4,adaptive_knownmap_soft,4,8,11,8,0.5,32,71.19500511640624,1.0,6.035501830739077,0.9841929341543474,0.8466461267605634,0.26355126823450964,77.23050694714532,1.0,0.8466461267605634,0.26355126823450964,8.0,0.9230769230769231,0.0,6.0,6.0,False,0.0,soft_clearance_astar_v1,adaptive,1.0,77.23050694714532,1.0,8.0,0.9230769230769231,0.0,0.0,0.0,6.5,0.5271025364690193,-0.3230769230769231,0.0,0.0,-0.0,0,0.0,0.0,False,1.0,0.0,0.0,0.4246267239810981,0.5753732760189019,24,24,24,5,1.6544396411422981,0.902277863489914,simple_ring,True,4.128000000491738,0.09239999963028822,0.6077999987610383,0.5398000012064585,1,0,0,0.0,0,0,0.0,0.0,0.0,0.0,0.0,0,0,0,0.0,0.0,0.0,0.0,0,False,,,0,0.0,False,"(1, 0)",4.300885513904143,6.704025613392097,6.704025613392097,14,False,190,116,0.9999999999999998,3.5658678204953946,0.7674418604651163,1.0,0.32328711066247634,0.5900243526893062,1.7375304408616328,1.2822207133713925,0.541063927672317,True,0.13580246913580246,0.0,0,False,,0
206,marine_knownmap_path_v2_infosampled,ucb,0.0,False,mode_not_conditional,0.0,0.0,1.0,False,SEARCH,"(20, 6)","(28, 6)","(27, 6)","(25, 4)",search_info,"(25, 4)",38,1.0,0.9642010435218119,simple_ring_priority,True,commit_expired,4,4,adaptive_knownmap_soft,8,8,9,8,0.625,33,74.04750511640623,1.0,5.974550412739395,1.0,0.0,0.0,80.02205552914562,1.0,0.0,0.0,8.0,0.9523809523809523,0.0,6.0,6.0,False,0.0,soft_clearance_astar_v1,adaptive,1.0,80.02205552914562,1.0,8.0,0.9523809523809523,0.0,0.0,0.0,6.5,0.0,-0.3333333333333333,0.0,0.0,-0.0,0,0.0,0.0,False,0.6,0.0,0.0,0.5,0.5,24,24,24,1,1.5828063249171687,1.0,simple_ring,True,3.615299998273258,0.03870000000461005,0.4704000020865351,0.32029999783844687,1,0,0,0.0,0,0,0.0,0.0,0.0,0.0,0.0,0,0,0,0.0,0.0,0.0,0.0,0,False,,,0,0.0,False,"(1, 0)",4.362719958010613,6.166666666666667,6.166666666666667,15,True,191,117,1.0,3.630557253652947,0.7731266149870801,1.0,0.2994396340026238,0.7436086382152169,1.9295107977690211,1.566937995935483,0.8300828241044603,True,0.13580246913580246,0.0,0,False,,0
207,marine_knownmap_path_v2_infosampled,ucb,0.0,False,mode_not_conditional,0.0,0.0,1.0,False,SEARCH,"(21, 6)","(28, 6)","(27, 6)","(25, 4)",search_info,"(25, 4)",38,1.0,0.9642010435218119,simple_ring_priority,False,,3,4,adaptive_knownmap_soft,7,8,9,8,0.125,33,74.04750511640623,1.0,5.974550412739395,1.0,0.0,0.0,80.02205552914562,1.0,0.0,0.0,8.0,0.9523809523809523,0.0,6.0,6.0,False,0.0,soft_clearance_astar_v1,adaptive,1.0,80.02205552914562,1.0,8.0,0.9523809523809523,0.0,0.0,0.0,6.5,0.0,-0.3333333333333333,0.0,0.0,-0.0,0,0.0,0.0,False,0.6,0.0,0.0,0.5,0.5,24,24,24,1,1.5828063249171687,1.0,simple_ring,True,3.615299998273258,0.03870000000461005,0.4704000020865351,0.32029999783844687,1,0,0,0.0,0,0,0.0,0.0,0.0,0.0,0.0,0,0,0,0.0,0.0,0.0,0.0,0,False,,,0,0.0,False,"(1, 0)",4.362719958010613,6.166666666666667,6.166666666666667,15,True,192,118,0.9999999999999999,3.6977003083748343,0.778811369509044,1.0,0.2953317616530006,0.7436086382152169,1.9295107977690211,1.566937995935483,0.8300828241044603,True,0.13580246913580246,0.0,0,False,,0
208,marine_knownmap_path_v2_infosampled,ucb,0.0,False,mode_not_conditional,0.0,0.0,1.0,False,SEARCH,"(22, 6)","(28, 6)","(27, 6)","(25, 4)",search_info,"(25, 4)",38,1.0,0.9642010435218119,simple_ring_priority,False,,2,4,adaptive_knownmap_soft,6,8,9,8,0.25,33,74.04750511640623,1.0,5.974550412739395,1.0,0.0,0.0,80.02205552914562,1.0,0.0,0.0,8.0,0.9523809523809523,0.0,6.0,6.0,False,0.0,soft_clearance_astar_v1,adaptive,1.0,80.02205552914562,1.0,8.0,0.9523809523809523,0.0,0.0,0.0,6.5,0.0,-0.3333333333333333,0.0,0.0,-0.0,0,0.0,0.0,False,0.6,0.0,0.0,0.5,0.5,24,24,24,1,1.5828063249171687,1.0,simple_ring,True,3.615299998273258,0.03870000000461005,0.4704000020865351,0.32029999783844687,1,0,0,0.0,0,0,0.0,0.0,0.0,0.0,0.0,0,0,0,0.0,0.0,0.0,0.0,0,False,,,0,0.0,False,"(1, 0)",4.362719958010613,6.166666666666667,6.166666666666667,15,True,193,119,1.0,3.767380584879989,0.7844961240310078,1.0,0.2991979889686476,0.7436086382152169,1.9295107977690211,1.566937995935483,0.8300828241044603,True,0.13580246913580246,0.0,0,False,,0
209,marine_knownmap_path_v2_infosampled,ucb,0.0,False,mode_not_conditional,0.0,0.0,1.0,False,SEARCH,"(23, 6)","(28, 6)","(27, 6)","(25, 4)",search_info,"(25, 4)",38,1.0,0.9642010435218119,simple_ring_priority,False,,1,4,adaptive_knownmap_soft,5,8,9,8,0.375,33,74.04750511640623,1.0,5.974550412739395,1.0,0.0,0.0,80.02205552914562,1.0,0.0,0.0,8.0,0.9523809523809523,0.0,6.0,6.0,False,0.0,soft_clearance_astar_v1,adaptive,1.0,80.02205552914562,1.0,8.0,0.9523809523809523,0.0,0.0,0.0,6.5,0.0,-0.3333333333333333,0.0,0.0,-0.0,0,0.0,0.0,False,0.6,0.0,0.0,0.5,0.5,24,24,24,1,1.5828063249171687,1.0,simple_ring,True,3.615299998273258,0.03870000000461005,0.4704000020865351,0.32029999783844687,1,0,0,0.0,0,0,0.0,0.0,0.0,0.0,0.0,0,0,0,0.0,0.0,0.0,0.0,0,False,,,0,0.0,False,"(1, 0)",4.362719958010613,6.166666666666667,6.166666666666667,15,True,194,120,1.0,3.8397374402855813,0.7901808785529716,1.0,0.3033116054028225,0.7436086382152169,1.9295107977690211,1.566937995935483,0.8300828241044603,True,0.13580246913580246,0.0,0,False,,0
210,marine_knownmap_path_v2_infosampled,ucb,0.0,False,mode_not_conditional,0.0,0.0,1.0,False,SEARCH,"(24, 6)","(28, 6)","(27, 6)","(25, 4)",search_info,"(25, 4)",38,1.0,0.9642010435218119,simple_ring_priority,False,,0,4,adaptive_knownmap_soft,4,8,9,8,0.5,33,74.04750511640623,1.0,5.974550412739395,1.0,0.0,0.0,80.02205552914562,1.0,0.0,0.0,8.0,0.9523809523809523,0.0,6.0,6.0,False,0.0,soft_clearance_astar_v1,adaptive,1.0,80.02205552914562,1.0,8.0,0.9523809523809523,0.0,0.0,0.0,6.5,0.0,-0.3333333333333333,0.0,0.0,-0.0,0,0.0,0.0,False,0.6,0.0,0.0,0.5,0.5,24,24,24,1,1.5828063249171687,1.0,simple_ring,True,3.615299998273258,0.03870000000461005,0.4704000020865351,0.32029999783844687,1,0,0,0.0,0,0,0.0,0.0,0.0,0.0,0.0,0,0,0,0.0,0.0,0.0,0.0,0,False,,,0,0.0,False,"(1, 0)",4.362719958010613,6.166666666666667,6.166666666666667,15,True,195,0,0.0,0.0,0.7958656330749354,0.5,0.18504679694935475,0.7436086382152169,1.9295107977690211,1.566937995935483,0.8300828241044603,True,0.13580246913580246,0.0,1,False,,0
