step,policy_name,clue_acquisition_mode,anomaly_conditional_alpha,anomaly_conditional_triggered,anomaly_gate_reason,anomaly_top_mass_ratio,anomaly_entropy_norm,anomaly_hotspot_stability,anomaly_pre_first_alpha_capped,mode,robot_cell,viewpoint_cell,segment_endpoint_cell,anchor_cell,anchor_source,anchor_centroid_cell,anchor_cluster_size,anchor_cluster_peak,anchor_cluster_mean,viewpoint_rule,replanned_this_step,replan_reason,commit_remaining,planned_commit_window,commit_policy,path_length_current,planned_segment_length,planned_viewpoint_path_length,segment_path_length,fraction_of_path_executed_before_replan,switch_count,explore_utility_raw,explore_utility_norm,focus_utility_raw,focus_utility_norm,recency_utility_raw,recency_utility_norm,search_info_gain_raw,search_info_gain_norm,recency_bias_raw,recency_bias_norm,exec_cost_raw,exec_cost_norm,clearance_penalty_raw,segment_min_clearance_cells,segment_mean_clearance_cells,near_obstacle_step_flag,near_obstacle_step_ratio,path_safety_mode,planner_adaptation_mode,safe_nav_lambda_clearance,marginal_information_gain_raw,marginal_information_gain_norm,execution_cost_raw,execution_cost_norm,continuity_bonus_raw,continuity_bonus_anchor_raw,continuity_bonus_viewpoint_raw,marginal_information_gain_score_term,recency_bias_score_term,execution_cost_score_term,continuity_bonus_score_term,maneuver_penalty_raw,maneuver_penalty_score_term,segment_turn_count,alpha_focus,kappa_commit,same_anchor_cluster,viewpoint_drift_norm,anchor_retention_bonus,viewpoint_retention_bonus,anchor_info_clue_share,anchor_info_intensity_share,candidate_pool_size,reachable_pool_size,a_star_checked_pool_size,selected_viewpoint_rank,sampling_priority_raw,sampling_priority_norm,viewpoint_sampling_mode,selected_by_final_score,sssp_build_time_ms,path_reconstruct_time_ms,sampling_pool_build_time_ms,priority_feature_time_ms,tree_depth,tree_first_layer_top_m,tree_second_layer_top_n,tree_discount_gamma,tree_root_rank,tree_child_rank,tree_root_score_raw,tree_child_score_raw,tree_total_score,tree_conditional_gain_lvl2,tree_redundant_visible_ratio_lvl2,tree_unique_visible_count_lvl1,tree_unique_visible_count_lvl2,tree_expansion_count,tree_planning_time_ms,tree_child_oracle_score_raw,tree_child_budget_score_raw,tree_child_oracle_gap_raw,tree_child_oracle_rank_of_budgeted,tree_child_budget_matches_oracle,tree_child_oracle_viewpoint_cell,tree_child_budget_viewpoint_cell,tree_child_full_candidate_count,u_turn_penalty_term,u_turn_penalty_applied,planned_first_move_dir,current_viewpoint_score,best_alternative_score,total_score,anchor_switch_count,focus_anchor_active,focus_on_anchor_cluster_steps,time_since_last_detection,remaining_intensity_mass,peak_intensity_ratio,known_free_observation_ratio,search_info_map_peak,search_info_map_mean,anomaly_viewpoint_prob,anomaly_viewpoint_weight,anomaly_viewpoint_acq,anomaly_visible_mean,selected_in_anomaly_top_band,effective_observation_gain,stale_refresh_ratio,detected_count_this_step,collision_this_step,collision_cell,path_invalidations_per_episode
1,marine_knownmap_path_v2_infosampled,ucb,0.0,False,mode_not_conditional,0.0,0.0,1.0,False,SEARCH,"(1, 2)","(18, 28)","(2, 8)","(20, 31)",search_info,"(20, 31)",2121,0.9873572631043136,0.9602536663380709,simple_ring_priority,True,initial_plan|commit_expired|segment_empty,4,4,adaptive_knownmap_soft,8,8,44,8,0.0,1,44.26863961953124,0.0,4.7910592832060965,0.0,0.0,0.0,49.05969890273734,0.0,0.0,0.0,8.625,0.0,0.125,1.0,1.875,True,0.125,soft_clearance_astar_v1,adaptive,1.0,49.05969890273734,0.0,8.625,0.0,0.0,0.0,0.0,0.0,0.0,-0.0,0.0,0.0,-0.0,2,0.0,0.0,False,0.0,0.0,0.0,0.5069781437501194,0.4930218562498806,24,24,24,1,0.10722529595886598,1.0,simple_ring,True,4.3139000008523,0.06409999878087547,0.24850000045262277,0.15660000099160243,1,0,0,0.0,0,0,0.0,0.0,0.0,0.0,0.0,0,0,0,0.0,0.0,0.0,0.0,0,False,,,0,0.0,False,"(0, 1)",0.0,0.0,0.0,0,True,1,21,3.0,1.1115168322392148,0.014519056261343012,1.0,0.9464895623378902,0.49999977953273017,1.6249997244159127,0.8128654051322789,0.6093300883987446,False,0.1935483870967742,0.0,0,False,,0
2,marine_knownmap_path_v2_infosampled,ucb,0.0,False,mode_not_conditional,0.0,0.0,1.0,False,SEARCH,"(2, 2)","(18, 28)","(2, 8)","(20, 31)",search_info,"(20, 31)",2121,0.9873572631043136,0.9602536663380709,simple_ring_priority,False,,3,4,adaptive_knownmap_soft,7,8,44,8,0.125,1,44.26863961953124,0.0,4.7910592832060965,0.0,0.0,0.0,49.05969890273734,0.0,0.0,0.0,8.625,0.0,0.125,1.0,1.875,True,0.125,soft_clearance_astar_v1,adaptive,1.0,49.05969890273734,0.0,8.625,0.0,0.0,0.0,0.0,0.0,0.0,-0.0,0.0,0.0,-0.0,2,0.0,0.0,False,0.0,0.0,0.0,0.5069781437501194,0.4930218562498806,24,24,24,1,0.10722529595886598,1.0,simple_ring,True,4.3139000008523,0.06409999878087547,0.24850000045262277,0.15660000099160243,1,0,0,0.0,0,0,0.0,0.0,0.0,0.0,0.0,0,0,0,0.0,0.0,0.0,0.0,0,False,,,0,0.0,False,"(0, 1)",0.0,0.0,0.0,0,True,2,22,3.0,1.1726012669544452,0.017241379310344827,0.9683840749414518,0.8887124569007882,0.49999977953273017,1.6249997244159127,0.8128654051322789,0.6093300883987446,False,0.16216216216216217,0.0,0,False,,0
3,marine_knownmap_path_v2_infosampled,ucb,0.0,False,mode_not_conditional,0.0,0.0,1.0,False,SEARCH,"(2, 3)","(18, 28)","(2, 8)","(20, 31)",search_info,"(20, 31)",2121,0.9873572631043136,0.9602536663380709,simple_ring_priority,False,,2,4,adaptive_knownmap_soft,6,8,44,8,0.25,1,44.26863961953124,0.0,4.7910592832060965,0.0,0.0,0.0,49.05969890273734,0.0,0.0,0.0,8.625,0.0,0.125,1.0,1.875,True,0.125,soft_clearance_astar_v1,adaptive,1.0,49.05969890273734,0.0,8.625,0.0,0.0,0.0,0.0,0.0,0.0,-0.0,0.0,0.0,-0.0,2,0.0,0.0,False,0.0,0.0,0.0,0.5069781437501194,0.4930218562498806,24,24,24,1,0.10722529595886598,1.0,simple_ring,True,4.3139000008523,0.06409999878087547,0.24850000045262277,0.15660000099160243,1,0,0,0.0,0,0,0.0,0.0,0.0,0.0,0.0,0,0,0,0.0,0.0,0.0,0.0,0,False,,,0,0.0,False,"(0, 1)",0.0,0.0,0.0,0,True,3,23,3.0,1.178637978269933,0.019963702359346643,0.9994889624644852,0.91244569503147,0.49999977953273017,1.6249997244159127,0.8128654051322789,0.6093300883987446,False,0.13953488372093023,0.0,0,False,,0
4,marine_knownmap_path_v2_infosampled,ucb,0.0,False,mode_not_conditional,0.0,0.0,1.0,False,SEARCH,"(2, 4)","(18, 28)","(2, 8)","(20, 31)",search_info,"(20, 31)",2121,0.9873572631043136,0.9602536663380709,simple_ring_priority,False,,1,4,adaptive_knownmap_soft,5,8,44,8,0.375,1,44.26863961953124,0.0,4.7910592832060965,0.0,0.0,0.0,49.05969890273734,0.0,0.0,0.0,8.625,0.0,0.125,1.0,1.875,True,0.125,soft_clearance_astar_v1,adaptive,1.0,49.05969890273734,0.0,8.625,0.0,0.0,0.0,0.0,0.0,0.0,-0.0,0.0,0.0,-0.0,2,0.0,0.0,False,0.0,0.0,0.0,0.5069781437501194,0.4930218562498806,24,24,24,1,0.10722529595886598,1.0,simple_ring,True,4.3139000008523,0.06409999878087547,0.24850000045262277,0.15660000099160243,1,0,0,0.0,0,0,0.0,0.0,0.0,0.0,0.0,0,0,0,0.0,0.0,0.0,0.0,0,False,,,0,0.0,False,"(0, 1)",0.0,0.0,0.0,0,True,4,24,3.0,1.1852096585353271,0.023139745916515426,0.9948035269667168,0.9255594228243106,0.49999977953273017,1.6249997244159127,0.8128654051322789,0.6093300883987446,False,0.14285714285714285,0.0,0,False,,0
5,marine_knownmap_path_v2_infosampled,ucb,0.0,False,mode_not_conditional,0.0,0.0,1.0,False,SEARCH,"(2, 5)","(18, 28)","(2, 8)","(20, 31)",search_info,"(20, 31)",2121,0.9873572631043136,0.9602536663380709,simple_ring_priority,False,,0,4,adaptive_knownmap_soft,4,8,44,8,0.5,1,44.26863961953124,0.0,4.7910592832060965,0.0,0.0,0.0,49.05969890273734,0.0,0.0,0.0,8.625,0.0,0.125,1.0,1.875,True,0.125,soft_clearance_astar_v1,adaptive,1.0,49.05969890273734,0.0,8.625,0.0,0.0,0.0,0.0,0.0,0.0,-0.0,0.0,0.0,-0.0,2,0.0,0.0,False,0.0,0.0,0.0,0.5069781437501194,0.4930218562498806,24,24,24,1,0.10722529595886598,1.0,simple_ring,True,4.3139000008523,0.06409999878087547,0.24850000045262277,0.15660000099160243,1,0,0,0.0,0,0,0.0,0.0,0.0,0.0,0.0,0,0,0,0.0,0.0,0.0,0.0,0,False,,,0,0.0,False,"(0, 1)",0.0,0.0,0.0,0,True,5,25,3.0000000000000004,1.1836563763501822,0.02631578947368421,1.0,0.9256926259369512,0.49999977953273017,1.6249997244159127,0.8128654051322789,0.6093300883987446,False,0.12962962962962962,0.0,0,False,,0
6,marine_knownmap_path_v2_infosampled,ucb,0.0,False,mode_not_conditional,0.0,0.0,1.0,False,SEARCH,"(2, 6)","(18, 30)","(2, 13)","(21, 32)",search_info,"(21, 32)",2039,0.9999999999999998,0.9645788299843483,simple_ring_priority,True,commit_expired,4,4,adaptive_knownmap_soft,8,8,41,8,0.625,2,47.12113961953124,0.0,4.354150681754765,0.0,0.0,0.0,51.47529030128601,0.0,0.0,0.0,8.0,0.0,0.0,2.0,2.0,False,0.0,soft_clearance_astar_v1,adaptive,1.0,51.47529030128601,0.0,8.0,0.0,0.0,0.0,0.0,0.0,0.0,-0.0,0.0,0.0,-0.0,0,0.0,0.0,True,0.4,0.0,0.0,0.5172787980157539,0.4827212019842461,24,24,24,1,0.2666975885219629,1.0,simple_ring,True,4.142399999182089,0.1362999973935075,0.5409000004874542,0.35570000000006985,1,0,0,0.0,0,0,0.0,0.0,0.0,0.0,0.0,0,0,0,0.0,0.0,0.0,0.0,0,False,,,0,0.0,False,"(0, 1)",0.0,0.0,0.0,0,True,6,26,3.0,1.1830221402115184,0.029491833030852996,0.997897715364802,0.8667054129120929,0.49999999998985417,1.6249999999873177,0.8128655427650296,0.5883768440071454,True,0.12727272727272726,0.0,0,False,,0
7,marine_knownmap_path_v2_infosampled,ucb,0.0,False,mode_not_conditional,0.0,0.0,1.0,False,SEARCH,"(2, 7)","(18, 30)","(2, 13)","(21, 32)",search_info,"(21, 32)",2039,0.9999999999999998,0.9645788299843483,simple_ring_priority,False,,3,4,adaptive_knownmap_soft,7,8,41,8,0.125,2,47.12113961953124,0.0,4.354150681754765,0.0,0.0,0.0,51.47529030128601,0.0,0.0,0.0,8.0,0.0,0.0,2.0,2.0,False,0.0,soft_clearance_astar_v1,adaptive,1.0,51.47529030128601,0.0,8.0,0.0,0.0,0.0,0.0,0.0,0.0,-0.0,0.0,0.0,-0.0,0,0.0,0.0,True,0.4,0.0,0.0,0.5172787980157539,0.4827212019842461,24,24,24,1,0.2666975885219629,1.0,simple_ring,True,4.142399999182089,0.1362999973935075,0.5409000004874542,0.35570000000006985,1,0,0,0.0,0,0,0.0,0.0,0.0,0.0,0.0,0,0,0,0.0,0.0,0.0,0.0,0,False,,,0,0.0,False,"(0, 1)",0.0,0.0,0.0,0,True,7,27,3.0000000000000004,1.1811273950842238,0.032667876588021776,1.0,0.9196928296239005,0.49999999998985417,1.6249999999873177,0.8128655427650296,0.5883768440071454,True,0.12727272727272726,0.0,0,False,,0
8,marine_knownmap_path_v2_infosampled,ucb,0.0,False,mode_not_conditional,0.0,0.0,1.0,False,SEARCH,"(2, 8)","(18, 30)","(2, 13)","(21, 32)",search_info,"(21, 32)",2039,0.9999999999999998,0.9645788299843483,simple_ring_priority,False,,2,4,adaptive_knownmap_soft,6,8,41,8,0.25,2,47.12113961953124,0.0,4.354150681754765,0.0,0.0,0.0,51.47529030128601,0.0,0.0,0.0,8.0,0.0,0.0,2.0,2.0,False,0.0,soft_clearance_astar_v1,adaptive,1.0,51.47529030128601,0.0,8.0,0.0,0.0,0.0,0.0,0.0,0.0,-0.0,0.0,0.0,-0.0,0,0.0,0.0,True,0.4,0.0,0.0,0.5172787980157539,0.4827212019842461,24,24,24,1,0.2666975885219629,1.0,simple_ring,True,4.142399999182089,0.1362999973935075,0.5409000004874542,0.35570000000006985,1,0,0,0.0,0,0,0.0,0.0,0.0,0.0,0.0,0,0,0,0.0,0.0,0.0,0.0,0,False,,,0,0.0,False,"(0, 1)",0.0,0.0,0.0,0,True,8,28,3.0,1.1798275611625715,0.03584392014519056,1.0,0.9161831401067765,0.49999999998985417,1.6249999999873177,0.8128655427650296,0.5883768440071454,True,0.12727272727272726,0.0,0,False,,0
9,marine_knownmap_path_v2_infosampled,ucb,0.0,False,mode_not_conditional,0.0,0.0,1.0,False,SEARCH,"(2, 9)","(18, 30)","(2, 13)","(21, 32)",search_info,"(21, 32)",2039,0.9999999999999998,0.9645788299843483,simple_ring_priority,False,,1,4,adaptive_knownmap_soft,5,8,41,8,0.375,2,47.12113961953124,0.0,4.354150681754765,0.0,0.0,0.0,51.47529030128601,0.0,0.0,0.0,8.0,0.0,0.0,2.0,2.0,False,0.0,soft_clearance_astar_v1,adaptive,1.0,51.47529030128601,0.0,8.0,0.0,0.0,0.0,0.0,0.0,0.0,-0.0,0.0,0.0,-0.0,0,0.0,0.0,True,0.4,0.0,0.0,0.5172787980157539,0.4827212019842461,24,24,24,1,0.2666975885219629,1.0,simple_ring,True,4.142399999182089,0.1362999973935075,0.5409000004874542,0.35570000000006985,1,0,0,0.0,0,0,0.0,0.0,0.0,0.0,0.0,0,0,0,0.0,0.0,0.0,0.0,0,False,,,0,0.0,False,"(0, 1)",0.0,0.0,0.0,0,True,9,29,3.0,1.1785523969251288,0.03901996370235935,0.99999626649337,0.9123607121379438,0.49999999998985417,1.6249999999873177,0.8128655427650296,0.5883768440071454,True,0.12727272727272726,0.0,0,False,,0
10,marine_knownmap_path_v2_infosampled,ucb,0.0,False,mode_not_conditional,0.0,0.0,1.0,False,SEARCH,"(2, 10)","(18, 30)","(2, 13)","(21, 32)",search_info,"(21, 32)",2039,0.9999999999999998,0.9645788299843483,simple_ring_priority,False,,0,4,adaptive_knownmap_soft,4,8,41,8,0.5,2,47.12113961953124,0.0,4.354150681754765,0.0,0.0,0.0,51.47529030128601,0.0,0.0,0.0,8.0,0.0,0.0,2.0,2.0,False,0.0,soft_clearance_astar_v1,adaptive,1.0,51.47529030128601,0.0,8.0,0.0,0.0,0.0,0.0,0.0,0.0,-0.0,0.0,0.0,-0.0,0,0.0,0.0,True,0.4,0.0,0.0,0.5172787980157539,0.4827212019842461,24,24,24,1,0.2666975885219629,1.0,simple_ring,True,4.142399999182089,0.1362999973935075,0.5409000004874542,0.35570000000006985,1,0,0,0.0,0,0,0.0,0.0,0.0,0.0,0.0,0,0,0,0.0,0.0,0.0,0.0,0,False,,,0,0.0,False,"(0, 1)",0.0,0.0,0.0,0,True,10,30,3.0000000000000004,1.177709469065897,0.04219600725952813,0.9999181090097435,0.8966029407786962,0.49999999998985417,1.6249999999873177,0.8128655427650296,0.5883768440071454,True,0.12727272727272726,0.0,0,False,,0
11,marine_knownmap_path_v2_infosampled,ucb,0.0,False,mode_not_conditional,0.0,0.0,1.0,False,SEARCH,"(2, 11)","(18, 30)","(2, 18)","(21, 32)",search_info,"(21, 32)",1980,0.9998590657249031,0.952081167298723,simple_ring_priority,True,commit_expired,4,4,adaptive_knownmap_soft,8,8,36,8,0.625,2,47.12113961953124,0.0,4.802777130155138,0.0,0.0,0.0,51.92391674968638,0.0,0.0,0.0,8.0,0.0,0.0,2.0,2.0,False,0.0,soft_clearance_astar_v1,adaptive,1.0,51.92391674968638,0.0,8.0,0.0,0.0,0.0,0.0,0.0,0.0,-0.0,0.0,0.0,-0.0,0,0.0,0.0,True,0.0,0.0,0.0,0.5062868986352411,0.4937131013647588,24,24,24,1,0.4927115715692152,1.0,simple_ring,True,4.647600000680541,0.07410000216623303,0.27260000024398323,0.17570000272826292,1,0,0,0.0,0,0,0.0,0.0,0.0,0.0,0.0,0,0,0,0.0,0.0,0.0,0.0,0,False,,,0,0.0,False,"(0, 1)",0.0,0.0,0.0,0,True,11,31,3.0,1.1771256222942594,0.045372050816696916,0.9998591020400533,0.9037014332154569,0.49923857611395817,1.6240482201424478,0.8123894809923152,0.5957956116537905,False,0.12727272727272726,0.0,0,False,,0
12,marine_knownmap_path_v2_infosampled,ucb,0.0,False,mode_not_conditional,0.0,0.0,1.0,False,SEARCH,"(2, 12)","(18, 30)","(2, 18)","(21, 32)",search_info,"(21, 32)",1980,0.9998590657249031,0.952081167298723,simple_ring_priority,False,,3,4,adaptive_knownmap_soft,7,8,36,8,0.125,2,47.12113961953124,0.0,4.802777130155138,0.0,0.0,0.0,51.92391674968638,0.0,0.0,0.0,8.0,0.0,0.0,2.0,2.0,False,0.0,soft_clearance_astar_v1,adaptive,1.0,51.92391674968638,0.0,8.0,0.0,0.0,0.0,0.0,0.0,0.0,-0.0,0.0,0.0,-0.0,0,0.0,0.0,True,0.0,0.0,0.0,0.5062868986352411,0.4937131013647588,24,24,24,1,0.4927115715692152,1.0,simple_ring,True,4.647600000680541,0.07410000216623303,0.27260000024398323,0.17570000272826292,1,0,0,0.0,0,0,0.0,0.0,0.0,0.0,0.0,0,0,0,0.0,0.0,0.0,0.0,0,False,,,0,0.0,False,"(0, 1)",0.0,0.0,0.0,0,True,12,32,3.0,1.1768798873106208,0.048548094373865695,0.9997807411715953,0.8954532792895848,0.49923857611395817,1.6240482201424478,0.8123894809923152,0.5957956116537905,False,0.12727272727272726,0.0,0,False,,0
13,marine_knownmap_path_v2_infosampled,ucb,0.0,False,mode_not_conditional,0.0,0.0,1.0,False,SEARCH,"(2, 13)","(18, 30)","(2, 18)","(21, 32)",search_info,"(21, 32)",1980,0.9998590657249031,0.952081167298723,simple_ring_priority,False,,2,4,adaptive_knownmap_soft,6,8,36,8,0.25,2,47.12113961953124,0.0,4.802777130155138,0.0,0.0,0.0,51.92391674968638,0.0,0.0,0.0,8.0,0.0,0.0,2.0,2.0,False,0.0,soft_clearance_astar_v1,adaptive,1.0,51.92391674968638,0.0,8.0,0.0,0.0,0.0,0.0,0.0,0.0,-0.0,0.0,0.0,-0.0,0,0.0,0.0,True,0.0,0.0,0.0,0.5062868986352411,0.4937131013647588,24,24,24,1,0.4927115715692152,1.0,simple_ring,True,4.647600000680541,0.07410000216623303,0.27260000024398323,0.17570000272826292,1,0,0,0.0,0,0,0.0,0.0,0.0,0.0,0.0,0,0,0,0.0,0.0,0.0,0.0,0,False,,,0,0.0,False,"(0, 1)",0.0,0.0,0.0,0,True,13,33,3.0,1.1769046326795347,0.05172413793103448,0.9955037133676206,0.8968781814043689,0.49923857611395817,1.6240482201424478,0.8123894809923152,0.5957956116537905,False,0.12727272727272726,0.0,0,False,,0
14,marine_knownmap_path_v2_infosampled,ucb,0.0,False,mode_not_conditional,0.0,0.0,1.0,False,SEARCH,"(2, 14)","(18, 30)","(2, 18)","(21, 32)",search_info,"(21, 32)",1980,0.9998590657249031,0.952081167298723,simple_ring_priority,False,,1,4,adaptive_knownmap_soft,5,8,36,8,0.375,2,47.12113961953124,0.0,4.802777130155138,0.0,0.0,0.0,51.92391674968638,0.0,0.0,0.0,8.0,0.0,0.0,2.0,2.0,False,0.0,soft_clearance_astar_v1,adaptive,1.0,51.92391674968638,0.0,8.0,0.0,0.0,0.0,0.0,0.0,0.0,-0.0,0.0,0.0,-0.0,0,0.0,0.0,True,0.0,0.0,0.0,0.5062868986352411,0.4937131013647588,24,24,24,1,0.4927115715692152,1.0,simple_ring,True,4.647600000680541,0.07410000216623303,0.27260000024398323,0.17570000272826292,1,0,0,0.0,0,0,0.0,0.0,0.0,0.0,0.0,0,0,0,0.0,0.0,0.0,0.0,0,False,,,0,0.0,False,"(0, 1)",0.0,0.0,0.0,0,True,14,34,3.0,1.1772018678470988,0.05490018148820327,0.9995754260635505,0.8851242275952421,0.49923857611395817,1.6240482201424478,0.8123894809923152,0.5957956116537905,False,0.12727272727272726,0.0,0,False,,0
15,marine_knownmap_path_v2_infosampled,ucb,0.0,False,mode_not_conditional,0.0,0.0,1.0,False,SEARCH,"(2, 15)","(18, 30)","(2, 18)","(21, 32)",search_info,"(21, 32)",1980,0.9998590657249031,0.952081167298723,simple_ring_priority,False,,0,4,adaptive_knownmap_soft,4,8,36,8,0.5,2,47.12113961953124,0.0,4.802777130155138,0.0,0.0,0.0,51.92391674968638,0.0,0.0,0.0,8.0,0.0,0.0,2.0,2.0,False,0.0,soft_clearance_astar_v1,adaptive,1.0,51.92391674968638,0.0,8.0,0.0,0.0,0.0,0.0,0.0,0.0,-0.0,0.0,0.0,-0.0,0,0.0,0.0,True,0.0,0.0,0.0,0.5062868986352411,0.4937131013647588,24,24,24,1,0.4927115715692152,1.0,simple_ring,True,4.647600000680541,0.07410000216623303,0.27260000024398323,0.17570000272826292,1,0,0,0.0,0,0,0.0,0.0,0.0,0.0,0.0,0,0,0,0.0,0.0,0.0,0.0,0,False,,,0,0.0,False,"(0, 1)",0.0,0.0,0.0,0,True,15,35,3.0,1.1777363856707805,0.05807622504537205,0.9990785959064381,0.8759914204839203,0.49923857611395817,1.6240482201424478,0.8123894809923152,0.5957956116537905,False,0.12727272727272726,0.0,0,False,,0
16,marine_knownmap_path_v2_infosampled,ucb,0.0,False,mode_not_conditional,0.0,0.0,1.0,False,SEARCH,"(2, 16)","(18, 30)","(2, 23)","(21, 32)",search_info,"(21, 32)",1929,0.9981647383301058,0.9463913309833376,simple_ring_priority,True,commit_expired,4,4,adaptive_knownmap_soft,8,8,31,8,0.625,2,47.12113961953124,0.0,5.05610596432104,0.0,0.0,0.0,52.17724558385228,0.0,0.0,0.0,8.0,0.0,0.0,2.0,2.0,False,0.0,soft_clearance_astar_v1,adaptive,1.0,52.17724558385228,0.0,8.0,0.0,0.0,0.0,0.0,0.0,0.0,-0.0,0.0,0.0,-0.0,0,0.0,0.0,True,0.0,0.0,0.0,0.5012125429834203,0.49878745701657967,24,24,24,1,0.7313379282023698,1.0,simple_ring,True,4.092999999556923,0.06459999895014334,0.2609000002848916,0.20599999879777897,1,0,0,0.0,0,0,0.0,0.0,0.0,0.0,0.0,0,0,0,0.0,0.0,0.0,0.0,0,False,,,0,0.0,False,"(0, 1)",0.0,0.0,0.0,0,True,16,36,3.0,1.1784941630625259,0.061252268602540835,0.9723156407050774,0.8598410507786327,0.4946520507063414,1.6183150633829269,0.8095284718925712,0.516415413800386,False,0.12727272727272726,0.0,0,False,,0
17,marine_knownmap_path_v2_infosampled,ucb,0.0,False,mode_not_conditional,0.0,0.0,1.0,False,SEARCH,"(2, 17)","(18, 30)","(2, 23)","(21, 32)",search_info,"(21, 32)",1929,0.9981647383301058,0.9463913309833376,simple_ring_priority,False,,3,4,adaptive_knownmap_soft,7,8,31,8,0.125,2,47.12113961953124,0.0,5.05610596432104,0.0,0.0,0.0,52.17724558385228,0.0,0.0,0.0,8.0,0.0,0.0,2.0,2.0,False,0.0,soft_clearance_astar_v1,adaptive,1.0,52.17724558385228,0.0,8.0,0.0,0.0,0.0,0.0,0.0,0.0,-0.0,0.0,0.0,-0.0,0,0.0,0.0,True,0.0,0.0,0.0,0.5012125429834203,0.49878745701657967,24,24,24,1,0.7313379282023698,1.0,simple_ring,True,4.092999999556923,0.06459999895014334,0.2609000002848916,0.20599999879777897,1,0,0,0.0,0,0,0.0,0.0,0.0,0.0,0.0,0,0,0,0.0,0.0,0.0,0.0,0,False,,,0,0.0,False,"(0, 1)",0.0,0.0,0.0,0,True,17,37,3.0,1.179452578236484,0.06442831215970962,0.9802511824769964,0.8710026817095534,0.4946520507063414,1.6183150633829269,0.8095284718925712,0.516415413800386,False,0.12727272727272726,0.0,0,False,,0
18,marine_knownmap_path_v2_infosampled,ucb,0.0,False,mode_not_conditional,0.0,0.0,1.0,False,SEARCH,"(2, 18)","(18, 30)","(2, 23)","(21, 32)",search_info,"(21, 32)",1929,0.9981647383301058,0.9463913309833376,simple_ring_priority,False,,2,4,adaptive_knownmap_soft,6,8,31,8,0.25,2,47.12113961953124,0.0,5.05610596432104,0.0,0.0,0.0,52.17724558385228,0.0,0.0,0.0,8.0,0.0,0.0,2.0,2.0,False,0.0,soft_clearance_astar_v1,adaptive,1.0,52.17724558385228,0.0,8.0,0.0,0.0,0.0,0.0,0.0,0.0,-0.0,0.0,0.0,-0.0,0,0.0,0.0,True,0.0,0.0,0.0,0.5012125429834203,0.49878745701657967,24,24,24,1,0.7313379282023698,1.0,simple_ring,True,4.092999999556923,0.06459999895014334,0.2609000002848916,0.20599999879777897,1,0,0,0.0,0,0,0.0,0.0,0.0,0.0,0.0,0,0,0,0.0,0.0,0.0,0.0,0,False,,,0,0.0,False,"(0, 1)",0.0,0.0,0.0,0,True,18,38,3.0,1.1805965354777757,0.06760435571687841,0.9858088454102822,0.8413353595104545,0.4946520507063414,1.6183150633829269,0.8095284718925712,0.516415413800386,False,0.12727272727272726,0.0,0,False,,0
19,marine_knownmap_path_v2_infosampled,ucb,0.0,False,mode_not_conditional,0.0,0.0,1.0,False,SEARCH,"(2, 19)","(18, 30)","(2, 23)","(21, 32)",search_info,"(21, 32)",1929,0.9981647383301058,0.9463913309833376,simple_ring_priority,False,,1,4,adaptive_knownmap_soft,5,8,31,8,0.375,2,47.12113961953124,0.0,5.05610596432104,0.0,0.0,0.0,52.17724558385228,0.0,0.0,0.0,8.0,0.0,0.0,2.0,2.0,False,0.0,soft_clearance_astar_v1,adaptive,1.0,52.17724558385228,0.0,8.0,0.0,0.0,0.0,0.0,0.0,0.0,-0.0,0.0,0.0,-0.0,0,0.0,0.0,True,0.0,0.0,0.0,0.5012125429834203,0.49878745701657967,24,24,24,1,0.7313379282023698,1.0,simple_ring,True,4.092999999556923,0.06459999895014334,0.2609000002848916,0.20599999879777897,1,0,0,0.0,0,0,0.0,0.0,0.0,0.0,0.0,0,0,0,0.0,0.0,0.0,0.0,0,False,,,0,0.0,False,"(0, 1)",0.0,0.0,0.0,0,True,19,39,3.0000000000000004,1.1819098116209932,0.07078039927404718,1.0,0.8767266548325763,0.4946520507063414,1.6183150633829269,0.8095284718925712,0.516415413800386,False,0.12727272727272726,0.0,0,False,,0
20,marine_knownmap_path_v2_infosampled,ucb,0.0,False,mode_not_conditional,0.0,0.0,1.0,False,SEARCH,"(2, 20)","(18, 30)","(2, 23)","(21, 32)",search_info,"(21, 32)",1929,0.9981647383301058,0.9463913309833376,simple_ring_priority,False,,0,4,adaptive_knownmap_soft,4,8,31,8,0.5,2,47.12113961953124,0.0,5.05610596432104,0.0,0.0,0.0,52.17724558385228,0.0,0.0,0.0,8.0,0.0,0.0,2.0,2.0,False,0.0,soft_clearance_astar_v1,adaptive,1.0,52.17724558385228,0.0,8.0,0.0,0.0,0.0,0.0,0.0,0.0,-0.0,0.0,0.0,-0.0,0,0.0,0.0,True,0.0,0.0,0.0,0.5012125429834203,0.49878745701657967,24,24,24,1,0.7313379282023698,1.0,simple_ring,True,4.092999999556923,0.06459999895014334,0.2609000002848916,0.20599999879777897,1,0,0,0.0,0,0,0.0,0.0,0.0,0.0,0.0,0,0,0,0.0,0.0,0.0,0.0,0,False,,,0,0.0,False,"(0, 1)",0.0,0.0,0.0,0,True,20,40,2.9999999999999996,1.1833795093010109,0.07395644283121597,0.9976566394723365,0.8727953253270408,0.4946520507063414,1.6183150633829269,0.8095284718925712,0.516415413800386,False,0.12727272727272726,0.0,0,False,,0
21,marine_knownmap_path_v2_infosampled,ucb,0.0,False,mode_not_conditional,0.0,0.0,1.0,False,SEARCH,"(2, 21)","(20, 30)","(2, 28)","(22, 33)",search_info,"(22, 33)",1849,0.9976566394723365,0.9664767204474828,simple_ring_priority,True,commit_expired,4,4,adaptive_knownmap_soft,8,8,28,8,0.625,3,47.12113961953124,0.0,4.601211593746684,0.0,0.0,0.0,51.722351213277925,0.0,0.0,0.0,8.0,0.0,0.0,2.0,2.0,False,0.0,soft_clearance_astar_v1,adaptive,1.0,51.722351213277925,0.0,8.0,0.0,0.0,0.0,0.0,0.0,0.0,-0.0,0.0,0.0,-0.0,0,0.0,0.0,True,0.4,0.0,0.0,0.5132803554916049,0.4867196445083951,24,24,24,1,0.9219514663109358,1.0,simple_ring,True,4.668500001571374,0.09490000047662761,0.5517000008694595,0.3363999949215213,1,0,0,0.0,0,0,0.0,0.0,0.0,0.0,0.0,0,0,0,0.0,0.0,0.0,0.0,0,False,,,0,0.0,False,"(0, 1)",0.0,0.0,0.0,0,True,21,41,3.0,1.1849933957832537,0.07713248638838476,0.9960298744382021,0.8691155894082101,0.49598065219233545,1.6199758152404193,0.8103510208483996,0.5331933803403951,False,0.12727272727272726,0.0,0,False,,0
22,marine_knownmap_path_v2_infosampled,ucb,0.0,False,mode_not_conditional,0.0,0.0,1.0,False,SEARCH,"(2, 22)","(20, 30)","(2, 28)","(22, 33)",search_info,"(22, 33)",1849,0.9976566394723365,0.9664767204474828,simple_ring_priority,False,,3,4,adaptive_knownmap_soft,7,8,28,8,0.125,3,47.12113961953124,0.0,4.601211593746684,0.0,0.0,0.0,51.722351213277925,0.0,0.0,0.0,8.0,0.0,0.0,2.0,2.0,False,0.0,soft_clearance_astar_v1,adaptive,1.0,51.722351213277925,0.0,8.0,0.0,0.0,0.0,0.0,0.0,0.0,-0.0,0.0,0.0,-0.0,0,0.0,0.0,True,0.4,0.0,0.0,0.5132803554916049,0.4867196445083951,24,24,24,1,0.9219514663109358,1.0,simple_ring,True,4.668500001571374,0.09490000047662761,0.5517000008694595,0.3363999949215213,1,0,0,0.0,0,0,0.0,0.0,0.0,0.0,0.0,0,0,0,0.0,0.0,0.0,0.0,0,False,,,0,0.0,False,"(0, 1)",0.0,0.0,0.0,0,True,22,42,3.0000000000000004,1.1867410768492745,0.08030852994555354,0.9918796873046507,0.8624453328315645,0.49598065219233545,1.6199758152404193,0.8103510208483996,0.5331933803403951,False,0.12727272727272726,0.0,0,False,,0
23,marine_knownmap_path_v2_infosampled,ucb,0.0,False,mode_not_conditional,0.0,0.0,1.0,False,SEARCH,"(2, 23)","(20, 30)","(2, 28)","(22, 33)",search_info,"(22, 33)",1849,0.9976566394723365,0.9664767204474828,simple_ring_priority,False,,2,4,adaptive_knownmap_soft,6,8,28,8,0.25,3,47.12113961953124,0.0,4.601211593746684,0.0,0.0,0.0,51.722351213277925,0.0,0.0,0.0,8.0,0.0,0.0,2.0,2.0,False,0.0,soft_clearance_astar_v1,adaptive,1.0,51.722351213277925,0.0,8.0,0.0,0.0,0.0,0.0,0.0,0.0,-0.0,0.0,0.0,-0.0,0,0.0,0.0,True,0.4,0.0,0.0,0.5132803554916049,0.4867196445083951,24,24,24,1,0.9219514663109358,1.0,simple_ring,True,4.668500001571374,0.09490000047662761,0.5517000008694595,0.3363999949215213,1,0,0,0.0,0,0,0.0,0.0,0.0,0.0,0.0,0,0,0,0.0,0.0,0.0,0.0,0,False,,,0,0.0,False,"(0, 1)",0.0,0.0,0.0,0,True,23,43,3.0000000000000004,1.1886130993558055,0.08348457350272233,0.9921656896434365,0.8416167621802229,0.49598065219233545,1.6199758152404193,0.8103510208483996,0.5331933803403951,False,0.12727272727272726,0.0,0,False,,0
24,marine_knownmap_path_v2_infosampled,ucb,0.0,False,mode_not_conditional,0.0,0.0,1.0,False,SEARCH,"(2, 24)","(20, 30)","(2, 28)","(22, 33)",search_info,"(22, 33)",1849,0.9976566394723365,0.9664767204474828,simple_ring_priority,False,,1,4,adaptive_knownmap_soft,5,8,28,8,0.375,3,47.12113961953124,0.0,4.601211593746684,0.0,0.0,0.0,51.722351213277925,0.0,0.0,0.0,8.0,0.0,0.0,2.0,2.0,False,0.0,soft_clearance_astar_v1,adaptive,1.0,51.722351213277925,0.0,8.0,0.0,0.0,0.0,0.0,0.0,0.0,-0.0,0.0,0.0,-0.0,0,0.0,0.0,True,0.4,0.0,0.0,0.5132803554916049,0.4867196445083951,24,24,24,1,0.9219514663109358,1.0,simple_ring,True,4.668500001571374,0.09490000047662761,0.5517000008694595,0.3363999949215213,1,0,0,0.0,0,0,0.0,0.0,0.0,0.0,0.0,0,0,0,0.0,0.0,0.0,0.0,0,False,,,0,0.0,False,"(0, 1)",0.0,0.0,0.0,0,True,24,44,3.0,1.1906012052204153,0.0866606170598911,0.9951674317877122,0.8596485179708526,0.49598065219233545,1.6199758152404193,0.8103510208483996,0.5331933803403951,False,0.12727272727272726,0.0,0,False,,0
25,marine_knownmap_path_v2_infosampled,ucb,0.0,False,mode_not_conditional,0.0,0.0,1.0,False,SEARCH,"(2, 25)","(20, 30)","(2, 28)","(22, 33)",search_info,"(22, 33)",1849,0.9976566394723365,0.9664767204474828,simple_ring_priority,False,,0,4,adaptive_knownmap_soft,4,8,28,8,0.5,3,47.12113961953124,0.0,4.601211593746684,0.0,0.0,0.0,51.722351213277925,0.0,0.0,0.0,8.0,0.0,0.0,2.0,2.0,False,0.0,soft_clearance_astar_v1,adaptive,1.0,51.722351213277925,0.0,8.0,0.0,0.0,0.0,0.0,0.0,0.0,-0.0,0.0,0.0,-0.0,0,0.0,0.0,True,0.4,0.0,0.0,0.5132803554916049,0.4867196445083951,24,24,24,1,0.9219514663109358,1.0,simple_ring,True,4.668500001571374,0.09490000047662761,0.5517000008694595,0.3363999949215213,1,0,0,0.0,0,0,0.0,0.0,0.0,0.0,0.0,0,0,0,0.0,0.0,0.0,0.0,0,False,,,0,0.0,False,"(0, 1)",0.0,0.0,0.0,0,True,25,45,3.0000000000000004,1.1926979806477283,0.08983666061705989,0.9933960085588948,0.834307228036219,0.49598065219233545,1.6199758152404193,0.8103510208483996,0.5331933803403951,False,0.12727272727272726,0.0,0,False,,0
26,marine_knownmap_path_v2_infosampled,ucb,0.0,False,mode_not_conditional,0.0,0.0,1.0,False,SEARCH,"(2, 26)","(21, 29)","(6, 29)","(22, 33)",search_info,"(22, 33)",1811,0.9931991447681241,0.9339388862445649,simple_ring_priority,True,commit_expired,4,4,adaptive_knownmap_soft,8,8,23,8,0.625,4,52.15448280468749,1.0,4.396600232017229,0.0,0.0,0.0,56.55108303670472,1.0,0.0,0.0,8.25,0.0,0.0,2.0,3.25,False,0.0,soft_clearance_astar_v1,adaptive,1.0,56.55108303670472,1.0,8.25,0.0,0.0,0.0,0.0,6.5,0.0,-0.0,0.0,0.0,-0.0,1,0.0,0.0,True,0.282842712474619,0.0,0.0,0.4950417093898173,0.5049582906101827,24,24,24,4,1.0716461533399866,0.940487201362778,simple_ring,True,6.2914999998611165,0.05400000009103678,0.2567999999882886,0.17750000552041456,1,0,0,0.0,0,0,0.0,0.0,0.0,0.0,0.0,0,0,0,0.0,0.0,0.0,0.0,0,False,,,0,0.0,False,"(0, 1)",3.988837319607613,6.5,6.5,0,True,26,46,3.0,1.1948968628950902,0.09301270417422867,0.9999513315358058,0.8571549646640075,0.49156991184970084,1.6144623898121262,0.8075867956266528,0.4919499669900774,False,0.12727272727272726,0.0,0,False,,0
27,marine_knownmap_path_v2_infosampled,ucb,0.0,False,mode_not_conditional,0.0,0.0,1.0,False,SEARCH,"(2, 27)","(21, 29)","(6, 29)","(22, 33)",search_info,"(22, 33)",1811,0.9931991447681241,0.9339388862445649,simple_ring_priority,False,,3,4,adaptive_knownmap_soft,7,8,23,8,0.125,4,52.15448280468749,1.0,4.396600232017229,0.0,0.0,0.0,56.55108303670472,1.0,0.0,0.0,8.25,0.0,0.0,2.0,3.25,False,0.0,soft_clearance_astar_v1,adaptive,1.0,56.55108303670472,1.0,8.25,0.0,0.0,0.0,0.0,6.5,0.0,-0.0,0.0,0.0,-0.0,1,0.0,0.0,True,0.282842712474619,0.0,0.0,0.4950417093898173,0.5049582906101827,24,24,24,4,1.0716461533399866,0.940487201362778,simple_ring,True,6.2914999998611165,0.05400000009103678,0.2567999999882886,0.17750000552041456,1,0,0,0.0,0,0,0.0,0.0,0.0,0.0,0.0,0,0,0,0.0,0.0,0.0,0.0,0,False,,,0,0.0,False,"(0, 1)",3.988837319607613,6.5,6.5,0,True,27,47,3.0,1.1971919738306218,0.09618874773139746,0.9930196562108248,0.770632272089775,0.49156991184970084,1.6144623898121262,0.8075867956266528,0.4919499669900774,False,0.12727272727272726,0.0,0,False,,0
28,marine_knownmap_path_v2_infosampled,ucb,0.0,False,mode_not_conditional,0.0,0.0,1.0,False,SEARCH,"(2, 28)","(21, 29)","(6, 29)","(22, 33)",search_info,"(22, 33)",1811,0.9931991447681241,0.9339388862445649,simple_ring_priority,False,,2,4,adaptive_knownmap_soft,6,8,23,8,0.25,4,52.15448280468749,1.0,4.396600232017229,0.0,0.0,0.0,56.55108303670472,1.0,0.0,0.0,8.25,0.0,0.0,2.0,3.25,False,0.0,soft_clearance_astar_v1,adaptive,1.0,56.55108303670472,1.0,8.25,0.0,0.0,0.0,0.0,6.5,0.0,-0.0,0.0,0.0,-0.0,1,0.0,0.0,True,0.282842712474619,0.0,0.0,0.4950417093898173,0.5049582906101827,24,24,24,4,1.0716461533399866,0.940487201362778,simple_ring,True,6.2914999998611165,0.05400000009103678,0.2567999999882886,0.17750000552041456,1,0,0,0.0,0,0,0.0,0.0,0.0,0.0,0.0,0,0,0,0.0,0.0,0.0,0.0,0,False,,,0,0.0,False,"(0, 1)",3.988837319607613,6.5,6.5,0,True,28,48,2.9999999999999996,1.1995780706106711,0.09936479128856625,0.9941998519808792,0.851970983459169,0.49156991184970084,1.6144623898121262,0.8075867956266528,0.4919499669900774,False,0.12727272727272726,0.0,0,False,,0
29,marine_knownmap_path_v2_infosampled,ucb,0.0,False,mode_not_conditional,0.0,0.0,1.0,False,SEARCH,"(2, 29)","(21, 29)","(6, 29)","(22, 33)",search_info,"(22, 33)",1811,0.9931991447681241,0.9339388862445649,simple_ring_priority,False,,1,4,adaptive_knownmap_soft,5,8,23,8,0.375,4,52.15448280468749,1.0,4.396600232017229,0.0,0.0,0.0,56.55108303670472,1.0,0.0,0.0,8.25,0.0,0.0,2.0,3.25,False,0.0,soft_clearance_astar_v1,adaptive,1.0,56.55108303670472,1.0,8.25,0.0,0.0,0.0,0.0,6.5,0.0,-0.0,0.0,0.0,-0.0,1,0.0,0.0,True,0.282842712474619,0.0,0.0,0.4950417093898173,0.5049582906101827,24,24,24,4,1.0716461533399866,0.940487201362778,simple_ring,True,6.2914999998611165,0.05400000009103678,0.2567999999882886,0.17750000552041456,1,0,0,0.0,0,0,0.0,0.0,0.0,0.0,0.0,0,0,0,0.0,0.0,0.0,0.0,0,False,,,0,0.0,False,"(0, 1)",3.988837319607613,6.5,6.5,0,True,29,49,3.0,1.202050450375818,0.10254083484573502,0.9733919957620372,0.7925436035927356,0.49156991184970084,1.6144623898121262,0.8075867956266528,0.4919499669900774,False,0.12727272727272726,0.0,0,False,,0
30,marine_knownmap_path_v2_infosampled,ucb,0.0,False,mode_not_conditional,0.0,0.0,1.0,False,SEARCH,"(3, 29)","(21, 29)","(6, 29)","(22, 33)",search_info,"(22, 33)",1811,0.9931991447681241,0.9339388862445649,simple_ring_priority,False,,0,4,adaptive_knownmap_soft,4,8,23,8,0.5,4,52.15448280468749,1.0,4.396600232017229,0.0,0.0,0.0,56.55108303670472,1.0,0.0,0.0,8.25,0.0,0.0,2.0,3.25,False,0.0,soft_clearance_astar_v1,adaptive,1.0,56.55108303670472,1.0,8.25,0.0,0.0,0.0,0.0,6.5,0.0,-0.0,0.0,0.0,-0.0,1,0.0,0.0,True,0.282842712474619,0.0,0.0,0.4950417093898173,0.5049582906101827,24,24,24,4,1.0716461533399866,0.940487201362778,simple_ring,True,6.2914999998611165,0.05400000009103678,0.2567999999882886,0.17750000552041456,1,0,0,0.0,0,0,0.0,0.0,0.0,0.0,0.0,0,0,0,0.0,0.0,0.0,0.0,0,False,,,0,0.0,False,"(0, 1)",3.988837319607613,6.5,6.5,0,True,30,50,3.0,1.204699188816518,0.10526315789473684,0.9989657574575426,0.8500500969124596,0.49156991184970084,1.6144623898121262,0.8075867956266528,0.4919499669900774,False,0.09375,0.0,0,False,,0
31,marine_knownmap_path_v2_infosampled,ucb,0.0,False,mode_not_conditional,0.0,0.0,1.0,False,SEARCH,"(4, 29)","(21, 29)","(11, 29)","(22, 33)",search_info,"(22, 33)",1,0.0,0.0,simple_ring_priority,True,commit_expired,4,4,adaptive_knownmap_soft,8,8,18,8,0.625,4,69.33763011640623,1.0,4.304756212891778,1.0,0.8217604166666665,0.9158341077972949,73.642386329298,1.0,0.8217604166666665,0.9158341077972949,8.0,0.0,0.0,4.0,7.5,False,0.0,soft_clearance_astar_v1,adaptive,1.0,73.642386329298,1.0,8.0,0.0,0.0,0.0,0.0,6.5,1.8316682155945898,-0.0,0.0,0.0,-0.0,0,0.0,0.0,True,0.0,0.0,0.0,0.5136145023213294,0.48638549767867056,24,24,24,4,1.3891611785655393,0.9416119102548959,simple_ring,True,4.630100000213133,0.07079999886627775,0.4764000004797708,0.30919999881007243,1,0,0,0.0,0,0,0.0,0.0,0.0,0.0,0.0,0,0,0,0.0,0.0,0.0,0.0,0,False,,,0,0.0,False,"(1, 0)",8.320614598883257,8.33166821559459,8.33166821559459,0,True,31,51,3.0,1.2079547929825414,0.10934664246823957,0.9961451293180044,0.8458959577703498,0.4972311646702344,1.621538955837793,0.8144398906767523,0.5147109631305031,False,0.1232876712328767,0.0,0,False,,0
32,marine_knownmap_path_v2_infosampled,ucb,0.0,False,mode_not_conditional,0.0,0.0,1.0,False,SEARCH,"(5, 29)","(21, 29)","(11, 29)","(22, 33)",search_info,"(22, 33)",1,0.0,0.0,simple_ring_priority,False,,3,4,adaptive_knownmap_soft,7,8,18,8,0.125,4,69.33763011640623,1.0,4.304756212891778,1.0,0.8217604166666665,0.9158341077972949,73.642386329298,1.0,0.8217604166666665,0.9158341077972949,8.0,0.0,0.0,4.0,7.5,False,0.0,soft_clearance_astar_v1,adaptive,1.0,73.642386329298,1.0,8.0,0.0,0.0,0.0,0.0,6.5,1.8316682155945898,-0.0,0.0,0.0,-0.0,0,0.0,0.0,True,0.0,0.0,0.0,0.5136145023213294,0.48638549767867056,24,24,24,4,1.3891611785655393,0.9416119102548959,simple_ring,True,4.630100000213133,0.07079999886627775,0.4764000004797708,0.30919999881007243,1,0,0,0.0,0,0,0.0,0.0,0.0,0.0,0.0,0,0,0,0.0,0.0,0.0,0.0,0,False,,,0,0.0,False,"(1, 0)",8.320614598883257,8.33166821559459,8.33166821559459,0,True,32,52,3.0,1.211795185298244,0.11388384754990925,0.9263936553257375,0.7903891425912756,0.4972311646702344,1.621538955837793,0.8144398906767523,0.5147109631305031,False,0.125,0.0,0,False,,0
33,marine_knownmap_path_v2_infosampled,ucb,0.0,False,mode_not_conditional,0.0,0.0,1.0,False,SEARCH,"(6, 29)","(21, 29)","(11, 29)","(22, 33)",search_info,"(22, 33)",1,0.0,0.0,simple_ring_priority,False,,2,4,adaptive_knownmap_soft,6,8,18,8,0.25,4,69.33763011640623,1.0,4.304756212891778,1.0,0.8217604166666665,0.9158341077972949,73.642386329298,1.0,0.8217604166666665,0.9158341077972949,8.0,0.0,0.0,4.0,7.5,False,0.0,soft_clearance_astar_v1,adaptive,1.0,73.642386329298,1.0,8.0,0.0,0.0,0.0,0.0,6.5,1.8316682155945898,-0.0,0.0,0.0,-0.0,0,0.0,0.0,True,0.0,0.0,0.0,0.5136145023213294,0.48638549767867056,24,24,24,4,1.3891611785655393,0.9416119102548959,simple_ring,True,4.630100000213133,0.07079999886627775,0.4764000004797708,0.30919999881007243,1,0,0,0.0,0,0,0.0,0.0,0.0,0.0,0.0,0,0,0,0.0,0.0,0.0,0.0,0,False,,,0,0.0,False,"(1, 0)",8.320614598883257,8.33166821559459,8.33166821559459,0,True,33,53,3.0000000000000004,1.2161029352124813,0.11842105263157894,0.9999999994871546,0.8441062129505346,0.4972311646702344,1.621538955837793,0.8144398906767523,0.5147109631305031,False,0.12345679012345678,0.0,0,False,,0
34,marine_knownmap_path_v2_infosampled,ucb,0.0,False,mode_not_conditional,0.0,0.0,1.0,False,SEARCH,"(7, 29)","(21, 29)","(11, 29)","(22, 33)",search_info,"(22, 33)",1,0.0,0.0,simple_ring_priority,False,,1,4,adaptive_knownmap_soft,5,8,18,8,0.375,4,69.33763011640623,1.0,4.304756212891778,1.0,0.8217604166666665,0.9158341077972949,73.642386329298,1.0,0.8217604166666665,0.9158341077972949,8.0,0.0,0.0,4.0,7.5,False,0.0,soft_clearance_astar_v1,adaptive,1.0,73.642386329298,1.0,8.0,0.0,0.0,0.0,0.0,6.5,1.8316682155945898,-0.0,0.0,0.0,-0.0,0,0.0,0.0,True,0.0,0.0,0.0,0.5136145023213294,0.48638549767867056,24,24,24,4,1.3891611785655393,0.9416119102548959,simple_ring,True,4.630100000213133,0.07079999886627775,0.4764000004797708,0.30919999881007243,1,0,0,0.0,0,0,0.0,0.0,0.0,0.0,0.0,0,0,0,0.0,0.0,0.0,0.0,0,False,,,0,0.0,False,"(1, 0)",8.320614598883257,8.33166821559459,8.33166821559459,0,True,34,54,3.0,1.2207752425043488,0.12295825771324864,0.9603176030756752,0.7628975418736805,0.4972311646702344,1.621538955837793,0.8144398906767523,0.5147109631305031,False,0.13580246913580246,0.012345679012345678,0,False,,0
35,marine_knownmap_path_v2_infosampled,ucb,0.0,False,mode_not_conditional,0.0,0.0,1.0,False,SEARCH,"(8, 29)","(21, 29)","(11, 29)","(22, 33)",search_info,"(22, 33)",1,0.0,0.0,simple_ring_priority,False,,0,4,adaptive_knownmap_soft,4,8,18,8,0.5,4,69.33763011640623,1.0,4.304756212891778,1.0,0.8217604166666665,0.9158341077972949,73.642386329298,1.0,0.8217604166666665,0.9158341077972949,8.0,0.0,0.0,4.0,7.5,False,0.0,soft_clearance_astar_v1,adaptive,1.0,73.642386329298,1.0,8.0,0.0,0.0,0.0,0.0,6.5,1.8316682155945898,-0.0,0.0,0.0,-0.0,0,0.0,0.0,True,0.0,0.0,0.0,0.5136145023213294,0.48638549767867056,24,24,24,4,1.3891611785655393,0.9416119102548959,simple_ring,True,4.630100000213133,0.07079999886627775,0.4764000004797708,0.30919999881007243,1,0,0,0.0,0,0,0.0,0.0,0.0,0.0,0.0,0,0,0,0.0,0.0,0.0,0.0,0,False,,,0,0.0,False,"(1, 0)",8.320614598883257,8.33166821559459,8.33166821559459,0,True,35,55,2.999999999999999,1.225727411239171,0.1279491833030853,0.9730441019996199,0.7858800571527688,0.4972311646702344,1.621538955837793,0.8144398906767523,0.5147109631305031,False,0.13580246913580246,0.0,0,False,,0
36,marine_knownmap_path_v2_infosampled,ucb,0.0,False,mode_not_conditional,0.0,0.0,1.0,False,SEARCH,"(9, 29)","(20, 29)","(16, 29)","(23, 31)",search_info,"(23, 31)",1580,0.9731632209451069,0.9064928639027162,simple_ring_priority,True,commit_expired,4,4,adaptive_knownmap_soft,8,8,12,8,0.625,5,74.04750511640623,1.0,4.845338495927494,1.0,0.0,0.0,78.89284361233372,1.0,0.0,0.0,8.0,0.0,0.0,9.0,12.5,False,0.0,soft_clearance_astar_v1,adaptive,1.0,78.89284361233372,1.0,8.0,0.0,0.0,0.0,0.0,6.5,0.0,-0.0,0.0,0.0,-0.0,0,0.0,0.0,False,0.2,0.0,0.0,0.48982270223411684,0.5101772977658832,24,24,24,1,1.5836383201785313,1.0,simple_ring,True,4.690800000389572,0.05450000389828347,0.5275999992591096,0.3155000104015926,1,0,0,0.0,0,0,0.0,0.0,0.0,0.0,0.0,0,0,0,0.0,0.0,0.0,0.0,0,False,,,0,0.0,False,"(1, 0)",6.486536549162273,6.5,6.5,1,True,36,56,3.0000000000000004,1.2308966593433661,0.13294010889292196,0.9731878749439842,0.8055374754764176,0.5376298484656477,1.6720373105820596,0.9622659057428854,0.2965546645004983,True,0.13580246913580246,0.0,0,False,,0
37,marine_knownmap_path_v2_infosampled,ucb,0.0,False,mode_not_conditional,0.0,0.0,1.0,False,SEARCH,"(10, 29)","(20, 29)","(16, 29)","(23, 31)",search_info,"(23, 31)",1580,0.9731632209451069,0.9064928639027162,simple_ring_priority,False,,3,4,adaptive_knownmap_soft,7,8,12,8,0.125,5,74.04750511640623,1.0,4.845338495927494,1.0,0.0,0.0,78.89284361233372,1.0,0.0,0.0,8.0,0.0,0.0,9.0,12.5,False,0.0,soft_clearance_astar_v1,adaptive,1.0,78.89284361233372,1.0,8.0,0.0,0.0,0.0,0.0,6.5,0.0,-0.0,0.0,0.0,-0.0,0,0.0,0.0,False,0.2,0.0,0.0,0.48982270223411684,0.5101772977658832,24,24,24,1,1.5836383201785313,1.0,simple_ring,True,4.690800000389572,0.05450000389828347,0.5275999992591096,0.3155000104015926,1,0,0,0.0,0,0,0.0,0.0,0.0,0.0,0.0,0,0,0,0.0,0.0,0.0,0.0,0,False,,,0,0.0,False,"(1, 0)",6.486536549162273,6.5,6.5,1,True,37,57,3.0,1.2362391344436487,0.13793103448275862,0.9733498017492757,0.7799028129989517,0.5376298484656477,1.6720373105820596,0.9622659057428854,0.2965546645004983,True,0.13580246913580246,0.0,0,False,,0
38,marine_knownmap_path_v2_infosampled,ucb,0.0,False,mode_not_conditional,0.0,0.0,1.0,False,SEARCH,"(11, 29)","(20, 29)","(16, 29)","(23, 31)",search_info,"(23, 31)",1580,0.9731632209451069,0.9064928639027162,simple_ring_priority,False,,2,4,adaptive_knownmap_soft,6,8,12,8,0.25,5,74.04750511640623,1.0,4.845338495927494,1.0,0.0,0.0,78.89284361233372,1.0,0.0,0.0,8.0,0.0,0.0,9.0,12.5,False,0.0,soft_clearance_astar_v1,adaptive,1.0,78.89284361233372,1.0,8.0,0.0,0.0,0.0,0.0,6.5,0.0,-0.0,0.0,0.0,-0.0,0,0.0,0.0,False,0.2,0.0,0.0,0.48982270223411684,0.5101772977658832,24,24,24,1,1.5836383201785313,1.0,simple_ring,True,4.690800000389572,0.05450000389828347,0.5275999992591096,0.3155000104015926,1,0,0,0.0,0,0,0.0,0.0,0.0,0.0,0.0,0,0,0,0.0,0.0,0.0,0.0,0,False,,,0,0.0,False,"(1, 0)",6.486536549162273,6.5,6.5,1,True,38,58,3.0,1.2417252310871008,0.14292196007259528,0.9734923141238042,0.8113845859458495,0.5376298484656477,1.6720373105820596,0.9622659057428854,0.2965546645004983,True,0.13580246913580246,0.0,0,False,,0
39,marine_knownmap_path_v2_infosampled,ucb,0.0,False,mode_not_conditional,0.0,0.0,1.0,False,SEARCH,"(12, 29)","(20, 29)","(16, 29)","(23, 31)",search_info,"(23, 31)",1580,0.9731632209451069,0.9064928639027162,simple_ring_priority,False,,1,4,adaptive_knownmap_soft,5,8,12,8,0.375,5,74.04750511640623,1.0,4.845338495927494,1.0,0.0,0.0,78.89284361233372,1.0,0.0,0.0,8.0,0.0,0.0,9.0,12.5,False,0.0,soft_clearance_astar_v1,adaptive,1.0,78.89284361233372,1.0,8.0,0.0,0.0,0.0,0.0,6.5,0.0,-0.0,0.0,0.0,-0.0,0,0.0,0.0,False,0.2,0.0,0.0,0.48982270223411684,0.5101772977658832,24,24,24,1,1.5836383201785313,1.0,simple_ring,True,4.690800000389572,0.05450000389828347,0.5275999992591096,0.3155000104015926,1,0,0,0.0,0,0,0.0,0.0,0.0,0.0,0.0,0,0,0,0.0,0.0,0.0,0.0,0,False,,,0,0.0,False,"(1, 0)",6.486536549162273,6.5,6.5,1,True,39,59,2.9999999999999996,1.2473356606572747,0.14791288566243194,0.973703728648562,0.7383582735579459,0.5376298484656477,1.6720373105820596,0.9622659057428854,0.2965546645004983,True,0.13580246913580246,0.0,0,False,,0
40,marine_knownmap_path_v2_infosampled,ucb,0.0,False,mode_not_conditional,0.0,0.0,1.0,False,SEARCH,"(13, 29)","(20, 29)","(16, 29)","(23, 31)",search_info,"(23, 31)",1580,0.9731632209451069,0.9064928639027162,simple_ring_priority,False,,0,4,adaptive_knownmap_soft,4,8,12,8,0.5,5,74.04750511640623,1.0,4.845338495927494,1.0,0.0,0.0,78.89284361233372,1.0,0.0,0.0,8.0,0.0,0.0,9.0,12.5,False,0.0,soft_clearance_astar_v1,adaptive,1.0,78.89284361233372,1.0,8.0,0.0,0.0,0.0,0.0,6.5,0.0,-0.0,0.0,0.0,-0.0,0,0.0,0.0,False,0.2,0.0,0.0,0.48982270223411684,0.5101772977658832,24,24,24,1,1.5836383201785313,1.0,simple_ring,True,4.690800000389572,0.05450000389828347,0.5275999992591096,0.3155000104015926,1,0,0,0.0,0,0,0.0,0.0,0.0,0.0,0.0,0,0,0,0.0,0.0,0.0,0.0,0,False,,,0,0.0,False,"(1, 0)",6.486536549162273,6.5,6.5,1,True,40,60,3.0,1.2530583689432846,0.1529038112522686,0.9737532225500447,0.7167285447493686,0.5376298484656477,1.6720373105820596,0.9622659057428854,0.2965546645004983,True,0.13580246913580246,0.0,0,False,,0
41,marine_knownmap_path_v2_infosampled,ucb,0.0,False,mode_not_conditional,0.0,0.0,1.0,False,SEARCH,"(14, 29)","(21, 29)","(21, 29)","(24, 32)",search_info,"(24, 32)",1343,0.9738697028459213,0.851866149221337,simple_ring_priority,True,commit_expired,4,4,adaptive_knownmap_soft,8,8,8,8,0.625,6,74.04750511640623,1.0,5.996606998090457,1.0,0.0,0.0,80.04411211449668,1.0,0.0,0.0,8.0,0.8,0.0,14.0,17.0,False,0.0,soft_clearance_astar_v1,adaptive,1.0,80.04411211449668,1.0,8.0,0.8,0.0,0.0,0.0,6.5,0.0,-0.27999999999999997,0.0,0.0,-0.0,0,0.0,0.0,True,0.2,0.0,0.0,0.5134414810184776,0.48655851898152247,24,24,24,5,1.6081324076081902,0.8213360446663573,simple_ring,True,4.441499999302323,0.07240000013553072,0.8364999994228128,0.5377999950724188,1,0,0,0.0,0,0,0.0,0.0,0.0,0.0,0.0,0,0,0,0.0,0.0,0.0,0.0,0,False,,,0,0.0,False,"(1, 0)",3.304954812038311,6.22,6.22,1,True,41,61,2.9999999999999996,1.2588861615887639,0.15789473684210525,0.9738878001242006,0.6775444410152283,0.7408791206141563,1.9260989007676954,1.171771102601794,0.48298032866645946,True,0.13580246913580246,0.0,0,False,,0
42,marine_knownmap_path_v2_infosampled,ucb,0.0,False,mode_not_conditional,0.0,0.0,1.0,False,SEARCH,"(15, 29)","(21, 29)","(21, 29)","(24, 32)",search_info,"(24, 32)",1343,0.9738697028459213,0.851866149221337,simple_ring_priority,False,,3,4,adaptive_knownmap_soft,7,8,8,8,0.125,6,74.04750511640623,1.0,5.996606998090457,1.0,0.0,0.0,80.04411211449668,1.0,0.0,0.0,8.0,0.8,0.0,14.0,17.0,False,0.0,soft_clearance_astar_v1,adaptive,1.0,80.04411211449668,1.0,8.0,0.8,0.0,0.0,0.0,6.5,0.0,-0.27999999999999997,0.0,0.0,-0.0,0,0.0,0.0,True,0.2,0.0,0.0,0.5134414810184776,0.48655851898152247,24,24,24,5,1.6081324076081902,0.8213360446663573,simple_ring,True,4.441499999302323,0.07240000013553072,0.8364999994228128,0.5377999950724188,1,0,0,0.0,0,0,0.0,0.0,0.0,0.0,0.0,0,0,0,0.0,0.0,0.0,0.0,0,False,,,0,0.0,False,"(1, 0)",3.304954812038311,6.22,6.22,1,True,42,62,2.9999999999999996,1.2648149541649922,0.1628856624319419,0.9743443924248683,0.7376144276197434,0.7408791206141563,1.9260989007676954,1.171771102601794,0.48298032866645946,True,0.13580246913580246,0.0,0,False,,0
43,marine_knownmap_path_v2_infosampled,ucb,0.0,False,mode_not_conditional,0.0,0.0,1.0,False,SEARCH,"(16, 29)","(21, 29)","(21, 29)","(24, 32)",search_info,"(24, 32)",1343,0.9738697028459213,0.851866149221337,simple_ring_priority,False,,2,4,adaptive_knownmap_soft,6,8,8,8,0.25,6,74.04750511640623,1.0,5.996606998090457,1.0,0.0,0.0,80.04411211449668,1.0,0.0,0.0,8.0,0.8,0.0,14.0,17.0,False,0.0,soft_clearance_astar_v1,adaptive,1.0,80.04411211449668,1.0,8.0,0.8,0.0,0.0,0.0,6.5,0.0,-0.27999999999999997,0.0,0.0,-0.0,0,0.0,0.0,True,0.2,0.0,0.0,0.5134414810184776,0.48655851898152247,24,24,24,5,1.6081324076081902,0.8213360446663573,simple_ring,True,4.441499999302323,0.07240000013553072,0.8364999994228128,0.5377999950724188,1,0,0,0.0,0,0,0.0,0.0,0.0,0.0,0.0,0,0,0,0.0,0.0,0.0,0.0,0,False,,,0,0.0,False,"(1, 0)",3.304954812038311,6.22,6.22,1,True,43,63,3.0,1.2708425641153167,0.16787658802177857,0.9742763119837826,0.6671992115106531,0.7408791206141563,1.9260989007676954,1.171771102601794,0.48298032866645946,True,0.13580246913580246,0.0,0,False,,0
44,marine_knownmap_path_v2_infosampled,ucb,0.0,False,mode_not_conditional,0.0,0.0,1.0,False,SEARCH,"(17, 29)","(21, 29)","(21, 29)","(24, 32)",search_info,"(24, 32)",1343,0.9738697028459213,0.851866149221337,simple_ring_priority,False,,1,4,adaptive_knownmap_soft,5,8,8,8,0.375,6,74.04750511640623,1.0,5.996606998090457,1.0,0.0,0.0,80.04411211449668,1.0,0.0,0.0,8.0,0.8,0.0,14.0,17.0,False,0.0,soft_clearance_astar_v1,adaptive,1.0,80.04411211449668,1.0,8.0,0.8,0.0,0.0,0.0,6.5,0.0,-0.27999999999999997,0.0,0.0,-0.0,0,0.0,0.0,True,0.2,0.0,0.0,0.5134414810184776,0.48655851898152247,24,24,24,5,1.6081324076081902,0.8213360446663573,simple_ring,True,4.441499999302323,0.07240000013553072,0.8364999994228128,0.5377999950724188,1,0,0,0.0,0,0,0.0,0.0,0.0,0.0,0.0,0,0,0,0.0,0.0,0.0,0.0,0,False,,,0,0.0,False,"(1, 0)",3.304954812038311,6.22,6.22,1,True,44,64,3.0000000000000004,1.2769679367121376,0.17286751361161526,0.9750683317090928,0.5553975888767299,0.7408791206141563,1.9260989007676954,1.171771102601794,0.48298032866645946,True,0.13580246913580246,0.0,0,False,,0
45,marine_knownmap_path_v2_infosampled,ucb,0.0,False,mode_not_conditional,0.0,0.0,1.0,False,SEARCH,"(18, 29)","(21, 29)","(21, 29)","(24, 32)",search_info,"(24, 32)",1343,0.9738697028459213,0.851866149221337,simple_ring_priority,False,,0,4,adaptive_knownmap_soft,4,8,8,8,0.5,6,74.04750511640623,1.0,5.996606998090457,1.0,0.0,0.0,80.04411211449668,1.0,0.0,0.0,8.0,0.8,0.0,14.0,17.0,False,0.0,soft_clearance_astar_v1,adaptive,1.0,80.04411211449668,1.0,8.0,0.8,0.0,0.0,0.0,6.5,0.0,-0.27999999999999997,0.0,0.0,-0.0,0,0.0,0.0,True,0.2,0.0,0.0,0.5134414810184776,0.48655851898152247,24,24,24,5,1.6081324076081902,0.8213360446663573,simple_ring,True,4.441499999302323,0.07240000013553072,0.8364999994228128,0.5377999950724188,1,0,0,0.0,0,0,0.0,0.0,0.0,0.0,0.0,0,0,0,0.0,0.0,0.0,0.0,0,False,,,0,0.0,False,"(1, 0)",3.304954812038311,6.22,6.22,1,True,45,65,2.9999999999999996,1.2831906901555066,0.17785843920145192,0.9748126276554512,0.5970802472081551,0.7408791206141563,1.9260989007676954,1.171771102601794,0.48298032866645946,True,0.13580246913580246,0.0,0,False,,0
46,marine_knownmap_path_v2_infosampled,ucb,0.0,False,mode_not_conditional,0.0,0.0,1.0,False,SEARCH,"(18, 28)","(19, 21)","(18, 21)","(22, 19)",search_info,"(22, 19)",31,0.9466707767101443,0.8861421756835085,simple_ring_priority,True,commit_expired,4,4,adaptive_knownmap_soft,8,8,9,8,0.625,7,64.57312386640623,0.7779615628319393,4.747658933427577,0.6526988307455122,0.7642873263888887,1.0,69.32078279983381,0.7692974896186582,0.7642873263888887,1.0,8.0,0.9523809523809523,0.0,18.0,18.0,False,0.0,soft_clearance_astar_v1,adaptive,1.0,69.32078279983381,0.7692974896186582,8.0,0.9523809523809523,0.0,0.0,0.0,5.000433682521278,2.0,-0.3333333333333333,0.0,0.0,-0.0,0,0.0,0.0,False,1.0,0.0,0.0,0.4988693074344368,0.5011306925655632,24,24,24,3,1.3105465600282609,0.9214332075877164,simple_ring,True,4.984600000170758,0.07670000377402175,1.0761999983515125,0.6426000145438593,1,0,0,0.0,0,0,0.0,0.0,0.0,0.0,0.0,0,0,0,0.0,0.0,0.0,0.0,0,False,,,0,0.0,False,"(0, -1)",0.0,6.667100349187945,6.667100349187945,2,True,46,66,3.0,1.287743472999704,0.18058076225045372,0.9749682262422312,0.6561102078077072,0.6875273194339471,1.8594091492924338,1.2302759100928495,0.4188097750376979,True,0.07407407407407407,0.0,0,False,,0
47,marine_knownmap_path_v2_infosampled,ucb,0.0,False,mode_not_conditional,0.0,0.0,1.0,False,SEARCH,"(18, 27)","(19, 21)","(18, 21)","(22, 19)",search_info,"(22, 19)",31,0.9466707767101443,0.8861421756835085,simple_ring_priority,False,,3,4,adaptive_knownmap_soft,7,8,9,8,0.125,7,64.57312386640623,0.7779615628319393,4.747658933427577,0.6526988307455122,0.7642873263888887,1.0,69.32078279983381,0.7692974896186582,0.7642873263888887,1.0,8.0,0.9523809523809523,0.0,18.0,18.0,False,0.0,soft_clearance_astar_v1,adaptive,1.0,69.32078279983381,0.7692974896186582,8.0,0.9523809523809523,0.0,0.0,0.0,5.000433682521278,2.0,-0.3333333333333333,0.0,0.0,-0.0,0,0.0,0.0,False,1.0,0.0,0.0,0.4988693074344368,0.5011306925655632,24,24,24,3,1.3105465600282609,0.9214332075877164,simple_ring,True,4.984600000170758,0.07670000377402175,1.0761999983515125,0.6426000145438593,1,0,0,0.0,0,0,0.0,0.0,0.0,0.0,0.0,0,0,0,0.0,0.0,0.0,0.0,0,False,,,0,0.0,False,"(0, -1)",0.0,6.667100349187945,6.667100349187945,2,True,47,67,3.0000000000000004,1.2923867736416028,0.18466424682395643,0.9755830251057813,0.6260824842511857,0.6875273194339471,1.8594091492924338,1.2302759100928495,0.4188097750376979,True,0.1111111111111111,0.0,0,False,,0
48,marine_knownmap_path_v2_infosampled,ucb,0.0,False,mode_not_conditional,0.0,0.0,1.0,False,SEARCH,"(18, 26)","(19, 21)","(18, 21)","(22, 19)",search_info,"(22, 19)",31,0.9466707767101443,0.8861421756835085,simple_ring_priority,False,,2,4,adaptive_knownmap_soft,6,8,9,8,0.25,7,64.57312386640623,0.7779615628319393,4.747658933427577,0.6526988307455122,0.7642873263888887,1.0,69.32078279983381,0.7692974896186582,0.7642873263888887,1.0,8.0,0.9523809523809523,0.0,18.0,18.0,False,0.0,soft_clearance_astar_v1,adaptive,1.0,69.32078279983381,0.7692974896186582,8.0,0.9523809523809523,0.0,0.0,0.0,5.000433682521278,2.0,-0.3333333333333333,0.0,0.0,-0.0,0,0.0,0.0,False,1.0,0.0,0.0,0.4988693074344368,0.5011306925655632,24,24,24,3,1.3105465600282609,0.9214332075877164,simple_ring,True,4.984600000170758,0.07670000377402175,1.0761999983515125,0.6426000145438593,1,0,0,0.0,0,0,0.0,0.0,0.0,0.0,0.0,0,0,0,0.0,0.0,0.0,0.0,0,False,,,0,0.0,False,"(0, -1)",0.0,6.667100349187945,6.667100349187945,2,True,48,68,3.0,1.2975336549307834,0.18920145190562612,0.977548895805811,0.6194966594048846,0.6875273194339471,1.8594091492924338,1.2302759100928495,0.4188097750376979,True,0.12345679012345678,0.0,0,False,,0
49,marine_knownmap_path_v2_infosampled,ucb,0.0,False,mode_not_conditional,0.0,0.0,1.0,False,SEARCH,"(18, 25)","(19, 21)","(18, 21)","(22, 19)",search_info,"(22, 19)",31,0.9466707767101443,0.8861421756835085,simple_ring_priority,False,,1,4,adaptive_knownmap_soft,5,8,9,8,0.375,7,64.57312386640623,0.7779615628319393,4.747658933427577,0.6526988307455122,0.7642873263888887,1.0,69.32078279983381,0.7692974896186582,0.7642873263888887,1.0,8.0,0.9523809523809523,0.0,18.0,18.0,False,0.0,soft_clearance_astar_v1,adaptive,1.0,69.32078279983381,0.7692974896186582,8.0,0.9523809523809523,0.0,0.0,0.0,5.000433682521278,2.0,-0.3333333333333333,0.0,0.0,-0.0,0,0.0,0.0,False,1.0,0.0,0.0,0.4988693074344368,0.5011306925655632,24,24,24,3,1.3105465600282609,0.9214332075877164,simple_ring,True,4.984600000170758,0.07670000377402175,1.0761999983515125,0.6426000145438593,1,0,0,0.0,0,0,0.0,0.0,0.0,0.0,0.0,0,0,0,0.0,0.0,0.0,0.0,0,False,,,0,0.0,False,"(0, -1)",0.0,6.667100349187945,6.667100349187945,2,True,49,69,3.0,1.3031774211700846,0.19373865698729584,0.977742778914276,0.6026591770904012,0.6875273194339471,1.8594091492924338,1.2302759100928495,0.4188097750376979,True,0.12345679012345678,0.0,0,False,,0
50,marine_knownmap_path_v2_infosampled,ucb,0.0,False,mode_not_conditional,0.0,0.0,1.0,False,SEARCH,"(18, 24)","(19, 21)","(18, 21)","(22, 19)",search_info,"(22, 19)",31,0.9466707767101443,0.8861421756835085,simple_ring_priority,False,,0,4,adaptive_knownmap_soft,4,8,9,8,0.5,7,64.57312386640623,0.7779615628319393,4.747658933427577,0.6526988307455122,0.7642873263888887,1.0,69.32078279983381,0.7692974896186582,0.7642873263888887,1.0,8.0,0.9523809523809523,0.0,18.0,18.0,False,0.0,soft_clearance_astar_v1,adaptive,1.0,69.32078279983381,0.7692974896186582,8.0,0.9523809523809523,0.0,0.0,0.0,5.000433682521278,2.0,-0.3333333333333333,0.0,0.0,-0.0,0,0.0,0.0,False,1.0,0.0,0.0,0.4988693074344368,0.5011306925655632,24,24,24,3,1.3105465600282609,0.9214332075877164,simple_ring,True,4.984600000170758,0.07670000377402175,1.0761999983515125,0.6426000145438593,1,0,0,0.0,0,0,0.0,0.0,0.0,0.0,0.0,0,0,0,0.0,0.0,0.0,0.0,0,False,,,0,0.0,False,"(0, -1)",0.0,6.667100349187945,6.667100349187945,2,True,50,70,3.0,1.3092155573254591,0.19827586206896552,0.977933844630825,0.609176084314803,0.6875273194339471,1.8594091492924338,1.2302759100928495,0.4188097750376979,True,0.13580246913580246,0.012345679012345678,0,False,,0
51,marine_knownmap_path_v2_infosampled,ucb,0.0,False,mode_not_conditional,0.0,0.0,1.0,False,SEARCH,"(18, 23)","(19, 16)","(18, 16)","(23, 16)",search_info,"(23, 16)",3,0.8366165787019388,0.8344903215469518,simple_ring_priority,True,commit_expired,4,4,adaptive_knownmap_soft,8,8,9,8,0.625,8,74.04750511640623,1.0,4.864488814757945,0.9374640606503186,0.0,0.0,78.91199393116418,1.0,0.0,0.0,8.0,0.9375,0.0,16.0,17.625,False,0.0,soft_clearance_astar_v1,adaptive,1.0,78.91199393116418,1.0,8.0,0.9375,0.0,0.0,0.0,6.5,0.0,-0.328125,0.0,0.0,-0.0,0,0.0,0.0,False,1.0,0.0,0.0,0.4321332789977473,0.5678667210022527,24,24,24,1,1.3312301055303897,1.0,simple_ring,True,4.352099998868653,0.12290000449866056,1.2859999987995252,0.7843999974284088,1,0,0,0.0,0,0,0.0,0.0,0.0,0.0,0.0,0,0,0,0.0,0.0,0.0,0.0,0,False,,,0,0.0,False,"(0, -1)",2.0162475461799594,6.171875,6.171875,3,True,51,71,2.9999999999999996,1.3155505486800068,0.20326678765880218,0.9770145246390791,0.6090651261119713,0.4831145515076297,1.6038931893845372,1.0156829446384943,0.21908025880322102,False,0.13580246913580246,0.0,0,False,,0
52,marine_knownmap_path_v2_infosampled,ucb,0.0,False,mode_not_conditional,0.0,0.0,1.0,False,SEARCH,"(18, 22)","(19, 16)","(18, 16)","(23, 16)",search_info,"(23, 16)",3,0.8366165787019388,0.8344903215469518,simple_ring_priority,False,,3,4,adaptive_knownmap_soft,7,8,9,8,0.125,8,74.04750511640623,1.0,4.864488814757945,0.9374640606503186,0.0,0.0,78.91199393116418,1.0,0.0,0.0,8.0,0.9375,0.0,16.0,17.625,False,0.0,soft_clearance_astar_v1,adaptive,1.0,78.91199393116418,1.0,8.0,0.9375,0.0,0.0,0.0,6.5,0.0,-0.328125,0.0,0.0,-0.0,0,0.0,0.0,False,1.0,0.0,0.0,0.4321332789977473,0.5678667210022527,24,24,24,1,1.3312301055303897,1.0,simple_ring,True,4.352099998868653,0.12290000449866056,1.2859999987995252,0.7843999974284088,1,0,0,0.0,0,0,0.0,0.0,0.0,0.0,0.0,0,0,0,0.0,0.0,0.0,0.0,0,False,,,0,0.0,False,"(0, -1)",2.0162475461799594,6.171875,6.171875,3,True,52,72,3.0,1.322109494294055,0.20825771324863884,0.9772051624506454,0.5992981037505178,0.4831145515076297,1.6038931893845372,1.0156829446384943,0.21908025880322102,False,0.13580246913580246,0.0,0,False,,0
53,marine_knownmap_path_v2_infosampled,ucb,0.0,False,mode_not_conditional,0.0,0.0,1.0,False,SEARCH,"(18, 21)","(19, 16)","(18, 16)","(23, 16)",search_info,"(23, 16)",3,0.8366165787019388,0.8344903215469518,simple_ring_priority,False,,2,4,adaptive_knownmap_soft,6,8,9,8,0.25,8,74.04750511640623,1.0,4.864488814757945,0.9374640606503186,0.0,0.0,78.91199393116418,1.0,0.0,0.0,8.0,0.9375,0.0,16.0,17.625,False,0.0,soft_clearance_astar_v1,adaptive,1.0,78.91199393116418,1.0,8.0,0.9375,0.0,0.0,0.0,6.5,0.0,-0.328125,0.0,0.0,-0.0,0,0.0,0.0,False,1.0,0.0,0.0,0.4321332789977473,0.5678667210022527,24,24,24,1,1.3312301055303897,1.0,simple_ring,True,4.352099998868653,0.12290000449866056,1.2859999987995252,0.7843999974284088,1,0,0,0.0,0,0,0.0,0.0,0.0,0.0,0.0,0,0,0,0.0,0.0,0.0,0.0,0,False,,,0,0.0,False,"(0, -1)",2.0162475461799594,6.171875,6.171875,3,True,53,73,3.0,1.3288418705838216,0.2132486388384755,0.9773246778404165,0.5994833723594719,0.4831145515076297,1.6038931893845372,1.0156829446384943,0.21908025880322102,False,0.13580246913580246,0.0,0,False,,0
54,marine_knownmap_path_v2_infosampled,ucb,0.0,False,mode_not_conditional,0.0,0.0,1.0,False,SEARCH,"(18, 20)","(19, 16)","(18, 16)","(23, 16)",search_info,"(23, 16)",3,0.8366165787019388,0.8344903215469518,simple_ring_priority,False,,1,4,adaptive_knownmap_soft,5,8,9,8,0.375,8,74.04750511640623,1.0,4.864488814757945,0.9374640606503186,0.0,0.0,78.91199393116418,1.0,0.0,0.0,8.0,0.9375,0.0,16.0,17.625,False,0.0,soft_clearance_astar_v1,adaptive,1.0,78.91199393116418,1.0,8.0,0.9375,0.0,0.0,0.0,6.5,0.0,-0.328125,0.0,0.0,-0.0,0,0.0,0.0,False,1.0,0.0,0.0,0.4321332789977473,0.5678667210022527,24,24,24,1,1.3312301055303897,1.0,simple_ring,True,4.352099998868653,0.12290000449866056,1.2859999987995252,0.7843999974284088,1,0,0,0.0,0,0,0.0,0.0,0.0,0.0,0.0,0,0,0,0.0,0.0,0.0,0.0,0,False,,,0,0.0,False,"(0, -1)",2.0162475461799594,6.171875,6.171875,3,True,54,74,3.0000000000000004,1.335714178566126,0.21823956442831216,0.9774340316418821,0.5958865269112933,0.4831145515076297,1.6038931893845372,1.0156829446384943,0.21908025880322102,False,0.13580246913580246,0.0,0,False,,0
55,marine_knownmap_path_v2_infosampled,ucb,0.0,False,mode_not_conditional,0.0,0.0,1.0,False,SEARCH,"(18, 19)","(19, 16)","(18, 16)","(23, 16)",search_info,"(23, 16)",3,0.8366165787019388,0.8344903215469518,simple_ring_priority,False,,0,4,adaptive_knownmap_soft,4,8,9,8,0.5,8,74.04750511640623,1.0,4.864488814757945,0.9374640606503186,0.0,0.0,78.91199393116418,1.0,0.0,0.0,8.0,0.9375,0.0,16.0,17.625,False,0.0,soft_clearance_astar_v1,adaptive,1.0,78.91199393116418,1.0,8.0,0.9375,0.0,0.0,0.0,6.5,0.0,-0.328125,0.0,0.0,-0.0,0,0.0,0.0,False,1.0,0.0,0.0,0.4321332789977473,0.5678667210022527,24,24,24,1,1.3312301055303897,1.0,simple_ring,True,4.352099998868653,0.12290000449866056,1.2859999987995252,0.7843999974284088,1,0,0,0.0,0,0,0.0,0.0,0.0,0.0,0.0,0,0,0,0.0,0.0,0.0,0.0,0,False,,,0,0.0,False,"(0, -1)",2.0162475461799594,6.171875,6.171875,3,True,55,75,3.0,1.342705321705662,0.22323049001814882,0.9774530722077377,0.5974971372843372,0.4831145515076297,1.6038931893845372,1.0156829446384943,0.21908025880322102,False,0.13580246913580246,0.0,0,False,,0
56,marine_knownmap_path_v2_infosampled,ucb,0.0,False,mode_not_conditional,0.0,0.0,1.0,False,SEARCH,"(19, 19)","(26, 19)","(26, 19)","(23, 16)",search_info,"(23, 16)",1,0.0,0.0,simple_ring_priority,True,commit_expired,4,4,adaptive_knownmap_soft,8,8,8,8,0.625,9,64.57312386640623,0.949464027715808,4.446761790558932,1.0,0.7642873263888887,0.33205387627551,69.01988565696517,0.9556261149685638,0.7642873263888887,0.33205387627551,8.0,0.9375,0.0,13.0,16.375,False,0.0,soft_clearance_astar_v1,adaptive,1.0,69.01988565696517,0.9556261149685638,8.0,0.9375,0.0,0.0,0.0,6.211569747295664,0.66410775255102,-0.328125,0.0,0.0,-0.0,0,0.0,0.0,True,1.0,0.0,0.0,0.12064853991926351,0.8793514600807365,24,24,24,3,1.165804262093617,0.9432693206713988,simple_ring,True,5.250000000160071,0.08169999819074292,0.5894000005355338,0.5161000008229166,1,0,0,0.0,0,0,0.0,0.0,0.0,0.0,0.0,0,0,0,0.0,0.0,0.0,0.0,0,False,,,0,0.0,False,"(1, 0)",3.4364382423732835,6.5475524998466845,6.5475524998466845,3,True,56,76,3.0,1.3479580153434423,0.22595281306715065,0.9775089373581929,0.5896639561528283,0.41112496526094994,1.5139062065761875,0.5496294105240064,0.16217938892732156,False,0.07407407407407407,0.0,0,False,,0
57,marine_knownmap_path_v2_infosampled,ucb,0.0,False,mode_not_conditional,0.0,0.0,1.0,False,SEARCH,"(20, 19)","(26, 19)","(26, 19)","(23, 16)",search_info,"(23, 16)",1,0.0,0.0,simple_ring_priority,False,,3,4,adaptive_knownmap_soft,7,8,8,8,0.125,9,64.57312386640623,0.949464027715808,4.446761790558932,1.0,0.7642873263888887,0.33205387627551,69.01988565696517,0.9556261149685638,0.7642873263888887,0.33205387627551,8.0,0.9375,0.0,13.0,16.375,False,0.0,soft_clearance_astar_v1,adaptive,1.0,69.01988565696517,0.9556261149685638,8.0,0.9375,0.0,0.0,0.0,6.211569747295664,0.66410775255102,-0.328125,0.0,0.0,-0.0,0,0.0,0.0,True,1.0,0.0,0.0,0.12064853991926351,0.8793514600807365,24,24,24,3,1.165804262093617,0.9432693206713988,simple_ring,True,5.250000000160071,0.08169999819074292,0.5894000005355338,0.5161000008229166,1,0,0,0.0,0,0,0.0,0.0,0.0,0.0,0.0,0,0,0,0.0,0.0,0.0,0.0,0,False,,,0,0.0,False,"(1, 0)",3.4364382423732835,6.5475524998466845,6.5475524998466845,3,True,57,77,3.0,1.3533350669290096,0.23003629764065336,0.9774691593284099,0.5881936945520604,0.41112496526094994,1.5139062065761875,0.5496294105240064,0.16217938892732156,False,0.1111111111111111,0.0,0,False,,0
58,marine_knownmap_path_v2_infosampled,ucb,0.0,False,mode_not_conditional,0.0,0.0,1.0,False,SEARCH,"(21, 19)","(26, 19)","(26, 19)","(23, 16)",search_info,"(23, 16)",1,0.0,0.0,simple_ring_priority,False,,2,4,adaptive_knownmap_soft,6,8,8,8,0.25,9,64.57312386640623,0.949464027715808,4.446761790558932,1.0,0.7642873263888887,0.33205387627551,69.01988565696517,0.9556261149685638,0.7642873263888887,0.33205387627551,8.0,0.9375,0.0,13.0,16.375,False,0.0,soft_clearance_astar_v1,adaptive,1.0,69.01988565696517,0.9556261149685638,8.0,0.9375,0.0,0.0,0.0,6.211569747295664,0.66410775255102,-0.328125,0.0,0.0,-0.0,0,0.0,0.0,True,1.0,0.0,0.0,0.12064853991926351,0.8793514600807365,24,24,24,3,1.165804262093617,0.9432693206713988,simple_ring,True,5.250000000160071,0.08169999819074292,0.5894000005355338,0.5161000008229166,1,0,0,0.0,0,0,0.0,0.0,0.0,0.0,0.0,0,0,0,0.0,0.0,0.0,0.0,0,False,,,0,0.0,False,"(1, 0)",3.4364382423732835,6.5475524998466845,6.5475524998466845,3,True,58,78,3.0,1.3592785140232082,0.23457350272232305,0.9748424232438133,0.57442647554191,0.41112496526094994,1.5139062065761875,0.5496294105240064,0.16217938892732156,False,0.12345679012345678,0.0,0,False,,0
59,marine_knownmap_path_v2_infosampled,ucb,0.0,False,mode_not_conditional,0.0,0.0,1.0,False,SEARCH,"(22, 19)","(26, 19)","(26, 19)","(23, 16)",search_info,"(23, 16)",1,0.0,0.0,simple_ring_priority,False,,1,4,adaptive_knownmap_soft,5,8,8,8,0.375,9,64.57312386640623,0.949464027715808,4.446761790558932,1.0,0.7642873263888887,0.33205387627551,69.01988565696517,0.9556261149685638,0.7642873263888887,0.33205387627551,8.0,0.9375,0.0,13.0,16.375,False,0.0,soft_clearance_astar_v1,adaptive,1.0,69.01988565696517,0.9556261149685638,8.0,0.9375,0.0,0.0,0.0,6.211569747295664,0.66410775255102,-0.328125,0.0,0.0,-0.0,0,0.0,0.0,True,1.0,0.0,0.0,0.12064853991926351,0.8793514600807365,24,24,24,3,1.165804262093617,0.9432693206713988,simple_ring,True,5.250000000160071,0.08169999819074292,0.5894000005355338,0.5161000008229166,1,0,0,0.0,0,0,0.0,0.0,0.0,0.0,0.0,0,0,0,0.0,0.0,0.0,0.0,0,False,,,0,0.0,False,"(1, 0)",3.4364382423732835,6.5475524998466845,6.5475524998466845,3,True,59,79,3.0000000000000004,1.3657822183276032,0.23911070780399274,0.9774607820015844,0.5736568807517174,0.41112496526094994,1.5139062065761875,0.5496294105240064,0.16217938892732156,False,0.12345679012345678,0.0,0,False,,0
60,marine_knownmap_path_v2_infosampled,ucb,0.0,False,mode_not_conditional,0.0,0.0,1.0,False,SEARCH,"(23, 19)","(26, 19)","(26, 19)","(23, 16)",search_info,"(23, 16)",1,0.0,0.0,simple_ring_priority,False,,0,4,adaptive_knownmap_soft,4,8,8,8,0.5,9,64.57312386640623,0.949464027715808,4.446761790558932,1.0,0.7642873263888887,0.33205387627551,69.01988565696517,0.9556261149685638,0.7642873263888887,0.33205387627551,8.0,0.9375,0.0,13.0,16.375,False,0.0,soft_clearance_astar_v1,adaptive,1.0,69.01988565696517,0.9556261149685638,8.0,0.9375,0.0,0.0,0.0,6.211569747295664,0.66410775255102,-0.328125,0.0,0.0,-0.0,0,0.0,0.0,True,1.0,0.0,0.0,0.12064853991926351,0.8793514600807365,24,24,24,3,1.165804262093617,0.9432693206713988,simple_ring,True,5.250000000160071,0.08169999819074292,0.5894000005355338,0.5161000008229166,1,0,0,0.0,0,0,0.0,0.0,0.0,0.0,0.0,0,0,0,0.0,0.0,0.0,0.0,0,False,,,0,0.0,False,"(1, 0)",3.4364382423732835,6.5475524998466845,6.5475524998466845,3,True,60,80,3.0,1.3727372738321535,0.24364791288566243,0.9776666394722331,0.5493588323732929,0.41112496526094994,1.5139062065761875,0.5496294105240064,0.16217938892732156,False,0.13580246913580246,0.012345679012345678,0,False,,0
61,marine_knownmap_path_v2_infosampled,ucb,0.0,False,mode_not_conditional,0.0,0.0,1.0,False,SEARCH,"(23, 18)","(24, 12)","(24, 12)","(23, 16)",search_info,"(23, 16)",1,0.0,0.0,simple_ring_priority,True,commit_expired,4,4,adaptive_knownmap_soft,8,8,8,8,0.625,10,61.08143738593749,1.0,3.940387265774081,1.0,0.7642873263888887,0.17782901402231543,65.02182465171157,1.0,0.7642873263888887,0.17782901402231543,8.25,1.0,0.0,12.0,14.25,False,0.0,soft_clearance_astar_v1,adaptive,1.0,65.02182465171157,1.0,8.25,1.0,0.0,0.0,0.0,6.5,0.35565802804463087,-0.35,0.0,0.0,-0.0,1,0.0,0.0,True,1.0,0.0,0.0,0.09682617290802444,0.9031738270919756,24,24,24,2,0.9551823447190785,0.9299806516701108,simple_ring,True,4.353399999672547,0.04950000402459409,0.5000999990443233,0.3229999947507167,1,0,0,0.0,0,0,0.0,0.0,0.0,0.0,0.0,0,0,0,0.0,0.0,0.0,0.0,0,False,,,0,0.0,False,"(0, -1)",0.0,6.505658028044631,6.505658028044631,3,True,61,81,3.0000000000000004,1.3782908662757982,0.24637023593466426,0.975241926365045,0.5526839852327994,0.10759816638839453,1.1344977079854932,0.10263684453203545,0.10086737997663763,False,0.07407407407407407,0.0,0,False,,0
62,marine_knownmap_path_v2_infosampled,ucb,0.0,False,mode_not_conditional,0.0,0.0,1.0,False,SEARCH,"(23, 17)","(24, 12)","(24, 12)","(23, 16)",search_info,"(23, 16)",1,0.0,0.0,simple_ring_priority,False,,3,4,adaptive_knownmap_soft,7,8,8,8,0.125,10,61.08143738593749,1.0,3.940387265774081,1.0,0.7642873263888887,0.17782901402231543,65.02182465171157,1.0,0.7642873263888887,0.17782901402231543,8.25,1.0,0.0,12.0,14.25,False,0.0,soft_clearance_astar_v1,adaptive,1.0,65.02182465171157,1.0,8.25,1.0,0.0,0.0,0.0,6.5,0.35565802804463087,-0.35,0.0,0.0,-0.0,1,0.0,0.0,True,1.0,0.0,0.0,0.09682617290802444,0.9031738270919756,24,24,24,2,0.9551823447190785,0.9299806516701108,simple_ring,True,4.353399999672547,0.04950000402459409,0.5000999990443233,0.3229999947507167,1,0,0,0.0,0,0,0.0,0.0,0.0,0.0,0.0,0,0,0,0.0,0.0,0.0,0.0,0,False,,,0,0.0,False,"(0, -1)",0.0,6.505658028044631,6.505658028044631,3,True,62,82,3.0,1.3840986660198857,0.25045372050816694,0.9736800133979908,0.5385514409982769,0.10759816638839453,1.1344977079854932,0.10263684453203545,0.10086737997663763,False,0.1111111111111111,0.0,0,False,,0
63,marine_knownmap_path_v2_infosampled,ucb,0.0,False,mode_not_conditional,0.0,0.0,1.0,False,SEARCH,"(23, 16)","(24, 12)","(24, 12)","(23, 16)",search_info,"(23, 16)",1,0.0,0.0,simple_ring_priority,False,,2,4,adaptive_knownmap_soft,6,8,8,8,0.25,10,61.08143738593749,1.0,3.940387265774081,1.0,0.7642873263888887,0.17782901402231543,65.02182465171157,1.0,0.7642873263888887,0.17782901402231543,8.25,1.0,0.0,12.0,14.25,False,0.0,soft_clearance_astar_v1,adaptive,1.0,65.02182465171157,1.0,8.25,1.0,0.0,0.0,0.0,6.5,0.35565802804463087,-0.35,0.0,0.0,-0.0,1,0.0,0.0,True,1.0,0.0,0.0,0.09682617290802444,0.9031738270919756,24,24,24,2,0.9551823447190785,0.9299806516701108,simple_ring,True,4.353399999672547,0.04950000402459409,0.5000999990443233,0.3229999947507167,1,0,0,0.0,0,0,0.0,0.0,0.0,0.0,0.0,0,0,0,0.0,0.0,0.0,0.0,0,False,,,0,0.0,False,"(0, -1)",0.0,6.505658028044631,6.505658028044631,3,True,63,83,3.0,1.3905422674726862,0.25499092558983666,0.9777577276077418,0.515784447353162,0.10759816638839453,1.1344977079854932,0.10263684453203545,0.10086737997663763,False,0.12345679012345678,0.0,0,False,,0
64,marine_knownmap_path_v2_infosampled,ucb,0.0,False,mode_not_conditional,0.0,0.0,1.0,False,SEARCH,"(23, 15)","(24, 12)","(24, 12)","(23, 16)",search_info,"(23, 16)",1,0.0,0.0,simple_ring_priority,False,,1,4,adaptive_knownmap_soft,5,8,8,8,0.375,10,61.08143738593749,1.0,3.940387265774081,1.0,0.7642873263888887,0.17782901402231543,65.02182465171157,1.0,0.7642873263888887,0.17782901402231543,8.25,1.0,0.0,12.0,14.25,False,0.0,soft_clearance_astar_v1,adaptive,1.0,65.02182465171157,1.0,8.25,1.0,0.0,0.0,0.0,6.5,0.35565802804463087,-0.35,0.0,0.0,-0.0,1,0.0,0.0,True,1.0,0.0,0.0,0.09682617290802444,0.9031738270919756,24,24,24,2,0.9551823447190785,0.9299806516701108,simple_ring,True,4.353399999672547,0.04950000402459409,0.5000999990443233,0.3229999947507167,1,0,0,0.0,0,0,0.0,0.0,0.0,0.0,0.0,0,0,0,0.0,0.0,0.0,0.0,0,False,,,0,0.0,False,"(0, -1)",0.0,6.505658028044631,6.505658028044631,3,True,64,84,3.0000000000000004,1.3975840190004347,0.2595281306715064,0.972427232917872,0.5242596346990739,0.10759816638839453,1.1344977079854932,0.10263684453203545,0.10086737997663763,False,0.12345679012345678,0.0,0,False,,0
65,marine_knownmap_path_v2_infosampled,ucb,0.0,False,mode_not_conditional,0.0,0.0,1.0,False,SEARCH,"(23, 14)","(24, 12)","(24, 12)","(23, 16)",search_info,"(23, 16)",1,0.0,0.0,simple_ring_priority,False,,0,4,adaptive_knownmap_soft,4,8,8,8,0.5,10,61.08143738593749,1.0,3.940387265774081,1.0,0.7642873263888887,0.17782901402231543,65.02182465171157,1.0,0.7642873263888887,0.17782901402231543,8.25,1.0,0.0,12.0,14.25,False,0.0,soft_clearance_astar_v1,adaptive,1.0,65.02182465171157,1.0,8.25,1.0,0.0,0.0,0.0,6.5,0.35565802804463087,-0.35,0.0,0.0,-0.0,1,0.0,0.0,True,1.0,0.0,0.0,0.09682617290802444,0.9031738270919756,24,24,24,2,0.9551823447190785,0.9299806516701108,simple_ring,True,4.353399999672547,0.04950000402459409,0.5000999990443233,0.3229999947507167,1,0,0,0.0,0,0,0.0,0.0,0.0,0.0,0.0,0,0,0,0.0,0.0,0.0,0.0,0,False,,,0,0.0,False,"(0, -1)",0.0,6.505658028044631,6.505658028044631,3,True,65,85,3.0,1.405093908076962,0.26406533575317603,0.9162757311317664,0.6257506152284558,0.10759816638839453,1.1344977079854932,0.10263684453203545,0.10086737997663763,False,0.13580246913580246,0.012345679012345678,0,False,,0
66,marine_knownmap_path_v2_infosampled,ucb,0.0,False,mode_not_conditional,0.0,0.0,1.0,False,SEARCH,"(23, 13)","(26, 13)","(26, 13)","(23, 16)",search_info,"(23, 16)",1,0.0,0.0,simple_ring_priority,True,commit_expired,4,4,adaptive_knownmap_soft,4,4,4,4,0.625,11,33.396249999999995,1.0,2.049717935367407,1.0,0.1603125,0.05751316077832152,35.4459679353674,1.0,0.1603125,0.05751316077832152,4.25,0.36,0.0,13.0,13.0,False,0.0,soft_clearance_astar_v1,adaptive,1.0,35.4459679353674,1.0,4.25,0.36,0.0,0.0,0.0,6.5,0.11502632155664304,-0.126,0.0,0.0,-0.0,1,0.0,0.0,True,0.447213595499958,0.0,0.0,0.9632443543786599,0.03675564562134006,24,24,24,6,0.7582103817763362,0.8890523093134257,simple_ring,True,4.116400001294096,0.06239999856916256,0.475499999083695,0.37060000249766745,1,0,0,0.0,0,0,0.0,0.0,0.0,0.0,0.0,0,0,0,0.0,0.0,0.0,0.0,0,False,,,0,0.0,False,"(0, -1)",4.696687756353344,6.489026321556643,6.489026321556643,3,True,66,86,2.9999999999999996,1.4129568887376096,0.2690562613430127,0.934140578530039,0.7025934340758154,1.5765449162321842e-06,1.0000019706811454,0.03827658646525384,0.04318543746647145,False,0.13580246913580246,0.0,0,False,,0
67,marine_knownmap_path_v2_infosampled,ucb,0.0,False,mode_not_conditional,0.0,0.0,1.0,False,SEARCH,"(24, 13)","(26, 13)","(26, 13)","(23, 16)",search_info,"(23, 16)",1,0.0,0.0,simple_ring_priority,False,,3,4,adaptive_knownmap_soft,3,4,4,4,0.25,11,33.396249999999995,1.0,2.049717935367407,1.0,0.1603125,0.05751316077832152,35.4459679353674,1.0,0.1603125,0.05751316077832152,4.25,0.36,0.0,13.0,13.0,False,0.0,soft_clearance_astar_v1,adaptive,1.0,35.4459679353674,1.0,4.25,0.36,0.0,0.0,0.0,6.5,0.11502632155664304,-0.126,0.0,0.0,-0.0,1,0.0,0.0,True,0.447213595499958,0.0,0.0,0.9632443543786599,0.03675564562134006,24,24,24,6,0.7582103817763362,0.8890523093134257,simple_ring,True,4.116400001294096,0.06239999856916256,0.475499999083695,0.37060000249766745,1,0,0,0.0,0,0,0.0,0.0,0.0,0.0,0.0,0,0,0,0.0,0.0,0.0,0.0,0,False,,,0,0.0,False,"(0, -1)",4.696687756353344,6.489026321556643,6.489026321556643,3,True,67,87,2.9999999999999996,1.4190470400904298,0.2717785843920145,0.9681607438102202,0.7133155674842842,1.5765449162321842e-06,1.0000019706811454,0.03827658646525384,0.04318543746647145,False,0.07407407407407407,0.0,0,False,,0
68,marine_knownmap_path_v2_infosampled,ucb,0.0,False,mode_not_conditional,0.0,0.0,1.0,False,SEARCH,"(25, 13)","(26, 13)","(26, 13)","(23, 16)",search_info,"(23, 16)",1,0.0,0.0,simple_ring_priority,False,,2,4,adaptive_knownmap_soft,2,4,4,4,0.5,11,33.396249999999995,1.0,2.049717935367407,1.0,0.1603125,0.05751316077832152,35.4459679353674,1.0,0.1603125,0.05751316077832152,4.25,0.36,0.0,13.0,13.0,False,0.0,soft_clearance_astar_v1,adaptive,1.0,35.4459679353674,1.0,4.25,0.36,0.0,0.0,0.0,6.5,0.11502632155664304,-0.126,0.0,0.0,-0.0,1,0.0,0.0,True,0.447213595499958,0.0,0.0,0.9632443543786599,0.03675564562134006,24,24,24,6,0.7582103817763362,0.8890523093134257,simple_ring,True,4.116400001294096,0.06239999856916256,0.475499999083695,0.37060000249766745,1,0,0,0.0,0,0,0.0,0.0,0.0,0.0,0.0,0,0,0,0.0,0.0,0.0,0.0,0,False,,,0,0.0,False,"(0, -1)",4.696687756353344,6.489026321556643,6.489026321556643,3,True,68,88,3.0,1.4253367004754758,0.27586206896551724,0.997936226199146,0.6650422105808805,1.5765449162321842e-06,1.0000019706811454,0.03827658646525384,0.04318543746647145,False,0.1111111111111111,0.0,0,False,,0
69,marine_knownmap_path_v2_infosampled,ucb,0.0,False,mode_not_conditional,0.0,0.0,1.0,False,SEARCH,"(26, 13)","(26, 13)","(26, 13)","(23, 16)",search_info,"(23, 16)",1,0.0,0.0,simple_ring_priority,False,,1,4,adaptive_knownmap_soft,1,4,4,4,0.75,11,33.396249999999995,1.0,2.049717935367407,1.0,0.1603125,0.05751316077832152,35.4459679353674,1.0,0.1603125,0.05751316077832152,4.25,0.36,0.0,13.0,13.0,False,0.0,soft_clearance_astar_v1,adaptive,1.0,35.4459679353674,1.0,4.25,0.36,0.0,0.0,0.0,6.5,0.11502632155664304,-0.126,0.0,0.0,-0.0,1,0.0,0.0,True,0.447213595499958,0.0,0.0,0.9632443543786599,0.03675564562134006,24,24,24,6,0.7582103817763362,0.8890523093134257,simple_ring,True,4.116400001294096,0.06239999856916256,0.475499999083695,0.37060000249766745,1,0,0,0.0,0,0,0.0,0.0,0.0,0.0,0.0,0,0,0,0.0,0.0,0.0,0.0,0,False,,,0,0.0,False,"(0, -1)",4.696687756353344,6.489026321556643,6.489026321556643,3,True,69,89,3.0,1.4322949345108662,0.28039927404718695,0.9042922688123212,0.5559014871646646,1.5765449162321842e-06,1.0000019706811454,0.03827658646525384,0.04318543746647145,False,0.12345679012345678,0.0,0,False,,0
70,marine_knownmap_path_v2_infosampled,ucb,0.0,False,mode_not_conditional,0.0,0.0,1.0,False,SEARCH,"(27, 13)","(33, 13)","(33, 13)","(36, 12)",search_info,"(36, 12)",24,0.818945970222497,0.7901919383586673,simple_ring_priority,True,segment_empty,4,4,adaptive_knownmap_soft,7,7,7,7,1.0,12,64.415794859375,1.0,4.307660578366257,0.9734320721338244,0.6392018779342723,0.1891954051698648,68.72345543774125,1.0,0.6392018779342723,0.1891954051698648,7.0,0.8275862068965517,0.0,6.0,9.0,False,0.0,soft_clearance_astar_v1,adaptive,1.0,68.72345543774125,1.0,7.0,0.8275862068965517,0.0,0.0,0.0,6.5,0.3783908103397296,-0.28965517241379307,0.0,0.0,-0.0,0,0.0,0.0,False,1.0,0.0,0.0,0.3952593482847736,0.6047406517152264,24,24,24,3,1.1947398876998507,0.973495881431865,simple_ring,True,5.4669999990437645,0.07020000339252874,0.9471000012126751,0.5356999990908662,1,0,0,0.0,0,0,0.0,0.0,0.0,0.0,0.0,0,0,0,0.0,0.0,0.0,0.0,0,False,,,0,0.0,False,"(1, 0)",0.0,6.588735637925937,6.588735637925937,4,True,70,90,3.0,1.4399059204886049,0.2849364791288566,0.9585355574993863,0.7057282427061443,0.6598875197425447,1.8248593996781808,0.7089313840043671,0.22076120715241954,True,0.12345679012345678,0.0,0,False,,0
71,marine_knownmap_path_v2_infosampled,ucb,0.0,False,mode_not_conditional,0.0,0.0,1.0,False,SEARCH,"(28, 13)","(33, 13)","(33, 13)","(36, 12)",search_info,"(36, 12)",24,0.818945970222497,0.7901919383586673,simple_ring_priority,False,,3,4,adaptive_knownmap_soft,6,7,7,7,0.14285714285714285,12,64.415794859375,1.0,4.307660578366257,0.9734320721338244,0.6392018779342723,0.1891954051698648,68.72345543774125,1.0,0.6392018779342723,0.1891954051698648,7.0,0.8275862068965517,0.0,6.0,9.0,False,0.0,soft_clearance_astar_v1,adaptive,1.0,68.72345543774125,1.0,7.0,0.8275862068965517,0.0,0.0,0.0,6.5,0.3783908103397296,-0.28965517241379307,0.0,0.0,-0.0,0,0.0,0.0,False,1.0,0.0,0.0,0.3952593482847736,0.6047406517152264,24,24,24,3,1.1947398876998507,0.973495881431865,simple_ring,True,5.4669999990437645,0.07020000339252874,0.9471000012126751,0.5356999990908662,1,0,0,0.0,0,0,0.0,0.0,0.0,0.0,0.0,0,0,0,0.0,0.0,0.0,0.0,0,False,,,0,0.0,False,"(1, 0)",0.0,6.588735637925937,6.588735637925937,4,True,71,91,2.9999999999999996,1.4480417998950026,0.2894736842105263,0.969982144840372,0.7155299445314,0.6598875197425447,1.8248593996781808,0.7089313840043671,0.22076120715241954,True,0.13580246913580246,0.012345679012345678,0,False,,0
72,marine_knownmap_path_v2_infosampled,ucb,0.0,False,mode_not_conditional,0.0,0.0,1.0,False,SEARCH,"(29, 13)","(33, 13)","(33, 13)","(36, 12)",search_info,"(36, 12)",24,0.818945970222497,0.7901919383586673,simple_ring_priority,False,,2,4,adaptive_knownmap_soft,5,7,7,7,0.2857142857142857,12,64.415794859375,1.0,4.307660578366257,0.9734320721338244,0.6392018779342723,0.1891954051698648,68.72345543774125,1.0,0.6392018779342723,0.1891954051698648,7.0,0.8275862068965517,0.0,6.0,9.0,False,0.0,soft_clearance_astar_v1,adaptive,1.0,68.72345543774125,1.0,7.0,0.8275862068965517,0.0,0.0,0.0,6.5,0.3783908103397296,-0.28965517241379307,0.0,0.0,-0.0,0,0.0,0.0,False,1.0,0.0,0.0,0.3952593482847736,0.6047406517152264,24,24,24,3,1.1947398876998507,0.973495881431865,simple_ring,True,5.4669999990437645,0.07020000339252874,0.9471000012126751,0.5356999990908662,1,0,0,0.0,0,0,0.0,0.0,0.0,0.0,0.0,0,0,0,0.0,0.0,0.0,0.0,0,False,,,0,0.0,False,"(1, 0)",0.0,6.588735637925937,6.588735637925937,4,True,72,92,3.0000000000000004,1.456582902932796,0.294464609800363,0.9989322582586642,0.7351045928278012,0.6598875197425447,1.8248593996781808,0.7089313840043671,0.22076120715241954,True,0.13580246913580246,0.0,0,False,,0
73,marine_knownmap_path_v2_infosampled,ucb,0.0,False,mode_not_conditional,0.0,0.0,1.0,False,SEARCH,"(30, 13)","(33, 13)","(33, 13)","(36, 12)",search_info,"(36, 12)",24,0.818945970222497,0.7901919383586673,simple_ring_priority,False,,1,4,adaptive_knownmap_soft,4,7,7,7,0.42857142857142855,12,64.415794859375,1.0,4.307660578366257,0.9734320721338244,0.6392018779342723,0.1891954051698648,68.72345543774125,1.0,0.6392018779342723,0.1891954051698648,7.0,0.8275862068965517,0.0,6.0,9.0,False,0.0,soft_clearance_astar_v1,adaptive,1.0,68.72345543774125,1.0,7.0,0.8275862068965517,0.0,0.0,0.0,6.5,0.3783908103397296,-0.28965517241379307,0.0,0.0,-0.0,0,0.0,0.0,False,1.0,0.0,0.0,0.3952593482847736,0.6047406517152264,24,24,24,3,1.1947398876998507,0.973495881431865,simple_ring,True,5.4669999990437645,0.07020000339252874,0.9471000012126751,0.5356999990908662,1,0,0,0.0,0,0,0.0,0.0,0.0,0.0,0.0,0,0,0,0.0,0.0,0.0,0.0,0,False,,,0,0.0,False,"(1, 0)",0.0,6.588735637925937,6.588735637925937,4,True,73,93,3.0,1.4654412319786982,0.29945553539019965,0.9847444307240185,0.7247599898780679,0.6598875197425447,1.8248593996781808,0.7089313840043671,0.22076120715241954,True,0.13580246913580246,0.0,0,False,,0
74,marine_knownmap_path_v2_infosampled,ucb,0.0,False,mode_not_conditional,0.0,0.0,1.0,False,SEARCH,"(31, 13)","(33, 13)","(33, 13)","(36, 12)",search_info,"(36, 12)",24,0.818945970222497,0.7901919383586673,simple_ring_priority,False,,0,4,adaptive_knownmap_soft,3,7,7,7,0.5714285714285714,12,64.415794859375,1.0,4.307660578366257,0.9734320721338244,0.6392018779342723,0.1891954051698648,68.72345543774125,1.0,0.6392018779342723,0.1891954051698648,7.0,0.8275862068965517,0.0,6.0,9.0,False,0.0,soft_clearance_astar_v1,adaptive,1.0,68.72345543774125,1.0,7.0,0.8275862068965517,0.0,0.0,0.0,6.5,0.3783908103397296,-0.28965517241379307,0.0,0.0,-0.0,0,0.0,0.0,False,1.0,0.0,0.0,0.3952593482847736,0.6047406517152264,24,24,24,3,1.1947398876998507,0.973495881431865,simple_ring,True,5.4669999990437645,0.07020000339252874,0.9471000012126751,0.5356999990908662,1,0,0,0.0,0,0,0.0,0.0,0.0,0.0,0.0,0,0,0,0.0,0.0,0.0,0.0,0,False,,,0,0.0,False,"(1, 0)",0.0,6.588735637925937,6.588735637925937,4,True,74,94,3.000000000000001,1.4745567221049667,0.3044464609800363,0.9980081013599444,0.7295483827077403,0.6598875197425447,1.8248593996781808,0.7089313840043671,0.22076120715241954,True,0.13580246913580246,0.0,0,False,,0
75,marine_knownmap_path_v2_infosampled,ucb,0.0,False,mode_not_conditional,0.0,0.0,1.0,False,SEARCH,"(31, 12)","(35, 8)","(34, 8)","(36, 12)",search_info,"(36, 12)",1,0.0,0.0,simple_ring_priority,True,commit_expired,4,4,adaptive_knownmap_soft,8,8,9,8,0.7142857142857143,13,57.83736080546875,1.0,4.418265389792782,1.0,0.7642873263888887,0.2853521301850848,62.25562619526153,1.0,0.7642873263888887,0.2853521301850848,8.25,1.0,0.0,5.0,7.25,False,0.0,soft_clearance_astar_v1,adaptive,1.0,62.25562619526153,1.0,8.25,1.0,0.0,0.0,0.0,6.5,0.5707042603701696,-0.35,0.0,0.0,-0.0,1,0.0,0.0,True,1.0,0.0,0.0,0.05304848686436111,0.9469515131356389,24,24,24,2,0.9782189924949265,0.9506502805819999,simple_ring,True,4.542900000160444,0.11920000179088674,0.7024999995337566,0.5006999963370617,1,0,0,0.0,0,0,0.0,0.0,0.0,0.0,0.0,0,0,0,0.0,0.0,0.0,0.0,0,False,,,0,0.0,False,"(0, -1)",2.3424387765935295,6.72070426037017,6.72070426037017,4,True,75,95,2.9999999999999996,1.4815020152963365,0.30716878402903813,0.9943651605544397,0.7267309989992907,0.46221939352464986,1.5777742419058123,0.0830954244289268,0.5198443467315723,False,0.07407407407407407,0.0,0,False,,0
76,marine_knownmap_path_v2_infosampled,ucb,0.0,False,mode_not_conditional,0.0,0.0,1.0,False,SEARCH,"(31, 11)","(35, 8)","(34, 8)","(36, 12)",search_info,"(36, 12)",1,0.0,0.0,simple_ring_priority,False,,3,4,adaptive_knownmap_soft,7,8,9,8,0.125,13,57.83736080546875,1.0,4.418265389792782,1.0,0.7642873263888887,0.2853521301850848,62.25562619526153,1.0,0.7642873263888887,0.2853521301850848,8.25,1.0,0.0,5.0,7.25,False,0.0,soft_clearance_astar_v1,adaptive,1.0,62.25562619526153,1.0,8.25,1.0,0.0,0.0,0.0,6.5,0.5707042603701696,-0.35,0.0,0.0,-0.0,1,0.0,0.0,True,1.0,0.0,0.0,0.05304848686436111,0.9469515131356389,24,24,24,2,0.9782189924949265,0.9506502805819999,simple_ring,True,4.542900000160444,0.11920000179088674,0.7024999995337566,0.5006999963370617,1,0,0,0.0,0,0,0.0,0.0,0.0,0.0,0.0,0,0,0,0.0,0.0,0.0,0.0,0,False,,,0,0.0,False,"(0, -1)",2.3424387765935295,6.72070426037017,6.72070426037017,4,True,76,96,2.9999999999999996,1.4886121513878836,0.31125226860254085,1.0,0.7276377385149732,0.46221939352464986,1.5777742419058123,0.0830954244289268,0.5198443467315723,False,0.1111111111111111,0.0,0,False,,0
77,marine_knownmap_path_v2_infosampled,ucb,0.0,False,mode_not_conditional,0.0,0.0,1.0,False,SEARCH,"(31, 10)","(35, 8)","(34, 8)","(36, 12)",search_info,"(36, 12)",1,0.0,0.0,simple_ring_priority,False,,2,4,adaptive_knownmap_soft,6,8,9,8,0.25,13,57.83736080546875,1.0,4.418265389792782,1.0,0.7642873263888887,0.2853521301850848,62.25562619526153,1.0,0.7642873263888887,0.2853521301850848,8.25,1.0,0.0,5.0,7.25,False,0.0,soft_clearance_astar_v1,adaptive,1.0,62.25562619526153,1.0,8.25,1.0,0.0,0.0,0.0,6.5,0.5707042603701696,-0.35,0.0,0.0,-0.0,1,0.0,0.0,True,1.0,0.0,0.0,0.05304848686436111,0.9469515131356389,24,24,24,2,0.9782189924949265,0.9506502805819999,simple_ring,True,4.542900000160444,0.11920000179088674,0.7024999995337566,0.5006999963370617,1,0,0,0.0,0,0,0.0,0.0,0.0,0.0,0.0,0,0,0,0.0,0.0,0.0,0.0,0,False,,,0,0.0,False,"(0, -1)",2.3424387765935295,6.72070426037017,6.72070426037017,4,True,77,97,3.0,1.496449252254018,0.3157894736842105,1.0,0.7256290590530118,0.46221939352464986,1.5777742419058123,0.0830954244289268,0.5198443467315723,False,0.12345679012345678,0.0,0,False,,0
78,marine_knownmap_path_v2_infosampled,ucb,0.0,False,mode_not_conditional,0.0,0.0,1.0,False,SEARCH,"(31, 9)","(35, 8)","(34, 8)","(36, 12)",search_info,"(36, 12)",1,0.0,0.0,simple_ring_priority,False,,1,4,adaptive_knownmap_soft,5,8,9,8,0.375,13,57.83736080546875,1.0,4.418265389792782,1.0,0.7642873263888887,0.2853521301850848,62.25562619526153,1.0,0.7642873263888887,0.2853521301850848,8.25,1.0,0.0,5.0,7.25,False,0.0,soft_clearance_astar_v1,adaptive,1.0,62.25562619526153,1.0,8.25,1.0,0.0,0.0,0.0,6.5,0.5707042603701696,-0.35,0.0,0.0,-0.0,1,0.0,0.0,True,1.0,0.0,0.0,0.05304848686436111,0.9469515131356389,24,24,24,2,0.9782189924949265,0.9506502805819999,simple_ring,True,4.542900000160444,0.11920000179088674,0.7024999995337566,0.5006999963370617,1,0,0,0.0,0,0,0.0,0.0,0.0,0.0,0.0,0,0,0,0.0,0.0,0.0,0.0,0,False,,,0,0.0,False,"(0, -1)",2.3424387765935295,6.72070426037017,6.72070426037017,4,True,78,98,3.0,1.5050116599048755,0.3203266787658802,1.0,0.7262444241550413,0.46221939352464986,1.5777742419058123,0.0830954244289268,0.5198443467315723,False,0.12345679012345678,0.0,0,False,,0
79,marine_knownmap_path_v2_infosampled,ucb,0.0,False,mode_not_conditional,0.0,0.0,1.0,False,SEARCH,"(31, 8)","(35, 8)","(34, 8)","(36, 12)",search_info,"(36, 12)",1,0.0,0.0,simple_ring_priority,False,,0,4,adaptive_knownmap_soft,4,8,9,8,0.5,13,57.83736080546875,1.0,4.418265389792782,1.0,0.7642873263888887,0.2853521301850848,62.25562619526153,1.0,0.7642873263888887,0.2853521301850848,8.25,1.0,0.0,5.0,7.25,False,0.0,soft_clearance_astar_v1,adaptive,1.0,62.25562619526153,1.0,8.25,1.0,0.0,0.0,0.0,6.5,0.5707042603701696,-0.35,0.0,0.0,-0.0,1,0.0,0.0,True,1.0,0.0,0.0,0.05304848686436111,0.9469515131356389,24,24,24,2,0.9782189924949265,0.9506502805819999,simple_ring,True,4.542900000160444,0.11920000179088674,0.7024999995337566,0.5006999963370617,1,0,0,0.0,0,0,0.0,0.0,0.0,0.0,0.0,0,0,0,0.0,0.0,0.0,0.0,0,False,,,0,0.0,False,"(0, -1)",2.3424387765935295,6.72070426037017,6.72070426037017,4,True,79,99,3.0,1.5141644553302362,0.3248638838475499,0.9911522755977492,0.7220560298233969,0.46221939352464986,1.5777742419058123,0.0830954244289268,0.5198443467315723,False,0.13580246913580246,0.012345679012345678,0,False,,0
80,marine_knownmap_path_v2_infosampled,ucb,0.0,False,mode_not_conditional,0.0,0.0,1.0,False,SEARCH,"(30, 8)","(18, 5)","(23, 8)","(15, 3)",search_info,"(15, 3)",46,0.9337558914276982,0.8820810725698408,simple_ring_priority,True,commit_expired,4,4,adaptive_knownmap_soft,8,8,16,8,0.625,14,38.23538554140624,1.0,2.4518890233617023,0.6296739364850071,4.19990569173177,1.0,40.68727456476794,1.0,4.19990569173177,1.0,8.0,0.9411764705882353,0.0,8.0,8.0,False,0.0,soft_clearance_astar_v1,adaptive,1.0,40.68727456476794,1.0,8.0,0.9411764705882353,0.0,0.0,0.0,6.5,2.0,-0.32941176470588235,0.0,0.0,-0.0,0,0.0,0.0,False,1.0,0.0,0.0,0.5061482626386805,0.49385173736131954,24,24,24,1,1.0753312088936071,1.0,simple_ring,True,4.455999998754123,0.12630000128410757,0.6840999976702733,0.5590999917330919,1,0,0,0.0,0,0,0.0,0.0,0.0,0.0,0.0,0,0,0,0.0,0.0,0.0,0.0,0,False,,,0,0.0,False,"(-1, 0)",2.5582696317044853,8.170588235294117,8.170588235294117,5,True,80,100,2.9999999999999996,1.5200394631513956,0.32713248638838477,0.991290595764369,0.7180005782024135,0.49252216981441865,1.6156527122680233,0.49607715895532806,0.48395731789948687,False,0.07407407407407407,0.012345679012345678,0,False,,0
81,marine_knownmap_path_v2_infosampled,ucb,0.0,False,mode_not_conditional,0.0,0.0,1.0,False,SEARCH,"(29, 8)","(18, 5)","(23, 8)","(15, 3)",search_info,"(15, 3)",46,0.9337558914276982,0.8820810725698408,simple_ring_priority,False,,3,4,adaptive_knownmap_soft,7,8,16,8,0.125,14,38.23538554140624,1.0,2.4518890233617023,0.6296739364850071,4.19990569173177,1.0,40.68727456476794,1.0,4.19990569173177,1.0,8.0,0.9411764705882353,0.0,8.0,8.0,False,0.0,soft_clearance_astar_v1,adaptive,1.0,40.68727456476794,1.0,8.0,0.9411764705882353,0.0,0.0,0.0,6.5,2.0,-0.32941176470588235,0.0,0.0,-0.0,0,0.0,0.0,False,1.0,0.0,0.0,0.5061482626386805,0.49385173736131954,24,24,24,1,1.0753312088936071,1.0,simple_ring,True,4.455999998754123,0.12630000128410757,0.6840999976702733,0.5590999917330919,1,0,0,0.0,0,0,0.0,0.0,0.0,0.0,0.0,0,0,0,0.0,0.0,0.0,0.0,0,False,,,0,0.0,False,"(-1, 0)",2.5582696317044853,8.170588235294117,8.170588235294117,5,True,81,101,3.0,1.5250944359799872,0.3294010889292196,0.992312539324246,0.7217911732701873,0.49252216981441865,1.6156527122680233,0.49607715895532806,0.48395731789948687,False,0.1111111111111111,0.04938271604938271,0,False,,0
82,marine_knownmap_path_v2_infosampled,ucb,0.0,False,mode_not_conditional,0.0,0.0,1.0,False,SEARCH,"(28, 8)","(18, 5)","(23, 8)","(15, 3)",search_info,"(15, 3)",46,0.9337558914276982,0.8820810725698408,simple_ring_priority,False,,2,4,adaptive_knownmap_soft,6,8,16,8,0.25,14,38.23538554140624,1.0,2.4518890233617023,0.6296739364850071,4.19990569173177,1.0,40.68727456476794,1.0,4.19990569173177,1.0,8.0,0.9411764705882353,0.0,8.0,8.0,False,0.0,soft_clearance_astar_v1,adaptive,1.0,40.68727456476794,1.0,8.0,0.9411764705882353,0.0,0.0,0.0,6.5,2.0,-0.32941176470588235,0.0,0.0,-0.0,0,0.0,0.0,False,1.0,0.0,0.0,0.5061482626386805,0.49385173736131954,24,24,24,1,1.0753312088936071,1.0,simple_ring,True,4.455999998754123,0.12630000128410757,0.6840999976702733,0.5590999917330919,1,0,0,0.0,0,0,0.0,0.0,0.0,0.0,0.0,0,0,0,0.0,0.0,0.0,0.0,0,False,,,0,0.0,False,"(-1, 0)",2.5582696317044853,8.170588235294117,8.170588235294117,5,True,82,102,3.0,1.5300901359047068,0.33166969147005443,0.9404160259941737,0.6834707315663224,0.49252216981441865,1.6156527122680233,0.49607715895532806,0.48395731789948687,False,0.12345679012345678,0.06172839506172839,0,False,,0
83,marine_knownmap_path_v2_infosampled,ucb,0.0,False,mode_not_conditional,0.0,0.0,1.0,False,SEARCH,"(27, 8)","(18, 5)","(23, 8)","(15, 3)",search_info,"(15, 3)",46,0.9337558914276982,0.8820810725698408,simple_ring_priority,False,,1,4,adaptive_knownmap_soft,5,8,16,8,0.375,14,38.23538554140624,1.0,2.4518890233617023,0.6296739364850071,4.19990569173177,1.0,40.68727456476794,1.0,4.19990569173177,1.0,8.0,0.9411764705882353,0.0,8.0,8.0,False,0.0,soft_clearance_astar_v1,adaptive,1.0,40.68727456476794,1.0,8.0,0.9411764705882353,0.0,0.0,0.0,6.5,2.0,-0.32941176470588235,0.0,0.0,-0.0,0,0.0,0.0,False,1.0,0.0,0.0,0.5061482626386805,0.49385173736131954,24,24,24,1,1.0753312088936071,1.0,simple_ring,True,4.455999998754123,0.12630000128410757,0.6840999976702733,0.5590999917330919,1,0,0,0.0,0,0,0.0,0.0,0.0,0.0,0.0,0,0,0,0.0,0.0,0.0,0.0,0,False,,,0,0.0,False,"(-1, 0)",2.5582696317044853,8.170588235294117,8.170588235294117,5,True,83,103,2.9999999999999996,1.5352777948915641,0.33439201451905626,0.9925831509267502,0.7297676596784255,0.49252216981441865,1.6156527122680233,0.49607715895532806,0.48395731789948687,False,0.12345679012345678,0.04938271604938271,0,False,,0
84,marine_knownmap_path_v2_infosampled,ucb,0.0,False,mode_not_conditional,0.0,0.0,1.0,False,SEARCH,"(26, 8)","(18, 5)","(23, 8)","(15, 3)",search_info,"(15, 3)",46,0.9337558914276982,0.8820810725698408,simple_ring_priority,False,,0,4,adaptive_knownmap_soft,4,8,16,8,0.5,14,38.23538554140624,1.0,2.4518890233617023,0.6296739364850071,4.19990569173177,1.0,40.68727456476794,1.0,4.19990569173177,1.0,8.0,0.9411764705882353,0.0,8.0,8.0,False,0.0,soft_clearance_astar_v1,adaptive,1.0,40.68727456476794,1.0,8.0,0.9411764705882353,0.0,0.0,0.0,6.5,2.0,-0.32941176470588235,0.0,0.0,-0.0,0,0.0,0.0,False,1.0,0.0,0.0,0.5061482626386805,0.49385173736131954,24,24,24,1,1.0753312088936071,1.0,simple_ring,True,4.455999998754123,0.12630000128410757,0.6840999976702733,0.5590999917330919,1,0,0,0.0,0,0,0.0,0.0,0.0,0.0,0.0,0,0,0,0.0,0.0,0.0,0.0,0,False,,,0,0.0,False,"(-1, 0)",2.5582696317044853,8.170588235294117,8.170588235294117,5,True,84,104,3.0,1.5407720296034244,0.3371143375680581,0.9956583403660435,0.7320888337690046,0.49252216981441865,1.6156527122680233,0.49607715895532806,0.48395731789948687,False,0.13580246913580246,0.06172839506172839,0,False,,0
85,marine_knownmap_path_v2_infosampled,ucb,0.0,False,mode_not_conditional,0.0,0.0,1.0,False,SEARCH,"(25, 8)","(17, 7)","(18, 8)","(15, 4)",search_info,"(15, 4)",62,0.9774725506650829,0.8861780434355072,simple_ring_priority,True,commit_expired,4,4,adaptive_knownmap_soft,8,8,10,8,0.625,15,55.95103874218749,1.0,4.291482550700469,1.0,5.797146929774305,1.0,60.24252129288796,1.0,5.797146929774305,1.0,8.0,0.0,0.0,8.0,8.0,False,0.0,soft_clearance_astar_v1,adaptive,1.0,60.24252129288796,1.0,8.0,0.0,0.0,0.0,0.0,6.5,2.0,-0.0,0.0,0.0,-0.0,0,0.0,0.0,True,0.447213595499958,0.0,0.0,0.49578802782486325,0.5042119721751367,24,24,24,5,1.3205072374579858,0.9124835738230861,simple_ring,True,4.118599999856087,0.10700000166252721,0.6318000014289282,0.4461999924387783,1,0,0,0.0,0,0,0.0,0.0,0.0,0.0,0.0,0,0,0,0.0,0.0,0.0,0.0,0,False,,,0,0.0,False,"(-1, 0)",8.489500783438189,8.5,8.5,5,True,85,105,3.0000000000000004,1.5466556893038648,0.3398366606170599,0.9936059406166655,0.7274004278948333,0.493044199565443,1.6163052494568038,0.48306286417027683,0.5253601691769539,False,0.13580246913580246,0.06172839506172839,0,False,,0
86,marine_knownmap_path_v2_infosampled,ucb,0.0,False,mode_not_conditional,0.0,0.0,1.0,False,SEARCH,"(24, 8)","(17, 7)","(18, 8)","(15, 4)",search_info,"(15, 4)",62,0.9774725506650829,0.8861780434355072,simple_ring_priority,False,,3,4,adaptive_knownmap_soft,7,8,10,8,0.125,15,55.95103874218749,1.0,4.291482550700469,1.0,5.797146929774305,1.0,60.24252129288796,1.0,5.797146929774305,1.0,8.0,0.0,0.0,8.0,8.0,False,0.0,soft_clearance_astar_v1,adaptive,1.0,60.24252129288796,1.0,8.0,0.0,0.0,0.0,0.0,6.5,2.0,-0.0,0.0,0.0,-0.0,0,0.0,0.0,True,0.447213595499958,0.0,0.0,0.49578802782486325,0.5042119721751367,24,24,24,5,1.3205072374579858,0.9124835738230861,simple_ring,True,4.118599999856087,0.10700000166252721,0.6318000014289282,0.4461999924387783,1,0,0,0.0,0,0,0.0,0.0,0.0,0.0,0.0,0,0,0,0.0,0.0,0.0,0.0,0,False,,,0,0.0,False,"(-1, 0)",8.489500783438189,8.5,8.5,5,True,86,106,3.0,1.5529942075409544,0.3425589836660617,0.9997760093620954,0.7279696098647814,0.493044199565443,1.6163052494568038,0.48306286417027683,0.5253601691769539,False,0.13580246913580246,0.06172839506172839,0,False,,0
87,marine_knownmap_path_v2_infosampled,ucb,0.0,False,mode_not_conditional,0.0,0.0,1.0,False,SEARCH,"(23, 8)","(17, 7)","(18, 8)","(15, 4)",search_info,"(15, 4)",62,0.9774725506650829,0.8861780434355072,simple_ring_priority,False,,2,4,adaptive_knownmap_soft,6,8,10,8,0.25,15,55.95103874218749,1.0,4.291482550700469,1.0,5.797146929774305,1.0,60.24252129288796,1.0,5.797146929774305,1.0,8.0,0.0,0.0,8.0,8.0,False,0.0,soft_clearance_astar_v1,adaptive,1.0,60.24252129288796,1.0,8.0,0.0,0.0,0.0,0.0,6.5,2.0,-0.0,0.0,0.0,-0.0,0,0.0,0.0,True,0.447213595499958,0.0,0.0,0.49578802782486325,0.5042119721751367,24,24,24,5,1.3205072374579858,0.9124835738230861,simple_ring,True,4.118599999856087,0.10700000166252721,0.6318000014289282,0.4461999924387783,1,0,0,0.0,0,0,0.0,0.0,0.0,0.0,0.0,0,0,0,0.0,0.0,0.0,0.0,0,False,,,0,0.0,False,"(-1, 0)",8.489500783438189,8.5,8.5,5,True,87,107,3.0,1.5598273251986905,0.3457350272232305,0.9713916854211777,0.7053385910003177,0.493044199565443,1.6163052494568038,0.48306286417027683,0.5253601691769539,False,0.13580246913580246,0.04938271604938271,0,False,,0
88,marine_knownmap_path_v2_infosampled,ucb,0.0,False,mode_not_conditional,0.0,0.0,1.0,False,SEARCH,"(22, 8)","(17, 7)","(18, 8)","(15, 4)",search_info,"(15, 4)",62,0.9774725506650829,0.8861780434355072,simple_ring_priority,False,,1,4,adaptive_knownmap_soft,5,8,10,8,0.375,15,55.95103874218749,1.0,4.291482550700469,1.0,5.797146929774305,1.0,60.24252129288796,1.0,5.797146929774305,1.0,8.0,0.0,0.0,8.0,8.0,False,0.0,soft_clearance_astar_v1,adaptive,1.0,60.24252129288796,1.0,8.0,0.0,0.0,0.0,0.0,6.5,2.0,-0.0,0.0,0.0,-0.0,0,0.0,0.0,True,0.447213595499958,0.0,0.0,0.49578802782486325,0.5042119721751367,24,24,24,5,1.3205072374579858,0.9124835738230861,simple_ring,True,4.118599999856087,0.10700000166252721,0.6318000014289282,0.4461999924387783,1,0,0,0.0,0,0,0.0,0.0,0.0,0.0,0.0,0,0,0,0.0,0.0,0.0,0.0,0,False,,,0,0.0,False,"(-1, 0)",8.489500783438189,8.5,8.5,5,True,88,108,2.999999999999999,1.5671605306744771,0.34981851179673323,0.9340749064623737,0.6752905099492267,0.493044199565443,1.6163052494568038,0.48306286417027683,0.5253601691769539,False,0.13580246913580246,0.024691358024691357,0,False,,0
89,marine_knownmap_path_v2_infosampled,ucb,0.0,False,mode_not_conditional,0.0,0.0,1.0,False,SEARCH,"(21, 8)","(17, 7)","(18, 8)","(15, 4)",search_info,"(15, 4)",62,0.9774725506650829,0.8861780434355072,simple_ring_priority,False,,0,4,adaptive_knownmap_soft,4,8,10,8,0.5,15,55.95103874218749,1.0,4.291482550700469,1.0,5.797146929774305,1.0,60.24252129288796,1.0,5.797146929774305,1.0,8.0,0.0,0.0,8.0,8.0,False,0.0,soft_clearance_astar_v1,adaptive,1.0,60.24252129288796,1.0,8.0,0.0,0.0,0.0,0.0,6.5,2.0,-0.0,0.0,0.0,-0.0,0,0.0,0.0,True,0.447213595499958,0.0,0.0,0.49578802782486325,0.5042119721751367,24,24,24,5,1.3205072374579858,0.9124835738230861,simple_ring,True,4.118599999856087,0.10700000166252721,0.6318000014289282,0.4461999924387783,1,0,0,0.0,0,0,0.0,0.0,0.0,0.0,0.0,0,0,0,0.0,0.0,0.0,0.0,0,False,,,0,0.0,False,"(-1, 0)",8.489500783438189,8.5,8.5,5,True,89,109,3.0,1.5749621412364152,0.3543557168784029,1.0,0.7205045430826711,0.493044199565443,1.6163052494568038,0.48306286417027683,0.5253601691769539,False,0.13580246913580246,0.012345679012345678,0,False,,0
90,marine_knownmap_path_v2_infosampled,ucb,0.0,False,mode_not_conditional,0.0,0.0,1.0,False,SEARCH,"(20, 8)","(13, 7)","(13, 8)","(15, 4)",search_info,"(15, 4)",1,0.0,0.0,simple_ring_priority,True,commit_expired,4,4,adaptive_knownmap_soft,8,8,9,8,0.625,16,71.19500511640624,1.0,4.552757324181412,1.0,1.8665845070422535,0.0,75.74776244058765,1.0,1.8665845070422535,0.0,8.0,0.9166666666666666,0.0,8.0,8.0,False,0.0,soft_clearance_astar_v1,adaptive,1.0,75.74776244058765,1.0,8.0,0.9166666666666666,0.0,0.0,0.0,6.5,0.0,-0.3208333333333333,0.0,0.0,-0.0,0,0.0,0.0,True,0.8,0.0,0.0,0.3455673410724666,0.6544326589275334,24,24,24,2,1.253300655667309,0.9517292777029797,simple_ring,True,4.758099999889964,0.11989999802608509,0.7977000004757429,0.5882000114070252,1,0,0,0.0,0,0,0.0,0.0,0.0,0.0,0.0,0,0,0,0.0,0.0,0.0,0.0,0,False,,,0,0.0,False,"(-1, 0)",3.545111400497058,6.179166666666667,6.179166666666667,5,True,90,110,3.0,1.5831661861198354,0.3588929219600726,0.9717817398403389,0.6970096654023528,0.4897560829719704,1.612195103714963,0.3703358900785271,0.5105725300019214,False,0.13580246913580246,0.012345679012345678,0,False,,0
91,marine_knownmap_path_v2_infosampled,ucb,0.0,False,mode_not_conditional,0.0,0.0,1.0,False,SEARCH,"(19, 8)","(13, 7)","(13, 8)","(15, 4)",search_info,"(15, 4)",1,0.0,0.0,simple_ring_priority,False,,3,4,adaptive_knownmap_soft,7,8,9,8,0.125,16,71.19500511640624,1.0,4.552757324181412,1.0,1.8665845070422535,0.0,75.74776244058765,1.0,1.8665845070422535,0.0,8.0,0.9166666666666666,0.0,8.0,8.0,False,0.0,soft_clearance_astar_v1,adaptive,1.0,75.74776244058765,1.0,8.0,0.9166666666666666,0.0,0.0,0.0,6.5,0.0,-0.3208333333333333,0.0,0.0,-0.0,0,0.0,0.0,True,0.8,0.0,0.0,0.3455673410724666,0.6544326589275334,24,24,24,2,1.253300655667309,0.9517292777029797,simple_ring,True,4.758099999889964,0.11989999802608509,0.7977000004757429,0.5882000114070252,1,0,0,0.0,0,0,0.0,0.0,0.0,0.0,0.0,0,0,0,0.0,0.0,0.0,0.0,0,False,,,0,0.0,False,"(-1, 0)",3.545111400497058,6.179166666666667,6.179166666666667,5,True,91,111,3.0,1.591679046687535,0.36343012704174227,0.9053217876488998,0.6474786573428233,0.4897560829719704,1.612195103714963,0.3703358900785271,0.5105725300019214,False,0.13580246913580246,0.012345679012345678,0,False,,0
92,marine_knownmap_path_v2_infosampled,ucb,0.0,False,mode_not_conditional,0.0,0.0,1.0,False,SEARCH,"(18, 8)","(13, 7)","(13, 8)","(15, 4)",search_info,"(15, 4)",1,0.0,0.0,simple_ring_priority,False,,2,4,adaptive_knownmap_soft,6,8,9,8,0.25,16,71.19500511640624,1.0,4.552757324181412,1.0,1.8665845070422535,0.0,75.74776244058765,1.0,1.8665845070422535,0.0,8.0,0.9166666666666666,0.0,8.0,8.0,False,0.0,soft_clearance_astar_v1,adaptive,1.0,75.74776244058765,1.0,8.0,0.9166666666666666,0.0,0.0,0.0,6.5,0.0,-0.3208333333333333,0.0,0.0,-0.0,0,0.0,0.0,True,0.8,0.0,0.0,0.3455673410724666,0.6544326589275334,24,24,24,2,1.253300655667309,0.9517292777029797,simple_ring,True,4.758099999889964,0.11989999802608509,0.7977000004757429,0.5882000114070252,1,0,0,0.0,0,0,0.0,0.0,0.0,0.0,0.0,0,0,0,0.0,0.0,0.0,0.0,0,False,,,0,0.0,False,"(-1, 0)",3.545111400497058,6.179166666666667,6.179166666666667,5,True,92,112,3.0,1.600387491066585,0.367967332123412,0.9986126082211267,0.7099652531680267,0.4897560829719704,1.612195103714963,0.3703358900785271,0.5105725300019214,False,0.13580246913580246,0.012345679012345678,0,False,,0
93,marine_knownmap_path_v2_infosampled,ucb,0.0,False,mode_not_conditional,0.0,0.0,1.0,False,SEARCH,"(17, 8)","(13, 7)","(13, 8)","(15, 4)",search_info,"(15, 4)",1,0.0,0.0,simple_ring_priority,False,,1,4,adaptive_knownmap_soft,5,8,9,8,0.375,16,71.19500511640624,1.0,4.552757324181412,1.0,1.8665845070422535,0.0,75.74776244058765,1.0,1.8665845070422535,0.0,8.0,0.9166666666666666,0.0,8.0,8.0,False,0.0,soft_clearance_astar_v1,adaptive,1.0,75.74776244058765,1.0,8.0,0.9166666666666666,0.0,0.0,0.0,6.5,0.0,-0.3208333333333333,0.0,0.0,-0.0,0,0.0,0.0,True,0.8,0.0,0.0,0.3455673410724666,0.6544326589275334,24,24,24,2,1.253300655667309,0.9517292777029797,simple_ring,True,4.758099999889964,0.11989999802608509,0.7977000004757429,0.5882000114070252,1,0,0,0.0,0,0,0.0,0.0,0.0,0.0,0.0,0,0,0,0.0,0.0,0.0,0.0,0,False,,,0,0.0,False,"(-1, 0)",3.545111400497058,6.179166666666667,6.179166666666667,5,True,93,113,3.0,1.6091665122331062,0.37295825771324864,0.9827405029801526,0.6651719057524756,0.4897560829719704,1.612195103714963,0.3703358900785271,0.5105725300019214,False,0.13580246913580246,0.0,0,False,,0
94,marine_knownmap_path_v2_infosampled,ucb,0.0,False,mode_not_conditional,0.0,0.0,1.0,False,SEARCH,"(16, 8)","(13, 7)","(13, 8)","(15, 4)",search_info,"(15, 4)",1,0.0,0.0,simple_ring_priority,False,,0,4,adaptive_knownmap_soft,4,8,9,8,0.5,16,71.19500511640624,1.0,4.552757324181412,1.0,1.8665845070422535,0.0,75.74776244058765,1.0,1.8665845070422535,0.0,8.0,0.9166666666666666,0.0,8.0,8.0,False,0.0,soft_clearance_astar_v1,adaptive,1.0,75.74776244058765,1.0,8.0,0.9166666666666666,0.0,0.0,0.0,6.5,0.0,-0.3208333333333333,0.0,0.0,-0.0,0,0.0,0.0,True,0.8,0.0,0.0,0.3455673410724666,0.6544326589275334,24,24,24,2,1.253300655667309,0.9517292777029797,simple_ring,True,4.758099999889964,0.11989999802608509,0.7977000004757429,0.5882000114070252,1,0,0,0.0,0,0,0.0,0.0,0.0,0.0,0.0,0,0,0,0.0,0.0,0.0,0.0,0,False,,,0,0.0,False,"(-1, 0)",3.545111400497058,6.179166666666667,6.179166666666667,5,True,94,114,3.0000000000000004,1.617886413735081,0.3779491833030853,0.9945887638327998,0.7013360340014694,0.4897560829719704,1.612195103714963,0.3703358900785271,0.5105725300019214,False,0.13580246913580246,0.0,0,False,,0
95,marine_knownmap_path_v2_infosampled,ucb,0.0,False,mode_not_conditional,0.0,0.0,1.0,False,SEARCH,"(15, 8)","(12, 2)","(12, 4)","(15, 4)",search_info,"(15, 4)",1,0.0,0.0,simple_ring_priority,True,commit_expired,4,4,adaptive_knownmap_soft,8,8,10,8,0.625,17,57.49143846718749,1.0,3.6485633042052186,0.9446704937074806,3.4922009054687493,0.6751134675608416,61.14000177139271,1.0,3.4922009054687493,0.6751134675608416,8.25,1.0,0.0,4.0,6.75,False,0.0,soft_clearance_astar_v1,adaptive,1.0,61.14000177139271,1.0,8.25,1.0,0.0,0.0,0.0,6.5,1.3502269351216831,-0.35,0.0,0.0,-0.0,1,0.0,0.0,True,1.0,0.0,0.0,0.1314980614647341,0.8685019385352659,24,24,24,4,0.7971524503287064,0.9746655727494155,simple_ring,True,4.586600000038743,0.09529999442747794,0.5438000007416122,0.372200001947931,1,0,0,0.0,0,0,0.0,0.0,0.0,0.0,0.0,0,0,0,0.0,0.0,0.0,0.0,0,False,,,0,0.0,False,"(-1, 0)",2.073449847319141,7.500226935121684,7.500226935121684,5,True,95,115,3.000000000000001,1.6264193030094023,0.38294010889292196,0.9697310686601639,0.6851547787046863,0.6041789890566114,1.7552237363207643,0.353321683931166,0.495856639629179,True,0.13580246913580246,0.0,0,False,,0
96,marine_knownmap_path_v2_infosampled,ucb,0.0,False,mode_not_conditional,0.0,0.0,1.0,False,SEARCH,"(14, 8)","(12, 2)","(12, 4)","(15, 4)",search_info,"(15, 4)",1,0.0,0.0,simple_ring_priority,False,,3,4,adaptive_knownmap_soft,7,8,10,8,0.125,17,57.49143846718749,1.0,3.6485633042052186,0.9446704937074806,3.4922009054687493,0.6751134675608416,61.14000177139271,1.0,3.4922009054687493,0.6751134675608416,8.25,1.0,0.0,4.0,6.75,False,0.0,soft_clearance_astar_v1,adaptive,1.0,61.14000177139271,1.0,8.25,1.0,0.0,0.0,0.0,6.5,1.3502269351216831,-0.35,0.0,0.0,-0.0,1,0.0,0.0,True,1.0,0.0,0.0,0.1314980614647341,0.8685019385352659,24,24,24,4,0.7971524503287064,0.9746655727494155,simple_ring,True,4.586600000038743,0.09529999442747794,0.5438000007416122,0.372200001947931,1,0,0,0.0,0,0,0.0,0.0,0.0,0.0,0.0,0,0,0,0.0,0.0,0.0,0.0,0,False,,,0,0.0,False,"(-1, 0)",2.073449847319141,7.500226935121684,7.500226935121684,5,True,96,116,3.0,1.6346453652971207,0.3879310344827586,0.9669790822251259,0.6778606550330071,0.6041789890566114,1.7552237363207643,0.353321683931166,0.495856639629179,True,0.13580246913580246,0.0,0,False,,0
97,marine_knownmap_path_v2_infosampled,ucb,0.0,False,mode_not_conditional,0.0,0.0,1.0,False,SEARCH,"(13, 8)","(12, 2)","(12, 4)","(15, 4)",search_info,"(15, 4)",1,0.0,0.0,simple_ring_priority,False,,2,4,adaptive_knownmap_soft,6,8,10,8,0.25,17,57.49143846718749,1.0,3.6485633042052186,0.9446704937074806,3.4922009054687493,0.6751134675608416,61.14000177139271,1.0,3.4922009054687493,0.6751134675608416,8.25,1.0,0.0,4.0,6.75,False,0.0,soft_clearance_astar_v1,adaptive,1.0,61.14000177139271,1.0,8.25,1.0,0.0,0.0,0.0,6.5,1.3502269351216831,-0.35,0.0,0.0,-0.0,1,0.0,0.0,True,1.0,0.0,0.0,0.1314980614647341,0.8685019385352659,24,24,24,4,0.7971524503287064,0.9746655727494155,simple_ring,True,4.586600000038743,0.09529999442747794,0.5438000007416122,0.372200001947931,1,0,0,0.0,0,0,0.0,0.0,0.0,0.0,0.0,0,0,0,0.0,0.0,0.0,0.0,0,False,,,0,0.0,False,"(-1, 0)",2.073449847319141,7.500226935121684,7.500226935121684,5,True,97,117,3.0,1.6424591172399423,0.3929219600725953,0.9572797409714771,0.6701045290807468,0.6041789890566114,1.7552237363207643,0.353321683931166,0.495856639629179,True,0.13580246913580246,0.0,0,False,,0
98,marine_knownmap_path_v2_infosampled,ucb,0.0,False,mode_not_conditional,0.0,0.0,1.0,False,SEARCH,"(12, 8)","(12, 2)","(12, 4)","(15, 4)",search_info,"(15, 4)",1,0.0,0.0,simple_ring_priority,False,,1,4,adaptive_knownmap_soft,5,8,10,8,0.375,17,57.49143846718749,1.0,3.6485633042052186,0.9446704937074806,3.4922009054687493,0.6751134675608416,61.14000177139271,1.0,3.4922009054687493,0.6751134675608416,8.25,1.0,0.0,4.0,6.75,False,0.0,soft_clearance_astar_v1,adaptive,1.0,61.14000177139271,1.0,8.25,1.0,0.0,0.0,0.0,6.5,1.3502269351216831,-0.35,0.0,0.0,-0.0,1,0.0,0.0,True,1.0,0.0,0.0,0.1314980614647341,0.8685019385352659,24,24,24,4,0.7971524503287064,0.9746655727494155,simple_ring,True,4.586600000038743,0.09529999442747794,0.5438000007416122,0.372200001947931,1,0,0,0.0,0,0,0.0,0.0,0.0,0.0,0.0,0,0,0,0.0,0.0,0.0,0.0,0,False,,,0,0.0,False,"(-1, 0)",2.073449847319141,7.500226935121684,7.500226935121684,5,True,98,118,2.9999999999999996,1.6497755056252494,0.397459165154265,0.9855890887040064,0.6876502801625638,0.6041789890566114,1.7552237363207643,0.353321683931166,0.495856639629179,True,0.13580246913580246,0.012345679012345678,0,False,,0
99,marine_knownmap_path_v2_infosampled,ucb,0.0,False,mode_not_conditional,0.0,0.0,1.0,False,SEARCH,"(12, 7)","(12, 2)","(12, 4)","(15, 4)",search_info,"(15, 4)",1,0.0,0.0,simple_ring_priority,False,,0,4,adaptive_knownmap_soft,4,8,10,8,0.5,17,57.49143846718749,1.0,3.6485633042052186,0.9446704937074806,3.4922009054687493,0.6751134675608416,61.14000177139271,1.0,3.4922009054687493,0.6751134675608416,8.25,1.0,0.0,4.0,6.75,False,0.0,soft_clearance_astar_v1,adaptive,1.0,61.14000177139271,1.0,8.25,1.0,0.0,0.0,0.0,6.5,1.3502269351216831,-0.35,0.0,0.0,-0.0,1,0.0,0.0,True,1.0,0.0,0.0,0.1314980614647341,0.8685019385352659,24,24,24,4,0.7971524503287064,0.9746655727494155,simple_ring,True,4.586600000038743,0.09529999442747794,0.5438000007416122,0.372200001947931,1,0,0,0.0,0,0,0.0,0.0,0.0,0.0,0.0,0,0,0,0.0,0.0,0.0,0.0,0,False,,,0,0.0,False,"(-1, 0)",2.073449847319141,7.500226935121684,7.500226935121684,5,True,99,119,3.0,1.6555934732305682,0.3997277676950998,0.9806156004039925,0.683255805054695,0.6041789890566114,1.7552237363207643,0.353321683931166,0.495856639629179,True,0.07407407407407407,0.012345679012345678,0,False,,0
100,marine_knownmap_path_v2_infosampled,ucb,0.0,False,mode_not_conditional,0.0,0.0,1.0,False,SEARCH,"(12, 8)","(19, 43)","(12, 15)","(22, 45)",search_info,"(22, 45)",1048,0.9806156004039925,0.9456423777111886,simple_ring_priority,True,commit_expired,4,4,adaptive_knownmap_soft,8,8,43,8,0.625,18,36.99605283984374,1.0,2.2891844322478883,1.0,4.258875048730066,1.0,39.28523727209163,1.0,4.258875048730066,1.0,8.0,0.9655172413793104,0.0,8.0,10.75,False,0.0,soft_clearance_astar_v1,adaptive,1.0,39.28523727209163,1.0,8.0,0.9655172413793104,0.0,0.0,0.0,6.5,2.0,-0.33793103448275863,0.0,2.0,-2.0,0,0.0,0.0,False,1.0,0.0,0.0,0.500107705499699,0.49989229450030104,24,24,24,1,0.1313606742662654,1.0,simple_ring,True,4.597900000590016,0.14119999286776874,0.6370000010065269,0.5629999868688174,1,0,0,0.0,0,0,0.0,0.0,0.0,0.0,0.0,0,0,0,0.0,0.0,0.0,0.0,0,False,,,0,2.0,True,"(0, 1)",4.206903191391287,6.162068965517241,6.162068965517241,6,True,100,120,3.0,1.6587528135406262,0.3997277676950998,0.960691893551691,0.672433011393851,0.4935397950785574,1.6169247438481968,0.8088260981730349,0.46690976469125667,False,0.0,0.0,0,False,,0
101,marine_knownmap_path_v2_infosampled,ucb,0.0,False,mode_not_conditional,0.0,0.0,1.0,False,SEARCH,"(12, 9)","(19, 43)","(12, 15)","(22, 45)",search_info,"(22, 45)",1048,0.9806156004039925,0.9456423777111886,simple_ring_priority,False,,3,4,adaptive_knownmap_soft,7,8,43,8,0.125,18,36.99605283984374,1.0,2.2891844322478883,1.0,4.258875048730066,1.0,39.28523727209163,1.0,4.258875048730066,1.0,8.0,0.9655172413793104,0.0,8.0,10.75,False,0.0,soft_clearance_astar_v1,adaptive,1.0,39.28523727209163,1.0,8.0,0.9655172413793104,0.0,0.0,0.0,6.5,2.0,-0.33793103448275863,0.0,2.0,-2.0,0,0.0,0.0,False,1.0,0.0,0.0,0.500107705499699,0.49989229450030104,24,24,24,1,0.1313606742662654,1.0,simple_ring,True,4.597900000590016,0.14119999286776874,0.6370000010065269,0.5629999868688174,1,0,0,0.0,0,0,0.0,0.0,0.0,0.0,0.0,0,0,0,0.0,0.0,0.0,0.0,0,False,,,0,2.0,True,"(0, 1)",4.206903191391287,6.162068965517241,6.162068965517241,6,True,101,121,3.0,1.6620172602923258,0.40199637023593465,0.9796676651816145,0.6880741691375922,0.4935397950785574,1.6169247438481968,0.8088260981730349,0.46690976469125667,False,0.07407407407407407,0.012345679012345678,0,False,,0
102,marine_knownmap_path_v2_infosampled,ucb,0.0,False,mode_not_conditional,0.0,0.0,1.0,False,SEARCH,"(12, 10)","(19, 43)","(12, 15)","(22, 45)",search_info,"(22, 45)",1048,0.9806156004039925,0.9456423777111886,simple_ring_priority,False,,2,4,adaptive_knownmap_soft,6,8,43,8,0.25,18,36.99605283984374,1.0,2.2891844322478883,1.0,4.258875048730066,1.0,39.28523727209163,1.0,4.258875048730066,1.0,8.0,0.9655172413793104,0.0,8.0,10.75,False,0.0,soft_clearance_astar_v1,adaptive,1.0,39.28523727209163,1.0,8.0,0.9655172413793104,0.0,0.0,0.0,6.5,2.0,-0.33793103448275863,0.0,2.0,-2.0,0,0.0,0.0,False,1.0,0.0,0.0,0.500107705499699,0.49989229450030104,24,24,24,1,0.1313606742662654,1.0,simple_ring,True,4.597900000590016,0.14119999286776874,0.6370000010065269,0.5629999868688174,1,0,0,0.0,0,0,0.0,0.0,0.0,0.0,0.0,0,0,0,0.0,0.0,0.0,0.0,0,False,,,0,2.0,True,"(0, 1)",4.206903191391287,6.162068965517241,6.162068965517241,6,True,102,122,3.0,1.6660064315410563,0.4056261343012704,0.9455225002311475,0.6644071563644212,0.4935397950785574,1.6169247438481968,0.8088260981730349,0.46690976469125667,False,0.12345679012345678,0.024691358024691357,0,False,,0
103,marine_knownmap_path_v2_infosampled,ucb,0.0,False,mode_not_conditional,0.0,0.0,1.0,False,SEARCH,"(12, 11)","(19, 43)","(12, 15)","(22, 45)",search_info,"(22, 45)",1048,0.9806156004039925,0.9456423777111886,simple_ring_priority,False,,1,4,adaptive_knownmap_soft,5,8,43,8,0.375,18,36.99605283984374,1.0,2.2891844322478883,1.0,4.258875048730066,1.0,39.28523727209163,1.0,4.258875048730066,1.0,8.0,0.9655172413793104,0.0,8.0,10.75,False,0.0,soft_clearance_astar_v1,adaptive,1.0,39.28523727209163,1.0,8.0,0.9655172413793104,0.0,0.0,0.0,6.5,2.0,-0.33793103448275863,0.0,2.0,-2.0,0,0.0,0.0,False,1.0,0.0,0.0,0.500107705499699,0.49989229450030104,24,24,24,1,0.1313606742662654,1.0,simple_ring,True,4.597900000590016,0.14119999286776874,0.6370000010065269,0.5629999868688174,1,0,0,0.0,0,0,0.0,0.0,0.0,0.0,0.0,0,0,0,0.0,0.0,0.0,0.0,0,False,,,0,2.0,True,"(0, 1)",4.206903191391287,6.162068965517241,6.162068965517241,6,True,103,123,2.9999999999999996,1.670607482671138,0.4092558983666062,0.908411600579978,0.631872496589843,0.4935397950785574,1.6169247438481968,0.8088260981730349,0.46690976469125667,False,0.12345679012345678,0.024691358024691357,0,False,,0
104,marine_knownmap_path_v2_infosampled,ucb,0.0,False,mode_not_conditional,0.0,0.0,1.0,False,SEARCH,"(12, 12)","(19, 43)","(12, 15)","(22, 45)",search_info,"(22, 45)",1048,0.9806156004039925,0.9456423777111886,simple_ring_priority,False,,0,4,adaptive_knownmap_soft,4,8,43,8,0.5,18,36.99605283984374,1.0,2.2891844322478883,1.0,4.258875048730066,1.0,39.28523727209163,1.0,4.258875048730066,1.0,8.0,0.9655172413793104,0.0,8.0,10.75,False,0.0,soft_clearance_astar_v1,adaptive,1.0,39.28523727209163,1.0,8.0,0.9655172413793104,0.0,0.0,0.0,6.5,2.0,-0.33793103448275863,0.0,2.0,-2.0,0,0.0,0.0,False,1.0,0.0,0.0,0.500107705499699,0.49989229450030104,24,24,24,1,0.1313606742662654,1.0,simple_ring,True,4.597900000590016,0.14119999286776874,0.6370000010065269,0.5629999868688174,1,0,0,0.0,0,0,0.0,0.0,0.0,0.0,0.0,0,0,0,0.0,0.0,0.0,0.0,0,False,,,0,2.0,True,"(0, 1)",4.206903191391287,6.162068965517241,6.162068965517241,6,True,104,124,2.999999999999999,1.6755281819653478,0.41197822141560797,0.9972946577262467,0.6960220387196633,0.4935397950785574,1.6169247438481968,0.8088260981730349,0.46690976469125667,False,0.13580246913580246,0.06172839506172839,0,False,,0
105,marine_knownmap_path_v2_infosampled,ucb,0.0,False,mode_not_conditional,0.0,0.0,1.0,False,SEARCH,"(12, 13)","(19, 43)","(12, 20)","(22, 45)",search_info,"(22, 45)",1051,0.9972946577262467,0.9609825548626518,simple_ring_priority,True,commit_expired,4,4,adaptive_knownmap_soft,8,8,38,8,0.625,18,33.02951579609374,1.0,2.6586820889434115,1.0,5.797146929774305,1.0,35.688197885037155,1.0,5.797146929774305,1.0,8.0,0.0,0.0,12.0,12.0,False,0.0,soft_clearance_astar_v1,adaptive,1.0,35.688197885037155,1.0,8.0,0.0,0.0,0.0,0.0,6.5,2.0,-0.0,0.0,0.0,-0.0,0,0.0,0.0,True,0.0,0.0,0.0,0.5087409609744651,0.4912590390255349,24,24,24,1,0.40883596730678096,1.0,simple_ring,True,4.1784999993979,0.11280000035185367,0.39460000152757857,0.3603000022849301,1,0,0,0.0,0,0,0.0,0.0,0.0,0.0,0.0,0,0,0,0.0,0.0,0.0,0.0,0,False,,,0,0.0,False,"(0, 1)",8.5,8.5,8.5,6,True,105,125,2.9999999999999996,1.6805013889114258,0.4147005444646098,0.9771197127136195,0.6813842291121781,0.4955727525471203,1.6194659406839005,0.8100972682300135,0.5074298914131121,False,0.13580246913580246,0.06172839506172839,0,False,,0
106,marine_knownmap_path_v2_infosampled,ucb,0.0,False,mode_not_conditional,0.0,0.0,1.0,False,SEARCH,"(12, 14)","(19, 43)","(12, 20)","(22, 45)",search_info,"(22, 45)",1051,0.9972946577262467,0.9609825548626518,simple_ring_priority,False,,3,4,adaptive_knownmap_soft,7,8,38,8,0.125,18,33.02951579609374,1.0,2.6586820889434115,1.0,5.797146929774305,1.0,35.688197885037155,1.0,5.797146929774305,1.0,8.0,0.0,0.0,12.0,12.0,False,0.0,soft_clearance_astar_v1,adaptive,1.0,35.688197885037155,1.0,8.0,0.0,0.0,0.0,0.0,6.5,2.0,-0.0,0.0,0.0,-0.0,0,0.0,0.0,True,0.0,0.0,0.0,0.5087409609744651,0.4912590390255349,24,24,24,1,0.40883596730678096,1.0,simple_ring,True,4.1784999993979,0.11280000035185367,0.39460000152757857,0.3603000022849301,1,0,0,0.0,0,0,0.0,0.0,0.0,0.0,0.0,0,0,0,0.0,0.0,0.0,0.0,0,False,,,0,0.0,False,"(0, 1)",8.5,8.5,8.5,6,True,106,126,3.0,1.6853369124786863,0.41787658802177857,0.9452051157488874,0.6618752596422023,0.4955727525471203,1.6194659406839005,0.8100972682300135,0.5074298914131121,False,0.13580246913580246,0.04938271604938271,0,False,,0
107,marine_knownmap_path_v2_infosampled,ucb,0.0,False,mode_not_conditional,0.0,0.0,1.0,False,SEARCH,"(12, 15)","(19, 43)","(12, 20)","(22, 45)",search_info,"(22, 45)",1051,0.9972946577262467,0.9609825548626518,simple_ring_priority,False,,2,4,adaptive_knownmap_soft,6,8,38,8,0.25,18,33.02951579609374,1.0,2.6586820889434115,1.0,5.797146929774305,1.0,35.688197885037155,1.0,5.797146929774305,1.0,8.0,0.0,0.0,12.0,12.0,False,0.0,soft_clearance_astar_v1,adaptive,1.0,35.688197885037155,1.0,8.0,0.0,0.0,0.0,0.0,6.5,2.0,-0.0,0.0,0.0,-0.0,0,0.0,0.0,True,0.0,0.0,0.0,0.5087409609744651,0.4912590390255349,24,24,24,1,0.40883596730678096,1.0,simple_ring,True,4.1784999993979,0.11280000035185367,0.39460000152757857,0.3603000022849301,1,0,0,0.0,0,0,0.0,0.0,0.0,0.0,0.0,0,0,0,0.0,0.0,0.0,0.0,0,False,,,0,0.0,False,"(0, 1)",8.5,8.5,8.5,6,True,107,127,2.9999999999999996,1.6899162006534132,0.42014519056261346,0.9983577395236096,0.6974967616543152,0.4955727525471203,1.6194659406839005,0.8100972682300135,0.5074298914131121,False,0.13580246913580246,0.07407407407407407,0,False,,0
108,marine_knownmap_path_v2_infosampled,ucb,0.0,False,mode_not_conditional,0.0,0.0,1.0,False,SEARCH,"(12, 16)","(19, 43)","(12, 20)","(22, 45)",search_info,"(22, 45)",1051,0.9972946577262467,0.9609825548626518,simple_ring_priority,False,,1,4,adaptive_knownmap_soft,5,8,38,8,0.375,18,33.02951579609374,1.0,2.6586820889434115,1.0,5.797146929774305,1.0,35.688197885037155,1.0,5.797146929774305,1.0,8.0,0.0,0.0,12.0,12.0,False,0.0,soft_clearance_astar_v1,adaptive,1.0,35.688197885037155,1.0,8.0,0.0,0.0,0.0,0.0,6.5,2.0,-0.0,0.0,0.0,-0.0,0,0.0,0.0,True,0.0,0.0,0.0,0.5087409609744651,0.4912590390255349,24,24,24,1,0.40883596730678096,1.0,simple_ring,True,4.1784999993979,0.11280000035185367,0.39460000152757857,0.3603000022849301,1,0,0,0.0,0,0,0.0,0.0,0.0,0.0,0.0,0,0,0,0.0,0.0,0.0,0.0,0,False,,,0,0.0,False,"(0, 1)",8.5,8.5,8.5,6,True,108,128,3.0,1.694174628999882,0.4224137931034483,0.999973287231859,0.6932988096174312,0.4955727525471203,1.6194659406839005,0.8100972682300135,0.5074298914131121,False,0.13580246913580246,0.07407407407407407,0,False,,0
109,marine_knownmap_path_v2_infosampled,ucb,0.0,False,mode_not_conditional,0.0,0.0,1.0,False,SEARCH,"(12, 17)","(19, 43)","(12, 20)","(22, 45)",search_info,"(22, 45)",1051,0.9972946577262467,0.9609825548626518,simple_ring_priority,False,,0,4,adaptive_knownmap_soft,4,8,38,8,0.5,18,33.02951579609374,1.0,2.6586820889434115,1.0,5.797146929774305,1.0,35.688197885037155,1.0,5.797146929774305,1.0,8.0,0.0,0.0,12.0,12.0,False,0.0,soft_clearance_astar_v1,adaptive,1.0,35.688197885037155,1.0,8.0,0.0,0.0,0.0,0.0,6.5,2.0,-0.0,0.0,0.0,-0.0,0,0.0,0.0,True,0.0,0.0,0.0,0.5087409609744651,0.4912590390255349,24,24,24,1,0.40883596730678096,1.0,simple_ring,True,4.1784999993979,0.11280000035185367,0.39460000152757857,0.3603000022849301,1,0,0,0.0,0,0,0.0,0.0,0.0,0.0,0.0,0,0,0,0.0,0.0,0.0,0.0,0,False,,,0,0.0,False,"(0, 1)",8.5,8.5,8.5,6,True,109,129,3.0,1.6980865826804707,0.4246823956442831,0.9992981345779444,0.690666126115156,0.4955727525471203,1.6194659406839005,0.8100972682300135,0.5074298914131121,False,0.13580246913580246,0.07407407407407407,0,False,,0
110,marine_knownmap_path_v2_infosampled,ucb,0.0,False,mode_not_conditional,0.0,0.0,1.0,False,SEARCH,"(12, 18)","(19, 43)","(12, 25)","(22, 45)",search_info,"(22, 45)",1046,0.9992981345779444,0.9623312665926187,simple_ring_priority,True,commit_expired,4,4,adaptive_knownmap_soft,8,8,33,8,0.625,18,9.7025,1.0,2.432694775834591,1.0,5.810538742639802,1.0,12.135194775834591,1.0,5.810538742639802,1.0,8.0,0.0,0.0,12.0,12.0,False,0.0,soft_clearance_astar_v1,adaptive,1.0,12.135194775834591,1.0,8.0,0.0,0.0,0.0,0.0,6.5,2.0,-0.0,0.0,0.0,-0.0,0,0.0,0.0,True,0.0,0.0,0.0,0.5098971877654208,0.49010281223457913,24,24,24,1,0.6599261253720854,1.0,simple_ring,True,4.556500000035157,0.11249999624851625,0.3897000005963491,0.3209000078641111,1,0,0,0.0,0,0,0.0,0.0,0.0,0.0,0.0,0,0,0,0.0,0.0,0.0,0.0,0,False,,,0,0.0,False,"(0, 1)",8.5,8.5,8.5,6,True,110,130,3.0,1.701655835552728,0.42695099818511795,0.9678457109022894,0.6708095858797463,0.4962786558292714,1.620348319786589,0.8105388018802538,0.5173521029265902,False,0.13580246913580246,0.07407407407407407,0,False,,0
111,marine_knownmap_path_v2_infosampled,ucb,0.0,False,mode_not_conditional,0.0,0.0,1.0,False,SEARCH,"(12, 19)","(19, 43)","(12, 25)","(22, 45)",search_info,"(22, 45)",1046,0.9992981345779444,0.9623312665926187,simple_ring_priority,False,,3,4,adaptive_knownmap_soft,7,8,33,8,0.125,18,9.7025,1.0,2.432694775834591,1.0,5.810538742639802,1.0,12.135194775834591,1.0,5.810538742639802,1.0,8.0,0.0,0.0,12.0,12.0,False,0.0,soft_clearance_astar_v1,adaptive,1.0,12.135194775834591,1.0,8.0,0.0,0.0,0.0,0.0,6.5,2.0,-0.0,0.0,0.0,-0.0,0,0.0,0.0,True,0.0,0.0,0.0,0.5098971877654208,0.49010281223457913,24,24,24,1,0.6599261253720854,1.0,simple_ring,True,4.556500000035157,0.11249999624851625,0.3897000005963491,0.3209000078641111,1,0,0,0.0,0,0,0.0,0.0,0.0,0.0,0.0,0,0,0,0.0,0.0,0.0,0.0,0,False,,,0,0.0,False,"(0, 1)",8.5,8.5,8.5,6,True,111,131,3.0000000000000004,1.7049101248063858,0.42876588021778583,0.9916362902175895,0.6819764287905373,0.4962786558292714,1.620348319786589,0.8105388018802538,0.5173521029265902,False,0.13580246913580246,0.08641975308641975,0,False,,0
112,marine_knownmap_path_v2_infosampled,ucb,0.0,False,mode_not_conditional,0.0,0.0,1.0,False,SEARCH,"(12, 20)","(19, 43)","(12, 25)","(22, 45)",search_info,"(22, 45)",1046,0.9992981345779444,0.9623312665926187,simple_ring_priority,False,,2,4,adaptive_knownmap_soft,6,8,33,8,0.25,18,9.7025,1.0,2.432694775834591,1.0,5.810538742639802,1.0,12.135194775834591,1.0,5.810538742639802,1.0,8.0,0.0,0.0,12.0,12.0,False,0.0,soft_clearance_astar_v1,adaptive,1.0,12.135194775834591,1.0,8.0,0.0,0.0,0.0,0.0,6.5,2.0,-0.0,0.0,0.0,-0.0,0,0.0,0.0,True,0.0,0.0,0.0,0.5098971877654208,0.49010281223457913,24,24,24,1,0.6599261253720854,1.0,simple_ring,True,4.556500000035157,0.11249999624851625,0.3897000005963491,0.3209000078641111,1,0,0,0.0,0,0,0.0,0.0,0.0,0.0,0.0,0,0,0,0.0,0.0,0.0,0.0,0,False,,,0,0.0,False,"(0, 1)",8.5,8.5,8.5,6,True,112,132,3.0,1.7078983585784255,0.42921960072595283,0.9853172319999631,0.6770434406467658,0.4962786558292714,1.620348319786589,0.8105388018802538,0.5173521029265902,False,0.13580246913580246,0.12345679012345678,0,False,,0
113,marine_knownmap_path_v2_infosampled,ucb,0.0,False,mode_not_conditional,0.0,0.0,1.0,False,SEARCH,"(12, 21)","(19, 43)","(12, 25)","(22, 45)",search_info,"(22, 45)",1046,0.9992981345779444,0.9623312665926187,simple_ring_priority,False,,1,4,adaptive_knownmap_soft,5,8,33,8,0.375,18,9.7025,1.0,2.432694775834591,1.0,5.810538742639802,1.0,12.135194775834591,1.0,5.810538742639802,1.0,8.0,0.0,0.0,12.0,12.0,False,0.0,soft_clearance_astar_v1,adaptive,1.0,12.135194775834591,1.0,8.0,0.0,0.0,0.0,0.0,6.5,2.0,-0.0,0.0,0.0,-0.0,0,0.0,0.0,True,0.0,0.0,0.0,0.5098971877654208,0.49010281223457913,24,24,24,1,0.6599261253720854,1.0,simple_ring,True,4.556500000035157,0.11249999624851625,0.3897000005963491,0.3209000078641111,1,0,0,0.0,0,0,0.0,0.0,0.0,0.0,0.0,0,0,0,0.0,0.0,0.0,0.0,0,False,,,0,0.0,False,"(0, 1)",8.5,8.5,8.5,6,True,113,133,3.0,1.7106890997129809,0.42921960072595283,0.9993541287696484,0.6816336530590118,0.4962786558292714,1.620348319786589,0.8105388018802538,0.5173521029265902,False,0.13580246913580246,0.13580246913580246,0,False,,0
114,marine_knownmap_path_v2_infosampled,ucb,0.0,False,mode_not_conditional,0.0,0.0,1.0,False,SEARCH,"(12, 22)","(19, 43)","(12, 25)","(22, 45)",search_info,"(22, 45)",1046,0.9992981345779444,0.9623312665926187,simple_ring_priority,False,,0,4,adaptive_knownmap_soft,4,8,33,8,0.5,18,9.7025,1.0,2.432694775834591,1.0,5.810538742639802,1.0,12.135194775834591,1.0,5.810538742639802,1.0,8.0,0.0,0.0,12.0,12.0,False,0.0,soft_clearance_astar_v1,adaptive,1.0,12.135194775834591,1.0,8.0,0.0,0.0,0.0,0.0,6.5,2.0,-0.0,0.0,0.0,-0.0,0,0.0,0.0,True,0.0,0.0,0.0,0.5098971877654208,0.49010281223457913,24,24,24,1,0.6599261253720854,1.0,simple_ring,True,4.556500000035157,0.11249999624851625,0.3897000005963491,0.3209000078641111,1,0,0,0.0,0,0,0.0,0.0,0.0,0.0,0.0,0,0,0,0.0,0.0,0.0,0.0,0,False,,,0,0.0,False,"(0, 1)",8.5,8.5,8.5,6,True,114,134,2.9999999999999996,1.7133692259401072,0.42921960072595283,0.994133272907259,0.6769829531963494,0.4962786558292714,1.620348319786589,0.8105388018802538,0.5173521029265902,False,0.13580246913580246,0.13580246913580246,0,False,,0
115,marine_knownmap_path_v2_infosampled,ucb,0.0,False,mode_not_conditional,0.0,0.0,1.0,False,SEARCH,"(12, 23)","(19, 43)","(12, 30)","(22, 45)",search_info,"(22, 45)",1041,0.994133272907259,0.9567982109957817,simple_ring_priority,True,commit_expired,4,4,adaptive_knownmap_soft,8,8,28,8,0.625,18,0.6983372960937497,1.0,2.6492461288756144,1.0,5.867393843354551,1.0,3.347583424969364,1.0,5.867393843354551,1.0,8.0,0.0,0.0,12.0,12.0,False,0.0,soft_clearance_astar_v1,adaptive,1.0,3.347583424969364,1.0,8.0,0.0,0.0,0.0,0.0,6.5,2.0,-0.0,0.0,0.0,-0.0,0,0.0,0.0,True,0.0,0.0,0.0,0.507476167424647,0.49252383257535304,24,24,24,1,0.8986632521995779,1.0,simple_ring,True,4.183099999863771,0.13189999845053535,0.5347999995137798,0.37739999243058264,1,0,0,0.0,0,0,0.0,0.0,0.0,0.0,0.0,0,0,0,0.0,0.0,0.0,0.0,0,False,,,0,0.0,False,"(0, 1)",8.5,8.5,8.5,6,True,115,135,3.0000000000000004,1.716041937220195,0.42921960072595283,0.9512700743589126,0.6464800840199648,0.49507335896897436,1.618841698711218,0.809853928911466,0.502052168892206,False,0.13580246913580246,0.13580246913580246,0,False,,0
116,marine_knownmap_path_v2_infosampled,ucb,0.0,False,mode_not_conditional,0.0,0.0,1.0,False,SEARCH,"(12, 24)","(19, 43)","(12, 30)","(22, 45)",search_info,"(22, 45)",1041,0.994133272907259,0.9567982109957817,simple_ring_priority,False,,3,4,adaptive_knownmap_soft,7,8,28,8,0.125,18,0.6983372960937497,1.0,2.6492461288756144,1.0,5.867393843354551,1.0,3.347583424969364,1.0,5.867393843354551,1.0,8.0,0.0,0.0,12.0,12.0,False,0.0,soft_clearance_astar_v1,adaptive,1.0,3.347583424969364,1.0,8.0,0.0,0.0,0.0,0.0,6.5,2.0,-0.0,0.0,0.0,-0.0,0,0.0,0.0,True,0.0,0.0,0.0,0.507476167424647,0.49252383257535304,24,24,24,1,0.8986632521995779,1.0,simple_ring,True,4.183099999863771,0.13189999845053535,0.5347999995137798,0.37739999243058264,1,0,0,0.0,0,0,0.0,0.0,0.0,0.0,0.0,0,0,0,0.0,0.0,0.0,0.0,0,False,,,0,0.0,False,"(0, 1)",8.5,8.5,8.5,6,True,116,136,3.000000000000001,1.7188235984581248,0.42921960072595283,0.9562622607695183,0.6475116557406746,0.49507335896897436,1.618841698711218,0.809853928911466,0.502052168892206,False,0.13580246913580246,0.13580246913580246,0,False,,0
117,marine_knownmap_path_v2_infosampled,ucb,0.0,False,mode_not_conditional,0.0,0.0,1.0,False,SEARCH,"(12, 25)","(19, 43)","(12, 30)","(22, 45)",search_info,"(22, 45)",1041,0.994133272907259,0.9567982109957817,simple_ring_priority,False,,2,4,adaptive_knownmap_soft,6,8,28,8,0.25,18,0.6983372960937497,1.0,2.6492461288756144,1.0,5.867393843354551,1.0,3.347583424969364,1.0,5.867393843354551,1.0,8.0,0.0,0.0,12.0,12.0,False,0.0,soft_clearance_astar_v1,adaptive,1.0,3.347583424969364,1.0,8.0,0.0,0.0,0.0,0.0,6.5,2.0,-0.0,0.0,0.0,-0.0,0,0.0,0.0,True,0.0,0.0,0.0,0.507476167424647,0.49252383257535304,24,24,24,1,0.8986632521995779,1.0,simple_ring,True,4.183099999863771,0.13189999845053535,0.5347999995137798,0.37739999243058264,1,0,0,0.0,0,0,0.0,0.0,0.0,0.0,0.0,0,0,0,0.0,0.0,0.0,0.0,0,False,,,0,0.0,False,"(0, 1)",8.5,8.5,8.5,6,True,117,137,2.9999999999999996,1.721839259975677,0.42921960072595283,0.9519106271824072,0.6423475485900109,0.49507335896897436,1.618841698711218,0.809853928911466,0.502052168892206,False,0.13580246913580246,0.13580246913580246,0,False,,0
118,marine_knownmap_path_v2_infosampled,ucb,0.0,False,mode_not_conditional,0.0,0.0,1.0,False,SEARCH,"(12, 26)","(19, 43)","(12, 30)","(22, 45)",search_info,"(22, 45)",1041,0.994133272907259,0.9567982109957817,simple_ring_priority,False,,1,4,adaptive_knownmap_soft,5,8,28,8,0.375,18,0.6983372960937497,1.0,2.6492461288756144,1.0,5.867393843354551,1.0,3.347583424969364,1.0,5.867393843354551,1.0,8.0,0.0,0.0,12.0,12.0,False,0.0,soft_clearance_astar_v1,adaptive,1.0,3.347583424969364,1.0,8.0,0.0,0.0,0.0,0.0,6.5,2.0,-0.0,0.0,0.0,-0.0,0,0.0,0.0,True,0.0,0.0,0.0,0.507476167424647,0.49252383257535304,24,24,24,1,0.8986632521995779,1.0,simple_ring,True,4.183099999863771,0.13189999845053535,0.5347999995137798,0.37739999243058264,1,0,0,0.0,0,0,0.0,0.0,0.0,0.0,0.0,0,0,0,0.0,0.0,0.0,0.0,0,False,,,0,0.0,False,"(0, 1)",8.5,8.5,8.5,6,True,118,138,2.9999999999999996,1.725217041711886,0.42921960072595283,0.9634514880033347,0.6474495745882589,0.49507335896897436,1.618841698711218,0.809853928911466,0.502052168892206,False,0.13580246913580246,0.13580246913580246,0,False,,0
119,marine_knownmap_path_v2_infosampled,ucb,0.0,False,mode_not_conditional,0.0,0.0,1.0,False,SEARCH,"(12, 27)","(19, 43)","(12, 30)","(22, 45)",search_info,"(22, 45)",1041,0.994133272907259,0.9567982109957817,simple_ring_priority,False,,0,4,adaptive_knownmap_soft,4,8,28,8,0.5,18,0.6983372960937497,1.0,2.6492461288756144,1.0,5.867393843354551,1.0,3.347583424969364,1.0,5.867393843354551,1.0,8.0,0.0,0.0,12.0,12.0,False,0.0,soft_clearance_astar_v1,adaptive,1.0,3.347583424969364,1.0,8.0,0.0,0.0,0.0,0.0,6.5,2.0,-0.0,0.0,0.0,-0.0,0,0.0,0.0,True,0.0,0.0,0.0,0.507476167424647,0.49252383257535304,24,24,24,1,0.8986632521995779,1.0,simple_ring,True,4.183099999863771,0.13189999845053535,0.5347999995137798,0.37739999243058264,1,0,0,0.0,0,0,0.0,0.0,0.0,0.0,0.0,0,0,0,0.0,0.0,0.0,0.0,0,False,,,0,0.0,False,"(0, 1)",8.5,8.5,8.5,6,True,119,139,3.0000000000000004,1.729081843613286,0.42921960072595283,0.9756588791767073,0.6554344332662012,0.49507335896897436,1.618841698711218,0.809853928911466,0.502052168892206,False,0.13580246913580246,0.13580246913580246,0,False,,0
120,marine_knownmap_path_v2_infosampled,ucb,0.0,False,mode_not_conditional,0.0,0.0,1.0,False,SEARCH,"(12, 28)","(20, 43)","(12, 35)","(23, 45)",search_info,"(23, 45)",1015,0.9756588791767073,0.9396061927196989,simple_ring_priority,True,commit_expired,4,4,adaptive_knownmap_soft,8,8,24,8,0.625,19,35.49624696015624,1.0,3.4984508600497337,1.0,5.169056547260801,1.0,38.99469782020598,1.0,5.169056547260801,1.0,8.0,0.0,0.0,12.0,12.0,False,0.0,soft_clearance_astar_v1,adaptive,1.0,38.99469782020598,1.0,8.0,0.0,0.0,0.0,0.0,6.5,2.0,-0.0,0.0,0.0,-0.0,0,0.0,0.0,True,0.2,0.0,0.0,0.4976191540203629,0.5023808459796372,24,24,24,1,1.0667127438733752,1.0,simple_ring,True,6.194700001287856,0.17040000057022553,0.7040999989840202,0.6358000009640818,1,0,0,0.0,0,0,0.0,0.0,0.0,0.0,0.0,0,0,0,0.0,0.0,0.0,0.0,0,False,,,0,0.0,False,"(0, 1)",8.5,8.5,8.5,6,True,120,140,3.0,1.7335490106036868,0.42921960072595283,0.9281642665325697,0.5491289627165477,0.4938523008055988,1.6173153760069985,0.8103961172864466,0.4763254750254776,False,0.13580246913580246,0.13580246913580246,0,False,,0
121,marine_knownmap_path_v2_infosampled,ucb,0.0,False,mode_not_conditional,0.0,0.0,1.0,False,SEARCH,"(12, 29)","(20, 43)","(12, 35)","(23, 45)",search_info,"(23, 45)",1015,0.9756588791767073,0.9396061927196989,simple_ring_priority,False,,3,4,adaptive_knownmap_soft,7,8,24,8,0.125,19,35.49624696015624,1.0,3.4984508600497337,1.0,5.169056547260801,1.0,38.99469782020598,1.0,5.169056547260801,1.0,8.0,0.0,0.0,12.0,12.0,False,0.0,soft_clearance_astar_v1,adaptive,1.0,38.99469782020598,1.0,8.0,0.0,0.0,0.0,0.0,6.5,2.0,-0.0,0.0,0.0,-0.0,0,0.0,0.0,True,0.2,0.0,0.0,0.4976191540203629,0.5023808459796372,24,24,24,1,1.0667127438733752,1.0,simple_ring,True,6.194700001287856,0.17040000057022553,0.7040999989840202,0.6358000009640818,1,0,0,0.0,0,0,0.0,0.0,0.0,0.0,0.0,0,0,0,0.0,0.0,0.0,0.0,0,False,,,0,0.0,False,"(0, 1)",8.5,8.5,8.5,6,True,121,141,2.9999999999999996,1.7387186174315994,0.42921960072595283,0.9317757904074988,0.5445536549201436,0.4938523008055988,1.6173153760069985,0.8103961172864466,0.4763254750254776,False,0.13580246913580246,0.13580246913580246,0,False,,0
122,marine_knownmap_path_v2_infosampled,ucb,0.0,False,mode_not_conditional,0.0,0.0,1.0,False,SEARCH,"(12, 30)","(20, 43)","(12, 35)","(23, 45)",search_info,"(23, 45)",1015,0.9756588791767073,0.9396061927196989,simple_ring_priority,False,,2,4,adaptive_knownmap_soft,6,8,24,8,0.25,19,35.49624696015624,1.0,3.4984508600497337,1.0,5.169056547260801,1.0,38.99469782020598,1.0,5.169056547260801,1.0,8.0,0.0,0.0,12.0,12.0,False,0.0,soft_clearance_astar_v1,adaptive,1.0,38.99469782020598,1.0,8.0,0.0,0.0,0.0,0.0,6.5,2.0,-0.0,0.0,0.0,-0.0,0,0.0,0.0,True,0.2,0.0,0.0,0.4976191540203629,0.5023808459796372,24,24,24,1,1.0667127438733752,1.0,simple_ring,True,6.194700001287856,0.17040000057022553,0.7040999989840202,0.6358000009640818,1,0,0,0.0,0,0,0.0,0.0,0.0,0.0,0.0,0,0,0,0.0,0.0,0.0,0.0,0,False,,,0,0.0,False,"(0, 1)",8.5,8.5,8.5,6,True,122,142,3.0,1.7446709554477755,0.4296733212341198,0.931359859105744,0.5892339603671168,0.4938523008055988,1.6173153760069985,0.8103961172864466,0.4763254750254776,False,0.13580246913580246,0.12345679012345678,0,False,,0
123,marine_knownmap_path_v2_infosampled,ucb,0.0,False,mode_not_conditional,0.0,0.0,1.0,False,SEARCH,"(12, 31)","(20, 43)","(12, 35)","(23, 45)",search_info,"(23, 45)",1015,0.9756588791767073,0.9396061927196989,simple_ring_priority,False,,1,4,adaptive_knownmap_soft,5,8,24,8,0.375,19,35.49624696015624,1.0,3.4984508600497337,1.0,5.169056547260801,1.0,38.99469782020598,1.0,5.169056547260801,1.0,8.0,0.0,0.0,12.0,12.0,False,0.0,soft_clearance_astar_v1,adaptive,1.0,38.99469782020598,1.0,8.0,0.0,0.0,0.0,0.0,6.5,2.0,-0.0,0.0,0.0,-0.0,0,0.0,0.0,True,0.2,0.0,0.0,0.4976191540203629,0.5023808459796372,24,24,24,1,1.0667127438733752,1.0,simple_ring,True,6.194700001287856,0.17040000057022553,0.7040999989840202,0.6358000009640818,1,0,0,0.0,0,0,0.0,0.0,0.0,0.0,0.0,0,0,0,0.0,0.0,0.0,0.0,0,False,,,0,0.0,False,"(0, 1)",8.5,8.5,8.5,6,True,123,143,3.000000000000001,1.7514636306279727,0.43284936479128855,0.9526327379923232,0.46609740487641443,0.4938523008055988,1.6173153760069985,0.8103961172864466,0.4763254750254776,False,0.13580246913580246,0.04938271604938271,0,False,,0
124,marine_knownmap_path_v2_infosampled,ucb,0.0,False,mode_not_conditional,0.0,0.0,1.0,False,SEARCH,"(12, 32)","(20, 43)","(12, 35)","(23, 45)",search_info,"(23, 45)",1015,0.9756588791767073,0.9396061927196989,simple_ring_priority,False,,0,4,adaptive_knownmap_soft,4,8,24,8,0.5,19,35.49624696015624,1.0,3.4984508600497337,1.0,5.169056547260801,1.0,38.99469782020598,1.0,5.169056547260801,1.0,8.0,0.0,0.0,12.0,12.0,False,0.0,soft_clearance_astar_v1,adaptive,1.0,38.99469782020598,1.0,8.0,0.0,0.0,0.0,0.0,6.5,2.0,-0.0,0.0,0.0,-0.0,0,0.0,0.0,True,0.2,0.0,0.0,0.4976191540203629,0.5023808459796372,24,24,24,1,1.0667127438733752,1.0,simple_ring,True,6.194700001287856,0.17040000057022553,0.7040999989840202,0.6358000009640818,1,0,0,0.0,0,0,0.0,0.0,0.0,0.0,0.0,0,0,0,0.0,0.0,0.0,0.0,0,False,,,0,0.0,False,"(0, 1)",8.5,8.5,8.5,6,True,124,144,3.0,1.759130462265295,0.43693284936479126,0.9502797030422373,0.4901785450811768,0.4938523008055988,1.6173153760069985,0.8103961172864466,0.4763254750254776,False,0.13580246913580246,0.024691358024691357,0,False,,0
125,marine_knownmap_path_v2_infosampled,ucb,0.0,False,mode_not_conditional,0.0,0.0,1.0,False,SEARCH,"(12, 33)","(18, 40)","(12, 40)","(21, 38)",search_info,"(21, 38)",71,0.9499375781158816,0.877765967390806,simple_ring_priority,True,commit_expired,4,4,adaptive_knownmap_soft,8,8,14,8,0.625,20,70.14750511640624,1.0,4.651334990336086,0.24657742448689904,0.9777777777777777,0.0,74.79884010674232,1.0,0.9777777777777777,0.0,8.0,0.0,0.0,12.0,12.0,False,0.0,soft_clearance_astar_v1,adaptive,1.0,74.79884010674232,1.0,8.0,0.0,0.0,0.0,0.0,6.5,0.0,-0.0,0.0,0.0,-0.0,0,0.0,0.0,False,0.7211102550927978,0.0,0.0,0.5443416439532052,0.45565835604679494,24,24,24,6,1.3294200138708536,0.8623885287400614,simple_ring,True,4.105799998797011,0.06210000174178276,0.4764000004797708,0.30730000435141847,1,0,0,0.0,0,0,0.0,0.0,0.0,0.0,0.0,0,0,0,0.0,0.0,0.0,0.0,0,False,,,0,0.0,False,"(0, 1)",6.4281579338054735,6.5,6.5,7,True,125,145,3.0000000000000004,1.7676821478539049,0.44101633393829404,0.9542636388774819,0.42991380120629175,0.7552330266387808,1.944041283298476,1.9817827482943524,0.48282201814058573,True,0.13580246913580246,0.024691358024691357,0,False,,0
126,marine_knownmap_path_v2_infosampled,ucb,0.0,False,mode_not_conditional,0.0,0.0,1.0,False,SEARCH,"(12, 34)","(18, 40)","(12, 40)","(21, 38)",search_info,"(21, 38)",71,0.9499375781158816,0.877765967390806,simple_ring_priority,False,,3,4,adaptive_knownmap_soft,7,8,14,8,0.125,20,70.14750511640624,1.0,4.651334990336086,0.24657742448689904,0.9777777777777777,0.0,74.79884010674232,1.0,0.9777777777777777,0.0,8.0,0.0,0.0,12.0,12.0,False,0.0,soft_clearance_astar_v1,adaptive,1.0,74.79884010674232,1.0,8.0,0.0,0.0,0.0,0.0,6.5,0.0,-0.0,0.0,0.0,-0.0,0,0.0,0.0,False,0.7211102550927978,0.0,0.0,0.5443416439532052,0.45565835604679494,24,24,24,6,1.3294200138708536,0.8623885287400614,simple_ring,True,4.105799998797011,0.06210000174178276,0.4764000004797708,0.30730000435141847,1,0,0,0.0,0,0,0.0,0.0,0.0,0.0,0.0,0,0,0,0.0,0.0,0.0,0.0,0,False,,,0,0.0,False,"(0, 1)",6.4281579338054735,6.5,6.5,7,True,126,146,3.0,1.7771084672296809,0.44509981851179675,0.9665742251334792,0.3936188012110897,0.7552330266387808,1.944041283298476,1.9817827482943524,0.48282201814058573,True,0.13580246913580246,0.024691358024691357,0,False,,0
127,marine_knownmap_path_v2_infosampled,ucb,0.0,False,mode_not_conditional,0.0,0.0,1.0,False,SEARCH,"(12, 35)","(18, 40)","(12, 40)","(21, 38)",search_info,"(21, 38)",71,0.9499375781158816,0.877765967390806,simple_ring_priority,False,,2,4,adaptive_knownmap_soft,6,8,14,8,0.25,20,70.14750511640624,1.0,4.651334990336086,0.24657742448689904,0.9777777777777777,0.0,74.79884010674232,1.0,0.9777777777777777,0.0,8.0,0.0,0.0,12.0,12.0,False,0.0,soft_clearance_astar_v1,adaptive,1.0,74.79884010674232,1.0,8.0,0.0,0.0,0.0,0.0,6.5,0.0,-0.0,0.0,0.0,-0.0,0,0.0,0.0,False,0.7211102550927978,0.0,0.0,0.5443416439532052,0.45565835604679494,24,24,24,6,1.3294200138708536,0.8623885287400614,simple_ring,True,4.105799998797011,0.06210000174178276,0.4764000004797708,0.30730000435141847,1,0,0,0.0,0,0,0.0,0.0,0.0,0.0,0.0,0,0,0,0.0,0.0,0.0,0.0,0,False,,,0,0.0,False,"(0, 1)",6.4281579338054735,6.5,6.5,7,True,127,147,3.0,1.7873816611826694,0.4500907441016334,0.9535797632940383,0.410842331965766,0.7552330266387808,1.944041283298476,1.9817827482943524,0.48282201814058573,True,0.13580246913580246,0.0,0,False,,0
128,marine_knownmap_path_v2_infosampled,ucb,0.0,False,mode_not_conditional,0.0,0.0,1.0,False,SEARCH,"(12, 36)","(18, 40)","(12, 40)","(21, 38)",search_info,"(21, 38)",71,0.9499375781158816,0.877765967390806,simple_ring_priority,False,,1,4,adaptive_knownmap_soft,5,8,14,8,0.375,20,70.14750511640624,1.0,4.651334990336086,0.24657742448689904,0.9777777777777777,0.0,74.79884010674232,1.0,0.9777777777777777,0.0,8.0,0.0,0.0,12.0,12.0,False,0.0,soft_clearance_astar_v1,adaptive,1.0,74.79884010674232,1.0,8.0,0.0,0.0,0.0,0.0,6.5,0.0,-0.0,0.0,0.0,-0.0,0,0.0,0.0,False,0.7211102550927978,0.0,0.0,0.5443416439532052,0.45565835604679494,24,24,24,6,1.3294200138708536,0.8623885287400614,simple_ring,True,4.105799998797011,0.06210000174178276,0.4764000004797708,0.30730000435141847,1,0,0,0.0,0,0,0.0,0.0,0.0,0.0,0.0,0,0,0,0.0,0.0,0.0,0.0,0,False,,,0,0.0,False,"(0, 1)",6.4281579338054735,6.5,6.5,7,True,128,148,3.0,1.7984605464652217,0.45508166969147007,0.9458854126252116,0.40744184876362305,0.7552330266387808,1.944041283298476,1.9817827482943524,0.48282201814058573,True,0.13580246913580246,0.0,0,False,,0
129,marine_knownmap_path_v2_infosampled,ucb,0.0,False,mode_not_conditional,0.0,0.0,1.0,False,SEARCH,"(12, 37)","(18, 40)","(12, 40)","(21, 38)",search_info,"(21, 38)",71,0.9499375781158816,0.877765967390806,simple_ring_priority,False,,0,4,adaptive_knownmap_soft,4,8,14,8,0.5,20,70.14750511640624,1.0,4.651334990336086,0.24657742448689904,0.9777777777777777,0.0,74.79884010674232,1.0,0.9777777777777777,0.0,8.0,0.0,0.0,12.0,12.0,False,0.0,soft_clearance_astar_v1,adaptive,1.0,74.79884010674232,1.0,8.0,0.0,0.0,0.0,0.0,6.5,0.0,-0.0,0.0,0.0,-0.0,0,0.0,0.0,False,0.7211102550927978,0.0,0.0,0.5443416439532052,0.45565835604679494,24,24,24,6,1.3294200138708536,0.8623885287400614,simple_ring,True,4.105799998797011,0.06210000174178276,0.4764000004797708,0.30730000435141847,1,0,0,0.0,0,0,0.0,0.0,0.0,0.0,0.0,0,0,0,0.0,0.0,0.0,0.0,0,False,,,0,0.0,False,"(0, 1)",6.4281579338054735,6.5,6.5,7,True,129,149,3.0,1.8102949188223334,0.46007259528130673,0.9455390204832835,0.4162066226469397,0.7552330266387808,1.944041283298476,1.9817827482943524,0.48282201814058573,True,0.13580246913580246,0.0,0,False,,0
130,marine_knownmap_path_v2_infosampled,ucb,0.0,False,mode_not_conditional,0.0,0.0,1.0,False,SEARCH,"(13, 37)","(23, 37)","(20, 37)","(20, 39)",search_info,"(20, 39)",62,0.9451746910630998,0.8788144070496509,simple_ring_priority,True,commit_expired,4,4,adaptive_knownmap_soft,8,8,11,8,0.625,21,58.06775155468749,0.6817502708473663,5.639030817173097,0.9823746707826538,4.230641634635416,1.0,63.706782371860584,0.7089719957581003,4.230641634635416,1.0,8.0,0.9230769230769231,0.0,13.0,16.375,False,0.0,soft_clearance_astar_v1,adaptive,1.0,63.706782371860584,0.7089719957581003,8.0,0.9230769230769231,0.0,0.0,0.0,4.608317972427652,2.0,-0.3230769230769231,0.0,0.0,-0.0,0,0.0,0.0,True,1.0,0.0,0.0,0.5408768723163866,0.4591231276836134,24,24,24,5,1.4479519629515636,0.8839594158281696,simple_ring,True,4.26809999953548,0.044300004446995445,0.49669999862089753,0.3071000010095304,1,0,0,0.0,0,0,0.0,0.0,0.0,0.0,0.0,0,0,0,0.0,0.0,0.0,0.0,0,False,,,0,0.0,False,"(1, 0)",5.920560627483864,6.285241049350729,6.285241049350729,7,True,130,0,1.9999999999999998,1.8155148642705552,0.4627949183303085,0.9789384043393632,0.4679422598112513,0.8968485598874913,2.121060699859364,3.9379463261085546,0.791870451769713,True,0.07407407407407407,0.0,1,False,,0
131,marine_knownmap_path_v2_infosampled,ucb,0.0,False,mode_not_conditional,0.0,0.0,1.0,False,SEARCH,"(14, 37)","(23, 37)","(20, 37)","(20, 39)",search_info,"(20, 39)",62,0.9451746910630998,0.8788144070496509,simple_ring_priority,False,,3,4,adaptive_knownmap_soft,7,8,11,8,0.125,21,58.06775155468749,0.6817502708473663,5.639030817173097,0.9823746707826538,4.230641634635416,1.0,63.706782371860584,0.7089719957581003,4.230641634635416,1.0,8.0,0.9230769230769231,0.0,13.0,16.375,False,0.0,soft_clearance_astar_v1,adaptive,1.0,63.706782371860584,0.7089719957581003,8.0,0.9230769230769231,0.0,0.0,0.0,4.608317972427652,2.0,-0.3230769230769231,0.0,0.0,-0.0,0,0.0,0.0,True,1.0,0.0,0.0,0.5408768723163866,0.4591231276836134,24,24,24,5,1.4479519629515636,0.8839594158281696,simple_ring,True,4.26809999953548,0.044300004446995445,0.49669999862089753,0.3071000010095304,1,0,0,0.0,0,0,0.0,0.0,0.0,0.0,0.0,0,0,0,0.0,0.0,0.0,0.0,0,False,,,0,0.0,False,"(1, 0)",5.920560627483864,6.285241049350729,6.285241049350729,7,True,131,1,2.0,1.8264715349307314,0.4664246823956443,0.981128562511346,0.33676992694991126,0.8968485598874913,2.121060699859364,3.9379463261085546,0.791870451769713,True,0.1111111111111111,0.012345679012345678,0,False,,0
132,marine_knownmap_path_v2_infosampled,ucb,0.0,False,mode_not_conditional,0.0,0.0,1.0,False,SEARCH,"(15, 37)","(23, 37)","(20, 37)","(20, 39)",search_info,"(20, 39)",62,0.9451746910630998,0.8788144070496509,simple_ring_priority,False,,2,4,adaptive_knownmap_soft,6,8,11,8,0.25,21,58.06775155468749,0.6817502708473663,5.639030817173097,0.9823746707826538,4.230641634635416,1.0,63.706782371860584,0.7089719957581003,4.230641634635416,1.0,8.0,0.9230769230769231,0.0,13.0,16.375,False,0.0,soft_clearance_astar_v1,adaptive,1.0,63.706782371860584,0.7089719957581003,8.0,0.9230769230769231,0.0,0.0,0.0,4.608317972427652,2.0,-0.3230769230769231,0.0,0.0,-0.0,0,0.0,0.0,True,1.0,0.0,0.0,0.5408768723163866,0.4591231276836134,24,24,24,5,1.4479519629515636,0.8839594158281696,simple_ring,True,4.26809999953548,0.044300004446995445,0.49669999862089753,0.3071000010095304,1,0,0,0.0,0,0,0.0,0.0,0.0,0.0,0.0,0,0,0,0.0,0.0,0.0,0.0,0,False,,,0,0.0,False,"(1, 0)",5.920560627483864,6.285241049350729,6.285241049350729,7,True,132,2,2.0,1.836558033693435,0.470508166969147,0.9820497686936396,0.3461964418266063,0.8968485598874913,2.121060699859364,3.9379463261085546,0.791870451769713,True,0.12345679012345678,0.012345679012345678,0,False,,0
133,marine_knownmap_path_v2_infosampled,ucb,0.0,False,mode_not_conditional,0.0,0.0,1.0,False,SEARCH,"(16, 37)","(23, 37)","(20, 37)","(20, 39)",search_info,"(20, 39)",62,0.9451746910630998,0.8788144070496509,simple_ring_priority,False,,1,4,adaptive_knownmap_soft,5,8,11,8,0.375,21,58.06775155468749,0.6817502708473663,5.639030817173097,0.9823746707826538,4.230641634635416,1.0,63.706782371860584,0.7089719957581003,4.230641634635416,1.0,8.0,0.9230769230769231,0.0,13.0,16.375,False,0.0,soft_clearance_astar_v1,adaptive,1.0,63.706782371860584,0.7089719957581003,8.0,0.9230769230769231,0.0,0.0,0.0,4.608317972427652,2.0,-0.3230769230769231,0.0,0.0,-0.0,0,0.0,0.0,True,1.0,0.0,0.0,0.5408768723163866,0.4591231276836134,24,24,24,5,1.4479519629515636,0.8839594158281696,simple_ring,True,4.26809999953548,0.044300004446995445,0.49669999862089753,0.3071000010095304,1,0,0,0.0,0,0,0.0,0.0,0.0,0.0,0.0,0,0,0,0.0,0.0,0.0,0.0,0,False,,,0,0.0,False,"(1, 0)",5.920560627483864,6.285241049350729,6.285241049350729,7,True,133,3,2.0,1.8469520913035182,0.4745916515426497,0.9842875795380721,0.3505363764030684,0.8968485598874913,2.121060699859364,3.9379463261085546,0.791870451769713,True,0.12345679012345678,0.012345679012345678,0,False,,0
134,marine_knownmap_path_v2_infosampled,ucb,0.0,False,mode_not_conditional,0.0,0.0,1.0,False,SEARCH,"(17, 37)","(23, 37)","(20, 37)","(20, 39)",search_info,"(20, 39)",62,0.9451746910630998,0.8788144070496509,simple_ring_priority,False,,0,4,adaptive_knownmap_soft,4,8,11,8,0.5,21,58.06775155468749,0.6817502708473663,5.639030817173097,0.9823746707826538,4.230641634635416,1.0,63.706782371860584,0.7089719957581003,4.230641634635416,1.0,8.0,0.9230769230769231,0.0,13.0,16.375,False,0.0,soft_clearance_astar_v1,adaptive,1.0,63.706782371860584,0.7089719957581003,8.0,0.9230769230769231,0.0,0.0,0.0,4.608317972427652,2.0,-0.3230769230769231,0.0,0.0,-0.0,0,0.0,0.0,True,1.0,0.0,0.0,0.5408768723163866,0.4591231276836134,24,24,24,5,1.4479519629515636,0.8839594158281696,simple_ring,True,4.26809999953548,0.044300004446995445,0.49669999862089753,0.3071000010095304,1,0,0,0.0,0,0,0.0,0.0,0.0,0.0,0.0,0,0,0,0.0,0.0,0.0,0.0,0,False,,,0,0.0,False,"(1, 0)",5.920560627483864,6.285241049350729,6.285241049350729,7,True,134,4,2.0,1.8580013969623925,0.4786751361161525,0.9864871906464612,0.38213865466758834,0.8968485598874913,2.121060699859364,3.9379463261085546,0.791870451769713,True,0.13580246913580246,0.024691358024691357,0,False,,0
135,marine_knownmap_path_v2_infosampled,ucb,0.0,False,mode_not_conditional,0.0,0.0,1.0,False,SEARCH,"(17, 38)","(17, 48)","(17, 45)","(20, 46)",search_info,"(20, 46)",58,0.9864950001505237,0.9606939551657475,simple_ring_priority,True,commit_expired,4,4,adaptive_knownmap_soft,8,8,11,8,0.625,22,64.57312386640623,1.0,5.462042761735375,0.9376026535910968,0.7642873263888887,0.05867164164979289,70.03516662814161,1.0,0.7642873263888887,0.05867164164979289,8.0,0.9230769230769231,0.0,14.0,16.25,False,0.0,soft_clearance_astar_v1,adaptive,1.0,70.03516662814161,1.0,8.0,0.9230769230769231,0.0,0.0,0.0,6.5,0.11734328329958578,-0.3230769230769231,0.0,0.0,-0.0,0,0.0,0.0,False,1.0,0.0,0.0,0.5107136752472087,0.48928632475279127,24,24,24,1,1.4813924284787958,1.0,simple_ring,True,4.139499998927931,0.04630000148608815,0.5491000010806601,0.3285000057076104,1,0,0,0.0,0,0,0.0,0.0,0.0,0.0,0.0,0,0,0,0.0,0.0,0.0,0.0,0,False,,,0,0.0,False,"(0, 1)",4.876301944860927,6.294266360222663,6.294266360222663,8,True,135,5,2.0,1.8678304871362392,0.48139745916515425,0.9805000036078948,0.4809104809901891,0.9852953656166865,2.231619207020858,5.849106972907767,0.609171433945371,True,0.07407407407407407,0.0,0,False,,0
136,marine_knownmap_path_v2_infosampled,ucb,0.0,False,mode_not_conditional,0.0,0.0,1.0,False,SEARCH,"(17, 39)","(17, 48)","(17, 45)","(20, 46)",search_info,"(20, 46)",58,0.9864950001505237,0.9606939551657475,simple_ring_priority,False,,3,4,adaptive_knownmap_soft,7,8,11,8,0.125,22,64.57312386640623,1.0,5.462042761735375,0.9376026535910968,0.7642873263888887,0.05867164164979289,70.03516662814161,1.0,0.7642873263888887,0.05867164164979289,8.0,0.9230769230769231,0.0,14.0,16.25,False,0.0,soft_clearance_astar_v1,adaptive,1.0,70.03516662814161,1.0,8.0,0.9230769230769231,0.0,0.0,0.0,6.5,0.11734328329958578,-0.3230769230769231,0.0,0.0,-0.0,0,0.0,0.0,False,1.0,0.0,0.0,0.5107136752472087,0.48928632475279127,24,24,24,1,1.4813924284787958,1.0,simple_ring,True,4.139499998927931,0.04630000148608815,0.5491000010806601,0.3285000057076104,1,0,0,0.0,0,0,0.0,0.0,0.0,0.0,0.0,0,0,0,0.0,0.0,0.0,0.0,0,False,,,0,0.0,False,"(0, 1)",4.876301944860927,6.294266360222663,6.294266360222663,8,True,136,6,2.0,1.8786964952736653,0.48548094373865697,0.864007830939689,0.49045716725235367,0.9852953656166865,2.231619207020858,5.849106972907767,0.609171433945371,True,0.1111111111111111,0.0,0,False,,0
137,marine_knownmap_path_v2_infosampled,ucb,0.0,False,mode_not_conditional,0.0,0.0,1.0,False,SEARCH,"(17, 40)","(17, 48)","(17, 45)","(20, 46)",search_info,"(20, 46)",58,0.9864950001505237,0.9606939551657475,simple_ring_priority,False,,2,4,adaptive_knownmap_soft,6,8,11,8,0.25,22,64.57312386640623,1.0,5.462042761735375,0.9376026535910968,0.7642873263888887,0.05867164164979289,70.03516662814161,1.0,0.7642873263888887,0.05867164164979289,8.0,0.9230769230769231,0.0,14.0,16.25,False,0.0,soft_clearance_astar_v1,adaptive,1.0,70.03516662814161,1.0,8.0,0.9230769230769231,0.0,0.0,0.0,6.5,0.11734328329958578,-0.3230769230769231,0.0,0.0,-0.0,0,0.0,0.0,False,1.0,0.0,0.0,0.5107136752472087,0.48928632475279127,24,24,24,1,1.4813924284787958,1.0,simple_ring,True,4.139499998927931,0.04630000148608815,0.5491000010806601,0.3285000057076104,1,0,0,0.0,0,0,0.0,0.0,0.0,0.0,0.0,0,0,0,0.0,0.0,0.0,0.0,0,False,,,0,0.0,False,"(0, 1)",4.876301944860927,6.294266360222663,6.294266360222663,8,True,137,7,2.0,1.8910421446313128,0.4900181488203267,0.9908316268563899,0.4869548864418392,0.9852953656166865,2.231619207020858,5.849106972907767,0.609171433945371,True,0.12345679012345678,0.0,0,False,,0
138,marine_knownmap_path_v2_infosampled,ucb,0.0,False,mode_not_conditional,0.0,0.0,1.0,False,SEARCH,"(17, 41)","(17, 48)","(17, 45)","(20, 46)",search_info,"(20, 46)",58,0.9864950001505237,0.9606939551657475,simple_ring_priority,False,,1,4,adaptive_knownmap_soft,5,8,11,8,0.375,22,64.57312386640623,1.0,5.462042761735375,0.9376026535910968,0.7642873263888887,0.05867164164979289,70.03516662814161,1.0,0.7642873263888887,0.05867164164979289,8.0,0.9230769230769231,0.0,14.0,16.25,False,0.0,soft_clearance_astar_v1,adaptive,1.0,70.03516662814161,1.0,8.0,0.9230769230769231,0.0,0.0,0.0,6.5,0.11734328329958578,-0.3230769230769231,0.0,0.0,-0.0,0,0.0,0.0,False,1.0,0.0,0.0,0.5107136752472087,0.48928632475279127,24,24,24,1,1.4813924284787958,1.0,simple_ring,True,4.139499998927931,0.04630000148608815,0.5491000010806601,0.3285000057076104,1,0,0,0.0,0,0,0.0,0.0,0.0,0.0,0.0,0,0,0,0.0,0.0,0.0,0.0,0,False,,,0,0.0,False,"(0, 1)",4.876301944860927,6.294266360222663,6.294266360222663,8,True,138,8,2.0,1.904705274973987,0.4945553539019964,0.9899795461307688,0.3973270141860036,0.9852953656166865,2.231619207020858,5.849106972907767,0.609171433945371,True,0.12345679012345678,0.0,0,False,,0
139,marine_knownmap_path_v2_infosampled,ucb,0.0,False,mode_not_conditional,0.0,0.0,1.0,False,SEARCH,"(17, 42)","(17, 48)","(17, 45)","(20, 46)",search_info,"(20, 46)",58,0.9864950001505237,0.9606939551657475,simple_ring_priority,False,,0,4,adaptive_knownmap_soft,4,8,11,8,0.5,22,64.57312386640623,1.0,5.462042761735375,0.9376026535910968,0.7642873263888887,0.05867164164979289,70.03516662814161,1.0,0.7642873263888887,0.05867164164979289,8.0,0.9230769230769231,0.0,14.0,16.25,False,0.0,soft_clearance_astar_v1,adaptive,1.0,70.03516662814161,1.0,8.0,0.9230769230769231,0.0,0.0,0.0,6.5,0.11734328329958578,-0.3230769230769231,0.0,0.0,-0.0,0,0.0,0.0,False,1.0,0.0,0.0,0.5107136752472087,0.48928632475279127,24,24,24,1,1.4813924284787958,1.0,simple_ring,True,4.139499998927931,0.04630000148608815,0.5491000010806601,0.3285000057076104,1,0,0,0.0,0,0,0.0,0.0,0.0,0.0,0.0,0,0,0,0.0,0.0,0.0,0.0,0,False,,,0,0.0,False,"(0, 1)",4.876301944860927,6.294266360222663,6.294266360222663,8,True,139,9,2.0,1.91940836540766,0.49909255898366606,0.9913891485147728,0.4297410497071704,0.9852953656166865,2.231619207020858,5.849106972907767,0.609171433945371,True,0.13580246913580246,0.012345679012345678,0,False,,0
140,marine_knownmap_path_v2_infosampled,ucb,0.0,False,mode_not_conditional,0.0,0.0,1.0,False,SEARCH,"(17, 43)","(22, 50)","(17, 50)","(25, 47)",search_info,"(25, 47)",72,0.9900464418168788,0.9411119908655792,simple_ring_priority,True,commit_expired,4,4,adaptive_knownmap_soft,8,8,13,8,0.625,23,74.04750511640623,1.0,4.962714859679455,0.6035396147495009,0.0,0.0,79.01021997608568,1.0,0.0,0.0,8.0,0.8888888888888888,0.0,9.0,12.5,False,0.0,soft_clearance_astar_v1,adaptive,1.0,79.01021997608568,1.0,8.0,0.8888888888888888,0.0,0.0,0.0,6.5,0.0,-0.31111111111111106,0.0,0.0,-0.0,0,0.0,0.0,False,1.0,0.0,0.0,0.5071540093222475,0.4928459906777526,24,24,24,6,1.3736495873944223,0.8350205194133206,simple_ring,True,4.689200000939309,0.0788000015745638,0.8131000013236189,0.6402999952115351,1,0,0,0.0,0,0,0.0,0.0,0.0,0.0,0.0,0,0,0,0.0,0.0,0.0,0.0,0,False,,,0,0.0,False,"(0, 1)",2.4638978088247447,6.188888888888889,6.188888888888889,9,True,140,10,2.0,1.9349197591261382,0.5040834845735027,0.9911974847316811,0.4285365346758985,0.8912663255676843,2.1140829069596054,3.610814960256408,0.26175839239697535,True,0.13580246913580246,0.0,0,False,,0
141,marine_knownmap_path_v2_infosampled,ucb,0.0,False,mode_not_conditional,0.0,0.0,1.0,False,SEARCH,"(17, 44)","(22, 50)","(17, 50)","(25, 47)",search_info,"(25, 47)",72,0.9900464418168788,0.9411119908655792,simple_ring_priority,False,,3,4,adaptive_knownmap_soft,7,8,13,8,0.125,23,74.04750511640623,1.0,4.962714859679455,0.6035396147495009,0.0,0.0,79.01021997608568,1.0,0.0,0.0,8.0,0.8888888888888888,0.0,9.0,12.5,False,0.0,soft_clearance_astar_v1,adaptive,1.0,79.01021997608568,1.0,8.0,0.8888888888888888,0.0,0.0,0.0,6.5,0.0,-0.31111111111111106,0.0,0.0,-0.0,0,0.0,0.0,False,1.0,0.0,0.0,0.5071540093222475,0.4928459906777526,24,24,24,6,1.3736495873944223,0.8350205194133206,simple_ring,True,4.689200000939309,0.0788000015745638,0.8131000013236189,0.6402999952115351,1,0,0,0.0,0,0,0.0,0.0,0.0,0.0,0.0,0,0,0,0.0,0.0,0.0,0.0,0,False,,,0,0.0,False,"(0, 1)",2.4638978088247447,6.188888888888889,6.188888888888889,9,True,141,11,2.0000000000000004,1.9510776470124997,0.5090744101633394,0.8211589756661999,0.4134569471389688,0.8912663255676843,2.1140829069596054,3.610814960256408,0.26175839239697535,True,0.13580246913580246,0.0,0,False,,0
142,marine_knownmap_path_v2_infosampled,ucb,0.0,False,mode_not_conditional,0.0,0.0,1.0,False,SEARCH,"(17, 45)","(22, 50)","(17, 50)","(25, 47)",search_info,"(25, 47)",72,0.9900464418168788,0.9411119908655792,simple_ring_priority,False,,2,4,adaptive_knownmap_soft,6,8,13,8,0.25,23,74.04750511640623,1.0,4.962714859679455,0.6035396147495009,0.0,0.0,79.01021997608568,1.0,0.0,0.0,8.0,0.8888888888888888,0.0,9.0,12.5,False,0.0,soft_clearance_astar_v1,adaptive,1.0,79.01021997608568,1.0,8.0,0.8888888888888888,0.0,0.0,0.0,6.5,0.0,-0.31111111111111106,0.0,0.0,-0.0,0,0.0,0.0,False,1.0,0.0,0.0,0.5071540093222475,0.4928459906777526,24,24,24,6,1.3736495873944223,0.8350205194133206,simple_ring,True,4.689200000939309,0.0788000015745638,0.8131000013236189,0.6402999952115351,1,0,0,0.0,0,0,0.0,0.0,0.0,0.0,0.0,0,0,0,0.0,0.0,0.0,0.0,0,False,,,0,0.0,False,"(0, 1)",2.4638978088247447,6.188888888888889,6.188888888888889,9,True,142,12,2.0,1.9677764822351038,0.514065335753176,0.7601986117103884,0.4087456333007863,0.8912663255676843,2.1140829069596054,3.610814960256408,0.26175839239697535,True,0.13580246913580246,0.0,0,False,,0
143,marine_knownmap_path_v2_infosampled,ucb,0.0,False,mode_not_conditional,0.0,0.0,1.0,False,SEARCH,"(17, 46)","(22, 50)","(17, 50)","(25, 47)",search_info,"(25, 47)",72,0.9900464418168788,0.9411119908655792,simple_ring_priority,False,,1,4,adaptive_knownmap_soft,5,8,13,8,0.375,23,74.04750511640623,1.0,4.962714859679455,0.6035396147495009,0.0,0.0,79.01021997608568,1.0,0.0,0.0,8.0,0.8888888888888888,0.0,9.0,12.5,False,0.0,soft_clearance_astar_v1,adaptive,1.0,79.01021997608568,1.0,8.0,0.8888888888888888,0.0,0.0,0.0,6.5,0.0,-0.31111111111111106,0.0,0.0,-0.0,0,0.0,0.0,False,1.0,0.0,0.0,0.5071540093222475,0.4928459906777526,24,24,24,6,1.3736495873944223,0.8350205194133206,simple_ring,True,4.689200000939309,0.0788000015745638,0.8131000013236189,0.6402999952115351,1,0,0,0.0,0,0,0.0,0.0,0.0,0.0,0.0,0,0,0,0.0,0.0,0.0,0.0,0,False,,,0,0.0,False,"(0, 1)",2.4638978088247447,6.188888888888889,6.188888888888889,9,True,143,13,2.0000000000000004,1.984950489193264,0.5190562613430127,0.9016595009047463,0.3760168050736448,0.8912663255676843,2.1140829069596054,3.610814960256408,0.26175839239697535,True,0.13580246913580246,0.0,0,False,,0
144,marine_knownmap_path_v2_infosampled,ucb,0.0,False,mode_not_conditional,0.0,0.0,1.0,False,SEARCH,"(17, 47)","(22, 50)","(17, 50)","(25, 47)",search_info,"(25, 47)",72,0.9900464418168788,0.9411119908655792,simple_ring_priority,False,,0,4,adaptive_knownmap_soft,4,8,13,8,0.5,23,74.04750511640623,1.0,4.962714859679455,0.6035396147495009,0.0,0.0,79.01021997608568,1.0,0.0,0.0,8.0,0.8888888888888888,0.0,9.0,12.5,False,0.0,soft_clearance_astar_v1,adaptive,1.0,79.01021997608568,1.0,8.0,0.8888888888888888,0.0,0.0,0.0,6.5,0.0,-0.31111111111111106,0.0,0.0,-0.0,0,0.0,0.0,False,1.0,0.0,0.0,0.5071540093222475,0.4928459906777526,24,24,24,6,1.3736495873944223,0.8350205194133206,simple_ring,True,4.689200000939309,0.0788000015745638,0.8131000013236189,0.6402999952115351,1,0,0,0.0,0,0,0.0,0.0,0.0,0.0,0.0,0,0,0,0.0,0.0,0.0,0.0,0,False,,,0,0.0,False,"(0, 1)",2.4638978088247447,6.188888888888889,6.188888888888889,9,True,144,14,2.0,2.0025609107144677,0.5240471869328494,0.8771570202170449,0.3758109361476073,0.8912663255676843,2.1140829069596054,3.610814960256408,0.26175839239697535,True,0.13580246913580246,0.0,0,False,,0
145,marine_knownmap_path_v2_infosampled,ucb,0.0,False,mode_not_conditional,0.0,0.0,1.0,False,SEARCH,"(17, 48)","(24, 51)","(21, 51)","(25, 47)",search_info,"(25, 47)",1,0.0,0.0,simple_ring_priority,True,commit_expired,4,4,adaptive_knownmap_soft,8,8,11,8,0.625,24,66.99398280468749,1.0,4.002884655876172,0.930783850081563,0.0,0.0,70.99686746056366,1.0,0.0,0.0,8.25,1.0,0.0,8.0,8.75,False,0.0,soft_clearance_astar_v1,adaptive,1.0,70.99686746056366,1.0,8.25,1.0,0.0,0.0,0.0,6.5,0.0,-0.35,0.0,0.0,-0.0,1,0.0,0.0,True,0.447213595499958,0.0,0.0,0.06700788203144237,0.9329921179685576,24,24,24,6,0.9710221469591629,0.8919269220558803,simple_ring,True,4.134199998588883,0.059899999541812576,0.40890000127546955,0.30730000435141847,1,0,0,0.0,0,0,0.0,0.0,0.0,0.0,0.0,0,0,0,0.0,0.0,0.0,0.0,0,False,,,0,0.0,False,"(0, 1)",4.643137208903121,6.15,6.15,9,True,145,15,2.0,2.020586758884291,0.5290381125226861,0.7299683931263552,0.39445532040051196,0.35551038672224256,1.444387983402803,0.5801159339039376,0.102198068059051,False,0.13580246913580246,0.0,0,False,,0
146,marine_knownmap_path_v2_infosampled,ucb,0.0,False,mode_not_conditional,0.0,0.0,1.0,False,SEARCH,"(17, 49)","(24, 51)","(21, 51)","(25, 47)",search_info,"(25, 47)",1,0.0,0.0,simple_ring_priority,False,,3,4,adaptive_knownmap_soft,7,8,11,8,0.125,24,66.99398280468749,1.0,4.002884655876172,0.930783850081563,0.0,0.0,70.99686746056366,1.0,0.0,0.0,8.25,1.0,0.0,8.0,8.75,False,0.0,soft_clearance_astar_v1,adaptive,1.0,70.99686746056366,1.0,8.25,1.0,0.0,0.0,0.0,6.5,0.0,-0.35,0.0,0.0,-0.0,1,0.0,0.0,True,0.447213595499958,0.0,0.0,0.06700788203144237,0.9329921179685576,24,24,24,6,0.9710221469591629,0.8919269220558803,simple_ring,True,4.134199998588883,0.059899999541812576,0.40890000127546955,0.30730000435141847,1,0,0,0.0,0,0,0.0,0.0,0.0,0.0,0.0,0,0,0,0.0,0.0,0.0,0.0,0,False,,,0,0.0,False,"(0, 1)",4.643137208903121,6.15,6.15,9,True,146,16,1.9999999999999998,2.039018245969132,0.5340290381125227,0.9575002010027773,0.5987295698947374,0.35551038672224256,1.444387983402803,0.5801159339039376,0.102198068059051,False,0.13580246913580246,0.0,0,False,,0
147,marine_knownmap_path_v2_infosampled,ucb,0.0,False,mode_not_conditional,0.0,0.0,1.0,False,SEARCH,"(17, 50)","(24, 51)","(21, 51)","(25, 47)",search_info,"(25, 47)",1,0.0,0.0,simple_ring_priority,False,,2,4,adaptive_knownmap_soft,6,8,11,8,0.25,24,66.99398280468749,1.0,4.002884655876172,0.930783850081563,0.0,0.0,70.99686746056366,1.0,0.0,0.0,8.25,1.0,0.0,8.0,8.75,False,0.0,soft_clearance_astar_v1,adaptive,1.0,70.99686746056366,1.0,8.25,1.0,0.0,0.0,0.0,6.5,0.0,-0.35,0.0,0.0,-0.0,1,0.0,0.0,True,0.447213595499958,0.0,0.0,0.06700788203144237,0.9329921179685576,24,24,24,6,0.9710221469591629,0.8919269220558803,simple_ring,True,4.134199998588883,0.059899999541812576,0.40890000127546955,0.30730000435141847,1,0,0,0.0,0,0,0.0,0.0,0.0,0.0,0.0,0,0,0,0.0,0.0,0.0,0.0,0,False,,,0,0.0,False,"(0, 1)",4.643137208903121,6.15,6.15,9,True,147,17,2.0,2.05785229702012,0.5390199637023594,0.9932870240788405,0.6189411431186829,0.35551038672224256,1.444387983402803,0.5801159339039376,0.102198068059051,False,0.13580246913580246,0.0,0,False,,0
148,marine_knownmap_path_v2_infosampled,ucb,0.0,False,mode_not_conditional,0.0,0.0,1.0,False,SEARCH,"(17, 51)","(24, 51)","(21, 51)","(25, 47)",search_info,"(25, 47)",1,0.0,0.0,simple_ring_priority,False,,1,4,adaptive_knownmap_soft,5,8,11,8,0.375,24,66.99398280468749,1.0,4.002884655876172,0.930783850081563,0.0,0.0,70.99686746056366,1.0,0.0,0.0,8.25,1.0,0.0,8.0,8.75,False,0.0,soft_clearance_astar_v1,adaptive,1.0,70.99686746056366,1.0,8.25,1.0,0.0,0.0,0.0,6.5,0.0,-0.35,0.0,0.0,-0.0,1,0.0,0.0,True,0.447213595499958,0.0,0.0,0.06700788203144237,0.9329921179685576,24,24,24,6,0.9710221469591629,0.8919269220558803,simple_ring,True,4.134199998588883,0.059899999541812576,0.40890000127546955,0.30730000435141847,1,0,0,0.0,0,0,0.0,0.0,0.0,0.0,0.0,0,0,0,0.0,0.0,0.0,0.0,0,False,,,0,0.0,False,"(0, 1)",4.643137208903121,6.15,6.15,9,True,148,18,1.9999999999999998,2.0770896403805152,0.544010889292196,0.9999995413023177,0.6225794390051652,0.35551038672224256,1.444387983402803,0.5801159339039376,0.102198068059051,False,0.13580246913580246,0.0,0,False,,0
149,marine_knownmap_path_v2_infosampled,ucb,0.0,False,mode_not_conditional,0.0,0.0,1.0,False,SEARCH,"(18, 51)","(24, 51)","(21, 51)","(25, 47)",search_info,"(25, 47)",1,0.0,0.0,simple_ring_priority,False,,0,4,adaptive_knownmap_soft,4,8,11,8,0.5,24,66.99398280468749,1.0,4.002884655876172,0.930783850081563,0.0,0.0,70.99686746056366,1.0,0.0,0.0,8.25,1.0,0.0,8.0,8.75,False,0.0,soft_clearance_astar_v1,adaptive,1.0,70.99686746056366,1.0,8.25,1.0,0.0,0.0,0.0,6.5,0.0,-0.35,0.0,0.0,-0.0,1,0.0,0.0,True,0.447213595499958,0.0,0.0,0.06700788203144237,0.9329921179685576,24,24,24,6,0.9710221469591629,0.8919269220558803,simple_ring,True,4.134199998588883,0.059899999541812576,0.40890000127546955,0.30730000435141847,1,0,0,0.0,0,0,0.0,0.0,0.0,0.0,0.0,0,0,0,0.0,0.0,0.0,0.0,0,False,,,0,0.0,False,"(0, 1)",4.643137208903121,6.15,6.15,9,True,149,19,2.0,2.0917905814395112,0.5467332123411979,0.9999994920984692,0.6235186082457933,0.35551038672224256,1.444387983402803,0.5801159339039376,0.102198068059051,False,0.07407407407407407,0.0,0,False,,0
150,marine_knownmap_path_v2_infosampled,ucb,0.0,False,mode_not_conditional,0.0,0.0,1.0,False,SEARCH,"(19, 51)","(26, 51)","(26, 51)","(25, 47)",search_info,"(25, 47)",1,0.0,0.0,simple_ring_priority,True,commit_expired,4,4,adaptive_knownmap_soft,8,8,8,8,0.625,25,69.33763011640623,1.0,5.087222392559501,1.0,0.8207476851851851,0.0,74.42485250896573,1.0,0.8207476851851851,0.0,8.0,0.8888888888888888,0.0,8.0,8.0,False,0.0,soft_clearance_astar_v1,adaptive,1.0,74.42485250896573,1.0,8.0,0.8888888888888888,0.0,0.0,0.0,6.5,0.0,-0.31111111111111106,0.0,0.0,-0.0,0,0.0,0.0,True,0.4,0.0,0.0,0.2165808018690606,0.7834191981309394,24,24,24,5,1.385498886590887,0.9300271776315882,simple_ring,True,4.110199999558972,0.08650000017951243,0.6568999979208456,0.46269998711068183,1,0,0,0.0,0,0,0.0,0.0,0.0,0.0,0.0,0,0,0,0.0,0.0,0.0,0.0,0,False,,,0,0.0,False,"(1, 0)",4.7805500684467575,6.188888888888889,6.188888888888889,9,True,150,20,2.0,2.1067726224282786,0.5508166969147006,1.0,0.611300673188402,0.49347136506031003,1.6168392063253876,0.36657377885443626,0.526497323737549,False,0.1111111111111111,0.0,0,False,,0
151,marine_knownmap_path_v2_infosampled,ucb,0.0,False,mode_not_conditional,0.0,0.0,1.0,False,SEARCH,"(20, 51)","(26, 51)","(26, 51)","(25, 47)",search_info,"(25, 47)",1,0.0,0.0,simple_ring_priority,False,,3,4,adaptive_knownmap_soft,7,8,8,8,0.125,25,69.33763011640623,1.0,5.087222392559501,1.0,0.8207476851851851,0.0,74.42485250896573,1.0,0.8207476851851851,0.0,8.0,0.8888888888888888,0.0,8.0,8.0,False,0.0,soft_clearance_astar_v1,adaptive,1.0,74.42485250896573,1.0,8.0,0.8888888888888888,0.0,0.0,0.0,6.5,0.0,-0.31111111111111106,0.0,0.0,-0.0,0,0.0,0.0,True,0.4,0.0,0.0,0.2165808018690606,0.7834191981309394,24,24,24,5,1.385498886590887,0.9300271776315882,simple_ring,True,4.110199999558972,0.08650000017951243,0.6568999979208456,0.46269998711068183,1,0,0,0.0,0,0,0.0,0.0,0.0,0.0,0.0,0,0,0,0.0,0.0,0.0,0.0,0,False,,,0,0.0,False,"(1, 0)",4.7805500684467575,6.188888888888889,6.188888888888889,9,True,151,21,2.0,2.123215174779891,0.5553539019963702,1.0,0.5951348570239293,0.49347136506031003,1.6168392063253876,0.36657377885443626,0.526497323737549,False,0.12345679012345678,0.0,0,False,,0
152,marine_knownmap_path_v2_infosampled,ucb,0.0,False,mode_not_conditional,0.0,0.0,1.0,False,SEARCH,"(21, 51)","(26, 51)","(26, 51)","(25, 47)",search_info,"(25, 47)",1,0.0,0.0,simple_ring_priority,False,,2,4,adaptive_knownmap_soft,6,8,8,8,0.25,25,69.33763011640623,1.0,5.087222392559501,1.0,0.8207476851851851,0.0,74.42485250896573,1.0,0.8207476851851851,0.0,8.0,0.8888888888888888,0.0,8.0,8.0,False,0.0,soft_clearance_astar_v1,adaptive,1.0,74.42485250896573,1.0,8.0,0.8888888888888888,0.0,0.0,0.0,6.5,0.0,-0.31111111111111106,0.0,0.0,-0.0,0,0.0,0.0,True,0.4,0.0,0.0,0.2165808018690606,0.7834191981309394,24,24,24,5,1.385498886590887,0.9300271776315882,simple_ring,True,4.110199999558972,0.08650000017951243,0.6568999979208456,0.46269998711068183,1,0,0,0.0,0,0,0.0,0.0,0.0,0.0,0.0,0,0,0,0.0,0.0,0.0,0.0,0,False,,,0,0.0,False,"(1, 0)",4.7805500684467575,6.188888888888889,6.188888888888889,9,True,152,22,2.0000000000000004,2.1411479222303487,0.5598911070780399,0.9586097189127151,0.5879988531946009,0.49347136506031003,1.6168392063253876,0.36657377885443626,0.526497323737549,False,0.12345679012345678,0.0,0,False,,0
153,marine_knownmap_path_v2_infosampled,ucb,0.0,False,mode_not_conditional,0.0,0.0,1.0,False,SEARCH,"(22, 51)","(26, 51)","(26, 51)","(25, 47)",search_info,"(25, 47)",1,0.0,0.0,simple_ring_priority,False,,1,4,adaptive_knownmap_soft,5,8,8,8,0.375,25,69.33763011640623,1.0,5.087222392559501,1.0,0.8207476851851851,0.0,74.42485250896573,1.0,0.8207476851851851,0.0,8.0,0.8888888888888888,0.0,8.0,8.0,False,0.0,soft_clearance_astar_v1,adaptive,1.0,74.42485250896573,1.0,8.0,0.8888888888888888,0.0,0.0,0.0,6.5,0.0,-0.31111111111111106,0.0,0.0,-0.0,0,0.0,0.0,True,0.4,0.0,0.0,0.2165808018690606,0.7834191981309394,24,24,24,5,1.385498886590887,0.9300271776315882,simple_ring,True,4.110199999558972,0.08650000017951243,0.6568999979208456,0.46269998711068183,1,0,0,0.0,0,0,0.0,0.0,0.0,0.0,0.0,0,0,0,0.0,0.0,0.0,0.0,0,False,,,0,0.0,False,"(1, 0)",4.7805500684467575,6.188888888888889,6.188888888888889,9,True,153,23,2.0,2.1603291167106176,0.5644283121597096,1.0,0.6183123536099406,0.49347136506031003,1.6168392063253876,0.36657377885443626,0.526497323737549,False,0.13580246913580246,0.012345679012345678,0,False,,0
154,marine_knownmap_path_v2_infosampled,ucb,0.0,False,mode_not_conditional,0.0,0.0,1.0,False,SEARCH,"(23, 51)","(26, 51)","(26, 51)","(25, 47)",search_info,"(25, 47)",1,0.0,0.0,simple_ring_priority,False,,0,4,adaptive_knownmap_soft,4,8,8,8,0.5,25,69.33763011640623,1.0,5.087222392559501,1.0,0.8207476851851851,0.0,74.42485250896573,1.0,0.8207476851851851,0.0,8.0,0.8888888888888888,0.0,8.0,8.0,False,0.0,soft_clearance_astar_v1,adaptive,1.0,74.42485250896573,1.0,8.0,0.8888888888888888,0.0,0.0,0.0,6.5,0.0,-0.31111111111111106,0.0,0.0,-0.0,0,0.0,0.0,True,0.4,0.0,0.0,0.2165808018690606,0.7834191981309394,24,24,24,5,1.385498886590887,0.9300271776315882,simple_ring,True,4.110199999558972,0.08650000017951243,0.6568999979208456,0.46269998711068183,1,0,0,0.0,0,0,0.0,0.0,0.0,0.0,0.0,0,0,0,0.0,0.0,0.0,0.0,0,False,,,0,0.0,False,"(1, 0)",4.7805500684467575,6.188888888888889,6.188888888888889,9,True,154,24,2.0,2.1805222593273066,0.5694192377495463,1.0,0.5804141086739008,0.49347136506031003,1.6168392063253876,0.36657377885443626,0.526497323737549,False,0.13580246913580246,0.0,0,False,,0
155,marine_knownmap_path_v2_infosampled,ucb,0.0,False,mode_not_conditional,0.0,0.0,1.0,False,SEARCH,"(23, 50)","(29, 48)","(28, 48)","(25, 47)",search_info,"(25, 47)",1,0.0,0.0,simple_ring_priority,True,commit_expired,4,4,adaptive_knownmap_soft,8,8,9,8,0.625,26,53.17475103828124,1.0,4.428606220929063,1.0,1.1488888888888888,0.2531104263556563,57.6033572592103,1.0,1.1488888888888888,0.2531104263556563,8.25,1.0,0.0,9.0,10.625,False,0.0,soft_clearance_astar_v1,adaptive,1.0,57.6033572592103,1.0,8.25,1.0,0.0,0.0,0.0,6.5,0.5062208527113126,-0.35,0.0,0.0,-0.0,1,0.0,0.0,True,0.8485281374238569,0.0,0.0,0.1626270390189249,0.8373729609810752,24,24,24,6,1.2032299755640492,0.895600607772245,simple_ring,True,4.8052000001916895,0.08580000212532468,0.6727999989379896,0.4887999912170926,1,0,0,0.0,0,0,0.0,0.0,0.0,0.0,0.0,0,0,0,0.0,0.0,0.0,0.0,0,False,,,0,0.0,False,"(0, -1)",3.0607733311006933,6.6562208527113125,6.6562208527113125,9,True,155,25,1.9999999999999998,2.194263333555434,0.572141560798548,1.0,0.5745056943027309,0.3481353252065011,1.4351691565081264,0.14842968818177793,0.2327317980185536,False,0.07407407407407407,0.0,0,False,,0
156,marine_knownmap_path_v2_infosampled,ucb,0.0,False,mode_not_conditional,0.0,0.0,1.0,False,SEARCH,"(23, 49)","(29, 48)","(28, 48)","(25, 47)",search_info,"(25, 47)",1,0.0,0.0,simple_ring_priority,False,,3,4,adaptive_knownmap_soft,7,8,9,8,0.125,26,53.17475103828124,1.0,4.428606220929063,1.0,1.1488888888888888,0.2531104263556563,57.6033572592103,1.0,1.1488888888888888,0.2531104263556563,8.25,1.0,0.0,9.0,10.625,False,0.0,soft_clearance_astar_v1,adaptive,1.0,57.6033572592103,1.0,8.25,1.0,0.0,0.0,0.0,6.5,0.5062208527113126,-0.35,0.0,0.0,-0.0,1,0.0,0.0,True,0.8485281374238569,0.0,0.0,0.1626270390189249,0.8373729609810752,24,24,24,6,1.2032299755640492,0.895600607772245,simple_ring,True,4.8052000001916895,0.08580000212532468,0.6727999989379896,0.4887999912170926,1,0,0,0.0,0,0,0.0,0.0,0.0,0.0,0.0,0,0,0,0.0,0.0,0.0,0.0,0,False,,,0,0.0,False,"(0, -1)",3.0607733311006933,6.6562208527113125,6.6562208527113125,9,True,156,26,2.0,2.2065081848893526,0.5748638838475499,1.0,0.5717526078685948,0.3481353252065011,1.4351691565081264,0.14842968818177793,0.2327317980185536,False,0.1111111111111111,0.037037037037037035,0,False,,0
157,marine_knownmap_path_v2_infosampled,ucb,0.0,False,mode_not_conditional,0.0,0.0,1.0,False,SEARCH,"(23, 48)","(29, 48)","(28, 48)","(25, 47)",search_info,"(25, 47)",1,0.0,0.0,simple_ring_priority,False,,2,4,adaptive_knownmap_soft,6,8,9,8,0.25,26,53.17475103828124,1.0,4.428606220929063,1.0,1.1488888888888888,0.2531104263556563,57.6033572592103,1.0,1.1488888888888888,0.2531104263556563,8.25,1.0,0.0,9.0,10.625,False,0.0,soft_clearance_astar_v1,adaptive,1.0,57.6033572592103,1.0,8.25,1.0,0.0,0.0,0.0,6.5,0.5062208527113126,-0.35,0.0,0.0,-0.0,1,0.0,0.0,True,0.8485281374238569,0.0,0.0,0.1626270390189249,0.8373729609810752,24,24,24,6,1.2032299755640492,0.895600607772245,simple_ring,True,4.8052000001916895,0.08580000212532468,0.6727999989379896,0.4887999912170926,1,0,0,0.0,0,0,0.0,0.0,0.0,0.0,0.0,0,0,0,0.0,0.0,0.0,0.0,0,False,,,0,0.0,False,"(0, -1)",3.0607733311006933,6.6562208527113125,6.6562208527113125,9,True,157,27,2.0,2.2186215751427514,0.5775862068965517,1.0,0.5410885587304158,0.3481353252065011,1.4351691565081264,0.14842968818177793,0.2327317980185536,False,0.12345679012345678,0.04938271604938271,0,False,,0
158,marine_knownmap_path_v2_infosampled,ucb,0.0,False,mode_not_conditional,0.0,0.0,1.0,False,SEARCH,"(24, 48)","(29, 48)","(28, 48)","(25, 47)",search_info,"(25, 47)",1,0.0,0.0,simple_ring_priority,False,,1,4,adaptive_knownmap_soft,5,8,9,8,0.375,26,53.17475103828124,1.0,4.428606220929063,1.0,1.1488888888888888,0.2531104263556563,57.6033572592103,1.0,1.1488888888888888,0.2531104263556563,8.25,1.0,0.0,9.0,10.625,False,0.0,soft_clearance_astar_v1,adaptive,1.0,57.6033572592103,1.0,8.25,1.0,0.0,0.0,0.0,6.5,0.5062208527113126,-0.35,0.0,0.0,-0.0,1,0.0,0.0,True,0.8485281374238569,0.0,0.0,0.1626270390189249,0.8373729609810752,24,24,24,6,1.2032299755640492,0.895600607772245,simple_ring,True,4.8052000001916895,0.08580000212532468,0.6727999989379896,0.4887999912170926,1,0,0,0.0,0,0,0.0,0.0,0.0,0.0,0.0,0,0,0,0.0,0.0,0.0,0.0,0,False,,,0,0.0,False,"(0, -1)",3.0607733311006933,6.6562208527113125,6.6562208527113125,9,True,158,28,2.0,2.2325300716962917,0.5803085299455535,1.0,0.49113869631357415,0.3481353252065011,1.4351691565081264,0.14842968818177793,0.2327317980185536,False,0.07407407407407407,0.0,0,False,,0
159,marine_knownmap_path_v2_infosampled,ucb,0.0,False,mode_not_conditional,0.0,0.0,1.0,False,SEARCH,"(25, 48)","(29, 48)","(28, 48)","(25, 47)",search_info,"(25, 47)",1,0.0,0.0,simple_ring_priority,False,,0,4,adaptive_knownmap_soft,4,8,9,8,0.5,26,53.17475103828124,1.0,4.428606220929063,1.0,1.1488888888888888,0.2531104263556563,57.6033572592103,1.0,1.1488888888888888,0.2531104263556563,8.25,1.0,0.0,9.0,10.625,False,0.0,soft_clearance_astar_v1,adaptive,1.0,57.6033572592103,1.0,8.25,1.0,0.0,0.0,0.0,6.5,0.5062208527113126,-0.35,0.0,0.0,-0.0,1,0.0,0.0,True,0.8485281374238569,0.0,0.0,0.1626270390189249,0.8373729609810752,24,24,24,6,1.2032299755640492,0.895600607772245,simple_ring,True,4.8052000001916895,0.08580000212532468,0.6727999989379896,0.4887999912170926,1,0,0,0.0,0,0,0.0,0.0,0.0,0.0,0.0,0,0,0,0.0,0.0,0.0,0.0,0,False,,,0,0.0,False,"(0, -1)",3.0607733311006933,6.6562208527113125,6.6562208527113125,9,True,159,29,2.0,2.2492247339122695,0.5848457350272233,1.0,0.43110249836290143,0.3481353252065011,1.4351691565081264,0.14842968818177793,0.2327317980185536,False,0.12345679012345678,0.0,0,False,,0
160,marine_knownmap_path_v2_infosampled,ucb,0.0,False,mode_not_conditional,0.0,0.0,1.0,False,SEARCH,"(25, 47)","(34, 45)","(30, 45)","(34, 49)",search_info,"(34, 49)",89,1.0,0.9568545229067004,simple_ring_priority,True,commit_expired,4,4,adaptive_knownmap_soft,8,8,12,8,0.625,27,56.87975103828125,0.8015855803851606,4.587035276119442,0.6378876955851177,1.3053472222222218,1.0,61.46678631440069,0.7907983895901521,1.3053472222222218,1.0,8.25,1.0,0.0,9.0,11.75,False,0.0,soft_clearance_astar_v1,adaptive,1.0,61.46678631440069,0.7907983895901521,8.25,1.0,0.0,0.0,0.0,5.140189532335989,2.0,-0.35,0.0,0.0,-0.0,1,0.0,0.0,False,1.0,0.0,0.0,0.5014735427864788,0.4985264572135212,24,24,24,4,1.5260340234738012,0.7527146645546008,simple_ring,True,4.104100000404287,0.04380000245873816,0.473000000056345,0.3504999986034818,1,0,0,0.0,0,0,0.0,0.0,0.0,0.0,0.0,0,0,0,0.0,0.0,0.0,0.0,0,False,,,0,0.0,False,"(0, -1)",2.5149941330868915,6.790189532335989,6.790189532335989,10,True,160,30,2.0,2.263947253230236,0.587568058076225,1.0,0.49090535806856084,0.8609535841441249,2.0761919801801563,2.277250752949096,0.43633629692883635,True,0.08641975308641975,0.012345679012345678,0,False,,0
161,marine_knownmap_path_v2_infosampled,ucb,0.0,False,mode_not_conditional,0.0,0.0,1.0,False,SEARCH,"(25, 46)","(34, 45)","(30, 45)","(34, 49)",search_info,"(34, 49)",89,1.0,0.9568545229067004,simple_ring_priority,False,,3,4,adaptive_knownmap_soft,7,8,12,8,0.125,27,56.87975103828125,0.8015855803851606,4.587035276119442,0.6378876955851177,1.3053472222222218,1.0,61.46678631440069,0.7907983895901521,1.3053472222222218,1.0,8.25,1.0,0.0,9.0,11.75,False,0.0,soft_clearance_astar_v1,adaptive,1.0,61.46678631440069,0.7907983895901521,8.25,1.0,0.0,0.0,0.0,5.140189532335989,2.0,-0.35,0.0,0.0,-0.0,1,0.0,0.0,False,1.0,0.0,0.0,0.5014735427864788,0.4985264572135212,24,24,24,4,1.5260340234738012,0.7527146645546008,simple_ring,True,4.104100000404287,0.04380000245873816,0.473000000056345,0.3504999986034818,1,0,0,0.0,0,0,0.0,0.0,0.0,0.0,0.0,0,0,0,0.0,0.0,0.0,0.0,0,False,,,0,0.0,False,"(0, -1)",2.5149941330868915,6.790189532335989,6.790189532335989,10,True,161,31,2.0,2.2789517982492846,0.5911978221415608,1.0,0.502990112807486,0.8609535841441249,2.0761919801801563,2.277250752949096,0.43633629692883635,True,0.12345679012345678,0.024691358024691357,0,False,,0
162,marine_knownmap_path_v2_infosampled,ucb,0.0,False,mode_not_conditional,0.0,0.0,1.0,False,SEARCH,"(25, 45)","(34, 45)","(30, 45)","(34, 49)",search_info,"(34, 49)",89,1.0,0.9568545229067004,simple_ring_priority,False,,2,4,adaptive_knownmap_soft,6,8,12,8,0.25,27,56.87975103828125,0.8015855803851606,4.587035276119442,0.6378876955851177,1.3053472222222218,1.0,61.46678631440069,0.7907983895901521,1.3053472222222218,1.0,8.25,1.0,0.0,9.0,11.75,False,0.0,soft_clearance_astar_v1,adaptive,1.0,61.46678631440069,0.7907983895901521,8.25,1.0,0.0,0.0,0.0,5.140189532335989,2.0,-0.35,0.0,0.0,-0.0,1,0.0,0.0,False,1.0,0.0,0.0,0.5014735427864788,0.4985264572135212,24,24,24,4,1.5260340234738012,0.7527146645546008,simple_ring,True,4.104100000404287,0.04380000245873816,0.473000000056345,0.3504999986034818,1,0,0,0.0,0,0,0.0,0.0,0.0,0.0,0.0,0,0,0,0.0,0.0,0.0,0.0,0,False,,,0,0.0,False,"(0, -1)",2.5149941330868915,6.790189532335989,6.790189532335989,10,True,162,32,1.9999999999999998,2.2946457165315954,0.5948275862068966,1.0,0.4668105824268372,0.8609535841441249,2.0761919801801563,2.277250752949096,0.43633629692883635,True,0.12345679012345678,0.024691358024691357,0,False,,0
163,marine_knownmap_path_v2_infosampled,ucb,0.0,False,mode_not_conditional,0.0,0.0,1.0,False,SEARCH,"(26, 45)","(34, 45)","(30, 45)","(34, 49)",search_info,"(34, 49)",89,1.0,0.9568545229067004,simple_ring_priority,False,,1,4,adaptive_knownmap_soft,5,8,12,8,0.375,27,56.87975103828125,0.8015855803851606,4.587035276119442,0.6378876955851177,1.3053472222222218,1.0,61.46678631440069,0.7907983895901521,1.3053472222222218,1.0,8.25,1.0,0.0,9.0,11.75,False,0.0,soft_clearance_astar_v1,adaptive,1.0,61.46678631440069,0.7907983895901521,8.25,1.0,0.0,0.0,0.0,5.140189532335989,2.0,-0.35,0.0,0.0,-0.0,1,0.0,0.0,False,1.0,0.0,0.0,0.5014735427864788,0.4985264572135212,24,24,24,4,1.5260340234738012,0.7527146645546008,simple_ring,True,4.104100000404287,0.04380000245873816,0.473000000056345,0.3504999986034818,1,0,0,0.0,0,0,0.0,0.0,0.0,0.0,0.0,0,0,0,0.0,0.0,0.0,0.0,0,False,,,0,0.0,False,"(0, -1)",2.5149941330868915,6.790189532335989,6.790189532335989,10,True,163,33,1.9999999999999998,2.310554473632055,0.5975499092558983,1.0,0.4924515696820357,0.8609535841441249,2.0761919801801563,2.277250752949096,0.43633629692883635,True,0.07407407407407407,0.0,0,False,,0
164,marine_knownmap_path_v2_infosampled,ucb,0.0,False,mode_not_conditional,0.0,0.0,1.0,False,SEARCH,"(27, 45)","(34, 45)","(30, 45)","(34, 49)",search_info,"(34, 49)",89,1.0,0.9568545229067004,simple_ring_priority,False,,0,4,adaptive_knownmap_soft,4,8,12,8,0.5,27,56.87975103828125,0.8015855803851606,4.587035276119442,0.6378876955851177,1.3053472222222218,1.0,61.46678631440069,0.7907983895901521,1.3053472222222218,1.0,8.25,1.0,0.0,9.0,11.75,False,0.0,soft_clearance_astar_v1,adaptive,1.0,61.46678631440069,0.7907983895901521,8.25,1.0,0.0,0.0,0.0,5.140189532335989,2.0,-0.35,0.0,0.0,-0.0,1,0.0,0.0,False,1.0,0.0,0.0,0.5014735427864788,0.4985264572135212,24,24,24,4,1.5260340234738012,0.7527146645546008,simple_ring,True,4.104100000404287,0.04380000245873816,0.473000000056345,0.3504999986034818,1,0,0,0.0,0,0,0.0,0.0,0.0,0.0,0.0,0,0,0,0.0,0.0,0.0,0.0,0,False,,,0,0.0,False,"(0, -1)",2.5149941330868915,6.790189532335989,6.790189532335989,10,True,164,34,1.9999999999999998,2.328759639159463,0.602087114337568,1.0,0.6041971702607503,0.8609535841441249,2.0761919801801563,2.277250752949096,0.43633629692883635,True,0.12345679012345678,0.0,0,False,,0
165,marine_knownmap_path_v2_infosampled,ucb,0.0,False,mode_not_conditional,0.0,0.0,1.0,False,SEARCH,"(27, 44)","(31, 37)","(27, 37)","(35, 38)",search_info,"(34, 40)",225,1.0,0.9134637469147191,simple_ring_priority,True,commit_expired,4,4,adaptive_knownmap_soft,8,8,12,8,0.625,28,64.31591374218749,0.9666512268891099,4.196626887303035,0.7871877591474274,3.3246178381827134,0.8049958861804688,68.51254062949053,0.9555515174487771,3.3246178381827134,0.8049958861804688,8.0,0.8,0.0,12.0,12.0,False,0.0,soft_clearance_astar_v1,adaptive,1.0,68.51254062949053,0.9555515174487771,8.0,0.8,0.0,0.0,0.0,6.211084863417051,1.6099917723609376,-0.27999999999999997,0.0,0.0,-0.0,0,0.0,0.0,False,1.0,0.0,0.0,0.4384955552733059,0.561504444726694,24,24,24,5,1.2573705097777652,0.8183313030430867,simple_ring,True,4.187399999864283,0.09279999721911736,0.6307000021479325,0.4662000046664616,1,0,0,0.0,0,0,0.0,0.0,0.0,0.0,0.0,0,0,0,0.0,0.0,0.0,0.0,0,False,,,0,0.0,False,"(0, -1)",6.265318599814832,7.541076635777989,7.541076635777989,11,True,165,35,2.0,2.3455376521848077,0.6052631578947368,0.9983015323275095,0.5417784180892787,0.48994232250512265,1.6124279031314033,0.4947168085448156,0.5443665951424241,False,0.08641975308641975,0.0,0,False,,0
166,marine_knownmap_path_v2_infosampled,ucb,0.0,False,mode_not_conditional,0.0,0.0,1.0,False,SEARCH,"(27, 43)","(31, 37)","(27, 37)","(35, 38)",search_info,"(34, 40)",225,1.0,0.9134637469147191,simple_ring_priority,False,,3,4,adaptive_knownmap_soft,7,8,12,8,0.125,28,64.31591374218749,0.9666512268891099,4.196626887303035,0.7871877591474274,3.3246178381827134,0.8049958861804688,68.51254062949053,0.9555515174487771,3.3246178381827134,0.8049958861804688,8.0,0.8,0.0,12.0,12.0,False,0.0,soft_clearance_astar_v1,adaptive,1.0,68.51254062949053,0.9555515174487771,8.0,0.8,0.0,0.0,0.0,6.211084863417051,1.6099917723609376,-0.27999999999999997,0.0,0.0,-0.0,0,0.0,0.0,False,1.0,0.0,0.0,0.4384955552733059,0.561504444726694,24,24,24,5,1.2573705097777652,0.8183313030430867,simple_ring,True,4.187399999864283,0.09279999721911736,0.6307000021479325,0.4662000046664616,1,0,0,0.0,0,0,0.0,0.0,0.0,0.0,0.0,0,0,0,0.0,0.0,0.0,0.0,0,False,,,0,0.0,False,"(0, -1)",6.265318599814832,7.541076635777989,7.541076635777989,11,True,166,36,2.0,2.3632093012873043,0.6098003629764065,1.0,0.5621243697562408,0.48994232250512265,1.6124279031314033,0.4947168085448156,0.5443665951424241,False,0.12345679012345678,0.0,0,False,,0
167,marine_knownmap_path_v2_infosampled,ucb,0.0,False,mode_not_conditional,0.0,0.0,1.0,False,SEARCH,"(27, 42)","(31, 37)","(27, 37)","(35, 38)",search_info,"(34, 40)",225,1.0,0.9134637469147191,simple_ring_priority,False,,2,4,adaptive_knownmap_soft,6,8,12,8,0.25,28,64.31591374218749,0.9666512268891099,4.196626887303035,0.7871877591474274,3.3246178381827134,0.8049958861804688,68.51254062949053,0.9555515174487771,3.3246178381827134,0.8049958861804688,8.0,0.8,0.0,12.0,12.0,False,0.0,soft_clearance_astar_v1,adaptive,1.0,68.51254062949053,0.9555515174487771,8.0,0.8,0.0,0.0,0.0,6.211084863417051,1.6099917723609376,-0.27999999999999997,0.0,0.0,-0.0,0,0.0,0.0,False,1.0,0.0,0.0,0.4384955552733059,0.561504444726694,24,24,24,5,1.2573705097777652,0.8183313030430867,simple_ring,True,4.187399999864283,0.09279999721911736,0.6307000021479325,0.4662000046664616,1,0,0,0.0,0,0,0.0,0.0,0.0,0.0,0.0,0,0,0,0.0,0.0,0.0,0.0,0,False,,,0,0.0,False,"(0, -1)",6.265318599814832,7.541076635777989,7.541076635777989,11,True,167,37,1.9999999999999996,2.3820858953635327,0.6143375680580763,1.0,0.5658872705016321,0.48994232250512265,1.6124279031314033,0.4947168085448156,0.5443665951424241,False,0.12345679012345678,0.0,0,False,,0
168,marine_knownmap_path_v2_infosampled,ucb,0.0,False,mode_not_conditional,0.0,0.0,1.0,False,SEARCH,"(27, 41)","(31, 37)","(27, 37)","(35, 38)",search_info,"(34, 40)",225,1.0,0.9134637469147191,simple_ring_priority,False,,1,4,adaptive_knownmap_soft,5,8,12,8,0.375,28,64.31591374218749,0.9666512268891099,4.196626887303035,0.7871877591474274,3.3246178381827134,0.8049958861804688,68.51254062949053,0.9555515174487771,3.3246178381827134,0.8049958861804688,8.0,0.8,0.0,12.0,12.0,False,0.0,soft_clearance_astar_v1,adaptive,1.0,68.51254062949053,0.9555515174487771,8.0,0.8,0.0,0.0,0.0,6.211084863417051,1.6099917723609376,-0.27999999999999997,0.0,0.0,-0.0,0,0.0,0.0,False,1.0,0.0,0.0,0.4384955552733059,0.561504444726694,24,24,24,5,1.2573705097777652,0.8183313030430867,simple_ring,True,4.187399999864283,0.09279999721911736,0.6307000021479325,0.4662000046664616,1,0,0,0.0,0,0,0.0,0.0,0.0,0.0,0.0,0,0,0,0.0,0.0,0.0,0.0,0,False,,,0,0.0,False,"(0, -1)",6.265318599814832,7.541076635777989,7.541076635777989,11,True,168,38,2.0,2.40190753204536,0.6188747731397459,0.9983239976321342,0.5775009254743386,0.48994232250512265,1.6124279031314033,0.4947168085448156,0.5443665951424241,False,0.12345679012345678,0.0,0,False,,0
169,marine_knownmap_path_v2_infosampled,ucb,0.0,False,mode_not_conditional,0.0,0.0,1.0,False,SEARCH,"(27, 40)","(31, 37)","(27, 37)","(35, 38)",search_info,"(34, 40)",225,1.0,0.9134637469147191,simple_ring_priority,False,,0,4,adaptive_knownmap_soft,4,8,12,8,0.5,28,64.31591374218749,0.9666512268891099,4.196626887303035,0.7871877591474274,3.3246178381827134,0.8049958861804688,68.51254062949053,0.9555515174487771,3.3246178381827134,0.8049958861804688,8.0,0.8,0.0,12.0,12.0,False,0.0,soft_clearance_astar_v1,adaptive,1.0,68.51254062949053,0.9555515174487771,8.0,0.8,0.0,0.0,0.0,6.211084863417051,1.6099917723609376,-0.27999999999999997,0.0,0.0,-0.0,0,0.0,0.0,False,1.0,0.0,0.0,0.4384955552733059,0.561504444726694,24,24,24,5,1.2573705097777652,0.8183313030430867,simple_ring,True,4.187399999864283,0.09279999721911736,0.6307000021479325,0.4662000046664616,1,0,0,0.0,0,0,0.0,0.0,0.0,0.0,0.0,0,0,0,0.0,0.0,0.0,0.0,0,False,,,0,0.0,False,"(0, -1)",6.265318599814832,7.541076635777989,7.541076635777989,11,True,169,39,2.0,2.422370359201771,0.6234119782214156,0.99490869686968,0.5717269386366102,0.48994232250512265,1.6124279031314033,0.4947168085448156,0.5443665951424241,False,0.13580246913580246,0.012345679012345678,0,False,,0
170,marine_knownmap_path_v2_infosampled,ucb,0.0,False,mode_not_conditional,0.0,0.0,1.0,False,SEARCH,"(27, 39)","(30, 31)","(27, 32)","(34, 30)",search_info,"(34, 30)",107,0.9725500499417059,0.9038026658549168,simple_ring_priority,True,commit_expired,4,4,adaptive_knownmap_soft,8,8,12,8,0.625,29,69.79833052421874,1.0,4.4440660906260945,0.9649199990608819,2.564921803136003,0.42526608135020544,74.24239661484484,1.0,2.564921803136003,0.42526608135020544,8.0,0.75,0.0,12.0,12.0,False,0.0,soft_clearance_astar_v1,adaptive,1.0,74.24239661484484,1.0,8.0,0.75,0.0,0.0,0.0,6.5,0.8505321627004109,-0.26249999999999996,0.0,0.0,-0.0,0,0.0,0.0,False,1.0,0.0,0.0,0.5199163788711377,0.48008362112886227,24,24,24,6,1.347198622327154,0.9412736353641522,simple_ring,True,4.629600000043865,0.1616000008652918,1.1635999981081113,0.7864999861340038,1,0,0,0.0,0,0,0.0,0.0,0.0,0.0,0.0,0,0,0,0.0,0.0,0.0,0.0,0,False,,,0,0.0,False,"(0, -1)",5.691016616051506,7.088032162700411,7.088032162700411,12,True,170,40,2.0,2.443260517742093,0.6279491833030852,1.0,0.5708034510726717,0.5707227928357342,1.7134034910446678,0.810281134279783,0.34281068839999157,True,0.13580246913580246,0.012345679012345678,0,False,,0
171,marine_knownmap_path_v2_infosampled,ucb,0.0,False,mode_not_conditional,0.0,0.0,1.0,False,SEARCH,"(27, 38)","(30, 31)","(27, 32)","(34, 30)",search_info,"(34, 30)",107,0.9725500499417059,0.9038026658549168,simple_ring_priority,False,,3,4,adaptive_knownmap_soft,7,8,12,8,0.125,29,69.79833052421874,1.0,4.4440660906260945,0.9649199990608819,2.564921803136003,0.42526608135020544,74.24239661484484,1.0,2.564921803136003,0.42526608135020544,8.0,0.75,0.0,12.0,12.0,False,0.0,soft_clearance_astar_v1,adaptive,1.0,74.24239661484484,1.0,8.0,0.75,0.0,0.0,0.0,6.5,0.8505321627004109,-0.26249999999999996,0.0,0.0,-0.0,0,0.0,0.0,False,1.0,0.0,0.0,0.5199163788711377,0.48008362112886227,24,24,24,6,1.347198622327154,0.9412736353641522,simple_ring,True,4.629600000043865,0.1616000008652918,1.1635999981081113,0.7864999861340038,1,0,0,0.0,0,0,0.0,0.0,0.0,0.0,0.0,0,0,0,0.0,0.0,0.0,0.0,0,False,,,0,0.0,False,"(0, -1)",5.691016616051506,7.088032162700411,7.088032162700411,12,True,171,41,2.0,2.464439775656452,0.632486388384755,0.9988755405146661,0.5368801713104844,0.5707227928357342,1.7134034910446678,0.810281134279783,0.34281068839999157,True,0.13580246913580246,0.012345679012345678,0,False,,0
172,marine_knownmap_path_v2_infosampled,ucb,0.0,False,mode_not_conditional,0.0,0.0,1.0,False,SEARCH,"(27, 37)","(30, 31)","(27, 32)","(34, 30)",search_info,"(34, 30)",107,0.9725500499417059,0.9038026658549168,simple_ring_priority,False,,2,4,adaptive_knownmap_soft,6,8,12,8,0.25,29,69.79833052421874,1.0,4.4440660906260945,0.9649199990608819,2.564921803136003,0.42526608135020544,74.24239661484484,1.0,2.564921803136003,0.42526608135020544,8.0,0.75,0.0,12.0,12.0,False,0.0,soft_clearance_astar_v1,adaptive,1.0,74.24239661484484,1.0,8.0,0.75,0.0,0.0,0.0,6.5,0.8505321627004109,-0.26249999999999996,0.0,0.0,-0.0,0,0.0,0.0,False,1.0,0.0,0.0,0.5199163788711377,0.48008362112886227,24,24,24,6,1.347198622327154,0.9412736353641522,simple_ring,True,4.629600000043865,0.1616000008652918,1.1635999981081113,0.7864999861340038,1,0,0,0.0,0,0,0.0,0.0,0.0,0.0,0.0,0,0,0,0.0,0.0,0.0,0.0,0,False,,,0,0.0,False,"(0, -1)",5.691016616051506,7.088032162700411,7.088032162700411,12,True,172,42,2.0,2.4858116722488237,0.6370235934664247,0.9921670479442879,0.5426534721409588,0.5707227928357342,1.7134034910446678,0.810281134279783,0.34281068839999157,True,0.13580246913580246,0.012345679012345678,0,False,,0
173,marine_knownmap_path_v2_infosampled,ucb,0.0,False,mode_not_conditional,0.0,0.0,1.0,False,SEARCH,"(27, 36)","(30, 31)","(27, 32)","(34, 30)",search_info,"(34, 30)",107,0.9725500499417059,0.9038026658549168,simple_ring_priority,False,,1,4,adaptive_knownmap_soft,5,8,12,8,0.375,29,69.79833052421874,1.0,4.4440660906260945,0.9649199990608819,2.564921803136003,0.42526608135020544,74.24239661484484,1.0,2.564921803136003,0.42526608135020544,8.0,0.75,0.0,12.0,12.0,False,0.0,soft_clearance_astar_v1,adaptive,1.0,74.24239661484484,1.0,8.0,0.75,0.0,0.0,0.0,6.5,0.8505321627004109,-0.26249999999999996,0.0,0.0,-0.0,0,0.0,0.0,False,1.0,0.0,0.0,0.5199163788711377,0.48008362112886227,24,24,24,6,1.347198622327154,0.9412736353641522,simple_ring,True,4.629600000043865,0.1616000008652918,1.1635999981081113,0.7864999861340038,1,0,0,0.0,0,0,0.0,0.0,0.0,0.0,0.0,0,0,0,0.0,0.0,0.0,0.0,0,False,,,0,0.0,False,"(0, -1)",5.691016616051506,7.088032162700411,7.088032162700411,12,True,173,43,2.0,2.5072944969667517,0.6420145190562614,0.9979076701917584,0.5653629646897549,0.5707227928357342,1.7134034910446678,0.810281134279783,0.34281068839999157,True,0.13580246913580246,0.0,0,False,,0
174,marine_knownmap_path_v2_infosampled,ucb,0.0,False,mode_not_conditional,0.0,0.0,1.0,False,SEARCH,"(27, 35)","(30, 31)","(27, 32)","(34, 30)",search_info,"(34, 30)",107,0.9725500499417059,0.9038026658549168,simple_ring_priority,False,,0,4,adaptive_knownmap_soft,4,8,12,8,0.5,29,69.79833052421874,1.0,4.4440660906260945,0.9649199990608819,2.564921803136003,0.42526608135020544,74.24239661484484,1.0,2.564921803136003,0.42526608135020544,8.0,0.75,0.0,12.0,12.0,False,0.0,soft_clearance_astar_v1,adaptive,1.0,74.24239661484484,1.0,8.0,0.75,0.0,0.0,0.0,6.5,0.8505321627004109,-0.26249999999999996,0.0,0.0,-0.0,0,0.0,0.0,False,1.0,0.0,0.0,0.5199163788711377,0.48008362112886227,24,24,24,6,1.347198622327154,0.9412736353641522,simple_ring,True,4.629600000043865,0.1616000008652918,1.1635999981081113,0.7864999861340038,1,0,0,0.0,0,0,0.0,0.0,0.0,0.0,0.0,0,0,0,0.0,0.0,0.0,0.0,0,False,,,0,0.0,False,"(0, -1)",5.691016616051506,7.088032162700411,7.088032162700411,12,True,174,44,2.0,2.528809818216585,0.647005444646098,0.99754457304287,0.5677542872643268,0.5707227928357342,1.7134034910446678,0.810281134279783,0.34281068839999157,True,0.13580246913580246,0.0,0,False,,0
175,marine_knownmap_path_v2_infosampled,ucb,0.0,False,mode_not_conditional,0.0,0.0,1.0,False,SEARCH,"(27, 34)","(32, 27)","(27, 27)","(34, 30)",search_info,"(34, 30)",1,0.0,0.0,simple_ring_priority,True,commit_expired,4,4,adaptive_knownmap_soft,8,8,13,8,0.625,30,61.69097318359375,0.9418918414908365,3.854338143088055,0.9423187388589606,4.781591374218749,0.873996001002795,65.5453113266818,0.9419126085969964,4.781591374218749,0.873996001002795,8.0,0.75,0.0,12.0,12.0,False,0.0,soft_clearance_astar_v1,adaptive,1.0,65.5453113266818,0.9419126085969964,8.0,0.75,0.0,0.0,0.0,6.122431955880477,1.74799200200559,-0.26249999999999996,0.0,0.0,-0.0,0,0.0,0.0,True,0.894427190999916,0.0,0.0,0.2787293067700734,0.7212706932299267,24,24,24,4,1.1584180313760122,0.8900944287848883,simple_ring,True,4.089199999725679,0.14399999963643495,0.857000002724817,0.6290999990596902,1,0,0,0.0,0,0,0.0,0.0,0.0,0.0,0.0,0,0,0,0.0,0.0,0.0,0.0,0,False,,,0,0.0,False,"(0, -1)",6.1550871984546935,7.607923957886066,7.607923957886066,12,True,175,45,1.9999999999999996,2.550273515796269,0.6519963702359347,0.9984151111266897,0.4909974846649795,0.47019268297063616,1.5877408537132953,0.4685173380598138,0.3155633277429155,False,0.13580246913580246,0.0,0,False,,0
176,marine_knownmap_path_v2_infosampled,ucb,0.0,False,mode_not_conditional,0.0,0.0,1.0,False,SEARCH,"(27, 33)","(32, 27)","(27, 27)","(34, 30)",search_info,"(34, 30)",1,0.0,0.0,simple_ring_priority,False,,3,4,adaptive_knownmap_soft,7,8,13,8,0.125,30,61.69097318359375,0.9418918414908365,3.854338143088055,0.9423187388589606,4.781591374218749,0.873996001002795,65.5453113266818,0.9419126085969964,4.781591374218749,0.873996001002795,8.0,0.75,0.0,12.0,12.0,False,0.0,soft_clearance_astar_v1,adaptive,1.0,65.5453113266818,0.9419126085969964,8.0,0.75,0.0,0.0,0.0,6.122431955880477,1.74799200200559,-0.26249999999999996,0.0,0.0,-0.0,0,0.0,0.0,True,0.894427190999916,0.0,0.0,0.2787293067700734,0.7212706932299267,24,24,24,4,1.1584180313760122,0.8900944287848883,simple_ring,True,4.089199999725679,0.14399999963643495,0.857000002724817,0.6290999990596902,1,0,0,0.0,0,0,0.0,0.0,0.0,0.0,0.0,0,0,0,0.0,0.0,0.0,0.0,0,False,,,0,0.0,False,"(0, -1)",6.1550871984546935,7.607923957886066,7.607923957886066,12,True,176,46,2.0,2.57159592953525,0.6569872958257713,0.9554955698414673,0.5282260648534762,0.47019268297063616,1.5877408537132953,0.4685173380598138,0.3155633277429155,False,0.13580246913580246,0.0,0,False,,0
177,marine_knownmap_path_v2_infosampled,ucb,0.0,False,mode_not_conditional,0.0,0.0,1.0,False,SEARCH,"(27, 32)","(32, 27)","(27, 27)","(34, 30)",search_info,"(34, 30)",1,0.0,0.0,simple_ring_priority,False,,2,4,adaptive_knownmap_soft,6,8,13,8,0.25,30,61.69097318359375,0.9418918414908365,3.854338143088055,0.9423187388589606,4.781591374218749,0.873996001002795,65.5453113266818,0.9419126085969964,4.781591374218749,0.873996001002795,8.0,0.75,0.0,12.0,12.0,False,0.0,soft_clearance_astar_v1,adaptive,1.0,65.5453113266818,0.9419126085969964,8.0,0.75,0.0,0.0,0.0,6.122431955880477,1.74799200200559,-0.26249999999999996,0.0,0.0,-0.0,0,0.0,0.0,True,0.894427190999916,0.0,0.0,0.2787293067700734,0.7212706932299267,24,24,24,4,1.1584180313760122,0.8900944287848883,simple_ring,True,4.089199999725679,0.14399999963643495,0.857000002724817,0.6290999990596902,1,0,0,0.0,0,0,0.0,0.0,0.0,0.0,0.0,0,0,0,0.0,0.0,0.0,0.0,0,False,,,0,0.0,False,"(0, -1)",6.1550871984546935,7.607923957886066,7.607923957886066,12,True,177,47,2.0,2.5926800935491694,0.661070780399274,1.0,0.5705089219508751,0.47019268297063616,1.5877408537132953,0.4685173380598138,0.3155633277429155,False,0.13580246913580246,0.024691358024691357,0,False,,0
178,marine_knownmap_path_v2_infosampled,ucb,0.0,False,mode_not_conditional,0.0,0.0,1.0,False,SEARCH,"(27, 31)","(32, 27)","(27, 27)","(34, 30)",search_info,"(34, 30)",1,0.0,0.0,simple_ring_priority,False,,1,4,adaptive_knownmap_soft,5,8,13,8,0.375,30,61.69097318359375,0.9418918414908365,3.854338143088055,0.9423187388589606,4.781591374218749,0.873996001002795,65.5453113266818,0.9419126085969964,4.781591374218749,0.873996001002795,8.0,0.75,0.0,12.0,12.0,False,0.0,soft_clearance_astar_v1,adaptive,1.0,65.5453113266818,0.9419126085969964,8.0,0.75,0.0,0.0,0.0,6.122431955880477,1.74799200200559,-0.26249999999999996,0.0,0.0,-0.0,0,0.0,0.0,True,0.894427190999916,0.0,0.0,0.2787293067700734,0.7212706932299267,24,24,24,4,1.1584180313760122,0.8900944287848883,simple_ring,True,4.089199999725679,0.14399999963643495,0.857000002724817,0.6290999990596902,1,0,0,0.0,0,0,0.0,0.0,0.0,0.0,0.0,0,0,0,0.0,0.0,0.0,0.0,0,False,,,0,0.0,False,"(0, -1)",6.1550871984546935,7.607923957886066,7.607923957886066,12,True,178,48,2.0000000000000004,2.6134252943252534,0.6651542649727767,1.0,0.5641169531918103,0.47019268297063616,1.5877408537132953,0.4685173380598138,0.3155633277429155,False,0.13580246913580246,0.024691358024691357,0,False,,0
179,marine_knownmap_path_v2_infosampled,ucb,0.0,False,mode_not_conditional,0.0,0.0,1.0,False,SEARCH,"(27, 30)","(32, 27)","(27, 27)","(34, 30)",search_info,"(34, 30)",1,0.0,0.0,simple_ring_priority,False,,0,4,adaptive_knownmap_soft,4,8,13,8,0.5,30,61.69097318359375,0.9418918414908365,3.854338143088055,0.9423187388589606,4.781591374218749,0.873996001002795,65.5453113266818,0.9419126085969964,4.781591374218749,0.873996001002795,8.0,0.75,0.0,12.0,12.0,False,0.0,soft_clearance_astar_v1,adaptive,1.0,65.5453113266818,0.9419126085969964,8.0,0.75,0.0,0.0,0.0,6.122431955880477,1.74799200200559,-0.26249999999999996,0.0,0.0,-0.0,0,0.0,0.0,True,0.894427190999916,0.0,0.0,0.2787293067700734,0.7212706932299267,24,24,24,4,1.1584180313760122,0.8900944287848883,simple_ring,True,4.089199999725679,0.14399999963643495,0.857000002724817,0.6290999990596902,1,0,0,0.0,0,0,0.0,0.0,0.0,0.0,0.0,0,0,0,0.0,0.0,0.0,0.0,0,False,,,0,0.0,False,"(0, -1)",6.1550871984546935,7.607923957886066,7.607923957886066,12,True,179,49,2.0,2.6337275787183683,0.6692377495462795,1.0,0.5232805228383618,0.47019268297063616,1.5877408537132953,0.4685173380598138,0.3155633277429155,False,0.13580246913580246,0.024691358024691357,0,False,,0
180,marine_knownmap_path_v2_infosampled,ucb,0.0,False,mode_not_conditional,0.0,0.0,1.0,False,SEARCH,"(27, 29)","(37, 28)","(33, 28)","(34, 30)",search_info,"(34, 30)",1,0.0,0.0,simple_ring_priority,True,commit_expired,4,4,adaptive_knownmap_soft,8,8,12,8,0.625,31,61.596876038281245,1.0,3.791058425835373,0.9978339194417726,1.3420507504340278,0.0,65.38793446411661,1.0,1.3420507504340278,0.0,8.25,1.0,0.0,6.0,9.375,False,0.0,soft_clearance_astar_v1,adaptive,1.0,65.38793446411661,1.0,8.25,1.0,0.0,0.0,0.0,6.5,0.0,-0.35,0.0,0.0,-0.0,1,0.0,0.0,True,1.0,0.0,0.0,0.11723948803148465,0.8827605119685153,24,24,24,1,1.1416308570258786,1.0,simple_ring,True,4.716999999800464,0.2069000020128442,0.7141000005503884,0.6341000007523689,1,0,0,0.0,0,0,0.0,0.0,0.0,0.0,0.0,0,0,0,0.0,0.0,0.0,0.0,0,False,,,0,0.0,False,"(0, -1)",6.000683017407787,6.15,6.15,12,True,180,50,2.0,2.6534839034369395,0.6733212341197822,1.0,0.4815978464346283,0.441140586956597,1.5514257336957464,0.5264885591640152,0.16577352760375705,False,0.13580246913580246,0.024691358024691357,0,False,,0
181,marine_knownmap_path_v2_infosampled,ucb,0.0,False,mode_not_conditional,0.0,0.0,1.0,False,SEARCH,"(27, 28)","(37, 28)","(33, 28)","(34, 30)",search_info,"(34, 30)",1,0.0,0.0,simple_ring_priority,False,,3,4,adaptive_knownmap_soft,7,8,12,8,0.125,31,61.596876038281245,1.0,3.791058425835373,0.9978339194417726,1.3420507504340278,0.0,65.38793446411661,1.0,1.3420507504340278,0.0,8.25,1.0,0.0,6.0,9.375,False,0.0,soft_clearance_astar_v1,adaptive,1.0,65.38793446411661,1.0,8.25,1.0,0.0,0.0,0.0,6.5,0.0,-0.35,0.0,0.0,-0.0,1,0.0,0.0,True,1.0,0.0,0.0,0.11723948803148465,0.8827605119685153,24,24,24,1,1.1416308570258786,1.0,simple_ring,True,4.716999999800464,0.2069000020128442,0.7141000005503884,0.6341000007523689,1,0,0,0.0,0,0,0.0,0.0,0.0,0.0,0.0,0,0,0,0.0,0.0,0.0,0.0,0,False,,,0,0.0,False,"(0, -1)",6.000683017407787,6.15,6.15,12,True,181,51,1.9999999999999996,2.6725933547330105,0.6774047186932849,0.9213743822912522,0.5249665165797183,0.441140586956597,1.5514257336957464,0.5264885591640152,0.16577352760375705,False,0.13580246913580246,0.024691358024691357,0,False,,0
182,marine_knownmap_path_v2_infosampled,ucb,0.0,False,mode_not_conditional,0.0,0.0,1.0,False,SEARCH,"(28, 28)","(37, 28)","(33, 28)","(34, 30)",search_info,"(34, 30)",1,0.0,0.0,simple_ring_priority,False,,2,4,adaptive_knownmap_soft,6,8,12,8,0.25,31,61.596876038281245,1.0,3.791058425835373,0.9978339194417726,1.3420507504340278,0.0,65.38793446411661,1.0,1.3420507504340278,0.0,8.25,1.0,0.0,6.0,9.375,False,0.0,soft_clearance_astar_v1,adaptive,1.0,65.38793446411661,1.0,8.25,1.0,0.0,0.0,0.0,6.5,0.0,-0.35,0.0,0.0,-0.0,1,0.0,0.0,True,1.0,0.0,0.0,0.11723948803148465,0.8827605119685153,24,24,24,1,1.1416308570258786,1.0,simple_ring,True,4.716999999800464,0.2069000020128442,0.7141000005503884,0.6341000007523689,1,0,0,0.0,0,0,0.0,0.0,0.0,0.0,0.0,0,0,0,0.0,0.0,0.0,0.0,0,False,,,0,0.0,False,"(0, -1)",6.000683017407787,6.15,6.15,12,True,182,52,1.9999999999999998,2.68965445246183,0.6801270417422868,0.9730878552330351,0.5089093800015972,0.441140586956597,1.5514257336957464,0.5264885591640152,0.16577352760375705,False,0.07407407407407407,0.0,0,False,,0
183,marine_knownmap_path_v2_infosampled,ucb,0.0,False,mode_not_conditional,0.0,0.0,1.0,False,SEARCH,"(29, 28)","(37, 28)","(33, 28)","(34, 30)",search_info,"(34, 30)",1,0.0,0.0,simple_ring_priority,False,,1,4,adaptive_knownmap_soft,5,8,12,8,0.375,31,61.596876038281245,1.0,3.791058425835373,0.9978339194417726,1.3420507504340278,0.0,65.38793446411661,1.0,1.3420507504340278,0.0,8.25,1.0,0.0,6.0,9.375,False,0.0,soft_clearance_astar_v1,adaptive,1.0,65.38793446411661,1.0,8.25,1.0,0.0,0.0,0.0,6.5,0.0,-0.35,0.0,0.0,-0.0,1,0.0,0.0,True,1.0,0.0,0.0,0.11723948803148465,0.8827605119685153,24,24,24,1,1.1416308570258786,1.0,simple_ring,True,4.716999999800464,0.2069000020128442,0.7141000005503884,0.6341000007523689,1,0,0,0.0,0,0,0.0,0.0,0.0,0.0,0.0,0,0,0,0.0,0.0,0.0,0.0,0,False,,,0,0.0,False,"(0, -1)",6.000683017407787,6.15,6.15,12,True,183,53,1.9999999999999996,2.708940653988692,0.6842105263157895,0.9158682522636374,0.5188707694896902,0.441140586956597,1.5514257336957464,0.5264885591640152,0.16577352760375705,False,0.1111111111111111,0.0,0,False,,0
184,marine_knownmap_path_v2_infosampled,ucb,0.0,False,mode_not_conditional,0.0,0.0,1.0,False,SEARCH,"(30, 28)","(37, 28)","(33, 28)","(34, 30)",search_info,"(34, 30)",1,0.0,0.0,simple_ring_priority,False,,0,4,adaptive_knownmap_soft,4,8,12,8,0.5,31,61.596876038281245,1.0,3.791058425835373,0.9978339194417726,1.3420507504340278,0.0,65.38793446411661,1.0,1.3420507504340278,0.0,8.25,1.0,0.0,6.0,9.375,False,0.0,soft_clearance_astar_v1,adaptive,1.0,65.38793446411661,1.0,8.25,1.0,0.0,0.0,0.0,6.5,0.0,-0.35,0.0,0.0,-0.0,1,0.0,0.0,True,1.0,0.0,0.0,0.11723948803148465,0.8827605119685153,24,24,24,1,1.1416308570258786,1.0,simple_ring,True,4.716999999800464,0.2069000020128442,0.7141000005503884,0.6341000007523689,1,0,0,0.0,0,0,0.0,0.0,0.0,0.0,0.0,0,0,0,0.0,0.0,0.0,0.0,0,False,,,0,0.0,False,"(0, -1)",6.000683017407787,6.15,6.15,12,True,184,54,2.0,2.731305439430265,0.6887477313974592,0.9582520955579732,0.5448900019347312,0.441140586956597,1.5514257336957464,0.5264885591640152,0.16577352760375705,False,0.12345679012345678,0.0,0,False,,0
185,marine_knownmap_path_v2_infosampled,ucb,0.0,False,mode_not_conditional,0.0,0.0,1.0,False,SEARCH,"(30, 27)","(35, 26)","(35, 26)","(34, 30)",search_info,"(34, 30)",1,0.0,0.0,simple_ring_priority,True,commit_expired,4,4,adaptive_knownmap_soft,7,7,7,7,0.625,32,46.5407085,1.0,3.445617378580215,0.8008076805644203,0.6686111111111109,0.17189681764555295,49.98632587858022,1.0,0.6686111111111109,0.17189681764555295,7.25,0.2,0.0,4.0,6.857142857142857,False,0.0,soft_clearance_astar_v1,adaptive,1.0,49.98632587858022,1.0,7.25,0.2,0.0,0.0,0.0,6.5,0.3437936352911059,-0.06999999999999999,0.0,0.0,-0.0,1,0.0,0.0,True,0.565685424949238,0.0,0.0,0.008691513436031958,0.9913084865639681,24,24,24,6,0.8650264068705948,0.6928315037448286,simple_ring,True,4.0471000011166325,0.1418999945599353,0.6779999985155882,0.5184999918128597,1,0,0,0.0,0,0,0.0,0.0,0.0,0.0,0.0,0,0,0,0.0,0.0,0.0,0.0,0,False,,,0,0.0,False,"(0, -1)",6.57140890728527,6.7737936352911055,6.7737936352911055,12,True,185,55,2.0,2.7495419357096513,0.691470054446461,0.9656618639341752,0.5503741269378754,0.3191215807497452,1.3989019759371815,0.0560660657405576,0.30339905136037876,False,0.07407407407407407,0.0,0,False,,0
186,marine_knownmap_path_v2_infosampled,ucb,0.0,False,mode_not_conditional,0.0,0.0,1.0,False,SEARCH,"(30, 26)","(35, 26)","(35, 26)","(34, 30)",search_info,"(34, 30)",1,0.0,0.0,simple_ring_priority,False,,3,4,adaptive_knownmap_soft,6,7,7,7,0.14285714285714285,32,46.5407085,1.0,3.445617378580215,0.8008076805644203,0.6686111111111109,0.17189681764555295,49.98632587858022,1.0,0.6686111111111109,0.17189681764555295,7.25,0.2,0.0,4.0,6.857142857142857,False,0.0,soft_clearance_astar_v1,adaptive,1.0,49.98632587858022,1.0,7.25,0.2,0.0,0.0,0.0,6.5,0.3437936352911059,-0.06999999999999999,0.0,0.0,-0.0,1,0.0,0.0,True,0.565685424949238,0.0,0.0,0.008691513436031958,0.9913084865639681,24,24,24,6,0.8650264068705948,0.6928315037448286,simple_ring,True,4.0471000011166325,0.1418999945599353,0.6779999985155882,0.5184999918128597,1,0,0,0.0,0,0,0.0,0.0,0.0,0.0,0.0,0,0,0,0.0,0.0,0.0,0.0,0,False,,,0,0.0,False,"(0, -1)",6.57140890728527,6.7737936352911055,6.7737936352911055,12,True,186,56,2.0,2.7673758948052054,0.6950998185117967,0.9678470151523739,0.550603577795659,0.3191215807497452,1.3989019759371815,0.0560660657405576,0.30339905136037876,False,0.12345679012345678,0.024691358024691357,0,False,,0
187,marine_knownmap_path_v2_infosampled,ucb,0.0,False,mode_not_conditional,0.0,0.0,1.0,False,SEARCH,"(31, 26)","(35, 26)","(35, 26)","(34, 30)",search_info,"(34, 30)",1,0.0,0.0,simple_ring_priority,False,,2,4,adaptive_knownmap_soft,5,7,7,7,0.2857142857142857,32,46.5407085,1.0,3.445617378580215,0.8008076805644203,0.6686111111111109,0.17189681764555295,49.98632587858022,1.0,0.6686111111111109,0.17189681764555295,7.25,0.2,0.0,4.0,6.857142857142857,False,0.0,soft_clearance_astar_v1,adaptive,1.0,49.98632587858022,1.0,7.25,0.2,0.0,0.0,0.0,6.5,0.3437936352911059,-0.06999999999999999,0.0,0.0,-0.0,1,0.0,0.0,True,0.565685424949238,0.0,0.0,0.008691513436031958,0.9913084865639681,24,24,24,6,0.8650264068705948,0.6928315037448286,simple_ring,True,4.0471000011166325,0.1418999945599353,0.6779999985155882,0.5184999918128597,1,0,0,0.0,0,0,0.0,0.0,0.0,0.0,0.0,0,0,0,0.0,0.0,0.0,0.0,0,False,,,0,0.0,False,"(0, -1)",6.57140890728527,6.7737936352911055,6.7737936352911055,12,True,187,57,2.0,2.7865434237367963,0.6982758620689655,0.9624220870378821,0.5488813687780154,0.3191215807497452,1.3989019759371815,0.0560660657405576,0.30339905136037876,False,0.08641975308641975,0.0,0,False,,0
188,marine_knownmap_path_v2_infosampled,ucb,0.0,False,mode_not_conditional,0.0,0.0,1.0,False,SEARCH,"(32, 26)","(35, 26)","(35, 26)","(34, 30)",search_info,"(34, 30)",1,0.0,0.0,simple_ring_priority,False,,1,4,adaptive_knownmap_soft,4,7,7,7,0.42857142857142855,32,46.5407085,1.0,3.445617378580215,0.8008076805644203,0.6686111111111109,0.17189681764555295,49.98632587858022,1.0,0.6686111111111109,0.17189681764555295,7.25,0.2,0.0,4.0,6.857142857142857,False,0.0,soft_clearance_astar_v1,adaptive,1.0,49.98632587858022,1.0,7.25,0.2,0.0,0.0,0.0,6.5,0.3437936352911059,-0.06999999999999999,0.0,0.0,-0.0,1,0.0,0.0,True,0.565685424949238,0.0,0.0,0.008691513436031958,0.9913084865639681,24,24,24,6,0.8650264068705948,0.6928315037448286,simple_ring,True,4.0471000011166325,0.1418999945599353,0.6779999985155882,0.5184999918128597,1,0,0,0.0,0,0,0.0,0.0,0.0,0.0,0.0,0,0,0,0.0,0.0,0.0,0.0,0,False,,,0,0.0,False,"(0, -1)",6.57140890728527,6.7737936352911055,6.7737936352911055,12,True,188,58,2.0,2.8090398025987446,0.7028130671506352,0.9621763463231172,0.5486569028445819,0.3191215807497452,1.3989019759371815,0.0560660657405576,0.30339905136037876,False,0.12345679012345678,0.0,0,False,,0
189,marine_knownmap_path_v2_infosampled,ucb,0.0,False,mode_not_conditional,0.0,0.0,1.0,False,SEARCH,"(33, 26)","(35, 26)","(35, 26)","(34, 30)",search_info,"(34, 30)",1,0.0,0.0,simple_ring_priority,False,,0,4,adaptive_knownmap_soft,3,7,7,7,0.5714285714285714,32,46.5407085,1.0,3.445617378580215,0.8008076805644203,0.6686111111111109,0.17189681764555295,49.98632587858022,1.0,0.6686111111111109,0.17189681764555295,7.25,0.2,0.0,4.0,6.857142857142857,False,0.0,soft_clearance_astar_v1,adaptive,1.0,49.98632587858022,1.0,7.25,0.2,0.0,0.0,0.0,6.5,0.3437936352911059,-0.06999999999999999,0.0,0.0,-0.0,1,0.0,0.0,True,0.565685424949238,0.0,0.0,0.008691513436031958,0.9913084865639681,24,24,24,6,0.8650264068705948,0.6928315037448286,simple_ring,True,4.0471000011166325,0.1418999945599353,0.6779999985155882,0.5184999918128597,1,0,0,0.0,0,0,0.0,0.0,0.0,0.0,0.0,0,0,0,0.0,0.0,0.0,0.0,0,False,,,0,0.0,False,"(0, -1)",6.57140890728527,6.7737936352911055,6.7737936352911055,12,True,189,59,2.0,2.8344861782220097,0.707350272232305,0.9839850131158938,0.563635744956504,0.3191215807497452,1.3989019759371815,0.0560660657405576,0.30339905136037876,False,0.12345679012345678,0.0,0,False,,0
190,marine_knownmap_path_v2_infosampled,ucb,0.0,False,mode_not_conditional,0.0,0.0,1.0,False,SEARCH,"(33, 27)","(34, 34)","(33, 34)","(34, 30)",search_info,"(34, 30)",1,0.0,0.0,simple_ring_priority,True,commit_expired,4,4,adaptive_knownmap_soft,8,8,9,8,0.7142857142857143,33,38.38954824531249,1.0,2.804573017670569,0.8294186026053878,4.087245638777394,1.0,41.19412126298306,1.0,4.087245638777394,1.0,8.0,0.9655172413793104,0.0,6.0,6.0,False,0.0,soft_clearance_astar_v1,adaptive,1.0,41.19412126298306,1.0,8.0,0.9655172413793104,0.0,0.0,0.0,6.5,2.0,-0.33793103448275863,0.0,0.0,-0.0,0,0.0,0.0,True,1.0,0.0,0.0,0.04975618797268967,0.9502438120273103,24,24,24,5,0.7892524832628909,0.9261388287263917,simple_ring,True,4.155900000114343,0.13220000255387276,0.6719000011798926,0.4752000040753046,1,0,0,0.0,0,0,0.0,0.0,0.0,0.0,0.0,0,0,0,0.0,0.0,0.0,0.0,0,False,,,0,0.0,False,"(0, 1)",1.873331208231157,8.162068965517241,8.162068965517241,12,True,190,60,2.0,2.8518486597322057,0.7091651542649727,0.8907212210299638,0.5047819913816193,0.4414181748918492,1.5517727186148114,0.11738863994421683,0.3869463531532547,False,0.04938271604938271,0.0,0,False,,0
191,marine_knownmap_path_v2_infosampled,ucb,0.0,False,mode_not_conditional,0.0,0.0,1.0,False,SEARCH,"(33, 28)","(34, 34)","(33, 34)","(34, 30)",search_info,"(34, 30)",1,0.0,0.0,simple_ring_priority,False,,3,4,adaptive_knownmap_soft,7,8,9,8,0.125,33,38.38954824531249,1.0,2.804573017670569,0.8294186026053878,4.087245638777394,1.0,41.19412126298306,1.0,4.087245638777394,1.0,8.0,0.9655172413793104,0.0,6.0,6.0,False,0.0,soft_clearance_astar_v1,adaptive,1.0,41.19412126298306,1.0,8.0,0.9655172413793104,0.0,0.0,0.0,6.5,2.0,-0.33793103448275863,0.0,0.0,-0.0,0,0.0,0.0,True,1.0,0.0,0.0,0.04975618797268967,0.9502438120273103,24,24,24,5,0.7892524832628909,0.9261388287263917,simple_ring,True,4.155900000114343,0.13220000255387276,0.6719000011798926,0.4752000040753046,1,0,0,0.0,0,0,0.0,0.0,0.0,0.0,0.0,0,0,0,0.0,0.0,0.0,0.0,0,False,,,0,0.0,False,"(0, 1)",1.873331208231157,8.162068965517241,8.162068965517241,12,True,191,61,1.9999999999999996,2.8677009192310052,0.7118874773139746,0.897342833119134,0.509937136250335,0.4414181748918492,1.5517727186148114,0.11738863994421683,0.3869463531532547,False,0.09876543209876543,0.024691358024691357,0,False,,0
192,marine_knownmap_path_v2_infosampled,ucb,0.0,False,mode_not_conditional,0.0,0.0,1.0,False,SEARCH,"(33, 29)","(34, 34)","(33, 34)","(34, 30)",search_info,"(34, 30)",1,0.0,0.0,simple_ring_priority,False,,2,4,adaptive_knownmap_soft,6,8,9,8,0.25,33,38.38954824531249,1.0,2.804573017670569,0.8294186026053878,4.087245638777394,1.0,41.19412126298306,1.0,4.087245638777394,1.0,8.0,0.9655172413793104,0.0,6.0,6.0,False,0.0,soft_clearance_astar_v1,adaptive,1.0,41.19412126298306,1.0,8.0,0.9655172413793104,0.0,0.0,0.0,6.5,2.0,-0.33793103448275863,0.0,0.0,-0.0,0,0.0,0.0,True,1.0,0.0,0.0,0.04975618797268967,0.9502438120273103,24,24,24,5,0.7892524832628909,0.9261388287263917,simple_ring,True,4.155900000114343,0.13220000255387276,0.6719000011798926,0.4752000040753046,1,0,0,0.0,0,0,0.0,0.0,0.0,0.0,0.0,0,0,0,0.0,0.0,0.0,0.0,0,False,,,0,0.0,False,"(0, 1)",1.873331208231157,8.162068965517241,8.162068965517241,12,True,192,62,2.0000000000000004,2.8840467208130853,0.7146098003629764,0.9779376542580706,0.5452585164074041,0.4414181748918492,1.5517727186148114,0.11738863994421683,0.3869463531532547,False,0.12345679012345678,0.04938271604938271,0,False,,0
193,marine_knownmap_path_v2_infosampled,ucb,0.0,False,mode_not_conditional,0.0,0.0,1.0,False,SEARCH,"(33, 30)","(34, 34)","(33, 34)","(34, 30)",search_info,"(34, 30)",1,0.0,0.0,simple_ring_priority,False,,1,4,adaptive_knownmap_soft,5,8,9,8,0.375,33,38.38954824531249,1.0,2.804573017670569,0.8294186026053878,4.087245638777394,1.0,41.19412126298306,1.0,4.087245638777394,1.0,8.0,0.9655172413793104,0.0,6.0,6.0,False,0.0,soft_clearance_astar_v1,adaptive,1.0,41.19412126298306,1.0,8.0,0.9655172413793104,0.0,0.0,0.0,6.5,2.0,-0.33793103448275863,0.0,0.0,-0.0,0,0.0,0.0,True,1.0,0.0,0.0,0.04975618797268967,0.9502438120273103,24,24,24,5,0.7892524832628909,0.9261388287263917,simple_ring,True,4.155900000114343,0.13220000255387276,0.6719000011798926,0.4752000040753046,1,0,0,0.0,0,0,0.0,0.0,0.0,0.0,0.0,0,0,0,0.0,0.0,0.0,0.0,0,False,,,0,0.0,False,"(0, 1)",1.873331208231157,8.162068965517241,8.162068965517241,12,True,193,63,2.0,2.9013053278783985,0.7173321234119783,0.977877956695555,0.55274202894189,0.4414181748918492,1.5517727186148114,0.11738863994421683,0.3869463531532547,False,0.12345679012345678,0.04938271604938271,0,False,,0
194,marine_knownmap_path_v2_infosampled,ucb,0.0,False,mode_not_conditional,0.0,0.0,1.0,False,SEARCH,"(33, 31)","(34, 34)","(33, 34)","(34, 30)",search_info,"(34, 30)",1,0.0,0.0,simple_ring_priority,False,,0,4,adaptive_knownmap_soft,4,8,9,8,0.5,33,38.38954824531249,1.0,2.804573017670569,0.8294186026053878,4.087245638777394,1.0,41.19412126298306,1.0,4.087245638777394,1.0,8.0,0.9655172413793104,0.0,6.0,6.0,False,0.0,soft_clearance_astar_v1,adaptive,1.0,41.19412126298306,1.0,8.0,0.9655172413793104,0.0,0.0,0.0,6.5,2.0,-0.33793103448275863,0.0,0.0,-0.0,0,0.0,0.0,True,1.0,0.0,0.0,0.04975618797268967,0.9502438120273103,24,24,24,5,0.7892524832628909,0.9261388287263917,simple_ring,True,4.155900000114343,0.13220000255387276,0.6719000011798926,0.4752000040753046,1,0,0,0.0,0,0,0.0,0.0,0.0,0.0,0.0,0,0,0,0.0,0.0,0.0,0.0,0,False,,,0,0.0,False,"(0, 1)",1.873331208231157,8.162068965517241,8.162068965517241,12,True,194,64,2.0,2.9193958216019635,0.72005444646098,0.978604429064422,0.5398084350918362,0.4414181748918492,1.5517727186148114,0.11738863994421683,0.3869463531532547,False,0.13580246913580246,0.06172839506172839,0,False,,0
195,marine_knownmap_path_v2_infosampled,ucb,0.0,False,mode_not_conditional,0.0,0.0,1.0,False,SEARCH,"(33, 32)","(34, 45)","(33, 39)","(35, 49)",search_info,"(35, 49)",129,0.9772346960115372,0.8989989746468467,simple_ring_priority,True,commit_expired,4,4,adaptive_knownmap_soft,8,8,15,8,0.625,34,40.38954824531249,1.0,4.028151263003904,1.0,5.796035818663194,1.0,44.417699508316396,1.0,5.796035818663194,1.0,8.0,1.0,0.0,6.0,6.0,False,0.0,soft_clearance_astar_v1,adaptive,1.0,44.417699508316396,1.0,8.0,1.0,0.0,0.0,0.0,6.5,2.0,-0.35,0.0,0.0,-0.0,0,0.0,0.0,False,1.0,0.0,0.0,0.4824512119038225,0.5175487880961775,24,24,24,2,1.2948283654029074,0.981938978824032,simple_ring,True,4.150200000367477,0.12070000775565859,0.7017000007181196,0.5002999987482326,1,0,0,0.0,0,0,0.0,0.0,0.0,0.0,0.0,0,0,0,0.0,0.0,0.0,0.0,0,False,,,0,0.0,False,"(0, 1)",3.9204442373166173,8.15,8.15,13,True,195,65,2.0,2.9381381146898145,0.7227767695099818,0.9394200175047462,0.5451039719511033,0.5082362846263384,1.635295355782923,0.9510513752173598,0.31533033364514185,True,0.13580246913580246,0.06172839506172839,0,False,,0
196,marine_knownmap_path_v2_infosampled,ucb,0.0,False,mode_not_conditional,0.0,0.0,1.0,False,SEARCH,"(33, 33)","(34, 45)","(33, 39)","(35, 49)",search_info,"(35, 49)",129,0.9772346960115372,0.8989989746468467,simple_ring_priority,False,,3,4,adaptive_knownmap_soft,7,8,15,8,0.125,34,40.38954824531249,1.0,4.028151263003904,1.0,5.796035818663194,1.0,44.417699508316396,1.0,5.796035818663194,1.0,8.0,1.0,0.0,6.0,6.0,False,0.0,soft_clearance_astar_v1,adaptive,1.0,44.417699508316396,1.0,8.0,1.0,0.0,0.0,0.0,6.5,2.0,-0.35,0.0,0.0,-0.0,0,0.0,0.0,False,1.0,0.0,0.0,0.4824512119038225,0.5175487880961775,24,24,24,2,1.2948283654029074,0.981938978824032,simple_ring,True,4.150200000367477,0.12070000775565859,0.7017000007181196,0.5002999987482326,1,0,0,0.0,0,0,0.0,0.0,0.0,0.0,0.0,0,0,0,0.0,0.0,0.0,0.0,0,False,,,0,0.0,False,"(0, 1)",3.9204442373166173,8.15,8.15,13,True,196,66,1.9999999999999996,2.9573792775453565,0.7254990925589837,0.9888950265023592,0.5685639318551693,0.5082362846263384,1.635295355782923,0.9510513752173598,0.31533033364514185,True,0.13580246913580246,0.06172839506172839,0,False,,0
197,marine_knownmap_path_v2_infosampled,ucb,0.0,False,mode_not_conditional,0.0,0.0,1.0,False,SEARCH,"(33, 34)","(34, 45)","(33, 39)","(35, 49)",search_info,"(35, 49)",129,0.9772346960115372,0.8989989746468467,simple_ring_priority,False,,2,4,adaptive_knownmap_soft,6,8,15,8,0.25,34,40.38954824531249,1.0,4.028151263003904,1.0,5.796035818663194,1.0,44.417699508316396,1.0,5.796035818663194,1.0,8.0,1.0,0.0,6.0,6.0,False,0.0,soft_clearance_astar_v1,adaptive,1.0,44.417699508316396,1.0,8.0,1.0,0.0,0.0,0.0,6.5,2.0,-0.35,0.0,0.0,-0.0,0,0.0,0.0,False,1.0,0.0,0.0,0.4824512119038225,0.5175487880961775,24,24,24,2,1.2948283654029074,0.981938978824032,simple_ring,True,4.150200000367477,0.12070000775565859,0.7017000007181196,0.5002999987482326,1,0,0,0.0,0,0,0.0,0.0,0.0,0.0,0.0,0,0,0,0.0,0.0,0.0,0.0,0,False,,,0,0.0,False,"(0, 1)",3.9204442373166173,8.15,8.15,13,True,197,67,1.9999999999999996,2.977020906660504,0.7282214156079855,0.9907353788747333,0.5655542660318187,0.5082362846263384,1.635295355782923,0.9510513752173598,0.31533033364514185,True,0.13580246913580246,0.06172839506172839,0,False,,0
198,marine_knownmap_path_v2_infosampled,ucb,0.0,False,mode_not_conditional,0.0,0.0,1.0,False,SEARCH,"(33, 35)","(34, 45)","(33, 39)","(35, 49)",search_info,"(35, 49)",129,0.9772346960115372,0.8989989746468467,simple_ring_priority,False,,1,4,adaptive_knownmap_soft,5,8,15,8,0.375,34,40.38954824531249,1.0,4.028151263003904,1.0,5.796035818663194,1.0,44.417699508316396,1.0,5.796035818663194,1.0,8.0,1.0,0.0,6.0,6.0,False,0.0,soft_clearance_astar_v1,adaptive,1.0,44.417699508316396,1.0,8.0,1.0,0.0,0.0,0.0,6.5,2.0,-0.35,0.0,0.0,-0.0,0,0.0,0.0,False,1.0,0.0,0.0,0.4824512119038225,0.5175487880961775,24,24,24,2,1.2948283654029074,0.981938978824032,simple_ring,True,4.150200000367477,0.12070000775565859,0.7017000007181196,0.5002999987482326,1,0,0,0.0,0,0,0.0,0.0,0.0,0.0,0.0,0,0,0,0.0,0.0,0.0,0.0,0,False,,,0,0.0,False,"(0, 1)",3.9204442373166173,8.15,8.15,13,True,198,68,2.0000000000000004,2.997016511930265,0.7309437386569873,0.9850935736701751,0.5692015644235634,0.5082362846263384,1.635295355782923,0.9510513752173598,0.31533033364514185,True,0.13580246913580246,0.06172839506172839,0,False,,0
199,marine_knownmap_path_v2_infosampled,ucb,0.0,False,mode_not_conditional,0.0,0.0,1.0,False,SEARCH,"(33, 36)","(34, 45)","(33, 39)","(35, 49)",search_info,"(35, 49)",129,0.9772346960115372,0.8989989746468467,simple_ring_priority,False,,0,4,adaptive_knownmap_soft,4,8,15,8,0.5,34,40.38954824531249,1.0,4.028151263003904,1.0,5.796035818663194,1.0,44.417699508316396,1.0,5.796035818663194,1.0,8.0,1.0,0.0,6.0,6.0,False,0.0,soft_clearance_astar_v1,adaptive,1.0,44.417699508316396,1.0,8.0,1.0,0.0,0.0,0.0,6.5,2.0,-0.35,0.0,0.0,-0.0,0,0.0,0.0,False,1.0,0.0,0.0,0.4824512119038225,0.5175487880961775,24,24,24,2,1.2948283654029074,0.981938978824032,simple_ring,True,4.150200000367477,0.12070000775565859,0.7017000007181196,0.5002999987482326,1,0,0,0.0,0,0,0.0,0.0,0.0,0.0,0.0,0,0,0,0.0,0.0,0.0,0.0,0,False,,,0,0.0,False,"(0, 1)",3.9204442373166173,8.15,8.15,13,True,199,69,1.9999999999999998,3.0173633929364247,0.7336660617059891,0.8933946239360888,0.5037858610918942,0.5082362846263384,1.635295355782923,0.9510513752173598,0.31533033364514185,True,0.13580246913580246,0.06172839506172839,0,False,,0
200,marine_knownmap_path_v2_infosampled,ucb,0.0,False,mode_not_conditional,0.0,0.0,1.0,False,SEARCH,"(33, 37)","(34, 45)","(33, 44)","(35, 49)",current_viewpoint,"(35, 49)",1,0.0,0.0,current_viewpoint,True,commit_expired,4,4,adaptive_knownmap_soft,8,8,10,8,0.625,34,42.59675836953124,1.0,4.298784595510292,1.0,5.798258040885416,1.0,46.89554296504153,1.0,5.798258040885416,1.0,8.0,0.0,0.0,6.0,6.0,False,0.0,soft_clearance_astar_v1,adaptive,1.0,46.89554296504153,1.0,8.0,0.0,0.0,0.0,0.0,6.5,2.0,-0.0,0.0,0.0,-0.0,0,0.0,0.0,False,0.0,0.0,0.0,0.4604457026678118,0.5395542973321882,0,0,0,0,0.0,0.0,current_viewpoint,True,4.2465000005904585,0.12260000403330196,0.6655999986833194,0.5327000035322271,1,0,0,0.0,0,0,0.0,0.0,0.0,0.0,0.0,0,0,0,0.0,0.0,0.0,0.0,0,False,,,0,0.0,False,"(0, 1)",8.5,8.5,8.5,14,False,199,70,2.0,3.0380964530997954,0.7363883847549909,0.9468464926095784,0.5370193665217745,0.5243328969208731,1.6554161211510914,0.6670880904423858,0.31602440239958923,True,0.13580246913580246,0.06172839506172839,0,False,,0
201,marine_knownmap_path_v2_infosampled,ucb,0.0,False,mode_not_conditional,0.0,0.0,1.0,False,SEARCH,"(33, 38)","(34, 45)","(33, 44)","(35, 49)",current_viewpoint,"(35, 49)",1,0.0,0.0,current_viewpoint,False,,3,4,adaptive_knownmap_soft,7,8,10,8,0.125,34,42.59675836953124,1.0,4.298784595510292,1.0,5.798258040885416,1.0,46.89554296504153,1.0,5.798258040885416,1.0,8.0,0.0,0.0,6.0,6.0,False,0.0,soft_clearance_astar_v1,adaptive,1.0,46.89554296504153,1.0,8.0,0.0,0.0,0.0,0.0,6.5,2.0,-0.0,0.0,0.0,-0.0,0,0.0,0.0,False,0.0,0.0,0.0,0.4604457026678118,0.5395542973321882,0,0,0,0,0.0,0.0,current_viewpoint,True,4.2465000005904585,0.12260000403330196,0.6655999986833194,0.5327000035322271,1,0,0,0.0,0,0,0.0,0.0,0.0,0.0,0.0,0,0,0,0.0,0.0,0.0,0.0,0,False,,,0,0.0,False,"(0, 1)",8.5,8.5,8.5,14,False,199,71,2.0,3.0592846978323758,0.7391107078039928,1.0,0.5101247423115043,0.5243328969208731,1.6554161211510914,0.6670880904423858,0.31602440239958923,True,0.13580246913580246,0.06172839506172839,0,False,,0
202,marine_knownmap_path_v2_infosampled,ucb,0.0,False,mode_not_conditional,0.0,0.0,1.0,False,SEARCH,"(33, 39)","(34, 45)","(33, 44)","(35, 49)",current_viewpoint,"(35, 49)",1,0.0,0.0,current_viewpoint,False,,2,4,adaptive_knownmap_soft,6,8,10,8,0.25,34,42.59675836953124,1.0,4.298784595510292,1.0,5.798258040885416,1.0,46.89554296504153,1.0,5.798258040885416,1.0,8.0,0.0,0.0,6.0,6.0,False,0.0,soft_clearance_astar_v1,adaptive,1.0,46.89554296504153,1.0,8.0,0.0,0.0,0.0,0.0,6.5,2.0,-0.0,0.0,0.0,-0.0,0,0.0,0.0,False,0.0,0.0,0.0,0.4604457026678118,0.5395542973321882,0,0,0,0,0.0,0.0,current_viewpoint,True,4.2465000005904585,0.12260000403330196,0.6655999986833194,0.5327000035322271,1,0,0,0.0,0,0,0.0,0.0,0.0,0.0,0.0,0,0,0,0.0,0.0,0.0,0.0,0,False,,,0,0.0,False,"(0, 1)",8.5,8.5,8.5,14,False,199,72,2.0000000000000004,3.081028959507976,0.7418330308529946,0.9985469104592202,0.4528961913035802,0.5243328969208731,1.6554161211510914,0.6670880904423858,0.31602440239958923,True,0.13580246913580246,0.06172839506172839,0,False,,0
203,marine_knownmap_path_v2_infosampled,ucb,0.0,False,mode_not_conditional,0.0,0.0,1.0,False,SEARCH,"(33, 40)","(34, 45)","(33, 44)","(35, 49)",current_viewpoint,"(35, 49)",1,0.0,0.0,current_viewpoint,False,,1,4,adaptive_knownmap_soft,5,8,10,8,0.375,34,42.59675836953124,1.0,4.298784595510292,1.0,5.798258040885416,1.0,46.89554296504153,1.0,5.798258040885416,1.0,8.0,0.0,0.0,6.0,6.0,False,0.0,soft_clearance_astar_v1,adaptive,1.0,46.89554296504153,1.0,8.0,0.0,0.0,0.0,0.0,6.5,2.0,-0.0,0.0,0.0,-0.0,0,0.0,0.0,False,0.0,0.0,0.0,0.4604457026678118,0.5395542973321882,0,0,0,0,0.0,0.0,current_viewpoint,True,4.2465000005904585,0.12260000403330196,0.6655999986833194,0.5327000035322271,1,0,0,0.0,0,0,0.0,0.0,0.0,0.0,0.0,0,0,0,0.0,0.0,0.0,0.0,0,False,,,0,0.0,False,"(0, 1)",8.5,8.5,8.5,14,False,199,73,1.9999999999999998,3.1034591827242375,0.7445553539019963,0.9877743265722081,0.49148242550925,0.5243328969208731,1.6554161211510914,0.6670880904423858,0.31602440239958923,True,0.13580246913580246,0.06172839506172839,0,False,,0
204,marine_knownmap_path_v2_infosampled,ucb,0.0,False,mode_not_conditional,0.0,0.0,1.0,False,SEARCH,"(33, 41)","(34, 45)","(33, 44)","(35, 49)",current_viewpoint,"(35, 49)",1,0.0,0.0,current_viewpoint,False,,0,4,adaptive_knownmap_soft,4,8,10,8,0.5,34,42.59675836953124,1.0,4.298784595510292,1.0,5.798258040885416,1.0,46.89554296504153,1.0,5.798258040885416,1.0,8.0,0.0,0.0,6.0,6.0,False,0.0,soft_clearance_astar_v1,adaptive,1.0,46.89554296504153,1.0,8.0,0.0,0.0,0.0,0.0,6.5,2.0,-0.0,0.0,0.0,-0.0,0,0.0,0.0,False,0.0,0.0,0.0,0.4604457026678118,0.5395542973321882,0,0,0,0,0.0,0.0,current_viewpoint,True,4.2465000005904585,0.12260000403330196,0.6655999986833194,0.5327000035322271,1,0,0,0.0,0,0,0.0,0.0,0.0,0.0,0.0,0,0,0,0.0,0.0,0.0,0.0,0,False,,,0,0.0,False,"(0, 1)",8.5,8.5,8.5,14,False,199,74,2.0,3.1267302044970107,0.7472776769509982,0.9975054975635507,0.47931292759240535,0.5243328969208731,1.6554161211510914,0.6670880904423858,0.31602440239958923,True,0.13580246913580246,0.06172839506172839,0,False,,0
205,marine_knownmap_path_v2_infosampled,ucb,0.0,False,mode_not_conditional,0.0,0.0,1.0,False,SEARCH,"(33, 42)","(33, 52)","(33, 49)","(35, 49)",fallback_local,"(35, 49)",1,0.0,0.0,simple_ring_priority,True,commit_expired,4,4,adaptive_knownmap_soft,8,8,11,8,0.625,35,54.72028466406249,1.0,5.198142181228416,0.9644644847570287,5.785645428272804,1.0,59.91842684529091,1.0,5.785645428272804,1.0,8.0,0.9166666666666666,0.0,6.0,6.0,False,0.0,soft_clearance_astar_v1,adaptive,1.0,59.91842684529091,1.0,8.0,0.9166666666666666,0.0,0.0,0.0,6.5,2.0,-0.3208333333333333,0.0,0.0,-0.0,0,0.0,0.0,False,1.0,0.0,0.0,0.5215277939152766,0.4784722060847234,24,24,24,1,1.54488053921724,1.0,simple_ring,True,4.603999999744701,0.11199999789823778,0.6374999993568053,0.4852999973081751,1,0,0,0.0,0,0,0.0,0.0,0.0,0.0,0.0,0,0,0,0.0,0.0,0.0,0.0,0,False,,,0,0.0,False,"(0, 1)",3.574382338362706,8.179166666666667,8.179166666666667,15,False,199,75,1.9999999999999998,3.151656765491733,0.7504537205081669,1.0,0.3320758236917227,0.5538437771772214,1.6923047214715268,1.0666971675761319,0.4849667209634384,True,0.13580246913580246,0.04938271604938271,0,False,,0
206,marine_knownmap_path_v2_infosampled,ucb,0.0,False,mode_not_conditional,0.0,0.0,1.0,False,SEARCH,"(33, 43)","(33, 52)","(33, 49)","(35, 49)",fallback_local,"(35, 49)",1,0.0,0.0,simple_ring_priority,False,,3,4,adaptive_knownmap_soft,7,8,11,8,0.125,35,54.72028466406249,1.0,5.198142181228416,0.9644644847570287,5.785645428272804,1.0,59.91842684529091,1.0,5.785645428272804,1.0,8.0,0.9166666666666666,0.0,6.0,6.0,False,0.0,soft_clearance_astar_v1,adaptive,1.0,59.91842684529091,1.0,8.0,0.9166666666666666,0.0,0.0,0.0,6.5,2.0,-0.3208333333333333,0.0,0.0,-0.0,0,0.0,0.0,False,1.0,0.0,0.0,0.5215277939152766,0.4784722060847234,24,24,24,1,1.54488053921724,1.0,simple_ring,True,4.603999999744701,0.11199999789823778,0.6374999993568053,0.4852999973081751,1,0,0,0.0,0,0,0.0,0.0,0.0,0.0,0.0,0,0,0,0.0,0.0,0.0,0.0,0,False,,,0,0.0,False,"(0, 1)",3.574382338362706,8.179166666666667,8.179166666666667,15,False,199,76,2.0,3.178195576079067,0.7536297640653358,1.0,0.32029909559251235,0.5538437771772214,1.6923047214715268,1.0666971675761319,0.4849667209634384,True,0.13580246913580246,0.04938271604938271,0,False,,0
207,marine_knownmap_path_v2_infosampled,ucb,0.0,False,mode_not_conditional,0.0,0.0,1.0,False,SEARCH,"(33, 44)","(33, 52)","(33, 49)","(35, 49)",fallback_local,"(35, 49)",1,0.0,0.0,simple_ring_priority,False,,2,4,adaptive_knownmap_soft,6,8,11,8,0.25,35,54.72028466406249,1.0,5.198142181228416,0.9644644847570287,5.785645428272804,1.0,59.91842684529091,1.0,5.785645428272804,1.0,8.0,0.9166666666666666,0.0,6.0,6.0,False,0.0,soft_clearance_astar_v1,adaptive,1.0,59.91842684529091,1.0,8.0,0.9166666666666666,0.0,0.0,0.0,6.5,2.0,-0.3208333333333333,0.0,0.0,-0.0,0,0.0,0.0,False,1.0,0.0,0.0,0.5215277939152766,0.4784722060847234,24,24,24,1,1.54488053921724,1.0,simple_ring,True,4.603999999744701,0.11199999789823778,0.6374999993568053,0.4852999973081751,1,0,0,0.0,0,0,0.0,0.0,0.0,0.0,0.0,0,0,0,0.0,0.0,0.0,0.0,0,False,,,0,0.0,False,"(0, 1)",3.574382338362706,8.179166666666667,8.179166666666667,15,False,199,77,2.0,3.2061929357705474,0.7568058076225045,1.0,0.38743527149720003,0.5538437771772214,1.6923047214715268,1.0666971675761319,0.4849667209634384,True,0.13580246913580246,0.04938271604938271,0,False,,0
208,marine_knownmap_path_v2_infosampled,ucb,0.0,False,mode_not_conditional,0.0,0.0,1.0,False,SEARCH,"(33, 45)","(33, 52)","(33, 49)","(35, 49)",fallback_local,"(35, 49)",1,0.0,0.0,simple_ring_priority,False,,1,4,adaptive_knownmap_soft,5,8,11,8,0.375,35,54.72028466406249,1.0,5.198142181228416,0.9644644847570287,5.785645428272804,1.0,59.91842684529091,1.0,5.785645428272804,1.0,8.0,0.9166666666666666,0.0,6.0,6.0,False,0.0,soft_clearance_astar_v1,adaptive,1.0,59.91842684529091,1.0,8.0,0.9166666666666666,0.0,0.0,0.0,6.5,2.0,-0.3208333333333333,0.0,0.0,-0.0,0,0.0,0.0,False,1.0,0.0,0.0,0.5215277939152766,0.4784722060847234,24,24,24,1,1.54488053921724,1.0,simple_ring,True,4.603999999744701,0.11199999789823778,0.6374999993568053,0.4852999973081751,1,0,0,0.0,0,0,0.0,0.0,0.0,0.0,0.0,0,0,0,0.0,0.0,0.0,0.0,0,False,,,0,0.0,False,"(0, 1)",3.574382338362706,8.179166666666667,8.179166666666667,15,False,199,78,2.0,3.235832726501557,0.7604355716878403,1.0,0.26763813989215773,0.5538437771772214,1.6923047214715268,1.0666971675761319,0.4849667209634384,True,0.13580246913580246,0.037037037037037035,0,False,,0
209,marine_knownmap_path_v2_infosampled,ucb,0.0,False,mode_not_conditional,0.0,0.0,1.0,False,SEARCH,"(33, 46)","(33, 52)","(33, 49)","(35, 49)",fallback_local,"(35, 49)",1,0.0,0.0,simple_ring_priority,False,,0,4,adaptive_knownmap_soft,4,8,11,8,0.5,35,54.72028466406249,1.0,5.198142181228416,0.9644644847570287,5.785645428272804,1.0,59.91842684529091,1.0,5.785645428272804,1.0,8.0,0.9166666666666666,0.0,6.0,6.0,False,0.0,soft_clearance_astar_v1,adaptive,1.0,59.91842684529091,1.0,8.0,0.9166666666666666,0.0,0.0,0.0,6.5,2.0,-0.3208333333333333,0.0,0.0,-0.0,0,0.0,0.0,False,1.0,0.0,0.0,0.5215277939152766,0.4784722060847234,24,24,24,1,1.54488053921724,1.0,simple_ring,True,4.603999999744701,0.11199999789823778,0.6374999993568053,0.4852999973081751,1,0,0,0.0,0,0,0.0,0.0,0.0,0.0,0.0,0,0,0,0.0,0.0,0.0,0.0,0,False,,,0,0.0,False,"(0, 1)",3.574382338362706,8.179166666666667,8.179166666666667,15,False,199,79,1.9999999999999996,3.2672854132397577,0.764519056261343,1.0,0.2686016695390509,0.5538437771772214,1.6923047214715268,1.0666971675761319,0.4849667209634384,True,0.13580246913580246,0.024691358024691357,0,False,,0
210,marine_knownmap_path_v2_infosampled,ucb,0.0,False,mode_not_conditional,0.0,0.0,1.0,False,SEARCH,"(33, 47)","(34, 53)","(34, 53)","(35, 49)",fallback_local,"(35, 49)",1,0.0,0.0,simple_ring_priority,True,commit_expired,4,4,adaptive_knownmap_soft,8,8,8,8,0.625,36,62.60931915234374,1.0,6.113548654859036,0.9866043424348837,4.325939965277778,0.4059321411087699,68.72286780720277,1.0,4.325939965277778,0.4059321411087699,8.25,1.0,0.0,5.0,5.875,False,0.0,soft_clearance_astar_v1,adaptive,1.0,68.72286780720277,1.0,8.25,1.0,0.0,0.0,0.0,6.5,0.8118642822175398,-0.35,0.0,0.0,-0.0,1,0.0,0.0,False,0.282842712474619,0.0,0.0,0.653358658112334,0.34664134188766604,24,24,24,1,1.6478048702289723,1.0,simple_ring,True,4.31149999894842,0.06040000153006986,0.4332999997131992,0.3665999975055456,1,0,0,0.0,0,0,0.0,0.0,0.0,0.0,0.0,0,0,0,0.0,0.0,0.0,0.0,0,False,,,0,0.0,False,"(0, 1)",3.259359330568613,6.96186428221754,6.96186428221754,16,False,199,80,2.0,3.3007003570760887,0.7686025408348457,1.0,0.2574126168351211,1.0,2.25,7.8079786629933725,0.7973879863345582,True,0.13580246913580246,0.024691358024691357,0,False,,0
211,marine_knownmap_path_v2_infosampled,ucb,0.0,False,mode_not_conditional,0.0,0.0,1.0,False,SEARCH,"(33, 48)","(34, 53)","(34, 53)","(35, 49)",fallback_local,"(35, 49)",1,0.0,0.0,simple_ring_priority,False,,3,4,adaptive_knownmap_soft,7,8,8,8,0.125,36,62.60931915234374,1.0,6.113548654859036,0.9866043424348837,4.325939965277778,0.4059321411087699,68.72286780720277,1.0,4.325939965277778,0.4059321411087699,8.25,1.0,0.0,5.0,5.875,False,0.0,soft_clearance_astar_v1,adaptive,1.0,68.72286780720277,1.0,8.25,1.0,0.0,0.0,0.0,6.5,0.8118642822175398,-0.35,0.0,0.0,-0.0,1,0.0,0.0,False,0.282842712474619,0.0,0.0,0.653358658112334,0.34664134188766604,24,24,24,1,1.6478048702289723,1.0,simple_ring,True,4.31149999894842,0.06040000153006986,0.4332999997131992,0.3665999975055456,1,0,0,0.0,0,0,0.0,0.0,0.0,0.0,0.0,0,0,0,0.0,0.0,0.0,0.0,0,False,,,0,0.0,False,"(0, 1)",3.259359330568613,6.96186428221754,6.96186428221754,16,False,199,81,1.9999999999999998,3.336198541578559,0.7726860254083484,1.0,0.27248461729723067,1.0,2.25,7.8079786629933725,0.7973879863345582,True,0.13580246913580246,0.024691358024691357,0,False,,0
212,marine_knownmap_path_v2_infosampled,ucb,0.0,False,mode_not_conditional,0.0,0.0,1.0,False,SEARCH,"(33, 49)","(34, 53)","(34, 53)","(35, 49)",fallback_local,"(35, 49)",1,0.0,0.0,simple_ring_priority,False,,2,4,adaptive_knownmap_soft,6,8,8,8,0.25,36,62.60931915234374,1.0,6.113548654859036,0.9866043424348837,4.325939965277778,0.4059321411087699,68.72286780720277,1.0,4.325939965277778,0.4059321411087699,8.25,1.0,0.0,5.0,5.875,False,0.0,soft_clearance_astar_v1,adaptive,1.0,68.72286780720277,1.0,8.25,1.0,0.0,0.0,0.0,6.5,0.8118642822175398,-0.35,0.0,0.0,-0.0,1,0.0,0.0,False,0.282842712474619,0.0,0.0,0.653358658112334,0.34664134188766604,24,24,24,1,1.6478048702289723,1.0,simple_ring,True,4.31149999894842,0.06040000153006986,0.4332999997131992,0.3665999975055456,1,0,0,0.0,0,0,0.0,0.0,0.0,0.0,0.0,0,0,0,0.0,0.0,0.0,0.0,0,False,,,0,0.0,False,"(0, 1)",3.259359330568613,6.96186428221754,6.96186428221754,16,False,199,82,1.9999999999999996,3.37386559168635,0.7772232304900182,1.0,0.274227922496218,1.0,2.25,7.8079786629933725,0.7973879863345582,True,0.13580246913580246,0.012345679012345678,0,False,,0
213,marine_knownmap_path_v2_infosampled,ucb,0.0,False,mode_not_conditional,0.0,0.0,1.0,False,SEARCH,"(33, 50)","(34, 53)","(34, 53)","(35, 49)",fallback_local,"(35, 49)",1,0.0,0.0,simple_ring_priority,False,,1,4,adaptive_knownmap_soft,5,8,8,8,0.375,36,62.60931915234374,1.0,6.113548654859036,0.9866043424348837,4.325939965277778,0.4059321411087699,68.72286780720277,1.0,4.325939965277778,0.4059321411087699,8.25,1.0,0.0,5.0,5.875,False,0.0,soft_clearance_astar_v1,adaptive,1.0,68.72286780720277,1.0,8.25,1.0,0.0,0.0,0.0,6.5,0.8118642822175398,-0.35,0.0,0.0,-0.0,1,0.0,0.0,False,0.282842712474619,0.0,0.0,0.653358658112334,0.34664134188766604,24,24,24,1,1.6478048702289723,1.0,simple_ring,True,4.31149999894842,0.06040000153006986,0.4332999997131992,0.3665999975055456,1,0,0,0.0,0,0,0.0,0.0,0.0,0.0,0.0,0,0,0,0.0,0.0,0.0,0.0,0,False,,,0,0.0,False,"(0, 1)",3.259359330568613,6.96186428221754,6.96186428221754,16,False,199,0,1.0,3.376790902223381,0.7817604355716878,0.95705276146056,0.3078256925139599,1.0,2.25,7.8079786629933725,0.7973879863345582,True,0.13580246913580246,0.012345679012345678,1,False,,0
214,marine_knownmap_path_v2_infosampled,ucb,0.0,False,mode_not_conditional,0.0,0.0,1.0,False,SEARCH,"(33, 51)","(34, 53)","(34, 53)","(35, 49)",fallback_local,"(35, 49)",1,0.0,0.0,simple_ring_priority,False,,0,4,adaptive_knownmap_soft,4,8,8,8,0.5,36,62.60931915234374,1.0,6.113548654859036,0.9866043424348837,4.325939965277778,0.4059321411087699,68.72286780720277,1.0,4.325939965277778,0.4059321411087699,8.25,1.0,0.0,5.0,5.875,False,0.0,soft_clearance_astar_v1,adaptive,1.0,68.72286780720277,1.0,8.25,1.0,0.0,0.0,0.0,6.5,0.8118642822175398,-0.35,0.0,0.0,-0.0,1,0.0,0.0,False,0.282842712474619,0.0,0.0,0.653358658112334,0.34664134188766604,24,24,24,1,1.6478048702289723,1.0,simple_ring,True,4.31149999894842,0.06040000153006986,0.4332999997131992,0.3665999975055456,1,0,0,0.0,0,0,0.0,0.0,0.0,0.0,0.0,0,0,0,0.0,0.0,0.0,0.0,0,False,,,0,0.0,False,"(0, 1)",3.259359330568613,6.96186428221754,6.96186428221754,16,False,199,1,1.0,3.435772842341253,0.7862976406533575,1.0,0.2851922002939082,1.0,2.25,7.8079786629933725,0.7973879863345582,True,0.13580246913580246,0.012345679012345678,0,False,,0
215,marine_knownmap_path_v2_infosampled,ucb,0.0,False,mode_not_conditional,0.0,0.0,1.0,False,SEARCH,"(32, 51)","(32, 55)","(32, 55)","(35, 57)",search_info,"(35, 57)",28,1.0,0.934707740016885,simple_ring_priority,True,commit_expired,4,4,adaptive_knownmap_soft,5,5,5,5,0.625,37,28.889525,0.7963877070102799,3.943930129494178,0.9419920842715052,1.1520695346320344,1.0,32.833455129494176,0.8138633003139512,1.1520695346320344,1.0,5.25,0.68,0.0,4.0,5.8,False,0.0,soft_clearance_astar_v1,adaptive,1.0,32.833455129494176,0.8138633003139512,5.25,0.68,0.0,0.0,0.0,5.290111452040683,2.0,-0.238,0.0,0.0,-0.0,1,0.0,0.0,False,0.565685424949238,0.0,0.0,0.5,0.5,24,24,24,5,1.4453950524904149,0.8244310539317957,simple_ring,True,4.13979999939329,0.03070000275329221,0.3766000008909032,0.3377999946678756,1,0,0,0.0,0,0,0.0,0.0,0.0,0.0,0.0,0,0,0,0.0,0.0,0.0,0.0,0,False,,,0,0.0,False,"(-1, 0)",3.967755501510196,7.052111452040682,7.052111452040682,17,True,200,2,1.0,3.468879784674867,0.7881125226860254,1.0,0.25934519217690694,1.0,2.25,2.0311123921978766,0.9009431689925331,True,0.07407407407407407,0.024691358024691357,0,False,,0
216,marine_knownmap_path_v2_infosampled,ucb,0.0,False,mode_not_conditional,0.0,0.0,1.0,False,SEARCH,"(32, 52)","(32, 55)","(32, 55)","(35, 57)",search_info,"(35, 57)",28,1.0,0.934707740016885,simple_ring_priority,False,,3,4,adaptive_knownmap_soft,4,5,5,5,0.2,37,28.889525,0.7963877070102799,3.943930129494178,0.9419920842715052,1.1520695346320344,1.0,32.833455129494176,0.8138633003139512,1.1520695346320344,1.0,5.25,0.68,0.0,4.0,5.8,False,0.0,soft_clearance_astar_v1,adaptive,1.0,32.833455129494176,0.8138633003139512,5.25,0.68,0.0,0.0,0.0,5.290111452040683,2.0,-0.238,0.0,0.0,-0.0,1,0.0,0.0,False,0.565685424949238,0.0,0.0,0.5,0.5,24,24,24,5,1.4453950524904149,0.8244310539317957,simple_ring,True,4.13979999939329,0.03070000275329221,0.3766000008909032,0.3377999946678756,1,0,0,0.0,0,0,0.0,0.0,0.0,0.0,0.0,0,0,0,0.0,0.0,0.0,0.0,0,False,,,0,0.0,False,"(-1, 0)",3.967755501510196,7.052111452040682,7.052111452040682,17,True,201,3,1.0,3.504977353279516,0.7912885662431942,1.0,0.2587448768442688,1.0,2.25,2.0311123921978766,0.9009431689925331,True,0.09876543209876543,0.012345679012345678,0,False,,0
217,marine_knownmap_path_v2_infosampled,ucb,0.0,False,mode_not_conditional,0.0,0.0,1.0,False,SEARCH,"(32, 53)","(32, 55)","(32, 55)","(35, 57)",search_info,"(35, 57)",28,1.0,0.934707740016885,simple_ring_priority,False,,2,4,adaptive_knownmap_soft,3,5,5,5,0.4,37,28.889525,0.7963877070102799,3.943930129494178,0.9419920842715052,1.1520695346320344,1.0,32.833455129494176,0.8138633003139512,1.1520695346320344,1.0,5.25,0.68,0.0,4.0,5.8,False,0.0,soft_clearance_astar_v1,adaptive,1.0,32.833455129494176,0.8138633003139512,5.25,0.68,0.0,0.0,0.0,5.290111452040683,2.0,-0.238,0.0,0.0,-0.0,1,0.0,0.0,False,0.565685424949238,0.0,0.0,0.5,0.5,24,24,24,5,1.4453950524904149,0.8244310539317957,simple_ring,True,4.13979999939329,0.03070000275329221,0.3766000008909032,0.3377999946678756,1,0,0,0.0,0,0,0.0,0.0,0.0,0.0,0.0,0,0,0,0.0,0.0,0.0,0.0,0,False,,,0,0.0,False,"(-1, 0)",3.967755501510196,7.052111452040682,7.052111452040682,17,True,202,4,1.0,3.5448719908156634,0.7953720508166969,1.0,0.288672307309192,1.0,2.25,2.0311123921978766,0.9009431689925331,True,0.12345679012345678,0.012345679012345678,0,False,,0
218,marine_knownmap_path_v2_infosampled,ucb,0.0,False,mode_not_conditional,0.0,0.0,1.0,False,SEARCH,"(32, 54)","(32, 55)","(32, 55)","(35, 57)",search_info,"(35, 57)",28,1.0,0.934707740016885,simple_ring_priority,False,,1,4,adaptive_knownmap_soft,2,5,5,5,0.6,37,28.889525,0.7963877070102799,3.943930129494178,0.9419920842715052,1.1520695346320344,1.0,32.833455129494176,0.8138633003139512,1.1520695346320344,1.0,5.25,0.68,0.0,4.0,5.8,False,0.0,soft_clearance_astar_v1,adaptive,1.0,32.833455129494176,0.8138633003139512,5.25,0.68,0.0,0.0,0.0,5.290111452040683,2.0,-0.238,0.0,0.0,-0.0,1,0.0,0.0,False,0.565685424949238,0.0,0.0,0.5,0.5,24,24,24,5,1.4453950524904149,0.8244310539317957,simple_ring,True,4.13979999939329,0.03070000275329221,0.3766000008909032,0.3377999946678756,1,0,0,0.0,0,0,0.0,0.0,0.0,0.0,0.0,0,0,0,0.0,0.0,0.0,0.0,0,False,,,0,0.0,False,"(-1, 0)",3.967755501510196,7.052111452040682,7.052111452040682,17,True,203,5,1.0,3.5841137112789405,0.7990018148820327,1.0,0.36616498504978273,1.0,2.25,2.0311123921978766,0.9009431689925331,True,0.1125,0.0125,0,False,,0
219,marine_knownmap_path_v2_infosampled,ucb,0.0,False,mode_not_conditional,0.0,0.0,1.0,False,SEARCH,"(32, 55)","(32, 55)","(32, 55)","(35, 57)",search_info,"(35, 57)",28,1.0,0.934707740016885,simple_ring_priority,False,,0,4,adaptive_knownmap_soft,1,5,5,5,0.8,37,28.889525,0.7963877070102799,3.943930129494178,0.9419920842715052,1.1520695346320344,1.0,32.833455129494176,0.8138633003139512,1.1520695346320344,1.0,5.25,0.68,0.0,4.0,5.8,False,0.0,soft_clearance_astar_v1,adaptive,1.0,32.833455129494176,0.8138633003139512,5.25,0.68,0.0,0.0,0.0,5.290111452040683,2.0,-0.238,0.0,0.0,-0.0,1,0.0,0.0,False,0.565685424949238,0.0,0.0,0.5,0.5,24,24,24,5,1.4453950524904149,0.8244310539317957,simple_ring,True,4.13979999939329,0.03070000275329221,0.3766000008909032,0.3377999946678756,1,0,0,0.0,0,0,0.0,0.0,0.0,0.0,0.0,0,0,0,0.0,0.0,0.0,0.0,0,False,,,0,0.0,False,"(-1, 0)",3.967755501510196,7.052111452040682,7.052111452040682,17,True,204,6,0.9999999999999998,3.611644473364002,0.8008166969147006,0.9760008407995802,0.3709216301751749,1.0,2.25,2.0311123921978766,0.9009431689925331,True,0.0547945205479452,0.0,0,False,,0
220,marine_knownmap_path_v2_infosampled,ucb,0.0,False,mode_not_conditional,0.0,0.0,1.0,False,SEARCH,"(33, 55)","(35, 55)","(35, 55)","(37, 57)",search_info,"(37, 57)",7,0.9418319327218234,0.8703854720779176,simple_ring_priority,True,commit_expired|segment_empty,4,4,adaptive_knownmap_soft,3,3,3,3,1.0,38,9.7,1.0,2.472554489998249,0.35090433347011807,0.4332035024154589,0.24690497441296413,12.172554489998248,0.911057459036096,0.4332035024154589,0.24690497441296413,3.0,0.23529411764705882,0.0,4.0,4.0,False,0.0,soft_clearance_astar_v1,adaptive,1.0,12.172554489998248,0.911057459036096,3.0,0.23529411764705882,0.0,0.0,0.0,5.9218734837346245,0.49380994882592827,-0.08235294117647059,0.0,0.0,-0.0,0,0.0,0.0,True,0.6,0.0,0.0,0.5308802798340438,0.4691197201659561,24,24,24,4,1.2887117531109182,0.8120125348153759,simple_ring,True,4.581900000630412,0.03300000025774352,0.29099999846948776,0.3760999989026459,1,0,0,0.0,0,0,0.0,0.0,0.0,0.0,0.0,0,0,0,0.0,0.0,0.0,0.0,0,False,,,0,0.0,False,"(1, 0)",0.0,6.333330491384083,6.333330491384083,17,True,205,7,0.9999999999999998,3.6328745898205344,0.8026315789473685,0.9159524160383785,0.3758161470490008,1.0,2.25,3.0139165944444537,0.8344233311317997,True,0.0547945205479452,0.0,0,False,,0
221,marine_knownmap_path_v2_infosampled,ucb,0.0,False,mode_not_conditional,0.0,0.0,1.0,False,SEARCH,"(34, 55)","(35, 55)","(35, 55)","(37, 57)",search_info,"(37, 57)",7,0.9418319327218234,0.8703854720779176,simple_ring_priority,False,,3,4,adaptive_knownmap_soft,2,3,3,3,0.3333333333333333,38,9.7,1.0,2.472554489998249,0.35090433347011807,0.4332035024154589,0.24690497441296413,12.172554489998248,0.911057459036096,0.4332035024154589,0.24690497441296413,3.0,0.23529411764705882,0.0,4.0,4.0,False,0.0,soft_clearance_astar_v1,adaptive,1.0,12.172554489998248,0.911057459036096,3.0,0.23529411764705882,0.0,0.0,0.0,5.9218734837346245,0.49380994882592827,-0.08235294117647059,0.0,0.0,-0.0,0,0.0,0.0,True,0.6,0.0,0.0,0.5308802798340438,0.4691197201659561,24,24,24,4,1.2887117531109182,0.8120125348153759,simple_ring,True,4.581900000630412,0.03300000025774352,0.29099999846948776,0.3760999989026459,1,0,0,0.0,0,0,0.0,0.0,0.0,0.0,0.0,0,0,0,0.0,0.0,0.0,0.0,0,False,,,0,0.0,False,"(1, 0)",0.0,6.333330491384083,6.333330491384083,17,True,206,8,1.0,3.651840080125594,0.8053539019963702,0.7278741128816242,0.38158085152279486,1.0,2.25,3.0139165944444537,0.8344233311317997,True,0.08333333333333333,0.0,0,False,,0
222,marine_knownmap_path_v2_infosampled,ucb,0.0,False,mode_not_conditional,0.0,0.0,1.0,False,SEARCH,"(35, 55)","(35, 55)","(35, 55)","(37, 57)",search_info,"(37, 57)",7,0.9418319327218234,0.8703854720779176,simple_ring_priority,False,,2,4,adaptive_knownmap_soft,1,3,3,3,0.6666666666666666,38,9.7,1.0,2.472554489998249,0.35090433347011807,0.4332035024154589,0.24690497441296413,12.172554489998248,0.911057459036096,0.4332035024154589,0.24690497441296413,3.0,0.23529411764705882,0.0,4.0,4.0,False,0.0,soft_clearance_astar_v1,adaptive,1.0,12.172554489998248,0.911057459036096,3.0,0.23529411764705882,0.0,0.0,0.0,5.9218734837346245,0.49380994882592827,-0.08235294117647059,0.0,0.0,-0.0,0,0.0,0.0,True,0.6,0.0,0.0,0.5308802798340438,0.4691197201659561,24,24,24,4,1.2887117531109182,0.8120125348153759,simple_ring,True,4.581900000630412,0.03300000025774352,0.29099999846948776,0.3760999989026459,1,0,0,0.0,0,0,0.0,0.0,0.0,0.0,0.0,0,0,0,0.0,0.0,0.0,0.0,0,False,,,0,0.0,False,"(1, 0)",0.0,6.333330491384083,6.333330491384083,17,True,207,9,1.0,3.6618032630719197,0.8053539019963702,0.7065965812943491,0.3592887140712269,1.0,2.25,3.0139165944444537,0.8344233311317997,True,0.015384615384615385,0.015384615384615385,0,False,,0
223,marine_knownmap_path_v2_infosampled,ucb,0.0,False,mode_not_conditional,0.0,0.0,1.0,False,SEARCH,"(34, 55)","(22, 54)","(27, 55)","(19, 51)",search_info,"(19, 51)",16,0.655872215693533,0.6250398777663504,simple_ring_priority,True,segment_empty,4,4,adaptive_knownmap_soft,8,8,14,8,1.0,39,10.938936826562498,1.0,2.3755213349578344,1.0,3.5283643327690966,1.0,13.314458161520333,1.0,3.5283643327690966,1.0,8.0,1.0,0.0,4.0,4.0,False,0.0,soft_clearance_astar_v1,adaptive,1.0,13.314458161520333,1.0,8.0,1.0,0.0,0.0,0.0,6.5,2.0,-0.35,0.0,2.0,-2.0,0,0.0,0.0,False,1.0,0.0,0.0,0.7549087253085632,0.2450912746914368,24,24,24,6,0.6095907305079563,0.898745765578271,simple_ring,True,4.586999999446562,0.12449999849195592,0.7072999997035367,0.7394999902317068,1,0,0,0.0,0,0,0.0,0.0,0.0,0.0,0.0,0,0,0,0.0,0.0,0.0,0.0,0,False,,,0,2.0,True,"(-1, 0)",0.0,6.15,6.15,18,True,208,10,0.9999999999999999,3.6640678857524525,0.8053539019963702,0.6952507528261629,0.3520303484608041,0.6024627968662312,1.753078496082789,1.3089169319416356,0.6549967059969128,True,0.0,0.0,0,False,,0
224,marine_knownmap_path_v2_infosampled,ucb,0.0,False,mode_not_conditional,0.0,0.0,1.0,False,SEARCH,"(33, 55)","(22, 54)","(27, 55)","(19, 51)",search_info,"(19, 51)",16,0.655872215693533,0.6250398777663504,simple_ring_priority,False,,3,4,adaptive_knownmap_soft,7,8,14,8,0.125,39,10.938936826562498,1.0,2.3755213349578344,1.0,3.5283643327690966,1.0,13.314458161520333,1.0,3.5283643327690966,1.0,8.0,1.0,0.0,4.0,4.0,False,0.0,soft_clearance_astar_v1,adaptive,1.0,13.314458161520333,1.0,8.0,1.0,0.0,0.0,0.0,6.5,2.0,-0.35,0.0,2.0,-2.0,0,0.0,0.0,False,1.0,0.0,0.0,0.7549087253085632,0.2450912746914368,24,24,24,6,0.6095907305079563,0.898745765578271,simple_ring,True,4.586999999446562,0.12449999849195592,0.7072999997035367,0.7394999902317068,1,0,0,0.0,0,0,0.0,0.0,0.0,0.0,0.0,0,0,0,0.0,0.0,0.0,0.0,0,False,,,0,2.0,True,"(-1, 0)",0.0,6.15,6.15,18,True,209,11,1.0,3.664793938085625,0.8053539019963702,0.7065803497226331,0.35961876122195685,0.6024627968662312,1.753078496082789,1.3089169319416356,0.6549967059969128,True,0.0,0.0,0,False,,0
225,marine_knownmap_path_v2_infosampled,ucb,0.0,False,mode_not_conditional,0.0,0.0,1.0,False,SEARCH,"(32, 55)","(22, 54)","(27, 55)","(19, 51)",search_info,"(19, 51)",16,0.655872215693533,0.6250398777663504,simple_ring_priority,False,,2,4,adaptive_knownmap_soft,6,8,14,8,0.25,39,10.938936826562498,1.0,2.3755213349578344,1.0,3.5283643327690966,1.0,13.314458161520333,1.0,3.5283643327690966,1.0,8.0,1.0,0.0,4.0,4.0,False,0.0,soft_clearance_astar_v1,adaptive,1.0,13.314458161520333,1.0,8.0,1.0,0.0,0.0,0.0,6.5,2.0,-0.35,0.0,2.0,-2.0,0,0.0,0.0,False,1.0,0.0,0.0,0.7549087253085632,0.2450912746914368,24,24,24,6,0.6095907305079563,0.898745765578271,simple_ring,True,4.586999999446562,0.12449999849195592,0.7072999997035367,0.7394999902317068,1,0,0,0.0,0,0,0.0,0.0,0.0,0.0,0.0,0,0,0,0.0,0.0,0.0,0.0,0,False,,,0,2.0,True,"(-1, 0)",0.0,6.15,6.15,18,True,210,12,1.0,3.6677804631974267,0.8053539019963702,0.6791559534785656,0.33624567094532753,0.6024627968662312,1.753078496082789,1.3089169319416356,0.6549967059969128,True,0.0,0.0,0,False,,0
226,marine_knownmap_path_v2_infosampled,ucb,0.0,False,mode_not_conditional,0.0,0.0,1.0,False,SEARCH,"(31, 55)","(22, 54)","(27, 55)","(19, 51)",search_info,"(19, 51)",16,0.655872215693533,0.6250398777663504,simple_ring_priority,False,,1,4,adaptive_knownmap_soft,5,8,14,8,0.375,39,10.938936826562498,1.0,2.3755213349578344,1.0,3.5283643327690966,1.0,13.314458161520333,1.0,3.5283643327690966,1.0,8.0,1.0,0.0,4.0,4.0,False,0.0,soft_clearance_astar_v1,adaptive,1.0,13.314458161520333,1.0,8.0,1.0,0.0,0.0,0.0,6.5,2.0,-0.35,0.0,2.0,-2.0,0,0.0,0.0,False,1.0,0.0,0.0,0.7549087253085632,0.2450912746914368,24,24,24,6,0.6095907305079563,0.898745765578271,simple_ring,True,4.586999999446562,0.12449999849195592,0.7072999997035367,0.7394999902317068,1,0,0,0.0,0,0,0.0,0.0,0.0,0.0,0.0,0,0,0,0.0,0.0,0.0,0.0,0,False,,,0,2.0,True,"(-1, 0)",0.0,6.15,6.15,18,True,211,13,1.0,3.674557769862852,0.8067150635208712,0.7294758852390745,0.3786783989591304,0.6024627968662312,1.753078496082789,1.3089169319416356,0.6549967059969128,True,0.1232876712328767,0.0821917808219178,0,False,,0
227,marine_knownmap_path_v2_infosampled,ucb,0.0,False,mode_not_conditional,0.0,0.0,1.0,False,SEARCH,"(30, 55)","(22, 54)","(27, 55)","(19, 51)",search_info,"(19, 51)",16,0.655872215693533,0.6250398777663504,simple_ring_priority,False,,0,4,adaptive_knownmap_soft,4,8,14,8,0.5,39,10.938936826562498,1.0,2.3755213349578344,1.0,3.5283643327690966,1.0,13.314458161520333,1.0,3.5283643327690966,1.0,8.0,1.0,0.0,4.0,4.0,False,0.0,soft_clearance_astar_v1,adaptive,1.0,13.314458161520333,1.0,8.0,1.0,0.0,0.0,0.0,6.5,2.0,-0.35,0.0,2.0,-2.0,0,0.0,0.0,False,1.0,0.0,0.0,0.7549087253085632,0.2450912746914368,24,24,24,6,0.6095907305079563,0.898745765578271,simple_ring,True,4.586999999446562,0.12449999849195592,0.7072999997035367,0.7394999902317068,1,0,0,0.0,0,0,0.0,0.0,0.0,0.0,0.0,0,0,0,0.0,0.0,0.0,0.0,0,False,,,0,2.0,True,"(-1, 0)",0.0,6.15,6.15,18,True,212,14,1.0000000000000002,3.685034646638846,0.808076225045372,0.7300839924929607,0.2836567073472146,0.6024627968662312,1.753078496082789,1.3089169319416356,0.6549967059969128,True,0.1232876712328767,0.0821917808219178,0,False,,0
228,marine_knownmap_path_v2_infosampled,ucb,0.0,False,mode_not_conditional,0.0,0.0,1.0,False,SEARCH,"(29, 55)","(22, 55)","(22, 55)","(19, 53)",search_info,"(19, 53)",26,0.7311507834761837,0.6755854981086719,simple_ring_priority,True,commit_expired,4,4,adaptive_knownmap_soft,8,8,8,8,0.625,40,15.4131827484375,0.0,3.6633633156957464,1.0,5.787345342472718,0.0,19.076546064133247,1.0,5.787345342472718,0.0,8.0,0.0,0.0,4.0,4.0,False,0.0,soft_clearance_astar_v1,adaptive,1.0,19.076546064133247,1.0,8.0,0.0,0.0,0.0,0.0,6.5,0.0,-0.0,0.0,0.0,-0.0,0,0.0,0.0,True,0.2,0.0,0.0,0.7033306975862572,0.2966693024137428,24,24,24,1,0.9691544916535778,1.0,simple_ring,True,5.670700000337092,0.05619999683403876,0.5448000010801479,0.3605999991123099,1,0,0,0.0,0,0,0.0,0.0,0.0,0.0,0.0,0,0,0,0.0,0.0,0.0,0.0,0,False,,,0,0.0,False,"(-1, 0)",4.0806732251172,6.5,6.5,18,True,213,15,1.0,3.6983155136564845,0.809437386569873,0.633304437554743,0.30001052894237,0.757649837335346,1.9470622966691824,2.300000895425515,0.416241292821886,True,0.1232876712328767,0.0821917808219178,0,False,,0
229,marine_knownmap_path_v2_infosampled,ucb,0.0,False,mode_not_conditional,0.0,0.0,1.0,False,SEARCH,"(28, 55)","(22, 55)","(22, 55)","(19, 53)",search_info,"(19, 53)",26,0.7311507834761837,0.6755854981086719,simple_ring_priority,False,,3,4,adaptive_knownmap_soft,7,8,8,8,0.125,40,15.4131827484375,0.0,3.6633633156957464,1.0,5.787345342472718,0.0,19.076546064133247,1.0,5.787345342472718,0.0,8.0,0.0,0.0,4.0,4.0,False,0.0,soft_clearance_astar_v1,adaptive,1.0,19.076546064133247,1.0,8.0,0.0,0.0,0.0,0.0,6.5,0.0,-0.0,0.0,0.0,-0.0,0,0.0,0.0,True,0.2,0.0,0.0,0.7033306975862572,0.2966693024137428,24,24,24,1,0.9691544916535778,1.0,simple_ring,True,5.670700000337092,0.05619999683403876,0.5448000010801479,0.3605999991123099,1,0,0,0.0,0,0,0.0,0.0,0.0,0.0,0.0,0,0,0,0.0,0.0,0.0,0.0,0,False,,,0,0.0,False,"(-1, 0)",4.0806732251172,6.5,6.5,18,True,214,16,1.0,3.713334714653947,0.8107985480943739,0.8232261019200973,0.45450423380772326,0.757649837335346,1.9470622966691824,2.300000895425515,0.416241292821886,True,0.1232876712328767,0.0821917808219178,0,False,,0
230,marine_knownmap_path_v2_infosampled,ucb,0.0,False,mode_not_conditional,0.0,0.0,1.0,False,SEARCH,"(27, 55)","(22, 55)","(22, 55)","(19, 53)",search_info,"(19, 53)",26,0.7311507834761837,0.6755854981086719,simple_ring_priority,False,,2,4,adaptive_knownmap_soft,6,8,8,8,0.25,40,15.4131827484375,0.0,3.6633633156957464,1.0,5.787345342472718,0.0,19.076546064133247,1.0,5.787345342472718,0.0,8.0,0.0,0.0,4.0,4.0,False,0.0,soft_clearance_astar_v1,adaptive,1.0,19.076546064133247,1.0,8.0,0.0,0.0,0.0,0.0,6.5,0.0,-0.0,0.0,0.0,-0.0,0,0.0,0.0,True,0.2,0.0,0.0,0.7033306975862572,0.2966693024137428,24,24,24,1,0.9691544916535778,1.0,simple_ring,True,5.670700000337092,0.05619999683403876,0.5448000010801479,0.3605999991123099,1,0,0,0.0,0,0,0.0,0.0,0.0,0.0,0.0,0,0,0,0.0,0.0,0.0,0.0,0,False,,,0,0.0,False,"(-1, 0)",4.0806732251172,6.5,6.5,18,True,215,17,1.0,3.729232532651283,0.8117059891107078,0.8617936014812164,0.4820281908657929,0.757649837335346,1.9470622966691824,2.300000895425515,0.416241292821886,True,0.1232876712328767,0.0958904109589041,0,False,,0
231,marine_knownmap_path_v2_infosampled,ucb,0.0,False,mode_not_conditional,0.0,0.0,1.0,False,SEARCH,"(26, 55)","(22, 55)","(22, 55)","(19, 53)",search_info,"(19, 53)",26,0.7311507834761837,0.6755854981086719,simple_ring_priority,False,,1,4,adaptive_knownmap_soft,5,8,8,8,0.375,40,15.4131827484375,0.0,3.6633633156957464,1.0,5.787345342472718,0.0,19.076546064133247,1.0,5.787345342472718,0.0,8.0,0.0,0.0,4.0,4.0,False,0.0,soft_clearance_astar_v1,adaptive,1.0,19.076546064133247,1.0,8.0,0.0,0.0,0.0,0.0,6.5,0.0,-0.0,0.0,0.0,-0.0,0,0.0,0.0,True,0.2,0.0,0.0,0.7033306975862572,0.2966693024137428,24,24,24,1,0.9691544916535778,1.0,simple_ring,True,5.670700000337092,0.05619999683403876,0.5448000010801479,0.3605999991123099,1,0,0,0.0,0,0,0.0,0.0,0.0,0.0,0.0,0,0,0,0.0,0.0,0.0,0.0,0,False,,,0,0.0,False,"(-1, 0)",4.0806732251172,6.5,6.5,18,True,216,18,0.9999999999999999,3.745493293397917,0.8126134301270418,0.8922661413526561,0.5051221419900104,0.757649837335346,1.9470622966691824,2.300000895425515,0.416241292821886,True,0.1232876712328767,0.0958904109589041,0,False,,0
232,marine_knownmap_path_v2_infosampled,ucb,0.0,False,mode_not_conditional,0.0,0.0,1.0,False,SEARCH,"(25, 55)","(22, 55)","(22, 55)","(19, 53)",search_info,"(19, 53)",26,0.7311507834761837,0.6755854981086719,simple_ring_priority,False,,0,4,adaptive_knownmap_soft,4,8,8,8,0.5,40,15.4131827484375,0.0,3.6633633156957464,1.0,5.787345342472718,0.0,19.076546064133247,1.0,5.787345342472718,0.0,8.0,0.0,0.0,4.0,4.0,False,0.0,soft_clearance_astar_v1,adaptive,1.0,19.076546064133247,1.0,8.0,0.0,0.0,0.0,0.0,6.5,0.0,-0.0,0.0,0.0,-0.0,0,0.0,0.0,True,0.2,0.0,0.0,0.7033306975862572,0.2966693024137428,24,24,24,1,0.9691544916535778,1.0,simple_ring,True,5.670700000337092,0.05619999683403876,0.5448000010801479,0.3605999991123099,1,0,0,0.0,0,0,0.0,0.0,0.0,0.0,0.0,0,0,0,0.0,0.0,0.0,0.0,0,False,,,0,0.0,False,"(-1, 0)",4.0806732251172,6.5,6.5,18,True,217,19,0.9999999999999999,3.7619341106583546,0.8135208711433757,0.8737603288002275,0.4461319697966446,0.757649837335346,1.9470622966691824,2.300000895425515,0.416241292821886,True,0.1232876712328767,0.0958904109589041,0,False,,0
233,marine_knownmap_path_v2_infosampled,ucb,0.0,False,mode_not_conditional,0.0,0.0,1.0,False,SEARCH,"(24, 55)","(16, 55)","(17, 55)","(19, 53)",search_info,"(19, 53)",1,0.0,0.0,simple_ring_priority,True,commit_expired,4,4,adaptive_knownmap_soft,8,8,9,8,0.625,41,17.918328309374996,1.0,4.272086046515161,1.0,5.830182923514524,1.0,22.190414355890155,1.0,5.830182923514524,1.0,8.0,1.0,0.0,4.0,4.0,False,0.0,soft_clearance_astar_v1,adaptive,1.0,22.190414355890155,1.0,8.0,1.0,0.0,0.0,0.0,6.5,2.0,-0.35,0.0,0.0,-0.0,0,0.0,0.0,True,1.0,0.0,0.0,0.3248810731792853,0.6751189268207148,24,24,24,1,1.2313596349402964,1.0,simple_ring,True,4.376699998829281,0.05289999535307288,0.5156999995961087,0.3420999892114196,1,0,0,0.0,0,0,0.0,0.0,0.0,0.0,0.0,0,0,0,0.0,0.0,0.0,0.0,0,False,,,0,0.0,False,"(-1, 0)",0.0,8.15,8.15,18,True,218,20,0.9999999999999999,3.7786312417180437,0.8144283121597096,0.8694905638714815,0.42247635413588897,0.6847538476970205,1.8559423096212757,1.2705474350633923,0.39642460461215456,True,0.1232876712328767,0.0958904109589041,0,False,,0
234,marine_knownmap_path_v2_infosampled,ucb,0.0,False,mode_not_conditional,0.0,0.0,1.0,False,SEARCH,"(23, 55)","(16, 55)","(17, 55)","(19, 53)",search_info,"(19, 53)",1,0.0,0.0,simple_ring_priority,False,,3,4,adaptive_knownmap_soft,7,8,9,8,0.125,41,17.918328309374996,1.0,4.272086046515161,1.0,5.830182923514524,1.0,22.190414355890155,1.0,5.830182923514524,1.0,8.0,1.0,0.0,4.0,4.0,False,0.0,soft_clearance_astar_v1,adaptive,1.0,22.190414355890155,1.0,8.0,1.0,0.0,0.0,0.0,6.5,2.0,-0.35,0.0,0.0,-0.0,0,0.0,0.0,True,1.0,0.0,0.0,0.3248810731792853,0.6751189268207148,24,24,24,1,1.2313596349402964,1.0,simple_ring,True,4.376699998829281,0.05289999535307288,0.5156999995961087,0.3420999892114196,1,0,0,0.0,0,0,0.0,0.0,0.0,0.0,0.0,0,0,0,0.0,0.0,0.0,0.0,0,False,,,0,0.0,False,"(-1, 0)",0.0,8.15,8.15,18,True,219,21,1.0,3.795837009465682,0.8153357531760436,0.772774360074975,0.40275472012814745,0.6847538476970205,1.8559423096212757,1.2705474350633923,0.39642460461215456,True,0.1232876712328767,0.0958904109589041,0,False,,0
235,marine_knownmap_path_v2_infosampled,ucb,0.0,False,mode_not_conditional,0.0,0.0,1.0,False,SEARCH,"(22, 55)","(16, 55)","(17, 55)","(19, 53)",search_info,"(19, 53)",1,0.0,0.0,simple_ring_priority,False,,2,4,adaptive_knownmap_soft,6,8,9,8,0.25,41,17.918328309374996,1.0,4.272086046515161,1.0,5.830182923514524,1.0,22.190414355890155,1.0,5.830182923514524,1.0,8.0,1.0,0.0,4.0,4.0,False,0.0,soft_clearance_astar_v1,adaptive,1.0,22.190414355890155,1.0,8.0,1.0,0.0,0.0,0.0,6.5,2.0,-0.35,0.0,0.0,-0.0,0,0.0,0.0,True,1.0,0.0,0.0,0.3248810731792853,0.6751189268207148,24,24,24,1,1.2313596349402964,1.0,simple_ring,True,4.376699998829281,0.05289999535307288,0.5156999995961087,0.3420999892114196,1,0,0,0.0,0,0,0.0,0.0,0.0,0.0,0.0,0,0,0,0.0,0.0,0.0,0.0,0,False,,,0,0.0,False,"(-1, 0)",0.0,8.15,8.15,18,True,220,22,1.0,3.8139091765981563,0.8162431941923775,0.6893058963809362,0.3328150119642716,0.6847538476970205,1.8559423096212757,1.2705474350633923,0.39642460461215456,True,0.1232876712328767,0.0958904109589041,0,False,,0
236,marine_knownmap_path_v2_infosampled,ucb,0.0,False,mode_not_conditional,0.0,0.0,1.0,False,SEARCH,"(21, 55)","(16, 55)","(17, 55)","(19, 53)",search_info,"(19, 53)",1,0.0,0.0,simple_ring_priority,False,,1,4,adaptive_knownmap_soft,5,8,9,8,0.375,41,17.918328309374996,1.0,4.272086046515161,1.0,5.830182923514524,1.0,22.190414355890155,1.0,5.830182923514524,1.0,8.0,1.0,0.0,4.0,4.0,False,0.0,soft_clearance_astar_v1,adaptive,1.0,22.190414355890155,1.0,8.0,1.0,0.0,0.0,0.0,6.5,2.0,-0.35,0.0,0.0,-0.0,0,0.0,0.0,True,1.0,0.0,0.0,0.3248810731792853,0.6751189268207148,24,24,24,1,1.2313596349402964,1.0,simple_ring,True,4.376699998829281,0.05289999535307288,0.5156999995961087,0.3420999892114196,1,0,0,0.0,0,0,0.0,0.0,0.0,0.0,0.0,0,0,0,0.0,0.0,0.0,0.0,0,False,,,0,0.0,False,"(-1, 0)",0.0,8.15,8.15,18,True,221,23,1.0,3.8332572520908053,0.8171506352087115,0.7478157348234642,0.32664089305485255,0.6847538476970205,1.8559423096212757,1.2705474350633923,0.39642460461215456,True,0.1232876712328767,0.0958904109589041,0,False,,0
237,marine_knownmap_path_v2_infosampled,ucb,0.0,False,mode_not_conditional,0.0,0.0,1.0,False,SEARCH,"(20, 55)","(16, 55)","(17, 55)","(19, 53)",search_info,"(19, 53)",1,0.0,0.0,simple_ring_priority,False,,0,4,adaptive_knownmap_soft,4,8,9,8,0.5,41,17.918328309374996,1.0,4.272086046515161,1.0,5.830182923514524,1.0,22.190414355890155,1.0,5.830182923514524,1.0,8.0,1.0,0.0,4.0,4.0,False,0.0,soft_clearance_astar_v1,adaptive,1.0,22.190414355890155,1.0,8.0,1.0,0.0,0.0,0.0,6.5,2.0,-0.35,0.0,0.0,-0.0,0,0.0,0.0,True,1.0,0.0,0.0,0.3248810731792853,0.6751189268207148,24,24,24,1,1.2313596349402964,1.0,simple_ring,True,4.376699998829281,0.05289999535307288,0.5156999995961087,0.3420999892114196,1,0,0,0.0,0,0,0.0,0.0,0.0,0.0,0.0,0,0,0,0.0,0.0,0.0,0.0,0,False,,,0,0.0,False,"(-1, 0)",0.0,8.15,8.15,18,True,222,24,1.0,3.854303550843146,0.8185117967332124,0.7629911261143518,0.33999714951134324,0.6847538476970205,1.8559423096212757,1.2705474350633923,0.39642460461215456,True,0.1232876712328767,0.0821917808219178,0,False,,0
238,marine_knownmap_path_v2_infosampled,ucb,0.0,False,mode_not_conditional,0.0,0.0,1.0,False,SEARCH,"(19, 55)","(10, 54)","(12, 55)","(6, 53)",search_info,"(6, 53)",99,0.7630690980624005,0.7051128248429163,simple_ring_priority,True,commit_expired,4,4,adaptive_knownmap_soft,8,8,11,8,0.625,42,39.77084974375,1.0,3.933344790575315,1.0,5.817305659933035,1.0,43.70419453432531,1.0,5.817305659933035,1.0,8.0,0.9411764705882353,0.0,4.0,4.0,False,0.0,soft_clearance_astar_v1,adaptive,1.0,43.70419453432531,1.0,8.0,0.9411764705882353,0.0,0.0,0.0,6.5,2.0,-0.32941176470588235,0.0,0.0,-0.0,0,0.0,0.0,False,1.0,0.0,0.0,0.32338897458349397,0.6766110254165061,24,24,24,4,1.1145371450128307,0.8189776325664466,simple_ring,True,4.626699999789707,0.044700003854813986,0.5321000007825205,0.3302000004623551,1,0,0,0.0,0,0,0.0,0.0,0.0,0.0,0.0,0,0,0,0.0,0.0,0.0,0.0,0,False,,,0,0.0,False,"(-1, 0)",1.5363476772798783,8.170588235294117,8.170588235294117,19,True,223,25,1.0,3.8774555572174907,0.8198729582577132,0.7656743090506081,0.38401262593602753,0.5921596956818106,1.7401996196022633,1.25390704366178,0.22530497889833273,True,0.1232876712328767,0.0821917808219178,0,False,,0
239,marine_knownmap_path_v2_infosampled,ucb,0.0,False,mode_not_conditional,0.0,0.0,1.0,False,SEARCH,"(18, 55)","(10, 54)","(12, 55)","(6, 53)",search_info,"(6, 53)",99,0.7630690980624005,0.7051128248429163,simple_ring_priority,False,,3,4,adaptive_knownmap_soft,7,8,11,8,0.125,42,39.77084974375,1.0,3.933344790575315,1.0,5.817305659933035,1.0,43.70419453432531,1.0,5.817305659933035,1.0,8.0,0.9411764705882353,0.0,4.0,4.0,False,0.0,soft_clearance_astar_v1,adaptive,1.0,43.70419453432531,1.0,8.0,0.9411764705882353,0.0,0.0,0.0,6.5,2.0,-0.32941176470588235,0.0,0.0,-0.0,0,0.0,0.0,False,1.0,0.0,0.0,0.32338897458349397,0.6766110254165061,24,24,24,4,1.1145371450128307,0.8189776325664466,simple_ring,True,4.626699999789707,0.044700003854813986,0.5321000007825205,0.3302000004623551,1,0,0,0.0,0,0,0.0,0.0,0.0,0.0,0.0,0,0,0,0.0,0.0,0.0,0.0,0,False,,,0,0.0,False,"(-1, 0)",1.5363476772798783,8.170588235294117,8.170588235294117,19,True,224,26,1.0,3.903086724509229,0.8216878402903811,0.7877193745153912,0.41149954271577044,0.5921596956818106,1.7401996196022633,1.25390704366178,0.22530497889833273,True,0.1232876712328767,0.0684931506849315,0,False,,0
240,marine_knownmap_path_v2_infosampled,ucb,0.0,False,mode_not_conditional,0.0,0.0,1.0,False,SEARCH,"(17, 55)","(10, 54)","(12, 55)","(6, 53)",search_info,"(6, 53)",99,0.7630690980624005,0.7051128248429163,simple_ring_priority,False,,2,4,adaptive_knownmap_soft,6,8,11,8,0.25,42,39.77084974375,1.0,3.933344790575315,1.0,5.817305659933035,1.0,43.70419453432531,1.0,5.817305659933035,1.0,8.0,0.9411764705882353,0.0,4.0,4.0,False,0.0,soft_clearance_astar_v1,adaptive,1.0,43.70419453432531,1.0,8.0,0.9411764705882353,0.0,0.0,0.0,6.5,2.0,-0.32941176470588235,0.0,0.0,-0.0,0,0.0,0.0,False,1.0,0.0,0.0,0.32338897458349397,0.6766110254165061,24,24,24,4,1.1145371450128307,0.8189776325664466,simple_ring,True,4.626699999789707,0.044700003854813986,0.5321000007825205,0.3302000004623551,1,0,0,0.0,0,0,0.0,0.0,0.0,0.0,0.0,0,0,0,0.0,0.0,0.0,0.0,0,False,,,0,0.0,False,"(-1, 0)",1.5363476772798783,8.170588235294117,8.170588235294117,19,True,225,27,0.9999999999999999,3.9315237049740426,0.823502722323049,0.8079024519561657,0.4256159427477876,0.5921596956818106,1.7401996196022633,1.25390704366178,0.22530497889833273,True,0.1232876712328767,0.0684931506849315,0,False,,0
