tick_global,waypoint_index,target_row,target_col,target_x,target_y,location_x,location_y,location_z,gps_x,gps_y,gps_z,projected_row,projected_col,distance_to_target_m,arrived,timeout
1,0,40,45,25.0,0.0,0.010871605016291142,0.0039246040396392345,0.13044540584087372,0.010871605016291142,0.0039246040396392345,0.13044540584087372,40,40,24.989128703168063,False,False
2,0,40,45,25.0,0.0,0.020618820562958717,0.0028457173611968756,0.15139271318912506,0.020618820562958717,0.0028457173611968756,0.15139271318912506,40,40,24.979381341532875,False,False
3,0,40,45,25.0,0.0,0.03432689234614372,0.0010540172224864364,0.17144471406936646,0.03432689234614372,0.0010540172224864364,0.17144471406936646,40,40,24.965673129903454,False,False
4,0,40,45,25.0,0.0,0.05158964917063713,-0.0014353238511830568,0.18845778703689575,0.05158964917063713,-0.0014353238511830568,0.18845778703689575,40,40,24.948410392117655,False,False
5,0,40,45,25.0,0.0,0.07204153388738632,-0.004605819005519152,0.20114950835704803,0.07204153388738632,-0.004605819005519152,0.20114950835704803,40,40,24.927958891610125,False,False
6,0,40,45,25.0,0.0,0.09535353630781174,-0.008439633995294571,0.20907118916511536,0.09535353630781174,-0.008439633995294571,0.20907118916511536,40,40,24.90464789369482,False,False
7,0,40,45,25.0,0.0,0.12122952938079834,-0.012918557971715927,0.2117013782262802,0.12122952938079834,-0.012918557971715927,0.2117013782262802,40,40,24.87877382466616,False,False
8,0,40,45,25.0,0.0,0.14940305054187775,-0.018023215234279633,0.20921744406223297,0.14940305054187775,-0.018023215234279633,0.20921744406223297,40,40,24.850603485241656,False,False
9,0,40,45,25.0,0.0,0.17963437736034393,-0.023733025416731834,0.20248457789421082,0.17963437736034393,-0.023733025416731834,0.20248457789421082,40,40,24.82037696929698,False,False
10,0,40,45,25.0,0.0,0.21170789003372192,-0.03002646379172802,0.19281066954135895,0.21170789003372192,-0.03002646379172802,0.19281066954135895,40,40,24.788310295733034,False,False
11,0,40,45,25.0,0.0,0.24542970955371857,-0.0368821956217289,0.18107880651950836,0.24542970955371857,-0.0368821956217289,0.18107880651950836,40,40,24.754597766091848,False,False
12,0,40,45,25.0,0.0,0.280625581741333,-0.044278308749198914,0.16843652725219727,0.280625581741333,-0.044278308749198914,0.16843652725219727,40,40,24.719414074744705,False,False
13,0,40,45,25.0,0.0,0.3171389400959015,-0.05219213664531708,0.15644584596157074,0.3171389400959015,-0.05219213664531708,0.15644584596157074,40,40,24.682916240218816,False,False
14,0,40,45,25.0,0.0,0.35482919216156006,-0.060601215809583664,0.14639468491077423,0.35482919216156006,-0.060601215809583664,0.14639468491077423,40,40,24.645245315372488,False,False
15,0,40,45,25.0,0.0,0.39357030391693115,-0.0694834515452385,0.13926556706428528,0.39357030391693115,-0.0694834515452385,0.13926556706428528,40,40,24.60652779931206,False,False
16,0,40,45,25.0,0.0,0.43324917554855347,-0.07881734520196915,0.13564848899841309,0.43324917554855347,-0.07881734520196915,0.13564848899841309,40,40,24.566877258711383,False,False
17,0,40,45,25.0,0.0,0.473764568567276,-0.08858227729797363,0.13560381531715393,0.473764568567276,-0.08858227729797363,0.13560381531715393,40,40,24.52639539879265,False,False
18,0,40,45,25.0,0.0,0.5150256752967834,-0.09875838458538055,0.13883304595947266,0.5150256752967834,-0.09875838458538055,0.13883304595947266,40,40,24.485173491317184,False,False
19,0,40,45,25.0,0.0,0.5569512248039246,-0.10932668298482895,0.14465591311454773,0.5569512248039246,-0.10932668298482895,0.14465591311454773,40,40,24.443293267279408,False,False
20,0,40,45,25.0,0.0,0.5994685292243958,-0.12026894837617874,0.15210755169391632,0.5994685292243958,-0.12026894837617874,0.15210755169391632,40,40,24.400827868665733,False,False
21,0,40,45,25.0,0.0,0.6425127387046814,-0.13156788051128387,0.15990817546844482,0.6425127387046814,-0.13156788051128387,0.15990817546844482,40,40,24.357842593122772,False,False
22,0,40,45,25.0,0.0,0.6860256791114807,-0.14320582151412964,0.1673176884651184,0.6860256791114807,-0.14320582151412964,0.1673176884651184,40,40,24.314396048105777,False,False
23,0,40,45,25.0,0.0,0.7299556732177734,-0.15516559779644012,0.1735525131225586,0.7299556732177734,-0.15516559779644012,0.1735525131225586,40,40,24.270540331577163,False,False
24,0,40,45,25.0,0.0,0.7742565274238586,-0.16743026673793793,0.17796623706817627,0.7742565274238586,-0.16743026673793793,0.17796623706817627,40,40,24.22632204221857,False,False
25,0,40,45,25.0,0.0,0.818886935710907,-0.17998261749744415,0.18032993376255035,0.818886935710907,-0.17998261749744415,0.18032993376255035,40,40,24.181782869973294,False,False
26,0,40,45,25.0,0.0,0.8638101816177368,-0.19280560314655304,0.18061383068561554,0.8638101816177368,-0.19280560314655304,0.18061383068561554,40,40,24.136959894518288,False,False
27,0,40,45,25.0,0.0,0.908993661403656,-0.20588213205337524,0.17902636528015137,0.908993661403656,-0.20588213205337524,0.17902636528015137,40,40,24.09188605855897,False,False
28,0,40,45,25.0,0.0,0.9544082283973694,-0.21919533610343933,0.17587260901927948,0.9544082283973694,-0.21919533610343933,0.17587260901927948,40,40,24.0465908236892,False,False
29,0,40,45,25.0,0.0,1.000028133392334,-0.23272860050201416,0.17154471576213837,1.000028133392334,-0.23272860050201416,0.17154471576213837,40,40,24.0011002289364,False,False
30,0,40,45,25.0,0.0,1.0458306074142456,-0.246465265750885,0.16668953001499176,1.0458306074142456,-0.246465265750885,0.16668953001499176,40,40,23.955437303792095,False,False
31,0,40,45,25.0,0.0,1.0917953252792358,-0.26038914918899536,0.16188912093639374,1.0917953252792358,-0.26038914918899536,0.16188912093639374,40,40,23.909622608425988,False,False
32,0,40,45,25.0,0.0,1.1379045248031616,-0.27448442578315735,0.15772606432437897,1.1379045248031616,-0.27448442578315735,0.15772606432437897,40,40,23.863674112914946,False,False
33,0,40,45,25.0,0.0,1.1841427087783813,-0.2887359857559204,0.15448933839797974,1.1841427087783813,-0.2887359857559204,0.15448933839797974,40,40,23.817607499186487,False,False
34,0,40,45,25.0,0.0,1.2304961681365967,-0.303129106760025,0.152497798204422,1.2304961681365967,-0.303129106760025,0.152497798204422,40,40,23.771436634506003,False,False
35,0,40,45,25.0,0.0,1.276953101158142,-0.31764987111091614,0.1517442762851715,1.276953101158142,-0.31764987111091614,0.1517442762851715,40,40,23.72517345785415,False,False
36,0,40,45,25.0,0.0,1.3235032558441162,-0.3322845995426178,0.15228112041950226,1.3235032558441162,-0.3322845995426178,0.15228112041950226,40,40,23.67882833104538,False,False
37,0,40,45,25.0,0.0,1.3701378107070923,-0.34702038764953613,0.15386143326759338,1.3701378107070923,-0.34702038764953613,0.15386143326759338,40,40,23.632410165584446,False,False
38,0,40,45,25.0,0.0,1.41684889793396,-0.3618447482585907,0.15626303851604462,1.41684889793396,-0.3618447482585907,0.15626303851604462,40,40,23.58592689560283,False,False
39,0,40,45,25.0,0.0,1.463630199432373,-0.37674567103385925,0.15910960733890533,1.463630199432373,-0.37674567103385925,0.15910960733890533,40,40,23.539384883418567,False,False
40,0,40,45,25.0,0.0,1.5104761123657227,-0.39171144366264343,0.16206248104572296,1.5104761123657227,-0.39171144366264343,0.16206248104572296,40,40,23.492789751811888,False,False
41,0,40,45,25.0,0.0,1.5573819875717163,-0.40673086047172546,0.16469934582710266,1.5573819875717163,-0.40673086047172546,0.16469934582710266,40,40,23.446146149623118,False,False
42,0,40,45,25.0,0.0,1.6043438911437988,-0.42179277539253235,0.16681653261184692,1.6043438911437988,-0.42179277539253235,0.16681653261184692,40,40,23.399457983236147,False,False
43,0,40,45,25.0,0.0,1.6513582468032837,-0.4368864893913269,0.1681719869375229,1.6513582468032837,-0.4368864893913269,0.1681719869375229,40,40,23.352728781102513,False,False
44,0,40,45,25.0,0.0,1.6984225511550903,-0.45200133323669434,0.1687830537557602,1.6984225511550903,-0.45200133323669434,0.1687830537557602,40,40,23.30596097160049,False,False
45,0,40,45,25.0,0.0,1.7455341815948486,-0.4671269655227661,0.1686653196811676,1.7455341815948486,-0.4671269655227661,0.1686653196811676,40,40,23.259157080627233,False,False
46,0,40,45,25.0,0.0,1.7926913499832153,-0.48225337266921997,0.16789163649082184,1.7926913499832153,-0.48225337266921997,0.16789163649082184,40,40,23.212318778885376,False,False
47,0,40,45,25.0,0.0,1.8398925065994263,-0.49737080931663513,0.16652752459049225,1.8398925065994263,-0.49737080931663513,0.16652752459049225,40,40,23.165447477392483,False,False
48,0,40,45,25.0,0.0,1.887136459350586,-0.5124697685241699,0.1646907776594162,1.887136459350586,-0.5124697685241699,0.1646907776594162,40,40,23.118544208326185,False,False
49,0,40,45,25.0,0.0,1.9344220161437988,-0.5275410413742065,0.16272258758544922,1.9344220161437988,-0.5275410413742065,0.16272258758544922,40,40,23.07160998456081,False,False
50,0,40,45,25.0,0.0,1.981748342514038,-0.5425755381584167,0.16116513311862946,1.981748342514038,-0.5425755381584167,0.16116513311862946,40,40,23.024645438789346,False,False
51,0,40,45,25.0,0.0,2.0291149616241455,-0.5575647354125977,0.15997718274593353,2.0291149616241455,-0.5575647354125977,0.15997718274593353,40,40,22.97765083467967,False,False
52,0,40,45,25.0,0.0,2.076521873474121,-0.5725005269050598,0.15918037295341492,2.076521873474121,-0.5725005269050598,0.15918037295341492,40,40,22.930625945896395,False,False
53,0,40,45,25.0,0.0,2.1239686012268066,-0.5873750448226929,0.15873540937900543,2.1239686012268066,-0.5873750448226929,0.15873540937900543,40,40,22.883571006312312,False,False
54,0,40,45,25.0,0.0,2.1714556217193604,-0.6021807193756104,0.158665731549263,2.1714556217193604,-0.6021807193756104,0.158665731549263,40,40,22.83648528232653,False,False
55,0,40,45,25.0,0.0,2.2189829349517822,-0.6169103384017944,0.15887485444545746,2.2189829349517822,-0.6169103384017944,0.15887485444545746,40,40,22.789368505591483,False,False
56,0,40,45,25.0,0.0,2.2665505409240723,-0.6315567493438721,0.1593935191631317,2.2665505409240723,-0.6315567493438721,0.1593935191631317,40,40,22.742220389311182,False,False
57,0,40,45,25.0,0.0,2.3141591548919678,-0.6461133360862732,0.16013185679912567,2.3141591548919678,-0.6461133360862732,0.16013185679912567,40,40,22.6950399270995,False,False
58,0,40,45,25.0,0.0,2.3618087768554688,-0.6605735421180725,0.16106778383255005,2.3618087768554688,-0.6605735421180725,0.16106778383255005,40,40,22.647826810981325,False,False
59,0,40,45,25.0,0.0,2.4094998836517334,-0.6749311089515686,0.16212262213230133,2.4094998836517334,-0.6749311089515686,0.16212262213230133,40,40,22.60058024716537,False,False
60,0,40,45,25.0,0.0,2.457233190536499,-0.6891800761222839,0.16322560608386993,2.457233190536499,-0.6891800761222839,0.16322560608386993,40,40,22.553299195531753,False,False
61,0,40,45,25.0,0.0,2.5050089359283447,-0.7033147215843201,0.16431306302547455,2.5050089359283447,-0.7033147215843201,0.16431306302547455,40,41,22.505983083843745,False,False
62,0,40,45,25.0,0.0,2.5528275966644287,-0.7173294425010681,0.16509252786636353,2.5528275966644287,-0.7173294425010681,0.16509252786636353,40,41,22.45863108994288,False,False
63,0,40,45,25.0,0.0,2.600689649581909,-0.7312190532684326,0.1654772311449051,2.600689649581909,-0.7312190532684326,0.1654772311449051,40,41,22.411242390331907,False,False
64,0,40,45,25.0,0.0,2.6485953330993652,-0.7449783682823181,0.16550667583942413,2.6485953330993652,-0.7449783682823181,0.16550667583942413,40,41,22.363816386134904,False,False
65,0,40,45,25.0,0.0,2.696545124053955,-0.7586025595664978,0.16527524590492249,2.696545124053955,-0.7586025595664978,0.16527524590492249,40,41,22.31635223881229,False,False
66,0,40,45,25.0,0.0,2.744539260864258,-0.7720869183540344,0.16480907797813416,2.744539260864258,-0.7720869183540344,0.16480907797813416,40,41,22.26884933984479,False,False
67,0,40,45,25.0,0.0,2.7925775051116943,-0.7854271531105042,0.16413168609142303,2.7925775051116943,-0.7854271531105042,0.16413168609142303,40,41,22.22130756007203,False,False
68,0,40,45,25.0,0.0,2.840660572052002,-0.7986190319061279,0.16332308948040009,2.840660572052002,-0.7986190319061279,0.16332308948040009,40,41,22.173725808738897,False,False
69,0,40,45,25.0,0.0,2.8887882232666016,-0.811658501625061,0.16251404583454132,2.8887882232666016,-0.811658501625061,0.16251404583454132,40,41,22.126103944409508,False,False
70,0,40,45,25.0,0.0,2.936960458755493,-0.8245418667793274,0.16176347434520721,2.936960458755493,-0.8245418667793274,0.16176347434520721,40,41,22.078441591031524,False,False
71,0,40,45,25.0,0.0,2.985177516937256,-0.8372654914855957,0.16106560826301575,2.985177516937256,-0.8372654914855957,0.16106560826301575,40,41,22.0307381279883,False,False
72,0,40,45,25.0,0.0,3.0334393978118896,-0.8498260378837585,0.16053283214569092,3.0334393978118896,-0.8498260378837585,0.16053283214569092,40,41,21.982993176186636,False,False
73,0,40,45,25.0,0.0,3.0817456245422363,-0.8622203469276428,0.16026632487773895,3.0817456245422363,-0.8622203469276428,0.16026632487773895,40,41,21.935206832713693,False,False
74,0,40,45,25.0,0.0,3.130096197128296,-0.8744454383850098,0.16029833257198334,3.130096197128296,-0.8744454383850098,0.16029833257198334,40,41,21.887378718603436,False,False
75,0,40,45,25.0,0.0,3.1784913539886475,-0.8864985108375549,0.16059906780719757,3.1784913539886475,-0.8864985108375549,0.16059906780719757,40,41,21.839508217852924,False,False
76,0,40,45,25.0,0.0,3.2269303798675537,-0.8983768820762634,0.1611417680978775,3.2269303798675537,-0.8983768820762634,0.1611417680978775,40,41,21.791595666801996,False,False
77,0,40,45,25.0,0.0,3.275413751602173,-0.9100778698921204,0.1617259681224823,3.275413751602173,-0.9100778698921204,0.1617259681224823,40,41,21.743640205663436,False,False
78,0,40,45,25.0,0.0,3.3239407539367676,-0.9215991497039795,0.16223005950450897,3.3239407539367676,-0.9215991497039795,0.16223005950450897,40,41,21.69564217605873,False,False
79,0,40,45,25.0,0.0,3.372511625289917,-0.9329385161399841,0.16266225278377533,3.372511625289917,-0.9329385161399841,0.16266225278377533,40,41,21.64760096807767,False,False
80,0,40,45,25.0,0.0,3.421125888824463,-0.9440940022468567,0.16302992403507233,3.421125888824463,-0.9440940022468567,0.16302992403507233,40,41,21.59951669345961,False,False
81,0,40,45,25.0,0.0,3.469782829284668,-0.9550636410713196,0.1632809191942215,3.469782829284668,-0.9550636410713196,0.1632809191942215,40,41,21.55138969942917,False,False
82,0,40,45,25.0,0.0,3.5184824466705322,-0.9658457040786743,0.163368359208107,3.5184824466705322,-0.9658457040786743,0.163368359208107,40,41,21.503219626792852,False,False
83,0,40,45,25.0,0.0,3.5672242641448975,-0.9764386415481567,0.16330879926681519,3.5672242641448975,-0.9764386415481567,0.16330879926681519,40,41,21.4550065990241,False,False
84,0,40,45,25.0,0.0,3.6160073280334473,-0.9868410229682922,0.16305840015411377,3.6160073280334473,-0.9868410229682922,0.16305840015411377,40,41,21.406751220101857,False,False
85,0,40,45,25.0,0.0,3.6648313999176025,-0.9970515370368958,0.1626952886581421,3.6648313999176025,-0.9970515370368958,0.1626952886581421,40,41,21.358453384115844,False,False
86,0,40,45,25.0,0.0,3.713695764541626,-1.0070692300796509,0.16240739822387695,3.713695764541626,-1.0070692300796509,0.16240739822387695,40,41,21.310113477845825,False,False
87,0,40,45,25.0,0.0,3.7625997066497803,-1.0168932676315308,0.1622461974620819,3.7625997066497803,-1.0168932676315308,0.1622461974620819,40,41,21.261731894127212,False,False
88,0,40,45,25.0,0.0,3.811542272567749,-1.0265226364135742,0.16219927370548248,3.811542272567749,-1.0265226364135742,0.16219927370548248,40,41,21.213309255989575,False,False
89,0,40,45,25.0,0.0,3.860523223876953,-1.035956621170044,0.1622554361820221,3.860523223876953,-1.035956621170044,0.1622554361820221,40,41,21.16484548701435,False,False
90,0,40,45,25.0,0.0,3.909541368484497,-1.0451947450637817,0.1624045968055725,3.909541368484497,-1.0451947450637817,0.1624045968055725,40,41,21.11634147627793,False,False
91,0,40,45,25.0,0.0,3.958596706390381,-1.0542362928390503,0.16257891058921814,3.958596706390381,-1.0542362928390503,0.16257891058921814,40,41,21.06779691200446,False,False
92,0,40,45,25.0,0.0,4.007688045501709,-1.063080906867981,0.1627173274755478,4.007688045501709,-1.063080906867981,0.1627173274755478,40,41,21.01921269242783,False,False
93,0,40,45,25.0,0.0,4.056814670562744,-1.0717281103134155,0.16276492178440094,4.056814670562744,-1.0717281103134155,0.16276492178440094,40,41,20.970589235536323,False,False
94,0,40,45,25.0,0.0,4.105976104736328,-1.080177903175354,0.16278983652591705,4.105976104736328,-1.080177903175354,0.16278983652591705,40,41,20.921926747753364,False,False
95,0,40,45,25.0,0.0,4.1551713943481445,-1.0884302854537964,0.16279463469982147,4.1551713943481445,-1.0884302854537964,0.16279463469982147,40,41,20.873225914680628,False,False
96,0,40,45,25.0,0.0,4.204399585723877,-1.0964852571487427,0.16272281110286713,4.204399585723877,-1.0964852571487427,0.16272281110286713,40,41,20.824487424889618,False,False
97,0,40,45,25.0,0.0,4.253659725189209,-1.1043428182601929,0.16264109313488007,4.253659725189209,-1.1043428182601929,0.16264109313488007,40,41,20.77571196995374,False,False
98,0,40,45,25.0,0.0,4.302951335906982,-1.1120034456253052,0.16255076229572296,4.302951335906982,-1.1120034456253052,0.16255076229572296,40,41,20.72689979391315,False,False
99,0,40,45,25.0,0.0,4.352272987365723,-1.1194673776626587,0.16245295107364655,4.352272987365723,-1.1194673776626587,0.16245295107364655,40,41,20.67805208422491,False,False
100,0,40,45,25.0,0.0,4.40162467956543,-1.126734972000122,0.162348672747612,4.40162467956543,-1.126734972000122,0.162348672747612,40,41,20.629168609971078,False,False
101,0,40,45,25.0,0.0,4.451004981994629,-1.1338069438934326,0.16229765117168427,4.451004981994629,-1.1338069438934326,0.16229765117168427,40,41,20.58025059215826,False,False
102,0,40,45,25.0,0.0,4.500412464141846,-1.140683889389038,0.16229483485221863,4.500412464141846,-1.140683889389038,0.16229483485221863,40,41,20.53129924958045,False,False
103,0,40,45,25.0,0.0,4.549847602844238,-1.1473662853240967,0.16227684915065765,4.549847602844238,-1.1473662853240967,0.16227684915065765,40,41,20.482313894176947,False,False
104,0,40,45,25.0,0.0,4.599308490753174,-1.1538550853729248,0.1622454971075058,4.599308490753174,-1.1538550853729248,0.1622454971075058,40,41,20.433296249345002,False,False
105,0,40,45,25.0,0.0,4.648794651031494,-1.1601508855819702,0.1622023582458496,4.648794651031494,-1.1601508855819702,0.1622023582458496,40,41,20.384246594691717,False,False
106,0,40,45,25.0,0.0,4.698305606842041,-1.1662547588348389,0.16214889287948608,4.698305606842041,-1.1662547588348389,0.16214889287948608,40,41,20.335165241415822,False,False
107,0,40,45,25.0,0.0,4.747839450836182,-1.1721677780151367,0.1620863974094391,4.747839450836182,-1.1721677780151367,0.1620863974094391,40,41,20.286053933895676,False,False
108,0,40,45,25.0,0.0,4.797396183013916,-1.1778907775878906,0.16201598942279816,4.797396183013916,-1.1778907775878906,0.16201598942279816,40,41,20.23691250339407,False,False
109,0,40,45,25.0,0.0,4.846974849700928,-1.183424949645996,0.16199754178524017,4.846974849700928,-1.183424949645996,0.16199754178524017,40,41,20.187741758800847,False,False
110,0,40,45,25.0,0.0,4.896574020385742,-1.1887717247009277,0.1620260626077652,4.896574020385742,-1.1887717247009277,0.1620260626077652,40,41,20.138543004181756,False,False
111,0,40,45,25.0,0.0,4.946193695068359,-1.193932056427002,0.16209711134433746,4.946193695068359,-1.193932056427002,0.16209711134433746,40,41,20.08931609266677,False,False
112,0,40,45,25.0,0.0,4.9958319664001465,-1.1989073753356934,0.16220663487911224,4.9958319664001465,-1.1989073753356934,0.16220663487911224,40,41,20.04006281455057,False,False
113,0,40,45,25.0,0.0,5.0454888343811035,-1.203698992729187,0.16235101222991943,5.0454888343811035,-1.203698992729187,0.16235101222991943,40,41,19.99078305429546,False,False
114,0,40,45,25.0,0.0,5.095163822174072,-1.2083083391189575,0.1625269651412964,5.095163822174072,-1.2083083391189575,0.1625269651412964,40,41,19.94147718471408,False,False
115,0,40,45,25.0,0.0,5.14485502243042,-1.21273672580719,0.162672758102417,5.14485502243042,-1.21273672580719,0.162672758102417,40,41,19.892147004444443,False,False
116,0,40,45,25.0,0.0,5.1945624351501465,-1.2169857025146484,0.16279159486293793,5.1945624351501465,-1.2169857025146484,0.16279159486293793,40,41,19.842792427863845,False,False
117,0,40,45,25.0,0.0,5.2442851066589355,-1.2210569381713867,0.162886381149292,5.2442851066589355,-1.2210569381713867,0.162886381149292,40,41,19.79341433389486,False,False
118,0,40,45,25.0,0.0,5.294022083282471,-1.2249517440795898,0.16295970976352692,5.294022083282471,-1.2249517440795898,0.16295970976352692,40,41,19.74401358461553,False,False
119,0,40,45,25.0,0.0,5.343773365020752,-1.2286720275878906,0.16301390528678894,5.343773365020752,-1.2286720275878906,0.16301390528678894,40,41,19.69459013224303,False,False
120,0,40,45,25.0,0.0,5.3935370445251465,-1.2322192192077637,0.1630510687828064,5.3935370445251465,-1.2322192192077637,0.1630510687828064,40,41,19.64514580828029,False,False
121,0,40,45,25.0,0.0,5.4433135986328125,-1.2355952262878418,0.16307306289672852,5.4433135986328125,-1.2355952262878418,0.16307306289672852,40,41,19.595680099569027,False,False
122,0,40,45,25.0,0.0,5.493101119995117,-1.2388017177581787,0.163081556558609,5.493101119995117,-1.2388017177581787,0.163081556558609,40,41,19.54619486270042,False,False
123,0,40,45,25.0,0.0,5.5428996086120605,-1.2418404817581177,0.16307805478572845,5.5428996086120605,-1.2418404817581177,0.16307805478572845,40,41,19.496690063256427,False,False
124,0,40,45,25.0,0.0,5.592708587646484,-1.2447131872177124,0.1630638986825943,5.592708587646484,-1.2447131872177124,0.1630638986825943,40,41,19.44716614014608,False,False
125,0,40,45,25.0,0.0,5.642527103424072,-1.2474218606948853,0.16304029524326324,5.642527103424072,-1.2474218606948853,0.16304029524326324,40,41,19.39762403595376,False,False
126,0,40,45,25.0,0.0,5.692354202270508,-1.2499682903289795,0.16300830245018005,5.692354202270508,-1.2499682903289795,0.16300830245018005,40,41,19.348064682996313,False,False
127,0,40,45,25.0,0.0,5.742189884185791,-1.252354383468628,0.16296885907649994,5.742189884185791,-1.252354383468628,0.16296885907649994,40,41,19.298488074420472,False,False
128,0,40,45,25.0,0.0,5.7920331954956055,-1.2545820474624634,0.16292284429073334,5.7920331954956055,-1.2545820474624634,0.16292284429073334,40,41,19.248895159898343,False,False
129,0,40,45,25.0,0.0,5.841883659362793,-1.2566531896591187,0.16287100315093994,5.841883659362793,-1.2566531896591187,0.16287100315093994,40,41,19.19928641800186,False,False
130,0,40,45,25.0,0.0,5.891740322113037,-1.2585698366165161,0.16281400620937347,5.891740322113037,-1.2585698366165161,0.16281400620937347,40,41,19.149662815600742,False,False
131,0,40,45,25.0,0.0,5.941603183746338,-1.260333776473999,0.16269363462924957,5.941603183746338,-1.260333776473999,0.16269363462924957,40,41,19.10002435689308,False,False
132,0,40,45,25.0,0.0,5.991471290588379,-1.2619470357894897,0.16245754063129425,5.991471290588379,-1.2619470357894897,0.16245754063129425,40,41,19.050372017828515,False,False
133,0,40,45,25.0,0.0,6.04134464263916,-1.2634116411209106,0.1621173471212387,6.04134464263916,-1.2634116411209106,0.1621173471212387,40,41,19.00070582726091,False,False
134,0,40,45,25.0,0.0,6.091222286224365,-1.2647297382354736,0.16180114448070526,6.091222286224365,-1.2647297382354736,0.16180114448070526,40,41,18.951026777981063,False,False
135,0,40,45,25.0,0.0,6.141103744506836,-1.2659032344818115,0.16150657832622528,6.141103744506836,-1.2659032344818115,0.16150657832622528,40,41,18.901335375431167,False,False
136,0,40,45,25.0,0.0,6.190989017486572,-1.2669342756271362,0.16123150289058685,6.190989017486572,-1.2669342756271362,0.16123150289058685,40,41,18.851631669409137,False,False
137,0,40,45,25.0,0.0,6.2408766746521,-1.2678248882293701,0.16097401082515717,6.2408766746521,-1.2678248882293701,0.16097401082515717,40,41,18.80191713317622,False,False
138,0,40,45,25.0,0.0,6.290767192840576,-1.268577218055725,0.16073234379291534,6.290767192840576,-1.268577218055725,0.16073234379291534,40,41,18.752191349030664,False,False
139,0,40,45,25.0,0.0,6.3406596183776855,-1.269193410873413,0.16062253713607788,6.3406596183776855,-1.269193410873413,0.16062253713607788,40,41,18.702455330556084,False,False
140,0,40,45,25.0,0.0,6.390553951263428,-1.269675374031067,0.16063138842582703,6.390553951263428,-1.269675374031067,0.16063138842582703,40,41,18.65270912753046,False,False
141,0,40,45,25.0,0.0,6.440449237823486,-1.2700252532958984,0.16068822145462036,6.440449237823486,-1.2700252532958984,0.16068822145462036,40,41,18.602953761105148,False,False
142,0,40,45,25.0,0.0,6.4903459548950195,-1.2702451944351196,0.16078819334506989,6.4903459548950195,-1.2702451944351196,0.16078819334506989,40,41,18.553188828971063,False,False
143,0,40,45,25.0,0.0,6.540242671966553,-1.2703371047973633,0.16092699766159058,6.540242671966553,-1.2703371047973633,0.16092699766159058,40,41,18.50341581897001,False,False
144,0,40,45,25.0,0.0,6.590140342712402,-1.2703033685684204,0.16110070049762726,6.590140342712402,-1.2703033685684204,0.16110070049762726,40,41,18.453633876535584,False,False
145,0,40,45,25.0,0.0,6.640037536621094,-1.2701457738876343,0.16130578517913818,6.640037536621094,-1.2701457738876343,0.16130578517913818,40,41,18.403844488139075,False,False
146,0,40,45,25.0,0.0,6.689934253692627,-1.2698664665222168,0.16153904795646667,6.689934253692627,-1.2698664665222168,0.16153904795646667,40,41,18.354047740945216,False,False
147,0,40,45,25.0,0.0,6.739830493927002,-1.2694677114486694,0.1617976576089859,6.739830493927002,-1.2694677114486694,0.1617976576089859,40,41,18.304243733651738,False,False
148,0,40,45,25.0,0.0,6.789726257324219,-1.2689512968063354,0.16202019155025482,6.789726257324219,-1.2689512968063354,0.16202019155025482,40,41,18.254432535054423,False,False
149,0,40,45,25.0,0.0,6.839620590209961,-1.2683194875717163,0.16221021115779877,6.839620590209961,-1.2683194875717163,0.16221021115779877,40,41,18.204615201373528,False,False
150,0,40,45,25.0,0.0,6.8895134925842285,-1.2675743103027344,0.16237092018127441,6.8895134925842285,-1.2675743103027344,0.16237092018127441,40,41,18.15479182385268,False,False
151,0,40,45,25.0,0.0,6.9394049644470215,-1.266717791557312,0.16244636476039886,6.9394049644470215,-1.266717791557312,0.16244636476039886,40,41,18.104962496555707,False,False
152,0,40,45,25.0,0.0,6.98929500579834,-1.2657520771026611,0.16244502365589142,6.98929500579834,-1.2657520771026611,0.16244502365589142,40,41,18.05512732463691,False,False
153,0,40,45,25.0,0.0,7.039182662963867,-1.2646790742874146,0.16237451136112213,7.039182662963867,-1.2646790742874146,0.16237451136112213,40,41,18.005287350534513,False,False
154,0,40,45,25.0,0.0,7.089068412780762,-1.2635009288787842,0.16218283772468567,7.089068412780762,-1.2635009288787842,0.16218283772468567,40,41,17.95544220896064,False,False
155,0,40,45,25.0,0.0,7.138951778411865,-1.2622195482254028,0.16194085776805878,7.138951778411865,-1.2622195482254028,0.16194085776805878,40,41,17.905592471678197,False,False
156,0,40,45,25.0,0.0,7.188832759857178,-1.260837197303772,0.1616535186767578,7.188832759857178,-1.260837197303772,0.1616535186767578,40,41,17.855738262374974,False,False
157,0,40,45,25.0,0.0,7.238710880279541,-1.2593556642532349,0.16132524609565735,7.238710880279541,-1.2593556642532349,0.16132524609565735,40,41,17.805880149079602,False,False
158,0,40,45,25.0,0.0,7.288586139678955,-1.257777214050293,0.16101883351802826,7.288586139678955,-1.257777214050293,0.16101883351802826,40,41,17.756018260064856,False,False
159,0,40,45,25.0,0.0,7.33845853805542,-1.2561036348342896,0.16084958612918854,7.33845853805542,-1.2561036348342896,0.16084958612918854,40,41,17.706152692028592,False,False
160,0,40,45,25.0,0.0,7.388327598571777,-1.2543370723724365,0.16086243093013763,7.388327598571777,-1.2543370723724365,0.16086243093013763,40,41,17.656284044678156,False,False
161,0,40,45,25.0,0.0,7.4381937980651855,-1.2524795532226562,0.160980224609375,7.4381937980651855,-1.2524795532226562,0.160980224609375,40,41,17.606411960009254,False,False
162,0,40,45,25.0,0.0,7.488056182861328,-1.2505327463150024,0.16119234263896942,7.488056182861328,-1.2505327463150024,0.16119234263896942,40,41,17.556537483348688,False,False
163,0,40,45,25.0,0.0,7.5379157066345215,-1.2484989166259766,0.16143037378787994,7.5379157066345215,-1.2484989166259766,0.16143037378787994,40,42,17.506659801727388,False,False
164,0,40,45,25.0,0.0,7.587771415710449,-1.2463797330856323,0.16169163584709167,7.587771415710449,-1.2463797330856323,0.16169163584709167,40,42,17.456779963973787,False,False
165,0,40,45,25.0,0.0,7.6376237869262695,-1.244177222251892,0.16197364032268524,7.6376237869262695,-1.244177222251892,0.16197364032268524,40,42,17.406897619181855,False,False
166,0,40,45,25.0,0.0,7.687472343444824,-1.2418931722640991,0.16221538186073303,7.687472343444824,-1.2418931722640991,0.16221538186073303,40,42,17.357013352253436,False,False
167,0,40,45,25.0,0.0,7.7373175621032715,-1.2395296096801758,0.16242074966430664,7.7373175621032715,-1.2395296096801758,0.16242074966430664,40,42,17.30712681541746,False,False
168,0,40,45,25.0,0.0,7.787159442901611,-1.2370884418487549,0.16259324550628662,7.787159442901611,-1.2370884418487549,0.16259324550628662,40,42,17.257238129464604,False,False
169,0,40,45,25.0,0.0,7.8369975090026855,-1.2345713376998901,0.16273601353168488,7.8369975090026855,-1.2345713376998901,0.16273601353168488,40,42,17.207347875075058,False,False
170,0,40,45,25.0,0.0,7.886831760406494,-1.2319802045822144,0.16285188496112823,7.886831760406494,-1.2319802045822144,0.16285188496112823,40,42,17.157456175701405,False,False
171,0,40,45,25.0,0.0,7.936662673950195,-1.2293168306350708,0.16294340789318085,7.936662673950195,-1.2293168306350708,0.16294340789318085,40,42,17.10756267189009,False,False
172,0,40,45,25.0,0.0,7.986489772796631,-1.2265830039978027,0.16301286220550537,7.986489772796631,-1.2265830039978027,0.16301286220550537,40,42,17.057667956577472,False,False
173,0,40,45,25.0,0.0,8.0363130569458,-1.223780632019043,0.16306230425834656,8.0363130569458,-1.223780632019043,0.16306230425834656,40,42,17.007772156789155,False,False
174,0,40,45,25.0,0.0,8.086133003234863,-1.2209113836288452,0.16315238177776337,8.086133003234863,-1.2209113836288452,0.16315238177776337,40,42,16.95787490786907,False,False
175,0,40,45,25.0,0.0,8.13594913482666,-1.2179770469665527,0.16327886283397675,8.13594913482666,-1.2179770469665527,0.16327886283397675,40,42,16.90797680593663,False,False
176,0,40,45,25.0,0.0,8.185761451721191,-1.2149792909622192,0.16343796253204346,8.185761451721191,-1.2149792909622192,0.16343796253204346,40,42,16.858077963869192,False,False
177,0,40,45,25.0,0.0,8.235569953918457,-1.2119197845458984,0.16350863873958588,8.235569953918457,-1.2119197845458984,0.16350863873958588,40,42,16.808178495427022,False,False
178,0,40,45,25.0,0.0,8.285375595092773,-1.2088003158569336,0.16355837881565094,8.285375595092773,-1.2088003158569336,0.16355837881565094,40,42,16.75827757261277,False,False
179,0,40,45,25.0,0.0,8.335176467895508,-1.2056225538253784,0.1635303497314453,8.335176467895508,-1.2056225538253784,0.1635303497314453,40,42,16.708377213196858,False,False
180,0,40,45,25.0,0.0,8.38497543334961,-1.202388048171997,0.16343215107917786,8.38497543334961,-1.202388048171997,0.16343215107917786,40,42,16.658474671133096,False,False
181,0,40,45,25.0,0.0,8.434769630432129,-1.1990984678268433,0.16327066719532013,8.434769630432129,-1.1990984678268433,0.16327066719532013,40,42,16.60857291679205,False,False
182,0,40,45,25.0,0.0,8.4845609664917,-1.1957554817199707,0.1630520522594452,8.4845609664917,-1.1957554817199707,0.1630520522594452,40,42,16.558670165251584,False,False
183,0,40,45,25.0,0.0,8.53434944152832,-1.192360520362854,0.16284067928791046,8.53434944152832,-1.192360520362854,0.16284067928791046,40,42,16.508766517345222,False,False
184,0,40,45,25.0,0.0,8.58413314819336,-1.1889152526855469,0.16275325417518616,8.58413314819336,-1.1889152526855469,0.16275325417518616,40,42,16.458863994040183,False,False
185,0,40,45,25.0,0.0,8.633914947509766,-1.1854212284088135,0.16277718544006348,8.633914947509766,-1.1854212284088135,0.16277718544006348,40,42,16.408959852291265,False,False
186,0,40,45,25.0,0.0,8.68369197845459,-1.1818798780441284,0.16284237802028656,8.68369197845459,-1.1818798780441284,0.16284237802028656,40,42,16.359057048010825,False,False
187,0,40,45,25.0,0.0,8.733467102050781,-1.1782928705215454,0.1629445105791092,8.733467102050781,-1.1782928705215454,0.1629445105791092,40,42,16.30915284767379,False,False
188,0,40,45,25.0,0.0,8.783238410949707,-1.1746615171432495,0.16307975351810455,8.783238410949707,-1.1746615171432495,0.16307975351810455,40,42,16.259249248226507,False,False
189,0,40,45,25.0,0.0,8.833006858825684,-1.1709873676300049,0.16318579018115997,8.833006858825684,-1.1709873676300049,0.16318579018115997,40,42,16.20934541065513,False,False
190,0,40,45,25.0,0.0,8.882772445678711,-1.1672718524932861,0.1632654219865799,8.882772445678711,-1.1672718524932861,0.1632654219865799,40,42,16.159441438843004,False,False
191,0,40,45,25.0,0.0,8.932535171508789,-1.1635164022445679,0.1633211076259613,8.932535171508789,-1.1635164022445679,0.1633211076259613,40,42,16.109537436968644,False,False
192,0,40,45,25.0,0.0,8.982295036315918,-1.1597224473953247,0.16335508227348328,8.982295036315918,-1.1597224473953247,0.16335508227348328,40,42,16.059633509474065,False,False
193,0,40,45,25.0,0.0,9.032052993774414,-1.1558911800384521,0.16331055760383606,9.032052993774414,-1.1558911800384521,0.16331055760383606,40,42,16.00972879263479,False,False
194,0,40,45,25.0,0.0,9.081807136535645,-1.152024269104004,0.16319525241851807,9.081807136535645,-1.152024269104004,0.16319525241851807,40,42,15.959825310919044,False,False
195,0,40,45,25.0,0.0,9.131559371948242,-1.148122787475586,0.16301608085632324,9.131559371948242,-1.148122787475586,0.16301608085632324,40,42,15.909921241198033,False,False
196,0,40,45,25.0,0.0,9.18130874633789,-1.1441880464553833,0.16289687156677246,9.18130874633789,-1.1441880464553833,0.16289687156677246,40,42,15.860017631274484,False,False
197,0,40,45,25.0,0.0,9.231056213378906,-1.1402214765548706,0.16283147037029266,9.231056213378906,-1.1402214765548706,0.16283147037029266,40,42,15.810113635303605,False,False
198,0,40,45,25.0,0.0,9.280800819396973,-1.1362242698669434,0.16281431913375854,9.280800819396973,-1.1362242698669434,0.16281431913375854,40,42,15.760210292724699,False,False
199,0,40,45,25.0,0.0,9.330543518066406,-1.1321977376937866,0.16284042596817017,9.330543518066406,-1.1321977376937866,0.16284042596817017,40,42,15.710306749279265,False,False
200,0,40,45,25.0,0.0,9.38028335571289,-1.1281428337097168,0.16290532052516937,9.38028335571289,-1.1281428337097168,0.16290532052516937,40,42,15.660404027389278,False,False
201,0,40,45,25.0,0.0,9.430021286010742,-1.124061107635498,0.16300494968891144,9.430021286010742,-1.124061107635498,0.16300494968891144,40,42,15.61050129008602,False,False
202,0,40,45,25.0,0.0,9.479758262634277,-1.1199536323547363,0.16313567757606506,9.479758262634277,-1.1199536323547363,0.16313567757606506,40,42,15.56059766605684,False,False
203,0,40,45,25.0,0.0,9.529492378234863,-1.1158214807510376,0.1632942408323288,9.529492378234863,-1.1158214807510376,0.1632942408323288,40,42,15.510695137613872,False,False
204,0,40,45,25.0,0.0,9.579224586486816,-1.1116658449172974,0.1633601039648056,9.579224586486816,-1.1116658449172974,0.1633601039648056,40,42,15.460792842049479,False,False
205,0,40,45,25.0,0.0,9.628954887390137,-1.1074879169464111,0.16334238648414612,9.628954887390137,-1.1074879169464111,0.16334238648414612,40,42,15.410890867826877,False,False
206,0,40,45,25.0,0.0,9.67868423461914,-1.1032886505126953,0.16324932873249054,9.67868423461914,-1.1032886505126953,0.16324932873249054,40,42,15.360988335027736,False,False
207,0,40,45,25.0,0.0,9.728411674499512,-1.099069356918335,0.16314710676670074,9.728411674499512,-1.099069356918335,0.16314710676670074,40,42,15.311086291797839,False,False
208,0,40,45,25.0,0.0,9.77813720703125,-1.094830870628357,0.16309529542922974,9.77813720703125,-1.094830870628357,0.16309529542922974,40,42,15.261184800769803,False,False
209,0,40,45,25.0,0.0,9.827861785888672,-1.0905742645263672,0.16308869421482086,9.827861785888672,-1.0905742645263672,0.16308869421482086,40,42,15.211282990416834,False,False
210,0,40,45,25.0,0.0,9.877584457397461,-1.0863006114959717,0.16312262415885925,9.877584457397461,-1.0863006114959717,0.16312262415885925,40,42,15.161381891558676,False,False
211,0,40,45,25.0,0.0,9.927306175231934,-1.0820107460021973,0.16319288313388824,9.927306175231934,-1.0820107460021973,0.16319288313388824,40,42,15.111480615401842,False,False
212,0,40,45,25.0,0.0,9.97702693939209,-1.0777058601379395,0.1632957011461258,9.97702693939209,-1.0777058601379395,0.1632957011461258,40,42,15.06157924989032,False,False
213,0,40,45,25.0,0.0,10.02674674987793,-1.0733869075775146,0.1633688509464264,10.02674674987793,-1.0733869075775146,0.1633688509464264,40,42,15.011677865770034,False,False
214,0,40,45,25.0,0.0,10.076464653015137,-1.0690546035766602,0.16341519355773926,10.076464653015137,-1.0690546035766602,0.16341519355773926,40,42,14.961777467872428,False,False
215,0,40,45,25.0,0.0,10.126182556152344,-1.064710021018982,0.16343724727630615,10.126182556152344,-1.064710021018982,0.16343724727630615,40,42,14.911876232780537,False,False
216,0,40,45,25.0,0.0,10.175898551940918,-1.0603541135787964,0.16337850689888,10.175898551940918,-1.0603541135787964,0.16337850689888,40,42,14.861976133358942,False,False
217,0,40,45,25.0,0.0,10.225614547729492,-1.0559875965118408,0.16324692964553833,10.225614547729492,-1.0559875965118408,0.16324692964553833,40,42,14.812075320367814,False,False
218,0,40,45,25.0,0.0,10.27532958984375,-1.0516115427017212,0.1631084829568863,10.27532958984375,-1.0516115427017212,0.1631084829568863,40,42,14.762174823665871,False,False
219,0,40,45,25.0,0.0,10.325044631958008,-1.0472264289855957,0.16296368837356567,10.325044631958008,-1.0472264289855957,0.16296368837356567,40,42,14.712273727999706,False,False
220,0,40,45,25.0,0.0,10.374757766723633,-1.0428334474563599,0.1629306674003601,10.374757766723633,-1.0428334474563599,0.1629306674003601,40,42,14.662374022686244,False,False
221,0,40,45,25.0,0.0,10.424470901489258,-1.0384330749511719,0.16293929517269135,10.424470901489258,-1.0384330749511719,0.16293929517269135,40,42,14.61247384095814,False,False
222,0,40,45,25.0,0.0,10.474184036254883,-1.0340262651443481,0.16298523545265198,10.474184036254883,-1.0340262651443481,0.16298523545265198,40,42,14.562573252334246,False,False
223,0,40,45,25.0,0.0,10.523896217346191,-1.029613733291626,0.163064643740654,10.523896217346191,-1.029613733291626,0.163064643740654,40,42,14.512673260497069,False,False
224,0,40,45,25.0,0.0,10.5736083984375,-1.0251961946487427,0.16317403316497803,10.5736083984375,-1.0251961946487427,0.16317403316497803,40,42,14.46277296645271,False,False
225,0,40,45,25.0,0.0,10.623319625854492,-1.0207743644714355,0.16331025958061218,10.623319625854492,-1.0207743644714355,0.16331025958061218,40,42,14.412873373602595,False,False
226,0,40,45,25.0,0.0,10.673030853271484,-1.016348958015442,0.16347050666809082,10.673030853271484,-1.016348958015442,0.16347050666809082,40,42,14.362973582645408,False,False
227,0,40,45,25.0,0.0,10.722742080688477,-1.011920690536499,0.163652241230011,10.722742080688477,-1.011920690536499,0.163652241230011,40,42,14.313073645394251,False,False
228,0,40,45,25.0,0.0,10.772453308105469,-1.0074901580810547,0.16385319828987122,10.772453308105469,-1.0074901580810547,0.16385319828987122,40,42,14.263173605080645,False,False
229,0,40,45,25.0,0.0,10.822164535522461,-1.0030580759048462,0.16401250660419464,10.822164535522461,-1.0030580759048462,0.16401250660419464,40,42,14.213273513214151,False,False
230,0,40,45,25.0,0.0,10.871875762939453,-0.9986251592636108,0.16407541930675507,10.871875762939453,-0.9986251592636108,0.16407541930675507,40,42,14.163373421135656,False,False
231,0,40,45,25.0,0.0,10.921586990356445,-0.9941918849945068,0.16399265825748444,10.921586990356445,-0.9941918849945068,0.16399265825748444,40,42,14.113473363218915,False,False
232,0,40,45,25.0,0.0,10.971298217773438,-0.9897589087486267,0.16389630734920502,10.971298217773438,-0.9897589087486267,0.16389630734920502,40,42,14.06357338630883,False,False
233,0,40,45,25.0,0.0,11.02100944519043,-0.9853267669677734,0.1637875884771347,11.02100944519043,-0.9853267669677734,0.1637875884771347,40,42,14.013673528706109,False,False
234,0,40,45,25.0,0.0,11.070721626281738,-0.9808960556983948,0.16366760432720184,11.070721626281738,-0.9808960556983948,0.16366760432720184,40,42,13.963772881446472,False,False
235,0,40,45,25.0,0.0,11.120433807373047,-0.9764672517776489,0.1635373830795288,11.120433807373047,-0.9764672517776489,0.1635373830795288,40,42,13.913872429676335,False,False
236,0,40,45,25.0,0.0,11.170145988464355,-0.9720409512519836,0.16339781880378723,11.170145988464355,-0.9720409512519836,0.16339781880378723,40,42,13.863972215469108,False,False
237,0,40,45,25.0,0.0,11.21985912322998,-0.9676176309585571,0.1633085161447525,11.21985912322998,-0.9676176309585571,0.1633085161447525,40,42,13.814071321061355,False,False
238,0,40,45,25.0,0.0,11.269572257995605,-0.9631977677345276,0.16326433420181274,11.269572257995605,-0.9631977677345276,0.16326433420181274,40,42,13.764170731219977,False,False
239,0,40,45,25.0,0.0,11.31928539276123,-0.9587818384170532,0.1633194237947464,11.31928539276123,-0.9587818384170532,0.1633194237947464,40,42,13.714270479263366,False,False
240,0,40,45,25.0,0.0,11.368999481201172,-0.9543703198432922,0.1634049266576767,11.368999481201172,-0.9543703198432922,0.1634049266576767,40,42,13.664369647037939,False,False
241,0,40,45,25.0,0.0,11.418713569641113,-0.9499636292457581,0.16351766884326935,11.418713569641113,-0.9499636292457581,0.16351766884326935,40,42,13.61446921478543,False,False
242,0,40,45,25.0,0.0,11.468428611755371,-0.9455623030662537,0.1635960340499878,11.468428611755371,-0.9455623030662537,0.1635960340499878,40,42,13.564568268254638,False,False
243,0,40,45,25.0,0.0,11.518144607543945,-0.9411666393280029,0.16364333033561707,11.518144607543945,-0.9411666393280029,0.16364333033561707,40,42,13.51466682778678,False,False
244,0,40,45,25.0,0.0,11.56786060333252,-0.9367771148681641,0.1636037677526474,11.56786060333252,-0.9367771148681641,0.1636037677526474,40,42,13.46476587744649,False,False
245,0,40,45,25.0,0.0,11.617578506469727,-0.9323940873146057,0.163544699549675,11.617578506469727,-0.9323940873146057,0.163544699549675,40,42,13.414863538797563,False,False
246,0,40,45,25.0,0.0,11.667295455932617,-0.9280179142951965,0.16352678835391998,11.667295455932617,-0.9280179142951965,0.16352678835391998,40,42,13.364962690133027,False,False
247,0,40,45,25.0,0.0,11.71701431274414,-0.92364901304245,0.1634870022535324,11.71701431274414,-0.92364901304245,0.1634870022535324,40,42,13.315060505575568,False,False
248,0,40,45,25.0,0.0,11.766733169555664,-0.9192876219749451,0.16342739760875702,11.766733169555664,-0.9192876219749451,0.16342739760875702,40,42,13.26515890359609,False,False
249,0,40,45,25.0,0.0,11.816452980041504,-0.9149342179298401,0.16340866684913635,11.816452980041504,-0.9149342179298401,0.16340866684913635,40,42,13.21525696498541,False,False
250,0,40,45,25.0,0.0,11.86617374420166,-0.9105889201164246,0.16342659294605255,11.86617374420166,-0.9105889201164246,0.16342659294605255,40,42,13.16535469704241,False,False
251,0,40,45,25.0,0.0,11.915895462036133,-0.9062522053718567,0.16341857612133026,11.915895462036133,-0.9062522053718567,0.16341857612133026,40,42,13.115452131745517,False,False
252,0,40,45,25.0,0.0,11.965618133544922,-0.9019243121147156,0.16338714957237244,11.965618133544922,-0.9019243121147156,0.16338714957237244,40,42,13.065549284486917,False,False
253,0,40,45,25.0,0.0,12.015341758728027,-0.8976054787635803,0.16333450376987457,12.015341758728027,-0.8976054787635803,0.16333450376987457,40,42,13.015646170595549,False,False
254,0,40,45,25.0,0.0,12.065065383911133,-0.8932960629463196,0.16326266527175903,12.065065383911133,-0.8932960629463196,0.16326266527175903,40,42,12.965743764958855,False,False
255,0,40,45,25.0,0.0,12.114790916442871,-0.8889961838722229,0.16317346692085266,12.114790916442871,-0.8889961838722229,0.16317346692085266,40,42,12.915840171739603,False,False
256,0,40,45,25.0,0.0,12.16451644897461,-0.8847061991691589,0.1630685180425644,12.16451644897461,-0.8847061991691589,0.1630685180425644,40,42,12.865937317097877,False,False
257,0,40,45,25.0,0.0,12.21424388885498,-0.8804262280464172,0.16294929385185242,12.21424388885498,-0.8804262280464172,0.16294929385185242,40,42,12.816033305071981,False,False
258,0,40,45,25.0,0.0,12.263971328735352,-0.8761565685272217,0.16287590563297272,12.263971328735352,-0.8761565685272217,0.16287590563297272,40,42,12.766130057611374,False,False
259,0,40,45,25.0,0.0,12.313700675964355,-0.8718973994255066,0.1627848744392395,12.313700675964355,-0.8718973994255066,0.1627848744392395,40,42,12.716225682731185,False,False
260,0,40,45,25.0,0.0,12.363430976867676,-0.8676489591598511,0.1626778542995453,12.363430976867676,-0.8676489591598511,0.1626778542995453,40,42,12.666321146754434,False,False
261,0,40,45,25.0,0.0,12.413161277770996,-0.8634113073348999,0.16255633533000946,12.413161277770996,-0.8634113073348999,0.16255633533000946,40,42,12.616417403725878,False,False
262,0,40,45,25.0,0.0,12.46289348602295,-0.859184741973877,0.16242167353630066,12.46289348602295,-0.859184741973877,0.16242167353630066,40,42,12.566512569668902,False,False
263,0,40,45,25.0,0.0,12.512626647949219,-0.854969322681427,0.16233386099338531,12.512626647949219,-0.854969322681427,0.16233386099338531,40,43,12.51660759855618,False,False
264,0,40,45,25.0,0.0,12.562360763549805,-0.8507652878761292,0.16222931444644928,12.562360763549805,-0.8507652878761292,0.16222931444644928,40,43,12.466702505119,False,False
265,0,40,45,25.0,0.0,12.612095832824707,-0.846572756767273,0.16216839849948883,12.612095832824707,-0.846572756767273,0.16216839849948883,40,43,12.416797295906038,False,False
266,0,40,45,25.0,0.0,12.661831855773926,-0.8423917889595032,0.16208785772323608,12.661831855773926,-0.8423917889595032,0.16208785772323608,40,43,12.366891973382055,False,False
267,0,40,45,25.0,0.0,12.711568832397461,-0.8382225632667542,0.16198953986167908,12.711568832397461,-0.8382225632667542,0.16198953986167908,40,43,12.316986548116182,False,False
268,0,40,45,25.0,0.0,12.761307716369629,-0.8340651988983154,0.16187512874603271,12.761307716369629,-0.8340651988983154,0.16187512874603271,40,43,12.267080075120031,False,False
269,0,40,45,25.0,0.0,12.811046600341797,-0.8299197554588318,0.16174611449241638,12.811046600341797,-0.8299197554588318,0.16174611449241638,40,43,12.217174459732501,False,False
270,0,40,45,25.0,0.0,12.860787391662598,-0.8257863521575928,0.16166269779205322,12.860787391662598,-0.8257863521575928,0.16166269779205322,40,43,12.167267805461812,False,False
271,0,40,45,25.0,0.0,12.910528182983398,-0.8216651082038879,0.16162016987800598,12.910528182983398,-0.8216651082038879,0.16162016987800598,40,43,12.117362021681055,False,False
272,0,40,45,25.0,0.0,12.960270881652832,-0.8175559639930725,0.16161435842514038,12.960270881652832,-0.8175559639930725,0.16161435842514038,40,43,12.067455199727792,False,False
273,0,40,45,25.0,0.0,13.010014533996582,-0.8134590983390808,0.16164147853851318,13.010014533996582,-0.8134590983390808,0.16164147853851318,40,43,12.01754830153155,False,False
274,0,40,45,25.0,0.0,13.059759140014648,-0.8093745708465576,0.16175693273544312,13.059759140014648,-0.8093745708465576,0.16175693273544312,40,43,11.967641329451546,False,False
275,0,40,45,25.0,0.0,13.109504699707031,-0.8053023815155029,0.16195176541805267,13.109504699707031,-0.8053023815155029,0.16195176541805267,40,43,11.917734281815639,False,False
276,0,40,45,25.0,0.0,13.15925121307373,-0.8012425899505615,0.16221794486045837,13.15925121307373,-0.8012425899505615,0.16221794486045837,40,43,11.867827160986403,False,False
277,0,40,45,25.0,0.0,13.208998680114746,-0.7971952557563782,0.16248942911624908,13.208998680114746,-0.7971952557563782,0.16248942911624908,40,43,11.817919969323547,False,False
278,0,40,45,25.0,0.0,13.258748054504395,-0.7931603193283081,0.16276557743549347,13.258748054504395,-0.7931603193283081,0.16276557743549347,40,43,11.768011749644089,False,False
279,0,40,45,25.0,0.0,13.308497428894043,-0.7891378998756409,0.16298703849315643,13.308497428894043,-0.7891378998756409,0.16298703849315643,40,43,11.718104411345605,False,False
280,0,40,45,25.0,0.0,13.358248710632324,-0.7851279377937317,0.16310037672519684,13.358248710632324,-0.7851279377937317,0.16310037672519684,40,43,11.668196045756096,False,False
281,0,40,45,25.0,0.0,13.408000946044922,-0.7811304330825806,0.16311635076999664,13.408000946044922,-0.7811304330825806,0.16311635076999664,40,43,11.618287602757267,False,False
282,0,40,45,25.0,0.0,13.457754135131836,-0.7771454453468323,0.16304460167884827,13.457754135131836,-0.7771454453468323,0.16304460167884827,40,43,11.568379084741714,False,False
283,0,40,45,25.0,0.0,13.507508277893066,-0.773172914981842,0.16295263171195984,13.507508277893066,-0.773172914981842,0.16295263171195984,40,43,11.51847048610005,False,False
284,0,40,45,25.0,0.0,13.55726432800293,-0.7692128419876099,0.16284234821796417,13.55726432800293,-0.7692128419876099,0.16284234821796417,40,43,11.468560853719742,False,False
285,0,40,45,25.0,0.0,13.607020378112793,-0.765265166759491,0.16277430951595306,13.607020378112793,-0.765265166759491,0.16277430951595306,40,43,11.418652085083975,False,False
286,0,40,45,25.0,0.0,13.656778335571289,-0.7613299489021301,0.1627441793680191,13.656778335571289,-0.7613299489021301,0.1627441793680191,40,43,11.368742279577814,False,False
287,0,40,45,25.0,0.0,13.706537246704102,-0.7574070692062378,0.1627480685710907,13.706537246704102,-0.7574070692062378,0.1627480685710907,40,43,11.31883237920614,False,False
288,0,40,45,25.0,0.0,13.756296157836914,-0.7534965872764587,0.1627824902534485,13.756296157836914,-0.7534965872764587,0.1627824902534485,40,43,11.26892333798177,False,False
289,0,40,45,25.0,0.0,13.80605697631836,-0.7495983242988586,0.16284428536891937,13.80605697631836,-0.7495983242988586,0.16284428536891937,40,43,11.219013239372815,False,False
290,0,40,45,25.0,0.0,13.855818748474121,-0.7457123398780823,0.16293062269687653,13.855818748474121,-0.7457123398780823,0.16293062269687653,40,43,11.169103037429073,False,False
291,0,40,45,25.0,0.0,13.9055814743042,-0.7418385744094849,0.1630389541387558,13.9055814743042,-0.7418385744094849,0.1630389541387558,40,43,11.119192726712857,False,False
292,0,40,45,25.0,0.0,13.955345153808594,-0.7379769086837769,0.16316699981689453,13.955345153808594,-0.7379769086837769,0.16316699981689453,40,43,11.069282297838907,False,False
293,0,40,45,25.0,0.0,14.005109786987305,-0.7341272830963135,0.16331267356872559,14.005109786987305,-0.7341272830963135,0.16331267356872559,40,43,11.01937174543035,False,False
294,0,40,45,25.0,0.0,14.054875373840332,-0.7302896976470947,0.16347412765026093,14.054875373840332,-0.7302896976470947,0.16347412765026093,40,43,10.969461068104316,False,False
295,0,40,45,25.0,0.0,14.104641914367676,-0.7264639735221863,0.16364970803260803,14.104641914367676,-0.7264639735221863,0.16364970803260803,40,43,10.919550252596455,False,False
296,0,40,45,25.0,0.0,14.154409408569336,-0.7226501107215881,0.16383790969848633,14.154409408569336,-0.7226501107215881,0.16383790969848633,40,43,10.869639297578152,False,False
297,0,40,45,25.0,0.0,14.204177856445312,-0.7188480496406555,0.16403736174106598,14.204177856445312,-0.7188480496406555,0.16403736174106598,40,43,10.819728197775483,False,False
298,0,40,45,25.0,0.0,14.253947257995605,-0.7150576114654541,0.16424687206745148,14.253947257995605,-0.7150576114654541,0.16424687206745148,40,43,10.769816940025251,False,False
299,0,40,45,25.0,0.0,14.303717613220215,-0.7112787961959839,0.16440653800964355,14.303717613220215,-0.7112787961959839,0.16440653800964355,40,43,10.71990552307498,False,False
300,0,40,45,25.0,0.0,14.35348892211914,-0.7075114250183105,0.16446246206760406,14.35348892211914,-0.7075114250183105,0.16446246206760406,40,43,10.669993933830108,False,False
301,0,40,45,25.0,0.0,14.403261184692383,-0.7037554979324341,0.16442497074604034,14.403261184692383,-0.7037554979324341,0.16442497074604034,40,43,10.620082171090637,False,False
302,0,40,45,25.0,0.0,14.453034400939941,-0.7000108361244202,0.1643621176481247,14.453034400939941,-0.7000108361244202,0.1643621176481247,40,43,10.570170221829349,False,False
303,0,40,45,25.0,0.0,14.502808570861816,-0.6962773203849792,0.16433517634868622,14.502808570861816,-0.6962773203849792,0.16433517634868622,40,43,10.520258077008123,False,False
304,0,40,45,25.0,0.0,14.552583694458008,-0.6925549507141113,0.16434043645858765,14.552583694458008,-0.6925549507141113,0.16434043645858765,40,43,10.470345735507655,False,False
305,0,40,45,25.0,0.0,14.602359771728516,-0.6888436079025269,0.16437460482120514,14.602359771728516,-0.6888436079025269,0.16437460482120514,40,43,10.420433188342875,False,False
306,0,40,45,25.0,0.0,14.65213680267334,-0.6851430535316467,0.16443471610546112,14.65213680267334,-0.6851430535316467,0.16443471610546112,40,43,10.370520418686334,False,False
307,0,40,45,25.0,0.0,14.70191478729248,-0.6814533472061157,0.1645180732011795,14.70191478729248,-0.6814533472061157,0.1645180732011795,40,43,10.320607429439592,False,False
308,0,40,45,25.0,0.0,14.751692771911621,-0.6777742505073547,0.16462227702140808,14.751692771911621,-0.6777742505073547,0.16462227702140808,40,43,10.270695155438084,False,False
309,0,40,45,25.0,0.0,14.801472663879395,-0.674105703830719,0.16468635201454163,14.801472663879395,-0.674105703830719,0.16468635201454163,40,43,10.220781688576288,False,False
310,0,40,45,25.0,0.0,14.851252555847168,-0.6704475283622742,0.1647142469882965,14.851252555847168,-0.6704475283622742,0.1647142469882965,40,43,10.17086891929523,False,False
311,0,40,45,25.0,0.0,14.901033401489258,-0.6667996644973755,0.16470950841903687,14.901033401489258,-0.6667996644973755,0.16470950841903687,40,43,10.120955891140394,False,False
312,0,40,45,25.0,0.0,14.950815200805664,-0.6631619334220886,0.1647341251373291,14.950815200805664,-0.6631619334220886,0.1647341251373291,40,43,10.071042591425112,False,False
313,0,40,45,25.0,0.0,15.000595092773438,-0.6595345139503479,0.16478505730628967,15.000595092773438,-0.6595345139503479,0.16478505730628967,40,43,10.021131885857923,False,False
314,0,40,45,25.0,0.0,15.050347328186035,-0.6559189558029175,0.164800763130188,15.050347328186035,-0.6559189558029175,0.164800763130188,40,43,9.971249568951544,False,False
315,0,40,45,25.0,0.0,15.10004997253418,-0.6523167490959167,0.16484344005584717,15.10004997253418,-0.6523167490959167,0.16484344005584717,40,43,9.92141762488968,False,False
316,0,40,45,25.0,0.0,15.149682998657227,-0.648729145526886,0.16485148668289185,15.149682998657227,-0.648729145526886,0.16485148668289185,40,43,9.871656118970035,False,False
317,0,40,45,25.0,0.0,15.199230194091797,-0.6451571583747864,0.16482822597026825,15.199230194091797,-0.6451571583747864,0.16482822597026825,40,43,9.821981294392906,False,False
318,0,40,45,25.0,0.0,15.248674392700195,-0.6416018605232239,0.16477669775485992,15.248674392700195,-0.6416018605232239,0.16477669775485992,40,43,9.77241034990896,False,False
319,0,40,45,25.0,0.0,15.29800033569336,-0.6380640864372253,0.16469961404800415,15.29800033569336,-0.6380640864372253,0.16469961404800415,40,43,9.72295856540627,False,False
320,0,40,45,25.0,0.0,15.347196578979492,-0.6345445513725281,0.16465821862220764,15.347196578979492,-0.6345445513725281,0.16465821862220764,40,43,9.673637406505465,False,False
321,0,40,45,25.0,0.0,15.396251678466797,-0.6310439109802246,0.16464880108833313,15.396251678466797,-0.6310439109802246,0.16464880108833313,40,43,9.624458334936934,False,False
322,0,40,45,25.0,0.0,15.445155143737793,-0.6275627017021179,0.16466808319091797,15.445155143737793,-0.6275627017021179,0.16466808319091797,40,43,9.57543185301885,False,False
323,0,40,45,25.0,0.0,15.493896484375,-0.6241014003753662,0.16465426981449127,15.493896484375,-0.6241014003753662,0.16465426981449127,40,43,9.526568459194973,False,False
324,0,40,45,25.0,0.0,15.542469024658203,-0.6206604242324829,0.16461054980754852,15.542469024658203,-0.6206604242324829,0.16461054980754852,40,43,9.477874841532675,False,False
325,0,40,45,25.0,0.0,15.590865135192871,-0.6172401309013367,0.16453982889652252,15.590865135192871,-0.6172401309013367,0.16453982889652252,40,43,9.42935863584179,False,False
326,0,40,45,25.0,0.0,15.639078140258789,-0.6138406991958618,0.1644447147846222,15.639078140258789,-0.6138406991958618,0.1644447147846222,40,43,9.381026514628882,False,False
327,0,40,45,25.0,0.0,15.687103271484375,-0.6104623675346375,0.1643863171339035,15.687103271484375,-0.6104623675346375,0.1643863171339035,40,43,9.332883251073754,False,False
328,0,40,45,25.0,0.0,15.734933853149414,-0.6071053743362427,0.1643608808517456,15.734933853149414,-0.6071053743362427,0.1643608808517456,40,43,9.284935521642824,False,False
329,0,40,45,25.0,0.0,15.78256607055664,-0.603769838809967,0.1643649786710739,15.78256607055664,-0.603769838809967,0.1643649786710739,40,43,9.237187140136886,False,False
330,0,40,45,25.0,0.0,15.829997062683105,-0.6004558205604553,0.16433677077293396,15.829997062683105,-0.6004558205604553,0.16433677077293396,40,43,9.189640964849792,False,False
331,0,40,45,25.0,0.0,15.877222061157227,-0.5971633791923523,0.16427938640117645,15.877222061157227,-0.5971633791923523,0.16427938640117645,40,43,9.14230175737406,False,False
332,0,40,45,25.0,0.0,15.924239158630371,-0.5938925743103027,0.16425445675849915,15.924239158630371,-0.5938925743103027,0.16425445675849915,40,43,9.095171424418524,False,False
333,0,40,45,25.0,0.0,15.971044540405273,-0.5906433463096619,0.1641998291015625,15.971044540405273,-0.5906433463096619,0.1641998291015625,40,43,9.048253768207724,False,False
334,0,40,45,25.0,0.0,16.017637252807617,-0.5874156951904297,0.16417717933654785,16.017637252807617,-0.5874156951904297,0.16417717933654785,40,43,9.00154973996731,False,False
335,0,40,45,25.0,0.0,16.064014434814453,-0.5842095613479614,0.16412442922592163,16.064014434814453,-0.5842095613479614,0.16412442922592163,40,43,8.95506219033541,False,False
336,0,40,45,25.0,0.0,16.11017417907715,-0.5810248851776123,0.16410326957702637,16.11017417907715,-0.5810248851776123,0.16410326957702637,40,43,8.908793018335441,False,False
337,0,40,45,25.0,0.0,16.156118392944336,-0.5778616070747375,0.16405166685581207,16.156118392944336,-0.5778616070747375,0.16405166685581207,40,43,8.862740316434216,False,False
338,0,40,45,25.0,0.0,16.201841354370117,-0.5747196078300476,0.16403137147426605,16.201841354370117,-0.5747196078300476,0.16403137147426605,40,43,8.816909786387528,False,False
339,0,40,45,25.0,0.0,16.247344970703125,-0.5715987682342529,0.1639803647994995,16.247344970703125,-0.5715987682342529,0.1639803647994995,40,43,8.771299516817493,False,False
340,0,40,45,25.0,0.0,16.292627334594727,-0.568498969078064,0.16396041214466095,16.292627334594727,-0.568498969078064,0.16396041214466095,40,43,8.725911402947531,False,False
341,0,40,45,25.0,0.0,16.337690353393555,-0.5654200315475464,0.16390955448150635,16.337690353393555,-0.5654200315475464,0.16390955448150635,40,43,8.680743529546666,False,False
342,0,40,45,25.0,0.0,16.382530212402344,-0.5623618960380554,0.1638895720243454,16.382530212402344,-0.5623618960380554,0.1638895720243454,40,43,8.63579969905937,False,False
343,0,40,45,25.0,0.0,16.42715072631836,-0.559324324131012,0.16383850574493408,16.42715072631836,-0.559324324131012,0.16383850574493408,40,43,8.59107608910714,False,False
344,0,40,45,25.0,0.0,16.471548080444336,-0.5563072562217712,0.16381816565990448,16.471548080444336,-0.5563072562217712,0.16381816565990448,40,43,8.546576502173117,False,False
345,0,40,45,25.0,0.0,16.515722274780273,-0.5533103942871094,0.16376660764217377,16.515722274780273,-0.5533103942871094,0.16376660764217377,40,43,8.502300918638776,False,False
346,0,40,45,25.0,0.0,16.559677124023438,-0.5503336787223816,0.1637456715106964,16.559677124023438,-0.5503336787223816,0.1637456715106964,40,43,8.458245527807133,False,False
347,0,40,45,25.0,0.0,16.603410720825195,-0.5473768711090088,0.1636933982372284,16.603410720825195,-0.5473768711090088,0.1636933982372284,40,43,8.414412217272123,False,False
348,0,40,45,25.0,0.0,16.646923065185547,-0.5444397926330566,0.16367167234420776,16.646923065185547,-0.5444397926330566,0.16367167234420776,40,43,8.37080097521925,False,False
349,0,40,45,25.0,0.0,16.690214157104492,-0.5415223240852356,0.1636185348033905,16.690214157104492,-0.5415223240852356,0.1636185348033905,40,43,8.327411793724943,False,False
350,0,40,45,25.0,0.0,16.733285903930664,-0.5386242270469666,0.16359587013721466,16.733285903930664,-0.5386242270469666,0.16359587013721466,40,43,8.284242753813615,False,False
351,0,40,45,25.0,0.0,16.776138305664062,-0.5357452630996704,0.1635417491197586,16.776138305664062,-0.5357452630996704,0.1635417491197586,40,43,8.24129383983484,False,False
352,0,40,45,25.0,0.0,16.818771362304688,-0.5328853726387024,0.163518026471138,16.818771362304688,-0.5328853726387024,0.163518026471138,40,43,8.198565047776238,False,False
353,0,40,45,25.0,0.0,16.861186981201172,-0.5300443172454834,0.1634628027677536,16.861186981201172,-0.5300443172454834,0.1634628027677536,40,43,8.156054458695916,False,False
354,0,40,45,25.0,0.0,16.903385162353516,-0.5272219181060791,0.16343796253204346,16.903385162353516,-0.5272219181060791,0.16343796253204346,40,43,8.113762060852453,False,False
355,0,40,45,25.0,0.0,16.94536590576172,-0.5244178771972656,0.16344037652015686,16.94536590576172,-0.5244178771972656,0.16344037652015686,40,43,8.07168783477098,False,False
356,0,40,45,25.0,0.0,16.987131118774414,-0.521632194519043,0.16340845823287964,16.987131118774414,-0.521632194519043,0.16340845823287964,40,43,8.029829877031775,False,False
357,0,40,45,25.0,0.0,17.0286808013916,-0.5188645124435425,0.1633455604314804,17.0286808013916,-0.5188645124435425,0.1633455604314804,40,43,7.988188164307105,False,False
358,0,40,45,25.0,0.0,17.070016860961914,-0.5161147117614746,0.1632547378540039,17.070016860961914,-0.5161147117614746,0.1632547378540039,40,43,7.946760785447425,False,False
359,0,40,45,25.0,0.0,17.11113739013672,-0.5133826732635498,0.16319748759269714,17.11113739013672,-0.5133826732635498,0.16319748759269714,40,43,7.905549635952337,False,False
360,0,40,45,25.0,0.0,17.152048110961914,-0.5106680989265442,0.16317041218280792,17.152048110961914,-0.5106680989265442,0.16317041218280792,40,43,7.864548986427493,False,False
361,0,40,45,25.0,0.0,17.192745208740234,-0.5079708695411682,0.16317039728164673,17.192745208740234,-0.5079708695411682,0.16317039728164673,40,43,7.82376263571122,False,False
362,0,40,45,25.0,0.0,17.233230590820312,-0.5052908062934875,0.1631946861743927,17.233230590820312,-0.5052908062934875,0.1631946861743927,40,43,7.783188668810111,False,False
363,0,40,45,25.0,0.0,17.273508071899414,-0.5026277303695679,0.16318197548389435,17.273508071899414,-0.5026277303695679,0.16318197548389435,40,43,7.742823267409632,False,False
364,0,40,45,25.0,0.0,17.313573837280273,-0.4999813735485077,0.16313590109348297,17.313573837280273,-0.4999813735485077,0.16313590109348297,40,43,7.702670220698647,False,False
365,0,40,45,25.0,0.0,17.35343360900879,-0.49735167622566223,0.1630597561597824,17.35343360900879,-0.49735167622566223,0.1630597561597824,40,43,7.662723814785499,False,False
366,0,40,45,25.0,0.0,17.393085479736328,-0.4947383999824524,0.16301527619361877,17.393085479736328,-0.4947383999824524,0.16301527619361877,40,43,7.622985937479846,False,False
367,0,40,45,25.0,0.0,17.432531356811523,-0.4921414256095886,0.1629992127418518,17.432531356811523,-0.4921414256095886,0.1629992127418518,40,43,7.583454677681003,False,False
368,0,40,45,25.0,0.0,17.471773147583008,-0.4895605146884918,0.1630086898803711,17.471773147583008,-0.4895605146884918,0.1630086898803711,40,43,7.544128116554909,False,False
369,0,40,45,25.0,0.0,17.51080894470215,-0.48699554800987244,0.1629822850227356,17.51080894470215,-0.48699554800987244,0.1629822850227356,40,44,7.505008149664781,False,False
370,0,40,45,25.0,0.0,17.549640655517578,-0.48444631695747375,0.16292352974414825,17.549640655517578,-0.48444631695747375,0.16292352974414825,40,44,7.466092860119689,False,False
371,0,40,45,25.0,0.0,17.588272094726562,-0.4819127023220062,0.16283559799194336,17.588272094726562,-0.4819127023220062,0.16283559799194336,40,44,7.427378433503188,False,False
372,0,40,45,25.0,0.0,17.62670135498047,-0.4793945252895355,0.16278016567230225,17.62670135498047,-0.4793945252895355,0.16278016567230225,40,44,7.388866761521988,False,False
373,0,40,45,25.0,0.0,17.66493034362793,-0.4768916070461273,0.1627538949251175,17.66493034362793,-0.4768916070461273,0.1627538949251175,40,44,7.350555929227484,False,False
374,0,40,45,25.0,0.0,17.702959060668945,-0.47440382838249207,0.1627538502216339,17.702959060668945,-0.47440382838249207,0.1627538502216339,40,44,7.312445928870682,False,False
375,0,40,45,25.0,0.0,17.74078941345215,-0.47193101048469543,0.16277731955051422,17.74078941345215,-0.47193101048469543,0.16277731955051422,40,44,7.274534845507684,False,False
376,0,40,45,25.0,0.0,17.778423309326172,-0.4694729745388031,0.1627631038427353,17.778423309326172,-0.4694729745388031,0.1627631038427353,40,44,7.236820764196517,False,False
377,0,40,45,25.0,0.0,17.815860748291016,-0.4670296311378479,0.1627737283706665,17.815860748291016,-0.4670296311378479,0.1627737283706665,40,44,7.199303679128036,False,False
378,0,40,45,25.0,0.0,17.85310173034668,-0.4646008014678955,0.1628066450357437,17.85310173034668,-0.4646008014678955,0.1628066450357437,40,44,7.161983578695097,False,False
379,0,40,45,25.0,0.0,17.89015007019043,-0.4621863067150116,0.16285958886146545,17.89015007019043,-0.4621863067150116,0.16285958886146545,40,44,7.124856644629983,False,False
380,0,40,45,25.0,0.0,17.927001953125,-0.4597860872745514,0.16287167370319366,17.927001953125,-0.4597860872745514,0.16287167370319366,40,44,7.087926679724389,False,False
381,0,40,45,25.0,0.0,17.96366310119629,-0.4573999047279358,0.16284696757793427,17.96366310119629,-0.4573999047279358,0.16284696757793427,40,44,7.051187958515341,False,False
382,0,40,45,25.0,0.0,18.000133514404297,-0.45502769947052,0.16284789144992828,18.000133514404297,-0.45502769947052,0.16284789144992828,40,44,7.014640477134332,False,False
383,0,40,45,25.0,0.0,18.03641128540039,-0.45266929268836975,0.1628718227148056,18.03641128540039,-0.45266929268836975,0.1628718227148056,40,44,6.978286127312495,False,False
384,0,40,45,25.0,0.0,18.072500228881836,-0.45032453536987305,0.1629164218902588,18.072500228881836,-0.45032453536987305,0.1629164218902588,40,44,6.942121092720748,False,False
385,0,40,45,25.0,0.0,18.108402252197266,-0.44799333810806274,0.1629207581281662,18.108402252197266,-0.44799333810806274,0.1629207581281662,40,44,6.90614346422871,False,False
386,0,40,45,25.0,0.0,18.144113540649414,-0.4456755816936493,0.16288883984088898,18.144113540649414,-0.4456755816936493,0.16288883984088898,40,44,6.870357040767582,False,False
387,0,40,45,25.0,0.0,18.17963981628418,-0.44337108731269836,0.16288302838802338,18.17963981628418,-0.44337108731269836,0.16288302838802338,40,44,6.834756100745728,False,False
388,0,40,45,25.0,0.0,18.214981079101562,-0.4410797655582428,0.1629006713628769,18.214981079101562,-0.4410797655582428,0.1629006713628769,40,44,6.799340638365952,False,False
389,0,40,45,25.0,0.0,18.25013542175293,-0.43880146741867065,0.16293936967849731,18.25013542175293,-0.43880146741867065,0.16293936967849731,40,44,6.764112547295711,False,False
390,0,40,45,25.0,0.0,18.285106658935547,-0.43653610348701477,0.16299696266651154,18.285106658935547,-0.43653610348701477,0.16299696266651154,40,44,6.729068015076037,False,False
391,0,40,45,25.0,0.0,18.319896697998047,-0.4342835545539856,0.16301274299621582,18.319896697998047,-0.4342835545539856,0.16301274299621582,40,44,6.694205130646464,False,False
392,0,40,45,25.0,0.0,18.354501724243164,-0.4320436716079712,0.16299083828926086,18.354501724243164,-0.4320436716079712,0.16299083828926086,40,44,6.659527691005089,False,False
393,0,40,45,25.0,0.0,18.388927459716797,-0.429816335439682,0.16299377381801605,18.388927459716797,-0.429816335439682,0.16299377381801605,40,44,6.62502997843009,False,False
394,0,40,45,25.0,0.0,18.423173904418945,-0.42760148644447327,0.16301903128623962,18.423173904418945,-0.42760148644447327,0.16301903128623962,40,44,6.590711989058956,False,False
395,0,40,45,25.0,0.0,18.457239151000977,-0.4253990054130554,0.16306431591510773,18.457239151000977,-0.4253990054130554,0.16306431591510773,40,44,6.556575618491777,False,False
396,0,40,45,25.0,0.0,18.491127014160156,-0.42320874333381653,0.16306880116462708,18.491127014160156,-0.42320874333381653,0.16306880116462708,40,44,6.522617050404682,False,False
397,0,40,45,25.0,0.0,18.524837493896484,-0.42103061079978943,0.1630365252494812,18.524837493896484,-0.42103061079978943,0.1630365252494812,40,44,6.4888362790009735,False,False
398,0,40,45,25.0,0.0,18.558372497558594,-0.41886451840400696,0.16302990913391113,18.558372497558594,-0.41886451840400696,0.16302990913391113,40,44,6.455231395154424,False,False
399,0,40,45,25.0,0.0,18.59173011779785,-0.41671034693717957,0.16304637491703033,18.59173011779785,-0.41671034693717957,0.16304637491703033,40,44,6.4218042944630165,False,False
400,0,40,45,25.0,0.0,18.624914169311523,-0.4145680069923401,0.16308355331420898,18.624914169311523,-0.4145680069923401,0.16308355331420898,40,44,6.38855116447122,False,False
401,0,40,45,25.0,0.0,18.65792465209961,-0.412437379360199,0.16313932836055756,18.65792465209961,-0.412437379360199,0.16313932836055756,40,44,6.355471997447504,False,False
402,0,40,45,25.0,0.0,18.690763473510742,-0.41031840443611145,0.16321182250976562,18.690763473510742,-0.41031840443611145,0.16321182250976562,40,44,6.322564886199684,False,False
403,0,40,45,25.0,0.0,18.72342872619629,-0.40821096301078796,0.16324050724506378,18.72342872619629,-0.40821096301078796,0.16324050724506378,40,44,6.289831726323061,False,False
404,0,40,45,25.0,0.0,18.755922317504883,-0.40611496567726135,0.16322974860668182,18.755922317504883,-0.40611496567726135,0.16322974860668182,40,44,6.257270608690392,False,False
405,0,40,45,25.0,0.0,18.78824806213379,-0.40403032302856445,0.16318343579769135,18.78824806213379,-0.40403032302856445,0.16318343579769135,40,44,6.224877720848113,False,False
406,0,40,45,25.0,0.0,18.820402145385742,-0.4019569456577301,0.1631639003753662,18.820402145385742,-0.4019569456577301,0.1631639003753662,40,44,6.192656863650337,False,False
407,0,40,45,25.0,0.0,18.85239028930664,-0.39989474415779114,0.16316843032836914,18.85239028930664,-0.39989474415779114,0.16316843032836914,40,44,6.1606023213169925,False,False
408,0,40,45,25.0,0.0,18.88420867919922,-0.397843599319458,0.16319458186626434,18.88420867919922,-0.397843599319458,0.16319458186626434,40,44,6.128717892765307,False,False
409,0,40,45,25.0,0.0,18.915861129760742,-0.3958034813404083,0.16324014961719513,18.915861129760742,-0.3958034813404083,0.16324014961719513,40,44,6.09699976941097,False,False
410,0,40,45,25.0,0.0,18.947349548339844,-0.3937743008136749,0.16330315172672272,18.947349548339844,-0.3937743008136749,0.16330315172672272,40,44,6.065446042127751,False,False
411,0,40,45,25.0,0.0,18.97867202758789,-0.3917559087276459,0.1633230298757553,18.97867202758789,-0.3917559087276459,0.1633230298757553,40,44,6.0340586045691955,False,False
412,0,40,45,25.0,0.0,19.009830474853516,-0.38974830508232117,0.16330406069755554,19.009830474853516,-0.38974830508232117,0.16330406069755554,40,44,6.002835553412087,False,False
413,0,40,45,25.0,0.0,19.04082489013672,-0.38775137066841125,0.16330888867378235,19.04082489013672,-0.38775137066841125,0.16330888867378235,40,44,5.971776880918215,False,False
414,0,40,45,25.0,0.0,19.071657180786133,-0.38576504588127136,0.16333511471748352,19.071657180786133,-0.38576504588127136,0.16333511471748352,40,44,5.940880679894892,False,False
415,0,40,45,25.0,0.0,19.10232925415039,-0.38378921151161194,0.16338054835796356,19.10232925415039,-0.38378921151161194,0.16338054835796356,40,44,5.9101450392797465,False,False
416,0,40,45,25.0,0.0,19.13283920288086,-0.3818238377571106,0.16338443756103516,19.13283920288086,-0.3818238377571106,0.16338443756103516,40,44,5.879571860461549,False,False
417,0,40,45,25.0,0.0,19.163190841674805,-0.37986886501312256,0.1633509248495102,19.163190841674805,-0.37986886501312256,0.1633509248495102,40,44,5.849157332925421,False,False
418,0,40,45,25.0,0.0,19.193382263183594,-0.3779241442680359,0.16334252059459686,19.193382263183594,-0.3779241442680359,0.16334252059459686,40,44,5.818903350317103,False,False
419,0,40,45,25.0,0.0,19.22341537475586,-0.3759896755218506,0.16335667669773102,19.22341537475586,-0.3759896755218506,0.16335667669773102,40,44,5.7888080093147,False,False
420,0,40,45,25.0,0.0,19.253292083740234,-0.3740653693675995,0.1633910983800888,19.253292083740234,-0.3740653693675995,0.1633910983800888,40,44,5.758869400790642,False,False
421,0,40,45,25.0,0.0,19.28301239013672,-0.3721511662006378,0.16344372928142548,19.28301239013672,-0.3721511662006378,0.16344372928142548,40,44,5.7290875208740495,False,False
422,0,40,45,25.0,0.0,19.312578201293945,-0.370246946811676,0.16351273655891418,19.312578201293945,-0.370246946811676,0.16351273655891418,40,44,5.699460458501329,False,False
423,0,40,45,25.0,0.0,19.34198760986328,-0.3683527112007141,0.1635376214981079,19.34198760986328,-0.3683527112007141,0.1635376214981079,40,44,5.669990116992228,False,False
424,0,40,45,25.0,0.0,19.37124252319336,-0.3664683401584625,0.16352280974388123,19.37124252319336,-0.3664683401584625,0.16352280974388123,40,44,5.640674585281902,False,False
425,0,40,45,25.0,0.0,19.400344848632812,-0.36459383368492126,0.1634722203016281,19.400344848632812,-0.36459383368492126,0.1634722203016281,40,44,5.611511960050887,False,False
426,0,40,45,25.0,0.0,19.42929458618164,-0.3627290427684784,0.16344821453094482,19.42929458618164,-0.3627290427684784,0.16344821453094482,40,44,5.58250223161737,False,False
427,0,40,45,25.0,0.0,19.458093643188477,-0.3608739674091339,0.16344811022281647,19.458093643188477,-0.3608739674091339,0.16344811022281647,40,44,5.553643496662491,False,False
428,0,40,45,25.0,0.0,19.486740112304688,-0.35902854800224304,0.16346947848796844,19.486740112304688,-0.35902854800224304,0.16346947848796844,40,44,5.5249376546302065,False,False
429,0,40,45,25.0,0.0,19.51523780822754,-0.3571926951408386,0.16351014375686646,19.51523780822754,-0.3571926951408386,0.16351014375686646,40,44,5.496380893074881,False,False
430,0,40,45,25.0,0.0,19.5435848236084,-0.3553663492202759,0.1635681539773941,19.5435848236084,-0.3553663492202759,0.1635681539773941,40,44,5.467975111438853,False,False
431,0,40,45,25.0,0.0,19.57178497314453,-0.35354945063591003,0.16364175081253052,19.57178497314453,-0.35354945063591003,0.16364175081253052,40,44,5.439716499214318,False,False
432,0,40,45,25.0,0.0,19.599836349487305,-0.3517419695854187,0.16367053985595703,19.599836349487305,-0.3517419695854187,0.16367053985595703,40,44,5.4116069577794015,False,False
433,0,40,45,25.0,0.0,19.62774085998535,-0.3499438464641571,0.16360020637512207,19.62774085998535,-0.3499438464641571,0.16360020637512207,40,44,5.3836445799429455,False,False
434,0,40,45,25.0,0.0,19.655500411987305,-0.3481549918651581,0.1635582149028778,19.655500411987305,-0.3481549918651581,0.1635582149028778,40,44,5.355827456577415,False,False
435,0,40,45,25.0,0.0,19.68311309814453,-0.34637534618377686,0.16354171931743622,19.68311309814453,-0.34637534618377686,0.16354171931743622,40,44,5.328157487121245,False,False
436,0,40,45,25.0,0.0,19.710582733154297,-0.3446049094200134,0.16354814171791077,19.710582733154297,-0.3446049094200134,0.16354814171791077,40,44,5.300630864944459,False,False
437,0,40,45,25.0,0.0,19.73790740966797,-0.34284359216690063,0.1635751575231552,19.73790740966797,-0.34284359216690063,0.1635751575231552,40,44,5.273249487547234,False,False
438,0,40,45,25.0,0.0,19.76508903503418,-0.3410913348197937,0.1635618954896927,19.76508903503418,-0.3410913348197937,0.1635618954896927,40,44,5.246011447738989,False,False
439,0,40,45,25.0,0.0,19.79212760925293,-0.33934810757637024,0.16351236402988434,19.79212760925293,-0.33934810757637024,0.16351236402988434,40,44,5.218916743580153,False,False
440,0,40,45,25.0,0.0,19.81902503967285,-0.3376138508319855,0.16343016922473907,19.81902503967285,-0.3376138508319855,0.16343016922473907,40,44,5.191963467880961,False,False
441,0,40,45,25.0,0.0,19.845781326293945,-0.33588847517967224,0.16337734460830688,19.845781326293945,-0.33588847517967224,0.16337734460830688,40,44,5.165151614825912,False,False
442,0,40,45,25.0,0.0,19.872398376464844,-0.33417198061943054,0.16335095465183258,19.872398376464844,-0.33417198061943054,0.16335095465183258,40,44,5.138479281101704,False,False
443,0,40,45,25.0,0.0,19.898874282836914,-0.3324643075466156,0.16334830224514008,19.898874282836914,-0.3324643075466156,0.16334830224514008,40,44,5.111948366141334,False,False
444,0,40,45,25.0,0.0,19.925212860107422,-0.33076542615890503,0.16336700320243835,19.925212860107422,-0.33076542615890503,0.16336700320243835,40,44,5.085555061383288,False,False
445,0,40,45,25.0,0.0,19.951412200927734,-0.3290752172470093,0.1634049117565155,19.951412200927734,-0.3290752172470093,0.1634049117565155,40,44,5.059301262382732,False,False
446,0,40,45,25.0,0.0,19.977476119995117,-0.32739371061325073,0.163401260972023,19.977476119995117,-0.32739371061325073,0.163401260972023,40,44,5.033183164456506,False,False
447,0,40,45,25.0,0.0,20.003402709960938,-0.32572081685066223,0.16336020827293396,20.003402709960938,-0.32572081685066223,0.16336020827293396,40,44,5.007202665097107,False,False
448,0,40,45,25.0,0.0,20.029193878173828,-0.324056476354599,0.16334427893161774,20.029193878173828,-0.324056476354599,0.16334427893161774,40,44,4.98135785711606,False,False
449,0,40,45,25.0,0.0,20.054847717285156,-0.32240068912506104,0.16329212486743927,20.054847717285156,-0.32240068912506104,0.16329212486743927,40,44,4.955650643819451,False,False
450,0,40,45,25.0,0.0,20.08036994934082,-0.3207533657550812,0.1632661670446396,20.08036994934082,-0.3207533657550812,0.1632661670446396,40,44,4.9300753094645575,False,False
451,0,40,45,25.0,0.0,20.105756759643555,-0.3191145062446594,0.16326375305652618,20.105756759643555,-0.3191145062446594,0.16326375305652618,40,44,4.90463566066538,False,False
452,0,40,45,25.0,0.0,20.131010055541992,-0.3174840211868286,0.16328249871730804,20.131010055541992,-0.3174840211868286,0.16328249871730804,40,44,4.87932978829492,False,False
453,0,40,45,25.0,0.0,20.156131744384766,-0.31586188077926636,0.16326148808002472,20.156131744384766,-0.31586188077926636,0.16326148808002472,40,44,4.854155787105147,False,False
454,0,40,45,25.0,0.0,20.181123733520508,-0.31424805521965027,0.16320468485355377,20.181123733520508,-0.31424805521965027,0.16320468485355377,40,44,4.829111751849263,False,False
455,0,40,45,25.0,0.0,20.205982208251953,-0.31264248490333557,0.16317443549633026,20.205982208251953,-0.31264248490333557,0.16317443549633026,40,44,4.804201485258851,False,False
456,0,40,45,25.0,0.0,20.230710983276367,-0.3110451400279999,0.1631680577993393,20.230710983276367,-0.3110451400279999,0.1631680577993393,40,44,4.779421178780513,False,False
457,0,40,45,25.0,0.0,20.25531005859375,-0.3094559609889984,0.16318316757678986,20.25531005859375,-0.3094559609889984,0.16318316757678986,40,44,4.754770828533513,False,False
458,0,40,45,25.0,0.0,20.279781341552734,-0.3078749179840088,0.16321758925914764,20.279781341552734,-0.3078749179840088,0.16321758925914764,40,44,4.73024852927173,False,False
459,0,40,45,25.0,0.0,20.304122924804688,-0.3063019812107086,0.16321057081222534,20.304122924804688,-0.3063019812107086,0.16321057081222534,40,44,4.705856182358157,False,False
460,0,40,45,25.0,0.0,20.328338623046875,-0.3047370910644531,0.16316623985767365,20.328338623046875,-0.3047370910644531,0.16316623985767365,40,44,4.681589977303223,False,False
461,0,40,45,25.0,0.0,20.352426528930664,-0.30318018794059753,0.16308832168579102,20.352426528930664,-0.30318018794059753,0.16308832168579102,40,44,4.6574518135292795,False,False
462,0,40,45,25.0,0.0,20.376388549804688,-0.30163127183914185,0.1630389392375946,20.376388549804688,-0.30163127183914185,0.1630389392375946,40,44,4.633439787730979,False,False
463,0,40,45,25.0,0.0,20.400224685668945,-0.3000902831554413,0.16301526129245758,20.400224685668945,-0.3000902831554413,0.16301526129245758,40,44,4.609553896026563,False,False
464,0,40,45,25.0,0.0,20.423934936523438,-0.2985571622848511,0.16301465034484863,20.423934936523438,-0.2985571622848511,0.16301465034484863,40,44,4.585794134533553,False,False
465,0,40,45,25.0,0.0,20.447521209716797,-0.2970319092273712,0.1630348265171051,20.447521209716797,-0.2970319092273712,0.1630348265171051,40,44,4.5621585999478,False,False
466,0,40,45,25.0,0.0,20.470985412597656,-0.29551443457603455,0.16307365894317627,20.470985412597656,-0.29551443457603455,0.16307365894317627,40,44,4.538645383145285,False,False
467,0,40,45,25.0,0.0,20.494325637817383,-0.29400476813316345,0.16307049989700317,20.494325637817383,-0.29400476813316345,0.16307049989700317,40,44,4.515256389366474,False,False
468,0,40,45,25.0,0.0,20.51754379272461,-0.2925027906894684,0.1630295068025589,20.51754379272461,-0.2925027906894684,0.1630295068025589,40,44,4.491989707546401,False,False
469,0,40,45,25.0,0.0,20.540639877319336,-0.29100853204727173,0.16295446455478668,20.540639877319336,-0.29100853204727173,0.16295446455478668,40,44,4.468845339623964,False,False
470,0,40,45,25.0,0.0,20.563615798950195,-0.2895219326019287,0.16290755569934845,20.563615798950195,-0.2895219326019287,0.16290755569934845,40,44,4.4458213784161265,False,False
471,0,40,45,25.0,0.0,20.586469650268555,-0.28804290294647217,0.16288596391677856,20.586469650268555,-0.28804290294647217,0.16288596391677856,40,44,4.422919721398796,False,False
472,0,40,45,25.0,0.0,20.60920524597168,-0.2865715026855469,0.16288714110851288,20.60920524597168,-0.2865715026855469,0.16288714110851288,40,44,4.4001365658527085,False,False
473,0,40,45,25.0,0.0,20.631820678710938,-0.2851076126098633,0.16290877759456635,20.631820678710938,-0.2851076126098633,0.16290877759456635,40,44,4.377473807312326,False,False
474,0,40,45,25.0,0.0,20.65431785583496,-0.2836512327194214,0.1629488170146942,20.65431785583496,-0.2836512327194214,0.1629488170146942,40,44,4.354929542476905,False,False
475,0,40,45,25.0,0.0,20.676698684692383,-0.2822023034095764,0.16294662654399872,20.676698684692383,-0.2822023034095764,0.16294662654399872,40,44,4.332501864164659,False,False
476,0,40,45,25.0,0.0,20.69896125793457,-0.280760794878006,0.16290639340877533,20.69896125793457,-0.280760794878006,0.16290639340877533,40,44,4.310192673731454,False,False
477,0,40,45,25.0,0.0,20.721105575561523,-0.2793266773223877,0.16283193230628967,20.721105575561523,-0.2793266773223877,0.16283193230628967,40,44,4.288001969233998,False,False
478,0,40,45,25.0,0.0,20.743135452270508,-0.27789992094039917,0.16278542578220367,20.743135452270508,-0.27789992094039917,0.16278542578220367,40,44,4.2659259421343565,False,False
479,0,40,45,25.0,0.0,20.76504898071289,-0.276480495929718,0.16276408731937408,20.76504898071289,-0.276480495929718,0.16276408731937408,40,44,4.2439664937874415,False,False
480,0,40,45,25.0,0.0,20.786848068237305,-0.27506834268569946,0.16276538372039795,20.786848068237305,-0.27506834268569946,0.16276538372039795,40,44,4.222121717011909,False,False
481,0,40,45,25.0,0.0,20.808534622192383,-0.2736634314060211,0.16278702020645142,20.808534622192383,-0.2736634314060211,0.16278702020645142,40,44,4.200389706568769,False,False
482,0,40,45,25.0,0.0,20.83010482788086,-0.2722657024860382,0.16282697021961212,20.83010482788086,-0.2722657024860382,0.16282697021961212,40,44,4.178774265165891,False,False
483,0,40,45,25.0,0.0,20.8515625,-0.2708751857280731,0.16288337111473083,20.8515625,-0.2708751857280731,0.16288337111473083,40,44,4.157271588151232,False,False
484,0,40,45,25.0,0.0,20.872909545898438,-0.2694917917251587,0.1628957837820053,20.872909545898438,-0.2694917917251587,0.1628957837820053,40,44,4.135879766403211,False,False
485,0,40,45,25.0,0.0,20.894142150878906,-0.26811549067497253,0.16286858916282654,20.894142150878906,-0.26811549067497253,0.16286858916282654,40,44,4.114602604569386,False,False
486,0,40,45,25.0,0.0,20.915266036987305,-0.26674625277519226,0.1628057360649109,20.915266036987305,-0.26674625277519226,0.1628057360649109,40,44,4.093434390821356,False,False
487,0,40,45,25.0,0.0,20.936277389526367,-0.26538407802581787,0.1627107858657837,20.936277389526367,-0.26538407802581787,0.1627107858657837,40,44,4.07237893174791,False,False
488,0,40,45,25.0,0.0,20.95718002319336,-0.2640288770198822,0.16264572739601135,20.95718002319336,-0.2640288770198822,0.16264572739601135,40,44,4.051432414932678,False,False
489,0,40,45,25.0,0.0,20.97797203063965,-0.26268061995506287,0.1626075655221939,20.97797203063965,-0.26268061995506287,0.1626075655221939,40,44,4.030596741726581,False,False
490,0,40,45,25.0,0.0,20.998655319213867,-0.26133930683135986,0.16259360313415527,20.998655319213867,-0.26133930683135986,0.16259360313415527,40,44,4.009870008834523,False,False
491,0,40,45,25.0,0.0,21.019229888916016,-0.2600049078464508,0.16260139644145966,21.019229888916016,-0.2600049078464508,0.16260139644145966,40,44,3.9892522143133338,False,False
492,0,40,45,25.0,0.0,21.039695739746094,-0.25867733359336853,0.16262876987457275,21.039695739746094,-0.25867733359336853,0.16262876987457275,40,44,3.968743352334617,False,False
493,0,40,45,25.0,0.0,21.060056686401367,-0.2573566138744354,0.1626737415790558,21.060056686401367,-0.2573566138744354,0.1626737415790558,40,44,3.9483396182541703,False,False
494,0,40,45,25.0,0.0,21.08030891418457,-0.2560426890850067,0.16273455321788788,21.08030891418457,-0.2560426890850067,0.16273455321788788,40,44,3.928044814771698,False,False
495,0,40,45,25.0,0.0,21.10045623779297,-0.2547354996204376,0.16275079548358917,21.10045623779297,-0.2547354996204376,0.16275079548358917,40,44,3.9078551314160355,False,False
496,0,40,45,25.0,0.0,21.12049674987793,-0.25343504548072815,0.16272693872451782,21.12049674987793,-0.25343504548072815,0.16272693872451782,40,44,3.887772471478433,False,False
497,0,40,45,25.0,0.0,21.140432357788086,-0.2521412670612335,0.16266696155071259,21.140432357788086,-0.2521412670612335,0.16266696155071259,40,44,3.867794927780489,False,False
498,0,40,45,25.0,0.0,21.16026496887207,-0.25085416436195374,0.16257448494434357,21.16026496887207,-0.25085416436195374,0.16257448494434357,40,44,3.847920597030133,False,False
499,0,40,45,25.0,0.0,21.17999267578125,-0.24957366287708282,0.16251155734062195,21.17999267578125,-0.24957366287708282,0.16251155734062195,40,44,3.828151377660865,False,False
500,0,40,45,25.0,0.0,21.199617385864258,-0.24829977750778198,0.1625339835882187,21.199617385864258,-0.24829977750778198,0.1625339835882187,40,44,3.808485367352175,False,False
501,0,40,45,25.0,0.0,21.21913719177246,-0.24703243374824524,0.16263322532176971,21.21913719177246,-0.24703243374824524,0.16263322532176971,40,44,3.7889244645363167,False,False
502,0,40,45,25.0,0.0,21.238557815551758,-0.2457716315984726,0.16268399357795715,21.238557815551758,-0.2457716315984726,0.16268399357795715,40,44,3.769462959341203,False,False
503,0,40,45,25.0,0.0,21.25787353515625,-0.24451731145381927,0.162691131234169,21.25787353515625,-0.24451731145381927,0.162691131234169,40,44,3.7501065577506707,False,False
504,0,40,45,25.0,0.0,21.277090072631836,-0.2432694435119629,0.16265898942947388,21.277090072631836,-0.2432694435119629,0.16265898942947388,40,44,3.73084954795058,False,False
505,0,40,45,25.0,0.0,21.296205520629883,-0.24202801287174225,0.16259150207042694,21.296205520629883,-0.24202801287174225,0.16259150207042694,40,44,3.7116938322586903,False,False
506,0,40,45,25.0,0.0,21.31521987915039,-0.24079298973083496,0.16255098581314087,21.31521987915039,-0.24079298973083496,0.16255098581314087,40,44,3.6926394087308303,False,False
507,0,40,45,25.0,0.0,21.334136962890625,-0.23956431448459625,0.1625935137271881,21.334136962890625,-0.23956431448459625,0.1625935137271881,40,44,3.6736824669014667,False,False
508,0,40,45,25.0,0.0,21.35295295715332,-0.23834197223186493,0.16259320080280304,21.35295295715332,-0.23834197223186493,0.16259320080280304,40,44,3.654826812376215,False,False
509,0,40,45,25.0,0.0,21.37166976928711,-0.2371259331703186,0.16261310875415802,21.37166976928711,-0.2371259331703186,0.16261310875415802,40,44,3.6360705399217648,False,False
510,0,40,45,25.0,0.0,21.390289306640625,-0.2359161525964737,0.16259241104125977,21.390289306640625,-0.2359161525964737,0.16259241104125977,40,44,3.617411743333753,False,False
511,0,40,45,25.0,0.0,21.408811569213867,-0.2347126305103302,0.16259396076202393,21.408811569213867,-0.2347126305103302,0.16259396076202393,40,44,3.598850422611816,False,False
512,0,40,45,25.0,0.0,21.427236557006836,-0.23351529240608215,0.16261552274227142,21.427236557006836,-0.23351529240608215,0.16261552274227142,40,44,3.5803865728962654,False,False
513,0,40,45,25.0,0.0,21.44556427001953,-0.23232413828372955,0.16259628534317017,21.44556427001953,-0.23232413828372955,0.16259628534317017,40,44,3.5620201941863083,False,False
514,0,40,45,25.0,0.0,21.463796615600586,-0.23113912343978882,0.1625991314649582,21.463796615600586,-0.23113912343978882,0.1625991314649582,40,44,3.5437493802782365,False,False
515,0,40,45,25.0,0.0,21.48193359375,-0.22996021807193756,0.16262182593345642,21.48193359375,-0.22996021807193756,0.16262182593345642,40,44,3.5255741292278175,False,False
516,0,40,45,25.0,0.0,21.499975204467773,-0.2287873923778534,0.16266240179538727,21.499975204467773,-0.2287873923778534,0.16266240179538727,40,44,3.507494439090597,False,False
517,0,40,45,25.0,0.0,21.517921447753906,-0.22762061655521393,0.16266022622585297,21.517921447753906,-0.22762061655521393,0.16266022622585297,40,44,3.489510307921905,False,False
518,0,40,45,25.0,0.0,21.53577423095703,-0.22645986080169678,0.16261960566043854,21.53577423095703,-0.22645986080169678,0.16261960566043854,40,44,3.4716198304906127,False,False
519,0,40,45,25.0,0.0,21.55353355407715,-0.22530509531497955,0.16260315477848053,21.55353355407715,-0.22530509531497955,0.16260315477848053,40,44,3.453823004852302,False,False
520,0,40,45,25.0,0.0,21.571199417114258,-0.22415629029273987,0.16260845959186554,21.571199417114258,-0.22415629029273987,0.16260845959186554,40,44,3.4361198290623403,False,False
521,0,40,45,25.0,0.0,21.588773727416992,-0.22301340103149414,0.16263332962989807,21.588773727416992,-0.22301340103149414,0.16263332962989807,40,44,3.418508396918193,False,False
522,0,40,45,25.0,0.0,21.60625457763672,-0.22187642753124237,0.16267581284046173,21.60625457763672,-0.22187642753124237,0.16267581284046173,40,44,3.40099061170503,False,False
523,0,40,45,25.0,0.0,21.62364387512207,-0.22074531018733978,0.16267532110214233,21.62364387512207,-0.22074531018733978,0.16267532110214233,40,44,3.383564566248207,False,False
524,0,40,45,25.0,0.0,21.640941619873047,-0.219620019197464,0.1626361608505249,21.640941619873047,-0.219620019197464,0.1626361608505249,40,44,3.366230258602849,False,False
525,0,40,45,25.0,0.0,21.65814971923828,-0.218500554561615,0.16262099146842957,21.65814971923828,-0.218500554561615,0.16262099146842957,40,44,3.3489857854835563,False,False
526,0,40,45,25.0,0.0,21.675268173217773,-0.217386856675148,0.1626274138689041,21.675268173217773,-0.217386856675148,0.1626274138689041,40,44,3.331831143001365,False,False
527,0,40,45,25.0,0.0,21.69229507446289,-0.21627891063690186,0.16265323758125305,21.69229507446289,-0.21627891063690186,0.16265323758125305,40,44,3.314768233468026,False,False
528,0,40,45,25.0,0.0,21.7092342376709,-0.21517668664455414,0.16269654035568237,21.7092342376709,-0.21517668664455414,0.16269654035568237,40,44,3.2977932483696977,False,False
529,0,40,45,25.0,0.0,21.726083755493164,-0.21408015489578247,0.1626967489719391,21.726083755493164,-0.21408015489578247,0.1626967489719391,40,44,3.280908089045767,False,False
530,0,40,45,25.0,0.0,21.74284553527832,-0.21298927068710327,0.1626581847667694,21.74284553527832,-0.21298927068710327,0.1626581847667694,40,44,3.264110849294827,False,False
531,0,40,45,25.0,0.0,21.759519577026367,-0.21190403401851654,0.16264350712299347,21.759519577026367,-0.21190403401851654,0.16264350712299347,40,44,3.247401529116579,False,False
532,0,40,45,25.0,0.0,21.776105880737305,-0.2108243852853775,0.16265031695365906,21.776105880737305,-0.2108243852853775,0.16265031695365906,40,44,3.2307801246212264,False,False
533,0,40,45,25.0,0.0,21.792604446411133,-0.20975032448768616,0.16267646849155426,21.792604446411133,-0.20975032448768616,0.16267646849155426,40,44,3.214246635808199,False,False
534,0,40,45,25.0,0.0,21.809017181396484,-0.20868180692195892,0.16272002458572388,21.809017181396484,-0.20868180692195892,0.16272002458572388,40,44,3.197799156476693,False,False
535,0,40,45,25.0,0.0,21.82534408569336,-0.2076188027858734,0.1627204418182373,21.82534408569336,-0.2076188027858734,0.1627204418182373,40,44,3.1814376846816237,False,False
536,0,40,45,25.0,0.0,21.841585159301758,-0.20656128227710724,0.16268201172351837,21.841585159301758,-0.20656128227710724,0.16268201172351837,40,44,3.16516221847773,False,False
537,0,40,45,25.0,0.0,21.85774040222168,-0.2055092304944992,0.1626674234867096,21.85774040222168,-0.2055092304944992,0.1626674234867096,40,44,3.148972756892065,False,False
538,0,40,45,25.0,0.0,21.873811721801758,-0.20446260273456573,0.16267427802085876,21.873811721801758,-0.20446260273456573,0.16267427802085876,40,44,3.132867393724331,False,False
539,0,40,45,25.0,0.0,21.889799118041992,-0.20342138409614563,0.16270044445991516,21.889799118041992,-0.20342138409614563,0.16270044445991516,40,44,3.1168461280018236,False,False
540,0,40,45,25.0,0.0,21.905702590942383,-0.2023855447769165,0.1627439707517624,21.905702590942383,-0.2023855447769165,0.1627439707517624,40,44,3.1009089577792075,False,False
541,0,40,45,25.0,0.0,21.92152214050293,-0.20135505497455597,0.16274431347846985,21.92152214050293,-0.20135505497455597,0.16274431347846985,40,44,3.085055881110984,False,False
542,0,40,45,25.0,0.0,21.937257766723633,-0.20032988488674164,0.16270580887794495,21.937257766723633,-0.20032988488674164,0.16270580887794495,40,44,3.0692868960514987,False,False
543,0,40,45,25.0,0.0,21.952913284301758,-0.19931001961231232,0.1626911163330078,21.952913284301758,-0.19931001961231232,0.1626911163330078,40,44,3.053598195064727,False,False
544,0,40,45,25.0,0.0,21.96848487854004,-0.19829541444778442,0.16269783675670624,21.96848487854004,-0.19829541444778442,0.16269783675670624,40,44,3.0379935817956265,False,False
545,0,40,45,25.0,0.0,21.98397445678711,-0.19728603959083557,0.1627238541841507,21.98397445678711,-0.19728603959083557,0.1627238541841507,40,44,3.0224711510170033,False,False
546,0,40,45,25.0,0.0,21.9993839263916,-0.19628189504146576,0.1627672165632248,21.9993839263916,-0.19628189504146576,0.1627672165632248,40,44,3.007028999447486,False,False
547,0,40,45,25.0,0.0,22.014713287353516,-0.1952829211950302,0.16276738047599792,22.014713287353516,-0.1952829211950302,0.16276738047599792,40,44,2.991667123196382,False,False
548,0,40,45,25.0,0.0,22.02996063232422,-0.19428911805152893,0.1627286821603775,22.02996063232422,-0.19428911805152893,0.1627286821603775,40,44,2.976387425544127,False,False
549,0,40,45,25.0,0.0,22.045129776000977,-0.19330044090747833,0.16271378099918365,22.045129776000977,-0.19330044090747833,0.16271378099918365,40,44,2.9611860970109705,False,False
550,0,40,45,25.0,0.0,22.060218811035156,-0.19231687486171722,0.16272029280662537,22.060218811035156,-0.19231687486171722,0.16272029280662537,40,44,2.9460650399046058,False,False
551,0,40,45,25.0,0.0,22.075227737426758,-0.19133839011192322,0.16274608671665192,22.075227737426758,-0.19133839011192322,0.16274608671665192,40,44,2.9310242522791286,False,False
552,0,40,45,25.0,0.0,22.090158462524414,-0.19036495685577393,0.1627892255783081,22.090158462524414,-0.19036495685577393,0.1627892255783081,40,44,2.916061828908465,False,False
553,0,40,45,25.0,0.0,22.105010986328125,-0.18939656019210815,0.16278916597366333,22.105010986328125,-0.18939656019210815,0.16278916597366333,40,44,2.9011777688196667,False,False
554,0,40,45,25.0,0.0,22.11978530883789,-0.18843315541744232,0.16280901432037354,22.11978530883789,-0.18843315541744232,0.16280901432037354,40,44,2.886372069094111,False,False
555,0,40,45,25.0,0.0,22.134483337402344,-0.18747474253177643,0.16278798878192902,22.134483337402344,-0.18747474253177643,0.16278798878192902,40,44,2.8716428264518146,False,False
556,0,40,45,25.0,0.0,22.14910316467285,-0.1865212619304657,0.1627889722585678,22.14910316467285,-0.1865212619304657,0.1627889722585678,40,44,2.8569919402809805,False,False
557,0,40,45,25.0,0.0,22.163646697998047,-0.18557271361351013,0.16280975937843323,22.163646697998047,-0.18557271361351013,0.16280975937843323,40,44,2.8424175073017093,False,False
558,0,40,45,25.0,0.0,22.17811393737793,-0.18462908267974854,0.1628483533859253,22.17811393737793,-0.18462908267974854,0.1628483533859253,40,44,2.827919526540997,False,False
559,0,40,45,25.0,0.0,22.1925048828125,-0.18369030952453613,0.16284418106079102,22.1925048828125,-0.18369030952453613,0.16284418106079102,40,44,2.813497994107135,False,False
560,0,40,45,25.0,0.0,22.206819534301758,-0.18275639414787292,0.16280151903629303,22.206819534301758,-0.18275639414787292,0.16280151903629303,40,44,2.79915290999977,False,False
561,0,40,45,25.0,0.0,22.22106170654297,-0.18182730674743652,0.16278299689292908,22.22106170654297,-0.18182730674743652,0.16278299689292908,40,44,2.7848804657149837,False,False
562,0,40,45,25.0,0.0,22.235227584838867,-0.18090301752090454,0.16278621554374695,22.235227584838867,-0.18090301752090454,0.16278621554374695,40,44,2.7706844658647243,False,False
563,0,40,45,25.0,0.0,22.249319076538086,-0.1799834966659546,0.16280898451805115,22.249319076538086,-0.1799834966659546,0.16280898451805115,40,44,2.756563005223968,False,False
564,0,40,45,25.0,0.0,22.263336181640625,-0.17906874418258667,0.16284935176372528,22.263336181640625,-0.17906874418258667,0.16284935176372528,40,44,2.7425160837924802,False,False
565,0,40,45,25.0,0.0,22.277280807495117,-0.178158700466156,0.16284672915935516,22.277280807495117,-0.178158700466156,0.16284672915935516,40,44,2.7285417943997543,False,False
566,0,40,45,25.0,0.0,22.291152954101562,-0.1772533804178238,0.1628054529428482,22.291152954101562,-0.1772533804178238,0.1628054529428482,40,44,2.7146401380187095,False,False
567,0,40,45,25.0,0.0,22.304950714111328,-0.17635272443294525,0.16278815269470215,22.304950714111328,-0.17635272443294525,0.16278815269470215,40,44,2.7008130140355817,False,False
568,0,40,45,25.0,0.0,22.31867790222168,-0.17545673251152039,0.16279244422912598,22.31867790222168,-0.17545673251152039,0.16279244422912598,40,44,2.6870566158936717,False,False
569,0,40,45,25.0,0.0,22.33233070373535,-0.1745653748512268,0.1628161519765854,22.33233070373535,-0.1745653748512268,0.1628161519765854,40,44,2.673374748203116,False,False
570,0,40,45,25.0,0.0,22.345914840698242,-0.17367862164974213,0.16285733878612518,22.345914840698242,-0.17367862164974213,0.16285733878612518,40,44,2.6597616991835924,False,False
571,0,40,45,25.0,0.0,22.359424591064453,-0.17279645800590515,0.16291426122188568,22.359424591064453,-0.17279645800590515,0.16291426122188568,40,44,2.6462231776958114,False,False
572,0,40,45,25.0,0.0,22.372865676879883,-0.1719188392162323,0.16292652487754822,22.372865676879883,-0.1719188392162323,0.16292652487754822,40,44,2.63275347098684,False,False
573,0,40,45,25.0,0.0,22.3862361907959,-0.17104578018188477,0.16289860010147095,22.3862361907959,-0.17104578018188477,0.16289860010147095,40,44,2.619354483307512,False,False
574,0,40,45,25.0,0.0,22.3995361328125,-0.17017722129821777,0.16283449530601501,22.3995361328125,-0.17017722129821777,0.16283449530601501,40,44,2.606026210765454,False,False
575,0,40,45,25.0,0.0,22.412765502929688,-0.16931316256523132,0.16279664635658264,22.412765502929688,-0.16931316256523132,0.16279664635658264,40,44,2.592768653360441,False,False
576,0,40,45,25.0,0.0,22.425926208496094,-0.16845357418060303,0.16278240084648132,22.425926208496094,-0.16845357418060303,0.16278240084648132,40,44,2.5795799058686892,False,False
577,0,40,45,25.0,0.0,22.43901824951172,-0.1675984263420105,0.16278941929340363,22.43901824951172,-0.1675984263420105,0.16278941929340363,40,44,2.5664599663439795,False,False
578,0,40,45,25.0,0.0,22.452041625976562,-0.16674770414829254,0.16281554102897644,22.452041625976562,-0.16674770414829254,0.16281554102897644,40,44,2.553408833813122,False,False
579,0,40,45,25.0,0.0,22.464996337890625,-0.16590139269828796,0.16285887360572815,22.464996337890625,-0.16590139269828796,0.16285887360572815,40,44,2.5404265073028927,False,False
580,0,40,45,25.0,0.0,22.47788429260254,-0.16505944728851318,0.16291768848896027,22.47788429260254,-0.16505944728851318,0.16291768848896027,40,44,2.5275110806166974,False,False
581,0,40,45,25.0,0.0,22.490703582763672,-0.1642218679189682,0.1629316359758377,22.490703582763672,-0.1642218679189682,0.1629316359758377,40,44,2.5146644570315675,False,False
582,0,40,45,25.0,0.0,22.503454208374023,-0.16338862478733063,0.16290520131587982,22.503454208374023,-0.16338862478733063,0.16290520131587982,40,45,2.5018866346010302,False,False
583,0,40,45,25.0,0.0,22.51613998413086,-0.16255968809127808,0.16284240782260895,22.51613998413086,-0.16255968809127808,0.16284240782260895,40,45,2.4891738048247616,True,False
584,1,45,45,25.0,-25.0,22.532543182373047,-0.16146565973758698,0.16280631721019745,22.532543182373047,-0.16146565973758698,0.16280631721019745,40,45,24.960791880852835,False,False
585,1,45,45,25.0,-25.0,22.55229377746582,-0.1601351648569107,0.16279423236846924,22.55229377746582,-0.1601351648569107,0.16279423236846924,40,45,24.960171289075937,False,False
586,1,45,45,25.0,-25.0,22.575056076049805,-0.1585976481437683,0.1628037393093109,22.575056076049805,-0.1585976481437683,0.1628037393093109,40,45,24.95947963882884,False,False
587,1,45,45,25.0,-25.0,22.60053062438965,-0.15688319504261017,0.16283266246318817,22.60053062438965,-0.15688319504261017,0.16283266246318817,40,45,24.95872404329292,False,False
588,1,45,45,25.0,-25.0,22.62844467163086,-0.15502235293388367,0.16287903487682343,22.62844467163086,-0.15502235293388367,0.16287903487682343,40,45,24.95790834502625,False,False
589,1,45,45,25.0,-25.0,22.65855598449707,-0.15304602682590485,0.16299989819526672,22.65855598449707,-0.15304602682590485,0.16299989819526672,40,45,24.95703271269977,False,False
590,1,45,45,25.0,-25.0,22.69064712524414,-0.15098536014556885,0.16318780183792114,22.69064712524414,-0.15098536014556885,0.16318780183792114,40,45,24.956094231106015,False,False
591,1,45,45,25.0,-25.0,22.724519729614258,-0.14887158572673798,0.16343601047992706,22.724519729614258,-0.14887158572673798,0.16343601047992706,40,45,24.95508753588363,False,False
592,1,45,45,25.0,-25.0,22.75999641418457,-0.1467359960079193,0.16367970407009125,22.75999641418457,-0.1467359960079193,0.16367970407009125,40,45,24.954004642874345,False,False
593,1,45,45,25.0,-25.0,22.796918869018555,-0.14460980892181396,0.16380177438259125,22.796918869018555,-0.14460980892181396,0.16380177438259125,40,45,24.952835270173853,False,False
594,1,45,45,25.0,-25.0,22.835142135620117,-0.14252415299415588,0.16369685530662537,22.835142135620117,-0.14252415299415588,0.16369685530662537,40,45,24.951567386788476,False,False
595,1,45,45,25.0,-25.0,22.874540328979492,-0.1405099332332611,0.1633877456188202,22.874540328979492,-0.1405099332332611,0.1633877456188202,40,45,24.950186876911538,False,False
596,1,45,45,25.0,-25.0,22.914993286132812,-0.13859781622886658,0.16295379400253296,22.914993286132812,-0.13859781622886658,0.16295379400253296,40,45,24.948678753394763,False,False
597,1,45,45,25.0,-25.0,22.956398010253906,-0.13681814074516296,0.16240762174129486,22.956398010253906,-0.13681814074516296,0.16240762174129486,40,45,24.94702630092158,False,False
598,1,45,45,25.0,-25.0,22.998661041259766,-0.1352008730173111,0.16193707287311554,22.998661041259766,-0.1352008730173111,0.16193707287311554,40,45,24.945211830188384,False,False
599,1,45,45,25.0,-25.0,23.04169464111328,-0.13377563655376434,0.16165240108966827,23.04169464111328,-0.13377563655376434,0.16165240108966827,40,45,24.9432169932407,False,False
600,1,45,45,25.0,-25.0,23.085420608520508,-0.13257163763046265,0.16159406304359436,23.085420608520508,-0.13257163763046265,0.16159406304359436,40,45,24.941022585368447,False,False
601,1,45,45,25.0,-25.0,23.129770278930664,-0.13161766529083252,0.16173973679542542,23.129770278930664,-0.13161766529083252,0.16173973679542542,40,45,24.938608605029394,False,False
602,1,45,45,25.0,-25.0,23.174680709838867,-0.13094210624694824,0.16201061010360718,23.174680709838867,-0.13094210624694824,0.16201061010360718,40,45,24.935954584372247,False,False
603,1,45,45,25.0,-25.0,23.220090866088867,-0.1305728703737259,0.1623358130455017,23.220090866088867,-0.1305728703737259,0.1623358130455017,40,45,24.93303997271034,False,False
604,1,45,45,25.0,-25.0,23.26595115661621,-0.13053731620311737,0.16271045804023743,23.26595115661621,-0.13053731620311737,0.16271045804023743,40,45,24.929843552898728,False,False
605,1,45,45,25.0,-25.0,23.312210083007812,-0.1308622807264328,0.16313022375106812,23.312210083007812,-0.1308622807264328,0.16313022375106812,40,45,24.926344411166586,False,False
606,1,45,45,25.0,-25.0,23.35882568359375,-0.1315741091966629,0.16353249549865723,23.35882568359375,-0.1315741091966629,0.16353249549865723,40,45,24.92252112895502,False,False
607,1,45,45,25.0,-25.0,23.40575408935547,-0.1326986700296402,0.16380223631858826,23.40575408935547,-0.1326986700296402,0.16380223631858826,40,45,24.918352583169547,False,False
608,1,45,45,25.0,-25.0,23.452960968017578,-0.13426120579242706,0.16389483213424683,23.452960968017578,-0.13426120579242706,0.16389483213424683,40,45,24.913817362022957,False,False
609,1,45,45,25.0,-25.0,23.500408172607422,-0.13628628849983215,0.1638289988040924,23.500408172607422,-0.13628628849983215,0.1638289988040924,40,45,24.90889470001076,False,False
610,1,45,45,25.0,-25.0,23.548063278198242,-0.13879813253879547,0.16356290876865387,23.548063278198242,-0.13879813253879547,0.16356290876865387,40,45,24.903563571078998,False,False
611,1,45,45,25.0,-25.0,23.595897674560547,-0.14182035624980927,0.16317665576934814,23.595897674560547,-0.14182035624980927,0.16317665576934814,40,45,24.897803086643222,False,False
612,1,45,45,25.0,-25.0,23.643877029418945,-0.14537568390369415,0.1628599762916565,23.643877029418945,-0.14537568390369415,0.1628599762916565,40,45,24.89159334806881,False,False
613,1,45,45,25.0,-25.0,23.691978454589844,-0.14948642253875732,0.16254855692386627,23.691978454589844,-0.14948642253875732,0.16254855692386627,40,45,24.88491401284808,False,False
614,1,45,45,25.0,-25.0,23.74017333984375,-0.15417374670505524,0.1623610258102417,23.74017333984375,-0.15417374670505524,0.1623610258102417,40,45,24.87774598758016,False,False
615,1,45,45,25.0,-25.0,23.788434982299805,-0.1594582498073578,0.16222788393497467,23.788434982299805,-0.1594582498073578,0.16222788393497467,40,45,24.870070450949243,False,False
616,1,45,45,25.0,-25.0,23.836742401123047,-0.1653595119714737,0.1621454954147339,23.836742401123047,-0.1653595119714737,0.1621454954147339,40,45,24.86186912544933,False,False
617,1,45,45,25.0,-25.0,23.885068893432617,-0.1718960404396057,0.16216948628425598,23.885068893432617,-0.1718960404396057,0.16216948628425598,40,45,24.85312490611855,False,False
618,1,45,45,25.0,-25.0,23.933393478393555,-0.17908525466918945,0.16240887343883514,23.933393478393555,-0.17908525466918945,0.16240887343883514,40,45,24.843821329797755,False,False
619,1,45,45,25.0,-25.0,23.981693267822266,-0.1869438886642456,0.16278545558452606,23.981693267822266,-0.1869438886642456,0.16278545558452606,40,45,24.833942542115523,False,False
620,1,45,45,25.0,-25.0,24.02994728088379,-0.19548751413822174,0.16328778862953186,24.02994728088379,-0.19548751413822174,0.16328778862953186,40,45,24.82347360743733,False,False
621,1,45,45,25.0,-25.0,24.07813262939453,-0.20473115146160126,0.16367053985595703,24.07813262939453,-0.20473115146160126,0.16367053985595703,40,45,24.812400059653353,False,False
622,1,45,45,25.0,-25.0,24.126230239868164,-0.214688241481781,0.1639482080936432,24.126230239868164,-0.214688241481781,0.1639482080936432,40,45,24.80070871085466,False,False
623,1,45,45,25.0,-25.0,24.174219131469727,-0.22537104785442352,0.16419276595115662,24.174219131469727,-0.22537104785442352,0.16419276595115662,40,45,24.788387477997038,False,False
624,1,45,45,25.0,-25.0,24.222076416015625,-0.23679086565971375,0.1644102931022644,24.222076416015625,-0.23679086565971375,0.1644102931022644,40,45,24.775425157473954,False,False
625,1,45,45,25.0,-25.0,24.269784927368164,-0.24895790219306946,0.16460639238357544,24.269784927368164,-0.24895790219306946,0.16460639238357544,40,45,24.761811302481682,False,False
626,1,45,45,25.0,-25.0,24.317325592041016,-0.261881560087204,0.16466860473155975,24.317325592041016,-0.261881560087204,0.16466860473155975,40,45,24.747536206548634,False,False
627,1,45,45,25.0,-25.0,24.364675521850586,-0.275569885969162,0.16461341083049774,24.364675521850586,-0.275569885969162,0.16461341083049774,40,45,24.73259148686467,False,False
628,1,45,45,25.0,-25.0,24.411819458007812,-0.29002952575683594,0.16457334160804749,24.411819458007812,-0.29002952575683594,0.16457334160804749,40,45,24.716969822127208,False,False
629,1,45,45,25.0,-25.0,24.4587345123291,-0.3052663803100586,0.16455015540122986,24.4587345123291,-0.3052663803100586,0.16455015540122986,40,45,24.70066470513675,False,False
630,1,45,45,25.0,-25.0,24.505403518676758,-0.3212853968143463,0.16448675096035004,24.505403518676758,-0.3212853968143463,0.16448675096035004,40,45,24.68367031348511,False,False
631,1,45,45,25.0,-25.0,24.551807403564453,-0.3380899131298065,0.16456696391105652,24.551807403564453,-0.3380899131298065,0.16456696391105652,40,45,24.665982359037912,False,False
632,1,45,45,25.0,-25.0,24.597929000854492,-0.3556828796863556,0.16472113132476807,24.597929000854492,-0.3556828796863556,0.16472113132476807,40,45,24.647596787819662,False,False
633,1,45,45,25.0,-25.0,24.643749237060547,-0.37406599521636963,0.16494543850421906,24.643749237060547,-0.37406599521636963,0.16494543850421906,40,45,24.628510718556527,False,False
634,1,45,45,25.0,-25.0,24.689250946044922,-0.39324018359184265,0.16517774760723114,24.689250946044922,-0.39324018359184265,0.16517774760723114,40,45,24.608721901735027,False,False
635,1,45,45,25.0,-25.0,24.73441505432129,-0.41320568323135376,0.16524457931518555,24.73441505432129,-0.41320568323135376,0.16524457931518555,40,45,24.588228690543332,False,False
636,1,45,45,25.0,-25.0,24.779224395751953,-0.4339614510536194,0.16510748863220215,24.779224395751953,-0.4339614510536194,0.16510748863220215,40,45,24.56703058686073,False,False
637,1,45,45,25.0,-25.0,24.82366371154785,-0.4555051028728485,0.1649082899093628,24.82366371154785,-0.4555051028728485,0.1649082899093628,40,45,24.545128319927887,False,False
638,1,45,45,25.0,-25.0,24.867713928222656,-0.47783327102661133,0.16477462649345398,24.867713928222656,-0.47783327102661133,0.16477462649345398,40,45,24.522523538338294,False,False
639,1,45,45,25.0,-25.0,24.911359786987305,-0.5009421110153198,0.164703831076622,24.911359786987305,-0.5009421110153198,0.164703831076622,40,45,24.499218243347794,False,False
640,1,45,45,25.0,-25.0,24.954587936401367,-0.5248269438743591,0.16469350457191467,24.954587936401367,-0.5248269438743591,0.16469350457191467,40,45,24.47521518562848,False,False
641,1,45,45,25.0,-25.0,24.997377395629883,-0.5494822859764099,0.16474151611328125,24.997377395629883,-0.5494822859764099,0.16474151611328125,40,45,24.450517854676107,False,False
642,1,45,45,25.0,-25.0,25.039718627929688,-0.5749016404151917,0.16490475833415985,25.039718627929688,-0.5749016404151917,0.16490475833415985,40,45,24.425130653587036,False,False
643,1,45,45,25.0,-25.0,25.081592559814453,-0.6010779738426208,0.16523441672325134,25.081592559814453,-0.6010779738426208,0.16523441672325134,40,45,24.39905845282405,False,False
644,1,45,45,25.0,-25.0,25.122989654541016,-0.6280035972595215,0.16565896570682526,25.122989654541016,-0.6280035972595215,0.16565896570682526,40,45,24.37230672526339,False,False
645,1,45,45,25.0,-25.0,25.163890838623047,-0.6556701064109802,0.16623163223266602,25.163890838623047,-0.6556701064109802,0.16623163223266602,40,45,24.344881560091363,False,False
646,1,45,45,25.0,-25.0,25.204286575317383,-0.6840693354606628,0.16658873856067657,25.204286575317383,-0.6840693354606628,0.16658873856067657,40,45,24.31678879061829,False,False
647,1,45,45,25.0,-25.0,25.24416160583496,-0.7131913304328918,0.16687336564064026,25.24416160583496,-0.7131913304328918,0.16687336564064026,40,45,24.288035948629606,False,False
648,1,45,45,25.0,-25.0,25.283506393432617,-0.7430256605148315,0.1671554297208786,25.283506393432617,-0.7430256605148315,0.1671554297208786,40,45,24.2586310409627,False,False
649,1,45,45,25.0,-25.0,25.32230567932129,-0.773561954498291,0.16732142865657806,25.32230567932129,-0.773561954498291,0.16732142865657806,40,45,24.228581909048152,False,False
650,1,45,45,25.0,-25.0,25.360551834106445,-0.8047890663146973,0.16732798516750336,25.360551834106445,-0.8047890663146973,0.16732798516750336,40,45,24.197897217539428,False,False
651,1,45,45,25.0,-25.0,25.398229598999023,-0.83669513463974,0.16725362837314606,25.398229598999023,-0.83669513463974,0.16725362837314606,40,45,24.166586205541357,False,False
652,1,45,45,25.0,-25.0,25.435335159301758,-0.8692678213119507,0.16716893017292023,25.435335159301758,-0.8692678213119507,0.16716893017292023,40,45,24.134658733458302,False,False
653,1,45,45,25.0,-25.0,25.471853256225586,-0.9024944305419922,0.16713736951351166,25.471853256225586,-0.9024944305419922,0.16713736951351166,40,45,24.102124806030492,False,False
654,1,45,45,25.0,-25.0,25.50777816772461,-0.936362087726593,0.16715721786022186,25.50777816772461,-0.936362087726593,0.16715721786022186,40,45,24.06899474927484,False,False
655,1,45,45,25.0,-25.0,25.543100357055664,-0.9708575010299683,0.16728563606739044,25.543100357055664,-0.9708575010299683,0.16728563606739044,40,45,24.03527922104592,False,False
656,1,45,45,25.0,-25.0,25.57781410217285,-1.0059670209884644,0.1675739884376526,25.57781410217285,-1.0059670209884644,0.1675739884376526,40,45,24.000989307413207,False,False
657,1,45,45,25.0,-25.0,25.611907958984375,-1.0416771173477173,0.16789206862449646,25.611907958984375,-1.0416771173477173,0.16789206862449646,40,45,23.96613583162059,False,False
658,1,45,45,25.0,-25.0,25.6453800201416,-1.0779742002487183,0.16812258958816528,25.6453800201416,-1.0779742002487183,0.16812258958816528,40,45,23.930729903919854,False,False
659,1,45,45,25.0,-25.0,25.67822265625,-1.1148439645767212,0.1682775616645813,25.67822265625,-1.1148439645767212,0.1682775616645813,40,45,23.89478321324485,False,False
660,1,45,45,25.0,-25.0,25.71042823791504,-1.15227210521698,0.1683676838874817,25.71042823791504,-1.15227210521698,0.1683676838874817,40,45,23.858307442583584,False,False
661,1,45,45,25.0,-25.0,25.741992950439453,-1.190244197845459,0.1684025079011917,25.741992950439453,-1.190244197845459,0.1684025079011917,40,45,23.82131450816125,False,False
662,1,45,45,25.0,-25.0,25.77291488647461,-1.2287455797195435,0.16839049756526947,25.77291488647461,-1.2287455797195435,0.16839049756526947,40,45,23.78381664358009,False,False
663,1,45,45,25.0,-25.0,25.80318832397461,-1.2677619457244873,0.1682804524898529,25.80318832397461,-1.2677619457244873,0.1682804524898529,40,45,23.74582562364535,False,False
664,1,45,45,25.0,-25.0,25.832809448242188,-1.3072783946990967,0.1680261492729187,25.832809448242188,-1.3072783946990967,0.1680261492729187,40,45,23.707353893747264,False,False
665,1,45,45,25.0,-25.0,25.86177635192871,-1.3472801446914673,0.16776230931282043,25.86177635192871,-1.3472801446914673,0.16776230931282043,40,45,23.668413868158762,False,False
666,1,45,45,25.0,-25.0,25.890087127685547,-1.3877525329589844,0.16749246418476105,25.890087127685547,-1.3877525329589844,0.16749246418476105,40,45,23.629017870822654,False,False
667,1,45,45,25.0,-25.0,25.917741775512695,-1.4286808967590332,0.16721968352794647,25.917741775512695,-1.4286808967590332,0.16721968352794647,40,45,23.58917832891459,False,False
668,1,45,45,25.0,-25.0,25.944738388061523,-1.4700504541397095,0.1669466346502304,25.944738388061523,-1.4700504541397095,0.1669466346502304,40,45,23.548907750734596,False,False
669,1,45,45,25.0,-25.0,25.9710750579834,-1.511846661567688,0.16685202717781067,25.9710750579834,-1.511846661567688,0.16685202717781067,40,45,23.508218435643872,False,False
670,1,45,45,25.0,-25.0,25.996753692626953,-1.5540547370910645,0.16692014038562775,25.996753692626953,-1.5540547370910645,0.16692014038562775,40,45,23.46712311288044,False,False
671,1,45,45,25.0,-25.0,26.02177619934082,-1.5966604948043823,0.16725434362888336,26.02177619934082,-1.5966604948043823,0.16725434362888336,40,45,23.425633963608952,False,False
672,1,45,45,25.0,-25.0,26.046140670776367,-1.639649748802185,0.16777116060256958,26.046140670776367,-1.639649748802185,0.16777116060256958,40,45,23.38376304536313,False,False
673,1,45,45,25.0,-25.0,26.06985092163086,-1.6830085515975952,0.1685129553079605,26.06985092163086,-1.6830085515975952,0.1685129553079605,40,45,23.341522469611643,False,False
674,1,45,45,25.0,-25.0,26.092906951904297,-1.7267231941223145,0.16934137046337128,26.092906951904297,-1.7267231941223145,0.16934137046337128,40,45,23.298923985637728,False,False
675,1,45,45,25.0,-25.0,26.115312576293945,-1.7707804441452026,0.1700141876935959,26.115312576293945,-1.7707804441452026,0.1700141876935959,40,45,23.255979087472245,False,False
676,1,45,45,25.0,-25.0,26.13707160949707,-1.8151668310165405,0.17054855823516846,26.13707160949707,-1.8151668310165405,0.17054855823516846,40,45,23.212699561203987,False,False
677,1,45,45,25.0,-25.0,26.158184051513672,-1.859869122505188,0.1710185706615448,26.158184051513672,-1.859869122505188,0.1710185706615448,40,45,23.169096817199616,False,False
678,1,45,45,25.0,-25.0,26.17865562438965,-1.9048744440078735,0.17131441831588745,26.17865562438965,-1.9048744440078735,0.17131441831588745,40,45,23.125182237724008,False,False
679,1,45,45,25.0,-25.0,26.198490142822266,-1.9501698017120361,0.1714548021554947,26.198490142822266,-1.9501698017120361,0.1714548021554947,40,45,23.08096728459078,False,False
680,1,45,45,25.0,-25.0,26.21769142150879,-1.9957430362701416,0.17145642638206482,26.21769142150879,-1.9957430362701416,0.17145642638206482,40,45,23.03646263755201,False,False
681,1,45,45,25.0,-25.0,26.236265182495117,-2.041581630706787,0.17133423686027527,26.236265182495117,-2.041581630706787,0.17133423686027527,40,45,22.991679486739322,False,False
682,1,45,45,25.0,-25.0,26.254215240478516,-2.0876736640930176,0.17098398506641388,26.254215240478516,-2.0876736640930176,0.17098398506641388,40,45,22.946628379623558,False,False
683,1,45,45,25.0,-25.0,26.271549224853516,-2.134007453918457,0.17042936384677887,26.271549224853516,-2.134007453918457,0.17042936384677887,40,45,22.901319886606586,False,False
684,1,45,45,25.0,-25.0,26.288270950317383,-2.1805717945098877,0.16969160735607147,26.288270950317383,-2.1805717945098877,0.16969160735607147,40,45,22.855763948443055,False,False
685,1,45,45,25.0,-25.0,26.304386138916016,-2.2273552417755127,0.16890732944011688,26.304386138916016,-2.2273552417755127,0.16890732944011688,40,45,22.809970900544467,False,False
686,1,45,45,25.0,-25.0,26.319902420043945,-2.2743465900421143,0.168199360370636,26.319902420043945,-2.2743465900421143,0.168199360370636,40,45,22.763951003900186,False,False
687,1,45,45,25.0,-25.0,26.33482551574707,-2.321535348892212,0.16756057739257812,26.33482551574707,-2.321535348892212,0.16756057739257812,40,45,22.71771375136668,False,False
688,1,45,45,25.0,-25.0,26.349163055419922,-2.368911027908325,0.16704323887825012,26.349163055419922,-2.368911027908325,0.16704323887825012,40,45,22.67126880024229,False,False
689,1,45,45,25.0,-25.0,26.3629207611084,-2.41646409034729,0.16669432818889618,26.3629207611084,-2.41646409034729,0.16669432818889618,40,45,22.624624796527208,False,False
690,1,45,45,25.0,-25.0,26.376108169555664,-2.464184522628784,0.16649724543094635,26.376108169555664,-2.464184522628784,0.16649724543094635,40,45,22.577791143609286,False,False
691,1,45,45,25.0,-25.0,26.388731002807617,-2.5120630264282227,0.16637812554836273,26.388731002807617,-2.5120630264282227,0.16637812554836273,41,45,22.530776354255874,False,False
692,1,45,45,25.0,-25.0,26.400798797607422,-2.5600905418395996,0.1663292795419693,26.400798797607422,-2.5600905418395996,0.1663292795419693,41,45,22.483588987566353,False,False
693,1,45,45,25.0,-25.0,26.412315368652344,-2.6082587242126465,0.16634368896484375,26.412315368652344,-2.6082587242126465,0.16634368896484375,41,45,22.436236584203034,False,False
694,1,45,45,25.0,-25.0,26.42329216003418,-2.6565585136413574,0.16641497611999512,26.42329216003418,-2.6565585136413574,0.16641497611999512,41,45,22.388727923380266,False,False
695,1,45,45,25.0,-25.0,26.43373680114746,-2.704982280731201,0.1665373146533966,26.43373680114746,-2.704982280731201,0.1665373146533966,41,45,22.341070169476534,False,False
696,1,45,45,25.0,-25.0,26.443655014038086,-2.753521680831909,0.16682299971580505,26.443655014038086,-2.753521680831909,0.16682299971580505,41,45,22.293271123923766,False,False
697,1,45,45,25.0,-25.0,26.45305824279785,-2.8021695613861084,0.16713783144950867,26.45305824279785,-2.8021695613861084,0.16713783144950867,41,45,22.245337813537834,False,False
698,1,45,45,25.0,-25.0,26.46195411682129,-2.8509185314178467,0.16736099123954773,26.46195411682129,-2.8509185314178467,0.16736099123954773,41,45,22.19727730469618,False,False
699,1,45,45,25.0,-25.0,26.470348358154297,-2.89976167678833,0.16756008565425873,26.470348358154297,-2.89976167678833,0.16756008565425873,41,45,22.149096104290145,False,False
700,1,45,45,25.0,-25.0,26.478252410888672,-2.9486923217773438,0.16767828166484833,26.478252410888672,-2.9486923217773438,0.16767828166484833,41,45,22.100800902002163,False,False
701,1,45,45,25.0,-25.0,26.485675811767578,-2.997704267501831,0.16772322356700897,26.485675811767578,-2.997704267501831,0.16772322356700897,41,45,22.052397831482597,False,False
702,1,45,45,25.0,-25.0,26.492624282836914,-3.0467910766601562,0.1675252914428711,26.492624282836914,-3.0467910766601562,0.1675252914428711,41,45,22.003893048311305,False,False
703,1,45,45,25.0,-25.0,26.499107360839844,-3.095947027206421,0.16716702282428741,26.499107360839844,-3.095947027206421,0.16716702282428741,41,45,21.95529228942925,False,False
704,1,45,45,25.0,-25.0,26.505136489868164,-3.1451666355133057,0.16672267019748688,26.505136489868164,-3.1451666355133057,0.16672267019748688,41,45,21.906601225261152,False,False
705,1,45,45,25.0,-25.0,26.510717391967773,-3.194443941116333,0.16631776094436646,26.510717391967773,-3.194443941116333,0.16631776094436646,41,45,21.857825648392204,False,False
706,1,45,45,25.0,-25.0,26.515859603881836,-3.243774175643921,0.1660064458847046,26.515859603881836,-3.243774175643921,0.1660064458847046,41,45,21.80897045848472,False,False
707,1,45,45,25.0,-25.0,26.520572662353516,-3.2931525707244873,0.16571977734565735,26.520572662353516,-3.2931525707244873,0.16571977734565735,41,45,21.76004059139922,False,False
708,1,45,45,25.0,-25.0,26.524866104125977,-3.34257435798645,0.16545450687408447,26.524866104125977,-3.34257435798645,0.16545450687408447,41,45,21.711041017760028,False,False
709,1,45,45,25.0,-25.0,26.528745651245117,-3.3920347690582275,0.16532525420188904,26.528745651245117,-3.3920347690582275,0.16532525420188904,41,45,21.661976472330252,False,False
710,1,45,45,25.0,-25.0,26.532224655151367,-3.441530227661133,0.16531753540039062,26.532224655151367,-3.441530227661133,0.16531753540039062,41,45,21.61285106872072,False,False
711,1,45,45,25.0,-25.0,26.535308837890625,-3.4910566806793213,0.1653594821691513,26.535308837890625,-3.4910566806793213,0.1653594821691513,41,45,21.563668888699222,False,False
712,1,45,45,25.0,-25.0,26.538007736206055,-3.5406103134155273,0.1654452085494995,26.538007736206055,-3.5406103134155273,0.1654452085494995,41,45,21.51443407383326,False,False
713,1,45,45,25.0,-25.0,26.54033088684082,-3.5901875495910645,0.16562816500663757,26.54033088684082,-3.5901875495910645,0.16562816500663757,41,45,21.465150556253764,False,False
714,1,45,45,25.0,-25.0,26.542287826538086,-3.6397852897644043,0.1658388376235962,26.542287826538086,-3.6397852897644043,0.1658388376235962,41,45,21.41582181956258,False,False
715,1,45,45,25.0,-25.0,26.543882369995117,-3.6894004344940186,0.16613225638866425,26.543882369995117,-3.6894004344940186,0.16613225638866425,41,45,21.366450959710775,False,False
716,1,45,45,25.0,-25.0,26.545129776000977,-3.739030122756958,0.16644029319286346,26.545129776000977,-3.739030122756958,0.16644029319286346,41,45,21.317041683726213,False,False
717,1,45,45,25.0,-25.0,26.54603385925293,-3.7886714935302734,0.16676044464111328,26.54603385925293,-3.7886714935302734,0.16676044464111328,41,45,21.267596895355425,False,False
718,1,45,45,25.0,-25.0,26.54660415649414,-3.838322639465332,0.16697284579277039,26.54660415649414,-3.838322639465332,0.16697284579277039,41,45,21.218118981857238,False,False
719,1,45,45,25.0,-25.0,26.546852111816406,-3.8879804611206055,0.16708719730377197,26.546852111816406,-3.8879804611206055,0.16708719730377197,41,45,21.168611680170624,False,False
720,1,45,45,25.0,-25.0,26.546781539916992,-3.937643527984619,0.1669946312904358,26.546781539916992,-3.937643527984619,0.1669946312904358,41,45,21.119076525418343,False,False
721,1,45,45,25.0,-25.0,26.546403884887695,-3.987309217453003,0.1668323427438736,26.546403884887695,-3.987309217453003,0.1668323427438736,41,45,21.06951681691185,False,False
722,1,45,45,25.0,-25.0,26.545726776123047,-4.036975860595703,0.1666650027036667,26.545726776123047,-4.036975860595703,0.1666650027036667,41,45,21.019934641565158,False,False
723,1,45,45,25.0,-25.0,26.544757843017578,-4.086641788482666,0.16649197041988373,26.544757843017578,-4.086641788482666,0.16649197041988373,41,45,20.970332102205816,False,False
724,1,45,45,25.0,-25.0,26.54350471496582,-4.136305332183838,0.16637149453163147,26.54350471496582,-4.136305332183838,0.16637149453163147,41,45,20.92071131670676,False,False
725,1,45,45,25.0,-25.0,26.541976928710938,-4.185964584350586,0.16629715263843536,26.541976928710938,-4.185964584350586,0.16629715263843536,41,45,20.871074795816934,False,False
726,1,45,45,25.0,-25.0,26.540180206298828,-4.235619068145752,0.16614557802677155,26.540180206298828,-4.235619068145752,0.16614557802677155,41,45,20.821423355549616,False,False
727,1,45,45,25.0,-25.0,26.538124084472656,-4.285266876220703,0.16598211228847504,26.538124084472656,-4.285266876220703,0.16598211228847504,41,45,20.771759532804005,False,False
728,1,45,45,25.0,-25.0,26.535816192626953,-4.334907054901123,0.16586560010910034,26.535816192626953,-4.334907054901123,0.16586560010910034,41,45,20.722084784285354,False,False
729,1,45,45,25.0,-25.0,26.53326416015625,-4.3845391273498535,0.16579017043113708,26.53326416015625,-4.3845391273498535,0.16579017043113708,41,45,20.67240010198595,False,False
730,1,45,45,25.0,-25.0,26.530473709106445,-4.43416166305542,0.16580931842327118,26.530473709106445,-4.43416166305542,0.16580931842327118,41,45,20.622707297433223,False,False
731,1,45,45,25.0,-25.0,26.527454376220703,-4.483773708343506,0.16591240465641022,26.527454376220703,-4.483773708343506,0.16591240465641022,41,45,20.573007998877873,False,False
732,1,45,45,25.0,-25.0,26.524213790893555,-4.533375263214111,0.16608983278274536,26.524213790893555,-4.533375263214111,0.16608983278274536,41,45,20.523302750696978,False,False
733,1,45,45,25.0,-25.0,26.5207576751709,-4.58296537399292,0.16633298993110657,26.5207576751709,-4.58296537399292,0.16633298993110657,41,45,20.473592914438914,False,False
734,1,45,45,25.0,-25.0,26.517091751098633,-4.632543563842773,0.16657531261444092,26.517091751098633,-4.632543563842773,0.16657531261444092,41,45,20.423879383212533,False,False
735,1,45,45,25.0,-25.0,26.513225555419922,-4.682109355926514,0.16681569814682007,26.513225555419922,-4.682109355926514,0.16681569814682007,41,45,20.374163340027113,False,False
736,1,45,45,25.0,-25.0,26.509166717529297,-4.731663227081299,0.1669943779706955,26.509166717529297,-4.731663227081299,0.1669943779706955,41,45,20.324444881023112,False,False
737,1,45,45,25.0,-25.0,26.504919052124023,-4.781203746795654,0.16711635887622833,26.504919052124023,-4.781203746795654,0.16711635887622833,41,45,20.27472572643181,False,False
738,1,45,45,25.0,-25.0,26.500492095947266,-4.8307318687438965,0.1671273410320282,26.500492095947266,-4.8307318687438965,0.1671273410320282,41,45,20.225005648466535,False,False
739,1,45,45,25.0,-25.0,26.49588966369629,-4.880247116088867,0.16703727841377258,26.49588966369629,-4.880247116088867,0.16703727841377258,41,45,20.175285425381315,False,False
740,1,45,45,25.0,-25.0,26.491119384765625,-4.929749011993408,0.166855126619339,26.491119384765625,-4.929749011993408,0.166855126619339,41,45,20.12556612225364,False,False
741,1,45,45,25.0,-25.0,26.486188888549805,-4.979238033294678,0.1665889471769333,26.486188888549805,-4.979238033294678,0.1665889471769333,41,45,20.075847856066336,False,False
742,1,45,45,25.0,-25.0,26.481103897094727,-5.028714179992676,0.16624601185321808,26.481103897094727,-5.028714179992676,0.16624601185321808,41,45,20.026131080626,False,False
743,1,45,45,25.0,-25.0,26.47587013244629,-5.078176975250244,0.16583286225795746,26.47587013244629,-5.078176975250244,0.16583286225795746,41,45,19.976416727664063,False,False
744,1,45,45,25.0,-25.0,26.470491409301758,-5.127627372741699,0.16547298431396484,26.470491409301758,-5.127627372741699,0.16547298431396484,41,45,19.92670416354484,False,False
745,1,45,45,25.0,-25.0,26.464977264404297,-5.177064895629883,0.1651599258184433,26.464977264404297,-5.177064895629883,0.1651599258184433,41,45,19.87699460525385,False,False
746,1,45,45,25.0,-25.0,26.459331512451172,-5.226489543914795,0.16494663059711456,26.459331512451172,-5.226489543914795,0.16494663059711456,41,45,19.827288372849775,False,False
747,1,45,45,25.0,-25.0,26.45355987548828,-5.275902271270752,0.16488082706928253,26.45355987548828,-5.275902271270752,0.16488082706928253,41,45,19.777584977041354,False,False
748,1,45,45,25.0,-25.0,26.447669982910156,-5.325302600860596,0.16494661569595337,26.447669982910156,-5.325302600860596,0.16494661569595337,41,45,19.727885495590296,False,False
749,1,45,45,25.0,-25.0,26.44166374206543,-5.374691486358643,0.16507089138031006,26.44166374206543,-5.374691486358643,0.16507089138031006,41,45,19.67818915959469,False,False
750,1,45,45,25.0,-25.0,26.435548782348633,-5.424068927764893,0.16512912511825562,26.435548782348633,-5.424068927764893,0.16512912511825562,41,45,19.62849657134755,False,False
751,1,45,45,25.0,-25.0,26.42932891845703,-5.473435401916504,0.16512683033943176,26.42932891845703,-5.473435401916504,0.16512683033943176,41,45,19.578807577589224,False,False
752,1,45,45,25.0,-25.0,26.423011779785156,-5.522791385650635,0.16512778401374817,26.423011779785156,-5.522791385650635,0.16512778401374817,41,45,19.529122303173086,False,False
753,1,45,45,25.0,-25.0,26.416601181030273,-5.572137355804443,0.1651305854320526,26.416601181030273,-5.572137355804443,0.1651305854320526,41,45,19.47944059329799,False,False
754,1,45,45,25.0,-25.0,26.41010093688965,-5.621473789215088,0.16513395309448242,26.41010093688965,-5.621473789215088,0.16513395309448242,41,45,19.42976229278925,False,False
755,1,45,45,25.0,-25.0,26.40351676940918,-5.670800685882568,0.16513679921627045,26.40351676940918,-5.670800685882568,0.16513679921627045,41,45,19.380087859627743,False,False
756,1,45,45,25.0,-25.0,26.396852493286133,-5.720118999481201,0.1651381105184555,26.396852493286133,-5.720118999481201,0.1651381105184555,41,45,19.33041666085254,False,False
757,1,45,45,25.0,-25.0,26.39011573791504,-5.769428730010986,0.16513699293136597,26.39011573791504,-5.769428730010986,0.16513699293136597,41,45,19.28074928873165,False,False
758,1,45,45,25.0,-25.0,26.3833065032959,-5.818730354309082,0.16513264179229736,26.3833065032959,-5.818730354309082,0.16513264179229736,41,45,19.231085307458976,False,False
759,1,45,45,25.0,-25.0,26.376432418823242,-5.868024826049805,0.16524194180965424,26.376432418823242,-5.868024826049805,0.16524194180965424,41,45,19.18142435431306,False,False
760,1,45,45,25.0,-25.0,26.369497299194336,-5.917311668395996,0.16539371013641357,26.369497299194336,-5.917311668395996,0.16539371013641357,41,45,19.131767216167884,False,False
761,1,45,45,25.0,-25.0,26.362504959106445,-5.966592311859131,0.16546505689620972,26.362504959106445,-5.966592311859131,0.16546505689620972,41,45,19.08211277575336,False,False
762,1,45,45,25.0,-25.0,26.355459213256836,-6.015867233276367,0.16540423035621643,26.355459213256836,-6.015867233276367,0.16540423035621643,41,45,19.032460865148067,False,False
763,1,45,45,25.0,-25.0,26.348363876342773,-6.065136909484863,0.1653410643339157,26.348363876342773,-6.065136909484863,0.1653410643339157,41,45,18.98281131443861,False,False
764,1,45,45,25.0,-25.0,26.341224670410156,-6.114400863647461,0.16527479887008667,26.341224670410156,-6.114400863647461,0.16527479887008667,41,45,18.93316503798339,False,False
765,1,45,45,25.0,-25.0,26.334043502807617,-6.163660526275635,0.16532236337661743,26.334043502807617,-6.163660526275635,0.16532236337661743,41,45,18.883520774388707,False,False
766,1,45,45,25.0,-25.0,26.326824188232422,-6.212915897369385,0.16547136008739471,26.326824188232422,-6.212915897369385,0.16547136008739471,41,45,18.833878822637534,False,False
767,1,45,45,25.0,-25.0,26.319570541381836,-6.262167453765869,0.1656518578529358,26.319570541381836,-6.262167453765869,0.1656518578529358,41,45,18.7842390036007,False,False
768,1,45,45,25.0,-25.0,26.312288284301758,-6.311415672302246,0.16585972905158997,26.312288284301758,-6.311415672302246,0.16585972905158997,41,45,18.734601269164653,False,False
769,1,45,45,25.0,-25.0,26.304977416992188,-6.360661506652832,0.16609129309654236,26.304977416992188,-6.360661506652832,0.16609129309654236,41,45,18.684964691656045,False,False
770,1,45,45,25.0,-25.0,26.29764175415039,-6.409904479980469,0.16634319722652435,26.29764175415039,-6.409904479980469,0.16634319722652435,41,45,18.63533003640034,False,False
771,1,45,45,25.0,-25.0,26.290287017822266,-6.459146022796631,0.16661246120929718,26.290287017822266,-6.459146022796631,0.16661246120929718,41,45,18.58569629560159,False,False
772,1,45,45,25.0,-25.0,26.282915115356445,-6.508386135101318,0.16689641773700714,26.282915115356445,-6.508386135101318,0.16689641773700714,41,45,18.53606361992004,False,False
773,1,45,45,25.0,-25.0,26.275527954101562,-6.5576252937316895,0.1671338528394699,26.275527954101562,-6.5576252937316895,0.1671338528394699,41,45,18.486431682942484,False,False
774,1,45,45,25.0,-25.0,26.268129348754883,-6.606863498687744,0.16732847690582275,26.268129348754883,-6.606863498687744,0.16732847690582275,41,45,18.43680076371925,False,False
775,1,45,45,25.0,-25.0,26.260723114013672,-6.656102180480957,0.16748368740081787,26.260723114013672,-6.656102180480957,0.16748368740081787,41,45,18.38716971105569,False,False
776,1,45,45,25.0,-25.0,26.253311157226562,-6.70534086227417,0.16760247945785522,26.253311157226562,-6.70534086227417,0.16760247945785522,41,45,18.337539143036718,False,False
777,1,45,45,25.0,-25.0,26.245895385742188,-6.754580020904541,0.16768760979175568,26.245895385742188,-6.754580020904541,0.16768760979175568,41,45,18.287908724777402,False,False
778,1,45,45,25.0,-25.0,26.238481521606445,-6.8038201332092285,0.16780033707618713,26.238481521606445,-6.8038201332092285,0.16780033707618713,41,45,18.238278378837254,False,False
779,1,45,45,25.0,-25.0,26.231067657470703,-6.853062152862549,0.1678781807422638,26.231067657470703,-6.853062152862549,0.1678781807422638,41,45,18.188647030638098,False,False
780,1,45,45,25.0,-25.0,26.223661422729492,-6.902305603027344,0.16792374849319458,26.223661422729492,-6.902305603027344,0.16792374849319458,41,45,18.13901567791626,False,False
781,1,45,45,25.0,-25.0,26.21626091003418,-6.9515509605407715,0.16793937981128693,26.21626091003418,-6.9515509605407715,0.16793937981128693,41,45,18.08938371894504,False,False
782,1,45,45,25.0,-25.0,26.20886993408203,-7.00079870223999,0.16792719066143036,26.20886993408203,-7.00079870223999,0.16792719066143036,41,45,18.03975093716133,False,False
783,1,45,45,25.0,-25.0,26.20149040222168,-7.050049304962158,0.1678890734910965,26.20149040222168,-7.050049304962158,0.1678890734910965,41,45,17.99011698519274,False,False
784,1,45,45,25.0,-25.0,26.194124221801758,-7.099303245544434,0.16782677173614502,26.194124221801758,-7.099303245544434,0.16782677173614502,41,45,17.940481513941304,False,False
785,1,45,45,25.0,-25.0,26.18677520751953,-7.148560047149658,0.1677418053150177,26.18677520751953,-7.148560047149658,0.1677418053150177,41,45,17.89084525066953,False,False
786,1,45,45,25.0,-25.0,26.179445266723633,-7.197820663452148,0.16763558983802795,26.179445266723633,-7.197820663452148,0.16763558983802795,41,45,17.841207365753252,False,False
787,1,45,45,25.0,-25.0,26.172134399414062,-7.247085094451904,0.16750940680503845,26.172134399414062,-7.247085094451904,0.16750940680503845,41,45,17.791567853731202,False,False
788,1,45,45,25.0,-25.0,26.164844512939453,-7.296353340148926,0.16736437380313873,26.164844512939453,-7.296353340148926,0.16736437380313873,41,45,17.74192683437121,False,False
789,1,45,45,25.0,-25.0,26.157581329345703,-7.345626354217529,0.16720151901245117,26.157581329345703,-7.345626354217529,0.16720151901245117,41,45,17.69228372367311,False,False
790,1,45,45,25.0,-25.0,26.150341033935547,-7.394904136657715,0.16696299612522125,26.150341033935547,-7.394904136657715,0.16696299612522125,41,45,17.64263826222789,False,False
791,1,45,45,25.0,-25.0,26.143129348754883,-7.444186210632324,0.1666555404663086,26.143129348754883,-7.444186210632324,0.1666555404663086,41,45,17.59299128957145,False,False
792,1,45,45,25.0,-25.0,26.13594627380371,-7.493474006652832,0.1662852019071579,26.13594627380371,-7.493474006652832,0.1662852019071579,41,45,17.54334136624801,False,False
793,1,45,45,25.0,-25.0,26.12879180908203,-7.542766571044922,0.16597503423690796,26.12879180908203,-7.542766571044922,0.16597503423690796,42,45,17.49368943194309,False,False
794,1,45,45,25.0,-25.0,26.121671676635742,-7.592064380645752,0.1657181978225708,26.121671676635742,-7.592064380645752,0.1657181978225708,42,45,17.44403536678796,False,False
795,1,45,45,25.0,-25.0,26.11458396911621,-7.6413679122924805,0.16550849378108978,26.11458396911621,-7.6413679122924805,0.16550849378108978,42,45,17.3943785568959,False,False
796,1,45,45,25.0,-25.0,26.10753059387207,-7.690676689147949,0.165340393781662,26.10753059387207,-7.690676689147949,0.165340393781662,42,45,17.344719585394536,False,False
797,1,45,45,25.0,-25.0,26.100513458251953,-7.739991664886475,0.16520890593528748,26.100513458251953,-7.739991664886475,0.16520890593528748,42,45,17.295057606148124,False,False
798,1,45,45,25.0,-25.0,26.09353256225586,-7.789312362670898,0.1651095449924469,26.09353256225586,-7.789312362670898,0.1651095449924469,42,45,17.245393077991196,False,False
799,1,45,45,25.0,-25.0,26.086589813232422,-7.838639259338379,0.16503828763961792,26.086589813232422,-7.838639259338379,0.16503828763961792,42,45,17.195725628578238,False,False
800,1,45,45,25.0,-25.0,26.079689025878906,-7.887972354888916,0.16499148309230804,26.079689025878906,-7.887972354888916,0.16499148309230804,42,45,17.14605547989535,False,False
801,1,45,45,25.0,-25.0,26.072826385498047,-7.937312126159668,0.1649658977985382,26.072826385498047,-7.937312126159668,0.1649658977985382,42,45,17.096381895989534,False,False
802,1,45,45,25.0,-25.0,26.06600570678711,-7.986658096313477,0.16495858132839203,26.06600570678711,-7.986658096313477,0.16495858132839203,42,45,17.046705573178603,False,False
803,1,45,45,25.0,-25.0,26.059228897094727,-8.0360107421875,0.16496692597866058,26.059228897094727,-8.0360107421875,0.16496692597866058,42,45,16.997026133874666,False,False
804,1,45,45,25.0,-25.0,26.052494049072266,-8.085369110107422,0.16492973268032074,26.052494049072266,-8.085369110107422,0.16492973268032074,42,45,16.947344389745574,False,False
805,1,45,45,25.0,-25.0,26.04580307006836,-8.134735107421875,0.16485080122947693,26.04580307006836,-8.134735107421875,0.16485080122947693,42,45,16.89765853478501,False,False
806,1,45,45,25.0,-25.0,26.03915786743164,-8.184107780456543,0.16473349928855896,26.03915786743164,-8.184107780456543,0.16473349928855896,42,45,16.847969616922605,False,False
807,1,45,45,25.0,-25.0,26.03255844116211,-8.233487129211426,0.1646396964788437,26.03255844116211,-8.233487129211426,0.1646396964788437,42,45,16.79827761351544,False,False
808,1,45,45,25.0,-25.0,26.0260066986084,-8.282873153686523,0.16456623375415802,26.0260066986084,-8.282873153686523,0.16456623375415802,42,45,16.748582618876263,False,False
809,1,45,45,25.0,-25.0,26.019500732421875,-8.332265853881836,0.16462790966033936,26.019500732421875,-8.332265853881836,0.16462790966033936,42,45,16.698884492955873,False,False
810,1,45,45,25.0,-25.0,26.013042449951172,-8.38166618347168,0.1648103892803192,26.013042449951172,-8.38166618347168,0.1648103892803192,42,45,16.649182377611574,False,False
811,1,45,45,25.0,-25.0,26.006633758544922,-8.431072235107422,0.1651008278131485,26.006633758544922,-8.431072235107422,0.1651008278131485,42,45,16.599478268971904,False,False
812,1,45,45,25.0,-25.0,26.000272750854492,-8.480485916137695,0.16542881727218628,26.000272750854492,-8.480485916137695,0.16542881727218628,42,45,16.54977012357051,False,False
813,1,45,45,25.0,-25.0,25.993961334228516,-8.529906272888184,0.1657310426235199,25.993961334228516,-8.529906272888184,0.1657310426235199,42,45,16.500058985160912,False,False
814,1,45,45,25.0,-25.0,25.987699508666992,-8.579334259033203,0.1660093069076538,25.987699508666992,-8.579334259033203,0.1660093069076538,42,45,16.450343877742547,False,False
815,1,45,45,25.0,-25.0,25.981489181518555,-8.628768920898438,0.16626526415348053,25.981489181518555,-8.628768920898438,0.16626526415348053,42,45,16.400625843509108,False,False
816,1,45,45,25.0,-25.0,25.97532844543457,-8.678210258483887,0.16650037467479706,25.97532844543457,-8.678210258483887,0.16650037467479706,42,45,16.3509047438585,False,False
817,1,45,45,25.0,-25.0,25.969219207763672,-8.72765827178955,0.16665716469287872,25.969219207763672,-8.72765827178955,0.16665716469287872,42,45,16.30118066866192,False,False
818,1,45,45,25.0,-25.0,25.963159561157227,-8.777113914489746,0.16674275696277618,25.963159561157227,-8.777113914489746,0.16674275696277618,42,45,16.251452528426213,False,False
819,1,45,45,25.0,-25.0,25.9571533203125,-8.826576232910156,0.16676349937915802,25.9571533203125,-8.826576232910156,0.16676349937915802,42,45,16.201721477313818,False,False
820,1,45,45,25.0,-25.0,25.95119857788086,-8.876045227050781,0.16672517359256744,25.95119857788086,-8.876045227050781,0.16672517359256744,42,45,16.15198737786389,False,False
821,1,45,45,25.0,-25.0,25.945295333862305,-8.925521850585938,0.16663292050361633,25.945295333862305,-8.925521850585938,0.16663292050361633,42,45,16.102249254194646,False,False
822,1,45,45,25.0,-25.0,25.939443588256836,-8.975004196166992,0.16655020415782928,25.939443588256836,-8.975004196166992,0.16655020415782928,42,45,16.052508986709284,False,False
823,1,45,45,25.0,-25.0,25.933643341064453,-9.024494171142578,0.1664753556251526,25.933643341064453,-9.024494171142578,0.1664753556251526,42,45,16.002764647902918,False,False
824,1,45,45,25.0,-25.0,25.92789649963379,-9.073990821838379,0.16640684008598328,25.92789649963379,-9.073990821838379,0.16640684008598328,42,45,15.95301727752217,False,False
825,1,45,45,25.0,-25.0,25.92220115661621,-9.123493194580078,0.1663433015346527,25.92220115661621,-9.123493194580078,0.1663433015346527,42,45,15.903267693018607,False,False
826,1,45,45,25.0,-25.0,25.91655921936035,-9.173003196716309,0.1662835031747818,25.91655921936035,-9.173003196716309,0.1662835031747818,42,45,15.853514077760384,False,False
827,1,45,45,25.0,-25.0,25.910968780517578,-9.222518920898438,0.1662263721227646,25.910968780517578,-9.222518920898438,0.1662263721227646,42,45,15.803758202417724,False,False
828,1,45,45,25.0,-25.0,25.90542984008789,-9.272042274475098,0.16622969508171082,25.90542984008789,-9.272042274475098,0.16622969508171082,42,45,15.753998140510873,False,False
829,1,45,45,25.0,-25.0,25.899944305419922,-9.32157039642334,0.16628672182559967,25.899944305419922,-9.32157039642334,0.16628672182559967,42,45,15.70423683555386,False,False
830,1,45,45,25.0,-25.0,25.89451026916504,-9.371106147766113,0.16639135777950287,25.89451026916504,-9.371106147766113,0.16639135777950287,42,45,15.654471299473384,False,False
831,1,45,45,25.0,-25.0,25.889127731323242,-9.420647621154785,0.16647933423519135,25.889127731323242,-9.420647621154785,0.16647933423519135,42,45,15.604703414895077,False,False
832,1,45,45,25.0,-25.0,25.88379669189453,-9.470194816589355,0.1665516197681427,25.88379669189453,-9.470194816589355,0.1665516197681427,42,45,15.554933160489371,False,False
833,1,45,45,25.0,-25.0,25.87851905822754,-9.51974868774414,0.16660906374454498,25.87851905822754,-9.51974868774414,0.16660906374454498,42,45,15.505159671098788,False,False
834,1,45,45,25.0,-25.0,25.873291015625,-9.569308280944824,0.16665247082710266,25.873291015625,-9.569308280944824,0.16665247082710266,42,45,15.455383661575318,False,False
835,1,45,45,25.0,-25.0,25.868114471435547,-9.618874549865723,0.16668255627155304,25.868114471435547,-9.618874549865723,0.16668255627155304,42,45,15.405604267547709,False,False
836,1,45,45,25.0,-25.0,25.86298942565918,-9.66844654083252,0.16664117574691772,25.86298942565918,-9.66844654083252,0.16664117574691772,42,45,15.355822420831451,False,False
837,1,45,45,25.0,-25.0,25.8579158782959,-9.718024253845215,0.16653476655483246,25.8579158782959,-9.718024253845215,0.16653476655483246,42,45,15.306038101360368,False,False
838,1,45,45,25.0,-25.0,25.85289192199707,-9.767607688903809,0.16636919975280762,25.85289192199707,-9.767607688903809,0.16636919975280762,42,45,15.256251182703771,False,False
839,1,45,45,25.0,-25.0,25.847917556762695,-9.8171968460083,0.16614970564842224,25.847917556762695,-9.8171968460083,0.16614970564842224,42,45,15.206461646153148,False,False
840,1,45,45,25.0,-25.0,25.842994689941406,-9.866791725158691,0.1659398078918457,25.842994689941406,-9.866791725158691,0.1659398078918457,42,45,15.156669579330245,False,False
841,1,45,45,25.0,-25.0,25.838119506835938,-9.916391372680664,0.16573788225650787,25.838119506835938,-9.916391372680664,0.16573788225650787,42,45,15.106875703793992,False,False
842,1,45,45,25.0,-25.0,25.833295822143555,-9.965997695922852,0.16560125350952148,25.833295822143555,-9.965997695922852,0.16560125350952148,42,45,15.057078309094328,False,False
843,1,45,45,25.0,-25.0,25.82851791381836,-10.015607833862305,0.1655227243900299,25.82851791381836,-10.015607833862305,0.1655227243900299,42,45,15.007279917497597,False,False
844,1,45,45,25.0,-25.0,25.82379150390625,-10.065224647521973,0.1654370278120041,25.82379150390625,-10.065224647521973,0.1654370278120041,42,45,14.9574779715998,False,False
845,1,45,45,25.0,-25.0,25.819110870361328,-10.114845275878906,0.1653442084789276,25.819110870361328,-10.114845275878906,0.1653442084789276,42,45,14.907674995751973,False,False
846,1,45,45,25.0,-25.0,25.81447982788086,-10.164471626281738,0.16518555581569672,25.81447982788086,-10.164471626281738,0.16518555581569672,42,45,14.857869279187526,False,False
847,1,45,45,25.0,-25.0,25.809894561767578,-10.214103698730469,0.16496701538562775,25.809894561767578,-10.214103698730469,0.16496701538562775,42,45,14.808060596616855,False,False
848,1,45,45,25.0,-25.0,25.805356979370117,-10.263739585876465,0.16475270688533783,25.805356979370117,-10.263739585876465,0.16475270688533783,42,45,14.758250941662583,False,False
849,1,45,45,25.0,-25.0,25.800865173339844,-10.313380241394043,0.16454161703586578,25.800865173339844,-10.313380241394043,0.16454161703586578,42,45,14.70843924282055,False,False
850,1,45,45,25.0,-25.0,25.796419143676758,-10.36302661895752,0.16433274745941162,25.796419143676758,-10.36302661895752,0.16433274745941162,42,45,14.65862453335104,False,False
851,1,45,45,25.0,-25.0,25.79201889038086,-10.412676811218262,0.1641252636909485,25.79201889038086,-10.412676811218262,0.1641252636909485,42,45,14.608808703542174,False,False
852,1,45,45,25.0,-25.0,25.78766441345215,-10.462331771850586,0.16397720575332642,25.78766441345215,-10.462331771850586,0.16397720575332642,42,45,14.558990787137818,False,False
853,1,45,45,25.0,-25.0,25.783353805541992,-10.511991500854492,0.1638231873512268,25.783353805541992,-10.511991500854492,0.1638231873512268,42,45,14.509170667407892,False,False
854,1,45,45,25.0,-25.0,25.77908706665039,-10.561655044555664,0.16372200846672058,25.77908706665039,-10.561655044555664,0.16372200846672058,42,45,14.459349283761936,False,False
855,1,45,45,25.0,-25.0,25.774864196777344,-10.611322402954102,0.1636677384376526,25.774864196777344,-10.611322402954102,0.1636677384376526,42,45,14.409526623563243,False,False
856,1,45,45,25.0,-25.0,25.77068328857422,-10.660994529724121,0.16365507245063782,25.77068328857422,-10.660994529724121,0.16365507245063782,42,45,14.35970161973741,False,False
857,1,45,45,25.0,-25.0,25.76654624938965,-10.710671424865723,0.16367925703525543,25.76654624938965,-10.710671424865723,0.16367925703525543,42,45,14.309874362851769,False,False
858,1,45,45,25.0,-25.0,25.762451171875,-10.760351181030273,0.16373597085475922,25.762451171875,-10.760351181030273,0.16373597085475922,42,45,14.260046643580079,False,False
859,1,45,45,25.0,-25.0,25.75839614868164,-10.810035705566406,0.16382138431072235,25.75839614868164,-10.810035705566406,0.16382138431072235,42,45,14.210216444362676,False,False
860,1,45,45,25.0,-25.0,25.754383087158203,-10.859724044799805,0.16381442546844482,25.754383087158203,-10.859724044799805,0.16381442546844482,42,45,14.160384808733241,False,False
861,1,45,45,25.0,-25.0,25.750410079956055,-10.909416198730469,0.16372373700141907,25.750410079956055,-10.909416198730469,0.16372373700141907,42,45,14.110551624536122,False,False
862,1,45,45,25.0,-25.0,25.746477127075195,-10.959111213684082,0.16355714201927185,25.746477127075195,-10.959111213684082,0.16355714201927185,42,45,14.060717834127052,False,False
863,1,45,45,25.0,-25.0,25.742582321166992,-11.008810997009277,0.16332165896892548,25.742582321166992,-11.008810997009277,0.16332165896892548,42,45,14.010881421991918,False,False
864,1,45,45,25.0,-25.0,25.738727569580078,-11.058514595031738,0.16308239102363586,25.738727569580078,-11.058514595031738,0.16308239102363586,42,45,13.961043432315535,False,False
865,1,45,45,25.0,-25.0,25.73491096496582,-11.108221054077148,0.1628391444683075,25.73491096496582,-11.108221054077148,0.1628391444683075,42,45,13.911204707314619,False,False
866,1,45,45,25.0,-25.0,25.731130599975586,-11.157931327819824,0.16259175539016724,25.731130599975586,-11.157931327819824,0.16259175539016724,42,45,13.861364185374127,False,False
867,1,45,45,25.0,-25.0,25.727388381958008,-11.20764446258545,0.16234008967876434,25.727388381958008,-11.20764446258545,0.16234008967876434,42,45,13.811522911274388,False,False
868,1,45,45,25.0,-25.0,25.723682403564453,-11.25736141204834,0.16208398342132568,25.723682403564453,-11.25736141204834,0.16208398342132568,42,45,13.761679824072598,False,False
869,1,45,45,25.0,-25.0,25.720012664794922,-11.30708122253418,0.16194093227386475,25.720012664794922,-11.30708122253418,0.16194093227386475,42,45,13.71183586846565,False,False
870,1,45,45,25.0,-25.0,25.71637725830078,-11.356803894042969,0.16195785999298096,25.71637725830078,-11.356803894042969,0.16195785999298096,42,45,13.66199093696858,False,False
871,1,45,45,25.0,-25.0,25.712778091430664,-11.406529426574707,0.16211819648742676,25.712778091430664,-11.406529426574707,0.16211819648742676,42,45,13.612145122580896,False,False
872,1,45,45,25.0,-25.0,25.709213256835938,-11.456257820129395,0.1624070405960083,25.709213256835938,-11.456257820129395,0.1624070405960083,42,45,13.562298318444334,False,False
873,1,45,45,25.0,-25.0,25.70568084716797,-11.505989074707031,0.16269336640834808,25.70568084716797,-11.505989074707031,0.16269336640834808,42,45,13.512450418409893,False,False
874,1,45,45,25.0,-25.0,25.702180862426758,-11.555724143981934,0.1629181057214737,25.702180862426758,-11.555724143981934,0.1629181057214737,42,45,13.462600464110517,False,False
875,1,45,45,25.0,-25.0,25.698713302612305,-11.605461120605469,0.1630868762731552,25.698713302612305,-11.605461120605469,0.1630868762731552,42,45,13.412750354452255,False,False
876,1,45,45,25.0,-25.0,25.695280075073242,-11.655200958251953,0.16320477426052094,25.695280075073242,-11.655200958251953,0.16320477426052094,42,45,13.362899230609855,False,False
877,1,45,45,25.0,-25.0,25.691875457763672,-11.704944610595703,0.16327634453773499,25.691875457763672,-11.704944610595703,0.16327634453773499,42,45,13.313045836936938,False,False
878,1,45,45,25.0,-25.0,25.68850326538086,-11.75468921661377,0.16330569982528687,25.68850326538086,-11.75468921661377,0.16330569982528687,42,45,13.263193223915863,False,False
879,1,45,45,25.0,-25.0,25.68515968322754,-11.804437637329102,0.1632377803325653,25.68515968322754,-11.804437637329102,0.1632377803325653,42,45,13.213338331347504,False,False
880,1,45,45,25.0,-25.0,25.681846618652344,-11.854187965393066,0.1630817949771881,25.681846618652344,-11.854187965393066,0.1630817949771881,42,45,13.163483158365954,False,False
881,1,45,45,25.0,-25.0,25.67856216430664,-11.90394115447998,0.16284605860710144,25.67856216430664,-11.90394115447998,0.16284605860710144,42,45,13.11362664925884,False,False
882,1,45,45,25.0,-25.0,25.675308227539062,-11.953697204589844,0.162714421749115,25.675308227539062,-11.953697204589844,0.162714421749115,42,45,13.063768898434663,False,False
883,1,45,45,25.0,-25.0,25.67207908630371,-12.003454208374023,0.16273479163646698,25.67207908630371,-12.003454208374023,0.16273479163646698,42,45,13.01391151084399,False,False
884,1,45,45,25.0,-25.0,25.66887855529785,-12.053214073181152,0.1628914177417755,25.66887855529785,-12.053214073181152,0.1628914177417755,42,45,12.964052775139876,False,False
885,1,45,45,25.0,-25.0,25.665706634521484,-12.102975845336914,0.16317017376422882,25.665706634521484,-12.102975845336914,0.16317017376422882,42,45,12.914193639914535,False,False
886,1,45,45,25.0,-25.0,25.66255760192871,-12.152740478515625,0.1634407341480255,25.66255760192871,-12.152740478515625,0.1634407341480255,42,45,12.864332854378592,False,False
887,1,45,45,25.0,-25.0,25.65943717956543,-12.202507019042969,0.16352702677249908,25.65943717956543,-12.202507019042969,0.16352702677249908,42,45,12.81447166259451,False,False
888,1,45,45,25.0,-25.0,25.656339645385742,-12.252275466918945,0.1634470373392105,25.656339645385742,-12.252275466918945,0.1634470373392105,42,45,12.76460976690716,False,False
889,1,45,45,25.0,-25.0,25.653268814086914,-12.302045822143555,0.16333451867103577,25.653268814086914,-12.302045822143555,0.16333451867103577,42,45,12.714747360698933,False,False
890,1,45,45,25.0,-25.0,25.65022087097168,-12.351818084716797,0.16325105726718903,25.65022087097168,-12.351818084716797,0.16325105726718903,42,45,12.664884245153774,False,False
891,1,45,45,25.0,-25.0,25.64719581604004,-12.401592254638672,0.1631932556629181,25.64719581604004,-12.401592254638672,0.1631932556629181,42,45,12.61502041784634,False,False
892,1,45,45,25.0,-25.0,25.644195556640625,-12.451369285583496,0.1631580889225006,25.644195556640625,-12.451369285583496,0.1631580889225006,42,45,12.565155021805055,False,False
893,1,45,45,25.0,-25.0,25.641216278076172,-12.501147270202637,0.1631428301334381,25.641216278076172,-12.501147270202637,0.1631428301334381,43,45,12.51528976398201,False,False
894,1,45,45,25.0,-25.0,25.638259887695312,-12.55092716217041,0.1631450057029724,25.638259887695312,-12.55092716217041,0.1631450057029724,43,45,12.465423787654686,False,False
895,1,45,45,25.0,-25.0,25.635324478149414,-12.6007080078125,0.16316241025924683,25.635324478149414,-12.6007080078125,0.16316241025924683,43,45,12.41555794558025,False,False
896,1,45,45,25.0,-25.0,25.632410049438477,-12.650491714477539,0.16319307684898376,25.632410049438477,-12.650491714477539,0.16319307684898376,43,45,12.365690331106416,False,False
897,1,45,45,25.0,-25.0,25.6295166015625,-12.700276374816895,0.16323521733283997,25.6295166015625,-12.700276374816895,0.16323521733283997,43,45,12.315822847359012,False,False
898,1,45,45,25.0,-25.0,25.62664222717285,-12.750062942504883,0.1632872223854065,25.62664222717285,-12.750062942504883,0.1632872223854065,43,45,12.265954442825405,False,False
899,1,45,45,25.0,-25.0,25.623788833618164,-12.799851417541504,0.16340646147727966,25.623788833618164,-12.799851417541504,0.16340646147727966,43,45,12.216085213480248,False,False
900,1,45,45,25.0,-25.0,25.620952606201172,-12.849640846252441,0.1635269671678543,25.620952606201172,-12.849640846252441,0.1635269671678543,43,45,12.166215915567383,False,False
901,1,45,45,25.0,-25.0,25.618135452270508,-12.899431228637695,0.16364817321300507,25.618135452270508,-12.899431228637695,0.16364817321300507,43,45,12.116346645248406,False,False
902,1,45,45,25.0,-25.0,25.61533546447754,-12.949223518371582,0.16376957297325134,25.61533546447754,-12.949223518371582,0.16376957297325134,43,45,12.06647635161203,False,False
903,1,45,45,25.0,-25.0,25.6125545501709,-12.999017715454102,0.1638319194316864,25.6125545501709,-12.999017715454102,0.1638319194316864,43,45,12.0166051308562,False,False
904,1,45,45,25.0,-25.0,25.609790802001953,-13.048812866210938,0.16384068131446838,25.609790802001953,-13.048812866210938,0.16384068131446838,43,45,11.966733837144178,False,False
905,1,45,45,25.0,-25.0,25.60704231262207,-13.098609924316406,0.16380080580711365,25.60704231262207,-13.098609924316406,0.16380080580711365,43,45,11.916861419975206,False,False
906,1,45,45,25.0,-25.0,25.604310989379883,-13.148407936096191,0.16371676325798035,25.604310989379883,-13.148407936096191,0.16371676325798035,43,45,11.866988928160042,False,False
907,1,45,45,25.0,-25.0,25.601594924926758,-13.19820785522461,0.16359253227710724,25.601594924926758,-13.19820785522461,0.16359253227710724,43,45,11.817115311368497,False,False
908,1,45,45,25.0,-25.0,25.598894119262695,-13.248008728027344,0.16343171894550323,25.598894119262695,-13.248008728027344,0.16343171894550323,43,45,11.767241521385074,False,False
909,1,45,45,25.0,-25.0,25.596206665039062,-13.297810554504395,0.16323760151863098,25.596206665039062,-13.297810554504395,0.16323760151863098,43,45,11.717367460556392,False,False
910,1,45,45,25.0,-25.0,25.593536376953125,-13.347613334655762,0.16301308572292328,25.593536376953125,-13.347613334655762,0.16301308572292328,43,45,11.667493322451865,False,False
911,1,45,45,25.0,-25.0,25.590877532958984,-13.397418022155762,0.16276080906391144,25.590877532958984,-13.397418022155762,0.16276080906391144,43,45,11.617617863036795,False,False
912,1,45,45,25.0,-25.0,25.588233947753906,-13.447223663330078,0.1625419557094574,25.588233947753906,-13.447223663330078,0.1625419557094574,43,45,11.567742228387122,False,False
913,1,45,45,25.0,-25.0,25.585603713989258,-13.497030258178711,0.16241157054901123,25.585603713989258,-13.497030258178711,0.16241157054901123,43,45,11.517866321115823,False,False
914,1,45,45,25.0,-25.0,25.582984924316406,-13.546836853027344,0.16236041486263275,25.582984924316406,-13.546836853027344,0.16236041486263275,43,45,11.467990996384362,False,False
915,1,45,45,25.0,-25.0,25.580379486083984,-13.59664535522461,0.1623801290988922,25.580379486083984,-13.59664535522461,0.1623801290988922,43,45,11.418114446018992,False,False
916,1,45,45,25.0,-25.0,25.57778549194336,-13.646454811096191,0.1624632477760315,25.57778549194336,-13.646454811096191,0.1624632477760315,43,45,11.368237525279856,False,False
917,1,45,45,25.0,-25.0,25.57520294189453,-13.69626522064209,0.16260302066802979,25.57520294189453,-13.69626522064209,0.16260302066802979,43,45,11.31836023399281,False,False
918,1,45,45,25.0,-25.0,25.572629928588867,-13.746076583862305,0.16279339790344238,25.572629928588867,-13.746076583862305,0.16279339790344238,43,45,11.268482475089892,False,False
919,1,45,45,25.0,-25.0,25.570070266723633,-13.795888900756836,0.1629701405763626,25.570070266723633,-13.795888900756836,0.1629701405763626,43,45,11.218604442317512,False,False
920,1,45,45,25.0,-25.0,25.567520141601562,-13.845702171325684,0.16313421726226807,25.567520141601562,-13.845702171325684,0.16313421726226807,43,45,11.168725941748773,False,False
921,1,45,45,25.0,-25.0,25.564979553222656,-13.895516395568848,0.16328652203083038,25.564979553222656,-13.895516395568848,0.16328652203083038,43,45,11.11884697334395,False,False
922,1,45,45,25.0,-25.0,25.562450408935547,-13.945331573486328,0.16342787444591522,25.562450408935547,-13.945331573486328,0.16342787444591522,43,45,11.068967634005894,False,False
923,1,45,45,25.0,-25.0,25.55992889404297,-13.995147705078125,0.1635589897632599,25.55992889404297,-13.995147705078125,0.1635589897632599,43,45,11.019087729909016,False,False
924,1,45,45,25.0,-25.0,25.557416915893555,-14.044963836669922,0.1636805385351181,25.557416915893555,-14.044963836669922,0.1636805385351181,43,45,10.969208310447664,False,False
925,1,45,45,25.0,-25.0,25.554912567138672,-14.094781875610352,0.16379310190677643,25.554912567138672,-14.094781875610352,0.16379310190677643,43,45,10.919327373867171,False,False
926,1,45,45,25.0,-25.0,25.552417755126953,-14.144599914550781,0.1638384312391281,25.552417755126953,-14.144599914550781,0.1638384312391281,43,45,10.869446922054056,False,False
927,1,45,45,25.0,-25.0,25.549930572509766,-14.194418907165527,0.16382288932800293,25.549930572509766,-14.194418907165527,0.16382288932800293,43,45,10.819565905728508,False,False
928,1,45,45,25.0,-25.0,25.54745101928711,-14.24423885345459,0.1637522280216217,25.54745101928711,-14.24423885345459,0.1637522280216217,43,45,10.769684324995525,False,False
929,1,45,45,25.0,-25.0,25.544979095458984,-14.294059753417969,0.1636316180229187,25.544979095458984,-14.294059753417969,0.1636316180229187,43,45,10.719802179978519,False,False
930,1,45,45,25.0,-25.0,25.54251480102539,-14.343881607055664,0.1634656935930252,25.54251480102539,-14.343881607055664,0.1634656935930252,43,45,10.669919470819739,False,False
931,1,45,45,25.0,-25.0,25.540056228637695,-14.39370346069336,0.16325867176055908,25.540056228637695,-14.39370346069336,0.16325867176055908,43,45,10.620037053127376,False,False
932,1,45,45,25.0,-25.0,25.53760528564453,-14.443526268005371,0.16301429271697998,25.53760528564453,-14.443526268005371,0.16301429271697998,43,45,10.57015407160395,False,False
933,1,45,45,25.0,-25.0,25.535160064697266,-14.4933500289917,0.1627359837293625,25.535160064697266,-14.4933500289917,0.1627359837293625,43,45,10.520270429420316,False,False
934,1,45,45,25.0,-25.0,25.5327205657959,-14.543173789978027,0.16242679953575134,25.5327205657959,-14.543173789978027,0.16242679953575134,43,45,10.470387079178323,False,False
935,1,45,45,25.0,-25.0,25.53028678894043,-14.592998504638672,0.1620894819498062,25.53028678894043,-14.592998504638672,0.1620894819498062,43,45,10.420503068613227,False,False
936,1,45,45,25.0,-25.0,25.52785873413086,-14.642824172973633,0.16172651946544647,25.52785873413086,-14.642824172973633,0.16172651946544647,43,45,10.370618397913287,False,False
937,1,45,45,25.0,-25.0,25.525434494018555,-14.692649841308594,0.1613989621400833,25.525434494018555,-14.692649841308594,0.1613989621400833,43,45,10.32073392261327,False,False
938,1,45,45,25.0,-25.0,25.52301597595215,-14.742476463317871,0.16110293567180634,25.52301597595215,-14.742476463317871,0.16110293567180634,43,45,10.270848787548623,False,False
939,1,45,45,25.0,-25.0,25.52060317993164,-14.792304039001465,0.16095252335071564,25.52060317993164,-14.792304039001465,0.16095252335071564,43,45,10.220962992944488,False,False
940,1,45,45,25.0,-25.0,25.5181941986084,-14.842131614685059,0.16093285381793976,25.5181941986084,-14.842131614685059,0.16093285381793976,43,45,10.171077394300575,False,False
941,1,45,45,25.0,-25.0,25.515789031982422,-14.891959190368652,0.16103050112724304,25.515789031982422,-14.891959190368652,0.16103050112724304,43,45,10.121191991790598,False,False
942,1,45,45,25.0,-25.0,25.51338768005371,-14.941787719726562,0.16123339533805847,25.51338768005371,-14.941787719726562,0.16123339533805847,43,45,10.071305833161572,False,False
943,1,45,45,25.0,-25.0,25.510990142822266,-14.99161434173584,0.1614718735218048,25.510990142822266,-14.99161434173584,0.1614718735218048,43,45,10.021421775906314,False,False
944,1,45,45,25.0,-25.0,25.508596420288086,-15.041415214538574,0.16174188256263733,25.508596420288086,-15.041415214538574,0.16174188256263733,43,45,9.971563631043711,False,False
945,1,45,45,25.0,-25.0,25.506208419799805,-15.091167449951172,0.16198097169399261,25.506208419799805,-15.091167449951172,0.16198097169399261,43,45,9.92175435440645,False,False
946,1,45,45,25.0,-25.0,25.503828048706055,-15.140851974487305,0.16219177842140198,25.503828048706055,-15.140851974487305,0.16219177842140198,43,45,9.872013092152676,False,False
947,1,45,45,25.0,-25.0,25.501453399658203,-15.190450668334961,0.16231785714626312,25.501453399658203,-15.190450668334961,0.16231785714626312,43,45,9.822357843328597,False,False
948,1,45,45,25.0,-25.0,25.499086380004883,-15.239946365356445,0.16236720979213715,25.499086380004883,-15.239946365356445,0.16236720979213715,43,45,9.772805849182989,False,False
949,1,45,45,25.0,-25.0,25.496726989746094,-15.289324760437012,0.16234707832336426,25.496726989746094,-15.289324760437012,0.16234707832336426,43,45,9.723371396311256,False,False
950,1,45,45,25.0,-25.0,25.49437713623047,-15.338574409484863,0.1623227447271347,25.49437713623047,-15.338574409484863,0.1623227447271347,43,45,9.674066011449797,False,False
951,1,45,45,25.0,-25.0,25.492034912109375,-15.38768196105957,0.1622941941022873,25.492034912109375,-15.38768196105957,0.1622941941022873,43,45,9.624902931275415,False,False
952,1,45,45,25.0,-25.0,25.489702224731445,-15.436637878417969,0.16226141154766083,25.489702224731445,-15.436637878417969,0.16226141154766083,43,45,9.575891777657938,False,False
953,1,45,45,25.0,-25.0,25.48737907409668,-15.485432624816895,0.16222436726093292,25.48737907409668,-15.485432624816895,0.16222436726093292,43,45,9.527042074997153,False,False
954,1,45,45,25.0,-25.0,25.485065460205078,-15.534058570861816,0.16218304634094238,25.485065460205078,-15.534058570861816,0.16218304634094238,43,45,9.478361442810598,False,False
955,1,45,45,25.0,-25.0,25.48276138305664,-15.582508087158203,0.1621374636888504,25.48276138305664,-15.582508087158203,0.1621374636888504,43,45,9.42985750058883,False,False
956,1,45,45,25.0,-25.0,25.480466842651367,-15.630773544311523,0.16208763420581818,25.480466842651367,-15.630773544311523,0.16208763420581818,43,45,9.381537867794396,False,False
957,1,45,45,25.0,-25.0,25.478181838989258,-15.678851127624512,0.16209234297275543,25.478181838989258,-15.678851127624512,0.16209234297275543,43,45,9.333406354173485,False,False
958,1,45,45,25.0,-25.0,25.475908279418945,-15.726734161376953,0.1621457189321518,25.475908279418945,-15.726734161376953,0.1621457189321518,43,45,9.285469724477739,False,False
959,1,45,45,25.0,-25.0,25.473644256591797,-15.774418830871582,0.16224248707294464,25.473644256591797,-15.774418830871582,0.16224248707294464,43,45,9.237731690733352,False,False
960,1,45,45,25.0,-25.0,25.471389770507812,-15.821901321411133,0.16237790882587433,25.471389770507812,-15.821901321411133,0.16237790882587433,43,45,9.190196062634035,False,False
961,1,45,45,25.0,-25.0,25.469144821166992,-15.86917781829834,0.16254770755767822,25.469144821166992,-15.86917781829834,0.16254770755767822,43,45,9.142866649857849,False,False
962,1,45,45,25.0,-25.0,25.46691131591797,-15.916245460510254,0.16268925368785858,25.46691131591797,-15.916245460510254,0.16268925368785858,43,45,9.09574640755957,False,False
963,1,45,45,25.0,-25.0,25.46468734741211,-15.963101387023926,0.1628049910068512,25.46468734741211,-15.963101387023926,0.1628049910068512,43,45,9.048838095139828,False,False
964,1,45,45,25.0,-25.0,25.462474822998047,-16.00974464416504,0.16289712488651276,25.462474822998047,-16.00974464416504,0.16289712488651276,43,45,9.002142762977394,False,False
965,1,45,45,25.0,-25.0,25.46027183532715,-16.056171417236328,0.16296765208244324,25.46027183532715,-16.056171417236328,0.16296765208244324,43,45,8.955664122791557,False,False
966,1,45,45,25.0,-25.0,25.458078384399414,-16.10238265991211,0.1630183458328247,25.458078384399414,-16.10238265991211,0.1630183458328247,43,45,8.909401222129727,False,False
967,1,45,45,25.0,-25.0,25.455894470214844,-16.148374557495117,0.1630508452653885,25.455894470214844,-16.148374557495117,0.1630508452653885,43,45,8.863357870602554,False,False
968,1,45,45,25.0,-25.0,25.45372200012207,-16.19414520263672,0.16306661069393158,25.45372200012207,-16.19414520263672,0.16306661069393158,43,45,8.817536071127845,False,False
969,1,45,45,25.0,-25.0,25.45155906677246,-16.23969841003418,0.16306695342063904,25.45155906677246,-16.23969841003418,0.16306695342063904,43,45,8.771931915943151,False,False
970,1,45,45,25.0,-25.0,25.449405670166016,-16.2850284576416,0.16299428045749664,25.449405670166016,-16.2850284576416,0.16299428045749664,43,45,8.726551119456877,False,False
971,1,45,45,25.0,-25.0,25.447261810302734,-16.330137252807617,0.16297313570976257,25.447261810302734,-16.330137252807617,0.16297313570976257,43,45,8.681391776789567,False,False
972,1,45,45,25.0,-25.0,25.445127487182617,-16.375024795532227,0.1629980355501175,25.445127487182617,-16.375024795532227,0.1629980355501175,43,45,8.636453887883002,False,False
973,1,45,45,25.0,-25.0,25.443004608154297,-16.41969108581543,0.16300521790981293,25.443004608154297,-16.41969108581543,0.16300521790981293,43,45,8.591737551024305,False,False
974,1,45,45,25.0,-25.0,25.440889358520508,-16.464134216308594,0.16299614310264587,25.440889358520508,-16.464134216308594,0.16299614310264587,43,45,8.54724447431161,False,False
975,1,45,45,25.0,-25.0,25.438785552978516,-16.50835418701172,0.1629721075296402,25.438785552978516,-16.50835418701172,0.1629721075296402,43,45,8.5029748544109,False,False
976,1,45,45,25.0,-25.0,25.436691284179688,-16.55235481262207,0.16293427348136902,25.436691284179688,-16.55235481262207,0.16293427348136902,43,45,8.45892478329888,False,False
977,1,45,45,25.0,-25.0,25.43460464477539,-16.596132278442383,0.1628836989402771,25.43460464477539,-16.596132278442383,0.1628836989402771,43,45,8.415097972020193,False,False
978,1,45,45,25.0,-25.0,25.432527542114258,-16.63968849182129,0.16282136738300323,25.432527542114258,-16.63968849182129,0.16282136738300323,43,45,8.371492614132368,False,False
979,1,45,45,25.0,-25.0,25.430461883544922,-16.68302345275879,0.16274814307689667,25.430461883544922,-16.68302345275879,0.16274814307689667,43,45,8.328108808159591,False,False
980,1,45,45,25.0,-25.0,25.428403854370117,-16.726137161254883,0.16266478598117828,25.428403854370117,-16.726137161254883,0.16266478598117828,43,45,8.284946356905794,False,False
981,1,45,45,25.0,-25.0,25.426355361938477,-16.769033432006836,0.16257204115390778,25.426355361938477,-16.769033432006836,0.16257204115390778,43,45,8.242001549264284,False,False
982,1,45,45,25.0,-25.0,25.424314498901367,-16.811708450317383,0.16252931952476501,25.424314498901367,-16.811708450317383,0.16252931952476501,43,45,8.199278096063194,False,False
983,1,45,45,25.0,-25.0,25.422285079956055,-16.854164123535156,0.16253133118152618,25.422285079956055,-16.854164123535156,0.16253133118152618,43,45,8.156774289819184,False,False
984,1,45,45,25.0,-25.0,25.420263290405273,-16.896404266357422,0.16251450777053833,25.420263290405273,-16.896404266357422,0.16251450777053833,43,45,8.114486123444445,False,False
985,1,45,45,25.0,-25.0,25.418249130249023,-16.938425064086914,0.1624804586172104,25.418249130249023,-16.938425064086914,0.1624804586172104,43,45,8.072417406347132,False,False
986,1,45,45,25.0,-25.0,25.41624641418457,-16.9802303314209,0.16243061423301697,25.41624641418457,-16.9802303314209,0.16243061423301697,43,45,8.030564526506394,False,False
987,1,45,45,25.0,-25.0,25.414249420166016,-17.021820068359375,0.16236628592014313,25.414249420166016,-17.021820068359375,0.16236628592014313,43,45,7.988927187284979,False,False
988,1,45,45,25.0,-25.0,25.412263870239258,-17.063196182250977,0.16228865087032318,25.412263870239258,-17.063196182250977,0.16228865087032318,43,45,7.947503780442015,False,False
989,1,45,45,25.0,-25.0,25.41028594970703,-17.10435676574707,0.16225755214691162,25.41028594970703,-17.10435676574707,0.16225755214691162,43,45,7.906296012870443,False,False
990,1,45,45,25.0,-25.0,25.408315658569336,-17.14530372619629,0.16226807236671448,25.408315658569336,-17.14530372619629,0.16226807236671448,43,45,7.865301979627916,False,False
991,1,45,45,25.0,-25.0,25.406354904174805,-17.186038970947266,0.16225700080394745,25.406354904174805,-17.186038970947266,0.16225700080394745,43,45,7.824519874835886,False,False
992,1,45,45,25.0,-25.0,25.404401779174805,-17.2265625,0.16222621500492096,25.404401779174805,-17.2265625,0.16222621500492096,43,45,7.783949599361882,False,False
993,1,45,45,25.0,-25.0,25.40245819091797,-17.266876220703125,0.1621774435043335,25.40245819091797,-17.266876220703125,0.1621774435043335,43,45,7.743589347412719,False,False
994,1,45,45,25.0,-25.0,25.400522232055664,-17.306982040405273,0.16211223602294922,25.400522232055664,-17.306982040405273,0.16211223602294922,43,45,7.703437115016768,False,False
995,1,45,45,25.0,-25.0,25.39859390258789,-17.34687614440918,0.16209077835083008,25.39859390258789,-17.34687614440918,0.16209077835083008,43,45,7.663496711566695,False,False
996,1,45,45,25.0,-25.0,25.39667320251465,-17.386564254760742,0.16210845112800598,25.39667320251465,-17.386564254760742,0.16210845112800598,43,45,7.623762422615233,False,False
997,1,45,45,25.0,-25.0,25.39476203918457,-17.42604637145996,0.16210229694843292,25.39476203918457,-17.42604637145996,0.16210229694843292,43,45,7.584234347305994,False,False
998,1,45,45,25.0,-25.0,25.392858505249023,-17.465322494506836,0.16207446157932281,25.392858505249023,-17.465322494506836,0.16207446157932281,43,45,7.544912386299207,False,False
999,1,45,45,25.0,-25.0,25.390962600708008,-17.50439453125,0.16202688217163086,25.390962600708008,-17.50439453125,0.16202688217163086,44,45,7.505794634701064,False,False
1000,1,45,45,25.0,-25.0,25.389076232910156,-17.54326057434082,0.16196130216121674,25.389076232910156,-17.54326057434082,0.16196130216121674,44,45,7.466883096526659,False,False
1001,1,45,45,25.0,-25.0,25.387197494506836,-17.581926345825195,0.1618792861700058,25.387197494506836,-17.581926345825195,0.1618792861700058,44,45,7.428171958060389,False,False
1002,1,45,45,25.0,-25.0,25.385324478149414,-17.620389938354492,0.1618998646736145,25.385324478149414,-17.620389938354492,0.1618998646736145,44,45,7.38966302448229,False,False
1003,1,45,45,25.0,-25.0,25.383460998535156,-17.65865135192871,0.16195373237133026,25.383460998535156,-17.65865135192871,0.16195373237133026,44,45,7.351356494548181,False,False
1004,1,45,45,25.0,-25.0,25.38160514831543,-17.696714401245117,0.16203732788562775,25.38160514831543,-17.696714401245117,0.16203732788562775,44,45,7.313248459214367,False,False
1005,1,45,45,25.0,-25.0,25.379756927490234,-17.734577178955078,0.16214747726917267,25.379756927490234,-17.734577178955078,0.16214747726917267,44,45,7.275340823118679,False,False
1006,1,45,45,25.0,-25.0,25.377918243408203,-17.77224349975586,0.16228130459785461,25.377918243408203,-17.77224349975586,0.16228130459785461,44,45,7.23762987624555,False,False
1007,1,45,45,25.0,-25.0,25.37608528137207,-17.80971336364746,0.16243623197078705,25.37608528137207,-17.80971336364746,0.16243623197078705,44,45,7.200115419337013,False,False
1008,1,45,45,25.0,-25.0,25.37425994873047,-17.846986770629883,0.1625511199235916,25.37425994873047,-17.846986770629883,0.1625511199235916,44,45,7.162797551848555,False,False
1009,1,45,45,25.0,-25.0,25.3724422454834,-17.884065628051758,0.16262979805469513,25.3724422454834,-17.884065628051758,0.16262979805469513,44,45,7.125674368934854,False,False
1010,1,45,45,25.0,-25.0,25.37063217163086,-17.920949935913086,0.16261687874794006,25.37063217163086,-17.920949935913086,0.16261687874794006,44,45,7.088745870497598,False,False
1011,1,45,45,25.0,-25.0,25.368831634521484,-17.9576416015625,0.16258011758327484,25.368831634521484,-17.9576416015625,0.16258011758327484,44,45,7.052010251457876,False,False
1012,1,45,45,25.0,-25.0,25.367036819458008,-17.994142532348633,0.16252173483371735,25.367036819458008,-17.994142532348633,0.16252173483371735,44,45,7.01546540750393,False,False
1013,1,45,45,25.0,-25.0,25.365249633789062,-18.03045082092285,0.16244368255138397,25.365249633789062,-18.03045082092285,0.16244368255138397,44,45,6.979113343008408,False,False
1014,1,45,45,25.0,-25.0,25.36347007751465,-18.066570281982422,0.16246531903743744,25.36347007751465,-18.066570281982422,0.16246531903743744,44,45,6.942950248412977,False,False
1015,1,45,45,25.0,-25.0,25.361698150634766,-18.102500915527344,0.162517711520195,25.361698150634766,-18.102500915527344,0.162517711520195,44,45,6.906976123635707,False,False
1016,1,45,45,25.0,-25.0,25.35993194580078,-18.13824462890625,0.16259756684303284,25.35993194580078,-18.13824462890625,0.16259756684303284,44,45,6.871188963952444,False,False
1017,1,45,45,25.0,-25.0,25.35817527770996,-18.173799514770508,0.16270196437835693,25.35817527770996,-18.173799514770508,0.16270196437835693,44,45,6.835590873809664,False,False
1018,1,45,45,25.0,-25.0,25.356426239013672,-18.20916748046875,0.162828266620636,25.356426239013672,-18.20916748046875,0.162828266620636,44,45,6.800179848517286,False,False
1019,1,45,45,25.0,-25.0,25.35468292236328,-18.244352340698242,0.16297410428524017,25.35468292236328,-18.244352340698242,0.16297410428524017,44,45,6.76495197854689,False,False
1020,1,45,45,25.0,-25.0,25.352947235107422,-18.27935218811035,0.16301973164081573,25.352947235107422,-18.27935218811035,0.16301973164081573,44,45,6.7299092684988775,False,False
1021,1,45,45,25.0,-25.0,25.351219177246094,-18.31416893005371,0.1629750281572342,25.351219177246094,-18.31416893005371,0.1629750281572342,44,45,6.69504981358052,False,False
1022,1,45,45,25.0,-25.0,25.349498748779297,-18.348804473876953,0.1629076600074768,25.349498748779297,-18.348804473876953,0.1629076600074768,44,45,6.660371709005251,False,False
1023,1,45,45,25.0,-25.0,25.34778594970703,-18.383256912231445,0.16287851333618164,25.34778594970703,-18.383256912231445,0.16287851333618164,44,45,6.625876859431253,False,False
1024,1,45,45,25.0,-25.0,25.346078872680664,-18.417530059814453,0.16288360953330994,25.346078872680664,-18.417530059814453,0.16288360953330994,44,45,6.591561355214881,False,False
1025,1,45,45,25.0,-25.0,25.344379425048828,-18.451623916625977,0.16291934251785278,25.344379425048828,-18.451623916625977,0.16291934251785278,44,45,6.5574252963874375,False,False
1026,1,45,45,25.0,-25.0,25.342687606811523,-18.48554039001465,0.1629236936569214,25.342687606811523,-18.48554039001465,0.1629236936569214,44,45,6.52346677817805,False,False
1027,1,45,45,25.0,-25.0,25.34100341796875,-18.519277572631836,0.1628408581018448,25.34100341796875,-18.519277572631836,0.1628408581018448,44,45,6.489687705248927,False,False
1028,1,45,45,25.0,-25.0,25.339324951171875,-18.552837371826172,0.16273817420005798,25.339324951171875,-18.552837371826172,0.16273817420005798,44,45,6.4560860725836875,False,False
1029,1,45,45,25.0,-25.0,25.337656021118164,-18.586223602294922,0.16267630457878113,25.337656021118164,-18.586223602294922,0.16267630457878113,44,45,6.422658271179938,False,False
1030,1,45,45,25.0,-25.0,25.33599090576172,-18.619434356689453,0.16259218752384186,25.33599090576172,-18.619434356689453,0.16259218752384186,44,45,6.389405904882668,False,False
1031,1,45,45,25.0,-25.0,25.334335327148438,-18.652469635009766,0.16254669427871704,25.334335327148438,-18.652469635009766,0.16254669427871704,44,45,6.356329274467498,False,False
1032,1,45,45,25.0,-25.0,25.332685470581055,-18.685333251953125,0.1624770313501358,25.332685470581055,-18.685333251953125,0.1624770313501358,44,45,6.3234243698509305,False,False
1033,1,45,45,25.0,-25.0,25.331043243408203,-18.71802520751953,0.1623854637145996,25.331043243408203,-18.71802520751953,0.1623854637145996,44,45,6.2906912912943245,False,False
1034,1,45,45,25.0,-25.0,25.329408645629883,-18.750545501708984,0.16233284771442413,25.329408645629883,-18.750545501708984,0.16233284771442413,44,45,6.2581300387596235,False,False
1035,1,45,45,25.0,-25.0,25.32777976989746,-18.782896041870117,0.16225631535053253,25.32777976989746,-18.782896041870117,0.16225631535053253,44,45,6.225738607084969,False,False
1036,1,45,45,25.0,-25.0,25.32615852355957,-18.81507682800293,0.1622169464826584,25.32615852355957,-18.81507682800293,0.1622169464826584,44,45,6.1935170966097175,False,False
1037,1,45,45,25.0,-25.0,25.32454490661621,-18.847087860107422,0.16215206682682037,25.32454490661621,-18.847087860107422,0.16215206682682037,44,45,6.1614655073000275,False,False
1038,1,45,45,25.0,-25.0,25.32293701171875,-18.87893295288086,0.1620640903711319,25.32293701171875,-18.87893295288086,0.1620640903711319,44,45,6.1295799292337865,False,False
1039,1,45,45,25.0,-25.0,25.32133674621582,-18.91061019897461,0.16201400756835938,25.32133674621582,-18.91061019897461,0.16201400756835938,44,45,6.097862367526887,False,False
1040,1,45,45,25.0,-25.0,25.319744110107422,-18.942121505737305,0.1619390845298767,25.319744110107422,-18.942121505737305,0.1619390845298767,44,45,6.0663109174521255,False,False
1041,1,45,45,25.0,-25.0,25.318157196044922,-18.973468780517578,0.16195927560329437,25.318157196044922,-18.973468780517578,0.16195927560329437,44,45,6.034923573732434,False,False
1042,1,45,45,25.0,-25.0,25.316577911376953,-19.004650115966797,0.16200613975524902,25.316577911376953,-19.004650115966797,0.16200613975524902,44,45,6.003702341551315,False,False
1043,1,45,45,25.0,-25.0,25.315004348754883,-19.035669326782227,0.16207686066627502,25.315004348754883,-19.035669326782227,0.16207686066627502,44,45,5.972643310898523,False,False
1044,1,45,45,25.0,-25.0,25.313438415527344,-19.066526412963867,0.1621101349592209,25.313438415527344,-19.066526412963867,0.1621101349592209,44,45,5.941746582309256,False,False
1045,1,45,45,25.0,-25.0,25.311880111694336,-19.09722137451172,0.1621095836162567,25.311880111694336,-19.09722137451172,0.1621095836162567,44,45,5.911012155764171,False,False
1046,1,45,45,25.0,-25.0,25.310327529907227,-19.127756118774414,0.16213728487491608,25.310327529907227,-19.127756118774414,0.16213728487491608,44,45,5.8804380258965105,False,False
1047,1,45,45,25.0,-25.0,25.308780670166016,-19.158130645751953,0.1621902734041214,25.308780670166016,-19.158130645751953,0.1621902734041214,44,45,5.8500241926312295,False,False
1048,1,45,45,25.0,-25.0,25.30724334716797,-19.188344955444336,0.16226591169834137,25.30724334716797,-19.188344955444336,0.16226591169834137,44,45,5.819770857283667,False,False
1049,1,45,45,25.0,-25.0,25.305709838867188,-19.218402862548828,0.16230300068855286,25.305709838867188,-19.218402862548828,0.16230300068855286,44,45,5.789673908378933,False,False
1050,1,45,45,25.0,-25.0,25.30418586730957,-19.248302459716797,0.16230528056621552,25.30418586730957,-19.248302459716797,0.16230528056621552,44,45,5.759735552676939,False,False
1051,1,45,45,25.0,-25.0,25.30266571044922,-19.278045654296875,0.16233494877815247,25.30266571044922,-19.278045654296875,0.16233494877815247,44,45,5.729953583284302,False,False
1052,1,45,45,25.0,-25.0,25.30115509033203,-19.307632446289062,0.1623891294002533,25.30115509033203,-19.307632446289062,0.1623891294002533,44,45,5.700328302385218,False,False
1053,1,45,45,25.0,-25.0,25.299650192260742,-19.337064743041992,0.16246525943279266,25.299650192260742,-19.337064743041992,0.16246525943279266,44,45,5.670857603768583,False,False
1054,1,45,45,25.0,-25.0,25.29815101623535,-19.366342544555664,0.1625022292137146,25.29815101623535,-19.366342544555664,0.1625022292137146,44,45,5.641541487374326,False,False
1055,1,45,45,25.0,-25.0,25.296659469604492,-19.395465850830078,0.16250386834144592,25.296659469604492,-19.395465850830078,0.16250386834144592,44,45,5.612380053962654,False,False
1056,1,45,45,25.0,-25.0,25.29517364501953,-19.4244384765625,0.16253238916397095,25.29517364501953,-19.4244384765625,0.16253238916397095,44,45,5.583369393327905,False,False
1057,1,45,45,25.0,-25.0,25.2936954498291,-19.453258514404297,0.16258500516414642,25.2936954498291,-19.453258514404297,0.16258500516414642,44,45,5.554511510950243,False,False
1058,1,45,45,25.0,-25.0,25.29222297668457,-19.4819278717041,0.16260039806365967,25.29222297668457,-19.4819278717041,0.16260039806365967,44,45,5.525804401277557,False,False
1059,1,45,45,25.0,-25.0,25.29075813293457,-19.510446548461914,0.1625821888446808,25.29075813293457,-19.510446548461914,0.1625821888446808,44,45,5.497248165142384,False,False
1060,1,45,45,25.0,-25.0,25.28929901123047,-19.538816452026367,0.16253364086151123,25.28929901123047,-19.538816452026367,0.16253364086151123,44,45,5.4688407969657336,False,False
1061,1,45,45,25.0,-25.0,25.2878475189209,-19.56703758239746,0.16245770454406738,25.2878475189209,-19.56703758239746,0.16245770454406738,44,45,5.440582397614298,False,False
1062,1,45,45,25.0,-25.0,25.286401748657227,-19.595109939575195,0.16241580247879028,25.286401748657227,-19.595109939575195,0.16241580247879028,44,45,5.412472866159494,False,False
1063,1,45,45,25.0,-25.0,25.284963607788086,-19.623037338256836,0.16240444779396057,25.284963607788086,-19.623037338256836,0.16240444779396057,44,45,5.384508494147236,False,False
1064,1,45,45,25.0,-25.0,25.28352928161621,-19.650815963745117,0.16247928142547607,25.28352928161621,-19.650815963745117,0.16247928142547607,44,45,5.356692889018175,False,False
1065,1,45,45,25.0,-25.0,25.2821044921875,-19.678449630737305,0.16257277131080627,25.2821044921875,-19.678449630737305,0.16257277131080627,44,45,5.329022544248832,False,False
1066,1,45,45,25.0,-25.0,25.280683517456055,-19.70594024658203,0.16262418031692505,25.280683517456055,-19.70594024658203,0.16262418031692505,44,45,5.301495252259633,False,False
1067,1,45,45,25.0,-25.0,25.279272079467773,-19.733285903930664,0.1626376062631607,25.279272079467773,-19.733285903930664,0.1626376062631607,44,45,5.274113220637731,False,False
1068,1,45,45,25.0,-25.0,25.277864456176758,-19.760488510131836,0.1626167893409729,25.277864456176758,-19.760488510131836,0.1626167893409729,44,45,5.246874241724011,False,False
1069,1,45,45,25.0,-25.0,25.276464462280273,-19.787548065185547,0.16262385249137878,25.276464462280273,-19.787548065185547,0.16262385249137878,44,45,5.219778517490456,False,False
1070,1,45,45,25.0,-25.0,25.275070190429688,-19.814464569091797,0.16265590488910675,25.275070190429688,-19.814464569091797,0.16265590488910675,44,45,5.192825946906689,False,False
1071,1,45,45,25.0,-25.0,25.273683547973633,-19.84124183654785,0.16271038353443146,25.273683547973633,-19.84124183654785,0.16271038353443146,44,45,5.16601282164646,False,False
1072,1,45,45,25.0,-25.0,25.272302627563477,-19.867877960205078,0.16278493404388428,25.272302627563477,-19.867877960205078,0.16278493404388428,44,45,5.139340945328181,False,False
1073,1,45,45,25.0,-25.0,25.27092742919922,-19.89437484741211,0.16287748515605927,25.27092742919922,-19.89437484741211,0.16287748515605927,44,45,5.112808413252996,False,False
1074,1,45,45,25.0,-25.0,25.269559860229492,-19.920734405517578,0.1629861295223236,25.269559860229492,-19.920734405517578,0.1629861295223236,44,45,5.08641342180714,False,False
1075,1,45,45,25.0,-25.0,25.26819610595703,-19.94695472717285,0.16305041313171387,25.26819610595703,-19.94695472717285,0.16305041313171387,44,45,5.060157673481263,False,False
1076,1,45,45,25.0,-25.0,25.266841888427734,-19.97303581237793,0.16307465732097626,25.266841888427734,-19.97303581237793,0.16307465732097626,44,45,5.034041471527077,False,False
1077,1,45,45,25.0,-25.0,25.265491485595703,-19.99898338317871,0.16306281089782715,25.265491485595703,-19.99898338317871,0.16306281089782715,44,45,5.008058798641093,False,False
1078,1,45,45,25.0,-25.0,25.264148712158203,-20.02479362487793,0.1630772054195404,25.264148712158203,-20.02479362487793,0.1630772054195404,44,45,4.982213666352551,False,False
1079,1,45,45,25.0,-25.0,25.2628116607666,-20.05046844482422,0.16311512887477875,25.2628116607666,-20.05046844482422,0.16311512887477875,44,45,4.956504068869074,False,False
1080,1,45,45,25.0,-25.0,25.2614803314209,-20.076007843017578,0.16317416727542877,25.2614803314209,-20.076007843017578,0.16317416727542877,44,45,4.930930006169667,False,False
1081,1,45,45,25.0,-25.0,25.260156631469727,-20.10141372680664,0.1632521003484726,25.260156631469727,-20.10141372680664,0.1632521003484726,44,45,4.905489674723215,False,False
1082,1,45,45,25.0,-25.0,25.258838653564453,-20.12668800354004,0.1632882058620453,25.258838653564453,-20.12668800354004,0.1632882058620453,44,45,4.880181068712474,False,False
1083,1,45,45,25.0,-25.0,25.257526397705078,-20.15182876586914,0.16328656673431396,25.257526397705078,-20.15182876586914,0.16328656673431396,44,45,4.855006092783911,False,False
1084,1,45,45,25.0,-25.0,25.2562198638916,-20.176837921142578,0.16330969333648682,25.2562198638916,-20.176837921142578,0.16330969333648682,44,45,4.829962842256747,False,False
1085,1,45,45,25.0,-25.0,25.254920959472656,-20.20171546936035,0.1633550524711609,25.254920959472656,-20.20171546936035,0.1633550524711609,44,45,4.805051418304929,False,False
1086,1,45,45,25.0,-25.0,25.25362777709961,-20.226463317871094,0.16342031955718994,25.25362777709961,-20.226463317871094,0.16342031955718994,44,45,4.780269815078092,False,False
1087,1,45,45,25.0,-25.0,25.25234031677246,-20.251083374023438,0.1635034680366516,25.25234031677246,-20.251083374023438,0.1635034680366516,44,45,4.7556161279003,False,False
1088,1,45,45,25.0,-25.0,25.25105857849121,-20.275571823120117,0.16354382038116455,25.25105857849121,-20.275571823120117,0.16354382038116455,44,45,4.731094166081521,False,False
1089,1,45,45,25.0,-25.0,25.24978256225586,-20.2999324798584,0.16354559361934662,25.24978256225586,-20.2999324798584,0.16354559361934662,44,45,4.706700120285668,False,False
1090,1,45,45,25.0,-25.0,25.24851417541504,-20.32416534423828,0.16357138752937317,25.24851417541504,-20.32416534423828,0.16357138752937317,44,45,4.68243409173098,False,False
1091,1,45,45,25.0,-25.0,25.247249603271484,-20.3482723236084,0.16361872851848602,25.247249603271484,-20.3482723236084,0.16361872851848602,44,45,4.658293973293819,False,False
1092,1,45,45,25.0,-25.0,25.24599266052246,-20.372251510620117,0.1636854112148285,25.24599266052246,-20.372251510620117,0.1636854112148285,44,45,4.634281872090724,False,False
1093,1,45,45,25.0,-25.0,25.244741439819336,-20.396106719970703,0.1637106090784073,25.244741439819336,-20.396106719970703,0.1637106090784073,44,45,4.610393877562281,False,False
1094,1,45,45,25.0,-25.0,25.24349594116211,-20.419836044311523,0.16369843482971191,25.24349594116211,-20.419836044311523,0.16369843482971191,44,45,4.586631894358902,False,False
1095,1,45,45,25.0,-25.0,25.242258071899414,-20.44344139099121,0.16371136903762817,25.242258071899414,-20.44344139099121,0.16371136903762817,44,45,4.562994119077136,False,False
1096,1,45,45,25.0,-25.0,25.241024017333984,-20.466920852661133,0.16374681890010834,25.241024017333984,-20.466920852661133,0.16374681890010834,44,45,4.539482253844626,False,False
1097,1,45,45,25.0,-25.0,25.239797592163086,-20.490280151367188,0.16380247473716736,25.239797592163086,-20.490280151367188,0.16380247473716736,44,45,4.516090787214089,False,False
1098,1,45,45,25.0,-25.0,25.238574981689453,-20.51351547241211,0.1638762652873993,25.238574981689453,-20.51351547241211,0.1638762652873993,44,45,4.492823325947022,False,False
1099,1,45,45,25.0,-25.0,25.23736000061035,-20.536630630493164,0.1639663130044937,25.23736000061035,-20.536630630493164,0.1639663130044937,44,45,4.469676263281447,False,False
1100,1,45,45,25.0,-25.0,25.23615074157715,-20.559621810913086,0.164012148976326,25.23615074157715,-20.559621810913086,0.164012148976326,44,45,4.446653307248747,False,False
1101,1,45,45,25.0,-25.0,25.23494529724121,-20.582494735717773,0.1639593243598938,25.23494529724121,-20.582494735717773,0.1639593243598938,44,45,4.423748642571924,False,False
1102,1,45,45,25.0,-25.0,25.233747482299805,-20.605247497558594,0.16393525898456573,25.233747482299805,-20.605247497558594,0.16393525898456573,44,45,4.400964376497099,False,False
1103,1,45,45,25.0,-25.0,25.232555389404297,-20.62788200378418,0.1639370173215866,25.232555389404297,-20.62788200378418,0.1639370173215866,44,45,4.3782985030688835,False,False
1104,1,45,45,25.0,-25.0,25.231369018554688,-20.6503963470459,0.1639619618654251,25.231369018554688,-20.6503963470459,0.1639619618654251,44,45,4.35575292693911,False,False
1105,1,45,45,25.0,-25.0,25.230188369750977,-20.672792434692383,0.16400772333145142,25.230188369750977,-20.672792434692383,0.16400772333145142,44,45,4.333325743447414,False,False
1106,1,45,45,25.0,-25.0,25.229013442993164,-20.695072174072266,0.1640721708536148,25.229013442993164,-20.695072174072266,0.1640721708536148,44,45,4.31101504793459,False,False
1107,1,45,45,25.0,-25.0,25.22784423828125,-20.717235565185547,0.16415336728096008,25.22784423828125,-20.717235565185547,0.16415336728096008,44,45,4.288820840397688,False,False
1108,1,45,45,25.0,-25.0,25.226680755615234,-20.739280700683594,0.16424959897994995,25.226680755615234,-20.739280700683594,0.16424959897994995,44,45,4.266745025488819,False,False
1109,1,45,45,25.0,-25.0,25.225522994995117,-20.761211395263672,0.16418291628360748,25.225522994995117,-20.761211395263672,0.16418291628360748,44,45,4.244783793895057,False,False
1110,1,45,45,25.0,-25.0,25.2243709564209,-20.78302764892578,0.16408716142177582,25.2243709564209,-20.78302764892578,0.16408716142177582,44,45,4.222937145614371,False,False
1111,1,45,45,25.0,-25.0,25.223224639892578,-20.804729461669922,0.16396521031856537,25.223224639892578,-20.804729461669922,0.16396521031856537,44,45,4.2012050806447805,False,False
1112,1,45,45,25.0,-25.0,25.222082138061523,-20.826318740844727,0.1638784110546112,25.222082138061523,-20.826318740844727,0.1638784110546112,44,45,4.179585592982865,False,False
1113,1,45,45,25.0,-25.0,25.220947265625,-20.847793579101562,0.163823202252388,25.220947265625,-20.847793579101562,0.163823202252388,44,45,4.158080789972385,False,False
1114,1,45,45,25.0,-25.0,25.219818115234375,-20.869155883789062,0.16379638016223907,25.219818115234375,-20.869155883789062,0.16379638016223907,44,45,4.136688665614046,False,False
1115,1,45,45,25.0,-25.0,25.218692779541016,-20.890405654907227,0.16379506886005402,25.218692779541016,-20.890405654907227,0.16379506886005402,44,45,4.115409118549683,False,False
1116,1,45,45,25.0,-25.0,25.217575073242188,-20.911544799804688,0.1638166606426239,25.217575073242188,-20.911544799804688,0.1638166606426239,44,45,4.094240446835094,False,False
1117,1,45,45,25.0,-25.0,25.216461181640625,-20.932573318481445,0.1638588160276413,25.216461181640625,-20.932573318481445,0.1638588160276413,44,45,4.07318244775339,False,False
1118,1,45,45,25.0,-25.0,25.215354919433594,-20.9534912109375,0.16386063396930695,25.215354919433594,-20.9534912109375,0.16386063396930695,44,45,4.052235324026026,False,False
1119,1,45,45,25.0,-25.0,25.214252471923828,-20.97429847717285,0.163826122879982,25.214252471923828,-20.97429847717285,0.163826122879982,44,45,4.031398872924669,False,False
1120,1,45,45,25.0,-25.0,25.21315574645996,-20.994998931884766,0.16375885903835297,25.21315574645996,-20.994998931884766,0.16375885903835297,44,45,4.010669386505583,False,False
1121,1,45,45,25.0,-25.0,25.212064743041992,-21.015588760375977,0.16366209089756012,25.212064743041992,-21.015588760375977,0.16366209089756012,44,45,3.990050674074668,False,False
1122,1,45,45,25.0,-25.0,25.21097755432129,-21.03607177734375,0.16359750926494598,25.21097755432129,-21.03607177734375,0.16359750926494598,44,45,3.9695388249516,False,False
1123,1,45,45,25.0,-25.0,25.209897994995117,-21.056447982788086,0.1635618507862091,25.209897994995117,-21.056447982788086,0.1635618507862091,44,45,3.9491340418829957,False,False
1124,1,45,45,25.0,-25.0,25.20882225036621,-21.076717376708984,0.1635522097349167,25.20882225036621,-21.076717376708984,0.1635522097349167,44,45,3.9288361221187684,False,False
1125,1,45,45,25.0,-25.0,25.207752227783203,-21.096879959106445,0.16356590390205383,25.207752227783203,-21.096879959106445,0.16356590390205383,44,45,3.9086451670334297,False,False
1126,1,45,45,25.0,-25.0,25.206687927246094,-21.11693572998047,0.1636005938053131,25.206687927246094,-21.11693572998047,0.1636005938053131,44,45,3.888561176627108,False,False
1127,1,45,45,25.0,-25.0,25.205629348754883,-21.13688850402832,0.1635953187942505,25.205629348754883,-21.13688850402832,0.1635953187942505,44,45,3.8685803415953384,False,False
1128,1,45,45,25.0,-25.0,25.20457649230957,-21.156734466552734,0.16355405747890472,25.20457649230957,-21.156734466552734,0.16355405747890472,44,45,3.848706471243213,False,False
1129,1,45,45,25.0,-25.0,25.203527450561523,-21.17647933959961,0.16348035633563995,25.203527450561523,-21.17647933959961,0.16348035633563995,44,45,3.828933750228739,False,False
1130,1,45,45,25.0,-25.0,25.202484130859375,-21.196117401123047,0.16337741911411285,25.202484130859375,-21.196117401123047,0.16337741911411285,44,45,3.8092679938918397,False,False
1131,1,45,45,25.0,-25.0,25.201446533203125,-21.215654373168945,0.16330695152282715,25.201446533203125,-21.215654373168945,0.16330695152282715,44,45,3.7897034882764755,False,False
1132,1,45,45,25.0,-25.0,25.20041275024414,-21.235090255737305,0.163265660405159,25.20041275024414,-21.235090255737305,0.163265660405159,44,45,3.7702401319948593,False,False
1133,1,45,45,25.0,-25.0,25.199386596679688,-21.25442123413086,0.16325059533119202,25.199386596679688,-21.25442123413086,0.16325059533119202,44,45,3.750881937126961,False,False
1134,1,45,45,25.0,-25.0,25.198362350463867,-21.273653030395508,0.1632590889930725,25.198362350463867,-21.273653030395508,0.1632590889930725,44,45,3.7316228855502174,False,False
1135,1,45,45,25.0,-25.0,25.197345733642578,-21.292783737182617,0.16328874230384827,25.197345733642578,-21.292783737182617,0.16328874230384827,44,45,3.712465186083852,False,False
1136,1,45,45,25.0,-25.0,25.196334838867188,-21.311813354492188,0.16327862441539764,25.196334838867188,-21.311813354492188,0.16327862441539764,44,45,3.693408737339421,False,False
1137,1,45,45,25.0,-25.0,25.195327758789062,-21.33074378967285,0.16323266923427582,25.195327758789062,-21.33074378967285,0.16323266923427582,44,45,3.674451533273763,False,False
1138,1,45,45,25.0,-25.0,25.194324493408203,-21.34957504272461,0.16315443813800812,25.194324493408203,-21.34957504272461,0.16315443813800812,44,45,3.655593573886106,False,False
1139,1,45,45,25.0,-25.0,25.193328857421875,-21.36830711364746,0.16310590505599976,25.193328857421875,-21.36830711364746,0.16310590505599976,44,45,3.636835061959187,False,False
1140,1,45,45,25.0,-25.0,25.192337036132812,-21.38694190979004,0.16308408975601196,25.192337036132812,-21.38694190979004,0.16308408975601196,44,45,3.618173890058354,False,False
1141,1,45,45,25.0,-25.0,25.191349029541016,-21.405479431152344,0.16308628022670746,25.191349029541016,-21.405479431152344,0.16308628022670746,44,45,3.5996100581834094,False,False
1142,1,45,45,25.0,-25.0,25.19036865234375,-21.423917770385742,0.16311003267765045,25.19036865234375,-21.423917770385742,0.16311003267765045,44,45,3.581145673769507,False,False
1143,1,45,45,25.0,-25.0,25.189390182495117,-21.4422607421875,0.16309437155723572,25.189390182495117,-21.4422607421875,0.16309437155723572,44,45,3.562776623338288,False,False
1144,1,45,45,25.0,-25.0,25.188419342041016,-21.460508346557617,0.16304321587085724,25.188419342041016,-21.460508346557617,0.16304321587085724,44,45,3.544503211064064,False,False
1145,1,45,45,25.0,-25.0,25.18745231628418,-21.47865867614746,0.16296006739139557,25.18745231628418,-21.47865867614746,0.16296006739139557,44,45,3.52632713881623,False,False
1146,1,45,45,25.0,-25.0,25.186491012573242,-21.496715545654297,0.16290690004825592,25.186491012573242,-21.496715545654297,0.16290690004825592,44,45,3.508244698682072,False,False
1147,1,45,45,25.0,-25.0,25.18553352355957,-21.514677047729492,0.16288070380687714,25.18553352355957,-21.514677047729492,0.16288070380687714,44,45,3.4902576939229055,False,False
1148,1,45,45,25.0,-25.0,25.184581756591797,-21.532543182373047,0.16287873685359955,25.184581756591797,-21.532543182373047,0.16287873685359955,44,45,3.472366225929251,False,False
1149,1,45,45,25.0,-25.0,25.18363380432129,-21.550315856933594,0.16289854049682617,25.18363380432129,-21.550315856933594,0.16289854049682617,44,45,3.4545682886597153,False,False
1150,1,45,45,25.0,-25.0,25.18269157409668,-21.567996978759766,0.16293790936470032,25.18269157409668,-21.567996978759766,0.16293790936470032,44,45,3.4368620788515822,False,False
1151,1,45,45,25.0,-25.0,25.181753158569336,-21.58558464050293,0.16293607652187347,25.181753158569336,-21.58558464050293,0.16293607652187347,44,45,3.4192493997688205,False,False
1152,1,45,45,25.0,-25.0,25.18082046508789,-21.60308074951172,0.16289712488651276,25.18082046508789,-21.60308074951172,0.16289712488651276,44,45,3.401728448146981,False,False
1153,1,45,45,25.0,-25.0,25.179893493652344,-21.6204833984375,0.16282474994659424,25.179893493652344,-21.6204833984375,0.16282474994659424,44,45,3.3843011286371953,False,False
1154,1,45,45,25.0,-25.0,25.178970336914062,-21.63779640197754,0.16272225975990295,25.178970336914062,-21.63779640197754,0.16272225975990295,44,45,3.3669635305494943,False,False
1155,1,45,45,25.0,-25.0,25.178050994873047,-21.655017852783203,0.16271023452281952,25.178050994873047,-21.655017852783203,0.16271023452281952,44,45,3.349717558537492,False,False
1156,1,45,45,25.0,-25.0,25.17713737487793,-21.672149658203125,0.16277959942817688,25.17713737487793,-21.672149658203125,0.16277959942817688,44,45,3.332561409333101,False,False
1157,1,45,45,25.0,-25.0,25.17622947692871,-21.689191818237305,0.16286340355873108,25.17622947692871,-21.689191818237305,0.16286340355873108,44,45,3.3154950829348806,False,False
1158,1,45,45,25.0,-25.0,25.175323486328125,-21.706144332885742,0.1629013568162918,25.175323486328125,-21.706144332885742,0.1629013568162918,44,45,3.298518376580455,False,False
1159,1,45,45,25.0,-25.0,25.17442512512207,-21.723007202148438,0.16289803385734558,25.17442512512207,-21.723007202148438,0.16289803385734558,44,45,3.2816315944122767,False,False
1160,1,45,45,25.0,-25.0,25.17352867126465,-21.739782333374023,0.1628575474023819,25.17352867126465,-21.739782333374023,0.1628575474023819,44,45,3.2648325276392054,False,False
1161,1,45,45,25.0,-25.0,25.172637939453125,-21.7564697265625,0.16284236311912537,25.172637939453125,-21.7564697265625,0.16284236311912537,44,45,3.2481213790195964,False,False
1162,1,45,45,25.0,-25.0,25.1717529296875,-21.773069381713867,0.16284996271133423,25.1717529296875,-21.773069381713867,0.16284996271133423,44,45,3.2314981485510343,False,False
1163,1,45,45,25.0,-25.0,25.17087173461914,-21.789581298828125,0.16287800669670105,25.17087173461914,-21.789581298828125,0.16287800669670105,44,45,3.214962734858036,False,False
1164,1,45,45,25.0,-25.0,25.169994354248047,-21.806007385253906,0.16292445361614227,25.169994354248047,-21.806007385253906,0.16292445361614227,44,45,3.198513233289617,False,False
1165,1,45,45,25.0,-25.0,25.16912269592285,-21.82234764099121,0.16298742592334747,25.16912269592285,-21.82234764099121,0.16298742592334747,44,45,3.1821497452178984,False,False
1166,1,45,45,25.0,-25.0,25.168254852294922,-21.83860206604004,0.16306525468826294,25.168254852294922,-21.83860206604004,0.16306525468826294,44,45,3.1658721692713834,False,False
1167,1,45,45,25.0,-25.0,25.167390823364258,-21.854772567749023,0.16309762001037598,25.167390823364258,-21.854772567749023,0.16309762001037598,44,45,3.149678600798919,False,False
1168,1,45,45,25.0,-25.0,25.166532516479492,-21.8708553314209,0.1630890667438507,25.166532516479492,-21.8708553314209,0.1630890667438507,44,45,3.1335729504739485,False,False
1169,1,45,45,25.0,-25.0,25.165678024291992,-21.886856079101562,0.16304366290569305,25.165678024291992,-21.886856079101562,0.16304366290569305,44,45,3.1175494029702553,False,False
1170,1,45,45,25.0,-25.0,25.16482925415039,-21.902772903442383,0.16302385926246643,25.16482925415039,-21.902772903442383,0.16302385926246643,44,45,3.1016099643047483,False,False
1171,1,45,45,25.0,-25.0,25.163984298706055,-21.91860580444336,0.1630270928144455,25.163984298706055,-21.91860580444336,0.1630270928144455,44,45,3.085754533113785,False,False
1172,1,45,45,25.0,-25.0,25.163143157958984,-21.934354782104492,0.16305102407932281,25.163143157958984,-21.934354782104492,0.16305102407932281,44,45,3.0699831093988816,False,False
1173,1,45,45,25.0,-25.0,25.16230583190918,-21.950021743774414,0.16309356689453125,25.16230583190918,-21.950021743774414,0.16309356689453125,44,45,3.054293788508335,False,False
1174,1,45,45,25.0,-25.0,25.161474227905273,-21.965606689453125,0.16315284371376038,25.161474227905273,-21.965606689453125,0.16315284371376038,44,45,3.0386866717990566,False,False
1175,1,45,45,25.0,-25.0,25.16064453125,-21.981111526489258,0.1632271558046341,25.16064453125,-21.981111526489258,0.1632271558046341,44,45,3.0231596519066852,False,False
1176,1,45,45,25.0,-25.0,25.159822463989258,-21.996532440185547,0.16325616836547852,25.159822463989258,-21.996532440185547,0.16325616836547852,44,45,3.007716842199974,False,False
1177,1,45,45,25.0,-25.0,25.15900230407715,-22.011873245239258,0.16324442625045776,25.15900230407715,-22.011873245239258,0.16324442625045776,44,45,2.992354129313375,False,False
1178,1,45,45,25.0,-25.0,25.158187866210938,-22.027135848999023,0.16319595277309418,25.158187866210938,-22.027135848999023,0.16319595277309418,44,45,2.9770698112948453,False,False
1179,1,45,45,25.0,-25.0,25.157377243041992,-22.042316436767578,0.16317322850227356,25.157377243041992,-22.042316436767578,0.16317322850227356,44,45,2.9618675961026235,False,False
1180,1,45,45,25.0,-25.0,25.156570434570312,-22.057416915893555,0.16317366063594818,25.156570434570312,-22.057416915893555,0.16317366063594818,44,45,2.9467455790839723,False,False
1181,1,45,45,25.0,-25.0,25.1557674407959,-22.072439193725586,0.16319487988948822,25.1557674407959,-22.072439193725586,0.16319487988948822,44,45,2.931701855585967,False,False
1182,1,45,45,25.0,-25.0,25.154970169067383,-22.087383270263672,0.16323482990264893,25.154970169067383,-22.087383270263672,0.16323482990264893,44,45,2.9167365269493772,False,False
1183,1,45,45,25.0,-25.0,25.1541748046875,-22.10224723815918,0.1632915884256363,25.1541748046875,-22.10224723815918,0.1632915884256363,44,45,2.901851295148759,False,False
1184,1,45,45,25.0,-25.0,25.153385162353516,-22.117034912109375,0.1633634865283966,25.153385162353516,-22.117034912109375,0.1633634865283966,44,45,2.8870425535531017,False,False
1185,1,45,45,25.0,-25.0,25.152599334716797,-22.131744384765625,0.1633901596069336,25.152599334716797,-22.131744384765625,0.1633901596069336,44,45,2.8723121054787084,False,False
1186,1,45,45,25.0,-25.0,25.151817321777344,-22.14637565612793,0.16337615251541138,25.151817321777344,-22.14637565612793,0.16337615251541138,44,45,2.857659950926798,False,False
1187,1,45,45,25.0,-25.0,25.15104103088379,-22.160932540893555,0.16338428854942322,25.15104103088379,-22.160932540893555,0.16338428854942322,44,45,2.843082381917127,False,False
1188,1,45,45,25.0,-25.0,25.150266647338867,-22.175411224365234,0.16341233253479004,25.150266647338867,-22.175411224365234,0.16341233253479004,44,45,2.8285830051006755,False,False
1189,1,45,45,25.0,-25.0,25.149497985839844,-22.189815521240234,0.16345830261707306,25.149497985839844,-22.189815521240234,0.16345830261707306,44,45,2.8141582138238896,False,False
1190,1,45,45,25.0,-25.0,25.148733139038086,-22.204143524169922,0.1634615808725357,25.148733139038086,-22.204143524169922,0.1634615808725357,44,45,2.799809811413823,False,False
1191,1,45,45,25.0,-25.0,25.147972106933594,-22.218395233154297,0.16342641413211823,25.147972106933594,-22.218395233154297,0.16342641413211823,44,45,2.7855377978711946,False,False
1192,1,45,45,25.0,-25.0,25.147212982177734,-22.232574462890625,0.16341543197631836,25.147212982177734,-22.232574462890625,0.16341543197631836,44,45,2.771338262566801,False,False
1193,1,45,45,25.0,-25.0,25.146461486816406,-22.24667739868164,0.1634262204170227,25.146461486816406,-22.24667739868164,0.1634262204170227,44,45,2.757215318768371,False,False
1194,1,45,45,25.0,-25.0,25.14571189880371,-22.26070785522461,0.16345655918121338,25.14571189880371,-22.26070785522461,0.16345655918121338,44,45,2.743164853208998,False,False
1195,1,45,45,25.0,-25.0,25.14496612548828,-22.2746639251709,0.163504496216774,25.14496612548828,-22.2746639251709,0.163504496216774,44,45,2.7291888718635757,False,False
1196,1,45,45,25.0,-25.0,25.144224166870117,-22.28854751586914,0.16356824338436127,25.144224166870117,-22.28854751586914,0.16356824338436127,44,45,2.715285470076542,False,False
1197,1,45,45,25.0,-25.0,25.14348602294922,-22.302358627319336,0.16358740627765656,25.14348602294922,-22.302358627319336,0.16358740627765656,44,45,2.7014546478481183,False,False
1198,1,45,45,25.0,-25.0,25.14275360107422,-22.31609535217285,0.163566455245018,25.14275360107422,-22.31609535217285,0.163566455245018,44,45,2.6876984111406226,False,False
1199,1,45,45,25.0,-25.0,25.14202308654785,-22.329761505126953,0.1635681539773941,25.14202308654785,-22.329761505126953,0.1635681539773941,44,45,2.6740127480276628,False,False
1200,1,45,45,25.0,-25.0,25.14129638671875,-22.343355178833008,0.1635902374982834,25.14129638671875,-22.343355178833008,0.1635902374982834,44,45,2.660399664473963,False,False
1201,1,45,45,25.0,-25.0,25.140575408935547,-22.35687828063965,0.16357186436653137,25.140575408935547,-22.35687828063965,0.16357186436653137,44,45,2.646857357122181,False,False
1202,1,45,45,25.0,-25.0,25.139856338500977,-22.370330810546875,0.1635170578956604,25.139856338500977,-22.370330810546875,0.1635170578956604,44,45,2.633385623371168,False,False
1203,1,45,45,25.0,-25.0,25.139142990112305,-22.383712768554688,0.1634882539510727,25.139142990112305,-22.383712768554688,0.1634882539510727,44,45,2.6199846658179453,False,False
1204,1,45,45,25.0,-25.0,25.138431549072266,-22.397024154663086,0.16348282992839813,25.138431549072266,-22.397024154663086,0.16348282992839813,44,45,2.6066542818689955,False,False
1205,1,45,45,25.0,-25.0,25.137723922729492,-22.41026496887207,0.16349844634532928,25.137723922729492,-22.41026496887207,0.16349844634532928,44,45,2.5933945728221106,False,False
1206,1,45,45,25.0,-25.0,25.137022018432617,-22.423437118530273,0.1634741723537445,25.137022018432617,-22.423437118530273,0.1634741723537445,44,45,2.58020373530908,False,False
1207,1,45,45,25.0,-25.0,25.136322021484375,-22.436540603637695,0.16347278654575348,25.136322021484375,-22.436540603637695,0.16347278654575348,44,45,2.56708156674847,False,False
1208,1,45,45,25.0,-25.0,25.1356258392334,-22.449575424194336,0.16343319416046143,25.1356258392334,-22.449575424194336,0.16343319416046143,44,45,2.554028168431442,False,False
1209,1,45,45,25.0,-25.0,25.134933471679688,-22.462541580200195,0.1634180098772049,25.134933471679688,-22.462541580200195,0.1634180098772049,44,45,2.541043540357476,False,False
1210,1,45,45,25.0,-25.0,25.134244918823242,-22.475439071655273,0.1634247750043869,25.134244918823242,-22.475439071655273,0.1634247750043869,44,45,2.5281276825260717,False,False
1211,1,45,45,25.0,-25.0,25.133560180664062,-22.488269805908203,0.16339248418807983,25.133560180664062,-22.488269805908203,0.16339248418807983,44,45,2.5152786902789583,False,False
1212,1,45,45,25.0,-25.0,25.13287925720215,-22.501033782958984,0.16338381171226501,25.13287925720215,-22.501033782958984,0.16338381171226501,45,45,2.5024965636153986,False,False
1213,1,45,45,25.0,-25.0,25.132200241088867,-22.513729095458984,0.163396418094635,25.132200241088867,-22.513729095458984,0.163396418094635,45,45,2.4897831059172915,True,False
1214,2,45,40,0.0,-25.0,25.131345748901367,-22.530149459838867,0.16337166726589203,25.131345748901367,-22.530149459838867,0.16337166726589203,45,45,25.25241970270487,False,False
1215,2,45,40,0.0,-25.0,25.13033103942871,-22.54991912841797,0.16337209939956665,25.13033103942871,-22.54991912841797,0.16337209939956665,45,45,25.24948384479505,False,False
1216,2,45,40,0.0,-25.0,25.12916374206543,-22.57270622253418,0.16339512169361115,25.12916374206543,-22.57270622253418,0.16339512169361115,45,45,25.246120998237732,False,False
1217,2,45,40,0.0,-25.0,25.127853393554688,-22.598203659057617,0.16343845427036285,25.127853393554688,-22.598203659057617,0.16343845427036285,45,45,25.242377895739974,False,False
1218,2,45,40,0.0,-25.0,25.12639808654785,-22.626142501831055,0.16350002586841583,25.12639808654785,-22.626142501831055,0.16350002586841583,45,45,25.238286000148435,False,False
1219,2,45,40,0.0,-25.0,25.124797821044922,-22.65627670288086,0.16351915895938873,25.124797821044922,-22.65627670288086,0.16351915895938873,45,45,25.23387612797215,False,False
1220,2,45,40,0.0,-25.0,25.123046875,-22.688385009765625,0.1635001003742218,25.123046875,-22.688385009765625,0.1635001003742218,45,45,25.229170579837213,False,False
1221,2,45,40,0.0,-25.0,25.121139526367188,-22.72226905822754,0.1635054349899292,25.121139526367188,-22.72226905822754,0.1635054349899292,45,45,25.224188973013888,False,False
1222,2,45,40,0.0,-25.0,25.119062423706055,-22.757749557495117,0.16353270411491394,25.119062423706055,-22.757749557495117,0.16353270411491394,45,45,25.218940978815006,False,False
1223,2,45,40,0.0,-25.0,25.116806030273438,-22.794662475585938,0.163520947098732,25.116806030273438,-22.794662475585938,0.163520947098732,45,45,25.213438059078115,False,False
1224,2,45,40,0.0,-25.0,25.11435317993164,-22.83286476135254,0.16341526806354523,25.11435317993164,-22.83286476135254,0.16341526806354523,45,45,25.207681582980417,False,False
1225,2,45,40,0.0,-25.0,25.111692428588867,-22.872222900390625,0.16322515904903412,25.111692428588867,-22.872222900390625,0.16322515904903412,45,45,25.20167716668217,False,False
1226,2,45,40,0.0,-25.0,25.10880470275879,-22.912616729736328,0.16295914351940155,25.10880470275879,-22.912616729736328,0.16295914351940155,45,45,25.19542106253155,False,False
1227,2,45,40,0.0,-25.0,25.105674743652344,-22.953941345214844,0.16268372535705566,25.105674743652344,-22.953941345214844,0.16268372535705566,45,45,25.188911456291326,False,False
1228,2,45,40,0.0,-25.0,25.102279663085938,-22.996097564697266,0.16245883703231812,25.102279663085938,-22.996097564697266,0.16245883703231812,45,45,25.18213790078178,False,False
1229,2,45,40,0.0,-25.0,25.098604202270508,-23.03899574279785,0.16233842074871063,25.098604202270508,-23.03899574279785,0.16233842074871063,45,45,25.175096238127786,False,False
1230,2,45,40,0.0,-25.0,25.094627380371094,-23.082555770874023,0.16231226921081543,25.094627380371094,-23.082555770874023,0.16231226921081543,45,45,25.167775343313107,False,False
1231,2,45,40,0.0,-25.0,25.0903263092041,-23.126705169677734,0.1624300628900528,25.0903263092041,-23.126705169677734,0.1624300628900528,45,45,25.160161124755376,False,False
1232,2,45,40,0.0,-25.0,25.085683822631836,-23.17137908935547,0.1626189798116684,25.085683822631836,-23.17137908935547,0.1626189798116684,45,45,25.152244179871882,False,False
1233,2,45,40,0.0,-25.0,25.080678939819336,-23.21651268005371,0.16281355917453766,25.080678939819336,-23.21651268005371,0.16281355917453766,45,45,25.144010879386492,False,False
1234,2,45,40,0.0,-25.0,25.075286865234375,-23.262052536010742,0.16307254135608673,25.075286865234375,-23.262052536010742,0.16307254135608673,45,45,25.13544256147845,False,False
1235,2,45,40,0.0,-25.0,25.069490432739258,-23.307947158813477,0.16327250003814697,25.069490432739258,-23.307947158813477,0.16327250003814697,45,45,25.126527682403164,False,False
1236,2,45,40,0.0,-25.0,25.06326675415039,-23.354148864746094,0.16342005133628845,25.06326675415039,-23.354148864746094,0.16342005133628845,45,45,25.11724838331454,False,False
1237,2,45,40,0.0,-25.0,25.056594848632812,-23.40061378479004,0.1635212004184723,25.056594848632812,-23.40061378479004,0.1635212004184723,45,45,25.107588129367105,False,False
1238,2,45,40,0.0,-25.0,25.049455642700195,-23.44729995727539,0.16346390545368195,25.049455642700195,-23.44729995727539,0.16346390545368195,45,45,25.097531859094865,False,False
1239,2,45,40,0.0,-25.0,25.041828155517578,-23.494173049926758,0.16326500475406647,25.041828155517578,-23.494173049926758,0.16326500475406647,45,45,25.087061848172652,False,False
1240,2,45,40,0.0,-25.0,25.033695220947266,-23.54119300842285,0.1629985272884369,25.033695220947266,-23.54119300842285,0.1629985272884369,45,45,25.076164265173258,False,False
1241,2,45,40,0.0,-25.0,25.025033950805664,-23.588329315185547,0.16279001533985138,25.025033950805664,-23.588329315185547,0.16279001533985138,45,45,25.06481873785128,False,False
1242,2,45,40,0.0,-25.0,25.015830993652344,-23.63555145263672,0.16257616877555847,25.015830993652344,-23.63555145263672,0.16257616877555847,45,45,25.053014192734953,False,False
1243,2,45,40,0.0,-25.0,25.006067276000977,-23.68282699584961,0.16235888004302979,25.006067276000977,-23.68282699584961,0.16235888004302979,45,45,25.040733721972874,False,False
1244,2,45,40,0.0,-25.0,24.9957275390625,-23.73012924194336,0.1622575968503952,24.9957275390625,-23.73012924194336,0.1622575968503952,45,45,25.027963699614375,False,False
1245,2,45,40,0.0,-25.0,24.984792709350586,-23.77743148803711,0.16220350563526154,24.984792709350586,-23.77743148803711,0.16220350563526154,45,45,25.0146864960499,False,False
1246,2,45,40,0.0,-25.0,24.97325325012207,-23.82470703125,0.16219358146190643,24.97325325012207,-23.82470703125,0.16219358146190643,45,45,25.000893813164474,False,False
1247,2,45,40,0.0,-25.0,24.961091995239258,-23.871932983398438,0.16222521662712097,24.961091995239258,-23.871932983398438,0.16222521662712097,45,45,24.98656936813739,False,False
1248,2,45,40,0.0,-25.0,24.94829559326172,-23.919084548950195,0.16241377592086792,24.94829559326172,-23.919084548950195,0.16241377592086792,45,45,24.97170060730907,False,False
1249,2,45,40,0.0,-25.0,24.93485450744629,-23.96613883972168,0.16274558007717133,24.93485450744629,-23.96613883972168,0.16274558007717133,45,45,24.956278532791032,False,False
1250,2,45,40,0.0,-25.0,24.920757293701172,-24.013072967529297,0.16309082508087158,24.920757293701172,-24.013072967529297,0.16309082508087158,45,45,24.94029208046653,False,False
1251,2,45,40,0.0,-25.0,24.905990600585938,-24.059865951538086,0.16333281993865967,24.905990600585938,-24.059865951538086,0.16333281993865967,45,45,24.923728048298724,False,False
1252,2,45,40,0.0,-25.0,24.890548706054688,-24.106496810913086,0.16348423063755035,24.890548706054688,-24.106496810913086,0.16348423063755035,45,45,24.906580713485926,False,False
1253,2,45,40,0.0,-25.0,24.87442398071289,-24.152944564819336,0.1636154055595398,24.87442398071289,-24.152944564819336,0.1636154055595398,45,45,24.888842304987463,False,False
1254,2,45,40,0.0,-25.0,24.85760498046875,-24.19919204711914,0.16373087465763092,24.85760498046875,-24.19919204711914,0.16373087465763092,45,45,24.870500974898395,False,False
1255,2,45,40,0.0,-25.0,24.840089797973633,-24.245216369628906,0.16395244002342224,24.840089797973633,-24.245216369628906,0.16395244002342224,45,45,24.851554468484863,False,False
1256,2,45,40,0.0,-25.0,24.82187271118164,-24.291000366210938,0.16433098912239075,24.82187271118164,-24.291000366210938,0.16433098912239075,45,45,24.831996403245892,False,False
1257,2,45,40,0.0,-25.0,24.802946090698242,-24.33652687072754,0.16461843252182007,24.802946090698242,-24.33652687072754,0.16461843252182007,45,45,24.81181838099235,False,False
1258,2,45,40,0.0,-25.0,24.783309936523438,-24.38177490234375,0.16482678055763245,24.783309936523438,-24.38177490234375,0.16482678055763245,45,45,24.791019617618662,False,False
1259,2,45,40,0.0,-25.0,24.762958526611328,-24.426727294921875,0.1649669110774994,24.762958526611328,-24.426727294921875,0.1649669110774994,45,45,24.769593387560086,False,False
1260,2,45,40,0.0,-25.0,24.741893768310547,-24.47136688232422,0.1649899035692215,24.741893768310547,-24.47136688232422,0.1649899035692215,45,45,24.747540488207466,False,False
1261,2,45,40,0.0,-25.0,24.72011375427246,-24.51567840576172,0.16491056978702545,24.72011375427246,-24.51567840576172,0.16491056978702545,45,45,24.72485776361142,False,False
1262,2,45,40,0.0,-25.0,24.697616577148438,-24.55964469909668,0.1649186909198761,24.697616577148438,-24.55964469909668,0.1649186909198761,45,45,24.701542004151705,False,False
1263,2,45,40,0.0,-25.0,24.674406051635742,-24.603248596191406,0.1650087535381317,24.674406051635742,-24.603248596191406,0.1650087535381317,45,45,24.677595621887935,False,False
1264,2,45,40,0.0,-25.0,24.650484085083008,-24.646474838256836,0.16511699557304382,24.650484085083008,-24.646474838256836,0.16511699557304382,45,45,24.65301899705016,False,False
1265,2,45,40,0.0,-25.0,24.625850677490234,-24.689308166503906,0.16518612205982208,24.625850677490234,-24.689308166503906,0.16518612205982208,45,45,24.627810519927415,False,False
1266,2,45,40,0.0,-25.0,24.60051155090332,-24.731733322143555,0.16516460478305817,24.60051155090332,-24.731733322143555,0.16516460478305817,45,45,24.601974221118432,False,False
1267,2,45,40,0.0,-25.0,24.57447052001953,-24.77373504638672,0.1649473011493683,24.57447052001953,-24.77373504638672,0.1649473011493683,45,45,24.57551214458292,False,False
1268,2,45,40,0.0,-25.0,24.5477294921875,-24.8153018951416,0.16467484831809998,24.5477294921875,-24.8153018951416,0.16467484831809998,45,45,24.54842432034183,False,False
1269,2,45,40,0.0,-25.0,24.52029800415039,-24.85641860961914,0.16429737210273743,24.52029800415039,-24.85641860961914,0.16429737210273743,45,45,24.5207183791178,False,False
1270,2,45,40,0.0,-25.0,24.4921817779541,-24.897069931030273,0.16400521993637085,24.4921817779541,-24.897069931030273,0.16400521993637085,45,45,24.4923980623263,False,False
1271,2,45,40,0.0,-25.0,24.46338653564453,-24.93724822998047,0.16385211050510406,24.46338653564453,-24.93724822998047,0.16385211050510406,45,45,24.463467018740307,False,False
1272,2,45,40,0.0,-25.0,24.43391990661621,-24.97693634033203,0.1638275533914566,24.43391990661621,-24.97693634033203,0.1638275533914566,45,45,24.433930791735765,False,False
1273,2,45,40,0.0,-25.0,24.403791427612305,-25.01612663269043,0.16398093104362488,24.403791427612305,-25.01612663269043,0.16398093104362488,45,45,24.40379675605183,False,False
1274,2,45,40,0.0,-25.0,24.373008728027344,-25.054805755615234,0.16429787874221802,24.373008728027344,-25.054805755615234,0.16429787874221802,45,45,24.373070346744285,False,False
1275,2,45,40,0.0,-25.0,24.341581344604492,-25.09296226501465,0.16476544737815857,24.341581344604492,-25.09296226501465,0.16476544737815857,45,45,24.341758858774238,False,False
1276,2,45,40,0.0,-25.0,24.309518814086914,-25.130586624145508,0.16537196934223175,24.309518814086914,-25.130586624145508,0.16537196934223175,45,45,24.30986955618749,False,False
1277,2,45,40,0.0,-25.0,24.27682876586914,-25.16767120361328,0.1658717542886734,24.27682876586914,-25.16767120361328,0.1658717542886734,45,45,24.277407780894823,False,False
1278,2,45,40,0.0,-25.0,24.2435245513916,-25.20420265197754,0.16633765399456024,24.2435245513916,-25.20420265197754,0.16633765399456024,45,45,24.24438453326877,False,False
1279,2,45,40,0.0,-25.0,24.20961570739746,-25.240175247192383,0.16660000383853912,24.20961570739746,-25.240175247192383,0.16660000383853912,45,45,24.210807025979737,False,False
1280,2,45,40,0.0,-25.0,24.175111770629883,-25.275577545166016,0.1665649265050888,24.175111770629883,-25.275577545166016,0.1665649265050888,45,45,24.17668240486786,False,False
1281,2,45,40,0.0,-25.0,24.140026092529297,-25.310405731201172,0.16644181311130524,24.140026092529297,-25.310405731201172,0.16644181311130524,45,45,24.142021693842416,False,False
1282,2,45,40,0.0,-25.0,24.1043701171875,-25.344650268554688,0.16624267399311066,24.1043701171875,-25.344650268554688,0.16624267399311066,45,45,24.106833938822753,False,False
1283,2,45,40,0.0,-25.0,24.06815528869629,-25.378307342529297,0.16609588265419006,24.06815528869629,-25.378307342529297,0.16609588265419006,45,45,24.071128254533704,False,False
1284,2,45,40,0.0,-25.0,24.031394958496094,-25.411367416381836,0.16599929332733154,24.031394958496094,-25.411367416381836,0.16599929332733154,45,45,24.034915577186705,False,False
1285,2,45,40,0.0,-25.0,23.994102478027344,-25.44382667541504,0.16595089435577393,23.994102478027344,-25.44382667541504,0.16595089435577393,45,45,23.998206929766397,False,False
1286,2,45,40,0.0,-25.0,23.956287384033203,-25.47568130493164,0.1660076230764389,23.956287384033203,-25.47568130493164,0.1660076230764389,45,45,23.96100953487248,False,False
1287,2,45,40,0.0,-25.0,23.917966842651367,-25.506925582885742,0.16610309481620789,23.917966842651367,-25.506925582885742,0.16610309481620789,45,45,23.923338216744632,False,False
1288,2,45,40,0.0,-25.0,23.879148483276367,-25.537555694580078,0.16623623669147491,23.879148483276367,-25.537555694580078,0.16623623669147491,45,45,23.885198312158423,False,False
1289,2,45,40,0.0,-25.0,23.8398494720459,-25.567567825317383,0.1664060652256012,23.8398494720459,-25.567567825317383,0.1664060652256012,45,45,23.84660470771767,False,False
1290,2,45,40,0.0,-25.0,23.800081253051758,-25.59695816040039,0.16655278205871582,23.800081253051758,-25.59695816040039,0.16655278205871582,45,45,23.807566584956437,False,False
1291,2,45,40,0.0,-25.0,23.759857177734375,-25.6257266998291,0.16662253439426422,23.759857177734375,-25.6257266998291,0.16662253439426422,45,45,23.768095148943146,False,False
1292,2,45,40,0.0,-25.0,23.71919059753418,-25.653871536254883,0.16662555932998657,23.71919059753418,-25.653871536254883,0.16662555932998657,45,45,23.72820158773265,False,False
1293,2,45,40,0.0,-25.0,23.67809295654297,-25.68138885498047,0.16651219129562378,23.67809295654297,-25.68138885498047,0.16651219129562378,45,45,23.687895154073555,False,False
1294,2,45,40,0.0,-25.0,23.636579513549805,-25.70827865600586,0.16629645228385925,23.636579513549805,-25.70827865600586,0.16629645228385925,45,45,23.6471890455275,False,False
1295,2,45,40,0.0,-25.0,23.594661712646484,-25.734540939331055,0.16604967415332794,23.594661712646484,-25.734540939331055,0.16604967415332794,45,45,23.606092682309356,False,False
1296,2,45,40,0.0,-25.0,23.552352905273438,-25.760175704956055,0.16589473187923431,23.552352905273438,-25.760175704956055,0.16589473187923431,45,45,23.56461742691673,False,False
1297,2,45,40,0.0,-25.0,23.509668350219727,-25.785184860229492,0.16582456231117249,23.509668350219727,-25.785184860229492,0.16582456231117249,45,45,23.522776647370026,False,False
1298,2,45,40,0.0,-25.0,23.466617584228516,-25.809566497802734,0.16583269834518433,23.466617584228516,-25.809566497802734,0.16583269834518433,45,45,23.48057790512805,False,False
1299,2,45,40,0.0,-25.0,23.423213958740234,-25.833324432373047,0.16585439443588257,23.423213958740234,-25.833324432373047,0.16585439443588257,45,45,23.43803280496282,False,False
1300,2,45,40,0.0,-25.0,23.379470825195312,-25.85645866394043,0.16583138704299927,23.379470825195312,-25.85645866394043,0.16583138704299927,45,45,23.39515286355696,False,False
1301,2,45,40,0.0,-25.0,23.33540153503418,-25.878971099853516,0.16576986014842987,23.33540153503418,-25.878971099853516,0.16576986014842987,45,45,23.351949704374864,False,False
1302,2,45,40,0.0,-25.0,23.291015625,-25.90086555480957,0.16561655700206757,23.291015625,-25.90086555480957,0.16561655700206757,45,45,23.30843125548857,False,False
1303,2,45,40,0.0,-25.0,23.246326446533203,-25.92214584350586,0.1653234362602234,23.246326446533203,-25.92214584350586,0.1653234362602234,45,45,23.264609307174798,False,False
1304,2,45,40,0.0,-25.0,23.20134735107422,-25.942811965942383,0.16496478021144867,23.20134735107422,-25.942811965942383,0.16496478021144867,45,45,23.22049554398706,False,False
1305,2,45,40,0.0,-25.0,23.15608787536621,-25.962871551513672,0.16448974609375,23.15608787536621,-25.962871551513672,0.16448974609375,45,45,23.1760981900836,False,False
1306,2,45,40,0.0,-25.0,23.110559463500977,-25.982324600219727,0.16391128301620483,23.110559463500977,-25.982324600219727,0.16391128301620483,45,45,23.1314271141279,False,False
1307,2,45,40,0.0,-25.0,23.064773559570312,-26.001176834106445,0.1632997691631317,23.064773559570312,-26.001176834106445,0.1632997691631317,45,45,23.086492466535603,False,False
1308,2,45,40,0.0,-25.0,23.01874351501465,-26.01943588256836,0.16277721524238586,23.01874351501465,-26.01943588256836,0.16277721524238586,45,45,23.04130644144765,False,False
1309,2,45,40,0.0,-25.0,22.97247886657715,-26.03710174560547,0.1625121682882309,22.97247886657715,-26.03710174560547,0.1625121682882309,45,45,22.99587713713203,False,False
1310,2,45,40,0.0,-25.0,22.925989151000977,-26.05418586730957,0.16242098808288574,22.925989151000977,-26.05418586730957,0.16242098808288574,45,45,22.950213210222028,False,False
1311,2,45,40,0.0,-25.0,22.87928581237793,-26.070688247680664,0.16254593431949615,22.87928581237793,-26.070688247680664,0.16254593431949615,45,45,22.904324757743886,False,False
1312,2,45,40,0.0,-25.0,22.832378387451172,-26.08661651611328,0.16292493045330048,22.832378387451172,-26.08661651611328,0.16292493045330048,45,45,22.85822036556734,False,False
1313,2,45,40,0.0,-25.0,22.785276412963867,-26.10197639465332,0.16341567039489746,22.785276412963867,-26.10197639465332,0.16341567039489746,45,45,22.8119085827894,False,False
1314,2,45,40,0.0,-25.0,22.737991333007812,-26.116775512695312,0.16400757431983948,22.737991333007812,-26.116775512695312,0.16400757431983948,45,45,22.76540000539622,False,False
1315,2,45,40,0.0,-25.0,22.690528869628906,-26.131019592285156,0.16469106078147888,22.690528869628906,-26.131019592285156,0.16469106078147888,45,45,22.71869947205596,False,False
1316,2,45,40,0.0,-25.0,22.642900466918945,-26.14471435546875,0.16545742750167847,22.642900466918945,-26.14471435546875,0.16545742750167847,45,45,22.67181758285856,False,False
1317,2,45,40,0.0,-25.0,22.595115661621094,-26.157865524291992,0.16618117690086365,22.595115661621094,-26.157865524291992,0.16618117690086365,45,45,22.624763077972304,False,False
1318,2,45,40,0.0,-25.0,22.547182083129883,-26.170482635498047,0.16680808365345,22.547182083129883,-26.170482635498047,0.16680808365345,45,45,22.57754303483476,False,False
1319,2,45,40,0.0,-25.0,22.49910545349121,-26.182571411132812,0.16728931665420532,22.49910545349121,-26.182571411132812,0.16728931665420532,45,44,22.53016247943513,False,False
1320,2,45,40,0.0,-25.0,22.450895309448242,-26.19413948059082,0.1676396280527115,22.450895309448242,-26.19413948059082,0.1676396280527115,45,44,22.482630390924253,False,False
1321,2,45,40,0.0,-25.0,22.40256118774414,-26.2051944732666,0.16787225008010864,22.40256118774414,-26.2051944732666,0.16787225008010864,45,44,22.43495579422907,False,False
1322,2,45,40,0.0,-25.0,22.354108810424805,-26.215742111206055,0.16794021427631378,22.354108810424805,-26.215742111206055,0.16794021427631378,45,44,22.38714384617367,False,False
1323,2,45,40,0.0,-25.0,22.305545806884766,-26.225791931152344,0.1678599864244461,22.305545806884766,-26.225791931152344,0.1678599864244461,45,44,22.33920185685945,False,False
1324,2,45,40,0.0,-25.0,22.256877899169922,-26.2353515625,0.1675875335931778,22.256877899169922,-26.2353515625,0.1675875335931778,45,44,22.29113517301283,False,False
1325,2,45,40,0.0,-25.0,22.208112716674805,-26.244428634643555,0.16714195907115936,22.208112716674805,-26.244428634643555,0.16714195907115936,45,44,22.24295108710294,False,False
1326,2,45,40,0.0,-25.0,22.159255981445312,-26.25303077697754,0.16665802896022797,22.159255981445312,-26.25303077697754,0.16665802896022797,45,44,22.194655027264396,False,False
1327,2,45,40,0.0,-25.0,22.110315322875977,-26.261165618896484,0.16613930463790894,22.110315322875977,-26.261165618896484,0.16613930463790894,45,44,22.1462543649099,False,False
1328,2,45,40,0.0,-25.0,22.061294555664062,-26.268842697143555,0.165706604719162,22.061294555664062,-26.268842697143555,0.165706604719162,45,44,22.097752810226368,False,False
1329,2,45,40,0.0,-25.0,22.012203216552734,-26.27606964111328,0.16535092890262604,22.012203216552734,-26.27606964111328,0.16535092890262604,45,44,22.0491597158664,False,False
1330,2,45,40,0.0,-25.0,21.963043212890625,-26.282852172851562,0.16506418585777283,21.963043212890625,-26.282852172851562,0.16506418585777283,45,44,22.000476741850186,False,False
1331,2,45,40,0.0,-25.0,21.913820266723633,-26.289203643798828,0.1648390144109726,21.913820266723633,-26.289203643798828,0.1648390144109726,45,44,21.95170983585223,False,False
1332,2,45,40,0.0,-25.0,21.864538192749023,-26.295127868652344,0.16455116868019104,21.864538192749023,-26.295127868652344,0.16455116868019104,45,44,21.902862520189927,False,False
1333,2,45,40,0.0,-25.0,21.81520652770996,-26.300634384155273,0.1642063856124878,21.81520652770996,-26.300634384155273,0.1642063856124878,45,44,21.85394439564369,False,False
1334,2,45,40,0.0,-25.0,21.765823364257812,-26.30573272705078,0.16380979120731354,21.765823364257812,-26.30573272705078,0.16380979120731354,45,44,21.804953672928608,False,False
1335,2,45,40,0.0,-25.0,21.716398239135742,-26.3104305267334,0.16336596012115479,21.716398239135742,-26.3104305267334,0.16336596012115479,45,44,21.755899904304872,False,False
1336,2,45,40,0.0,-25.0,21.66693115234375,-26.314735412597656,0.16305537521839142,21.66693115234375,-26.314735412597656,0.16305537521839142,45,44,21.706783151023146,False,False
1337,2,45,40,0.0,-25.0,21.617429733276367,-26.318655014038086,0.1630404144525528,21.617429733276367,-26.318655014038086,0.1630404144525528,45,44,21.657611117553778,False,False
1338,2,45,40,0.0,-25.0,21.567895889282227,-26.32219886779785,0.16329073905944824,21.567895889282227,-26.32219886779785,0.16329073905944824,45,44,21.608385940114154,False,False
1339,2,45,40,0.0,-25.0,21.518333435058594,-26.325376510620117,0.16366145014762878,21.518333435058594,-26.325376510620117,0.16366145014762878,45,44,21.55911168664572,False,False
1340,2,45,40,0.0,-25.0,21.4687442779541,-26.32819175720215,0.16419850289821625,21.4687442779541,-26.32819175720215,0.16419850289821625,45,44,21.50979019460875,False,False
1341,2,45,40,0.0,-25.0,21.41913414001465,-26.330657958984375,0.16488444805145264,21.41913414001465,-26.330657958984375,0.16488444805145264,45,44,21.460427719683256,False,False
1342,2,45,40,0.0,-25.0,21.369503021240234,-26.332780838012695,0.16546833515167236,21.369503021240234,-26.332780838012695,0.16546833515167236,45,44,21.411024359823827,False,False
1343,2,45,40,0.0,-25.0,21.319854736328125,-26.33456802368164,0.16590072214603424,21.319854736328125,-26.33456802368164,0.16590072214603424,45,44,21.36158415913872,False,False
1344,2,45,40,0.0,-25.0,21.270191192626953,-26.336027145385742,0.16613712906837463,21.270191192626953,-26.336027145385742,0.16613712906837463,45,44,21.312109278626384,False,False
1345,2,45,40,0.0,-25.0,21.220516204833984,-26.337167739868164,0.16619625687599182,21.220516204833984,-26.337167739868164,0.16619625687599182,45,44,21.26260392247774,False,False
1346,2,45,40,0.0,-25.0,21.17083168029785,-26.337997436523438,0.16609497368335724,21.17083168029785,-26.337997436523438,0.16609497368335724,45,44,21.213070291111716,False,False
1347,2,45,40,0.0,-25.0,21.121137619018555,-26.33852195739746,0.16584838926792145,21.121137619018555,-26.33852195739746,0.16584838926792145,45,44,21.163508578493214,False,False
1348,2,45,40,0.0,-25.0,21.071439743041992,-26.33875274658203,0.16552890837192535,21.071439743041992,-26.33875274658203,0.16552890837192535,45,44,21.11392506762138,False,False
1349,2,45,40,0.0,-25.0,21.02173614501953,-26.338695526123047,0.16514286398887634,21.02173614501953,-26.338695526123047,0.16514286398887634,45,44,21.06431808206671,False,False
1350,2,45,40,0.0,-25.0,20.972030639648438,-26.33835792541504,0.1648135632276535,20.972030639648438,-26.33835792541504,0.1648135632276535,45,44,21.014691791384287,False,False
1351,2,45,40,0.0,-25.0,20.922325134277344,-26.33774757385254,0.16465191543102264,20.922325134277344,-26.33774757385254,0.16465191543102264,45,44,20.96504847587436,False,False
1352,2,45,40,0.0,-25.0,20.872621536254883,-26.336872100830078,0.1646401584148407,20.872621536254883,-26.336872100830078,0.1646401584148407,45,44,20.91539042929175,False,False
1353,2,45,40,0.0,-25.0,20.822917938232422,-26.335737228393555,0.16470344364643097,20.822917938232422,-26.335737228393555,0.16470344364643097,45,44,20.865716029067347,False,False
1354,2,45,40,0.0,-25.0,20.77322006225586,-26.334354400634766,0.16483326256275177,20.77322006225586,-26.334354400634766,0.16483326256275177,45,44,20.816031644417787,False,False
1355,2,45,40,0.0,-25.0,20.72352409362793,-26.332727432250977,0.16496312618255615,20.72352409362793,-26.332727432250977,0.16496312618255615,45,44,20.766333650113868,False,False
1356,2,45,40,0.0,-25.0,20.6738338470459,-26.33086395263672,0.16509197652339935,20.6738338470459,-26.33086395263672,0.16509197652339935,45,44,20.716626288942138,False,False
1357,2,45,40,0.0,-25.0,20.6241512298584,-26.328771591186523,0.16516011953353882,20.6241512298584,-26.328771591186523,0.16516011953353882,45,44,20.666911909949537,False,False
1358,2,45,40,0.0,-25.0,20.574474334716797,-26.326457977294922,0.16517256200313568,20.574474334716797,-26.326457977294922,0.16517256200313568,45,44,20.617189064357184,False,False
1359,2,45,40,0.0,-25.0,20.524805068969727,-26.323930740356445,0.16513384878635406,20.524805068969727,-26.323930740356445,0.16513384878635406,45,44,20.56746011846057,False,False
1360,2,45,40,0.0,-25.0,20.47514533996582,-26.32119369506836,0.16504806280136108,20.47514533996582,-26.32119369506836,0.16504806280136108,45,44,20.517727200462833,False,False
1361,2,45,40,0.0,-25.0,20.425493240356445,-26.318254470825195,0.16491886973381042,20.425493240356445,-26.318254470825195,0.16491886973381042,45,44,20.46798888415023,False,False
1362,2,45,40,0.0,-25.0,20.375850677490234,-26.315120697021484,0.16486717760562897,20.375850677490234,-26.315120697021484,0.16486717760562897,45,44,20.41824755651458,False,False
1363,2,45,40,0.0,-25.0,20.326217651367188,-26.311800003051758,0.16488415002822876,20.326217651367188,-26.311800003051758,0.16488415002822876,45,44,20.36850370691862,False,False
1364,2,45,40,0.0,-25.0,20.276594161987305,-26.30829620361328,0.16496190428733826,20.276594161987305,-26.30829620361328,0.16496190428733826,45,44,20.31875758422071,False,False
1365,2,45,40,0.0,-25.0,20.22698211669922,-26.304616928100586,0.16509327292442322,20.22698211669922,-26.304616928100586,0.16509327292442322,45,44,20.269011591055854,False,False
1366,2,45,40,0.0,-25.0,20.177379608154297,-26.300765991210938,0.16521304845809937,20.177379608154297,-26.300765991210938,0.16521304845809937,45,44,20.21926408194551,False,False
1367,2,45,40,0.0,-25.0,20.127788543701172,-26.296754837036133,0.16526256501674652,20.127788543701172,-26.296754837036133,0.16526256501674652,45,44,20.169517712809217,False,False
1368,2,45,40,0.0,-25.0,20.078208923339844,-26.292585372924805,0.1652478277683258,20.078208923339844,-26.292585372924805,0.1652478277683258,45,44,20.119772625842046,False,False
1369,2,45,40,0.0,-25.0,20.02863883972168,-26.28826332092285,0.16523300111293793,20.02863883972168,-26.28826332092285,0.16523300111293793,45,44,20.07002730830337,False,False
1370,2,45,40,0.0,-25.0,19.97907829284668,-26.283796310424805,0.1652171015739441,19.97907829284668,-26.283796310424805,0.1652171015739441,45,44,20.02028227569126,False,False
1371,2,45,40,0.0,-25.0,19.92953109741211,-26.279190063476562,0.16514037549495697,19.92953109741211,-26.279190063476562,0.16514037549495697,45,44,19.97054172978824,False,False
1372,2,45,40,0.0,-25.0,19.879993438720703,-26.27444839477539,0.16500791907310486,19.879993438720703,-26.27444839477539,0.16500791907310486,45,44,19.92080213833077,False,False
1373,2,45,40,0.0,-25.0,19.83046531677246,-26.26957893371582,0.16482427716255188,19.83046531677246,-26.26957893371582,0.16482427716255188,45,44,19.871064021552808,False,False
1374,2,45,40,0.0,-25.0,19.780948638916016,-26.264585494995117,0.1647699624300003,19.780948638916016,-26.264585494995117,0.1647699624300003,45,44,19.821329560087168,False,False
1375,2,45,40,0.0,-25.0,19.731441497802734,-26.25947380065918,0.1648310273885727,19.731441497802734,-26.25947380065918,0.1648310273885727,45,44,19.771597250494423,False,False
1376,2,45,40,0.0,-25.0,19.681943893432617,-26.254249572753906,0.16499489545822144,19.681943893432617,-26.254249572753906,0.16499489545822144,45,44,19.721867493089565,False,False
1377,2,45,40,0.0,-25.0,19.632457733154297,-26.248916625976562,0.16525030136108398,19.632457733154297,-26.248916625976562,0.16525030136108398,45,44,19.672142470578304,False,False
1378,2,45,40,0.0,-25.0,19.582979202270508,-26.243480682373047,0.16552826762199402,19.582979202270508,-26.243480682373047,0.16552826762199402,45,44,19.62241877659312,False,False
1379,2,45,40,0.0,-25.0,19.533512115478516,-26.237947463989258,0.16582554578781128,19.533512115478516,-26.237947463989258,0.16582554578781128,45,44,19.572700618186122,False,False
1380,2,45,40,0.0,-25.0,19.484052658081055,-26.23232078552246,0.16613924503326416,19.484052658081055,-26.23232078552246,0.16613924503326416,45,44,19.52298446706615,False,False
1381,2,45,40,0.0,-25.0,19.434600830078125,-26.226604461669922,0.16646674275398254,19.434600830078125,-26.226604461669922,0.16646674275398254,45,44,19.473270601772622,False,False
1382,2,45,40,0.0,-25.0,19.38515853881836,-26.220806121826172,0.16674686968326569,19.38515853881836,-26.220806121826172,0.16674686968326569,45,44,19.42356144382926,False,False
1383,2,45,40,0.0,-25.0,19.335723876953125,-26.214927673339844,0.1669834405183792,19.335723876953125,-26.214927673339844,0.1669834405183792,45,44,19.373855246109954,False,False
1384,2,45,40,0.0,-25.0,19.286296844482422,-26.208974838256836,0.1671798676252365,19.286296844482422,-26.208974838256836,0.1671798676252365,45,44,19.324152404000305,False,False
1385,2,45,40,0.0,-25.0,19.236875534057617,-26.20294952392578,0.16733919084072113,19.236875534057617,-26.20294952392578,0.16733919084072113,45,44,19.27445116909786,False,False
1386,2,45,40,0.0,-25.0,19.187461853027344,-26.19685935974121,0.1674642264842987,19.187461853027344,-26.19685935974121,0.1674642264842987,45,44,19.224753956510853,False,False
1387,2,45,40,0.0,-25.0,19.13805389404297,-26.190706253051758,0.16755744814872742,19.13805389404297,-26.190706253051758,0.16755744814872742,45,44,19.175059015094316,False,False
1388,2,45,40,0.0,-25.0,19.088651657104492,-26.18449592590332,0.16762112081050873,19.088651657104492,-26.18449592590332,0.16762112081050873,45,44,19.125366733340297,False,False
1389,2,45,40,0.0,-25.0,19.039257049560547,-26.17823028564453,0.16759850084781647,19.039257049560547,-26.17823028564453,0.16759850084781647,45,44,19.07567916497997,False,False
1390,2,45,40,0.0,-25.0,18.989864349365234,-26.17191505432129,0.16749730706214905,18.989864349365234,-26.17191505432129,0.16749730706214905,45,44,19.025990983437303,False,False
1391,2,45,40,0.0,-25.0,18.940479278564453,-26.165552139282227,0.1673245131969452,18.940479278564453,-26.165552139282227,0.1673245131969452,45,44,18.976308046907196,False,False
1392,2,45,40,0.0,-25.0,18.891096115112305,-26.159147262573242,0.1670863777399063,18.891096115112305,-26.159147262573242,0.1670863777399063,45,44,18.92662502420181,False,False
1393,2,45,40,0.0,-25.0,18.841716766357422,-26.15270233154297,0.16678856313228607,18.841716766357422,-26.15270233154297,0.16678856313228607,45,44,18.876943962643395,False,False
1394,2,45,40,0.0,-25.0,18.792343139648438,-26.146221160888672,0.1664949506521225,18.792343139648438,-26.146221160888672,0.1664949506521225,45,44,18.827267024928517,False,False
1395,2,45,40,0.0,-25.0,18.742971420288086,-26.139707565307617,0.16620425879955292,18.742971420288086,-26.139707565307617,0.16620425879955292,45,44,18.77759066004357,False,False
1396,2,45,40,0.0,-25.0,18.693601608276367,-26.133163452148438,0.16603289544582367,18.693601608276367,-26.133163452148438,0.16603289544582367,45,44,18.72791500670157,False,False
1397,2,45,40,0.0,-25.0,18.644235610961914,-26.12659454345703,0.16596806049346924,18.644235610961914,-26.12659454345703,0.16596806049346924,45,44,18.678242336537117,False,False
1398,2,45,40,0.0,-25.0,18.594871520996094,-26.12000274658203,0.1659982055425644,18.594871520996094,-26.12000274658203,0.1659982055425644,45,44,18.62857088009445,False,False
1399,2,45,40,0.0,-25.0,18.545509338378906,-26.11338996887207,0.1661129891872406,18.545509338378906,-26.11338996887207,0.1661129891872406,45,44,18.578900770569938,False,False
1400,2,45,40,0.0,-25.0,18.49614906311035,-26.106760025024414,0.16630306839942932,18.49614906311035,-26.106760025024414,0.16630306839942932,45,44,18.52923225386821,False,False
1401,2,45,40,0.0,-25.0,18.446788787841797,-26.100116729736328,0.1665012687444687,18.446788787841797,-26.100116729736328,0.1665012687444687,45,44,18.47956366915333,False,False
1402,2,45,40,0.0,-25.0,18.397428512573242,-26.093461990356445,0.16664713621139526,18.397428512573242,-26.093461990356445,0.16664713621139526,45,44,18.429895143478088,False,False
1403,2,45,40,0.0,-25.0,18.348068237304688,-26.0867977142334,0.16674508154392242,18.348068237304688,-26.0867977142334,0.16674508154392242,45,44,18.38022680253027,False,False
1404,2,45,40,0.0,-25.0,18.298709869384766,-26.080127716064453,0.16679906845092773,18.298709869384766,-26.080127716064453,0.16679906845092773,45,44,18.33056078702804,False,False
1405,2,45,40,0.0,-25.0,18.24934959411621,-26.073455810546875,0.1668126881122589,18.24934959411621,-26.073455810546875,0.1668126881122589,45,44,18.280893522622637,False,False
1406,2,45,40,0.0,-25.0,18.199987411499023,-26.066781997680664,0.16678915917873383,18.199987411499023,-26.066781997680664,0.16678915917873383,45,44,18.23122501669316,False,False
1407,2,45,40,0.0,-25.0,18.150625228881836,-26.060110092163086,0.16661378741264343,18.150625228881836,-26.060110092163086,0.16661378741264343,45,44,18.181557403226705,False,False
1408,2,45,40,0.0,-25.0,18.101261138916016,-26.05344009399414,0.16630098223686218,18.101261138916016,-26.05344009399414,0.16630098223686218,45,44,18.13188878332496,False,False
1409,2,45,40,0.0,-25.0,18.051897048950195,-26.04677963256836,0.16586369276046753,18.051897048950195,-26.04677963256836,0.16586369276046753,45,44,18.082221508018772,False,False
1410,2,45,40,0.0,-25.0,18.00252914428711,-26.040124893188477,0.1654312014579773,18.00252914428711,-26.040124893188477,0.1654312014579773,45,44,18.032551549471226,False,False
1411,2,45,40,0.0,-25.0,17.95315933227539,-26.03348159790039,0.16506102681159973,17.95315933227539,-26.03348159790039,0.16506102681159973,45,44,17.982881143556103,False,False
1412,2,45,40,0.0,-25.0,17.90378761291504,-26.0268497467041,0.16474613547325134,17.90378761291504,-26.0268497467041,0.16474613547325134,45,44,17.933210289590548,False,False
1413,2,45,40,0.0,-25.0,17.854412078857422,-26.020233154296875,0.16453902423381805,17.854412078857422,-26.020233154296875,0.16453902423381805,45,44,17.883537300287557,False,False
1414,2,45,40,0.0,-25.0,17.805034637451172,-26.013633728027344,0.16442808508872986,17.805034637451172,-26.013633728027344,0.16442808508872986,45,44,17.83386418517957,False,False
1415,2,45,40,0.0,-25.0,17.75565528869629,-26.007051467895508,0.16434414684772491,17.75565528869629,-26.007051467895508,0.16434414684772491,45,44,17.78419093998934,False,False
1416,2,45,40,0.0,-25.0,17.706270217895508,-26.00048828125,0.16428370773792267,17.706270217895508,-26.00048828125,0.16428370773792267,45,44,17.73451385942259,False,False
1417,2,45,40,0.0,-25.0,17.656883239746094,-25.993947982788086,0.1642436683177948,17.656883239746094,-25.993947982788086,0.1642436683177948,45,44,17.684836960925452,False,False
1418,2,45,40,0.0,-25.0,17.607492446899414,-25.987430572509766,0.16416239738464355,17.607492446899414,-25.987430572509766,0.16416239738464355,45,44,17.635158332239232,False,False
1419,2,45,40,0.0,-25.0,17.558095932006836,-25.980937957763672,0.16404329240322113,17.558095932006836,-25.980937957763672,0.16404329240322113,45,44,17.58547616740976,False,False
1420,2,45,40,0.0,-25.0,17.508697509765625,-25.974472045898438,0.16388936340808868,17.508697509765625,-25.974472045898438,0.16388936340808868,45,44,17.535794371989837,False,False
1421,2,45,40,0.0,-25.0,17.459293365478516,-25.968032836914062,0.16382095217704773,17.459293365478516,-25.968032836914062,0.16382095217704773,45,43,17.486109126823667,False,False
1422,2,45,40,0.0,-25.0,17.40988540649414,-25.961624145507812,0.1638287603855133,17.40988540649414,-25.961624145507812,0.1638287603855133,45,43,17.4364225363026,False,False
1423,2,45,40,0.0,-25.0,17.3604736328125,-25.955245971679688,0.1639043688774109,17.3604736328125,-25.955245971679688,0.1639043688774109,45,43,17.386734587667355,False,False
1424,2,45,40,0.0,-25.0,17.31105613708496,-25.94890022277832,0.16404028236865997,17.31105613708496,-25.94890022277832,0.16404028236865997,45,43,17.337043468080008,False,False
1425,2,45,40,0.0,-25.0,17.261632919311523,-25.94258689880371,0.16422970592975616,17.261632919311523,-25.94258689880371,0.16422970592975616,45,43,17.287349163560492,False,False
1426,2,45,40,0.0,-25.0,17.21220588684082,-25.936307907104492,0.16446653008460999,17.21220588684082,-25.936307907104492,0.16446653008460999,45,43,17.23765366828978,False,False
1427,2,45,40,0.0,-25.0,17.16277313232422,-25.930063247680664,0.16468650102615356,17.16277313232422,-25.930063247680664,0.16468650102615356,45,43,17.187955062668635,False,False
1428,2,45,40,0.0,-25.0,17.11333656311035,-25.923856735229492,0.16494937241077423,17.11333656311035,-25.923856735229492,0.16494937241077423,45,43,17.138255441833003,False,False
1429,2,45,40,0.0,-25.0,17.063894271850586,-25.917686462402344,0.16519130766391754,17.063894271850586,-25.917686462402344,0.16519130766391754,45,43,17.088552781443248,False,False
1430,2,45,40,0.0,-25.0,17.014446258544922,-25.911556243896484,0.16541369259357452,17.014446258544922,-25.911556243896484,0.16541369259357452,45,43,17.038847269422305,False,False
1431,2,45,40,0.0,-25.0,16.96499252319336,-25.90546417236328,0.16561774909496307,16.96499252319336,-25.90546417236328,0.16561774909496307,45,43,16.989138785690113,False,False
1432,2,45,40,0.0,-25.0,16.9155330657959,-25.899412155151367,0.16580460965633392,16.9155330657959,-25.899412155151367,0.16580460965633392,45,43,16.939427414315645,False,False
1433,2,45,40,0.0,-25.0,16.86606788635254,-25.893402099609375,0.16591647267341614,16.86606788635254,-25.893402099609375,0.16591647267341614,45,43,16.889713237904274,False,False
1434,2,45,40,0.0,-25.0,16.81659698486328,-25.887432098388672,0.1659601479768753,16.81659698486328,-25.887432098388672,0.1659601479768753,45,43,16.839996136595854,False,False
1435,2,45,40,0.0,-25.0,16.767122268676758,-25.881505966186523,0.16588294506072998,16.767122268676758,-25.881505966186523,0.16588294506072998,45,43,16.790278197253865,False,False
1436,2,45,40,0.0,-25.0,16.717639923095703,-25.87562370300293,0.16569627821445465,16.717639923095703,-25.87562370300293,0.16569627821445465,45,43,16.74055559016916,False,False
1437,2,45,40,0.0,-25.0,16.66815185546875,-25.86978530883789,0.1654691845178604,16.66815185546875,-25.86978530883789,0.1654691845178604,45,43,16.690830199856343,False,False
1438,2,45,40,0.0,-25.0,16.6186580657959,-25.863988876342773,0.16520503163337708,16.6186580657959,-25.863988876342773,0.16520503163337708,45,43,16.64110190721417,False,False
1439,2,45,40,0.0,-25.0,16.56915855407715,-25.858240127563477,0.16496561467647552,16.56915855407715,-25.858240127563477,0.16496561467647552,45,43,16.591370989363963,False,False
1440,2,45,40,0.0,-25.0,16.5196533203125,-25.852535247802734,0.1648653894662857,16.5196533203125,-25.852535247802734,0.1648653894662857,45,43,16.541637227676645,False,False
1441,2,45,40,0.0,-25.0,16.470142364501953,-25.846878051757812,0.16488969326019287,16.470142364501953,-25.846878051757812,0.16488969326019287,45,43,16.49190079831646,False,False
1442,2,45,40,0.0,-25.0,16.420625686645508,-25.841266632080078,0.16502538323402405,16.420625686645508,-25.841266632080078,0.16502538323402405,45,43,16.44216158195672,False,False
1443,2,45,40,0.0,-25.0,16.371103286743164,-25.83570098876953,0.16526061296463013,16.371103286743164,-25.83570098876953,0.16526061296463013,45,43,16.392419558071445,False,False
1444,2,45,40,0.0,-25.0,16.321575164794922,-25.830183029174805,0.1655847430229187,16.321575164794922,-25.830183029174805,0.1655847430229187,45,43,16.342674803164268,False,False
1445,2,45,40,0.0,-25.0,16.27204132080078,-25.8247127532959,0.1658705770969391,16.27204132080078,-25.8247127532959,0.1658705770969391,45,43,16.292927295955657,False,False
1446,2,45,40,0.0,-25.0,16.222501754760742,-25.819290161132812,0.16606247425079346,16.222501754760742,-25.819290161132812,0.16606247425079346,45,43,16.243177015329987,False,False
1447,2,45,40,0.0,-25.0,16.172954559326172,-25.813915252685547,0.1661691814661026,16.172954559326172,-25.813915252685547,0.1661691814661026,45,43,16.193422035400157,False,False
1448,2,45,40,0.0,-25.0,16.123403549194336,-25.8085880279541,0.16619855165481567,16.123403549194336,-25.8085880279541,0.16619855165481567,45,43,16.143666145244804,False,False
1449,2,45,40,0.0,-25.0,16.0738468170166,-25.80331039428711,0.16609887778759003,16.0738468170166,-25.80331039428711,0.16609887778759003,45,43,16.09390751453743,False,False
1450,2,45,40,0.0,-25.0,16.024282455444336,-25.798080444335938,0.1658823937177658,16.024282455444336,-25.798080444335938,0.1658823937177658,45,43,16.044144121999548,False,False
1451,2,45,40,0.0,-25.0,15.974714279174805,-25.79290008544922,0.16556014120578766,15.974714279174805,-25.79290008544922,0.16556014120578766,45,43,15.994379851897252,False,False
1452,2,45,40,0.0,-25.0,15.925140380859375,-25.78776741027832,0.16525965929031372,15.925140380859375,-25.78776741027832,0.16525965929031372,45,43,15.944612684000026,False,False
1453,2,45,40,0.0,-25.0,15.87555980682373,-25.782684326171875,0.16497811675071716,15.87555980682373,-25.782684326171875,0.16497811675071716,45,43,15.894841739837243,False,False
1454,2,45,40,0.0,-25.0,15.825974464416504,-25.77764892578125,0.16471295058727264,15.825974464416504,-25.77764892578125,0.16471295058727264,45,43,15.84506881020502,False,False
1455,2,45,40,0.0,-25.0,15.776383399963379,-25.772663116455078,0.1644618809223175,15.776383399963379,-25.772663116455078,0.1644618809223175,45,43,15.795293016407456,False,False
1456,2,45,40,0.0,-25.0,15.726787567138672,-25.767724990844727,0.164222851395607,15.726787567138672,-25.767724990844727,0.164222851395607,45,43,15.745515197778541,False,False
1457,2,45,40,0.0,-25.0,15.677186012268066,-25.762836456298828,0.1640527993440628,15.677186012268066,-25.762836456298828,0.1640527993440628,45,43,15.695734475401656,False,False
1458,2,45,40,0.0,-25.0,15.627578735351562,-25.757997512817383,0.16394418478012085,15.627578735351562,-25.757997512817383,0.16394418478012085,45,43,15.645950829497378,False,False
1459,2,45,40,0.0,-25.0,15.577966690063477,-25.753206253051758,0.16389022767543793,15.577966690063477,-25.753206253051758,0.16389022767543793,45,43,15.596165100958745,False,False
1460,2,45,40,0.0,-25.0,15.528349876403809,-25.748462677001953,0.16388480365276337,15.528349876403809,-25.748462677001953,0.16388480365276337,45,43,15.546377271341228,False,False
1461,2,45,40,0.0,-25.0,15.478727340698242,-25.7437686920166,0.16392242908477783,15.478727340698242,-25.7437686920166,0.16392242908477783,45,43,15.496586461376046,False,False
1462,2,45,40,0.0,-25.0,15.429100036621094,-25.73912239074707,0.16399815678596497,15.429100036621094,-25.73912239074707,0.16399815678596497,45,43,15.446793513495436,False,False
1463,2,45,40,0.0,-25.0,15.379467964172363,-25.73452377319336,0.16404877603054047,15.379467964172363,-25.73452377319336,0.16404877603054047,45,43,15.396998409897632,False,False
1464,2,45,40,0.0,-25.0,15.329830169677734,-25.72997283935547,0.16407614946365356,15.329830169677734,-25.72997283935547,0.16407614946365356,45,43,15.347200180402885,False,False
1465,2,45,40,0.0,-25.0,15.28018856048584,-25.7254695892334,0.16408199071884155,15.28018856048584,-25.7254695892334,0.16408199071884155,45,43,15.297400712830425,False,False
1466,2,45,40,0.0,-25.0,15.230541229248047,-25.72101402282715,0.1640678495168686,15.230541229248047,-25.72101402282715,0.1640678495168686,45,43,15.247598084843986,False,False
1467,2,45,40,0.0,-25.0,15.180890083312988,-25.716604232788086,0.1640351265668869,15.180890083312988,-25.716604232788086,0.1640351265668869,45,43,15.197794094804694,False,False
1468,2,45,40,0.0,-25.0,15.131233215332031,-25.712242126464844,0.16398505866527557,15.131233215332031,-25.712242126464844,0.16398505866527557,45,43,15.147986911252547,False,False
1469,2,45,40,0.0,-25.0,15.081572532653809,-25.70792579650879,0.16391877830028534,15.081572532653809,-25.70792579650879,0.16391877830028534,45,43,15.098178333529527,False,False
1470,2,45,40,0.0,-25.0,15.031907081604004,-25.703655242919922,0.16383732855319977,15.031907081604004,-25.703655242919922,0.16383732855319977,45,43,15.048367393536925,False,False
1471,2,45,40,0.0,-25.0,14.982236862182617,-25.699432373046875,0.1637416034936905,14.982236862182617,-25.699432373046875,0.1637416034936905,45,43,14.998554164952354,False,False
1472,2,45,40,0.0,-25.0,14.932562828063965,-25.695253372192383,0.16363245248794556,14.932562828063965,-25.695253372192383,0.16363245248794556,45,43,14.948739407241755,False,False
1473,2,45,40,0.0,-25.0,14.88288402557373,-25.691120147705078,0.16351063549518585,14.88288402557373,-25.691120147705078,0.16351063549518585,45,43,14.8989222421369,False,False
1474,2,45,40,0.0,-25.0,14.83320140838623,-25.687030792236328,0.16343562304973602,14.83320140838623,-25.687030792236328,0.16343562304973602,45,43,14.849103519446288,False,False
1475,2,45,40,0.0,-25.0,14.783514976501465,-25.682985305786133,0.16340215504169464,14.783514976501465,-25.682985305786133,0.16340215504169464,45,43,14.799283225493149,False,False
1476,2,45,40,0.0,-25.0,14.733823776245117,-25.678985595703125,0.16340547800064087,14.733823776245117,-25.678985595703125,0.16340547800064087,45,43,14.74946048195046,False,False
1477,2,45,40,0.0,-25.0,14.68412971496582,-25.67502784729004,0.16344133019447327,14.68412971496582,-25.67502784729004,0.16344133019447327,45,43,14.699637005061016,False,False
1478,2,45,40,0.0,-25.0,14.634430885314941,-25.671113967895508,0.16344709694385529,14.634430885314941,-25.671113967895508,0.16344709694385529,45,43,14.649810964478835,False,False
1479,2,45,40,0.0,-25.0,14.584728240966797,-25.6672420501709,0.1633664071559906,14.584728240966797,-25.6672420501709,0.1633664071559906,45,43,14.599983212879756,False,False
1480,2,45,40,0.0,-25.0,14.535021781921387,-25.66341209411621,0.1632661670446396,14.535021781921387,-25.66341209411621,0.1632661670446396,45,43,14.55015373827881,False,False
1481,2,45,40,0.0,-25.0,14.485311508178711,-25.659624099731445,0.16314774751663208,14.485311508178711,-25.659624099731445,0.16314774751663208,45,43,14.500322528892974,False,False
1482,2,45,40,0.0,-25.0,14.43559741973877,-25.6558780670166,0.16301244497299194,14.43559741973877,-25.6558780670166,0.16301244497299194,45,43,14.450489573144644,False,False
1483,2,45,40,0.0,-25.0,14.385880470275879,-25.65217399597168,0.16286137700080872,14.385880470275879,-25.65217399597168,0.16286137700080872,45,43,14.400655812360998,False,False
1484,2,45,40,0.0,-25.0,14.336158752441406,-25.648508071899414,0.16269555687904358,14.336158752441406,-25.648508071899414,0.16269555687904358,45,43,14.350819157613305,False,False
1485,2,45,40,0.0,-25.0,14.2864351272583,-25.644882202148438,0.16251593828201294,14.2864351272583,-25.644882202148438,0.16251593828201294,45,43,14.300982543168415,False,False
1486,2,45,40,0.0,-25.0,14.236706733703613,-25.64129638671875,0.16232335567474365,14.236706733703613,-25.64129638671875,0.16232335567474365,45,43,14.25114310071653,False,False
1487,2,45,40,0.0,-25.0,14.186976432800293,-25.63774871826172,0.16217735409736633,14.186976432800293,-25.63774871826172,0.16217735409736633,45,43,14.201303592715544,False,False
1488,2,45,40,0.0,-25.0,14.137242317199707,-25.634241104125977,0.16219033300876617,14.137242317199707,-25.634241104125977,0.16219033300876617,45,43,14.151462189942956,False,False
1489,2,45,40,0.0,-25.0,14.087505340576172,-25.630769729614258,0.16234584152698517,14.087505340576172,-25.630769729614258,0.16234584152698517,45,43,14.101619664866863,False,False
1490,2,45,40,0.0,-25.0,14.037764549255371,-25.627336502075195,0.16262906789779663,14.037764549255371,-25.627336502075195,0.16262906789779663,45,43,14.051775141496066,False,False
1491,2,45,40,0.0,-25.0,13.988021850585938,-25.62394142150879,0.1628503054380417,13.988021850585938,-25.62394142150879,0.1628503054380417,45,43,14.001930516537499,False,False
1492,2,45,40,0.0,-25.0,13.938275337219238,-25.620580673217773,0.1630152314901352,13.938275337219238,-25.620580673217773,0.1630152314901352,45,43,13.952083706318046,False,False
1493,2,45,40,0.0,-25.0,13.888526916503906,-25.61725616455078,0.16312897205352783,13.888526916503906,-25.61725616455078,0.16312897205352783,45,43,13.902236693537104,False,False
1494,2,45,40,0.0,-25.0,13.838774681091309,-25.613967895507812,0.1631961464881897,13.838774681091309,-25.613967895507812,0.1631961464881897,45,43,13.852387564991393,False,False
1495,2,45,40,0.0,-25.0,13.789019584655762,-25.6107120513916,0.16316209733486176,13.789019584655762,-25.6107120513916,0.16316209733486176,45,43,13.802537097060638,False,False
1496,2,45,40,0.0,-25.0,13.739262580871582,-25.607492446899414,0.16303645074367523,13.739262580871582,-25.607492446899414,0.16303645074367523,45,43,13.752686404451236,False,False
1497,2,45,40,0.0,-25.0,13.689501762390137,-25.604307174682617,0.16288667917251587,13.689501762390137,-25.604307174682617,0.16288667917251587,45,43,13.702833490335331,False,False
1498,2,45,40,0.0,-25.0,13.639739036560059,-25.601152420043945,0.16271468997001648,13.639739036560059,-25.601152420043945,0.16271468997001648,45,43,13.652980085592485,False,False
1499,2,45,40,0.0,-25.0,13.589973449707031,-25.598031997680664,0.1626986265182495,13.589973449707031,-25.598031997680664,0.1626986265182495,45,43,13.603125399480517,False,False
1500,2,45,40,0.0,-25.0,13.540205955505371,-25.59494400024414,0.16282235085964203,13.540205955505371,-25.59494400024414,0.16282235085964203,45,43,13.55327029469012,False,False
1501,2,45,40,0.0,-25.0,13.490436553955078,-25.591888427734375,0.16313019394874573,13.490436553955078,-25.591888427734375,0.16313019394874573,45,43,13.50341476542779,False,False
1502,2,45,40,0.0,-25.0,13.440664291381836,-25.5888614654541,0.16336801648139954,13.440664291381836,-25.5888614654541,0.16336801648139954,45,43,13.45355768631939,False,False
1503,2,45,40,0.0,-25.0,13.390889167785645,-25.585866928100586,0.16348357498645782,13.390889167785645,-25.585866928100586,0.16348357498645782,45,43,13.403699219296177,False,False
1504,2,45,40,0.0,-25.0,13.34111213684082,-25.582901000976562,0.16348861157894135,13.34111213684082,-25.582901000976562,0.16348861157894135,45,43,13.3538401452429,False,False
1505,2,45,40,0.0,-25.0,13.291333198547363,-25.579965591430664,0.16339372098445892,13.291333198547363,-25.579965591430664,0.16339372098445892,45,43,13.303980542756774,False,False
1506,2,45,40,0.0,-25.0,13.241551399230957,-25.577058792114258,0.16320843994617462,13.241551399230957,-25.577058792114258,0.16320843994617462,45,43,13.254119371275923,False,False
1507,2,45,40,0.0,-25.0,13.191767692565918,-25.57417869567871,0.1629413664340973,13.191767692565918,-25.57417869567871,0.1629413664340973,45,43,13.204257496322814,False,False
1508,2,45,40,0.0,-25.0,13.141982078552246,-25.57132911682129,0.16277658939361572,13.141982078552246,-25.57132911682129,0.16277658939361572,45,43,13.154395079695464,False,False
1509,2,45,40,0.0,-25.0,13.092193603515625,-25.568504333496094,0.16270343959331512,13.092193603515625,-25.568504333496094,0.16270343959331512,45,43,13.104530916028216,False,False
1510,2,45,40,0.0,-25.0,13.042404174804688,-25.56570816040039,0.16265344619750977,13.042404174804688,-25.56570816040039,0.16265344619750977,45,43,13.054667072802214,False,False
1511,2,45,40,0.0,-25.0,12.992612838745117,-25.562936782836914,0.16262386739253998,12.992612838745117,-25.562936782836914,0.16262386739253998,45,43,13.004802428295296,False,False
1512,2,45,40,0.0,-25.0,12.942819595336914,-25.560192108154297,0.162612184882164,12.942819595336914,-25.560192108154297,0.162612184882164,45,43,12.954937061810666,False,False
1513,2,45,40,0.0,-25.0,12.893024444580078,-25.557472229003906,0.1626749485731125,12.893024444580078,-25.557472229003906,0.1626749485731125,45,43,12.905070887625918,False,False
1514,2,45,40,0.0,-25.0,12.84322738647461,-25.554777145385742,0.16280429065227509,12.84322738647461,-25.554777145385742,0.16280429065227509,45,43,12.855203902767695,False,False
1515,2,45,40,0.0,-25.0,12.793429374694824,-25.552106857299805,0.16299305856227875,12.793429374694824,-25.552106857299805,0.16299305856227875,45,43,12.805337057148549,False,False
1516,2,45,40,0.0,-25.0,12.74362850189209,-25.54945945739746,0.16317610442638397,12.74362850189209,-25.54945945739746,0.16317610442638397,45,43,12.755468360258668,False,False
1517,2,45,40,0.0,-25.0,12.693826675415039,-25.546836853027344,0.16335353255271912,12.693826675415039,-25.546836853027344,0.16335353255271912,45,43,12.705599797306197,False,False
1518,2,45,40,0.0,-25.0,12.644022941589355,-25.544235229492188,0.1635255068540573,12.644022941589355,-25.544235229492188,0.1635255068540573,45,43,12.655730248881664,False,False
1519,2,45,40,0.0,-25.0,12.594218254089355,-25.541654586791992,0.16369211673736572,12.594218254089355,-25.541654586791992,0.16369211673736572,45,43,12.60586066569952,False,False
1520,2,45,40,0.0,-25.0,12.544411659240723,-25.53909683227539,0.1638534814119339,12.544411659240723,-25.53909683227539,0.1638534814119339,45,43,12.555990174855344,False,False
1521,2,45,40,0.0,-25.0,12.494603157043457,-25.536561965942383,0.16395090520381927,12.494603157043457,-25.536561965942383,0.16395090520381927,45,42,12.506118774235926,False,False
1522,2,45,40,0.0,-25.0,12.444793701171875,-25.53404426574707,0.16393157839775085,12.444793701171875,-25.53404426574707,0.16393157839775085,45,42,12.456247169292382,False,False
1523,2,45,40,0.0,-25.0,12.39498233795166,-25.53154945373535,0.1638067662715912,12.39498233795166,-25.53154945373535,0.1638067662715912,45,42,12.406374650956659,False,False
1524,2,45,40,0.0,-25.0,12.345169067382812,-25.52907371520996,0.16358663141727448,12.345169067382812,-25.52907371520996,0.16358663141727448,45,42,12.356501054035949,False,False
1525,2,45,40,0.0,-25.0,12.295354843139648,-25.5266170501709,0.16328030824661255,12.295354843139648,-25.5266170501709,0.16328030824661255,45,42,12.30662732986777,False,False
1526,2,45,40,0.0,-25.0,12.245539665222168,-25.52417755126953,0.16295482218265533,12.245539665222168,-25.52417755126953,0.16295482218265533,45,42,12.256753395487092,False,False
1527,2,45,40,0.0,-25.0,12.195722579956055,-25.521759033203125,0.1626116931438446,12.195722579956055,-25.521759033203125,0.1626116931438446,45,42,12.206878459949499,False,False
1528,2,45,40,0.0,-25.0,12.145904541015625,-25.51935577392578,0.1622522622346878,12.145904541015625,-25.51935577392578,0.1622522622346878,45,42,12.157003230211549,False,False
1529,2,45,40,0.0,-25.0,12.096085548400879,-25.516971588134766,0.16199539601802826,12.096085548400879,-25.516971588134766,0.16199539601802826,45,42,12.107127868209338,False,False
1530,2,45,40,0.0,-25.0,12.0462646484375,-25.514604568481445,0.1618892103433609,12.0462646484375,-25.514604568481445,0.1618892103433609,45,42,12.057251338596911,False,False
1531,2,45,40,0.0,-25.0,11.996443748474121,-25.512252807617188,0.16191822290420532,11.996443748474121,-25.512252807617188,0.16191822290420532,45,42,12.007375464655693,False,False
1532,2,45,40,0.0,-25.0,11.94662094116211,-25.509916305541992,0.16206850111484528,11.94662094116211,-25.509916305541992,0.16206850111484528,45,42,11.957498339973569,False,False
1533,2,45,40,0.0,-25.0,11.896798133850098,-25.507596969604492,0.162268728017807,11.896798133850098,-25.507596969604492,0.162268728017807,45,42,11.907621950714207,False,False
1534,2,45,40,0.0,-25.0,11.846973419189453,-25.505292892456055,0.1624547243118286,11.846973419189453,-25.505292892456055,0.1624547243118286,45,42,11.857744309190853,False,False
1535,2,45,40,0.0,-25.0,11.797147750854492,-25.50300407409668,0.16262753307819366,11.797147750854492,-25.50300407409668,0.16262753307819366,45,42,11.807866367555532,False,False
1536,2,45,40,0.0,-25.0,11.747321128845215,-25.500728607177734,0.16278807818889618,11.747321128845215,-25.500728607177734,0.16278807818889618,45,42,11.757988043975013,False,False
1537,2,45,40,0.0,-25.0,11.697492599487305,-25.49846649169922,0.1629372388124466,11.697492599487305,-25.49846649169922,0.1629372388124466,45,42,11.708108385149464,False,False
1538,2,45,40,0.0,-25.0,11.647664070129395,-25.496217727661133,0.163075789809227,11.647664070129395,-25.496217727661133,0.163075789809227,45,42,11.658229296245139,False,False
1539,2,45,40,0.0,-25.0,11.597834587097168,-25.493982315063477,0.1632044017314911,11.597834587097168,-25.493982315063477,0.1632044017314911,45,42,11.60834982403885,False,False
1540,2,45,40,0.0,-25.0,11.548004150390625,-25.49176025390625,0.16332371532917023,11.548004150390625,-25.49176025390625,0.16332371532917023,45,42,11.558469968155865,False,False
1541,2,45,40,0.0,-25.0,11.49817180633545,-25.489551544189453,0.16343431174755096,11.49817180633545,-25.489551544189453,0.16343431174755096,45,42,11.50858877545052,False,False
1542,2,45,40,0.0,-25.0,11.448339462280273,-25.48735237121582,0.1635366827249527,11.448339462280273,-25.48735237121582,0.1635366827249527,45,42,11.458707989007028,False,False
1543,2,45,40,0.0,-25.0,11.398506164550781,-25.485166549682617,0.1635725200176239,11.398506164550781,-25.485166549682617,0.1635725200176239,45,42,11.408826818048958,False,False
1544,2,45,40,0.0,-25.0,11.348671913146973,-25.48299217224121,0.16354812681674957,11.348671913146973,-25.48299217224121,0.16354812681674957,45,42,11.358945181252405,False,False
1545,2,45,40,0.0,-25.0,11.298836708068848,-25.48082733154297,0.16346918046474457,11.298836708068848,-25.48082733154297,0.16346918046474457,45,42,11.309062997364672,False,False
1546,2,45,40,0.0,-25.0,11.249001502990723,-25.478673934936523,0.16334079205989838,11.249001502990723,-25.478673934936523,0.16334079205989838,45,42,11.259181300177875,False,False
1547,2,45,40,0.0,-25.0,11.199164390563965,-25.476530075073242,0.1631675809621811,11.199164390563965,-25.476530075073242,0.1631675809621811,45,42,11.209298102884286,False,False
1548,2,45,40,0.0,-25.0,11.14932632446289,-25.474395751953125,0.1629536747932434,11.14932632446289,-25.474395751953125,0.1629536747932434,45,42,11.15941435823728,False,False
1549,2,45,40,0.0,-25.0,11.099488258361816,-25.472270965576172,0.16270282864570618,11.099488258361816,-25.472270965576172,0.16270282864570618,45,42,11.109531019014172,False,False
1550,2,45,40,0.0,-25.0,11.049649238586426,-25.470155715942383,0.1624184101819992,11.049649238586426,-25.470155715942383,0.1624184101819992,45,42,11.059647132392012,False,False
1551,2,45,40,0.0,-25.0,10.999809265136719,-25.468048095703125,0.16210342943668365,10.999809265136719,-25.468048095703125,0.16210342943668365,45,42,11.0097626172992,False,False
1552,2,45,40,0.0,-25.0,10.949968338012695,-25.46595001220703,0.161760613322258,10.949968338012695,-25.46595001220703,0.161760613322258,45,42,10.959877554852346,False,False
1553,2,45,40,0.0,-25.0,10.900127410888672,-25.46385955810547,0.16145123541355133,10.900127410888672,-25.46385955810547,0.16145123541355133,45,42,10.909992816828634,False,False
1554,2,45,40,0.0,-25.0,10.850285530090332,-25.461776733398438,0.1612304002046585,10.850285530090332,-25.461776733398438,0.1612304002046585,45,42,10.86010745048113,False,False
1555,2,45,40,0.0,-25.0,10.800443649291992,-25.459701538085938,0.16114774346351624,10.800443649291992,-25.459701538085938,0.16114774346351624,45,42,10.810222408704194,False,False
1556,2,45,40,0.0,-25.0,10.750600814819336,-25.45763397216797,0.16118907928466797,10.750600814819336,-25.45763397216797,0.16118907928466797,45,42,10.760336738786403,False,False
1557,2,45,40,0.0,-25.0,10.700757026672363,-25.45557403564453,0.16134168207645416,10.700757026672363,-25.45557403564453,0.16134168207645416,45,42,10.710450440846612,False,False
1558,2,45,40,0.0,-25.0,10.65091323852539,-25.453519821166992,0.16153529286384583,10.65091323852539,-25.453519821166992,0.16153529286384583,45,42,10.660564386691108,False,False
1559,2,45,40,0.0,-25.0,10.601068496704102,-25.45147132873535,0.16176548600196838,10.601068496704102,-25.45147132873535,0.16176548600196838,45,42,10.610677623624337,False,False
1560,2,45,40,0.0,-25.0,10.551223754882812,-25.449430465698242,0.16196949779987335,10.551223754882812,-25.449430465698242,0.16196949779987335,45,42,10.56079118575408,False,False
1561,2,45,40,0.0,-25.0,10.501378059387207,-25.4473934173584,0.16214963793754578,10.501378059387207,-25.4473934173584,0.16214963793754578,45,42,10.510903958084416,False,False
1562,2,45,40,0.0,-25.0,10.451532363891602,-25.445363998413086,0.1623079925775528,10.451532363891602,-25.445363998413086,0.1623079925775528,45,42,10.46101705593467,False,False
1563,2,45,40,0.0,-25.0,10.40168571472168,-25.44333839416504,0.1623876392841339,10.40168571472168,-25.44333839416504,0.1623876392841339,45,42,10.411129364271002,False,False
1564,2,45,40,0.0,-25.0,10.351838111877441,-25.44131851196289,0.1623961478471756,10.351838111877441,-25.44131851196289,0.1623961478471756,45,42,10.36124096445592,False,False
1565,2,45,40,0.0,-25.0,10.301990509033203,-25.439302444458008,0.16239915788173676,10.301990509033203,-25.439302444458008,0.16239915788173676,45,42,10.311352728227126,False,False
1566,2,45,40,0.0,-25.0,10.252141952514648,-25.437292098999023,0.16239692270755768,10.252141952514648,-25.437292098999023,0.16239692270755768,45,42,10.261463784195598,False,False
1567,2,45,40,0.0,-25.0,10.202293395996094,-25.435285568237305,0.16238966584205627,10.202293395996094,-25.435285568237305,0.16238966584205627,45,42,10.211575004077538,False,False
1568,2,45,40,0.0,-25.0,10.152443885803223,-25.43328285217285,0.16231881082057953,10.152443885803223,-25.43328285217285,0.16231881082057953,45,42,10.161685435220393,False,False
1569,2,45,40,0.0,-25.0,10.102594375610352,-25.431283950805664,0.16219042241573334,10.102594375610352,-25.431283950805664,0.16219042241573334,45,42,10.111796030593993,False,False
1570,2,45,40,0.0,-25.0,10.052743911743164,-25.429288864135742,0.16206878423690796,10.052743911743164,-25.429288864135742,0.16206878423690796,45,42,10.061905837561799,False,False
1571,2,45,40,0.0,-25.0,10.002900123596191,-25.427297592163086,0.1619528830051422,10.002900123596191,-25.427297592163086,0.1619528830051422,45,42,10.012022478745694,False,False
1572,2,45,40,0.0,-25.0,9.953086853027344,-25.425310134887695,0.16190050542354584,9.953086853027344,-25.425310134887695,0.16190050542354584,45,42,9.962169774438896,False,False
1573,2,45,40,0.0,-25.0,9.903326034545898,-25.423328399658203,0.16190485656261444,9.903326034545898,-25.423328399658203,0.16190485656261444,45,42,9.912369720731354,False,False
1574,2,45,40,0.0,-25.0,9.853636741638184,-25.42135238647461,0.16201861202716827,9.853636741638184,-25.42135238647461,0.16201861202716827,45,42,9.862641373878997,False,False
1575,2,45,40,0.0,-25.0,9.804037094116211,-25.419382095336914,0.1621716022491455,9.804037094116211,-25.419382095336914,0.1621716022491455,45,42,9.813002837291744,False,False
1576,2,45,40,0.0,-25.0,9.75454330444336,-25.41741943359375,0.16235946118831635,9.75454330444336,-25.41741943359375,0.16235946118831635,45,42,9.763470390276323,False,False
1577,2,45,40,0.0,-25.0,9.705168724060059,-25.415462493896484,0.1625782996416092,9.705168724060059,-25.415462493896484,0.1625782996416092,45,42,9.7140572906643,False,False
1578,2,45,40,0.0,-25.0,9.655926704406738,-25.41351318359375,0.16276578605175018,9.655926704406738,-25.41351318359375,0.16276578605175018,45,42,9.664776959344742,False,False
1579,2,45,40,0.0,-25.0,9.606827735900879,-25.411571502685547,0.1629246473312378,9.606827735900879,-25.411571502685547,0.1629246473312378,45,42,9.615639877257117,False,False
1580,2,45,40,0.0,-25.0,9.557883262634277,-25.409637451171875,0.1630573719739914,9.557883262634277,-25.409637451171875,0.1630573719739914,45,42,9.56665747811361,False,False
1581,2,45,40,0.0,-25.0,9.509100914001465,-25.407711029052734,0.16310738027095795,9.509100914001465,-25.407711029052734,0.16310738027095795,45,42,9.517837384399606,False,False
1582,2,45,40,0.0,-25.0,9.460489273071289,-25.405792236328125,0.163082554936409,9.460489273071289,-25.405792236328125,0.163082554936409,45,42,9.469188171377793,False,False
1583,2,45,40,0.0,-25.0,9.412055969238281,-25.403881072998047,0.16304878890514374,9.412055969238281,-25.403881072998047,0.16304878890514374,45,42,9.420717461488803,False,False
1584,2,45,40,0.0,-25.0,9.36380672454834,-25.401979446411133,0.16300663352012634,9.36380672454834,-25.401979446411133,0.16300663352012634,45,42,9.3724310533625,False,False
1585,2,45,40,0.0,-25.0,9.315747261047363,-25.400087356567383,0.16295650601387024,9.315747261047363,-25.400087356567383,0.16295650601387024,45,42,9.324334663910156,False,False
1586,2,45,40,0.0,-25.0,9.26788330078125,-25.39820098876953,0.16289888322353363,9.26788330078125,-25.39820098876953,0.16289888322353363,45,42,9.276433846277188,False,False
1587,2,45,40,0.0,-25.0,9.22021770477295,-25.396326065063477,0.1628929078578949,9.22021770477295,-25.396326065063477,0.1628929078578949,45,42,9.228731704479076,False,False
1588,2,45,40,0.0,-25.0,9.17275619506836,-25.39445686340332,0.16293305158615112,9.17275619506836,-25.39445686340332,0.16293305158615112,45,42,9.181233709652039,False,False
1589,2,45,40,0.0,-25.0,9.125500679016113,-25.392597198486328,0.16295555233955383,9.125500679016113,-25.392597198486328,0.16295555233955383,45,42,9.133941931224594,False,False
1590,2,45,40,0.0,-25.0,9.078454971313477,-25.3907470703125,0.16296182572841644,9.078454971313477,-25.3907470703125,0.16296182572841644,45,42,9.086860180454202,False,False
1591,2,45,40,0.0,-25.0,9.031620979309082,-25.38890266418457,0.16295313835144043,9.031620979309082,-25.38890266418457,0.16295313835144043,45,42,9.039990198894344,False,False
1592,2,45,40,0.0,-25.0,8.985000610351562,-25.387069702148438,0.1629306524991989,8.985000610351562,-25.387069702148438,0.1629306524991989,45,42,8.993334138257024,False,False
1593,2,45,40,0.0,-25.0,8.938596725463867,-25.385242462158203,0.16289541125297546,8.938596725463867,-25.385242462158203,0.16289541125297546,45,42,8.946894610708403,False,False
1594,2,45,40,0.0,-25.0,8.892410278320312,-25.383426666259766,0.1628483533859253,8.892410278320312,-25.383426666259766,0.1628483533859253,45,42,8.90067281537614,False,False
1595,2,45,40,0.0,-25.0,8.846442222595215,-25.381616592407227,0.16279032826423645,8.846442222595215,-25.381616592407227,0.16279032826423645,45,42,8.854669458614245,False,False
1596,2,45,40,0.0,-25.0,8.800694465637207,-25.37981605529785,0.1627221256494522,8.800694465637207,-25.37981605529785,0.1627221256494522,45,42,8.808886610313438,False,False
1597,2,45,40,0.0,-25.0,8.755167007446289,-25.378023147583008,0.1626444160938263,8.755167007446289,-25.378023147583008,0.1626444160938263,45,42,8.763324188250973,False,False
1598,2,45,40,0.0,-25.0,8.709860801696777,-25.376237869262695,0.16255787014961243,8.709860801696777,-25.376237869262695,0.16255787014961243,45,42,8.717983145154696,False,False
1599,2,45,40,0.0,-25.0,8.664776802062988,-25.374462127685547,0.16246303915977478,8.664776802062988,-25.374462127685547,0.16246303915977478,45,42,8.672864516100761,False,False
1600,2,45,40,0.0,-25.0,8.619914054870605,-25.372692108154297,0.16236044466495514,8.619914054870605,-25.372692108154297,0.16236044466495514,45,42,8.627967183574373,False,False
1601,2,45,40,0.0,-25.0,8.575274467468262,-25.37093162536621,0.16230934858322144,8.575274467468262,-25.37093162536621,0.16230934858322144,45,42,8.583293217822044,False,False
1602,2,45,40,0.0,-25.0,8.530856132507324,-25.369178771972656,0.1623043268918991,8.530856132507324,-25.369178771972656,0.1623043268918991,45,42,8.538840630859266,False,False
1603,2,45,40,0.0,-25.0,8.48666000366211,-25.367433547973633,0.1623404324054718,8.48666000366211,-25.367433547973633,0.1623404324054718,45,42,8.494610375404786,False,False
1604,2,45,40,0.0,-25.0,8.442687034606934,-25.365697860717773,0.1623544842004776,8.442687034606934,-25.365697860717773,0.1623544842004776,45,42,8.450603486713453,False,False
1605,2,45,40,0.0,-25.0,8.398934364318848,-25.363967895507812,0.16234838962554932,8.398934364318848,-25.363967895507812,0.16234838962554932,45,42,8.406816941333767,False,False
1606,2,45,40,0.0,-25.0,8.355403900146484,-25.362245559692383,0.16232387721538544,8.355403900146484,-25.362245559692383,0.16232387721538544,45,42,8.363252727264669,False,False
1607,2,45,40,0.0,-25.0,8.312093734741211,-25.360530853271484,0.1622825264930725,8.312093734741211,-25.360530853271484,0.1622825264930725,45,42,8.319908938881769,False,False
1608,2,45,40,0.0,-25.0,8.269004821777344,-25.358823776245117,0.16222573816776276,8.269004821777344,-25.358823776245117,0.16222573816776276,45,42,8.276786528899713,False,False
1609,2,45,40,0.0,-25.0,8.22613525390625,-25.35712432861328,0.16215479373931885,8.22613525390625,-25.35712432861328,0.16215479373931885,45,42,8.2338835916988,False,False
1610,2,45,40,0.0,-25.0,8.18348503112793,-25.355432510375977,0.16207082569599152,8.18348503112793,-25.355432510375977,0.16207082569599152,45,42,8.191200127217444,False,False
1611,2,45,40,0.0,-25.0,8.141053199768066,-25.353748321533203,0.16197489202022552,8.141053199768066,-25.353748321533203,0.16197489202022552,45,42,8.148735182618308,False,False
1612,2,45,40,0.0,-25.0,8.09883975982666,-25.352069854736328,0.16192670166492462,8.09883975982666,-25.352069854736328,0.16192670166492462,45,42,8.106488675003698,False,False
1613,2,45,40,0.0,-25.0,8.056842803955078,-25.350399017333984,0.16192124783992767,8.056842803955078,-25.350399017333984,0.16192124783992767,45,42,8.06445878152969,False,False
1614,2,45,40,0.0,-25.0,8.01506233215332,-25.348735809326172,0.16195397078990936,8.01506233215332,-25.348735809326172,0.16195397078990936,45,42,8.022645502140138,False,False
1615,2,45,40,0.0,-25.0,7.9734978675842285,-25.34708023071289,0.16196200251579285,7.9734978675842285,-25.34708023071289,0.16196200251579285,45,42,7.981048360392384,False,False
1616,2,45,40,0.0,-25.0,7.932147979736328,-25.345430374145508,0.1619475781917572,7.932147979736328,-25.345430374145508,0.1619475781917572,45,42,7.939665844090507,False,False
1617,2,45,40,0.0,-25.0,7.891012191772461,-25.343788146972656,0.1619127094745636,7.891012191772461,-25.343788146972656,0.1619127094745636,45,42,7.898497559707195,False,False
1618,2,45,40,0.0,-25.0,7.850089073181152,-25.342151641845703,0.1618591845035553,7.850089073181152,-25.342151641845703,0.1618591845035553,45,42,7.857541994981371,False,False
1619,2,45,40,0.0,-25.0,7.809378623962402,-25.34052276611328,0.16184742748737335,7.809378623962402,-25.34052276611328,0.16184742748737335,45,42,7.8167992328473135,False,False
1620,2,45,40,0.0,-25.0,7.768878936767578,-25.33890151977539,0.1619318425655365,7.768878936767578,-25.33890151977539,0.1619318425655365,45,42,7.7762673677193614,False,False
1621,2,45,40,0.0,-25.0,7.7285895347595215,-25.3372859954834,0.1620437502861023,7.7285895347595215,-25.3372859954834,0.1620437502861023,45,42,7.735945840008423,False,False
1622,2,45,40,0.0,-25.0,7.688509941101074,-25.335678100585938,0.16218018531799316,7.688509941101074,-25.335678100585938,0.16218018531799316,45,42,7.695834256376824,False,False
1623,2,45,40,0.0,-25.0,7.6486382484436035,-25.334075927734375,0.1623384654521942,7.6486382484436035,-25.334075927734375,0.1623384654521942,45,42,7.655930628019433,False,False
1624,2,45,40,0.0,-25.0,7.608974456787109,-25.33247947692871,0.16245736181735992,7.608974456787109,-25.33247947692871,0.16245736181735992,45,42,7.616234954793443,False,False
1625,2,45,40,0.0,-25.0,7.569516658782959,-25.330890655517578,0.16254062950611115,7.569516658782959,-25.330890655517578,0.16254062950611115,45,42,7.57674541432544,False,False
1626,2,45,40,0.0,-25.0,7.530264854431152,-25.329309463500977,0.16253280639648438,7.530264854431152,-25.329309463500977,0.16253280639648438,45,42,7.53746200657969,False,False
1627,2,45,40,0.0,-25.0,7.491217136383057,-25.327733993530273,0.16250160336494446,7.491217136383057,-25.327733993530273,0.16250160336494446,45,41,7.498382742628871,False,False
1628,2,45,40,0.0,-25.0,7.452373027801514,-25.32616424560547,0.16244915127754211,7.452373027801514,-25.32616424560547,0.16244915127754211,45,41,7.4595071459591,False,False
1629,2,45,40,0.0,-25.0,7.413732051849365,-25.324600219726562,0.16243615746498108,7.413732051849365,-25.324600219726562,0.16243615746498108,45,41,7.420834740058906,False,False
1630,2,45,40,0.0,-25.0,7.3752923011779785,-25.323043823242188,0.16245847940444946,7.3752923011779785,-25.323043823242188,0.16245847940444946,45,41,7.382363702741155,False,False
1631,2,45,40,0.0,-25.0,7.337052822113037,-25.32149314880371,0.1625123769044876,7.337052822113037,-25.32149314880371,0.1625123769044876,45,41,7.344092997723041,False,False
1632,2,45,40,0.0,-25.0,7.299013614654541,-25.319950103759766,0.1625944823026657,7.299013614654541,-25.319950103759766,0.1625944823026657,45,41,7.306022708410386,False,False
1633,2,45,40,0.0,-25.0,7.261172771453857,-25.31841278076172,0.1627017855644226,7.261172771453857,-25.31841278076172,0.1627017855644226,45,41,7.268150845700391,False,False
1634,2,45,40,0.0,-25.0,7.223529815673828,-25.31688117980957,0.16283157467842102,7.223529815673828,-25.31688117980957,0.16283157467842102,45,41,7.230476933096894,False,False
1635,2,45,40,0.0,-25.0,7.1860833168029785,-25.31535530090332,0.16298139095306396,7.1860833168029785,-25.31535530090332,0.16298139095306396,45,41,7.1929995413486525,False,False
1636,2,45,40,0.0,-25.0,7.148832321166992,-25.3138370513916,0.1630314737558365,7.148832321166992,-25.3138370513916,0.1630314737558365,45,41,7.15571780124035,False,False
1637,2,45,40,0.0,-25.0,7.111775875091553,-25.31232261657715,0.16299158334732056,7.111775875091553,-25.31232261657715,0.16299158334732056,45,41,7.118630592632253,False,False
1638,2,45,40,0.0,-25.0,7.074913501739502,-25.310815811157227,0.16292938590049744,7.074913501739502,-25.310815811157227,0.16292938590049744,45,41,7.081737606376081,False,False
1639,2,45,40,0.0,-25.0,7.038243770599365,-25.309316635131836,0.1628468930721283,7.038243770599365,-25.309316635131836,0.1628468930721283,45,41,7.045037413325074,False,False
1640,2,45,40,0.0,-25.0,7.001765727996826,-25.30782127380371,0.16280479729175568,7.001765727996826,-25.30782127380371,0.16280479729175568,45,41,7.008528893167029,False,False
1641,2,45,40,0.0,-25.0,6.965478420257568,-25.306333541870117,0.16279883682727814,6.965478420257568,-25.306333541870117,0.16279883682727814,45,41,6.972211260564941,False,False
1642,2,45,40,0.0,-25.0,6.929380893707275,-25.30484962463379,0.16282525658607483,6.929380893707275,-25.30484962463379,0.16282525658607483,45,41,6.93608339509516,False,False
1643,2,45,40,0.0,-25.0,6.893472671508789,-25.303373336791992,0.16288062930107117,6.893472671508789,-25.303373336791992,0.16288062930107117,45,41,6.9001449879198065,False,False
1644,2,45,40,0.0,-25.0,6.857751846313477,-25.301902770996094,0.1629030853509903,6.857751846313477,-25.301902770996094,0.1629030853509903,45,41,6.86439404964131,False,False
1645,2,45,40,0.0,-25.0,6.82221794128418,-25.300437927246094,0.1628369688987732,6.82221794128418,-25.300437927246094,0.1628369688987732,45,41,6.828830103795794,False,False
1646,2,45,40,0.0,-25.0,6.786870002746582,-25.298980712890625,0.16269098222255707,6.786870002746582,-25.298980712890625,0.16269098222255707,45,41,6.793452281488549,False,False
1647,2,45,40,0.0,-25.0,6.751706600189209,-25.297527313232422,0.1625317484140396,6.751706600189209,-25.297527313232422,0.1625317484140396,45,41,6.758258985652875,False,False
1648,2,45,40,0.0,-25.0,6.7167277336120605,-25.29608154296875,0.16241924464702606,6.7167277336120605,-25.29608154296875,0.16241924464702606,45,41,6.7232503841192885,False,False
1649,2,45,40,0.0,-25.0,6.681931495666504,-25.294639587402344,0.16234861314296722,6.681931495666504,-25.294639587402344,0.16234861314296722,45,41,6.688424403343782,False,False
1650,2,45,40,0.0,-25.0,6.647317886352539,-25.29320526123047,0.16231553256511688,6.647317886352539,-25.29320526123047,0.16231553256511688,45,41,6.653781211268944,False,False
1651,2,45,40,0.0,-25.0,6.612885475158691,-25.29177474975586,0.16231608390808105,6.612885475158691,-25.29177474975586,0.16231608390808105,45,41,6.619319210625809,False,False
1652,2,45,40,0.0,-25.0,6.578632831573486,-25.29035186767578,0.162346750497818,6.578632831573486,-25.29035186767578,0.162346750497818,45,41,6.585037140344722,False,False
1653,2,45,40,0.0,-25.0,6.544559955596924,-25.2889347076416,0.16234555840492249,6.544559955596924,-25.2889347076416,0.16234555840492249,45,41,6.550934916306431,False,False
1654,2,45,40,0.0,-25.0,6.510664939880371,-25.28752326965332,0.16231557726860046,6.510664939880371,-25.28752326965332,0.16231557726860046,45,41,6.517010632949712,False,False
1655,2,45,40,0.0,-25.0,6.476947784423828,-25.286117553710938,0.1622595191001892,6.476947784423828,-25.286117553710938,0.1622595191001892,45,41,6.483264290208619,False,False
1656,2,45,40,0.0,-25.0,6.44340705871582,-25.284717559814453,0.1621798574924469,6.44340705871582,-25.284717559814453,0.1621798574924469,45,41,6.44969445890079,False,False
1657,2,45,40,0.0,-25.0,6.410041809082031,-25.283323287963867,0.1620788276195526,6.410041809082031,-25.283323287963867,0.1620788276195526,45,41,6.416300186219648,False,False
1658,2,45,40,0.0,-25.0,6.3768510818481445,-25.28193473815918,0.16195842623710632,6.3768510818481445,-25.28193473815918,0.16195842623710632,45,41,6.383080519361223,False,False
1659,2,45,40,0.0,-25.0,6.343834400177002,-25.28055191040039,0.16187924146652222,6.343834400177002,-25.28055191040039,0.16187924146652222,45,41,6.350034981895644,False,False
1660,2,45,40,0.0,-25.0,6.310990810394287,-25.2791748046875,0.16183702647686005,6.310990810394287,-25.2791748046875,0.16183702647686005,45,41,6.317162621023258,False,False
1661,2,45,40,0.0,-25.0,6.278318881988525,-25.277803421020508,0.161827951669693,6.278318881988525,-25.277803421020508,0.161827951669693,45,41,6.284462007575855,False,False
1662,2,45,40,0.0,-25.0,6.245818138122559,-25.276437759399414,0.1618485450744629,6.245818138122559,-25.276437759399414,0.1618485450744629,45,41,6.251932665130241,False,False
1663,2,45,40,0.0,-25.0,6.21348762512207,-25.27507781982422,0.1618957370519638,6.21348762512207,-25.27507781982422,0.1618957370519638,45,41,6.2195736408940725,False,False
1664,2,45,40,0.0,-25.0,6.181326389312744,-25.273723602294922,0.1619667112827301,6.181326389312744,-25.273723602294922,0.1619667112827301,45,41,6.187383982077356,False,False
1665,2,45,40,0.0,-25.0,6.149333477020264,-25.272375106811523,0.1620589792728424,6.149333477020264,-25.272375106811523,0.1620589792728424,45,41,6.155362735892395,False,False
1666,2,45,40,0.0,-25.0,6.117508411407471,-25.271032333374023,0.16217029094696045,6.117508411407471,-25.271032333374023,0.16217029094696045,45,41,6.123509425923612,False,False
1667,2,45,40,0.0,-25.0,6.085849761962891,-25.269695281982422,0.16229860484600067,6.085849761962891,-25.269695281982422,0.16229860484600067,45,41,6.091822623017462,False,False
1668,2,45,40,0.0,-25.0,6.054357051849365,-25.26836395263672,0.16244210302829742,6.054357051849365,-25.26836395263672,0.16244210302829742,45,41,6.060301850762299,False,False
1669,2,45,40,0.0,-25.0,6.023029327392578,-25.267038345336914,0.16254034638404846,6.023029327392578,-25.267038345336914,0.16254034638404846,45,41,6.028946156378523,False,False
1670,2,45,40,0.0,-25.0,5.991865158081055,-25.265718460083008,0.16259776055812836,5.991865158081055,-25.265718460083008,0.16259776055812836,45,41,5.997754110719661,False,False
1671,2,45,40,0.0,-25.0,5.960864543914795,-25.264402389526367,0.16255949437618256,5.960864543914795,-25.264402389526367,0.16255949437618256,45,41,5.966725629228127,False,False
1672,2,45,40,0.0,-25.0,5.930026531219482,-25.263093948364258,0.16249383985996246,5.930026531219482,-25.263093948364258,0.16249383985996246,45,41,5.935859928151342,False,False
1673,2,45,40,0.0,-25.0,5.899349689483643,-25.261791229248047,0.16246220469474792,5.899349689483643,-25.261791229248047,0.16246220469474792,45,41,5.905155493847893,False,False
1674,2,45,40,0.0,-25.0,5.868833541870117,-25.2604923248291,0.1624610722064972,5.868833541870117,-25.2604923248291,0.1624610722064972,45,41,5.874611765340295,False,False
1675,2,45,40,0.0,-25.0,5.838477611541748,-25.259201049804688,0.16248729825019836,5.838477611541748,-25.259201049804688,0.16248729825019836,45,41,5.8442284353620275,False,False
1676,2,45,40,0.0,-25.0,5.8082804679870605,-25.25791358947754,0.16253800690174103,5.8082804679870605,-25.25791358947754,0.16253800690174103,45,41,5.814003905609041,False,False
1677,2,45,40,0.0,-25.0,5.778241157531738,-25.25663185119629,0.1625518798828125,5.778241157531738,-25.25663185119629,0.1625518798828125,45,41,5.783937307893487,False,False
1678,2,45,40,0.0,-25.0,5.748359680175781,-25.255355834960938,0.1625324785709381,5.748359680175781,-25.255355834960938,0.1625324785709381,45,41,5.754028642187942,False,False
1679,2,45,40,0.0,-25.0,5.718634605407715,-25.254085540771484,0.16248302161693573,5.718634605407715,-25.254085540771484,0.16248302161693573,45,41,5.72427647936364,False,False
1680,2,45,40,0.0,-25.0,5.689064979553223,-25.25282096862793,0.16246524453163147,5.689064979553223,-25.25282096862793,0.16246524453163147,45,41,5.6946798666612395,False,False
1681,2,45,40,0.0,-25.0,5.6596503257751465,-25.251562118530273,0.1624758392572403,5.6596503257751465,-25.251562118530273,0.1624758392572403,45,41,5.665238327689856,False,False
1682,2,45,40,0.0,-25.0,5.63038969039917,-25.250308990478516,0.1625118851661682,5.63038969039917,-25.250308990478516,0.1625118851661682,45,41,5.6359509096928475,False,False
1683,2,45,40,0.0,-25.0,5.601282596588135,-25.249059677124023,0.1625707447528839,5.601282596588135,-25.249059677124023,0.1625707447528839,45,41,5.6068170515552085,False,False
1684,2,45,40,0.0,-25.0,5.572327613830566,-25.247817993164062,0.16265003383159637,5.572327613830566,-25.247817993164062,0.16265003383159637,45,41,5.577835493593776,False,False
1685,2,45,40,0.0,-25.0,5.543524742126465,-25.246580123901367,0.16268880665302277,5.543524742126465,-25.246580123901367,0.16268880665302277,45,41,5.5490060663213825,False,False
1686,2,45,40,0.0,-25.0,5.5148725509643555,-25.24534797668457,0.16269104182720184,5.5148725509643555,-25.24534797668457,0.16269104182720184,45,41,5.5203274253474595,False,False
1687,2,45,40,0.0,-25.0,5.48637056350708,-25.244121551513672,0.16271908581256866,5.48637056350708,-25.244121551513672,0.16271908581256866,45,41,5.491799094288723,False,False
1688,2,45,40,0.0,-25.0,5.458017349243164,-25.242900848388672,0.16277027130126953,5.458017349243164,-25.242900848388672,0.16277027130126953,45,41,5.46341964403132,False,False
1689,2,45,40,0.0,-25.0,5.429813385009766,-25.241683959960938,0.16284218430519104,5.429813385009766,-25.241683959960938,0.16284218430519104,45,41,5.435189466111886,False,False
1690,2,45,40,0.0,-25.0,5.401756763458252,-25.240474700927734,0.16287387907505035,5.401756763458252,-25.240474700927734,0.16287387907505035,45,41,5.407106824666335,False,False
1691,2,45,40,0.0,-25.0,5.373847007751465,-25.239269256591797,0.16286928951740265,5.373847007751465,-25.239269256591797,0.16286928951740265,45,41,5.379171073675698,False,False
1692,2,45,40,0.0,-25.0,5.346083641052246,-25.238069534301758,0.1628907471895218,5.346083641052246,-25.238069534301758,0.1628907471895218,45,41,5.3513818215755355,False,False
1693,2,45,40,0.0,-25.0,5.318465709686279,-25.236875534057617,0.16293558478355408,5.318465709686279,-25.236875534057617,0.16293558478355408,45,41,5.323738115623632,False,False
1694,2,45,40,0.0,-25.0,5.290992736816406,-25.235687255859375,0.16300134360790253,5.290992736816406,-25.235687255859375,0.16300134360790253,45,41,5.296239479443739,False,False
1695,2,45,40,0.0,-25.0,5.263663291931152,-25.23450469970703,0.16308587789535522,5.263663291931152,-25.23450469970703,0.16308587789535522,45,41,5.268884483930937,False,False
1696,2,45,40,0.0,-25.0,5.236477375030518,-25.233325958251953,0.16312842071056366,5.236477375030518,-25.233325958251953,0.16312842071056366,45,41,5.241673044172127,False,False
1697,2,45,40,0.0,-25.0,5.209433555603027,-25.232152938842773,0.16313309967517853,5.209433555603027,-25.232152938842773,0.16313309967517853,45,41,5.214603815943848,False,False
1698,2,45,40,0.0,-25.0,5.182531356811523,-25.230985641479492,0.16316241025924683,5.182531356811523,-25.230985641479492,0.16316241025924683,45,41,5.187676322873699,False,False
1699,2,45,40,0.0,-25.0,5.155770301818848,-25.22982406616211,0.1632138192653656,5.155770301818848,-25.22982406616211,0.1632138192653656,45,41,5.160890088589806,False,False
1700,2,45,40,0.0,-25.0,5.129149436950684,-25.228666305541992,0.163285031914711,5.129149436950684,-25.228666305541992,0.163285031914711,45,41,5.13424407540796,False,False
1701,2,45,40,0.0,-25.0,5.102668285369873,-25.227514266967773,0.16331520676612854,5.102668285369873,-25.227514266967773,0.16331520676612854,45,41,5.107737891884567,False,False
1702,2,45,40,0.0,-25.0,5.076325416564941,-25.226367950439453,0.16330835223197937,5.076325416564941,-25.226367950439453,0.16330835223197937,45,41,5.081370108922335,False,False
1703,2,45,40,0.0,-25.0,5.050120830535889,-25.22522735595703,0.1633269190788269,5.050120830535889,-25.22522735595703,0.1633269190788269,45,41,5.055140726516314,False,False
1704,2,45,40,0.0,-25.0,5.024053573608398,-25.224090576171875,0.16336828470230103,5.024053573608398,-25.224090576171875,0.16336828470230103,45,41,5.029048706944123,False,False
1705,2,45,40,0.0,-25.0,4.998122692108154,-25.222959518432617,0.1634300947189331,4.998122692108154,-25.222959518432617,0.1634300947189331,45,41,5.003093182444853,False,False
1706,2,45,40,0.0,-25.0,4.972327709197998,-25.221834182739258,0.16351023316383362,4.972327709197998,-25.221834182739258,0.16351023316383362,45,41,4.977273676651687,False,False
1707,2,45,40,0.0,-25.0,4.9466681480407715,-25.220714569091797,0.16354800760746002,4.9466681480407715,-25.220714569091797,0.16354800760746002,45,41,4.951589713198226,False,False
1708,2,45,40,0.0,-25.0,4.921142578125,-25.2195987701416,0.1635475754737854,4.921142578125,-25.2195987701416,0.1635475754737854,45,41,4.926039777963885,False,False
1709,2,45,40,0.0,-25.0,4.895750999450684,-25.218488693237305,0.16357149183750153,4.895750999450684,-25.218488693237305,0.16357149183750153,45,41,4.900623955956518,False,False
1710,2,45,40,0.0,-25.0,4.870492458343506,-25.217384338378906,0.16361726820468903,4.870492458343506,-25.217384338378906,0.16361726820468903,45,41,4.875341294448359,False,False
1711,2,45,40,0.0,-25.0,4.84536600112915,-25.216283798217773,0.16368263959884644,4.84536600112915,-25.216283798217773,0.16368263959884644,45,41,4.850190755657946,False,False
1712,2,45,40,0.0,-25.0,4.820371627807617,-25.21518898010254,0.1637655645608902,4.820371627807617,-25.21518898010254,0.1637655645608902,45,41,4.825172424621759,False,False
1713,2,45,40,0.0,-25.0,4.795507907867432,-25.214099884033203,0.16380545496940613,4.795507907867432,-25.214099884033203,0.16380545496940613,45,41,4.800284872251032,False,False
1714,2,45,40,0.0,-25.0,4.770774841308594,-25.213014602661133,0.16380654275417328,4.770774841308594,-25.213014602661133,0.16380654275417328,45,41,4.775528013467193,False,False
1715,2,45,40,0.0,-25.0,4.746170997619629,-25.21193504333496,0.16377264261245728,4.746170997619629,-25.21193504333496,0.16377264261245728,45,41,4.750900504245389,False,False
1716,2,45,40,0.0,-25.0,4.721695899963379,-25.210861206054688,0.163766011595726,4.721695899963379,-25.210861206054688,0.163766011595726,45,41,4.726401868223841,False,False
1717,2,45,40,0.0,-25.0,4.697349548339844,-25.20979118347168,0.16378383338451385,4.697349548339844,-25.20979118347168,0.16378383338451385,45,41,4.702032020302603,False,False
1718,2,45,40,0.0,-25.0,4.673130512237549,-25.20872688293457,0.16382361948490143,4.673130512237549,-25.20872688293457,0.16382361948490143,45,41,4.677789616481823,False,False
1719,2,45,40,0.0,-25.0,4.649038314819336,-25.20766830444336,0.16388310492038727,4.649038314819336,-25.20766830444336,0.16388310492038727,45,41,4.65367418040075,False,False
1720,2,45,40,0.0,-25.0,4.625072479248047,-25.206613540649414,0.163960263133049,4.625072479248047,-25.206613540649414,0.163960263133049,45,41,4.629685150577452,False,False
1721,2,45,40,0.0,-25.0,4.601232051849365,-25.205564498901367,0.164053276181221,4.601232051849365,-25.205564498901367,0.164053276181221,45,41,4.60582165939743,False,False
1722,2,45,40,0.0,-25.0,4.577516555786133,-25.20452117919922,0.16410169005393982,4.577516555786133,-25.20452117919922,0.16410169005393982,45,41,4.582083230500858,False,False
1723,2,45,40,0.0,-25.0,4.553925514221191,-25.203481674194336,0.16410993039608002,4.553925514221191,-25.203481674194336,0.16410993039608002,45,41,4.558469302387334,False,False
1724,2,45,40,0.0,-25.0,4.530457973480225,-25.20244598388672,0.16408194601535797,4.530457973480225,-25.20244598388672,0.16408194601535797,45,41,4.5349789223173245,False,False
1725,2,45,40,0.0,-25.0,4.507113456726074,-25.201417922973633,0.16408009827136993,4.507113456726074,-25.201417922973633,0.16408009827136993,45,41,4.5116117842181716,False,False
1726,2,45,40,0.0,-25.0,4.483891010284424,-25.20039176940918,0.1641017496585846,4.483891010284424,-25.20039176940918,0.1641017496585846,45,41,4.488366679913352,False,False
1727,2,45,40,0.0,-25.0,4.460790634155273,-25.199373245239258,0.16408567130565643,4.460790634155273,-25.199373245239258,0.16408567130565643,45,41,4.4652438648616535,False,False
1728,2,45,40,0.0,-25.0,4.437810897827148,-25.1983585357666,0.1640356034040451,4.437810897827148,-25.1983585357666,0.1640356034040451,45,41,4.44224173966083,False,False
1729,2,45,40,0.0,-25.0,4.414951801300049,-25.19734764099121,0.16395489871501923,4.414951801300049,-25.19734764099121,0.16395489871501923,45,41,4.419360304298275,False,False
1730,2,45,40,0.0,-25.0,4.392212867736816,-25.19634246826172,0.16390535235404968,4.392212867736816,-25.19634246826172,0.16390535235404968,45,41,4.396599167578956,False,False
1731,2,45,40,0.0,-25.0,4.369592666625977,-25.195343017578125,0.16388380527496338,4.369592666625977,-25.195343017578125,0.16388380527496338,45,41,4.373956900421864,False,False
1732,2,45,40,0.0,-25.0,4.347090721130371,-25.194347381591797,0.1638874113559723,4.347090721130371,-25.194347381591797,0.1638874113559723,45,41,4.351432941281453,False,False
1733,2,45,40,0.0,-25.0,4.32470703125,-25.193355560302734,0.16385480761528015,4.32470703125,-25.193355560302734,0.16385480761528015,45,41,4.329027290147658,False,False
1734,2,45,40,0.0,-25.0,4.302440643310547,-25.19236946105957,0.1637895554304123,4.302440643310547,-25.19236946105957,0.1637895554304123,45,41,4.30673907948448,False,False
1735,2,45,40,0.0,-25.0,4.2802910804748535,-25.191389083862305,0.1637537032365799,4.2802910804748535,-25.191389083862305,0.1637537032365799,45,41,4.284567832934174,False,False
1736,2,45,40,0.0,-25.0,4.2582573890686035,-25.190412521362305,0.1637442260980606,4.2582573890686035,-25.190412521362305,0.1637442260980606,45,41,4.262512512573882,False,False
1737,2,45,40,0.0,-25.0,4.236339092254639,-25.189441680908203,0.163699671626091,4.236339092254639,-25.189441680908203,0.163699671626091,45,41,4.2405727272421805,False,False
1738,2,45,40,0.0,-25.0,4.214536190032959,-25.188474655151367,0.16368228197097778,4.214536190032959,-25.188474655151367,0.16368228197097778,45,41,4.218748391730888,False,False
1739,2,45,40,0.0,-25.0,4.192846775054932,-25.187511444091797,0.16363051533699036,4.192846775054932,-25.187511444091797,0.16363051533699036,45,41,4.197037600588531,False,False
1740,2,45,40,0.0,-25.0,4.171271324157715,-25.186553955078125,0.16360655426979065,4.171271324157715,-25.186553955078125,0.16360655426979065,45,41,4.175440915387949,False,False
1741,2,45,40,0.0,-25.0,4.14980936050415,-25.18560218811035,0.16360756754875183,4.14980936050415,-25.18560218811035,0.16360756754875183,45,41,4.153957859771716,False,False
1742,2,45,40,0.0,-25.0,4.128459453582764,-25.184654235839844,0.16357223689556122,4.128459453582764,-25.184654235839844,0.16357223689556122,45,41,4.132586919435632,False,False
1743,2,45,40,0.0,-25.0,4.1072211265563965,-25.1837100982666,0.16350413858890533,4.1072211265563965,-25.1837100982666,0.16350413858890533,45,41,4.111327618012984,False,False
1744,2,45,40,0.0,-25.0,4.086094856262207,-25.182771682739258,0.16346530616283417,4.086094856262207,-25.182771682739258,0.16346530616283417,45,41,4.090180517090145,False,False
1745,2,45,40,0.0,-25.0,4.0650787353515625,-25.18183708190918,0.16345278918743134,4.0650787353515625,-25.18183708190918,0.16345278918743134,45,41,4.069143625993645,False,False
1746,2,45,40,0.0,-25.0,4.044172763824463,-25.180906295776367,0.16346390545368195,4.044172763824463,-25.180906295776367,0.16346390545368195,45,41,4.048216944719134,False,False
1747,2,45,40,0.0,-25.0,4.02337646484375,-25.179981231689453,0.16343744099140167,4.02337646484375,-25.179981231689453,0.16343744099140167,45,41,4.027400082139723,False,False
1748,2,45,40,0.0,-25.0,4.002689361572266,-25.179059982299805,0.16337713599205017,4.002689361572266,-25.179059982299805,0.16337713599205017,45,41,4.006692476657648,False,False
1749,2,45,40,0.0,-25.0,3.9821105003356934,-25.178144454956055,0.16328632831573486,3.9821105003356934,-25.178144454956055,0.16328632831573486,45,41,3.98609326078999,False,False
1750,2,45,40,0.0,-25.0,3.961639404296875,-25.17723274230957,0.16322684288024902,3.961639404296875,-25.17723274230957,0.16322684288024902,45,41,3.9656018729348346,False,False
1751,2,45,40,0.0,-25.0,3.9412758350372314,-25.176326751708984,0.16319549083709717,3.9412758350372314,-25.176326751708984,0.16319549083709717,45,41,3.9452181601549827,False,False
1752,2,45,40,0.0,-25.0,3.9210188388824463,-25.175424575805664,0.16318942606449127,3.9210188388824463,-25.175424575805664,0.16318942606449127,45,41,3.924941084483644,False,False
1753,2,45,40,0.0,-25.0,3.9008679389953613,-25.17452621459961,0.163206085562706,3.9008679389953613,-25.17452621459961,0.163206085562706,45,41,3.90477016955728,False,False
1754,2,45,40,0.0,-25.0,3.8808228969573975,-25.17363166809082,0.1632431447505951,3.8808228969573975,-25.17363166809082,0.1632431447505951,45,41,3.8847051771933487,False,False
1755,2,45,40,0.0,-25.0,3.860882520675659,-25.17274284362793,0.1632397621870041,3.860882520675659,-25.17274284362793,0.1632397621870041,45,41,3.864745001741188,False,False
1756,2,45,40,0.0,-25.0,3.8410470485687256,-25.171857833862305,0.16319991648197174,3.8410470485687256,-25.171857833862305,0.16319991648197174,45,41,3.8448897961291895,False,False
1757,2,45,40,0.0,-25.0,3.821315288543701,-25.170978546142578,0.16312724351882935,3.821315288543701,-25.170978546142578,0.16312724351882935,45,41,3.8251384547096934,False,False
1758,2,45,40,0.0,-25.0,3.801687002182007,-25.170101165771484,0.1630837768316269,3.801687002182007,-25.170101165771484,0.1630837768316269,45,41,3.805490568790893,False,False
1759,2,45,40,0.0,-25.0,3.7821614742279053,-25.16922950744629,0.163066565990448,3.7821614742279053,-25.16922950744629,0.163066565990448,45,41,3.785945594342887,False,False
1760,2,45,40,0.0,-25.0,3.7627384662628174,-25.168363571166992,0.16307295858860016,3.7627384662628174,-25.168363571166992,0.16307295858860016,45,41,3.766503293187192,False,False
1761,2,45,40,0.0,-25.0,3.743417263031006,-25.167499542236328,0.16304175555706024,3.743417263031006,-25.167499542236328,0.16304175555706024,45,41,3.7471627802656142,False,False
1762,2,45,40,0.0,-25.0,3.7241971492767334,-25.166641235351562,0.1629766970872879,3.7241971492767334,-25.166641235351562,0.1629766970872879,45,41,3.7279235115544473,False,False
1763,2,45,40,0.0,-25.0,3.705077886581421,-25.165786743164062,0.1629399210214615,3.705077886581421,-25.165786743164062,0.1629399210214615,45,41,3.7087851636140363,False,False
1764,2,45,40,0.0,-25.0,3.68605899810791,-25.16493797302246,0.16292858123779297,3.68605899810791,-25.16493797302246,0.16292858123779297,45,41,3.6897473453445357,False,False
1765,2,45,40,0.0,-25.0,3.6671395301818848,-25.164091110229492,0.16294008493423462,3.6671395301818848,-25.164091110229492,0.16294008493423462,45,41,3.670808933502119,False,False
1766,2,45,40,0.0,-25.0,3.6483192443847656,-25.163249969482422,0.16291333734989166,3.6483192443847656,-25.163249969482422,0.16291333734989166,45,41,3.6519698604293325,False,False
1767,2,45,40,0.0,-25.0,3.6295976638793945,-25.162412643432617,0.16285212337970734,3.6295976638793945,-25.162412643432617,0.16285212337970734,45,41,3.6332295645039454,False,False
1768,2,45,40,0.0,-25.0,3.6109743118286133,-25.161579132080078,0.16281867027282715,3.6109743118286133,-25.161579132080078,0.16281867027282715,45,41,3.6145875693652627,False,False
1769,2,45,40,0.0,-25.0,3.5924484729766846,-25.160751342773438,0.16281016170978546,3.5924484729766846,-25.160751342773438,0.16281016170978546,45,41,3.596043245734953,False,False
1770,2,45,40,0.0,-25.0,3.57401967048645,-25.159927368164062,0.16282407939434052,3.57401967048645,-25.159927368164062,0.16282407939434052,45,41,3.5775960319901907,False,False
1771,2,45,40,0.0,-25.0,3.555687665939331,-25.15910530090332,0.16279934346675873,3.555687665939331,-25.15910530090332,0.16279934346675873,45,41,3.5592456046876877,False,False
1772,2,45,40,0.0,-25.0,3.5374515056610107,-25.158288955688477,0.1627398133277893,3.5374515056610107,-25.158288955688477,0.1627398133277893,45,41,3.5409911816321005,False,False
1773,2,45,40,0.0,-25.0,3.5193111896514893,-25.15747833251953,0.16276651620864868,3.5193111896514893,-25.15747833251953,0.16276651620864868,45,41,3.522832762823026,False,False
1774,2,45,40,0.0,-25.0,3.50126576423645,-25.15666961669922,0.1628120243549347,3.50126576423645,-25.15666961669922,0.1628120243549347,45,41,3.504769225014813,False,False
1775,2,45,40,0.0,-25.0,3.4833149909973145,-25.155866622924805,0.16287440061569214,3.4833149909973145,-25.155866622924805,0.16287440061569214,45,41,3.486800500551846,False,False
1776,2,45,40,0.0,-25.0,3.4654581546783447,-25.155065536499023,0.1628931611776352,3.4654581546783447,-25.155065536499023,0.1628931611776352,45,41,3.468925704369635,False,False
1777,2,45,40,0.0,-25.0,3.447695016860962,-25.15427017211914,0.16287262737751007,3.447695016860962,-25.15427017211914,0.16287262737751007,45,41,3.4511447688112966,False,False
1778,2,45,40,0.0,-25.0,3.430025100708008,-25.153478622436523,0.16287551820278168,3.430025100708008,-25.153478622436523,0.16287551820278168,45,41,3.4334571322548926,False,False
1779,2,45,40,0.0,-25.0,3.412447690963745,-25.152690887451172,0.162899449467659,3.412447690963745,-25.152690887451172,0.162899449467659,45,41,3.415862080159915,False,False
1780,2,45,40,0.0,-25.0,3.3949625492095947,-25.151906967163086,0.1629422903060913,3.3949625492095947,-25.151906967163086,0.1629422903060913,45,41,3.3983593743464504,False,False
1781,2,45,40,0.0,-25.0,3.3775689601898193,-25.151126861572266,0.1630021333694458,3.3775689601898193,-25.151126861572266,0.1630021333694458,45,41,3.380948300274114,False,False
1782,2,45,40,0.0,-25.0,3.3602664470672607,-25.150352478027344,0.16301845014095306,3.3602664470672607,-25.150352478027344,0.16301845014095306,45,41,3.3636284668397898,False,False
1783,2,45,40,0.0,-25.0,3.34305477142334,-25.149580001831055,0.1629955768585205,3.34305477142334,-25.149580001831055,0.1629955768585205,45,41,3.346399465348412,False,False
1784,2,45,40,0.0,-25.0,3.3259332180023193,-25.148813247680664,0.16299621760845184,3.3259332180023193,-25.148813247680664,0.16299621760845184,45,41,3.3292607517730612,False,False
1785,2,45,40,0.0,-25.0,3.30890154838562,-25.148048400878906,0.16301797330379486,3.30890154838562,-25.148048400878906,0.16301797330379486,45,41,3.3122119174218843,False,False
1786,2,45,40,0.0,-25.0,3.291959047317505,-25.147289276123047,0.16305872797966003,3.291959047317505,-25.147289276123047,0.16305872797966003,45,41,3.2952524182642557,False,False
1787,2,45,40,0.0,-25.0,3.2751054763793945,-25.146533966064453,0.16311655938625336,3.2751054763793945,-25.146533966064453,0.16311655938625336,45,41,3.2783819308648097,False,False
1788,2,45,40,0.0,-25.0,3.2583401203155518,-25.145780563354492,0.16313092410564423,3.2583401203155518,-25.145780563354492,0.16313092410564423,45,41,3.2615996554313527,False,False
1789,2,45,40,0.0,-25.0,3.2416627407073975,-25.14503288269043,0.16310615837574005,3.2416627407073975,-25.14503288269043,0.16310615837574005,45,41,3.2449055242875855,False,False
1790,2,45,40,0.0,-25.0,3.2250726222991943,-25.144289016723633,0.16310495138168335,3.2250726222991943,-25.144289016723633,0.16310495138168335,45,41,3.2282987376404426,False,False
1791,2,45,40,0.0,-25.0,3.2085697650909424,-25.1435489654541,0.1631249338388443,3.2085697650909424,-25.1435489654541,0.1631249338388443,45,41,3.2117792954900697,False,False
1792,2,45,40,0.0,-25.0,3.192153215408325,-25.142810821533203,0.163163959980011,3.192153215408325,-25.142810821533203,0.163163959980011,45,41,3.195346159868864,False,False
1793,2,45,40,0.0,-25.0,3.1758227348327637,-25.142078399658203,0.1632200926542282,3.1758227348327637,-25.142078399658203,0.1632200926542282,45,41,3.1789992630905233,False,False
1794,2,45,40,0.0,-25.0,3.1595778465270996,-25.14134979248047,0.16323281824588776,3.1595778465270996,-25.14134979248047,0.16323281824588776,45,41,3.1627380435469354,False,False
1795,2,45,40,0.0,-25.0,3.143418073654175,-25.140625,0.16320644319057465,3.143418073654175,-25.140625,0.16320644319057465,45,41,3.1465620248774253,False,False
1796,2,45,40,0.0,-25.0,3.12734317779541,-25.139902114868164,0.1632036715745926,3.12734317779541,-25.139902114868164,0.1632036715745926,45,41,3.130470883660808,False,False
1797,2,45,40,0.0,-25.0,3.1113524436950684,-25.139184951782227,0.16322211921215057,3.1113524436950684,-25.139184951782227,0.16322211921215057,45,41,3.114464075838714,False,False
1798,2,45,40,0.0,-25.0,3.095445394515991,-25.138469696044922,0.16325965523719788,3.095445394515991,-25.138469696044922,0.16325965523719788,45,41,3.098540954570882,False,False
1799,2,45,40,0.0,-25.0,3.0796220302581787,-25.137760162353516,0.1633143275976181,3.0796220302581787,-25.137760162353516,0.1633143275976181,45,41,3.082701690333201,False,False
1800,2,45,40,0.0,-25.0,3.0638813972473145,-25.137052536010742,0.16338442265987396,3.0638813972473145,-25.137052536010742,0.16338442265987396,45,41,3.066945159931154,False,False
1801,2,45,40,0.0,-25.0,3.0482234954833984,-25.136350631713867,0.16340956091880798,3.0482234954833984,-25.136350631713867,0.16340956091880798,45,41,3.0512715338340177,False,False
1802,2,45,40,0.0,-25.0,3.0326473712921143,-25.135650634765625,0.1633942425251007,3.0326473712921143,-25.135650634765625,0.1633942425251007,45,41,3.0356796888534348,False,False
1803,2,45,40,0.0,-25.0,3.017153024673462,-25.13495445251465,0.16334249079227448,3.017153024673462,-25.13495445251465,0.16334249079227448,45,41,3.02016971022321,False,False
1804,2,45,40,0.0,-25.0,3.001739978790283,-25.134262084960938,0.1633167415857315,3.001739978790283,-25.134262084960938,0.1633167415857315,45,41,3.0047411215820152,False,False
1805,2,45,40,0.0,-25.0,2.98640775680542,-25.133573532104492,0.1633143424987793,2.98640775680542,-25.133573532104492,0.1633143424987793,45,41,2.989393446568459,False,False
1806,2,45,40,0.0,-25.0,2.971155881881714,-25.132888793945312,0.1633329838514328,2.971155881881714,-25.132888793945312,0.1633329838514328,45,41,2.974126208821096,False,False
1807,2,45,40,0.0,-25.0,2.955983877182007,-25.1322078704834,0.1633705049753189,2.955983877182007,-25.1322078704834,0.1633705049753189,45,41,2.9589389319784423,False,False
1808,2,45,40,0.0,-25.0,2.9408915042877197,-25.13153076171875,0.1634250283241272,2.9408915042877197,-25.13153076171875,0.1634250283241272,45,41,2.943831377859473,False,False
1809,2,45,40,0.0,-25.0,2.9258782863616943,-25.130855560302734,0.16349482536315918,2.9258782863616943,-25.130855560302734,0.16349482536315918,45,41,2.9288029848839248,False,False
1810,2,45,40,0.0,-25.0,2.9109437465667725,-25.130186080932617,0.16351956129074097,2.9109437465667725,-25.130186080932617,0.16351956129074097,45,41,2.913853447128869,False,False
1811,2,45,40,0.0,-25.0,2.896087408065796,-25.129518508911133,0.1635037213563919,2.896087408065796,-25.129518508911133,0.1635037213563919,45,41,2.89898211779718,False,False
1812,2,45,40,0.0,-25.0,2.8813090324401855,-25.128854751586914,0.16351014375686646,2.8813090324401855,-25.128854751586914,0.16351014375686646,45,41,2.884188843926126,False,False
1813,2,45,40,0.0,-25.0,2.866608142852783,-25.12819480895996,0.16353659331798553,2.866608142852783,-25.12819480895996,0.16353659331798553,45,41,2.8694731491537193,False,False
1814,2,45,40,0.0,-25.0,2.8519842624664307,-25.12753677368164,0.16358104348182678,2.8519842624664307,-25.12753677368164,0.16358104348182678,45,41,2.85483447190854,False,False
1815,2,45,40,0.0,-25.0,2.837437152862549,-25.12688446044922,0.16358289122581482,2.837437152862549,-25.12688446044922,0.16358289122581482,45,41,2.840272744429347,False,False
1816,2,45,40,0.0,-25.0,2.8229660987854004,-25.12623405456543,0.16348758339881897,2.8229660987854004,-25.12623405456543,0.16348758339881897,45,41,2.825787081756814,False,False
1817,2,45,40,0.0,-25.0,2.8085711002349854,-25.125587463378906,0.16342240571975708,2.8085711002349854,-25.125587463378906,0.16342240571975708,45,41,2.811377569099018,False,False
1818,2,45,40,0.0,-25.0,2.7942514419555664,-25.12494468688965,0.1633843630552292,2.7942514419555664,-25.12494468688965,0.1633843630552292,45,41,2.7970434919129725,False,False
1819,2,45,40,0.0,-25.0,2.7800071239471436,-25.124303817749023,0.16337068378925323,2.7800071239471436,-25.124303817749023,0.16337068378925323,45,41,2.7827847649977984,False,False
1820,2,45,40,0.0,-25.0,2.7658371925354004,-25.123666763305664,0.16337895393371582,2.7658371925354004,-25.123666763305664,0.16337895393371582,45,41,2.7686005208333335,False,False
1821,2,45,40,0.0,-25.0,2.751741647720337,-25.123035430908203,0.16340693831443787,2.751741647720337,-25.123035430908203,0.16340693831443787,45,41,2.7544908446131022,False,False
1822,2,45,40,0.0,-25.0,2.737720012664795,-25.122404098510742,0.16345266997814178,2.737720012664795,-25.122404098510742,0.16345266997814178,45,41,2.7404550043884233,False,False
1823,2,45,40,0.0,-25.0,2.7237720489501953,-25.12177848815918,0.16351434588432312,2.7237720489501953,-25.12177848815918,0.16351434588432312,45,41,2.7264930175631625,False,False
1824,2,45,40,0.0,-25.0,2.709897041320801,-25.12115478515625,0.1635315716266632,2.709897041320801,-25.12115478515625,0.1635315716266632,45,41,2.7126039992091524,False,False
1825,2,45,40,0.0,-25.0,2.6960947513580322,-25.120534896850586,0.16350877285003662,2.6960947513580322,-25.120534896850586,0.16350877285003662,45,41,2.6987877963372946,False,False
1826,2,45,40,0.0,-25.0,2.6823649406433105,-25.119918823242188,0.1634499430656433,2.6823649406433105,-25.119918823242188,0.1634499430656433,45,41,2.6850441707652,False,False
1827,2,45,40,0.0,-25.0,2.6687068939208984,-25.119304656982422,0.163358673453331,2.6687068939208984,-25.119304656982422,0.163358673453331,45,41,2.671372322765702,False,False
1828,2,45,40,0.0,-25.0,2.655120611190796,-25.118694305419922,0.16329699754714966,2.655120611190796,-25.118694305419922,0.16329699754714966,45,41,2.6577723375242854,False,False
1829,2,45,40,0.0,-25.0,2.6416056156158447,-25.118087768554688,0.16326193511486053,2.6416056156158447,-25.118087768554688,0.16326193511486053,45,41,2.644243738677543,False,False
1830,2,45,40,0.0,-25.0,2.6281614303588867,-25.11748504638672,0.16325081884860992,2.6281614303588867,-25.11748504638672,0.16325081884860992,45,41,2.6307860498623903,False,False
1831,2,45,40,0.0,-25.0,2.6147878170013428,-25.116884231567383,0.16326124966144562,2.6147878170013428,-25.116884231567383,0.16326124966144562,45,41,2.6173989477203787,False,False
1832,2,45,40,0.0,-25.0,2.6014842987060547,-25.116287231445312,0.16329103708267212,2.6014842987060547,-25.116287231445312,0.16329103708267212,45,41,2.6040820410677057,False,False
1833,2,45,40,0.0,-25.0,2.5882503986358643,-25.115692138671875,0.16333825886249542,2.5882503986358643,-25.115692138671875,0.16333825886249542,45,41,2.59083476836891,False,False
1834,2,45,40,0.0,-25.0,2.5750858783721924,-25.115100860595703,0.16334234178066254,2.5750858783721924,-25.115100860595703,0.16334234178066254,45,41,2.577656976616896,False,False
1835,2,45,40,0.0,-25.0,2.56199049949646,-25.114513397216797,0.16330759227275848,2.56199049949646,-25.114513397216797,0.16330759227275848,45,41,2.5645484276285857,False,False
1836,2,45,40,0.0,-25.0,2.548963785171509,-25.113927841186523,0.16323789954185486,2.548963785171509,-25.113927841186523,0.16323789954185486,45,41,2.551508559874587,False,False
1837,2,45,40,0.0,-25.0,2.5360052585601807,-25.113346099853516,0.16319553554058075,2.5360052585601807,-25.113346099853516,0.16319553554058075,45,41,2.5385369821605694,False,False
1838,2,45,40,0.0,-25.0,2.5231149196624756,-25.112768173217773,0.1631777435541153,2.5231149196624756,-25.112768173217773,0.1631777435541153,45,41,2.5256336944842683,False,False
1839,2,45,40,0.0,-25.0,2.510291814804077,-25.112192153930664,0.1631820797920227,2.510291814804077,-25.112192153930664,0.1631820797920227,45,41,2.5127976589602175,False,False
1840,2,45,40,0.0,-25.0,2.4975361824035645,-25.11161994934082,0.1632063090801239,2.4975361824035645,-25.11161994934082,0.1632063090801239,45,40,2.500029198930648,False,False
1841,2,45,40,0.0,-25.0,2.4848475456237793,-25.11104965209961,0.16324841976165771,2.4848475456237793,-25.11104965209961,0.16324841976165771,45,40,2.487327752875355,True,False
1842,3,40,40,0.0,0.0,2.4684324264526367,-25.110336303710938,0.1632499396800995,2.4684324264526367,-25.110336303710938,0.1632499396800995,45,40,25.231372295803222,False,False
1843,3,40,40,0.0,0.0,2.448664426803589,-25.109487533569336,0.16327369213104248,2.448664426803589,-25.109487533569336,0.16327369213104248,45,40,25.228601262724954,False,False
1844,3,40,40,0.0,0.0,2.4258790016174316,-25.1085147857666,0.16331741213798523,2.4258790016174316,-25.1085147857666,0.16331741213798523,45,40,25.225431684661977,False,False
1845,3,40,40,0.0,0.0,2.400378942489624,-25.107419967651367,0.16337907314300537,2.400378942489624,-25.107419967651367,0.16337907314300537,45,40,25.221902317223538,False,False
1846,3,40,40,0.0,0.0,2.372436046600342,-25.106203079223633,0.16345684230327606,2.372436046600342,-25.106203079223633,0.16345684230327606,45,40,25.21804682861912,False,False
1847,3,40,40,0.0,0.0,2.3422961235046387,-25.1048583984375,0.16354906558990479,2.3422961235046387,-25.1048583984375,0.16354906558990479,45,40,25.213890345120937,False,False
1848,3,40,40,0.0,0.0,2.3101797103881836,-25.10338020324707,0.16359548270702362,2.3101797103881836,-25.10338020324707,0.16359548270702362,45,40,25.20945512943638,False,False
1849,3,40,40,0.0,0.0,2.2762861251831055,-25.10175895690918,0.1636594533920288,2.2762861251831055,-25.10175895690918,0.1636594533920288,45,40,25.20475711556196,False,False
1850,3,40,40,0.0,0.0,2.2407946586608887,-25.09998321533203,0.16373921930789948,2.2407946586608887,-25.09998321533203,0.16373921930789948,45,40,25.199807898320035,False,False
1851,3,40,40,0.0,0.0,2.2038674354553223,-25.098037719726562,0.16371560096740723,2.2038674354553223,-25.098037719726562,0.16371560096740723,45,40,25.194613095935363,False,False
1852,3,40,40,0.0,0.0,2.1656501293182373,-25.095911026000977,0.16354019939899445,2.1656501293182373,-25.095911026000977,0.16354019939899445,45,40,25.189180032457852,False,False
1853,3,40,40,0.0,0.0,2.126274347305298,-25.093582153320312,0.16322825849056244,2.126274347305298,-25.093582153320312,0.16322825849056244,45,40,25.183504678369218,False,False
1854,3,40,40,0.0,0.0,2.085859537124634,-25.09103775024414,0.16279353201389313,2.085859537124634,-25.09103775024414,0.16279353201389313,45,40,25.177588951144433,False,False
1855,3,40,40,0.0,0.0,2.044513463973999,-25.0882568359375,0.16242484748363495,2.044513463973999,-25.0882568359375,0.16242484748363495,45,40,25.171425592729857,False,False
1856,3,40,40,0.0,0.0,2.002333164215088,-25.085220336914062,0.16211573779582977,2.002333164215088,-25.085220336914062,0.16211573779582977,45,40,25.165007797575633,False,False
1857,3,40,40,0.0,0.0,1.9594075679779053,-25.081907272338867,0.16191928088665009,1.9594075679779053,-25.081907272338867,0.16191928088665009,45,40,25.158325668367805,False,False
1858,3,40,40,0.0,0.0,1.9158166646957397,-25.078298568725586,0.1619420200586319,1.9158166646957397,-25.078298568725586,0.1619420200586319,45,40,25.15136999439334,False,False
1859,3,40,40,0.0,0.0,1.8716336488723755,-25.074373245239258,0.16216236352920532,1.8716336488723755,-25.074373245239258,0.16216236352920532,45,40,25.144128661720643,False,False
1860,3,40,40,0.0,0.0,1.8269249200820923,-25.07010841369629,0.16244329512119293,1.8269249200820923,-25.07010841369629,0.16244329512119293,45,40,25.136586692271933,False,False
1861,3,40,40,0.0,0.0,1.7817511558532715,-25.06548500061035,0.16277921199798584,1.7817511558532715,-25.06548500061035,0.16277921199798584,45,40,25.128732071021947,False,False
1862,3,40,40,0.0,0.0,1.7361682653427124,-25.06048011779785,0.1631651371717453,1.7361682653427124,-25.06048011779785,0.1631651371717453,45,40,25.120548242029365,False,False
1863,3,40,40,0.0,0.0,1.6902272701263428,-25.055072784423828,0.1634790599346161,1.6902272701263428,-25.055072784423828,0.1634790599346161,45,40,25.112019840256863,False,False
1864,3,40,40,0.0,0.0,1.6439754962921143,-25.04924201965332,0.1636701226234436,1.6439754962921143,-25.04924201965332,0.1636701226234436,45,40,25.103130904163617,False,False
1865,3,40,40,0.0,0.0,1.5974565744400024,-25.042964935302734,0.16369259357452393,1.5974565744400024,-25.042964935302734,0.16369259357452393,45,40,25.09386299990545,False,False
1866,3,40,40,0.0,0.0,1.5507110357284546,-25.03622055053711,0.1635054498910904,1.5507110357284546,-25.03622055053711,0.1635054498910904,45,40,25.084199093681796,False,False
1867,3,40,40,0.0,0.0,1.5037767887115479,-25.028989791870117,0.16318947076797485,1.5037767887115479,-25.028989791870117,0.16318947076797485,45,40,25.074123606455444,False,False
1868,3,40,40,0.0,0.0,1.4566891193389893,-25.02125358581543,0.16281740367412567,1.4566891193389893,-25.02125358581543,0.16281740367412567,45,40,25.063620532478584,False,False
1869,3,40,40,0.0,0.0,1.4094812870025635,-25.01299285888672,0.1625724583864212,1.4094812870025635,-25.01299285888672,0.1625724583864212,45,40,25.052673495200633,False,False
1870,3,40,40,0.0,0.0,1.3621845245361328,-25.004188537597656,0.16238437592983246,1.3621845245361328,-25.004188537597656,0.16238437592983246,45,40,25.04126576478545,False,False
1871,3,40,40,0.0,0.0,1.3148283958435059,-24.994823455810547,0.16219007968902588,1.3148283958435059,-24.994823455810547,0.16219007968902588,45,40,25.029382199679908,False,False
1872,3,40,40,0.0,0.0,1.2674410343170166,-24.984880447387695,0.16210928559303284,1.2674410343170166,-24.984880447387695,0.16210928559303284,45,40,25.01700736990191,False,False
1873,3,40,40,0.0,0.0,1.220049262046814,-24.974342346191406,0.16213221848011017,1.220049262046814,-24.974342346191406,0.16213221848011017,45,40,25.00412557612424,False,False
1874,3,40,40,0.0,0.0,1.172678828239441,-24.963197708129883,0.16219142079353333,1.172678828239441,-24.963197708129883,0.16219142079353333,45,40,24.990726589064632,False,False
1875,3,40,40,0.0,0.0,1.1253540515899658,-24.95142936706543,0.16228510439395905,1.1253540515899658,-24.95142936706543,0.16228510439395905,45,40,24.976794213851484,False,False
1876,3,40,40,0.0,0.0,1.078099012374878,-24.93902587890625,0.1625293344259262,1.078099012374878,-24.93902587890625,0.1625293344259262,45,40,24.96231778640035,False,False
1877,3,40,40,0.0,0.0,1.030936360359192,-24.925973892211914,0.1629110872745514,1.030936360359192,-24.925973892211914,0.1629110872745514,45,40,24.94728450662197,False,False
1878,3,40,40,0.0,0.0,0.9838883876800537,-24.912261962890625,0.16324234008789062,0.9838883876800537,-24.912261962890625,0.16324234008789062,45,40,24.931683305928196,False,False
1879,3,40,40,0.0,0.0,0.9369766116142273,-24.89788055419922,0.16347163915634155,0.9369766116142273,-24.89788055419922,0.16347163915634155,45,40,24.915504836584862,False,False
1880,3,40,40,0.0,0.0,0.8902220726013184,-24.8828182220459,0.1636115461587906,0.8902220726013184,-24.8828182220459,0.1636115461587906,45,40,24.898737679045617,False,False
1881,3,40,40,0.0,0.0,0.8436451554298401,-24.867069244384766,0.16373227536678314,0.8436451554298401,-24.867069244384766,0.16373227536678314,45,40,24.881375965836515,False,False
1882,3,40,40,0.0,0.0,0.7972658276557922,-24.850624084472656,0.16383829712867737,0.7972658276557922,-24.850624084472656,0.16383829712867737,45,40,24.863409866462806,False,False
1883,3,40,40,0.0,0.0,0.7511035203933716,-24.833477020263672,0.1639925241470337,0.7511035203933716,-24.833477020263672,0.1639925241470337,45,40,24.84483321365453,False,False
1884,3,40,40,0.0,0.0,0.7051773071289062,-24.815622329711914,0.1642516851425171,0.7051773071289062,-24.815622329711914,0.1642516851425171,45,40,24.825639702641826,False,False
1885,3,40,40,0.0,0.0,0.6595058441162109,-24.797056198120117,0.16443170607089996,0.6595058441162109,-24.797056198120117,0.16443170607089996,45,40,24.805824800863824,False,False
1886,3,40,40,0.0,0.0,0.6141073107719421,-24.777772903442383,0.16454342007637024,0.6141073107719421,-24.777772903442383,0.16454342007637024,45,40,24.785381938628806,False,False
1887,3,40,40,0.0,0.0,0.5689995884895325,-24.75777244567871,0.16459666192531586,0.5689995884895325,-24.75777244567871,0.16459666192531586,45,40,24.764310145927936,False,False
1888,3,40,40,0.0,0.0,0.5242001414299011,-24.737051010131836,0.16465914249420166,0.5242001414299011,-24.737051010131836,0.16465914249420166,45,40,24.74260452066717,False,False
1889,3,40,40,0.0,0.0,0.4797259569168091,-24.715608596801758,0.16473305225372314,0.4797259569168091,-24.715608596801758,0.16473305225372314,45,40,24.72026385991947,False,False
1890,3,40,40,0.0,0.0,0.4355936646461487,-24.69344711303711,0.16493801772594452,0.4355936646461487,-24.69344711303711,0.16493801772594452,45,40,24.69728876142158,False,False
1891,3,40,40,0.0,0.0,0.3918195962905884,-24.670564651489258,0.16520537436008453,0.3918195962905884,-24.670564651489258,0.16520537436008453,45,40,24.673675908128253,False,False
1892,3,40,40,0.0,0.0,0.3484196960926056,-24.646963119506836,0.16547337174415588,0.3484196960926056,-24.646963119506836,0.16547337174415588,45,40,24.649425699171072,False,False
1893,3,40,40,0.0,0.0,0.3054094910621643,-24.62264633178711,0.1656865030527115,0.3054094910621643,-24.62264633178711,0.1656865030527115,45,40,24.624540347740503,False,False
1894,3,40,40,0.0,0.0,0.26280421018600464,-24.59761619567871,0.16573604941368103,0.26280421018600464,-24.59761619567871,0.16573604941368103,45,40,24.599020073222572,False,False
1895,3,40,40,0.0,0.0,0.2206186205148697,-24.571876525878906,0.16558301448822021,0.2206186205148697,-24.571876525878906,0.16558301448822021,45,40,24.572866918183493,False,False
1896,3,40,40,0.0,0.0,0.1788669228553772,-24.545433044433594,0.16530992090702057,0.1788669228553772,-24.545433044433594,0.16530992090702057,45,40,24.546084753273064,False,False
1897,3,40,40,0.0,0.0,0.13756293058395386,-24.518291473388672,0.1649322509765625,0.13756293058395386,-24.518291473388672,0.1649322509765625,45,40,24.518677377336537,False,False
1898,3,40,40,0.0,0.0,0.09672009944915771,-24.490455627441406,0.16440518200397491,0.09672009944915771,-24.490455627441406,0.16440518200397491,45,40,24.490646614928604,False,False
1899,3,40,40,0.0,0.0,0.05635102093219757,-24.461936950683594,0.1639823317527771,0.05635102093219757,-24.461936950683594,0.1639823317527771,45,40,24.462001856282725,False,False
1900,3,40,40,0.0,0.0,0.01646803691983223,-24.4327392578125,0.16371554136276245,0.01646803691983223,-24.4327392578125,0.16371554136276245,45,40,24.432744807665227,False,False
1901,3,40,40,0.0,0.0,-0.022917000576853752,-24.40287208557129,0.1636514812707901,-0.022917000576853752,-24.40287208557129,0.1636514812707901,45,40,24.40288284637022,False,False
1902,3,40,40,0.0,0.0,-0.06179273501038551,-24.372344970703125,0.16383211314678192,-0.06179273501038551,-24.372344970703125,0.16383211314678192,45,40,24.372423304075816,False,False
1903,3,40,40,0.0,0.0,-0.10014814138412476,-24.341167449951172,0.16417761147022247,-0.10014814138412476,-24.341167449951172,0.16417761147022247,45,40,24.3413734714536,False,False
1904,3,40,40,0.0,0.0,-0.13797277212142944,-24.309345245361328,0.16467492282390594,-0.13797277212142944,-24.309345245361328,0.16467492282390594,45,40,24.309736788867507,False,False
1905,3,40,40,0.0,0.0,-0.17525668442249298,-24.276891708374023,0.1653122901916504,-0.17525668442249298,-24.276891708374023,0.1653122901916504,45,40,24.27752429564337,False,False
1906,3,40,40,0.0,0.0,-0.21199031174182892,-24.243816375732422,0.16596148908138275,-0.21199031174182892,-24.243816375732422,0.16596148908138275,45,40,24.2447431900712,False,False
1907,3,40,40,0.0,0.0,-0.2481643259525299,-24.210128784179688,0.1663895547389984,-0.2481643259525299,-24.210128784179688,0.1663895547389984,45,40,24.21140064678707,False,False
1908,3,40,40,0.0,0.0,-0.28377026319503784,-24.175840377807617,0.16656315326690674,-0.28377026319503784,-24.175840377807617,0.16656315326690674,45,40,24.177505734370264,False,False
1909,3,40,40,0.0,0.0,-0.3188004791736603,-24.140962600708008,0.1666286438703537,-0.3188004791736603,-24.140962600708008,0.1666286438703537,45,40,24.143067515009438,False,False
1910,3,40,40,0.0,0.0,-0.35324764251708984,-24.10550880432129,0.16660010814666748,-0.35324764251708984,-24.10550880432129,0.16660010814666748,45,40,24.10809695127666,False,False
1911,3,40,40,0.0,0.0,-0.387105256319046,-24.069490432739258,0.16660770773887634,-0.387105256319046,-24.069490432739258,0.16660770773887634,45,40,24.07260310334544,False,False
1912,3,40,40,0.0,0.0,-0.420367032289505,-24.03291893005371,0.16665098071098328,-0.420367032289505,-24.03291893005371,0.16665098071098328,45,40,24.03659503216647,False,False
1913,3,40,40,0.0,0.0,-0.4530271887779236,-23.995807647705078,0.16667062044143677,-0.4530271887779236,-23.995807647705078,0.16667062044143677,45,40,24.000083714425532,False,False
1914,3,40,40,0.0,0.0,-0.4850807189941406,-23.958168029785156,0.16673080623149872,-0.4850807189941406,-23.958168029785156,0.16673080623149872,45,40,23.963078238142934,False,False
1915,3,40,40,0.0,0.0,-0.5165228843688965,-23.920015335083008,0.16677160561084747,-0.5165228843688965,-23.920015335083008,0.16677160561084747,45,40,23.925591518720765,False,False
1916,3,40,40,0.0,0.0,-0.5473493933677673,-23.88136100769043,0.1667390614748001,-0.5473493933677673,-23.88136100769043,0.1667390614748001,45,40,23.887632677560514,False,False
1917,3,40,40,0.0,0.0,-0.5775569677352905,-23.84221839904785,0.16670209169387817,-0.5775569677352905,-23.84221839904785,0.16670209169387817,45,40,23.849212780275902,False,False
1918,3,40,40,0.0,0.0,-0.6071422696113586,-23.802600860595703,0.16660508513450623,-0.6071422696113586,-23.802600860595703,0.16660508513450623,45,40,23.81034290942447,False,False
1919,3,40,40,0.0,0.0,-0.6361028552055359,-23.76251983642578,0.1664566695690155,-0.6361028552055359,-23.76251983642578,0.1664566695690155,45,40,23.771032283410186,False,False
1920,3,40,40,0.0,0.0,-0.6644366383552551,-23.72199249267578,0.1662645936012268,-0.6644366383552551,-23.72199249267578,0.1662645936012268,45,40,23.731295874202804,False,False
1921,3,40,40,0.0,0.0,-0.6921420693397522,-23.681026458740234,0.165976881980896,-0.6921420693397522,-23.681026458740234,0.165976881980896,45,40,23.691139161798553,False,False
1922,3,40,40,0.0,0.0,-0.7192181348800659,-23.63964080810547,0.16566433012485504,-0.7192181348800659,-23.63964080810547,0.16566433012485504,45,40,23.65057911049507,False,False
1923,3,40,40,0.0,0.0,-0.7456644773483276,-23.59784507751465,0.16544929146766663,-0.7456644773483276,-23.59784507751465,0.16544929146766663,45,40,23.60962320358293,False,False
1924,3,40,40,0.0,0.0,-0.7714813351631165,-23.555654525756836,0.16550064086914062,-0.7714813351631165,-23.555654525756836,0.16550064086914062,45,40,23.56828469760397,False,False
1925,3,40,40,0.0,0.0,-0.7966689467430115,-23.513080596923828,0.16573502123355865,-0.7966689467430115,-23.513080596923828,0.16573502123355865,45,40,23.526573073189823,False,False
1926,3,40,40,0.0,0.0,-0.8212280869483948,-23.470136642456055,0.1660773605108261,-0.8212280869483948,-23.470136642456055,0.1660773605108261,45,40,23.48449977296411,False,False
1927,3,40,40,0.0,0.0,-0.8451597690582275,-23.426836013793945,0.16646000742912292,-0.8451597690582275,-23.426836013793945,0.16646000742912292,45,40,23.442076287147167,False,False
1928,3,40,40,0.0,0.0,-0.8684654831886292,-23.383190155029297,0.16676320135593414,-0.8684654831886292,-23.383190155029297,0.16676320135593414,45,40,23.39931225745212,False,False
1929,3,40,40,0.0,0.0,-0.8911471366882324,-23.33921241760254,0.1668790727853775,-0.8911471366882324,-23.33921241760254,0.1668790727853775,45,40,23.356219289371303,False,False
1930,3,40,40,0.0,0.0,-0.9132070541381836,-23.29491424560547,0.16676926612854004,-0.9132070541381836,-23.29491424560547,0.16676926612854004,45,40,23.312807141866042,False,False
1931,3,40,40,0.0,0.0,-0.9346481561660767,-23.250308990478516,0.16645798087120056,-0.9346481561660767,-23.250308990478516,0.16645798087120056,45,40,23.269087548259186,False,False
1932,3,40,40,0.0,0.0,-0.9554736614227295,-23.205408096313477,0.16596686840057373,-0.9554736614227295,-23.205408096313477,0.16596686840057373,45,40,23.22507039459996,False,False
1933,3,40,40,0.0,0.0,-0.9756872057914734,-23.16022300720215,0.16537417471408844,-0.9756872057914734,-23.16022300720215,0.16537417471408844,45,40,23.18076563159381,False,False
1934,3,40,40,0.0,0.0,-0.9952927827835083,-23.11476707458496,0.16469135880470276,-0.9952927827835083,-23.11476707458496,0.16469135880470276,45,40,23.13618517897404,False,False
1935,3,40,40,0.0,0.0,-1.0142946243286133,-23.069047927856445,0.16392868757247925,-1.0142946243286133,-23.069047927856445,0.16392868757247925,45,40,23.09133529882323,False,False
1936,3,40,40,0.0,0.0,-1.0326974391937256,-23.023080825805664,0.16315411031246185,-1.0326974391937256,-23.023080825805664,0.16315411031246185,45,40,23.046229945752465,False,False
1937,3,40,40,0.0,0.0,-1.0505062341690063,-22.97687530517578,0.16254626214504242,-1.0505062341690063,-22.97687530517578,0.16254626214504242,45,40,23.000877421038194,False,False
1938,3,40,40,0.0,0.0,-1.0677266120910645,-22.93044090270996,0.16226579248905182,-1.0677266120910645,-22.93044090270996,0.16226579248905182,45,40,22.955286103876848,False,False
1939,3,40,40,0.0,0.0,-1.0843638181686401,-22.883790969848633,0.16228081285953522,-1.0843638181686401,-22.883790969848633,0.16228081285953522,45,40,22.90946821822539,False,False
1940,3,40,40,0.0,0.0,-1.1004236936569214,-22.836933135986328,0.1625625193119049,-1.1004236936569214,-22.836933135986328,0.1625625193119049,45,40,22.863430349863773,False,False
1941,3,40,40,0.0,0.0,-1.1159121990203857,-22.789878845214844,0.1630849391222,-1.1159121990203857,-22.789878845214844,0.1630849391222,45,40,22.817182950914287,False,False
1942,3,40,40,0.0,0.0,-1.1308351755142212,-22.742637634277344,0.16382458806037903,-1.1308351755142212,-22.742637634277344,0.16382458806037903,45,40,22.77073461173856,False,False
1943,3,40,40,0.0,0.0,-1.145199179649353,-22.695219039916992,0.16464267671108246,-1.145199179649353,-22.695219039916992,0.16464267671108246,45,40,22.72409400682193,False,False
1944,3,40,40,0.0,0.0,-1.159010648727417,-22.647628784179688,0.16547302901744843,-1.159010648727417,-22.647628784179688,0.16547302901744843,45,40,22.67726604398925,False,False
1945,3,40,40,0.0,0.0,-1.172276258468628,-22.59988021850586,0.16625602543354034,-1.172276258468628,-22.59988021850586,0.16625602543354034,45,40,22.63026331081858,False,False
1946,3,40,40,0.0,0.0,-1.1850030422210693,-22.551979064941406,0.166937917470932,-1.1850030422210693,-22.551979064941406,0.166937917470932,45,40,22.583090841504152,False,False
1947,3,40,40,0.0,0.0,-1.1971977949142456,-22.503934860229492,0.1674703061580658,-1.1971977949142456,-22.503934860229492,0.1674703061580658,45,40,22.535757514527877,False,False
1948,3,40,40,0.0,0.0,-1.2088680267333984,-22.45575523376465,0.16786833107471466,-1.2088680267333984,-22.45575523376465,0.16786833107471466,44,40,22.48827038757776,False,False
1949,3,40,40,0.0,0.0,-1.22002112865448,-22.407447814941406,0.16808678209781647,-1.22002112865448,-22.407447814941406,0.16808678209781647,44,40,22.440636558121202,False,False
1950,3,40,40,0.0,0.0,-1.230664610862732,-22.35902214050293,0.16814367473125458,-1.230664610862732,-22.35902214050293,0.16814367473125458,44,40,22.392865079393708,False,False
1951,3,40,40,0.0,0.0,-1.2408061027526855,-22.310482025146484,0.1679963767528534,-1.2408061027526855,-22.310482025146484,0.1679963767528534,44,40,22.344959341628094,False,False
1952,3,40,40,0.0,0.0,-1.2504534721374512,-22.2618350982666,0.16772405803203583,-1.2504534721374512,-22.2618350982666,0.16772405803203583,44,40,22.29692660050697,False,False
1953,3,40,40,0.0,0.0,-1.2596147060394287,-22.213090896606445,0.16733911633491516,-1.2596147060394287,-22.213090896606445,0.16733911633491516,44,40,22.248776064956267,False,False
1954,3,40,40,0.0,0.0,-1.2682976722717285,-22.16425323486328,0.16691142320632935,-1.2682976722717285,-22.16425323486328,0.16691142320632935,44,40,22.2005112653884,False,False
1955,3,40,40,0.0,0.0,-1.27651047706604,-22.11532974243164,0.16644501686096191,-1.27651047706604,-22.11532974243164,0.16644501686096191,44,40,22.152139594507364,False,False
1956,3,40,40,0.0,0.0,-1.2842613458633423,-22.066326141357422,0.1660022735595703,-1.2842613458633423,-22.066326141357422,0.1660022735595703,44,40,22.10366658681841,False,False
1957,3,40,40,0.0,0.0,-1.2915583848953247,-22.017248153686523,0.1656392514705658,-1.2915583848953247,-22.017248153686523,0.1656392514705658,44,40,22.05509780804896,False,False
1958,3,40,40,0.0,0.0,-1.2984098196029663,-21.968101501464844,0.16522999107837677,-1.2984098196029663,-21.968101501464844,0.16522999107837677,44,40,22.006438867711044,False,False
1959,3,40,40,0.0,0.0,-1.3048239946365356,-21.91888999938965,0.16483746469020844,-1.3048239946365356,-21.91888999938965,0.16483746469020844,44,40,21.957693514172266,False,False
1960,3,40,40,0.0,0.0,-1.3108091354370117,-21.86962127685547,0.16457709670066833,-1.3108091354370117,-21.86962127685547,0.16457709670066833,44,40,21.90886933145192,False,False
1961,3,40,40,0.0,0.0,-1.316373586654663,-21.820297241210938,0.16425871849060059,-1.316373586654663,-21.820297241210938,0.16425871849060059,44,40,21.859968232237662,False,False
1962,3,40,40,0.0,0.0,-1.3215256929397583,-21.770925521850586,0.16388757526874542,-1.3215256929397583,-21.770925521850586,0.16388757526874542,44,40,21.81099787343681,False,False
1963,3,40,40,0.0,0.0,-1.3262735605239868,-21.721508026123047,0.16346830129623413,-1.3262735605239868,-21.721508026123047,0.16346830129623413,44,40,21.76196021699959,False,False
1964,3,40,40,0.0,0.0,-1.3306257724761963,-21.67205047607422,0.16318149864673615,-1.3306257724761963,-21.67205047607422,0.16318149864673615,44,40,21.71286109161772,False,False
1965,3,40,40,0.0,0.0,-1.3345906734466553,-21.622554779052734,0.16307199001312256,-1.3345906734466553,-21.622554779052734,0.16307199001312256,44,40,21.663702533010994,False,False
1966,3,40,40,0.0,0.0,-1.3381764888763428,-21.573028564453125,0.16318009793758392,-1.3381764888763428,-21.573028564453125,0.16318009793758392,44,40,21.6144923085899,False,False
1967,3,40,40,0.0,0.0,-1.3413915634155273,-21.523469924926758,0.16354207694530487,-1.3413915634155273,-21.523469924926758,0.16354207694530487,44,40,21.565228701213186,False,False
1968,3,40,40,0.0,0.0,-1.3442440032958984,-21.473888397216797,0.16413171589374542,-1.3442440032958984,-21.473888397216797,0.16413171589374542,44,40,21.51592142662078,False,False
1969,3,40,40,0.0,0.0,-1.3467421531677246,-21.42428207397461,0.16480782628059387,-1.3467421531677246,-21.42428207397461,0.16480782628059387,44,40,21.46656881787,False,False
1970,3,40,40,0.0,0.0,-1.3488941192626953,-21.37465476989746,0.1654432862997055,-1.3488941192626953,-21.37465476989746,0.1654432862997055,44,40,21.417174927550125,False,False
1971,3,40,40,0.0,0.0,-1.3507081270217896,-21.32501220703125,0.1660413146018982,-1.3507081270217896,-21.32501220703125,0.1660413146018982,44,40,21.36774574152441,False,False
1972,3,40,40,0.0,0.0,-1.3521921634674072,-21.275352478027344,0.16631077229976654,-1.3521921634674072,-21.275352478027344,0.16631077229976654,44,40,21.3182796377017,False,False
1973,3,40,40,0.0,0.0,-1.3533543348312378,-21.22568130493164,0.16640126705169678,-1.3533543348312378,-21.22568130493164,0.16640126705169678,44,40,21.268782635922797,False,False
1974,3,40,40,0.0,0.0,-1.3542025089263916,-21.17599868774414,0.16632980108261108,-1.3542025089263916,-21.17599868774414,0.16632980108261108,44,40,21.21925504956581,False,False
1975,3,40,40,0.0,0.0,-1.3547446727752686,-21.126310348510742,0.16611163318157196,-1.3547446727752686,-21.126310348510742,0.16611163318157196,44,40,21.169702928241698,False,False
1976,3,40,40,0.0,0.0,-1.3549888134002686,-21.076614379882812,0.16581930220127106,-1.3549888134002686,-21.076614379882812,0.16581930220127106,44,40,21.120124725074962,False,False
1977,3,40,40,0.0,0.0,-1.3549424409866333,-21.026914596557617,0.1654592901468277,-1.3549424409866333,-21.026914596557617,0.1654592901468277,44,40,21.070524589324172,False,False
1978,3,40,40,0.0,0.0,-1.3546134233474731,-20.97721290588379,0.16521376371383667,-1.3546134233474731,-20.97721290588379,0.16521376371383667,44,40,21.020904805109854,False,False
1979,3,40,40,0.0,0.0,-1.3540093898773193,-20.927509307861328,0.16507026553153992,-1.3540093898773193,-20.927509307861328,0.16507026553153992,44,40,20.971265752417008,False,False
1980,3,40,40,0.0,0.0,-1.3531378507614136,-20.8778076171875,0.16501756012439728,-1.3531378507614136,-20.8778076171875,0.16501756012439728,44,40,20.921611623951335,False,False
1981,3,40,40,0.0,0.0,-1.352006196975708,-20.828107833862305,0.1650455743074417,-1.352006196975708,-20.828107833862305,0.1650455743074417,44,40,20.8719428107605,False,False
1982,3,40,40,0.0,0.0,-1.3506219387054443,-20.778409957885742,0.16520395874977112,-1.3506219387054443,-20.778409957885742,0.16520395874977112,44,40,20.82225972365338,False,False
1983,3,40,40,0.0,0.0,-1.3489923477172852,-20.728717803955078,0.16536104679107666,-1.3489923477172852,-20.728717803955078,0.16536104679107666,44,40,20.77256657590015,False,False
1984,3,40,40,0.0,0.0,-1.347124695777893,-20.679031372070312,0.1654571145772934,-1.347124695777893,-20.679031372070312,0.1654571145772934,44,40,20.722863784550697,False,False
1985,3,40,40,0.0,0.0,-1.3450261354446411,-20.629350662231445,0.1654384583234787,-1.3450261354446411,-20.629350662231445,0.1654384583234787,44,40,20.673151768666965,False,False
1986,3,40,40,0.0,0.0,-1.3427035808563232,-20.57967758178711,0.1653742790222168,-1.3427035808563232,-20.57967758178711,0.1653742790222168,44,40,20.62343284413037,False,False
1987,3,40,40,0.0,0.0,-1.340164065361023,-20.530010223388672,0.16526812314987183,-1.340164065361023,-20.530010223388672,0.16526812314987183,44,40,20.573705536303574,False,False
1988,3,40,40,0.0,0.0,-1.3374143838882446,-20.4803524017334,0.1651231050491333,-1.3374143838882446,-20.4803524017334,0.1651231050491333,44,40,20.523974072616106,False,False
1989,3,40,40,0.0,0.0,-1.3344614505767822,-20.43070411682129,0.16500088572502136,-1.3344614505767822,-20.43070411682129,0.16500088572502136,44,40,20.474238888715103,False,False
1990,3,40,40,0.0,0.0,-1.331311583518982,-20.381065368652344,0.1648981124162674,-1.331311583518982,-20.381065368652344,0.1648981124162674,44,40,20.42450038785996,False,False
1991,3,40,40,0.0,0.0,-1.3279715776443481,-20.331436157226562,0.16487058997154236,-1.3279715776443481,-20.331436157226562,0.16487058997154236,44,40,20.374759010265883,False,False
1992,3,40,40,0.0,0.0,-1.324447751045227,-20.281816482543945,0.1649097055196762,-1.324447751045227,-20.281816482543945,0.1649097055196762,44,40,20.325015170396306,False,False
1993,3,40,40,0.0,0.0,-1.3207465410232544,-20.232208251953125,0.16500775516033173,-1.3207465410232544,-20.232208251953125,0.16500775516033173,44,40,20.275271198581414,False,False
1994,3,40,40,0.0,0.0,-1.3168742656707764,-20.18260955810547,0.16515778005123138,-1.3168742656707764,-20.18260955810547,0.16515778005123138,44,40,20.2255256150864,False,False
1995,3,40,40,0.0,0.0,-1.3128368854522705,-20.13302230834961,0.16529470682144165,-1.3128368854522705,-20.13302230834961,0.16529470682144165,44,40,20.175780727305376,False,False
1996,3,40,40,0.0,0.0,-1.308640718460083,-20.083446502685547,0.16536001861095428,-1.308640718460083,-20.083446502685547,0.16536001861095428,44,40,20.126036965986227,False,False
1997,3,40,40,0.0,0.0,-1.3042916059494019,-20.03388023376465,0.16535982489585876,-1.3042916059494019,-20.03388023376465,0.16535982489585876,44,40,20.07629283045493,False,False
1998,3,40,40,0.0,0.0,-1.2997952699661255,-19.98432731628418,0.16535846889019012,-1.2997952699661255,-19.98432731628418,0.16535846889019012,44,40,20.02655252479089,False,False
1999,3,40,40,0.0,0.0,-1.2951576709747314,-19.934782028198242,0.16535501182079315,-1.2951576709747314,-19.934782028198242,0.16535501182079315,44,40,19.976810754083353,False,False
2000,3,40,40,0.0,0.0,-1.2903844118118286,-19.885250091552734,0.16534863412380219,-1.2903844118118286,-19.885250091552734,0.16534863412380219,44,40,19.927073621930667,False,False
2001,3,40,40,0.0,0.0,-1.2854809761047363,-19.83572769165039,0.1652798056602478,-1.2854809761047363,-19.83572769165039,0.1652798056602478,44,40,19.877337708989938,False,False
2002,3,40,40,0.0,0.0,-1.280452847480774,-19.786216735839844,0.16515375673770905,-1.280452847480774,-19.786216735839844,0.16515375673770905,44,40,19.827605307052345,False,False
2003,3,40,40,0.0,0.0,-1.2753053903579712,-19.736713409423828,0.16491639614105225,-1.2753053903579712,-19.736713409423828,0.16491639614105225,44,40,19.777872990905934,False,False
2004,3,40,40,0.0,0.0,-1.2700437307357788,-19.687223434448242,0.16469547152519226,-1.2700437307357788,-19.687223434448242,0.16469547152519226,44,40,19.7281468373456,False,False
2005,3,40,40,0.0,0.0,-1.2646729946136475,-19.637741088867188,0.16466471552848816,-1.2646729946136475,-19.637741088867188,0.16466471552848816,44,40,19.678421503176715,False,False
2006,3,40,40,0.0,0.0,-1.2591981887817383,-19.58827018737793,0.1648041009902954,-1.2591981887817383,-19.58827018737793,0.1648041009902954,44,40,19.628701154491864,False,False
2007,3,40,40,0.0,0.0,-1.2536243200302124,-19.538806915283203,0.16503678262233734,-1.2536243200302124,-19.538806915283203,0.16503678262233734,44,40,19.578982343535884,False,False
2008,3,40,40,0.0,0.0,-1.2479561567306519,-19.489355087280273,0.16535241901874542,-1.2479561567306519,-19.489355087280273,0.16535241901874542,44,40,19.52926922051154,False,False
2009,3,40,40,0.0,0.0,-1.2421983480453491,-19.439910888671875,0.16574175655841827,-1.2421983480453491,-19.439910888671875,0.16574175655841827,44,40,19.47955831366281,False,False
2010,3,40,40,0.0,0.0,-1.2363557815551758,-19.390474319458008,0.16613762080669403,-1.2363557815551758,-19.390474319458008,0.16613762080669403,44,40,19.429849972455923,False,False
2011,3,40,40,0.0,0.0,-1.2304329872131348,-19.341047286987305,0.16653838753700256,-1.2304329872131348,-19.341047286987305,0.16653838753700256,44,40,19.380146426007755,False,False
2012,3,40,40,0.0,0.0,-1.22443425655365,-19.2916259765625,0.16688381135463715,-1.22443425655365,-19.2916259765625,0.16688381135463715,44,40,19.330444176691934,False,False
2013,3,40,40,0.0,0.0,-1.2183640003204346,-19.242212295532227,0.16717848181724548,-1.2183640003204346,-19.242212295532227,0.16717848181724548,44,40,19.28074544367018,False,False
2014,3,40,40,0.0,0.0,-1.2122265100479126,-19.192806243896484,0.16742652654647827,-1.2122265100479126,-19.192806243896484,0.16742652654647827,44,40,19.231050533639987,False,False
2015,3,40,40,0.0,0.0,-1.2060260772705078,-19.14340591430664,0.16757288575172424,-1.2060260772705078,-19.14340591430664,0.16757288575172424,44,40,19.18135784815473,False,False
2016,3,40,40,0.0,0.0,-1.1997666358947754,-19.094013214111328,0.16762681305408478,-1.1997666358947754,-19.094013214111328,0.16762681305408478,44,40,19.131669571714443,False,False
2017,3,40,40,0.0,0.0,-1.1934521198272705,-19.04462432861328,0.16765542328357697,-1.1934521198272705,-19.04462432861328,0.16765542328357697,44,40,19.081982176396902,False,False
2018,3,40,40,0.0,0.0,-1.1870864629745483,-18.995241165161133,0.1676015406847,-1.1870864629745483,-18.995241165161133,0.1676015406847,44,40,19.03229784322454,False,False
2019,3,40,40,0.0,0.0,-1.180673360824585,-18.94586181640625,0.16747251152992249,-1.180673360824585,-18.94586181640625,0.16747251152992249,44,40,18.982614929227246,False,False
2020,3,40,40,0.0,0.0,-1.174216628074646,-18.896488189697266,0.16727495193481445,-1.174216628074646,-18.896488189697266,0.16727495193481445,44,40,18.932935604206104,False,False
2021,3,40,40,0.0,0.0,-1.167719841003418,-18.847118377685547,0.16701482236385345,-1.167719841003418,-18.847118377685547,0.16701482236385345,44,40,18.88325821381377,False,False
2022,3,40,40,0.0,0.0,-1.1611864566802979,-18.79775047302246,0.16669751703739166,-1.1611864566802979,-18.79775047302246,0.16669751703739166,44,40,18.833581094236802,False,False
2023,3,40,40,0.0,0.0,-1.154619812965393,-18.748388290405273,0.1663866490125656,-1.154619812965393,-18.748388290405273,0.1663866490125656,44,40,18.78390828342967,False,False
2024,3,40,40,0.0,0.0,-1.1480233669281006,-18.69902801513672,0.16608071327209473,-1.1480233669281006,-18.69902801513672,0.16608071327209473,44,40,18.73423620972792,False,False
2025,3,40,40,0.0,0.0,-1.1414000988006592,-18.649669647216797,0.16589592397212982,-1.1414000988006592,-18.649669647216797,0.16589592397212982,44,40,18.684565077514158,False,False
2026,3,40,40,0.0,0.0,-1.1347534656524658,-18.600313186645508,0.16581928730010986,-1.1347534656524658,-18.600313186645508,0.16581928730010986,44,40,18.63489511827499,False,False
2027,3,40,40,0.0,0.0,-1.1280862092971802,-18.55095863342285,0.16583910584449768,-1.1280862092971802,-18.55095863342285,0.16583910584449768,44,40,18.585226517709497,False,False
2028,3,40,40,0.0,0.0,-1.1214015483856201,-18.50160789489746,0.16594485938549042,-1.1214015483856201,-18.50160789489746,0.16594485938549042,44,40,18.53556139234131,False,False
2029,3,40,40,0.0,0.0,-1.1147022247314453,-18.452255249023438,0.16612710058689117,-1.1147022247314453,-18.452255249023438,0.16612710058689117,44,40,18.485894212207704,False,False
2030,3,40,40,0.0,0.0,-1.107991337776184,-18.402904510498047,0.16631852090358734,-1.107991337776184,-18.402904510498047,0.16631852090358734,44,40,18.436228986077833,False,False
2031,3,40,40,0.0,0.0,-1.101271390914917,-18.353553771972656,0.16645856201648712,-1.101271390914917,-18.353553771972656,0.16645856201648712,44,40,18.38656397310654,False,False
2032,3,40,40,0.0,0.0,-1.0945452451705933,-18.304203033447266,0.16655153036117554,-1.0945452451705933,-18.304203033447266,0.16655153036117554,44,40,18.336899355763112,False,False
2033,3,40,40,0.0,0.0,-1.0878154039382935,-18.254852294921875,0.16660131514072418,-1.0878154039382935,-18.254852294921875,0.16660131514072418,44,40,18.28723529302502,False,False
2034,3,40,40,0.0,0.0,-1.0810844898223877,-18.20549964904785,0.1666114181280136,-1.0810844898223877,-18.20549964904785,0.1666114181280136,44,40,18.23757004498176,False,False
2035,3,40,40,0.0,0.0,-1.074354648590088,-18.156147003173828,0.16658499836921692,-1.074354648590088,-18.156147003173828,0.16658499836921692,44,40,18.187905649409036,False,False
2036,3,40,40,0.0,0.0,-1.0676286220550537,-18.106792449951172,0.16652488708496094,-1.0676286220550537,-18.106792449951172,0.16652488708496094,44,40,18.13824036945811,False,False
2037,3,40,40,0.0,0.0,-1.0609084367752075,-18.057435989379883,0.16637484729290009,-1.0609084367752075,-18.057435989379883,0.16637484729290009,44,40,18.08857432806059,False,False
2038,3,40,40,0.0,0.0,-1.0541963577270508,-18.00807762145996,0.16614310443401337,-1.0541963577270508,-18.00807762145996,0.16614310443401337,44,40,18.03890766042035,False,False
2039,3,40,40,0.0,0.0,-1.0474945306777954,-17.958717346191406,0.16583700478076935,-1.0474945306777954,-17.958717346191406,0.16583700478076935,44,40,17.989240492922317,False,False
2040,3,40,40,0.0,0.0,-1.0408051013946533,-17.90935516357422,0.16546322405338287,-1.0408051013946533,-17.90935516357422,0.16546322405338287,44,40,17.93957295016054,False,False
2041,3,40,40,0.0,0.0,-1.0341299772262573,-17.859989166259766,0.1650865525007248,-1.0341299772262573,-17.859989166259766,0.1650865525007248,44,40,17.889903236985777,False,False
2042,3,40,40,0.0,0.0,-1.0274710655212402,-17.810619354248047,0.16476526856422424,-1.0274710655212402,-17.810619354248047,0.16476526856422424,44,40,17.840231460729385,False,False
2043,3,40,40,0.0,0.0,-1.0208302736282349,-17.761247634887695,0.16449306905269623,-1.0208302736282349,-17.761247634887695,0.16449306905269623,44,40,17.790559631314572,False,False
2044,3,40,40,0.0,0.0,-1.014209270477295,-17.711872100830078,0.1642642468214035,-1.014209270477295,-17.711872100830078,0.1642642468214035,44,40,17.740885935050848,False,False
2045,3,40,40,0.0,0.0,-1.0076098442077637,-17.662494659423828,0.16407367587089539,-1.0076098442077637,-17.662494659423828,0.16407367587089539,44,40,17.69121237203148,False,False
2046,3,40,40,0.0,0.0,-1.0010336637496948,-17.61311149597168,0.16391676664352417,-1.0010336637496948,-17.61311149597168,0.16391676664352417,44,40,17.641535221331782,False,False
2047,3,40,40,0.0,0.0,-0.9944823384284973,-17.563724517822266,0.16378937661647797,-0.9944823384284973,-17.563724517822266,0.16378937661647797,44,40,17.59185646995215,False,False
2048,3,40,40,0.0,0.0,-0.9879574179649353,-17.514333724975586,0.16374658048152924,-0.9879574179649353,-17.514333724975586,0.16374658048152924,44,40,17.54217619594357,False,False
2049,3,40,40,0.0,0.0,-0.9814602732658386,-17.46493911743164,0.163779154419899,-0.9814602732658386,-17.46493911743164,0.163779154419899,43,40,17.49249446601579,False,False
2050,3,40,40,0.0,0.0,-0.9749923944473267,-17.41554069519043,0.16393759846687317,-0.9749923944473267,-17.41554069519043,0.16393759846687317,43,40,17.44281135238996,False,False
2051,3,40,40,0.0,0.0,-0.9685551524162292,-17.36613655090332,0.16414974629878998,-0.9685551524162292,-17.36613655090332,0.16414974629878998,43,40,17.393125015013613,False,False
2052,3,40,40,0.0,0.0,-0.9621497988700867,-17.316728591918945,0.16440945863723755,-0.9621497988700867,-17.316728591918945,0.16440945863723755,43,40,17.34343741481627,False,False
2053,3,40,40,0.0,0.0,-0.955777645111084,-17.267314910888672,0.16465245187282562,-0.955777645111084,-17.267314910888672,0.16465245187282562,43,40,17.293746706214137,False,False
2054,3,40,40,0.0,0.0,-0.9494398236274719,-17.2178955078125,0.16487963497638702,-0.9494398236274719,-17.2178955078125,0.16487963497638702,43,40,17.244052937074848,False,False
2055,3,40,40,0.0,0.0,-0.943137526512146,-17.168472290039062,0.16503307223320007,-0.943137526512146,-17.168472290039062,0.16503307223320007,43,40,17.194358062101493,False,False
2056,3,40,40,0.0,0.0,-0.9368718266487122,-17.119043350219727,0.16511939465999603,-0.9368718266487122,-17.119043350219727,0.16511939465999603,43,40,17.144660219621453,False,False
2057,3,40,40,0.0,0.0,-0.9306437373161316,-17.069608688354492,0.16514460742473602,-0.9306437373161316,-17.069608688354492,0.16514460742473602,43,40,17.094959448309694,False,False
2058,3,40,40,0.0,0.0,-0.9244542121887207,-17.02016830444336,0.16511407494544983,-0.9244542121887207,-17.02016830444336,0.16511407494544983,43,40,17.045255782827425,False,False
2059,3,40,40,0.0,0.0,-0.9183042049407959,-16.970722198486328,0.16509148478507996,-0.9183042049407959,-16.970722198486328,0.16509148478507996,43,40,16.995549257114597,False,False
2060,3,40,40,0.0,0.0,-0.912194550037384,-16.9212703704834,0.16507528722286224,-0.912194550037384,-16.9212703704834,0.16507528722286224,43,40,16.94583989798432,False,False
2061,3,40,40,0.0,0.0,-0.906126081943512,-16.871814727783203,0.16506414115428925,-0.906126081943512,-16.871814727783203,0.16506414115428925,43,40,16.896129636251626,False,False
2062,3,40,40,0.0,0.0,-0.9000995755195618,-16.822351455688477,0.16505682468414307,-0.9000995755195618,-16.822351455688477,0.16505682468414307,43,40,16.84641468516535,False,False
2063,3,40,40,0.0,0.0,-0.8941157460212708,-16.77288246154785,0.16505222022533417,-0.8941157460212708,-16.77288246154785,0.16505222022533417,43,40,16.796696968040553,False,False
2064,3,40,40,0.0,0.0,-0.888175368309021,-16.72340965270996,0.16504935920238495,-0.888175368309021,-16.72340965270996,0.16504935920238495,43,40,16.746978410961887,False,False
2065,3,40,40,0.0,0.0,-0.8822789788246155,-16.67392921447754,0.16498854756355286,-0.8822789788246155,-16.67392921447754,0.16498854756355286,43,40,16.69725521293495,False,False
2066,3,40,40,0.0,0.0,-0.876427173614502,-16.62444305419922,0.16499248147010803,-0.876427173614502,-16.62444305419922,0.16499248147010803,43,40,16.64752928974635,False,False
2067,3,40,40,0.0,0.0,-0.8706205487251282,-16.574951171875,0.16505399346351624,-0.8706205487251282,-16.574951171875,0.16505399346351624,43,40,16.597800652191932,False,False
2068,3,40,40,0.0,0.0,-0.8648596405982971,-16.525453567504883,0.16522540152072906,-0.8648596405982971,-16.525453567504883,0.16522540152072906,43,40,16.548069307617,False,False
2069,3,40,40,0.0,0.0,-0.8591448068618774,-16.475950241088867,0.16543619334697723,-0.8591448068618774,-16.475950241088867,0.16543619334697723,43,40,16.498335253776183,False,False
2070,3,40,40,0.0,0.0,-0.8534766435623169,-16.426441192626953,0.16568174958229065,-0.8534766435623169,-16.426441192626953,0.16568174958229065,43,40,16.448598500660715,False,False
2071,3,40,40,0.0,0.0,-0.8478553891181946,-16.37692642211914,0.16589908301830292,-0.8478553891181946,-16.37692642211914,0.16589908301830292,43,40,16.398859039468594,False,False
2072,3,40,40,0.0,0.0,-0.8422815203666687,-16.32740592956543,0.16609033942222595,-0.8422815203666687,-16.32740592956543,0.16609033942222595,43,40,16.349116873652825,False,False
2073,3,40,40,0.0,0.0,-0.8367553353309631,-16.277877807617188,0.16625744104385376,-0.8367553353309631,-16.277877807617188,0.16625744104385376,43,40,16.299370092458204,False,False
2074,3,40,40,0.0,0.0,-0.831277072429657,-16.22834587097168,0.1663433313369751,-0.831277072429657,-16.22834587097168,0.1663433313369751,43,40,16.249622496508366,False,False
2075,3,40,40,0.0,0.0,-0.8258470296859741,-16.17880630493164,0.1663554459810257,-0.8258470296859741,-16.17880630493164,0.1663554459810257,43,40,16.199870270126763,False,False
2076,3,40,40,0.0,0.0,-0.8204654455184937,-16.129261016845703,0.16630052030086517,-0.8204654455184937,-16.129261016845703,0.16630052030086517,43,40,16.15011530908768,False,False
2077,3,40,40,0.0,0.0,-0.8151323795318604,-16.079710006713867,0.16618457436561584,-0.8151323795318604,-16.079710006713867,0.16618457436561584,43,40,16.10035759528885,False,False
2078,3,40,40,0.0,0.0,-0.8098481297492981,-16.030153274536133,0.16601306200027466,-0.8098481297492981,-16.030153274536133,0.16601306200027466,43,40,16.050597122798266,False,False
2079,3,40,40,0.0,0.0,-0.8046127557754517,-15.980591773986816,0.1657908856868744,-0.8046127557754517,-15.980591773986816,0.1657908856868744,43,40,16.000834826144906,False,False
2080,3,40,40,0.0,0.0,-0.7994263768196106,-15.931023597717285,0.16552242636680603,-0.7994263768196106,-15.931023597717285,0.16552242636680603,43,40,15.951068785601167,False,False
2081,3,40,40,0.0,0.0,-0.7942889928817749,-15.881450653076172,0.16527049243450165,-0.7942889928817749,-15.881450653076172,0.16527049243450165,43,40,15.901300885471814,False,False
2082,3,40,40,0.0,0.0,-0.7892006635665894,-15.831871032714844,0.1650327444076538,-0.7892006635665894,-15.831871032714844,0.1650327444076538,43,40,15.851529203325757,False,False
2083,3,40,40,0.0,0.0,-0.784161388874054,-15.782286643981934,0.16480711102485657,-0.784161388874054,-15.782286643981934,0.16480711102485657,43,40,15.801755623873298,False,False
2084,3,40,40,0.0,0.0,-0.7791711688041687,-15.732696533203125,0.1645917296409607,-0.7791711688041687,-15.732696533203125,0.1645917296409607,43,40,15.75197917457223,False,False
2085,3,40,40,0.0,0.0,-0.7742299437522888,-15.683100700378418,0.16438493132591248,-0.7742299437522888,-15.683100700378418,0.16438493132591248,43,40,15.702199832635321,False,False
2086,3,40,40,0.0,0.0,-0.7693375945091248,-15.633500099182129,0.16424399614334106,-0.7693375945091248,-15.633500099182129,0.16424399614334106,43,40,15.65241852511786,False,False
2087,3,40,40,0.0,0.0,-0.7644941210746765,-15.583893775939941,0.16416169703006744,-0.7644941210746765,-15.583893775939941,0.16416169703006744,43,40,15.602634280176453,False,False
2088,3,40,40,0.0,0.0,-0.7596993446350098,-15.534281730651855,0.1641315221786499,-0.7596993446350098,-15.534281730651855,0.1641315221786499,43,40,15.552847069958055,False,False
2089,3,40,40,0.0,0.0,-0.7549530863761902,-15.484665870666504,0.16408880054950714,-0.7549530863761902,-15.484665870666504,0.16408880054950714,43,40,15.503058772023442,False,False
2090,3,40,40,0.0,0.0,-0.7502552270889282,-15.435043334960938,0.1640341728925705,-0.7502552270889282,-15.435043334960938,0.1640341728925705,43,40,15.453266504461,False,False
2091,3,40,40,0.0,0.0,-0.7456056475639343,-15.385416984558105,0.16402700543403625,-0.7456056475639343,-15.385416984558105,0.16402700543403625,43,40,15.403473100908387,False,False
2092,3,40,40,0.0,0.0,-0.7410039901733398,-15.335784912109375,0.16400310397148132,-0.7410039901733398,-15.335784912109375,0.16400310397148132,43,40,15.353676621055113,False,False
2093,3,40,40,0.0,0.0,-0.7364501357078552,-15.286148071289062,0.16396352648735046,-0.7364501357078552,-15.286148071289062,0.16396352648735046,43,40,15.303877994147706,False,False
2094,3,40,40,0.0,0.0,-0.7319437861442566,-15.236506462097168,0.1639092117547989,-0.7319437861442566,-15.236506462097168,0.1639092117547989,43,40,15.254077188594659,False,False
2095,3,40,40,0.0,0.0,-0.7274846434593201,-15.186860084533691,0.16384103894233704,-0.7274846434593201,-15.186860084533691,0.16384103894233704,43,40,15.204274173194582,False,False
2096,3,40,40,0.0,0.0,-0.7230725288391113,-15.137208938598633,0.16375978291034698,-0.7230725288391113,-15.137208938598633,0.16375978291034698,43,40,15.154468922821154,False,False
2097,3,40,40,0.0,0.0,-0.7187070846557617,-15.087553024291992,0.16366612911224365,-0.7187070846557617,-15.087553024291992,0.16366612911224365,43,40,15.104661404161194,False,False
2098,3,40,40,0.0,0.0,-0.7143880128860474,-15.03789234161377,0.16356073319911957,-0.7143880128860474,-15.03789234161377,0.16356073319911957,43,40,15.054851587143638,False,False
2099,3,40,40,0.0,0.0,-0.7101149559020996,-14.988227844238281,0.1634441465139389,-0.7101149559020996,-14.988227844238281,0.1634441465139389,43,40,15.005040391861515,False,False
2100,3,40,40,0.0,0.0,-0.7058876156806946,-14.938558578491211,0.16331689059734344,-0.7058876156806946,-14.938558578491211,0.16331689059734344,43,40,14.955226836426947,False,False
2101,3,40,40,0.0,0.0,-0.7017055749893188,-14.888884544372559,0.1632382571697235,-0.7017055749893188,-14.888884544372559,0.1632382571697235,43,40,14.905410886306594,False,False
2102,3,40,40,0.0,0.0,-0.6975685358047485,-14.83920669555664,0.16320277750492096,-0.6975685358047485,-14.83920669555664,0.16320277750492096,43,40,14.855593465614149,False,False
2103,3,40,40,0.0,0.0,-0.6934760212898254,-14.78952407836914,0.16320553421974182,-0.6934760212898254,-14.78952407836914,0.16320553421974182,43,40,14.80577358521886,False,False
2104,3,40,40,0.0,0.0,-0.6894277334213257,-14.739838600158691,0.16324211657047272,-0.6894277334213257,-14.739838600158691,0.16324211657047272,43,40,14.75595312266675,False,False
2105,3,40,40,0.0,0.0,-0.6854231357574463,-14.69014835357666,0.16330856084823608,-0.6854231357574463,-14.69014835357666,0.16330856084823608,43,40,14.706130134237307,False,False
2106,3,40,40,0.0,0.0,-0.6814619302749634,-14.640453338623047,0.1634012758731842,-0.6814619302749634,-14.640453338623047,0.1634012758731842,43,40,14.656304593000678,False,False
2107,3,40,40,0.0,0.0,-0.6775436401367188,-14.590755462646484,0.16345828771591187,-0.6775436401367188,-14.590755462646484,0.16345828771591187,43,40,14.606478369375623,False,False
2108,3,40,40,0.0,0.0,-0.6736677885055542,-14.541053771972656,0.1634237915277481,-0.6736677885055542,-14.541053771972656,0.1634237915277481,43,40,14.556650476283002,False,False
2109,3,40,40,0.0,0.0,-0.6698339581489563,-14.491347312927246,0.16330638527870178,-0.6698339581489563,-14.491347312927246,0.16330638527870178,43,40,14.50681992979072,False,False
2110,3,40,40,0.0,0.0,-0.6660416722297668,-14.441637992858887,0.16317258775234222,-0.6660416722297668,-14.441637992858887,0.16317258775234222,43,40,14.456988601570242,False,False
2111,3,40,40,0.0,0.0,-0.6622905135154724,-14.391924858093262,0.16302350163459778,-0.6622905135154724,-14.391924858093262,0.16302350163459778,43,40,14.407155508472009,False,False
2112,3,40,40,0.0,0.0,-0.6585798859596252,-14.342207908630371,0.16286011040210724,-0.6585798859596252,-14.342207908630371,0.16286011040210724,43,40,14.357320612167515,False,False
2113,3,40,40,0.0,0.0,-0.6549094319343567,-14.292487144470215,0.16268326342105865,-0.6549094319343567,-14.292487144470215,0.16268326342105865,43,40,14.307483885676158,False,False
2114,3,40,40,0.0,0.0,-0.6512786746025085,-14.24276351928711,0.1624937802553177,-0.6512786746025085,-14.24276351928711,0.1624937802553177,43,40,14.25764624958579,False,False
2115,3,40,40,0.0,0.0,-0.6476869583129883,-14.193036079406738,0.16229239106178284,-0.6476869583129883,-14.193036079406738,0.16229239106178284,43,40,14.207806711358025,False,False
2116,3,40,40,0.0,0.0,-0.644133985042572,-14.143305778503418,0.16213850677013397,-0.644133985042572,-14.143305778503418,0.16213850677013397,43,40,14.157966200515348,False,False
2117,3,40,40,0.0,0.0,-0.6406190991401672,-14.093572616577148,0.1621444672346115,-0.6406190991401672,-14.093572616577148,0.1621444672346115,43,40,14.10812467796186,False,False
2118,3,40,40,0.0,0.0,-0.6371418833732605,-14.043835639953613,0.1622937172651291,-0.6371418833732605,-14.043835639953613,0.1622937172651291,43,40,14.058281163128719,False,False
2119,3,40,40,0.0,0.0,-0.6337018013000488,-13.994096755981445,0.16257137060165405,-0.6337018013000488,-13.994096755981445,0.16257137060165405,43,40,14.008437528459101,False,False
2120,3,40,40,0.0,0.0,-0.6302983164787292,-13.944354057312012,0.16278764605522156,-0.6302983164787292,-13.944354057312012,0.16278764605522156,43,40,13.958591835977936,False,False
2121,3,40,40,0.0,0.0,-0.6269308924674988,-13.894608497619629,0.16294816136360168,-0.6269308924674988,-13.894608497619629,0.16294816136360168,43,40,13.908745006148242,False,False
2122,3,40,40,0.0,0.0,-0.6235989928245544,-13.844860076904297,0.16305799782276154,-0.6235989928245544,-13.844860076904297,0.16305799782276154,43,40,13.858897007082138,False,False
2123,3,40,40,0.0,0.0,-0.6203020811080933,-13.795108795166016,0.16312170028686523,-0.6203020811080933,-13.795108795166016,0.16312170028686523,43,40,13.809047807227468,False,False
2124,3,40,40,0.0,0.0,-0.6170396208763123,-13.745354652404785,0.16314338147640228,-0.6170396208763123,-13.745354652404785,0.16314338147640228,43,40,13.759197375360129,False,False
2125,3,40,40,0.0,0.0,-0.6138110756874084,-13.695597648620605,0.16306793689727783,-0.6138110756874084,-13.695597648620605,0.16306793689727783,43,40,13.7093456805764,False,False
2126,3,40,40,0.0,0.0,-0.6106159687042236,-13.645837783813477,0.16290459036827087,-0.6106159687042236,-13.645837783813477,0.16290459036827087,43,40,13.659492694949842,False,False
2127,3,40,40,0.0,0.0,-0.6074537038803101,-13.596076011657715,0.1627204418182373,-0.6074537038803101,-13.596076011657715,0.1627204418182373,43,40,13.609639338245971,False,False
2128,3,40,40,0.0,0.0,-0.6043238043785095,-13.546311378479004,0.16269348561763763,-0.6043238043785095,-13.546311378479004,0.16269348561763763,43,40,13.559784630415345,False,False
2129,3,40,40,0.0,0.0,-0.6012256741523743,-13.496543884277344,0.16280744969844818,-0.6012256741523743,-13.496543884277344,0.16280744969844818,43,40,13.509928539096132,False,False
2130,3,40,40,0.0,0.0,-0.5981588363647461,-13.446775436401367,0.16310656070709229,-0.5981588363647461,-13.446775436401367,0.16310656070709229,43,40,13.460072942986914,False,False
2131,3,40,40,0.0,0.0,-0.5951226949691772,-13.397003173828125,0.16333657503128052,-0.5951226949691772,-13.397003173828125,0.16333657503128052,43,40,13.410214952103797,False,False
2132,3,40,40,0.0,0.0,-0.5921167731285095,-13.347229957580566,0.1634451448917389,-0.5921167731285095,-13.347229957580566,0.1634451448917389,43,40,13.360357398421504,False,False
2133,3,40,40,0.0,0.0,-0.5891404151916504,-13.297452926635742,0.16344395279884338,-0.5891404151916504,-13.297452926635742,0.16344395279884338,43,40,13.310497389838806,False,False
2134,3,40,40,0.0,0.0,-0.5861930847167969,-13.247674942016602,0.16334348917007446,-0.5861930847167969,-13.247674942016602,0.16334348917007446,43,40,13.260637756228181,False,False
2135,3,40,40,0.0,0.0,-0.5832743644714355,-13.197894096374512,0.1631532609462738,-0.5832743644714355,-13.197894096374512,0.1631532609462738,43,40,13.210776569277325,False,False
2136,3,40,40,0.0,0.0,-0.5803836584091187,-13.148110389709473,0.16299934685230255,-0.5803836584091187,-13.148110389709473,0.16299934685230255,43,40,13.160913798476704,False,False
2137,3,40,40,0.0,0.0,-0.5775204300880432,-13.098325729370117,0.1628776639699936,-0.5775204300880432,-13.098325729370117,0.1628776639699936,43,40,13.11105132168463,False,False
2138,3,40,40,0.0,0.0,-0.5746841430664062,-13.048539161682129,0.16278451681137085,-0.5746841430664062,-13.048539161682129,0.16278451681137085,43,40,13.061188158748964,False,False
2139,3,40,40,0.0,0.0,-0.5718743205070496,-12.998749732971191,0.1627165824174881,-0.5718743205070496,-12.998749732971191,0.1627165824174881,43,40,13.011323332346869,False,False
2140,3,40,40,0.0,0.0,-0.5690904259681702,-12.948959350585938,0.16267088055610657,-0.5690904259681702,-12.948959350585938,0.16267088055610657,43,40,12.961458720994933,False,False
2141,3,40,40,0.0,0.0,-0.5663318634033203,-12.89916706085205,0.16264474391937256,-0.5663318634033203,-12.89916706085205,0.16264474391937256,43,40,12.911593342545931,False,False
2142,3,40,40,0.0,0.0,-0.5635981559753418,-12.849372863769531,0.1626945585012436,-0.5635981559753418,-12.849372863769531,0.1626945585012436,43,40,12.861727173035339,False,False
2143,3,40,40,0.0,0.0,-0.5608888268470764,-12.799576759338379,0.1628122627735138,-0.5608888268470764,-12.799576759338379,0.1628122627735138,43,40,12.811860188679747,False,False
2144,3,40,40,0.0,0.0,-0.5582033395767212,-12.749778747558594,0.16299061477184296,-0.5582033395767212,-12.749778747558594,0.16299061477184296,43,40,12.761992363264106,False,False
2145,3,40,40,0.0,0.0,-0.5555411577224731,-12.699979782104492,0.16322311758995056,-0.5555411577224731,-12.699979782104492,0.16322311758995056,43,40,12.712124623515397,False,False
2146,3,40,40,0.0,0.0,-0.5529018044471741,-12.650178909301758,0.16344508528709412,-0.5529018044471741,-12.650178909301758,0.16344508528709412,43,40,12.66225599341223,False,False
2147,3,40,40,0.0,0.0,-0.5502846837043762,-12.60037612915039,0.16365715861320496,-0.5502846837043762,-12.60037612915039,0.16365715861320496,43,40,12.612386444649664,False,False
2148,3,40,40,0.0,0.0,-0.5476894378662109,-12.55057144165039,0.16385990381240845,-0.5476894378662109,-12.55057144165039,0.16385990381240845,43,40,12.562515959485209,False,False
2149,3,40,40,0.0,0.0,-0.5451154112815857,-12.500765800476074,0.16393622756004333,-0.5451154112815857,-12.500765800476074,0.16393622756004333,43,40,12.512645460092319,False,False
2150,3,40,40,0.0,0.0,-0.5425622463226318,-12.450958251953125,0.16389836370944977,-0.5425622463226318,-12.450958251953125,0.16389836370944977,42,40,12.462773976246792,False,False
2151,3,40,40,0.0,0.0,-0.5400293469429016,-12.40114974975586,0.16381612420082092,-0.5400293469429016,-12.40114974975586,0.16381612420082092,42,40,12.412902433010153,False,False
2152,3,40,40,0.0,0.0,-0.5375162959098816,-12.351339340209961,0.16369354724884033,-0.5375162959098816,-12.351339340209961,0.16369354724884033,42,40,12.363029857821541,False,False
2153,3,40,40,0.0,0.0,-0.5350226163864136,-12.30152702331543,0.1635342389345169,-0.5350226163864136,-12.30152702331543,0.1635342389345169,42,40,12.313156228417014,False,False
2154,3,40,40,0.0,0.0,-0.5325478315353394,-12.251714706420898,0.1633414924144745,-0.5325478315353394,-12.251714706420898,0.1633414924144745,42,40,12.263283428201564,False,False
2155,3,40,40,0.0,0.0,-0.530091404914856,-12.201899528503418,0.16311824321746826,-0.530091404914856,-12.201899528503418,0.16311824321746826,42,40,12.213408574237436,False,False
2156,3,40,40,0.0,0.0,-0.5276529788970947,-12.152084350585938,0.16286712884902954,-0.5276529788970947,-12.152084350585938,0.16286712884902954,42,40,12.163534508106377,False,False
2157,3,40,40,0.0,0.0,-0.5252320766448975,-12.102267265319824,0.16259054839611053,-0.5252320766448975,-12.102267265319824,0.16259054839611053,42,40,12.113659302439064,False,False
2158,3,40,40,0.0,0.0,-0.5228281617164612,-12.052448272705078,0.16229066252708435,-0.5228281617164612,-12.052448272705078,0.16229066252708435,42,40,12.06378293293258,False,False
2159,3,40,40,0.0,0.0,-0.5204408764839172,-12.002629280090332,0.16214577853679657,-0.5204408764839172,-12.002629280090332,0.16214577853679657,42,40,12.01390728868827,False,False
2160,3,40,40,0.0,0.0,-0.5180698037147522,-11.952808380126953,0.16214002668857574,-0.5180698037147522,-11.952808380126953,0.16214002668857574,42,40,11.964030445195053,False,False
2161,3,40,40,0.0,0.0,-0.5157144069671631,-11.902987480163574,0.16220024228096008,-0.5157144069671631,-11.902987480163574,0.16220024228096008,42,40,11.914154283980222,False,False
2162,3,40,40,0.0,0.0,-0.5133743286132812,-11.853164672851562,0.16231945157051086,-0.5133743286132812,-11.853164672851562,0.16231945157051086,42,40,11.86427688327508,False,False
2163,3,40,40,0.0,0.0,-0.5110490918159485,-11.803340911865234,0.16243258118629456,-0.5110490918159485,-11.803340911865234,0.16243258118629456,42,40,11.814399174564803,False,False
2164,3,40,40,0.0,0.0,-0.5087382793426514,-11.75351619720459,0.16253983974456787,-0.5087382793426514,-11.75351619720459,0.16253983974456787,42,40,11.764521139205758,False,False
2165,3,40,40,0.0,0.0,-0.5064415335655212,-11.703690528869629,0.16264143586158752,-0.5064415335655212,-11.703690528869629,0.16264143586158752,42,40,11.714642761197323,False,False
2166,3,40,40,0.0,0.0,-0.5041584372520447,-11.653863906860352,0.16273757815361023,-0.5041584372520447,-11.653863906860352,0.16273757815361023,42,40,11.664764022022684,False,False
2167,3,40,40,0.0,0.0,-0.5018885135650635,-11.604036331176758,0.1628284454345703,-0.5018885135650635,-11.604036331176758,0.1628284454345703,42,40,11.614884900648766,False,False
2168,3,40,40,0.0,0.0,-0.499631404876709,-11.554206848144531,0.16291417181491852,-0.499631404876709,-11.554206848144531,0.16291417181491852,42,40,11.56500442846647,False,False
2169,3,40,40,0.0,0.0,-0.49738672375679016,-11.504377365112305,0.16299493610858917,-0.49738672375679016,-11.504377365112305,0.16299493610858917,42,40,11.515124493980856,False,False
2170,3,40,40,0.0,0.0,-0.49515411257743835,-11.454546928405762,0.16307085752487183,-0.49515411257743835,-11.454546928405762,0.16307085752487183,42,40,11.465244128680917,False,False
2171,3,40,40,0.0,0.0,-0.49293315410614014,-11.404715538024902,0.16314205527305603,-0.49293315410614014,-11.404715538024902,0.16314205527305603,42,40,11.415363314309522,False,False
2172,3,40,40,0.0,0.0,-0.49072349071502686,-11.354883193969727,0.16320866346359253,-0.49072349071502686,-11.354883193969727,0.16320866346359253,42,40,11.365482035225591,False,False
2173,3,40,40,0.0,0.0,-0.48852473497390747,-11.305049896240234,0.16327078640460968,-0.48852473497390747,-11.305049896240234,0.16327078640460968,42,40,11.315600274539689,False,False
2174,3,40,40,0.0,0.0,-0.4863365590572357,-11.255216598510742,0.16326971352100372,-0.4863365590572357,-11.255216598510742,0.16326971352100372,42,40,11.265718970756698,False,False
2175,3,40,40,0.0,0.0,-0.48415857553482056,-11.205381393432617,0.16321143507957458,-0.48415857553482056,-11.205381393432617,0.16321143507957458,42,40,11.215836201485372,False,False
2176,3,40,40,0.0,0.0,-0.4819904565811157,-11.155546188354492,0.16310131549835205,-0.4819904565811157,-11.155546188354492,0.16310131549835205,42,40,11.165953858078838,False,False
2177,3,40,40,0.0,0.0,-0.47983187437057495,-11.105709075927734,0.1629442274570465,-0.47983187437057495,-11.105709075927734,0.1629442274570465,42,40,11.116070020776482,False,False
2178,3,40,40,0.0,0.0,-0.4776824414730072,-11.055871963500977,0.16274453699588776,-0.4776824414730072,-11.055871963500977,0.16274453699588776,42,40,11.066186578411669,False,False
2179,3,40,40,0.0,0.0,-0.4755418598651886,-11.006033897399902,0.16250614821910858,-0.4755418598651886,-11.006033897399902,0.16250614821910858,42,40,11.01630256534377,False,False
2180,3,40,40,0.0,0.0,-0.4734097719192505,-10.956194877624512,0.16223262250423431,-0.4734097719192505,-10.956194877624512,0.16223262250423431,42,40,10.966417966165352,False,False
2181,3,40,40,0.0,0.0,-0.4712859094142914,-10.906355857849121,0.16192713379859924,-0.4712859094142914,-10.906355857849121,0.16192713379859924,42,40,10.916533722132328,False,False
2182,3,40,40,0.0,0.0,-0.469169944524765,-10.856515884399414,0.1616513729095459,-0.469169944524765,-10.856515884399414,0.1616513729095459,42,40,10.866648866373762,False,False
2183,3,40,40,0.0,0.0,-0.4670615494251251,-10.80667495727539,0.16140201687812805,-0.4670615494251251,-10.80667495727539,0.16140201687812805,42,40,10.816763384818698,False,False
2184,3,40,40,0.0,0.0,-0.4649604558944702,-10.756834030151367,0.16123490035533905,-0.4649604558944702,-10.756834030151367,0.16123490035533905,42,40,10.766878218767411,False,False
2185,3,40,40,0.0,0.0,-0.46286633610725403,-10.706992149353027,0.16120025515556335,-0.46286633610725403,-10.706992149353027,0.16120025515556335,42,40,10.716992401388028,False,False
2186,3,40,40,0.0,0.0,-0.4607789218425751,-10.657150268554688,0.16128452122211456,-0.4607789218425751,-10.657150268554688,0.16128452122211456,42,40,10.667106874001481,False,False
2187,3,40,40,0.0,0.0,-0.45869794487953186,-10.607307434082031,0.1614166498184204,-0.45869794487953186,-10.607307434082031,0.1614166498184204,42,40,10.617220672368482,False,False
2188,3,40,40,0.0,0.0,-0.4566230773925781,-10.557463645935059,0.1615915447473526,-0.4566230773925781,-10.557463645935059,0.1615915447473526,42,40,10.567333782466031,False,False
2189,3,40,40,0.0,0.0,-0.45455408096313477,-10.507619857788086,0.16180461645126343,-0.45455408096313477,-10.507619857788086,0.16180461645126343,42,40,10.51744714692224,False,False
2190,3,40,40,0.0,0.0,-0.4524906575679779,-10.457775115966797,0.16199292242527008,-0.4524906575679779,-10.457775115966797,0.16199292242527008,42,40,10.467559800226635,False,False
2191,3,40,40,0.0,0.0,-0.45043259859085083,-10.407930374145508,0.16215863823890686,-0.45043259859085083,-10.407930374145508,0.16215863823890686,42,40,10.417672686302538,False,False
2192,3,40,40,0.0,0.0,-0.44837960600852966,-10.358084678649902,0.16230373084545135,-0.44837960600852966,-10.358084678649902,0.16230373084545135,42,40,10.367784839644688,False,False
2193,3,40,40,0.0,0.0,-0.4463314414024353,-10.308238983154297,0.16242995858192444,-0.4463314414024353,-10.308238983154297,0.16242995858192444,42,40,10.31789720289005,False,False
2194,3,40,40,0.0,0.0,-0.44428786635398865,-10.258392333984375,0.16253890097141266,-0.44428786635398865,-10.258392333984375,0.16253890097141266,42,40,10.268008813111663,False,False
2195,3,40,40,0.0,0.0,-0.4422486126422882,-10.208545684814453,0.1625732183456421,-0.4422486126422882,-10.208545684814453,0.1625732183456421,42,40,10.218120611654955,False,False
2196,3,40,40,0.0,0.0,-0.44021347165107727,-10.158698081970215,0.16254007816314697,-0.44021347165107727,-10.158698081970215,0.16254007816314697,42,40,10.168231636880053,False,False
2197,3,40,40,0.0,0.0,-0.4381822347640991,-10.10884952545166,0.16244593262672424,-0.4381822347640991,-10.10884952545166,0.16244593262672424,42,40,10.118341879927122,False,False
2198,3,40,40,0.0,0.0,-0.43615466356277466,-10.059000968933105,0.1622966080904007,-0.43615466356277466,-10.059000968933105,0.1622966080904007,42,40,10.068452283421951,False,False
2199,3,40,40,0.0,0.0,-0.43413063883781433,-10.0091552734375,0.1621561348438263,-0.43413063883781433,-10.0091552734375,0.1621561348438263,42,40,10.018565700705837,False,False
2200,3,40,40,0.0,0.0,-0.432110995054245,-9.95933723449707,0.1620231568813324,-0.432110995054245,-9.95933723449707,0.1620231568813324,42,40,9.968706940345198,False,False
2201,3,40,40,0.0,0.0,-0.4300963580608368,-9.909568786621094,0.1618964970111847,-0.4300963580608368,-9.909568786621094,0.1618964970111847,42,40,9.91889794352136,False,False
2202,3,40,40,0.0,0.0,-0.42808735370635986,-9.859869956970215,0.16183386743068695,-0.42808735370635986,-9.859869956970215,0.16183386743068695,42,40,9.869158745848967,False,False
2203,3,40,40,0.0,0.0,-0.4260844886302948,-9.810258865356445,0.1618872433900833,-0.4260844886302948,-9.810258865356445,0.1618872433900833,42,40,9.819507472208373,False,False
2204,3,40,40,0.0,0.0,-0.42408818006515503,-9.760750770568848,0.16204456984996796,-0.42408818006515503,-9.760750770568848,0.16204456984996796,42,40,9.76995938526007,False,False
2205,3,40,40,0.0,0.0,-0.42209887504577637,-9.711360931396484,0.16229502856731415,-0.42209887504577637,-9.711360931396484,0.16229502856731415,42,40,9.720529748947271,False,False
2206,3,40,40,0.0,0.0,-0.4201168119907379,-9.662101745605469,0.162570059299469,-0.4201168119907379,-9.662101745605469,0.162570059299469,42,40,9.671230959818379,False,False
2207,3,40,40,0.0,0.0,-0.4181423485279083,-9.612984657287598,0.16280800104141235,-0.4181423485279083,-9.612984657287598,0.16280800104141235,42,40,9.622074466812196,False,False
2208,3,40,40,0.0,0.0,-0.4161756932735443,-9.564020156860352,0.16301216185092926,-0.4161756932735443,-9.564020156860352,0.16301216185092926,42,40,9.573070759610149,False,False
2209,3,40,40,0.0,0.0,-0.4142170548439026,-9.515217781066895,0.16306792199611664,-0.4142170548439026,-9.515217781066895,0.16306792199611664,42,40,9.524229375107215,False,False
2210,3,40,40,0.0,0.0,-0.4122665524482727,-9.466584205627441,0.16304856538772583,-0.4122665524482727,-9.466584205627441,0.16304856538772583,42,40,9.475556987982422,False,False
2211,3,40,40,0.0,0.0,-0.410324364900589,-9.41812801361084,0.16301999986171722,-0.410324364900589,-9.41812801361084,0.16301999986171722,42,40,9.427062181039878,False,False
2212,3,40,40,0.0,0.0,-0.4083905816078186,-9.369854927062988,0.1629827916622162,-0.4083905816078186,-9.369854927062988,0.1629827916622162,42,40,9.37875067486883,False,False
2213,3,40,40,0.0,0.0,-0.4064652621746063,-9.321771621704102,0.16293738782405853,-0.4064652621746063,-9.321771621704102,0.16293738782405853,42,40,9.330629141518946,False,False
2214,3,40,40,0.0,0.0,-0.4045484960079193,-9.273882865905762,0.16288426518440247,-0.4045484960079193,-9.273882865905762,0.16288426518440247,42,40,9.282702348786303,False,False
2215,3,40,40,0.0,0.0,-0.40264031291007996,-9.226192474365234,0.16288261115550995,-0.40264031291007996,-9.226192474365234,0.16288261115550995,42,40,9.234974109092782,False,False
2216,3,40,40,0.0,0.0,-0.40074071288108826,-9.178705215454102,0.16292689740657806,-0.40074071288108826,-9.178705215454102,0.16292689740657806,42,40,9.187449186317428,False,False
2217,3,40,40,0.0,0.0,-0.3988497257232666,-9.131423950195312,0.16301217675209045,-0.3988497257232666,-9.131423950195312,0.16301217675209045,42,40,9.14013044009275,False,False
2218,3,40,40,0.0,0.0,-0.396967351436615,-9.084351539611816,0.16307519376277924,-0.396967351436615,-9.084351539611816,0.16307519376277924,42,40,9.093020728743236,False,False
2219,3,40,40,0.0,0.0,-0.39509356021881104,-9.037490844726562,0.16311781108379364,-0.39509356021881104,-9.037490844726562,0.16311781108379364,42,40,9.04612290928234,False,False
2220,3,40,40,0.0,0.0,-0.39322835206985474,-8.990843772888184,0.16314174234867096,-0.39322835206985474,-8.990843772888184,0.16314174234867096,42,40,8.99943888725035,False,False
2221,3,40,40,0.0,0.0,-0.3913716673851013,-8.944413185119629,0.16314849257469177,-0.3913716673851013,-8.944413185119629,0.16314849257469177,42,40,8.952971518338124,False,False
2222,3,40,40,0.0,0.0,-0.389523446559906,-8.898199081420898,0.1631394773721695,-0.389523446559906,-8.898199081420898,0.1631394773721695,42,40,8.906720799936396,False,False
2223,3,40,40,0.0,0.0,-0.3876836895942688,-8.852203369140625,0.16311590373516083,-0.3876836895942688,-8.852203369140625,0.16311590373516083,42,40,8.860688637560969,False,False
2224,3,40,40,0.0,0.0,-0.3858523368835449,-8.806427955627441,0.1630789339542389,-0.3858523368835449,-8.806427955627441,0.1630789339542389,42,40,8.81487693411173,False,False
2225,3,40,40,0.0,0.0,-0.3840293288230896,-8.760872840881348,0.16302958130836487,-0.3840293288230896,-8.760872840881348,0.16302958130836487,42,40,8.76928568695813,False,False
2226,3,40,40,0.0,0.0,-0.38221457600593567,-8.71553897857666,0.16296875476837158,-0.38221457600593567,-8.71553897857666,0.16296875476837158,42,40,8.723915844917379,False,False
2227,3,40,40,0.0,0.0,-0.38040804862976074,-8.670426368713379,0.1628972738981247,-0.38040804862976074,-8.670426368713379,0.1628972738981247,42,40,8.678767406650703,False,False
2228,3,40,40,0.0,0.0,-0.37860965728759766,-8.62553596496582,0.16281592845916748,-0.37860965728759766,-8.62553596496582,0.16281592845916748,42,40,8.63384132095965,False,False
2229,3,40,40,0.0,0.0,-0.376819372177124,-8.580867767333984,0.16272537410259247,-0.376819372177124,-8.580867767333984,0.16272537410259247,42,40,8.589137586493727,False,False
2230,3,40,40,0.0,0.0,-0.37503713369369507,-8.536422729492188,0.162626251578331,-0.37503713369369507,-8.536422729492188,0.162626251578331,42,40,8.544657153346764,False,False
2231,3,40,40,0.0,0.0,-0.37326282262802124,-8.492198944091797,0.16251909732818604,-0.37326282262802124,-8.492198944091797,0.16251909732818604,42,40,8.500398110723406,False,False
2232,3,40,40,0.0,0.0,-0.37149640917778015,-8.448196411132812,0.16240443289279938,-0.37149640917778015,-8.448196411132812,0.16240443289279938,42,40,8.456360457259926,False,False
2233,3,40,40,0.0,0.0,-0.36973780393600464,-8.404417037963867,0.16228270530700684,-0.36973780393600464,-8.404417037963867,0.16228270530700684,42,40,8.412546094475605,False,False
2234,3,40,40,0.0,0.0,-0.3679869472980499,-8.360857963562012,0.16215436160564423,-0.3679869472980499,-8.360857963562012,0.16215436160564423,42,40,8.368952161426186,False,False
2235,3,40,40,0.0,0.0,-0.36624377965927124,-8.317520141601562,0.16207855939865112,-0.36624377965927124,-8.317520141601562,0.16207855939865112,42,40,8.325579608176644,False,False
2236,3,40,40,0.0,0.0,-0.3645082414150238,-8.27440357208252,0.16204975545406342,-0.3645082414150238,-8.27440357208252,0.16204975545406342,42,40,8.28242843203317,False,False
2237,3,40,40,0.0,0.0,-0.36278024315834045,-8.23150634765625,0.16206298768520355,-0.36278024315834045,-8.23150634765625,0.16206298768520355,42,40,8.239496723485674,False,False
2238,3,40,40,0.0,0.0,-0.3610597550868988,-8.188828468322754,0.162113755941391,-0.3610597550868988,-8.188828468322754,0.162113755941391,42,40,8.196784481146043,False,False
2239,3,40,40,0.0,0.0,-0.3593466579914093,-8.146368980407715,0.16213923692703247,-0.3593466579914093,-8.146368980407715,0.16213923692703247,42,40,8.154290746935544,False,False
2240,3,40,40,0.0,0.0,-0.35764095187187195,-8.104127883911133,0.16214172542095184,-0.35764095187187195,-8.104127883911133,0.16214172542095184,42,40,8.112015520771749,False,False
2241,3,40,40,0.0,0.0,-0.3559425473213196,-8.062104225158691,0.16212323307991028,-0.3559425473213196,-8.062104225158691,0.16212323307991028,42,40,8.069957845882172,False,False
2242,3,40,40,0.0,0.0,-0.35425135493278503,-8.020297050476074,0.1620856076478958,-0.35425135493278503,-8.020297050476074,0.1620856076478958,42,40,8.028116765490331,False,False
2243,3,40,40,0.0,0.0,-0.3525673747062683,-7.978705406188965,0.16203051805496216,-0.3525673747062683,-7.978705406188965,0.16203051805496216,42,40,7.986491326762728,False,False
2244,3,40,40,0.0,0.0,-0.35089051723480225,-7.937328338623047,0.1619594693183899,-0.35089051723480225,-7.937328338623047,0.1619594693183899,42,40,7.945080572920189,False,False
2245,3,40,40,0.0,0.0,-0.34922072291374207,-7.896165370941162,0.16187380254268646,-0.34922072291374207,-7.896165370941162,0.16187380254268646,42,40,7.903884024867949,False,False
2246,3,40,40,0.0,0.0,-0.347557932138443,-7.855216026306152,0.16183353960514069,-0.347557932138443,-7.855216026306152,0.16183353960514069,42,40,7.862901203508115,False,False
2247,3,40,40,0.0,0.0,-0.34590214490890503,-7.814478397369385,0.16183389723300934,-0.34590214490890503,-7.814478397369385,0.16183389723300934,42,40,7.822130203263391,False,False
2248,3,40,40,0.0,0.0,-0.3442532420158386,-7.773952484130859,0.1618705689907074,-0.3442532420158386,-7.773952484130859,0.1618705689907074,42,40,7.781571018770102,False,False
2249,3,40,40,0.0,0.0,-0.3426112234592438,-7.733636856079102,0.16193968057632446,-0.3426112234592438,-7.733636856079102,0.16193968057632446,42,40,7.741222220821806,False,False
2250,3,40,40,0.0,0.0,-0.3409759998321533,-7.693530559539795,0.16203776001930237,-0.3409759998321533,-7.693530559539795,0.16203776001930237,42,40,7.701082852627561,False,False
2251,3,40,40,0.0,0.0,-0.33934757113456726,-7.653632640838623,0.1621616780757904,-0.33934757113456726,-7.653632640838623,0.1621616780757904,42,40,7.661151961353157,False,False
2252,3,40,40,0.0,0.0,-0.33772584795951843,-7.613942623138428,0.16230861842632294,-0.33772584795951843,-7.613942623138428,0.16230861842632294,42,40,7.621429066574329,False,False
2253,3,40,40,0.0,0.0,-0.33611083030700684,-7.574459552764893,0.16241727769374847,-0.33611083030700684,-7.574459552764893,0.16241727769374847,42,40,7.581913215456967,False,False
2254,3,40,40,0.0,0.0,-0.3345024585723877,-7.535181522369385,0.16249124705791473,-0.3345024585723877,-7.535181522369385,0.16249124705791473,42,40,7.542602499790637,False,False
2255,3,40,40,0.0,0.0,-0.33290067315101624,-7.496108531951904,0.16253378987312317,-0.33290067315101624,-7.496108531951904,0.16253378987312317,41,40,7.503496916837277,False,False
2256,3,40,40,0.0,0.0,-0.33130547404289246,-7.457238674163818,0.16254785656929016,-0.33130547404289246,-7.457238674163818,0.16254785656929016,41,40,7.464594561031117,False,False
2257,3,40,40,0.0,0.0,-0.3297167718410492,-7.418571949005127,0.16253606975078583,-0.3297167718410492,-7.418571949005127,0.16253606975078583,41,40,7.425895428310246,False,False
2258,3,40,40,0.0,0.0,-0.32813459634780884,-7.3801069259643555,0.16250081360340118,-0.32813459634780884,-7.3801069259643555,0.16250081360340118,41,40,7.387398090802159,False,False
2259,3,40,40,0.0,0.0,-0.3265588581562042,-7.3418426513671875,0.16250304877758026,-0.3265588581562042,-7.3418426513671875,0.16250304877758026,41,40,7.3491015917100135,False,False
2260,3,40,40,0.0,0.0,-0.32498952746391296,-7.303778171539307,0.1625388115644455,-0.32498952746391296,-7.303778171539307,0.1625388115644455,41,40,7.311004976883498,False,False
2261,3,40,40,0.0,0.0,-0.32342660427093506,-7.2659125328063965,0.16260454058647156,-0.32342660427093506,-7.2659125328063965,0.16260454058647156,41,40,7.2731072934986525,False,False
2262,3,40,40,0.0,0.0,-0.3218700587749481,-7.228244304656982,0.16269704699516296,-0.3218700587749481,-7.228244304656982,0.16269704699516296,41,40,7.235407111043711,False,False
2263,3,40,40,0.0,0.0,-0.3203198313713074,-7.1907734870910645,0.1628134548664093,-0.3203198313713074,-7.1907734870910645,0.1628134548664093,41,40,7.197904426777389,False,False
2264,3,40,40,0.0,0.0,-0.31877589225769043,-7.153497695922852,0.16295118629932404,-0.31877589225769043,-7.153497695922852,0.16295118629932404,41,40,7.160596857459455,False,False
2265,3,40,40,0.0,0.0,-0.3172382414340973,-7.116417407989502,0.16299031674861908,-0.3172382414340973,-7.116417407989502,0.16299031674861908,41,40,7.123484879366575,False,False
2266,3,40,40,0.0,0.0,-0.3157068192958832,-7.079530715942383,0.16294054687023163,-0.3157068192958832,-7.079530715942383,0.16294054687023163,41,40,7.086566584300297,False,False
2267,3,40,40,0.0,0.0,-0.3141816556453705,-7.042836666107178,0.1628693789243698,-0.3141816556453705,-7.042836666107178,0.1628693789243698,41,40,7.049841020775414,False,False
2268,3,40,40,0.0,0.0,-0.31266266107559204,-7.00633430480957,0.16283757984638214,-0.31266266107559204,-7.00633430480957,0.16283757984638214,41,40,7.013307231997061,False,False
2269,3,40,40,0.0,0.0,-0.31114983558654785,-6.970023155212402,0.1628410369157791,-0.31114983558654785,-6.970023155212402,0.1628410369157791,41,40,6.976964741517803,False,False
2270,3,40,40,0.0,0.0,-0.3096431493759155,-6.933901786804199,0.16287602484226227,-0.3096431493759155,-6.933901786804199,0.16287602484226227,41,40,6.9408121188375285,False,False
2271,3,40,40,0.0,0.0,-0.30814263224601746,-6.897969722747803,0.16288043558597565,-0.30814263224601746,-6.897969722747803,0.16288043558597565,41,40,6.9048488888427455,False,False
2272,3,40,40,0.0,0.0,-0.3066481947898865,-6.862225532531738,0.16285715997219086,-0.3066481947898865,-6.862225532531738,0.16285715997219086,41,40,6.8690736183781285,False,False
2273,3,40,40,0.0,0.0,-0.3051598370075226,-6.826667785644531,0.16280880570411682,-0.3051598370075226,-6.826667785644531,0.16280880570411682,41,40,6.833484878279842,False,False
2274,3,40,40,0.0,0.0,-0.3036775588989258,-6.791296482086182,0.1627964973449707,-0.3036775588989258,-6.791296482086182,0.1627964973449707,41,40,6.798082668471674,False,False
2275,3,40,40,0.0,0.0,-0.3022013306617737,-6.756110668182373,0.16275767982006073,-0.3022013306617737,-6.756110668182373,0.16275767982006073,41,40,6.762866034824394,False,False
2276,3,40,40,0.0,0.0,-0.3007310926914215,-6.721108436584473,0.16269485652446747,-0.3007310926914215,-6.721108436584473,0.16269485652446747,41,40,6.727833069156691,False,False
2277,3,40,40,0.0,0.0,-0.29926690459251404,-6.686289310455322,0.1626102477312088,-0.29926690459251404,-6.686289310455322,0.1626102477312088,41,40,6.692983297700174,False,False
2278,3,40,40,0.0,0.0,-0.2978087067604065,-6.651652812957764,0.1625058948993683,-0.2978087067604065,-6.651652812957764,0.1625058948993683,41,40,6.658316241359465,False,False
2279,3,40,40,0.0,0.0,-0.2963564693927765,-6.617197513580322,0.16238361597061157,-0.2963564693927765,-6.617197513580322,0.16238361597061157,41,40,6.623830469651571,False,False
2280,3,40,40,0.0,0.0,-0.294910192489624,-6.582922458648682,0.1623038500547409,-0.294910192489624,-6.582922458648682,0.1623038500547409,41,40,6.589525029788981,False,False
2281,3,40,40,0.0,0.0,-0.2934698462486267,-6.548826694488525,0.1622621864080429,-0.2934698462486267,-6.548826694488525,0.1622621864080429,41,40,6.555398967652747,False,False
2282,3,40,40,0.0,0.0,-0.29203546047210693,-6.514909744262695,0.1622546762228012,-0.29203546047210693,-6.514909744262695,0.1622546762228012,41,40,6.521451808153011,False,False
2283,3,40,40,0.0,0.0,-0.29060694575309753,-6.481170177459717,0.16221894323825836,-0.29060694575309753,-6.481170177459717,0.16221894323825836,41,40,6.487682118146138,False,False
2284,3,40,40,0.0,0.0,-0.2891843616962433,-6.447607040405273,0.16215768456459045,-0.2891843616962433,-6.447607040405273,0.16215768456459045,41,40,6.454088947522594,False,False
2285,3,40,40,0.0,0.0,-0.2877676486968994,-6.414219856262207,0.1620733141899109,-0.2877676486968994,-6.414219856262207,0.1620733141899109,41,40,6.420671817193658,False,False
2286,3,40,40,0.0,0.0,-0.2863568067550659,-6.381007671356201,0.16196797788143158,-0.2863568067550659,-6.381007671356201,0.16196797788143158,41,40,6.387429774383563,False,False
2287,3,40,40,0.0,0.0,-0.2849518060684204,-6.347969055175781,0.16190247237682343,-0.2849518060684204,-6.347969055175781,0.16190247237682343,41,40,6.354361388625214,False,False
2288,3,40,40,0.0,0.0,-0.2835526764392853,-6.315103530883789,0.16187265515327454,-0.2835526764392853,-6.315103530883789,0.16187265515327454,41,40,6.321466184841676,False,False
2289,3,40,40,0.0,0.0,-0.28215935826301575,-6.282410144805908,0.16187481582164764,-0.28215935826301575,-6.282410144805908,0.16187481582164764,41,40,6.288743207590495,False,False
2290,3,40,40,0.0,0.0,-0.2807718515396118,-6.249887943267822,0.16190561652183533,-0.2807718515396118,-6.249887943267822,0.16190561652183533,41,40,6.256191504103872,False,False
2291,3,40,40,0.0,0.0,-0.2793901562690735,-6.217535972595215,0.16196209192276,-0.2793901562690735,-6.217535972595215,0.16196209192276,41,40,6.2238101216164665,False,False
2292,3,40,40,0.0,0.0,-0.27801424264907837,-6.185353755950928,0.16204150021076202,-0.27801424264907837,-6.185353755950928,0.16204150021076202,41,40,6.191598582383389,False,False
2293,3,40,40,0.0,0.0,-0.27664414048194885,-6.153339862823486,0.16214145720005035,-0.27664414048194885,-6.153339862823486,0.16214145720005035,41,40,6.15955545862488,False,False
2294,3,40,40,0.0,0.0,-0.2752797603607178,-6.121493339538574,0.1622597724199295,-0.2752797603607178,-6.121493339538574,0.1622597724199295,41,40,6.127679793566189,False,False
2295,3,40,40,0.0,0.0,-0.2739211618900299,-6.089814186096191,0.1623944640159607,-0.2739211618900299,-6.089814186096191,0.1623944640159607,41,40,6.0959715898378,False,False
2296,3,40,40,0.0,0.0,-0.27256831526756287,-6.058300495147705,0.16248498857021332,-0.27256831526756287,-6.058300495147705,0.16248498857021332,41,40,6.064428940633629,False,False
2297,3,40,40,0.0,0.0,-0.2712211608886719,-6.026951789855957,0.1625356525182724,-0.2712211608886719,-6.026951789855957,0.1625356525182724,41,40,6.033051366875781,False,False
2298,3,40,40,0.0,0.0,-0.2698797583580017,-5.995767593383789,0.16255033016204834,-0.2698797583580017,-5.995767593383789,0.16255033016204834,41,40,6.001838394845583,False,False
2299,3,40,40,0.0,0.0,-0.2685440480709076,-5.964746475219727,0.1625324934720993,-0.2685440480709076,-5.964746475219727,0.1625324934720993,41,40,5.97078859275728,False,False
2300,3,40,40,0.0,0.0,-0.2672140300273895,-5.933887958526611,0.1624852865934372,-0.2672140300273895,-5.933887958526611,0.1624852865934372,41,40,5.939901484215929,False,False
2301,3,40,40,0.0,0.0,-0.2658897042274475,-5.903191089630127,0.16247032582759857,-0.2658897042274475,-5.903191089630127,0.16247032582759857,41,40,5.909176116473656,False,False
2302,3,40,40,0.0,0.0,-0.26457104086875916,-5.872654914855957,0.1624843031167984,-0.26457104086875916,-5.872654914855957,0.1624843031167984,41,40,5.8786115354434,False,False
2303,3,40,40,0.0,0.0,-0.26325806975364685,-5.842278480529785,0.16252417862415314,-0.26325806975364685,-5.842278480529785,0.16252417862415314,41,40,5.848206789722114,False,False
2304,3,40,40,0.0,0.0,-0.2619507312774658,-5.812061309814453,0.1625872552394867,-0.2619507312774658,-5.812061309814453,0.1625872552394867,41,40,5.817961400237964,False,False
2305,3,40,40,0.0,0.0,-0.26064902544021606,-5.7820024490356445,0.16261233389377594,-0.26064902544021606,-5.7820024490356445,0.16261233389377594,41,40,5.787874414248907,False,False
2306,3,40,40,0.0,0.0,-0.2593529522418976,-5.752100944519043,0.16260308027267456,-0.2593529522418976,-5.752100944519043,0.16260308027267456,41,40,5.75794487901486,False,False
2307,3,40,40,0.0,0.0,-0.258062481880188,-5.72235631942749,0.16256283223628998,-0.258062481880188,-5.72235631942749,0.16256283223628998,41,40,5.728172316808032,False,False
2308,3,40,40,0.0,0.0,-0.25677764415740967,-5.692767143249512,0.16249461472034454,-0.25677764415740967,-5.692767143249512,0.16249461472034454,41,40,5.6985552998808595,False,False
2309,3,40,40,0.0,0.0,-0.25549837946891785,-5.663333415985107,0.16240109503269196,-0.25549837946891785,-5.663333415985107,0.16240109503269196,41,40,5.669093825517866,False,False
2310,3,40,40,0.0,0.0,-0.2542246878147125,-5.6340532302856445,0.16240231692790985,-0.2542246878147125,-5.6340532302856445,0.16240231692790985,41,40,5.639785988278863,False,False
2311,3,40,40,0.0,0.0,-0.2529565989971161,-5.604927062988281,0.16248869895935059,-0.2529565989971161,-5.604927062988281,0.16248869895935059,41,40,5.610632265831956,False,False
2312,3,40,40,0.0,0.0,-0.25169405341148376,-5.575953006744385,0.1625928282737732,-0.25169405341148376,-5.575953006744385,0.1625928282737732,41,40,5.581630750053648,False,False
2313,3,40,40,0.0,0.0,-0.25043705105781555,-5.547131061553955,0.16265401244163513,-0.25043705105781555,-5.547131061553955,0.16265401244163513,41,40,5.552781440917627,False,False
2314,3,40,40,0.0,0.0,-0.24918557703495026,-5.518459796905518,0.16267648339271545,-0.24918557703495026,-5.518459796905518,0.16267648339271545,41,40,5.524082908670427,False,False
2315,3,40,40,0.0,0.0,-0.24793964624404907,-5.489939212799072,0.1626640111207962,-0.24793964624404907,-5.489939212799072,0.1626640111207962,41,40,5.4955351539598505,False,False
2316,3,40,40,0.0,0.0,-0.24669921398162842,-5.461567401885986,0.1626787930727005,-0.24669921398162842,-5.461567401885986,0.1626787930727005,41,40,5.467136269339076,False,False
2317,3,40,40,0.0,0.0,-0.2454642802476883,-5.433344841003418,0.1627180129289627,-0.2454642802476883,-5.433344841003418,0.1627180129289627,41,40,5.438886731136803,False,False
2318,3,40,40,0.0,0.0,-0.2442348450422287,-5.405269622802734,0.16277913749217987,-0.2442348450422287,-5.405269622802734,0.16277913749217987,41,40,5.410784633925732,False,False
2319,3,40,40,0.0,0.0,-0.24301087856292725,-5.3773417472839355,0.16285990178585052,-0.24301087856292725,-5.3773417472839355,0.16285990178585052,41,40,5.382829976339822,False,False
2320,3,40,40,0.0,0.0,-0.24179238080978394,-5.349559783935547,0.16295821964740753,-0.24179238080978394,-5.349559783935547,0.16295821964740753,41,40,5.355021329305626,False,False
2321,3,40,40,0.0,0.0,-0.24057933688163757,-5.321923732757568,0.1630134880542755,-0.24057933688163757,-5.321923732757568,0.1630134880542755,41,40,5.3273586921309,False,False
2322,3,40,40,0.0,0.0,-0.23937173187732697,-5.294432640075684,0.16302990913391113,-0.23937173187732697,-5.294432640075684,0.16302990913391113,41,40,5.299841111422183,False,False
2323,3,40,40,0.0,0.0,-0.23816955089569092,-5.267085075378418,0.16301129758358002,-0.23816955089569092,-5.267085075378418,0.16301129758358002,41,40,5.272467157436633,False,False
2324,3,40,40,0.0,0.0,-0.23697277903556824,-5.2398810386657715,0.16301986575126648,-0.23697277903556824,-5.2398810386657715,0.16301986575126648,41,40,5.245236829483767,False,False
2325,3,40,40,0.0,0.0,-0.23578141629695892,-5.212819576263428,0.16305281221866608,-0.23578141629695892,-5.212819576263428,0.16305281221866608,41,40,5.2181491748460225,False,False
2326,3,40,40,0.0,0.0,-0.2345954328775406,-5.18589973449707,0.16310763359069824,-0.2345954328775406,-5.18589973449707,0.16310763359069824,41,40,5.191203239460365,False,False
2327,3,40,40,0.0,0.0,-0.23341484367847443,-5.159121036529541,0.16318204998970032,-0.23341484367847443,-5.159121036529541,0.16318204998970032,41,40,5.16439854763467,False,False
2328,3,40,40,0.0,0.0,-0.23223960399627686,-5.132482528686523,0.16327401995658875,-0.23223960399627686,-5.132482528686523,0.16327401995658875,41,40,5.137734144633873,False,False
2329,3,40,40,0.0,0.0,-0.23106971383094788,-5.105983734130859,0.16332292556762695,-0.23106971383094788,-5.105983734130859,0.16332292556762695,41,40,5.111209554093711,False,False
2330,3,40,40,0.0,0.0,-0.2299051731824875,-5.079623699188232,0.1633329838514328,-0.2299051731824875,-5.079623699188232,0.1633329838514328,41,40,5.084823823301139,False,False
2331,3,40,40,0.0,0.0,-0.2287459373474121,-5.053401947021484,0.1633080244064331,-0.2287459373474121,-5.053401947021484,0.1633080244064331,41,40,5.058576473872217,False,False
2332,3,40,40,0.0,0.0,-0.22759202122688293,-5.027317047119141,0.16331027448177338,-0.22759202122688293,-5.027317047119141,0.16331027448177338,41,40,5.032466077419783,False,False
2333,3,40,40,0.0,0.0,-0.22644339501857758,-5.001369476318359,0.16333693265914917,-0.22644339501857758,-5.001369476318359,0.16333693265914917,41,40,5.00649310893329,False,False
2334,3,40,40,0.0,0.0,-0.22530005872249603,-4.975557327270508,0.16338548064231873,-0.22530005872249603,-4.975557327270508,0.16338548064231873,41,40,4.980655663004179,False,False
2335,3,40,40,0.0,0.0,-0.2241619974374771,-4.949880599975586,0.16345366835594177,-0.2241619974374771,-4.949880599975586,0.16345366835594177,41,40,4.954953738947502,False,False
2336,3,40,40,0.0,0.0,-0.22302918136119843,-4.924338340759277,0.16353945434093475,-0.22302918136119843,-4.924338340759277,0.16353945434093475,41,40,4.929386382706318,False,False
2337,3,40,40,0.0,0.0,-0.22190161049365997,-4.898930072784424,0.16364102065563202,-0.22190161049365997,-4.898930072784424,0.16364102065563202,41,40,4.903953117921427,False,False
2338,3,40,40,0.0,0.0,-0.22077926993370056,-4.873654842376709,0.16369789838790894,-0.22077926993370056,-4.873654842376709,0.16369789838790894,41,40,4.878652991211243,False,False
2339,3,40,40,0.0,0.0,-0.219662144780159,-4.848512172698975,0.16371452808380127,-0.219662144780159,-4.848512172698975,0.16371452808380127,41,40,4.853485525543427,False,False
2340,3,40,40,0.0,0.0,-0.2185502052307129,-4.823501110076904,0.1636948436498642,-0.2185502052307129,-4.823501110076904,0.1636948436498642,41,40,4.828449766863016,False,False
2341,3,40,40,0.0,0.0,-0.21744346618652344,-4.79862117767334,0.16364242136478424,-0.21744346618652344,-4.79862117767334,0.16364242136478424,41,40,4.8035452394874225,False,False
2342,3,40,40,0.0,0.0,-0.21634188294410706,-4.773871421813965,0.1636192798614502,-0.21634188294410706,-4.773871421813965,0.1636192798614502,41,40,4.778770988688189,False,False
2343,3,40,40,0.0,0.0,-0.21524545550346375,-4.749251365661621,0.1636224240064621,-0.21524545550346375,-4.749251365661621,0.1636224240064621,41,40,4.754126538109147,False,False
2344,3,40,40,0.0,0.0,-0.2141541838645935,-4.72476053237915,0.16364915668964386,-0.2141541838645935,-4.72476053237915,0.16364915668964386,41,40,4.729611411394642,False,False
2345,3,40,40,0.0,0.0,-0.21306802332401276,-4.700397491455078,0.1636970490217209,-0.21306802332401276,-4.700397491455078,0.1636970490217209,41,40,4.705224177469167,False,False
2346,3,40,40,0.0,0.0,-0.2119869738817215,-4.6761627197265625,0.16376394033432007,-0.2119869738817215,-4.6761627197265625,0.16376394033432007,41,40,4.6809653126738775,False,False
2347,3,40,40,0.0,0.0,-0.21091103553771973,-4.652054786682129,0.16384786367416382,-0.21091103553771973,-4.652054786682129,0.16384786367416382,41,40,4.656833387958356,False,False
2348,3,40,40,0.0,0.0,-0.20984016358852386,-4.628073215484619,0.16394706070423126,-0.20984016358852386,-4.628073215484619,0.16394706070423126,41,40,4.632827924944007,False,False
2349,3,40,40,0.0,0.0,-0.2087743729352951,-4.604217052459717,0.16405993700027466,-0.2087743729352951,-4.604217052459717,0.16405993700027466,41,40,4.608947971604298,False,False
2350,3,40,40,0.0,0.0,-0.20771361887454987,-4.580485820770264,0.16406747698783875,-0.20771361887454987,-4.580485820770264,0.16406747698783875,41,40,4.585193049561098,False,False
2351,3,40,40,0.0,0.0,-0.20665790140628815,-4.556879043579102,0.16403895616531372,-0.20665790140628815,-4.556879043579102,0.16403895616531372,41,40,4.561562682461355,False,False
2352,3,40,40,0.0,0.0,-0.20560720562934875,-4.533396244049072,0.16403673589229584,-0.20560720562934875,-4.533396244049072,0.16403673589229584,41,40,4.538056393277296,False,False
2353,3,40,40,0.0,0.0,-0.2045615166425705,-4.510036468505859,0.164058119058609,-0.2045615166425705,-4.510036468505859,0.164058119058609,41,40,4.51467322863393,False,False
2354,3,40,40,0.0,0.0,-0.20352080464363098,-4.4867987632751465,0.16410070657730103,-0.20352080464363098,-4.4867987632751465,0.16410070657730103,41,40,4.491412234481508,False,False
2355,3,40,40,0.0,0.0,-0.2024850845336914,-4.463683128356934,0.1641623079776764,-0.2024850845336914,-4.463683128356934,0.1641623079776764,41,40,4.468273411490948,False,False
2356,3,40,40,0.0,0.0,-0.2014543116092682,-4.440688133239746,0.1641821712255478,-0.2014543116092682,-4.440688133239746,0.1641821712255478,41,40,4.445255328590504,False,False
2357,3,40,40,0.0,0.0,-0.20042848587036133,-4.417814254760742,0.1641644388437271,-0.20042848587036133,-4.417814254760742,0.1641644388437271,41,40,4.422358462123519,False,False
2358,3,40,40,0.0,0.0,-0.19940757751464844,-4.395060062408447,0.16411279141902924,-0.19940757751464844,-4.395060062408447,0.16411279141902924,41,40,4.399581381693945,False,False
2359,3,40,40,0.0,0.0,-0.19839158654212952,-4.372424602508545,0.16403061151504517,-0.19839158654212952,-4.372424602508545,0.16403061151504517,41,40,4.376923134604115,False,False
2360,3,40,40,0.0,0.0,-0.19738048315048218,-4.349908351898193,0.16392087936401367,-0.19738048315048218,-4.349908351898193,0.16392087936401367,41,40,4.354384195847029,False,False
2361,3,40,40,0.0,0.0,-0.19637425243854523,-4.327509880065918,0.16378630697727203,-0.19637425243854523,-4.327509880065918,0.16378630697727203,41,40,4.331963135702904,False,False
2362,3,40,40,0.0,0.0,-0.19537289440631866,-4.3052287101745605,0.16368812322616577,-0.19537289440631866,-4.3052287101745605,0.16368812322616577,41,40,4.309659477821886,False,False
2363,3,40,40,0.0,0.0,-0.1943763792514801,-4.283064365386963,0.1636226624250412,-0.1943763792514801,-4.283064365386963,0.1636226624250412,41,40,4.287472744503286,False,False
2364,3,40,40,0.0,0.0,-0.19338469207286835,-4.261016368865967,0.1635865867137909,-0.19338469207286835,-4.261016368865967,0.1635865867137909,41,40,4.265402458722017,False,False
2365,3,40,40,0.0,0.0,-0.1923978179693222,-4.239083766937256,0.1635769158601761,-0.1923978179693222,-4.239083766937256,0.1635769158601761,41,40,4.243447667106349,False,False
2366,3,40,40,0.0,0.0,-0.19141574203968048,-4.217266082763672,0.1635909527540207,-0.19141574203968048,-4.217266082763672,0.1635909527540207,41,40,4.221607892631604,False,False
2367,3,40,40,0.0,0.0,-0.1904384344816208,-4.195562839508057,0.1636262834072113,-0.1904384344816208,-4.195562839508057,0.1636262834072113,41,40,4.199882657597557,False,False
2368,3,40,40,0.0,0.0,-0.18946591019630432,-4.173973083496094,0.16368074715137482,-0.18946591019630432,-4.173973083496094,0.16368074715137482,41,40,4.178271009984441,False,False
2369,3,40,40,0.0,0.0,-0.1884981244802475,-4.152496337890625,0.16369357705116272,-0.1884981244802475,-4.152496337890625,0.16369357705116272,41,40,4.156772471416691,False,False
2370,3,40,40,0.0,0.0,-0.18753506243228912,-4.13113260269165,0.16366888582706451,-0.18753506243228912,-4.13113260269165,0.16366888582706451,41,40,4.1353870412167435,False,False
2371,3,40,40,0.0,0.0,-0.1865767240524292,-4.109880447387695,0.16361041367053986,-0.1865767240524292,-4.109880447387695,0.16361041367053986,41,40,4.114113290343111,False,False
2372,3,40,40,0.0,0.0,-0.18562307953834534,-4.08873987197876,0.16352148354053497,-0.18562307953834534,-4.08873987197876,0.16352148354053497,41,40,4.092951217442762,False,False
2373,3,40,40,0.0,0.0,-0.18467411398887634,-4.0677103996276855,0.16346389055252075,-0.18467411398887634,-4.0677103996276855,0.16346389055252075,41,40,4.071900345491869,False,False
2374,3,40,40,0.0,0.0,-0.18372981250286102,-4.046790599822998,0.1634344607591629,-0.18372981250286102,-4.046790599822998,0.1634344607591629,41,40,4.050959244773775,False,False
2375,3,40,40,0.0,0.0,-0.18279016017913818,-4.025980472564697,0.1634303629398346,-0.18279016017913818,-4.025980472564697,0.1634303629398346,41,40,4.030127914611468,False,False
2376,3,40,40,0.0,0.0,-0.18185514211654663,-4.005279541015625,0.1634489893913269,-0.18185514211654663,-4.005279541015625,0.1634489893913269,41,40,4.009405877981496,False,False
2377,3,40,40,0.0,0.0,-0.18092472851276398,-3.984687328338623,0.16342924535274506,-0.18092472851276398,-3.984687328338623,0.16342924535274506,41,40,3.9887926571846037,False,False
2378,3,40,40,0.0,0.0,-0.17999891936779022,-3.964202880859375,0.16337493062019348,-0.17999891936779022,-3.964202880859375,0.16337493062019348,41,40,3.9682872995270064,False,False
2379,3,40,40,0.0,0.0,-0.17907768487930298,-3.9438257217407227,0.16328947246074677,-0.17907768487930298,-3.9438257217407227,0.16328947246074677,41,40,3.9478893273096527,False,False
2380,3,40,40,0.0,0.0,-0.17816102504730225,-3.923555374145508,0.16323474049568176,-0.17816102504730225,-3.923555374145508,0.16323474049568176,41,40,3.927598264185379,False,False
2381,3,40,40,0.0,0.0,-0.17724889516830444,-3.903391122817993,0.16320762038230896,-0.17724889516830444,-3.903391122817993,0.16320762038230896,41,40,3.907413393606146,False,False
2382,3,40,40,0.0,0.0,-0.17634131014347076,-3.8833327293395996,0.1632053256034851,-0.17634131014347076,-3.8833327293395996,0.1632053256034851,41,40,3.8873344780740515,False,False
2383,3,40,40,0.0,0.0,-0.17543822526931763,-3.86337947845459,0.16322532296180725,-0.17543822526931763,-3.86337947845459,0.16322532296180725,41,40,3.867360801041158,False,False
2384,3,40,40,0.0,0.0,-0.17453964054584503,-3.8435306549072266,0.1632065623998642,-0.17453964054584503,-3.8435306549072266,0.1632065623998642,41,40,3.8474916479874843,False,False
2385,3,40,40,0.0,0.0,-0.1736455261707306,-3.8237860202789307,0.16315287351608276,-0.1736455261707306,-3.8237860202789307,0.16315287351608276,41,40,3.827726779387433,False,False
2386,3,40,40,0.0,0.0,-0.1727558821439743,-3.804144859313965,0.16312652826309204,-0.1727558821439743,-3.804144859313965,0.16312652826309204,41,40,3.8080654807211767,False,False
2387,3,40,40,0.0,0.0,-0.17187067866325378,-3.784606456756592,0.16312475502490997,-0.17187067866325378,-3.784606456756592,0.16312475502490997,41,40,3.7885070361169784,False,False
2388,3,40,40,0.0,0.0,-0.17098990082740784,-3.7651705741882324,0.16308625042438507,-0.17098990082740784,-3.7651705741882324,0.16308625042438507,41,40,3.7690512067253623,False,False
2389,3,40,40,0.0,0.0,-0.17011351883411407,-3.7458367347717285,0.16301466524600983,-0.17011351883411407,-3.7458367347717285,0.16301466524600983,41,40,3.7496975148477576,False,False
2390,3,40,40,0.0,0.0,-0.1692415475845337,-3.7266039848327637,0.162972092628479,-0.1692415475845337,-3.7266039848327637,0.162972092628479,41,40,3.730445008467521,False,False
2391,3,40,40,0.0,0.0,-0.1683739572763443,-3.707472085952759,0.16295556724071503,-0.1683739572763443,-3.707472085952759,0.16295556724071503,41,40,3.711293448059288,False,False
2392,3,40,40,0.0,0.0,-0.16751070320606232,-3.6884405612945557,0.16296246647834778,-0.16751070320606232,-3.6884405612945557,0.16296246647834778,41,40,3.6922423552485673,False,False
2393,3,40,40,0.0,0.0,-0.16665181517601013,-3.669508695602417,0.16299042105674744,-0.16665181517601013,-3.669508695602417,0.16299042105674744,41,40,3.6732910168680086,False,False
2394,3,40,40,0.0,0.0,-0.16579723358154297,-3.6506760120391846,0.16297850012779236,-0.16579723358154297,-3.6506760120391846,0.16297850012779236,41,40,3.6544389538671482,False,False
2395,3,40,40,0.0,0.0,-0.16494695842266083,-3.6319420337677,0.16293063759803772,-0.16494695842266083,-3.6319420337677,0.16293063759803772,41,40,3.635685689899712,False,False
2396,3,40,40,0.0,0.0,-0.16410097479820251,-3.6133065223693848,0.16285042464733124,-0.16410097479820251,-3.6133065223693848,0.16285042464733124,41,40,3.617030986116494,False,False
2397,3,40,40,0.0,0.0,-0.16325926780700684,-3.5947682857513428,0.1627998650074005,-0.16325926780700684,-3.5947682857513428,0.1627998650074005,41,40,3.598473650975998,False,False
2398,3,40,40,0.0,0.0,-0.1624218225479126,-3.5763275623321533,0.1627759486436844,-0.1624218225479126,-3.5763275623321533,0.1627759486436844,41,40,3.5800139219752243,False,False
2399,3,40,40,0.0,0.0,-0.1615886092185974,-3.557983160018921,0.16277599334716797,-0.1615886092185974,-3.557983160018921,0.16277599334716797,41,40,3.5616506068966713,False,False
2400,3,40,40,0.0,0.0,-0.16075961291790009,-3.5397350788116455,0.16279757022857666,-0.16075961291790009,-3.5397350788116455,0.16279757022857666,41,40,3.543383705064299,False,False
2401,3,40,40,0.0,0.0,-0.15993483364582062,-3.521582841873169,0.16277968883514404,-0.15993483364582062,-3.521582841873169,0.16277968883514404,41,40,3.52521274013198,False,False
2402,3,40,40,0.0,0.0,-0.15911422669887543,-3.503525495529175,0.1627262979745865,-0.15911422669887543,-3.503525495529175,0.1627262979745865,41,40,3.5071367573792913,False,False
2403,3,40,40,0.0,0.0,-0.15829779207706451,-3.485562801361084,0.1627584844827652,-0.15829779207706451,-3.485562801361084,0.1627584844827652,41,40,3.489155518633212,False,False
2404,3,40,40,0.0,0.0,-0.15748551487922668,-3.4676942825317383,0.16280889511108398,-0.15748551487922668,-3.4676942825317383,0.16280889511108398,41,40,3.4712685468716016,False,False
2405,3,40,40,0.0,0.0,-0.15667736530303955,-3.4499194622039795,0.16287566721439362,-0.15667736530303955,-3.4499194622039795,0.16287566721439362,41,40,3.4534753643962914,False,False
2406,3,40,40,0.0,0.0,-0.1558733433485031,-3.4322378635406494,0.16289833188056946,-0.1558733433485031,-3.4322378635406494,0.16289833188056946,41,40,3.4357754948611996,False,False
2407,3,40,40,0.0,0.0,-0.15507341921329498,-3.41464900970459,0.1628812849521637,-0.15507341921329498,-3.41464900970459,0.1628812849521637,41,40,3.4181684605681797,False,False
2408,3,40,40,0.0,0.0,-0.15427757799625397,-3.3971521854400635,0.16288726031780243,-0.15427757799625397,-3.3971521854400635,0.16288726031780243,41,40,3.4006535463220287,False,False
2409,3,40,40,0.0,0.0,-0.15348580479621887,-3.379747152328491,0.1629139482975006,-0.15348580479621887,-3.379747152328491,0.1629139482975006,41,40,3.3832305132737392,False,False
2410,3,40,40,0.0,0.0,-0.1526980847120285,-3.362433433532715,0.1629592478275299,-0.1526980847120285,-3.362433433532715,0.1629592478275299,41,40,3.365898884401212,False,False
2411,3,40,40,0.0,0.0,-0.15191438794136047,-3.345210313796997,0.1630212664604187,-0.15191438794136047,-3.345210313796997,0.1630212664604187,41,40,3.348657943833231,False,False
2412,3,40,40,0.0,0.0,-0.15113471448421478,-3.328077554702759,0.16303952038288116,-0.15113471448421478,-3.328077554702759,0.16303952038288116,41,40,3.331507453396813,False,False
2413,3,40,40,0.0,0.0,-0.15035903453826904,-3.3110344409942627,0.1630183607339859,-0.15035903453826904,-3.3110344409942627,0.1630183607339859,41,40,3.3144466972207396,False,False
2414,3,40,40,0.0,0.0,-0.14958733320236206,-3.294080972671509,0.16302049160003662,-0.14958733320236206,-3.294080972671509,0.16302049160003662,41,40,3.2974756746291654,False,False
2415,3,40,40,0.0,0.0,-0.14881961047649384,-3.2772161960601807,0.16304358839988708,-0.14881961047649384,-3.2772161960601807,0.16304358839988708,41,40,3.2805934329297095,False,False
2416,3,40,40,0.0,0.0,-0.1480558216571808,-3.26043963432312,0.16308550536632538,-0.1480558216571808,-3.26043963432312,0.16308550536632538,41,40,3.2637994937483006,False,False
2417,3,40,40,0.0,0.0,-0.1472959667444229,-3.243751287460327,0.16314435005187988,-0.1472959667444229,-3.243751287460327,0.16314435005187988,41,40,3.2470938570850865,False,False
2418,3,40,40,0.0,0.0,-0.14654003083705902,-3.2271504402160645,0.1631595939397812,-0.14654003083705902,-3.2271504402160645,0.1631595939397812,41,40,3.2304758077448072,False,False
2419,3,40,40,0.0,0.0,-0.14578798413276672,-3.2106363773345947,0.1631356030702591,-0.14578798413276672,-3.2106363773345947,0.1631356030702591,41,40,3.213944629856231,False,False
2420,3,40,40,0.0,0.0,-0.14503981173038483,-3.194209098815918,0.16313506662845612,-0.14503981173038483,-3.194209098815918,0.16313506662845612,41,40,3.1975003227435623,False,False
2421,3,40,40,0.0,0.0,-0.14429551362991333,-3.177867889404297,0.16315561532974243,-0.14429551362991333,-3.177867889404297,0.16315561532974243,41,40,3.1811421718874247,False,False
2422,3,40,40,0.0,0.0,-0.14355504512786865,-3.1616122722625732,0.16319513320922852,-0.14355504512786865,-3.1616122722625732,0.16319513320922852,41,40,3.164869698913839,False,False
2423,3,40,40,0.0,0.0,-0.142818421125412,-3.145442008972168,0.16325168311595917,-0.142818421125412,-3.145442008972168,0.16325168311595917,41,40,3.148682666325653,False,False
2424,3,40,40,0.0,0.0,-0.14208559691905975,-3.1293563842773438,0.16326475143432617,-0.14208559691905975,-3.1293563842773438,0.16326475143432617,41,40,3.1325803575757183,False,False
2425,3,40,40,0.0,0.0,-0.14135658740997314,-3.1133549213409424,0.16323867440223694,-0.14135658740997314,-3.1133549213409424,0.16323867440223694,41,40,3.1165622969936058,False,False
2426,3,40,40,0.0,0.0,-0.14063133299350739,-3.097437620162964,0.16323614120483398,-0.14063133299350739,-3.097437620162964,0.16323614120483398,41,40,3.100628481875946,False,False
2427,3,40,40,0.0,0.0,-0.13990984857082367,-3.081603765487671,0.1632547676563263,-0.13990984857082367,-3.081603765487671,0.1632547676563263,41,40,3.0847781983790834,False,False
2428,3,40,40,0.0,0.0,-0.1391921043395996,-3.065852642059326,0.16329243779182434,-0.1391921043395996,-3.065852642059326,0.16329243779182434,41,40,3.0690107306317187,False,False
2429,3,40,40,0.0,0.0,-0.1384781002998352,-3.050184488296509,0.16334721446037292,-0.1384781002998352,-3.050184488296509,0.16334721446037292,41,40,3.053326316807178,False,False
2430,3,40,40,0.0,0.0,-0.13776779174804688,-3.0345981121063232,0.16335858404636383,-0.13776779174804688,-3.0345981121063232,0.16335858404636383,41,40,3.037723764011862,False,False
2431,3,40,40,0.0,0.0,-0.13706117868423462,-3.0190935134887695,0.16333085298538208,-0.13706117868423462,-3.0190935134887695,0.16333085298538208,41,40,3.0222030722458535,False,False
2432,3,40,40,0.0,0.0,-0.13635824620723724,-3.0036704540252686,0.16332672536373138,-0.13635824620723724,-3.0036704540252686,0.16332672536373138,41,40,3.0067640026601814,False,False
2433,3,40,40,0.0,0.0,-0.13565897941589355,-2.988327980041504,0.16334381699562073,-0.13565897941589355,-2.988327980041504,0.16334381699562073,41,40,2.991405601886026,False,False
2434,3,40,40,0.0,0.0,-0.13496334850788116,-2.9730660915374756,0.1633799970149994,-0.13496334850788116,-2.9730660915374756,0.1633799970149994,41,40,2.97612786857191,False,False
2435,3,40,40,0.0,0.0,-0.13427133858203888,-2.9578840732574463,0.16343332827091217,-0.13427133858203888,-2.9578840732574463,0.16343332827091217,41,40,2.9609300875222764,False,False
2436,3,40,40,0.0,0.0,-0.1335829496383667,-2.942781686782837,0.1635020673274994,-0.1335829496383667,-2.942781686782837,0.1635020673274994,41,40,2.945812020563859,False,False
2437,3,40,40,0.0,0.0,-0.13289815187454224,-2.9277584552764893,0.16352589428424835,-0.13289815187454224,-2.9277584552764893,0.16352589428424835,41,40,2.9307731899986127,False,False
2438,3,40,40,0.0,0.0,-0.1322169303894043,-2.912814140319824,0.16350924968719482,-0.1322169303894043,-2.912814140319824,0.16350924968719482,41,40,2.915813356977554,False,False
2439,3,40,40,0.0,0.0,-0.1315392702817917,-2.8979480266571045,0.16345618665218353,-0.1315392702817917,-2.8979480266571045,0.16345618665218353,41,40,2.9009318063050142,False,False
2440,3,40,40,0.0,0.0,-0.1308651566505432,-2.883159875869751,0.1634291261434555,-0.1308651566505432,-2.883159875869751,0.1634291261434555,41,40,2.886128299131979,False,False
2441,3,40,40,0.0,0.0,-0.1301945596933365,-2.8684492111206055,0.16342546045780182,-0.1301945596933365,-2.8684492111206055,0.16342546045780182,41,40,2.8714023577604317,False,False
2442,3,40,40,0.0,0.0,-0.1295274794101715,-2.853815793991089,0.16344282031059265,-0.1295274794101715,-2.853815793991089,0.16344282031059265,41,40,2.8567537440170336,False,False
2443,3,40,40,0.0,0.0,-0.12886390089988708,-2.839258909225464,0.16347907483577728,-0.12886390089988708,-2.839258909225464,0.16347907483577728,41,40,2.8421817427059985,False,False
2444,3,40,40,0.0,0.0,-0.12820379436016083,-2.8247785568237305,0.1635323464870453,-0.12820379436016083,-2.8247785568237305,0.1635323464870453,41,40,2.827686352476084,False,False
2445,3,40,40,0.0,0.0,-0.12754714488983154,-2.8103740215301514,0.16360090672969818,-0.12754714488983154,-2.8103740215301514,0.16360090672969818,41,40,2.813266858131504,False,False
2446,3,40,40,0.0,0.0,-0.12689395248889923,-2.7960450649261475,0.16356562077999115,-0.12689395248889923,-2.7960450649261475,0.16356562077999115,41,40,2.798923021498826,False,False
2447,3,40,40,0.0,0.0,-0.1262441724538803,-2.7817912101745605,0.16349564492702484,-0.1262441724538803,-2.7817912101745605,0.16349564492702484,41,40,2.7846543642044717,False,False
2448,3,40,40,0.0,0.0,-0.12559781968593597,-2.7676119804382324,0.16345325112342834,-0.12559781968593597,-2.7676119804382324,0.16345325112342834,41,40,2.7704604105771113,False,False
2449,3,40,40,0.0,0.0,-0.12495485693216324,-2.753507137298584,0.1634356677532196,-0.12495485693216324,-2.753507137298584,0.1634356677532196,41,40,2.756340920754394,False,False
2450,3,40,40,0.0,0.0,-0.12431526929140091,-2.739476203918457,0.16344037652015686,-0.12431526929140091,-2.739476203918457,0.16344037652015686,41,40,2.742295417713867,False,False
2451,3,40,40,0.0,0.0,-0.12367904931306839,-2.7255189418792725,0.16346515715122223,-0.12367904931306839,-2.7255189418792725,0.16346515715122223,41,40,2.72832366294428,False,False
2452,3,40,40,0.0,0.0,-0.12304618209600449,-2.711634874343872,0.16350798308849335,-0.12304618209600449,-2.711634874343872,0.16350798308849335,41,40,2.7144251794231335,False,False
2453,3,40,40,0.0,0.0,-0.12241663783788681,-2.6978235244750977,0.16350822150707245,-0.12241663783788681,-2.6978235244750977,0.16350822150707245,41,40,2.7005994894524386,False,False
2454,3,40,40,0.0,0.0,-0.12179041653871536,-2.684084415435791,0.16347014904022217,-0.12179041653871536,-2.684084415435791,0.16347014904022217,41,40,2.6868461166851305,False,False
2455,3,40,40,0.0,0.0,-0.12116748839616776,-2.670417547225952,0.16339756548404694,-0.12116748839616776,-2.670417547225952,0.16339756548404694,41,40,2.673165059770254,False,False
2456,3,40,40,0.0,0.0,-0.12054784595966339,-2.656822443008423,0.16335271298885345,-0.12054784595966339,-2.656822443008423,0.16335271298885345,41,40,2.6595558420230168,False,False
2457,3,40,40,0.0,0.0,-0.11993147432804108,-2.643298387527466,0.16333279013633728,-0.11993147432804108,-2.643298387527466,0.16333279013633728,41,40,2.646017748247316,False,False
2458,3,40,40,0.0,0.0,-0.11931835114955902,-2.629845380783081,0.16333532333374023,-0.11931835114955902,-2.629845380783081,0.16333532333374023,41,40,2.6325507774299735,False,False
2459,3,40,40,0.0,0.0,-0.11870846152305603,-2.6164627075195312,0.16335803270339966,-0.11870846152305603,-2.6164627075195312,0.16335803270339966,41,40,2.619154214374863,False,False
2460,3,40,40,0.0,0.0,-0.11810179054737091,-2.6031503677368164,0.1633988916873932,-0.11810179054737091,-2.6031503677368164,0.1633988916873932,41,40,2.605828058406544,False,False
2461,3,40,40,0.0,0.0,-0.11749832332134247,-2.5899078845977783,0.16339726746082306,-0.11749832332134247,-2.5899078845977783,0.16339726746082306,41,40,2.592571832502441,False,False
2462,3,40,40,0.0,0.0,-0.11689804494380951,-2.576734781265259,0.1633574217557907,-0.11689804494380951,-2.576734781265259,0.1633574217557907,41,40,2.5793850596399532,False,False
2463,3,40,40,0.0,0.0,-0.11630094051361084,-2.5636305809020996,0.16328313946723938,-0.11630094051361084,-2.5636305809020996,0.16328313946723938,41,40,2.5662672627964507,False,False
2464,3,40,40,0.0,0.0,-0.11570698767900467,-2.550595283508301,0.16323666274547577,-0.11570698767900467,-2.550595283508301,0.16323666274547577,41,40,2.5532184409588887,False,False
2465,3,40,40,0.0,0.0,-0.1151161789894104,-2.537628412246704,0.16321520507335663,-0.1151161789894104,-2.537628412246704,0.16321520507335663,41,40,2.5402381174423097,False,False
2466,3,40,40,0.0,0.0,-0.11452849209308624,-2.5247292518615723,0.1632162481546402,-0.11452849209308624,-2.5247292518615723,0.1632162481546402,41,40,2.527325576712785,False,False
2467,3,40,40,0.0,0.0,-0.1139439195394516,-2.5118980407714844,0.1632375419139862,-0.1139439195394516,-2.5118980407714844,0.1632375419139862,41,40,2.51448105660624,False,False
2468,3,40,40,0.0,0.0,-0.11336243897676468,-2.499133825302124,0.1632770150899887,-0.11336243897676468,-2.499133825302124,0.1632770150899887,40,40,2.5017036034150784,False,False
2469,3,40,40,0.0,0.0,-0.11278402805328369,-2.486436605453491,0.16327407956123352,-0.11278402805328369,-2.486436605453491,0.16327407956123352,40,40,2.4889932161263526,True,False
