run_kind,tick_global,policy_step,tick_in_policy_step,agent_name,rgb_present,rangefinder_present,any_rangefinder_hit,rangefinder_hit_beam_indices,rangefinder_min_positive_range_m,loc_x,loc_y,loc_z,selected_sensor,fallback_used,target_waypoint,distance_to_waypoint_m,heading_deg,target_heading_deg,heading_error_deg,cmd_l,cmd_r,inter_vessel_distance_m
baseline,1,1,1,sv0,False,True,False,[],,2.4427695274353027,-5.988882064819336,0.12985855340957642,LocationSensor,False,"[2.0, -6.0, 0.0]",0.4429090910197744,9.243221282958984,181.43839377622197,172.195172493263,-8000.0,8000.0,11.977758407592887
baseline,1,1,1,sv1,False,True,False,[],,2.442767858505249,5.9888763427734375,0.13108138740062714,LocationSensor,False,"[2.0, 6.0, 0.0]",0.44290756628829253,350.7567729949951,178.56086081745775,-172.19591217753737,8000.0,-8000.0,11.977758407592887
baseline,2,1,2,sv0,False,True,False,[],,2.4737589359283447,-5.986365795135498,0.1514052152633667,LocationSensor,False,"[2.3404255319148937, -6.0, 0.0]",0.13402868412433727,10.009252548217773,185.8385711751432,175.82931862692544,-8000.0,8000.0,11.972712039948116
baseline,2,1,2,sv1,False,True,False,[],,2.473755121231079,5.986346244812012,0.1519766002893448,LocationSensor,False,"[2.3404255319148937, 6.0, 0.0]",0.13402687946063724,350.0175714492798,174.15294863005136,-175.86462281922843,8000.0,-8000.0,11.972712039948116
baseline,3,1,3,sv0,False,True,False,[],,2.5065865516662598,-5.983298301696777,0.17240658402442932,LocationSensor,False,"[2.6808510638297873, -6.0, 0.0]",0.17506303700611422,10.79946517944336,354.52543223141504,-16.27403294802832,3348.7518884036244,-286.9019678668835,11.96655273437791
baseline,3,1,3,sv1,False,True,False,[],,2.506578207015991,5.983254432678223,0.17303864657878876,LocationSensor,False,"[2.6808510638297873, 6.0, 0.0]",0.17507553411876275,349.28081130981445,5.488598459773728,16.2077871499593,-278.98003136289026,3341.8743715710966,11.96655273437791
baseline,4,1,4,sv0,False,True,False,[],,2.5410523414611816,-5.979636192321777,0.19056731462478638,LocationSensor,False,"[3.0212765957446805, -6.0, 0.0]",0.4806558218364761,11.552562713623047,357.57183933328577,-13.980723380337281,3269.870136448112,146.54655504091852,11.959200382242706
baseline,4,1,4,sv1,False,True,False,[],,2.54103684425354,5.979564189910889,0.1918419748544693,LocationSensor,False,"[3.0212765957446805, 6.0, 0.0]",0.480674360920437,348.60584354400635,2.4366572957117087,13.830813751705364,164.40826970416265,3254.241718630474,11.959200382242706
baseline,5,1,5,sv0,False,True,False,[],,2.576979875564575,-5.975374698638916,0.2037038505077362,LocationSensor,False,"[3.3617021276595747, -6.0, 0.0]",0.7851085392480278,12.274181365966797,358.2025959312513,-14.071585434715416,3439.306258850569,295.683899663861,11.950648307824075
baseline,5,1,5,sv1,False,True,False,[],,2.576956033706665,5.975273609161377,0.20643873512744904,LocationSensor,False,"[3.3617021276595747, 6.0, 0.0]",0.7851355465002544,347.99112129211426,1.8047229377869907,13.813601645672748,326.6039221211995,3412.5921496526757,11.950648307824075
baseline,6,1,6,sv0,True,True,False,[],,2.614210844039917,-5.970510005950928,0.2109091877937317,LocationSensor,False,"[3.702127659574468, -6.0, 0.0]",1.0883164325102568,12.966453552246094,358.4472723340629,-14.519181218183121,3644.581928657318,400.96571168430455,11.940896511122554
baseline,6,1,6,sv1,True,True,False,[],,2.61417818069458,5.970386505126953,0.21519339084625244,LocationSensor,False,"[3.702127659574468, 6.0, 0.0]",1.0883524372525728,347.435133934021,1.5591803244974942,14.124046390476508,448.68614139871784,3604.028390592135,11.940896511122554
baseline,7,1,7,sv0,False,True,False,[],,2.652601480484009,-5.9650421142578125,0.21183723211288452,LocationSensor,False,"[4.042553191489361, -6.0, 0.0]",1.3903912444712352,13.630814552307129,358.5592901234019,-15.07152442890515,3859.1308666740383,492.11999206088103,11.929954528873454
baseline,7,1,7,sv1,False,True,False,[],,2.652562141418457,5.964912414550781,0.21757441759109497,LocationSensor,False,"[4.042553191489361, 6.0, 0.0]",1.3904338380267758,346.936411857605,1.446011981765908,14.509600124160954,560.5510201259276,3802.026800150077,11.929954528873454
baseline,8,1,8,sv0,False,True,False,[],,2.6920225620269775,-5.958974838256836,0.2069994956254959,LocationSensor,False,"[4.382978723404255, -6.0, 0.0]",1.691453754495177,14.268424034118652,358.6101901160802,-15.658233918038377,4075.577269446315,577.4942369058783,11.917840004039487
baseline,8,1,8,sv1,False,True,False,[],,2.691981077194214,5.958865165710449,0.21392638981342316,LocationSensor,False,"[4.382978723404255, 6.0, 0.0]",1.6914978906519302,346.49351978302,1.3934896254867482,14.899969842466703,670.6426856214632,3999.3278977674454,11.917840004039487
baseline,9,1,9,sv0,False,True,False,[],,2.7323570251464844,-5.952314376831055,0.19785594940185547,LocationSensor,False,"[4.723404255319149, -6.0, 0.0]",1.9916181841495753,14.880295753479004,358.6280271545589,-16.252268598920182,4291.137272729802,660.3456187183724,11.904578685812792
baseline,9,1,9,sv1,False,True,False,[],,2.7323217391967773,5.952264308929443,0.20538243651390076,LocationSensor,False,"[4.723404255319149, 6.0, 0.0]",1.9916546593750077,346.1050624847412,1.3733884775695537,15.268325992828352,782.3005690872626,4193.277335073655,11.904578685812792
baseline,10,1,10,sv0,False,True,False,[],,2.7734999656677246,-5.945069313049316,0.18583814799785614,LocationSensor,False,"[5.0638297872340425, -6.0, 0.0]",2.290988448666836,15.467348098754883,358.6260960129351,-16.84125208581986,4504.581710451038,742.2098825352716,11.89020013810478
baseline,10,1,10,sv1,False,True,False,[],,2.77348256111145,5.945130825042725,0.19331519305706024,LocationSensor,False,"[5.0638297872340425, 6.0, 0.0]",2.291004374192233,345.76968002319336,1.3723556380784745,15.602675614885129,897.1207275245554,4382.7919160093725,11.89020013810478
baseline,11,1,11,sv0,False,True,False,[],,2.815356969833374,-5.93725061416626,0.17229337990283966,LocationSensor,False,"[5.404255319148936, -6.0, 0.0]",2.589658693440383,16.030441284179688,358.6115441031919,-17.41889718098787,4715.326785145307,823.9078043504667,11.87474155427132
baseline,11,1,11,sv1,False,True,False,[],,2.815373182296753,5.937490940093994,0.17978323996067047,LocationSensor,False,"[5.404255319148936, 6.0, 0.0]",2.589636673566903,345.48604679107666,1.383148932105827,15.897102141029166,1015.9824679605879,4567.429173711614,11.87474155427132
baseline,12,1,12,sv0,True,True,False,[],,2.857842445373535,-5.92887020111084,0.1591397225856781,LocationSensor,False,"[5.74468085106383, -6.0, 0.0]",2.887714568453484,16.570377349853516,358.588555272995,-17.98182207685852,4923.096213785631,905.91860419861,11.858242988797844
baseline,12,1,12,sv1,True,True,False,[],,2.8579132556915283,5.929372787475586,0.16652153432369232,LocationSensor,False,"[5.74468085106383, 6.0, 0.0]",2.8876314433875643,345.2528715133667,1.4015101468916757,16.148638633524968,1139.41313487962,4747.053632412659,11.858242988797844
baseline,13,2,1,sv0,False,True,False,[],,2.9008803367614746,-5.919943332672119,0.14810329675674438,LocationSensor,False,"[6.085106382978723, -6.0, 0.0]",3.1852322652189713,17.08793067932129,358.5597934962484,-18.528137183072886,5127.77049889121,988.5449231368507,11.840748787891094
baseline,13,2,1,sv1,False,True,False,[],,2.901031494140625,5.92080545425415,0.15538530051708221,LocationSensor,False,"[6.085106382978723, 6.0, 0.0]",3.185059602865422,345.06889152526855,1.4247711098664089,16.355879584597858,1267.7494128118099,4921.687983192035,11.840748787891094
baseline,14,2,2,sv0,False,True,False,[],,2.9444024562835693,-5.910482406616211,0.14009033143520355,LocationSensor,False,"[6.425531914893617, -6.0, 0.0]",3.482280245346131,17.583837509155273,358.52695791362686,-19.05687959552847,5329.3260818407,1071.978317385057,11.82230186754354
baseline,14,2,2,sv1,False,True,False,[],,2.9446651935577393,5.9118194580078125,0.14751456677913666,LocationSensor,False,"[6.425531914893617, 6.0, 0.0]",3.481983477802504,344.93288230895996,1.4511594131078773,16.5182771041479,1401.218738331479,5091.4372628009205,11.82230186754354
baseline,15,2,3,sv0,False,True,False,[],,2.9883475303649902,-5.900502681732178,0.1360926330089569,LocationSensor,False,"[6.76595744680851, -6.0, 0.0]",3.778920004069272,18.058809280395508,358.4912527170671,-19.56755656332848,5527.787951914519,1156.3538578305725,11.802948005203927
baseline,15,2,3,sv1,False,True,False,[],,2.9887585639953613,5.902445316314697,0.14322930574417114,LocationSensor,False,"[6.76595744680851, 6.0, 0.0]",3.7784584577091542,344.8436450958252,1.4794638841380547,16.63581878831286,1539.9762396385036,5256.453828389775,11.802948005203927
baseline,16,2,4,sv0,False,True,False,[],,3.032660722732544,-5.890018463134766,0.1360616683959961,LocationSensor,False,"[7.1063829787234045, -6.0, 0.0]",4.075206615302654,18.513538360595703,358.4535156914207,-20.06002266917494,5723.215561919522,1241.76348381643,11.782732502140377
baseline,16,2,4,sv1,False,True,False,[],,3.0332634449005127,5.892714023590088,0.14258213341236115,LocationSensor,False,"[7.1063829787234045, 6.0, 0.0]",4.074532245245317,344.800012588501,1.5088220697931531,16.708809481292178,1684.128909591577,5416.912775665105,11.782732502140377
baseline,17,2,5,sv0,False,True,False,[],,3.0772933959960938,-5.879042625427246,0.1396009474992752,LocationSensor,False,"[7.446808510638298, -6.0, 0.0]",4.371188971384125,18.948699951171875,358.41433718466624,-20.534362766505637,5915.689981761967,1328.2693088089422,11.761699706761608
baseline,17,2,5,sv1,False,True,False,[],,3.078136920928955,5.882657051086426,0.14526747167110443,LocationSensor,False,"[7.446808510638298, 6.0, 0.0]",4.370247227147829,344.8008403778076,1.538600333207274,16.737759955399667,1833.7487595600448,5573.000223626393,11.761699706761608
baseline,18,2,6,sv0,True,True,False,[],,3.122201919555664,-5.867588996887207,0.1460009068250656,LocationSensor,False,"[7.787234042553192, -6.0, 0.0]",4.666910903621812,19.36493682861328,358.3741686916819,-20.990768136931365,6105.301842274757,1415.919230919004,11.739894922258213
baseline,18,2,6,sv1,True,True,False,[],,3.1233415603637695,5.872305870056152,0.15071630477905273,LocationSensor,False,"[7.787234042553192, 6.0, 0.0]",4.665640242908269,344.8450183868408,1.568326755358424,16.72330836851762,1988.88105241836,5724.904000987368,11.739894922258213
baseline,19,2,7,sv0,False,True,False,[],,3.167346715927124,-5.85567045211792,0.15427029132843018,LocationSensor,False,"[8.127659574468085, -6.0, 0.0]",4.962412182900434,19.762897491455078,358.333342744322,-21.429554747133125,6292.152354253631,1504.7438733083013,11.717362022846899
baseline,19,2,7,sv1,False,True,False,[],,3.1688451766967773,5.861691474914551,0.1580049693584442,LocationSensor,False,"[8.127659574468085, 6.0, 0.0]",4.96074283546883,344.93146419525146,1.5976481821137611,16.66618398686228,2149.5477204703493,5872.808959688296,11.717362022846899
baseline,20,2,8,sv0,False,True,False,[],,3.212693214416504,-5.84329891204834,0.16292929649353027,LocationSensor,False,"[8.46808510638298, -6.0, 0.0]",5.257727567030475,20.14319610595703,358.29210612290416,-21.851089983052816,6476.345513390357,1594.765156861415,11.694144884355275
baseline,20,2,8,sv1,False,True,False,[],,3.2146189212799072,5.850845813751221,0.16659630835056305,LocationSensor,False,"[8.46808510638298, 6.0, 0.0]",5.2555831198161975,345.0591220855713,1.6262806203156397,16.56715853474435,2315.7535800365044,6016.89232091546,11.694144884355275
baseline,21,2,9,sv0,False,True,False,[],,3.2582101821899414,-5.83048677444458,0.17076389491558075,LocationSensor,False,"[8.808510638297872, -6.0, 0.0]",5.552888427360134,20.506441116333008,358.25065789592236,-22.25578322041065,6657.987504030224,1685.9978105099335,11.670287384995781
baseline,21,2,9,sv1,False,True,False,[],,3.260638952255249,5.8398003578186035,0.17500744760036469,LocationSensor,False,"[8.808510638297872, 6.0, 0.0]",5.550184156417556,345.226957321167,1.6540060833822297,16.427048762215236,2487.484196421697,6157.322113686529,11.670287384995781
baseline,22,2,10,sv0,False,True,False,[],,3.3038699626922607,-5.8172478675842285,0.17709314823150635,LocationSensor,False,"[9.148936170212766, -6.0, 0.0]",5.847922478299506,20.853221893310547,358.2091706909644,-22.64405120234619,6837.183212162112,1778.4536189317532,11.64583388238259
baseline,22,2,10,sv1,False,True,False,[],,3.306884288787842,5.828585624694824,0.18213917315006256,LocationSensor,False,"[9.148936170212766, 6.0, 0.0]",5.844566115061216,345.4339647293091,1.6806600565197514,16.24669532721066,2664.7090019855723,6294.255575146576,11.64583388238259
baseline,23,2,11,sv0,False,True,False,[],,3.3496475219726562,-5.80359411239624,0.1811278760433197,LocationSensor,False,"[9.48936170212766, -6.0, 0.0]",6.1428548319720075,21.184118270874023,358.1677661379485,-23.016352132925476,7014.039151749777,1872.136732319772,11.620829214163239
baseline,23,2,11,sv1,False,True,False,[],,3.353336811065674,5.817234516143799,0.18717865645885468,LocationSensor,False,"[9.48936170212766, 6.0, 0.0]",6.1387461819024125,345.67916679382324,1.7060875605283765,16.026920766705132,2847.386242429908,6427.834707521219,11.620829214163239
baseline,24,2,12,sv0,True,True,False,[],,3.3955209255218506,-5.789539337158203,0.18227536976337433,LocationSensor,False,"[9.829787234042552, -6.0, 0.0]",6.43770740400404,21.499692916870117,358.1265602878407,-23.373132629029442,7188.658529952187,1967.0505826640947,11.595318221518848
baseline,24,2,12,sv1,True,True,False,[],,3.3999810218811035,5.8057780265808105,0.18980589509010315,LocationSensor,False,"[9.829787234042552, 6.0, 0.0]",6.432738926842033,345.96160888671875,1.7301791534749138,15.768570266756171,3035.4571529562554,6558.189562389544,11.595318221518848
baseline,25,3,1,sv0,False,True,False,[],,3.4414708614349365,-5.775096893310547,0.18064896762371063,LocationSensor,False,"[10.170212765957446, -6.0, 0.0]",6.732499463429297,21.80049705505371,358.08564460500213,-23.71485245005158,7361.143282570679,2063.1943945317134,11.569347656821565
baseline,25,3,1,sv1,False,True,False,[],,3.446803331375122,5.794249534606934,0.19002683460712433,LocationSensor,False,"[10.170212765957446, 6.0, 0.0]",6.7265568962910045,346.2803564071655,1.752824293539744,15.472467886374204,3228.8516952060363,6685.434197942905,11.569347656821565
baseline,26,3,2,sv0,False,True,False,[],,3.4874796867370605,-5.760282516479492,0.17687971889972687,LocationSensor,False,"[10.51063829787234, -6.0, 0.0]",7.027248490630528,22.087072372436523,358.0451146298837,-24.041957742552768,7531.592229712696,2160.5673179317164,11.542965707876377
baseline,26,3,2,sv1,False,True,False,[],,3.4937925338745117,5.782681465148926,0.1880231499671936,LocationSensor,False,"[10.51063829787234, 6.0, 0.0]",7.020210240535826,346.63450622558594,1.7739389494711766,15.13943272388525,3427.485803466287,6809.667536790719,11.542965707876377
baseline,27,3,3,sv0,False,True,False,[],,3.53353214263916,-5.745110511779785,0.1718883216381073,LocationSensor,False,"[10.851063829787234, -6.0, 0.0]",7.321969587728517,22.35993194580078,358.0050390803196,-24.354892865481133,7700.101575725708,2259.166286469744,11.516218659907556
baseline,27,3,3,sv1,False,True,False,[],,3.5409388542175293,5.771105766296387,0.18407592177391052,LocationSensor,False,"[10.851063829787234, 6.0, 0.0]",7.313707659502857,347.0231714248657,1.7934563455996575,14.770284920733957,3631.2607297638724,6930.974052317181,11.516218659907556
baseline,28,3,4,sv0,False,True,False,[],,3.5796148777008057,-5.729596138000488,0.16650331020355225,LocationSensor,False,"[11.191489361702128, -6.0, 0.0]",7.616675876573366,22.619600296020508,357.96548302485894,-24.654117271161567,7866.7661591613,2358.983496062816,11.489154233418583
baseline,28,3,4,sv1,False,True,False,[],,3.588233232498169,5.759554862976074,0.17914369702339172,LocationSensor,False,"[11.191489361702128, 6.0, 0.0]",7.607057093922461,347.44549083709717,1.8113163052023784,14.365825468105186,3840.0658831532505,7049.422096724977,11.489154233418583
baseline,29,3,5,sv0,False,True,False,[],,3.625716209411621,-5.713753700256348,0.16129380464553833,LocationSensor,False,"[11.53191489361702, -6.0, 0.0]",7.911378803865236,22.8665714263916,357.9264947647404,-24.94007666165112,8000.0,2460.0107396595813,11.461819678213848
baseline,29,3,5,sv1,False,True,False,[],,3.6356687545776367,5.748061656951904,0.173677459359169,LocationSensor,False,"[11.53191489361702, 6.0, 0.0]",7.900264300451737,347.90062141418457,1.8274643695939177,13.92684295540937,4053.776958225194,7165.063537170107,11.461819678213848
baseline,30,3,6,sv0,True,True,False,[],,3.671825647354126,-5.697597026824951,0.15688954293727875,LocationSensor,False,"[11.872340425531915, -6.0, 0.0]",8.206088604523925,23.101381301879883,357.8881122477173,-25.213269054162538,8000.0,2562.22931439515,11.434259866166515
baseline,30,3,6,sv1,True,True,False,[],,3.683239459991455,5.73665714263916,0.16825945675373077,LocationSensor,False,"[11.872340425531915, 6.0, 0.0]",8.193334125027409,348.38745975494385,1.8418671963659394,13.45440744142212,4272.216525054119,7277.959997151939,11.434259866166515
baseline,31,3,7,sv0,False,True,False,[],,3.7179348468780518,-5.681140422821045,0.15379829704761505,LocationSensor,False,"[12.212765957446809, -6.0, 0.0]",8.50081331562137,23.32472038269043,357.85037101045754,-25.474349372232837,8000.0,2665.5925171292733,11.40652110444255
baseline,31,3,7,sv1,False,True,False,[],,3.7309396266937256,5.725373268127441,0.16353125870227814,LocationSensor,False,"[12.212765957446809, 6.0, 0.0]",8.486271133243111,348.90401458740234,1.854489461831757,12.950474874429403,4495.072712700069,7388.236568771651,11.40652110444255
baseline,32,3,8,sv0,False,True,False,[],,3.764035940170288,-5.664396286010742,0.15230059623718262,LocationSensor,False,"[12.553191489361701, -6.0, 0.0]",8.795560534765569,23.537275314331055,357.8132894239395,-25.723985890391532,8000.0,2770.0479679099303,11.37864684710429
baseline,32,3,8,sv1,False,True,False,[],,3.7787652015686035,5.714241027832031,0.16018779575824738,LocationSensor,False,"[12.553191489361701, 6.0, 0.0]",8.779078247178862,349.4483451843262,1.8653069432115148,12.41696175888535,4722.025498992552,7496.00138106328,11.37864684710429
baseline,33,3,9,sv0,False,True,False,[],,3.8101227283477783,-5.647377967834473,0.1524723768234253,LocationSensor,False,"[12.893617021276595, -6.0, 0.0]",9.090336125096746,23.739704132080078,357.7768891894532,-25.962814942626892,8000.0,2875.544047571549,11.350681029809659
baseline,33,3,9,sv1,False,True,False,[],,3.826711893081665,5.703290939331055,0.15838401019573212,LocationSensor,False,"[12.893617021276595, 6.0, 0.0]",9.071758642643145,350.01856994628906,1.8743013360242633,11.855731389735183,4952.7507830467675,7601.346597228168,11.350681029809659
baseline,34,3,10,sv0,False,True,False,[],,3.856189489364624,-5.630095481872559,0.15408799052238464,LocationSensor,False,"[13.23404255319149, -6.0, 0.0]",9.385145573684941,23.932662963867188,357.7411688844928,-26.191494079374365,8000.0,2982.022098141642,11.322662828127017
baseline,34,3,10,sv1,False,True,False,[],,3.874776840209961,5.692552089691162,0.15814174711704254,LocationSensor,False,"[13.23404255319149, 6.0, 0.0]",9.364314118169302,350.61286449432373,1.8814654982397399,11.26860100391599,5186.919787408557,7704.349414440525,11.322662828127017
baseline,35,3,11,sv0,False,True,False,[],,3.9022319316864014,-5.612560749053955,0.15676797926425934,LocationSensor,False,"[13.574468085106384, -6.0, 0.0]",9.679992839909449,24.116785049438477,357.7061382685774,-26.410646780861043,8000.0,3089.42467844318,11.29463285282347
baseline,35,3,11,sv1,False,True,False,[],,3.922956943511963,5.682053089141846,0.15924550592899323,LocationSensor,False,"[13.574468085106384, 6.0, 0.0]",9.65674673761539,351.22945404052734,1.8867957863034024,10.65734174577608,5424.201191716308,7805.074189783932,11.29463285282347
baseline,36,3,12,sv0,True,True,False,[],,3.9482457637786865,-5.594783306121826,0.16005325317382812,LocationSensor,False,"[13.914893617021276, -6.0, 0.0]",9.974881954165808,24.292692184448242,357.6717923040801,-26.620899880368142,8000.0,3197.690348401967,11.2666283836141
baseline,36,3,12,sv1,True,True,False,[],,3.9712491035461426,5.671821594238281,0.16144266724586487,LocationSensor,False,"[13.914893617021276, 6.0, 0.0]",9.949058612570962,351.86662578582764,1.8902943330846125,10.023668547256989,5664.263633929775,7903.572680691135,11.2666283836141
baseline,37,4,1,sv0,False,True,False,[],,3.9942281246185303,-5.576773643493652,0.16347192227840424,LocationSensor,False,"[14.25531914893617, -6.0, 0.0]",10.26981545881783,24.460987091064453,357.63813155665997,-26.822855534404425,8000.0,3306.7575115710392,11.238686228776045
baseline,37,4,1,sv1,False,True,False,[],,4.019650936126709,5.66188383102417,0.16432954370975494,LocationSensor,False,"[14.25531914893617, 6.0, 0.0]",10.2412512080527,352.5227198600769,1.8919710255002504,9.36925116542335,5906.7751141348745,7999.885914556677,11.238686228776045
baseline,38,4,2,sv0,False,True,False,[],,4.040175914764404,-5.558539867401123,0.16648176312446594,LocationSensor,False,"[14.595744680851064, -6.0, 0.0]",10.564796213096514,24.622257232666016,357.60514367939845,-27.017113553267563,8000.0,3416.5616624593663,11.210839865887905
baseline,38,4,2,sv1,False,True,False,[],,4.068160057067871,5.6522650718688965,0.1673666387796402,LocationSensor,False,"[14.595744680851064, 6.0, 0.0]",10.533326045991297,353.1961340904236,1.8918397126054336,8.695705622181833,6151.405745377231,8000.0,11.210839865887905
baseline,39,4,3,sv0,False,True,False,[],,4.086086750030518,-5.5400919914245605,0.16894757747650146,LocationSensor,False,"[14.936170212765957, -6.0, 0.0]",10.85982626586065,24.777069091796875,357.5728275784914,-27.204241513305533,8000.0,3527.039907523792,11.183125159033622
baseline,39,4,3,sv1,False,True,False,[],,4.1167731285095215,5.642991065979004,0.17030370235443115,LocationSensor,False,"[14.936170212765957, 6.0, 0.0]",10.825285614975128,353.8851099014282,1.8899099411926639,8.004800039764461,6397.802759112924,8000.0,11.183125159033622
baseline,40,4,4,sv0,False,True,False,[],,4.131958484649658,-5.521438121795654,0.17063008248806,LocationSensor,False,"[15.27659574468085, -6.0, 0.0]",11.154907490828691,24.92597770690918,357.5411724416542,-27.384805265254954,8000.0,3638.1262358985095,11.155574163625197
baseline,40,4,4,sv1,False,True,False,[],,4.165487289428711,5.634085655212402,0.17285685241222382,LocationSensor,False,"[15.27659574468085, 6.0, 0.0]",11.117132022787933,354.5879559516907,1.886200049730062,7.29824409803939,6645.619223643473,8000.0,11.155574163625197
baseline,41,4,5,sv0,False,True,False,[],,4.177790641784668,-5.50258731842041,0.17154912650585175,LocationSensor,False,"[15.617021276595745, -6.0, 0.0]",11.450040038890537,25.069520950317383,357.51017297923624,-27.559347971081138,8000.0,3749.7543931357914,11.128217979830039
baseline,41,4,5,sv1,False,True,False,[],,4.214299201965332,5.625570774078369,0.17477072775363922,LocationSensor,False,"[15.617021276595745, 6.0, 0.0]",11.408867952452074,355.30304431915283,1.8807358910459817,6.577691571893126,6894.515519567532,8000.0,11.128217979830039
baseline,42,4,6,sv0,True,True,False,[],,4.223580837249756,-5.483547210693359,0.1716637760400772,LocationSensor,False,"[15.957446808510639, -6.0, 0.0]",11.74522601379372,25.20821762084961,357.47981785525417,-27.72839976559544,8000.0,3861.8581008012525,11.101086763870239
baseline,42,4,6,sv1,True,True,False,[],,4.263205528259277,5.61746883392334,0.1758156269788742,LocationSensor,False,"[15.957446808510639, 6.0, 0.0]",11.700496109727784,356.02881479263306,1.873538310080487,5.844723517447449,7144.162390059956,8000.0,11.101086763870239
baseline,43,4,7,sv0,False,True,False,[],,4.269329071044922,-5.46432638168335,0.17105472087860107,LocationSensor,False,"[16.29787234042553, -6.0, 0.0]",12.040465082741697,25.342565536499023,357.4501008786141,-27.892464657884943,8000.0,3954.9990970398835,11.074209708384029
baseline,43,4,7,sv1,False,True,False,[],,4.312201499938965,5.609800338745117,0.1757849007844925,LocationSensor,False,"[16.29787234042553, 6.0, 0.0]",11.99202073347663,356.7637710571289,1.8646349216467222,5.100863864517805,7394.240851678029,8000.0,11.074209708384029
baseline,44,4,8,sv0,False,True,False,[],,4.315033435821533,-5.444931507110596,0.16985340416431427,LocationSensor,False,"[16.638297872340424, -6.0, 0.0]",12.335758890484597,25.47297477722168,357.4210079798492,-28.051966797372472,8000.0,3926.736616866278,11.047613156912956
baseline,44,4,8,sv1,False,True,False,[],,4.361283302307129,5.6025848388671875,0.17478671669960022,LocationSensor,False,"[16.638297872340424, 6.0, 0.0]",12.283445182973223,357.50648045539856,1.854055233209715,4.347574777811133,7491.351493752689,8000.0,11.047613156912956
baseline,45,4,9,sv0,False,True,False,[],,4.36069393157959,-5.425369739532471,0.1682368516921997,LocationSensor,False,"[16.97872340425532, -6.0, 0.0]",12.63110714504308,25.599395751953125,357.3925281714465,-28.20686758050664,8000.0,3899.2370891418386,11.02132153581874
baseline,45,4,9,sv1,False,True,False,[],,4.4104461669921875,5.595839500427246,0.17303606867790222,LocationSensor,False,"[16.97872340425532, 6.0, 0.0]",12.57477389149091,358.2559503316879,1.8418366644723185,3.585886332784412,7583.7899747807405,8000.0,11.02132153581874
baseline,46,4,10,sv0,False,True,False,[],,4.406310081481934,-5.4056477546691895,0.16642318665981293,LocationSensor,False,"[17.319148936170215, -6.0, 0.0]",12.926510042493184,25.721773147583008,357.3646494379341,-28.35712370964893,8000.0,3872.5128916158783,10.995358791240115
baseline,46,4,10,sv1,False,True,False,[],,4.459684371948242,5.589581489562988,0.17060892283916473,LocationSensor,False,"[17.319148936170215, 6.0, 0.0]",12.866012289446562,359.0112318992615,1.828013052069215,2.816781152807721,7675.696821841989,8000.0,10.995358791240115
baseline,47,4,11,sv0,False,True,False,[],,4.451880931854248,-5.385771751403809,0.16454985737800598,LocationSensor,False,"[17.659574468085104, -6.0, 0.0]",13.221968268316479,25.840068817138672,357.3373588563908,-28.502709960747893,8000.0,3846.5730840343645,10.969746487768187
baseline,47,4,11,sv1,False,True,False,[],,4.508992671966553,5.583826065063477,0.16827932000160217,LocationSensor,False,"[17.659574468085104, 6.0, 0.0]",13.1571654363896,359.77140817046165,1.8126235586519714,2.0412153881903237,7766.917762290643,8000.0,10.969746487768187
baseline,48,4,12,sv0,True,True,False,[],,4.497406959533691,-5.365746974945068,0.1627405285835266,LocationSensor,False,"[18.0, -6.0, 0.0]",13.51748111580854,25.954242706298828,357.3106403026492,-28.643602403649652,8000.0,3821.426374642332,10.944503790951595
baseline,48,4,12,sv1,True,True,False,[],,4.5583648681640625,5.578587055206299,0.16633231937885284,LocationSensor,False,"[18.0, 6.0, 0.0]",13.448239434492749,0.5355948209762573,1.7957098810672179,1.2601150600909534,7857.309078994855,8000.0,10.944503790951595
target,1,1,1,sv0,False,True,False,[],,2.442768096923828,-5.9888763427734375,0.1346266120672226,LocationSensor,False,"[2.0, -6.0, 0.0]",0.4429078046316665,9.243227005004883,181.43913840793084,172.19591140292596,-8000.0,8000.0,11.977762222290327
target,1,1,1,sv1,False,True,False,[],,2.4427707195281982,5.988885879516602,0.12860728800296783,LocationSensor,False,"[2.0, 6.0, 0.0]",0.4429101869969101,350.7567834854126,178.5621034164532,-172.1946800689594,8000.0,-8000.0,11.977762222290327
target,2,1,2,sv0,False,True,False,[],,2.47375750541687,-5.986358642578125,0.15516550838947296,LocationSensor,False,"[2.3404255319148937, -6.0, 0.0]",0.1340279888315985,10.009260177612305,185.8416751770314,175.8324149994191,-8000.0,8000.0,11.972713947296164
target,2,1,2,sv1,False,True,False,[],,2.4737582206726074,5.986355304718018,0.14892946183681488,LocationSensor,False,"[2.3404255319148937, 6.0, 0.0]",0.13402904013943964,350.01758098602295,174.15693645898497,-175.86064452703798,8000.0,-8000.0,11.972713947296164
target,3,1,3,sv0,False,True,True,[6],28.759361267089844,2.5065853595733643,-5.983290672302246,0.1756715625524521,LocationSensor,False,"[2.6808510638297873, -6.0, 0.0]",0.17506495169535802,10.799473762512207,354.52298387199113,-16.276489890521134,3349.0081609258773,-287.1945815658373,11.966552257538376
target,3,1,3,sv1,False,True,True,[6],28.80303955078125,2.5065817832946777,5.983261585235596,0.1681826263666153,LocationSensor,False,"[2.6808510638297873, 6.0, 0.0]",0.17507129024214665,349.28081798553467,5.486380313572338,16.205562328037672,-278.7164394820527,3341.6409334640566,11.966552257538376
target,4,1,4,sv0,False,True,True,[6],28.76129722595215,2.541051149368286,-5.979629039764404,0.19415073096752167,LocationSensor,False,"[3.0212765957446805, -6.0, 0.0]",0.4806573159417502,11.552567481994629,357.5709935130896,-13.981573968904968,3269.9596195157123,146.4460147986183,11.959198474888026
target,4,1,4,sv1,False,True,True,[6],28.693571090698242,2.541041374206543,5.979569435119629,0.18506431579589844,LocationSensor,False,"[3.0212765957446805, 6.0, 0.0]",0.48066961209037873,348.60584831237793,2.4360555893159073,13.830207276937983,164.4779702104288,3254.175931373271,11.959198474888026
target,5,1,5,sv0,False,True,False,[],,2.5769786834716797,-5.975368499755859,0.20827925205230713,LocationSensor,False,"[3.3617021276595747, -6.0, 0.0]",0.7851099252094508,12.27418041229248,358.2021465002169,-14.07203391207554,3439.3534184031605,295.63086841255085,11.950644493116052
target,5,1,5,sv1,False,True,True,[6],28.936613082885742,2.576961040496826,5.975275993347168,0.1974027305841446,LocationSensor,False,"[3.3617021276595747, 6.0, 0.0]",0.7851304671112577,347.9911231994629,1.8045605422949182,13.813437342832003,326.6209213674731,3412.5724432920197,11.950644493116052
target,6,1,6,sv0,True,True,False,[],,2.6142091751098633,-5.970505237579346,0.2167300432920456,LocationSensor,False,"[3.702127659574468, -6.0, 0.0]",1.0883182300457954,12.966445922851562,358.4470237705784,-14.519422152273137,3644.607580977313,400.9375388119654,11.940892219570198
target,6,1,6,sv1,True,True,False,[],,2.6141839027404785,5.970386981964111,0.20441897213459015,LocationSensor,False,"[3.702127659574468, 6.0, 0.0]",1.0883467043508004,347.435133934021,1.559163427270791,14.124029493249793,448.68516776259025,3604.023642079328,11.940892219570198
target,7,1,7,sv0,False,True,False,[],,2.652599811553955,-5.965039253234863,0.21895529329776764,LocationSensor,False,"[4.042553191489361, -6.0, 0.0]",1.390392984809775,13.6308012008667,358.55917399182545,-15.071627209041253,3859.1422066163527,492.10837070040316,11.929950714153469
target,7,1,7,sv1,False,True,False,[],,2.6525681018829346,5.964911460876465,0.20594102144241333,LocationSensor,False,"[4.042553191489361, 6.0, 0.0]",1.3904279035268277,346.93640995025635,1.4460574656781393,14.509647515421818,560.542147550532,3802.0285148839785,11.929950714153469
target,8,1,8,sv0,False,True,False,[],,2.6920206546783447,-5.958973407745361,0.2154613733291626,LocationSensor,False,"[4.382978723404255, -6.0, 0.0]",1.6914556959794393,14.268404006958008,358.610143240737,-15.65826076622102,4075.5809754453085,577.4919449633005,11.917837619828235
target,8,1,8,sv1,False,True,False,[],,2.6919872760772705,5.958864212036133,0.2024606615304947,LocationSensor,False,"[4.382978723404255, 6.0, 0.0]",1.6914917167945038,346.4935178756714,1.3935270259544488,14.90000915028304,670.63463693058,3999.3286305270167,11.917837619828235
target,9,1,9,sv0,False,True,False,[],,2.7323551177978516,-5.952314376831055,0.20723316073417664,LocationSensor,False,"[4.723404255319149, -6.0, 0.0]",1.9916200909514128,14.880270004272461,358.6280284683539,-16.25224153591853,4291.135582236109,660.34997415728,11.904578208954915
target,9,1,9,sv1,False,True,False,[],,2.732327699661255,5.952263832092285,0.19471438229084015,LocationSensor,False,"[4.723404255319149, 6.0, 0.0]",1.9916487120516553,346.1050615310669,1.373406301072953,15.268344770006081,782.2951413389487,4193.276102187108,11.904578208954915
target,10,1,10,sv0,False,True,False,[],,2.773498058319092,-5.945070266723633,0.19562751054763794,LocationSensor,False,"[5.0638297872340425, -6.0, 0.0]",2.2909903326012446,15.467317581176758,358.62612100041173,-16.841196580764972,4504.577256466006,742.2178284985184,11.890202045444497
target,10,1,10,sv1,False,True,False,[],,2.7734885215759277,5.945131778717041,0.18383541703224182,LocationSensor,False,"[5.0638297872340425, 6.0, 0.0]",2.2909983925972472,345.76968002319336,1.37233536449587,15.602655341302523,897.1201323286589,4382.78679165165,11.890202045444497
target,11,1,11,sv0,False,True,True,[7],28.410818099975586,2.815355062484741,-5.937252044677734,0.18239480257034302,LocationSensor,False,"[5.404255319148936, -6.0, 0.0]",2.589660565567051,16.030405044555664,358.61157676624305,-17.418828278312617,4715.321101185171,823.9175133957267,11.874745368981936
target,11,1,11,sv1,False,True,False,[],,2.8153791427612305,5.937493324279785,0.17131395637989044,LocationSensor,False,"[5.404255319148936, 6.0, 0.0]",2.5896306572902277,345.4860486984253,1.3830993804171587,15.897050681991857,1015.9857958946686,4567.421005586419,11.874745368981936
target,12,1,12,sv0,True,True,True,[7],28.328746795654297,2.8578407764434814,-5.928872585296631,0.16963961720466614,LocationSensor,False,"[5.74468085106383, -6.0, 0.0]",2.8877161781512397,16.570337295532227,358.5886033794196,-17.981733916112603,4923.088651005191,905.9307367178469,11.858248710891754
target,12,1,12,sv1,True,True,False,[],,2.857919216156006,5.929376125335693,0.15902037918567657,LocationSensor,False,"[5.74468085106383, 6.0, 0.0]",2.887625403068807,345.252872467041,1.4014468300687069,16.148574363027706,1139.4181271877897,4747.044266553928,11.858248710891754
target,13,2,1,sv0,False,True,True,[7],28.446420669555664,2.90087890625,-5.919946193695068,0.15890291333198547,LocationSensor,False,"[6.085106382978723, -6.0, 0.0]",3.185233623371774,17.0878849029541,358.55984559062847,-18.52803931232563,5127.762014881182,988.5583036616213,11.840754986874005
target,13,2,1,sv1,False,True,False,[],,2.9010376930236816,5.920808792114258,0.14799082279205322,LocationSensor,False,"[6.085106382978723, 6.0, 0.0]",3.1850533229066067,345.0688934326172,1.4247138564793138,16.3558204238621,1267.7536949422897,4921.679048687291,11.840754986874005
target,14,2,2,sv0,False,True,False,[],,2.9444010257720947,-5.910485744476318,0.1509244590997696,LocationSensor,False,"[6.425531914893617, -6.0, 0.0]",3.482281589581457,17.58378791809082,358.5270134200707,-19.056774498020104,5329.317058604998,1071.9927731580806,11.822307112929751
target,14,2,2,sv1,False,True,False,[],,2.944671630859375,5.911821365356445,0.13915756344795227,LocationSensor,False,"[6.425531914893617, 6.0, 0.0]",3.481976994262677,344.9328832626343,1.4511307203781394,16.518247457743882,1401.219181032514,5091.431082431729,11.822307112929751
target,15,2,3,sv0,False,True,False,[],,2.9883463382720947,-5.900505065917969,0.14625217020511627,LocationSensor,False,"[6.76595744680851, -6.0, 0.0]",3.7789211329750874,18.058759689331055,358.4912893293115,-19.56747036001957,5527.780686356515,1156.3658502766216,11.80295038969174
target,15,2,3,sv1,False,True,False,[],,2.9887659549713135,5.902445316314697,0.1333593726158142,LocationSensor,False,"[6.76595744680851, 6.0, 0.0]",3.7784510691970388,344.8436450958252,1.479466777775345,16.635821681950176,1539.9720305391227,5256.450265735174,11.80295038969174
target,16,2,4,sv0,False,True,False,[],,3.0326600074768066,-5.890018939971924,0.14496742188930511,LocationSensor,False,"[7.1063829787234045, -6.0, 0.0]",4.0752073174290295,18.51348876953125,358.4535226645145,-20.05996610501677,5723.210856304429,1241.7714147555616,11.782730595233923
target,16,2,4,sv1,False,True,False,[],,3.033271312713623,5.892711639404297,0.13117441534996033,LocationSensor,False,"[7.1063829787234045, 6.0, 0.0]",4.074524442938622,344.8000087738037,1.5088584976464197,16.708849723842718,1684.1196180631985,5416.912474408808,11.782730595233923
target,17,2,5,sv0,False,True,False,[],,3.0772931575775146,-5.879040241241455,0.14679056406021118,LocationSensor,False,"[7.446808510638298, -6.0, 0.0]",4.371189275686061,18.94864845275879,358.41430603216696,-20.534342420591884,5915.6883452197035,1328.2722175874392,11.761692554822947
target,17,2,5,sv1,False,True,False,[],,3.0781452655792236,5.882652282714844,0.13247603178024292,LocationSensor,False,"[7.446808510638298, 6.0, 0.0]",4.370239013541721,344.8008337020874,1.5386657636340846,16.73783206154667,1833.7350430676622,5573.0026158018645,11.761692554822947
target,18,2,6,sv0,True,True,False,[],,3.122201919555664,-5.867583274841309,0.15129354596138,LocationSensor,False,"[7.787234042553192, -6.0, 0.0]",4.666911065972927,19.36488914489746,358.3740984702674,-20.990790674630034,6105.303874301593,1415.9162279756301,11.739882048491337
target,18,2,6,sv1,True,True,False,[],,3.123350143432617,5.872298717498779,0.13673853874206543,LocationSensor,False,"[7.787234042553192, 6.0, 0.0]",4.6656318588191885,344.8450117111206,1.568417443441465,16.723405732320884,1988.8638582396254,5724.908558091055,11.739882048491337
target,19,2,7,sv0,False,True,False,[],,3.167346954345703,-5.855661392211914,0.15779723227024078,LocationSensor,False,"[8.127659574468085, -6.0, 0.0]",4.962412208094323,19.762849807739258,358.3332381032602,-21.429611704479044,6292.157208084212,1504.7360027456725,11.71734438097297
target,19,2,7,sv1,False,True,False,[],,3.168853998184204,5.861682891845703,0.14325368404388428,LocationSensor,False,"[8.127659574468085, 6.0, 0.0]",4.960734256719692,344.9314556121826,1.5977501174784055,16.66629450529581,2149.5286075236836,5872.814536796661,11.71734438097297
target,20,2,8,sv0,False,True,False,[],,3.212693452835083,-5.843287944793701,0.1655728667974472,LocationSensor,False,"[8.46808510638298, -6.0, 0.0]",5.257727655596843,20.143146514892578,358.2919865835461,-21.8511599313465,6476.351395568736,1594.755412440998,11.694122951341726
target,20,2,8,sv1,False,True,False,[],,3.214628219604492,5.850834846496582,0.15061986446380615,LocationSensor,False,"[8.46808510638298, 6.0, 0.0]",5.25557413650117,345.05910873413086,1.6264030130234401,16.567294278892575,2315.7308168563104,6016.899883269049,11.694122951341726
target,21,2,9,sv0,False,True,False,[],,3.2582104206085205,-5.830475807189941,0.17367076873779297,LocationSensor,False,"[8.808510638297872, -6.0, 0.0]",5.552888523861284,20.50638771057129,358.25054471130665,-22.255842999264587,6657.992448477877,1685.989400233435,11.670263545077223
target,21,2,9,sv1,False,True,False,[],,3.260648488998413,5.839787483215332,0.15810491144657135,LocationSensor,False,"[8.808510638297872, 6.0, 0.0]",5.550174995273941,345.22694396972656,1.654141777252615,16.427197807526056,2487.459473102379,6157.3306874092395,11.670263545077223
target,22,2,10,sv0,False,True,True,[8],28.065814971923828,3.3038697242736816,-5.8172383308410645,0.1812363862991333,LocationSensor,False,"[9.148936170212766, -6.0, 0.0]",5.847923014640045,20.853166580200195,358.20907737213105,-22.64408920806909,6837.186533530084,1778.4484497397343,11.64581004305972
target,22,2,10,sv1,False,True,False,[],,3.306893825531006,5.828571319580078,0.1648736149072647,LocationSensor,False,"[9.148936170212766, 6.0, 0.0]",5.8445570019912765,345.43394947052,1.6808029751083091,16.246853504588273,2664.682990512424,6294.264900838761,11.64581004305972
target,23,2,11,sv0,False,True,True,[8],27.866477966308594,3.349647045135498,-5.803587436676025,0.1870303601026535,LocationSensor,False,"[9.48936170212766, -6.0, 0.0]",6.142855522012208,21.184057235717773,358.1677040460585,-23.0163531896593,7014.039578993486,1872.1369234868785,11.620808236360903
target,23,2,11,sv1,False,True,False,[],,3.3533458709716797,5.817220211029053,0.17076224088668823,LocationSensor,False,"[9.48936170212766, 6.0, 0.0]",6.138737551928171,345.6791515350342,1.7062235354035848,16.0270720003694,2847.361340274594,6427.843591290784,11.620808236360903
target,24,2,12,sv0,True,True,True,[8],27.77727508544922,3.3955204486846924,-5.789536476135254,0.19029012322425842,LocationSensor,False,"[9.829787234042552, -6.0, 0.0]",6.437707974119122,21.49962615966797,358.12653497700757,-23.373091182660346,7188.6556149929875,1967.056926912624,11.59530296594366
target,24,2,12,sv1,True,True,False,[],,3.399988889694214,5.805765628814697,0.17532943189144135,LocationSensor,False,"[9.829787234042552, 6.0, 0.0]",6.432731436950744,345.9615936279297,1.730291644800127,15.768698016870417,3035.4359586496944,6558.196907732436,11.59530296594366
target,25,3,1,sv0,False,True,True,[8],27.747058868408203,3.441470146179199,-5.7750983238220215,0.19091729819774628,LocationSensor,False,"[10.170212765957446, -6.0, 0.0]",6.732500130498913,21.800426483154297,358.08565697567013,-23.714769507484107,7361.137345119832,2063.2069866282905,11.569338123708473
target,25,3,1,sv1,False,True,False,[],,3.446810483932495,5.794238567352295,0.17759005725383759,LocationSensor,False,"[10.170212765957446, 6.0, 0.0]",6.726550082553727,346.2803440093994,1.7529195308588645,15.472575521459476,3228.833537483672,6685.440086129387,11.569338123708473
target,26,3,2,sv0,False,True,True,[8],27.77691650390625,3.4874789714813232,-5.760287761688232,0.1891760230064392,LocationSensor,False,"[10.51063829787234, -6.0, 0.0]",7.027249026544425,22.086992263793945,358.0451575700706,-24.04183469372333,7531.583392961127,2160.5859705524913,11.542961896832564
target,26,3,2,sv1,False,True,False,[],,3.4937984943389893,5.78267240524292,0.17753945291042328,LocationSensor,False,"[10.51063829787234, 6.0, 0.0]",7.020204563393637,346.6344938278198,1.774014362858927,15.139520535039082,3427.470904015343,6809.67225453983,11.542961896832564
target,27,3,3,sv0,False,True,False,[],,3.533531665802002,-5.745118141174316,0.18530400097370148,LocationSensor,False,"[10.851063829787234, -6.0, 0.0]",7.321969798689205,22.359851837158203,358.0050988754634,-24.354752961694885,7700.091556519417,2259.187522069289,11.516218663435684
target,27,3,3,sv1,False,True,True,[6],27.83273696899414,3.5409438610076904,5.7710981369018555,0.1754673570394516,LocationSensor,False,"[10.851063829787234, 6.0, 0.0]",7.313702893943617,347.02316093444824,1.793517312796939,14.770356378348708,3631.2485152599265,6930.977801597594,11.516218663435684
target,28,3,4,sv0,False,True,False,[],,3.5796146392822266,-5.729605197906494,0.1801030933856964,LocationSensor,False,"[11.191489361702128, -6.0, 0.0]",7.616675793206261,22.619516372680664,357.9655511979215,-24.65396517475915,7866.75535828357,2359.00667384752,11.489157574855637
target,28,3,4,sv1,False,True,True,[6],27.59756851196289,3.588237762451172,5.759549140930176,0.17181092500686646,LocationSensor,False,"[11.191489361702128, 6.0, 0.0]",7.607052747098553,347.445481300354,1.811360460158097,14.36587915980408,3840.056298032023,7049.424506444411,11.489157574855637
target,29,3,5,sv0,False,True,False,[],,3.625716209411621,-5.7137627601623535,0.17464765906333923,LocationSensor,False,"[11.53191489361702, -6.0, 0.0]",7.911378476068572,22.866485595703125,357.92656033542346,-24.939925260279665,8000.0,2460.0339366029384,11.461823973473889
target,29,3,5,sv1,False,True,True,[6],27.547548294067383,3.6356730461120605,5.748056888580322,0.16725751757621765,LocationSensor,False,"[11.53191489361702, 6.0, 0.0]",7.9002601631642735,347.90061378479004,1.8274999266390288,13.926886141848968,4053.7689106540793,7165.065137542201,11.461823973473889
target,30,3,6,sv0,True,True,False,[],,3.671826124191284,-5.697606563568115,0.16984568536281586,LocationSensor,False,"[11.872340425531915, -6.0, 0.0]",8.206087776577174,23.101295471191406,357.8881786663577,-25.213116804833703,8000.0,2562.2526445047006,11.43426559154194
target,30,3,6,sv1,True,True,True,[6],27.746980667114258,3.6832432746887207,5.7366533279418945,0.16266092658042908,LocationSensor,False,"[11.872340425531915, 6.0, 0.0]",8.193330434910592,348.38745403289795,1.8418947160768546,13.454440683178916,4272.210066373244,7277.9609647508105,11.43426559154194
target,31,3,7,sv0,False,True,False,[],,3.717935562133789,-5.681149005889893,0.1661025732755661,LocationSensor,False,"[12.212765957446809, -6.0, 0.0]",8.500812278928347,23.324634552001953,357.8504286391121,-25.47420591288983,8000.0,2665.614608888293,11.406526830018878
target,31,3,7,sv1,False,True,False,[],,3.730943441390991,5.725370407104492,0.15826024115085602,LocationSensor,False,"[12.212765957446809, 6.0, 0.0]",8.48626741313078,348.90400886535645,1.854509601635837,12.950500736279366,4495.067243370566,7388.236877034884,11.406526830018878
target,32,3,8,sv0,False,True,False,[],,3.7640371322631836,-5.664404392242432,0.16378311812877655,LocationSensor,False,"[12.553191489361701, -6.0, 0.0]",8.795559034242793,23.537189483642578,357.8133418945687,-25.7238475890739,8000.0,2770.0692470233316,11.378652573157936
target,32,3,8,sv1,False,True,False,[],,3.7787694931030273,5.71423864364624,0.1545058637857437,LocationSensor,False,"[12.553191489361701, 6.0, 0.0]",8.779074035524088,349.4483404159546,1.8653234067944167,12.416982990839813,4722.020400978444,7496.001026313325,11.378652573157936
target,33,3,9,sv0,False,True,False,[],,3.810124158859253,-5.647384166717529,0.16274507343769073,LocationSensor,False,"[12.893617021276595, -6.0, 0.0]",9.09033445520396,23.7396183013916,357.7769278814433,-25.96269041994833,8000.0,2875.5632557332697,11.350684850078718
target,33,3,9,sv1,False,True,False,[],,3.8267171382904053,5.703288555145264,0.15162670612335205,LocationSensor,False,"[12.893617021276595, 6.0, 0.0]",9.071753478220337,350.0185661315918,1.8743174696248173,11.85575133803303,4952.745358297638,7601.345628971552,11.350684850078718
target,34,3,10,sv0,False,True,False,[],,3.856191396713257,-5.630099773406982,0.16303686797618866,LocationSensor,False,"[13.23404255319149, -6.0, 0.0]",9.385143498673512,23.932580947875977,357.7411946047695,-26.1913863431065,8000.0,2982.0385878116417,11.322664742910382
target,34,3,10,sv1,False,True,False,[],,3.8747832775115967,5.692549705505371,0.1498875617980957,LocationSensor,False,"[13.23404255319149, 6.0, 0.0]",9.364307762615715,350.61285877227783,1.8814813712254341,11.268622598947616,5186.913514940001,7704.3479663483395,11.322664742910382
target,35,3,11,sv0,False,True,False,[],,3.9022340774536133,-5.612563133239746,0.16452562808990479,LocationSensor,False,"[13.574468085106384, -6.0, 0.0]",9.679990600435508,24.11670684814453,357.70615186089873,-26.41055498724586,8000.0,3089.438650849738,11.294632386050592
target,35,3,11,sv1,False,True,False,[],,3.922964572906494,5.6820502281188965,0.14917398989200592,LocationSensor,False,"[13.574468085106384, 6.0, 0.0]",9.65673920655653,351.22944927215576,1.8868142426548862,10.657364970499145,5424.194083974968,7805.072270495524,11.294632386050592
target,36,3,12,sv0,True,True,False,[],,3.9482479095458984,-5.594784259796143,0.1669154018163681,LocationSensor,False,"[13.914893617021276, -6.0, 0.0]",9.97487977142814,24.292613983154297,357.6717972767707,-26.620816706383607,8000.0,3197.703072253798,11.266625537202932
target,36,3,12,sv1,True,True,True,[7],27.297569274902344,3.9712584018707275,5.671817779541016,0.14955942332744598,LocationSensor,False,"[13.914893617021276, 6.0, 0.0]",9.949049445138339,351.86662101745605,1.8903180560037607,10.02369703854771,5664.2549652641355,7903.570377040936,11.266625537202932
target,37,4,1,sv0,False,True,False,[],,3.994230270385742,-5.576773643493652,0.17005740106105804,LocationSensor,False,"[14.25531914893617, -6.0, 0.0]",10.269813314873494,24.460908889770508,357.6381310633127,-26.82277782645781,8000.0,3306.7694776435687,11.238681956131975
target,37,4,1,sv1,False,True,True,[7],27.114599227905273,4.0196614265441895,5.661879539489746,0.150933638215065,LocationSensor,False,"[14.25531914893617, 6.0, 0.0]",10.241240865040636,352.5227155685425,1.8919969595377508,9.369281390995297,5906.765604946739,7999.883157826125,11.238681956131975
target,38,4,2,sv0,False,True,False,[],,4.040177822113037,-5.558540344238281,0.17346501350402832,LocationSensor,False,"[14.595744680851064, -6.0, 0.0]",10.5647942874887,24.62217903137207,357.6051458309215,-27.017033200450555,8000.0,3416.574309958224,11.210836073821241
target,38,4,2,sv1,False,True,True,[7],27.267473220825195,4.06817102432251,5.652260780334473,0.15313871204853058,LocationSensor,False,"[14.595744680851064, 6.0, 0.0]",10.533315226391336,353.19612979888916,1.8918650130257006,8.695735214136562,6151.396084031796,8000.0,11.210836073821241
target,39,4,3,sv0,False,True,False,[],,4.08608865737915,-5.540093421936035,0.1765827238559723,LocationSensor,False,"[14.936170212765957, -6.0, 0.0]",10.859824299641845,24.77699089050293,357.57283469284766,-27.204156197655266,8000.0,3527.053515601414,11.183122324194244
target,39,4,3,sv1,False,True,False,[],,4.116784572601318,5.64298677444458,0.15573865175247192,LocationSensor,False,"[14.936170212765957, 6.0, 0.0]",10.82527431864072,353.88510513305664,1.8899346405610618,8.00482950750444,6397.792880913235,8000.0,11.183122324194244
target,40,4,4,sv0,False,True,False,[],,4.131960391998291,-5.5214409828186035,0.17914584279060364,LocationSensor,False,"[15.27659574468085, -6.0, 0.0]",11.154905462494407,24.925899505615234,357.5411867031121,-27.384712802503145,8000.0,3638.1411869798662,11.155572284952564
target,40,4,4,sv1,False,True,False,[],,4.165498733520508,5.63408088684082,0.15845878422260284,LocationSensor,False,"[15.27659574468085, 6.0, 0.0]",11.117120741846405,354.58795070648193,1.8862265531287432,7.2982758466467885,6645.6090868121355,8000.0,11.155572284952564
target,41,4,5,sv0,False,True,False,[],,4.177792072296143,-5.502591133117676,0.180857315659523,LocationSensor,False,"[15.617021276595745, -6.0, 0.0]",11.450038444012058,25.069440841674805,357.5101917389209,-27.559249102753938,8000.0,3749.7708200701873,11.12821658061773
target,41,4,5,sv1,False,True,False,[],,4.214310169219971,5.625565528869629,0.1606992930173874,LocationSensor,False,"[15.617021276595745, 6.0, 0.0]",11.408857163250032,355.30303955078125,1.8807640261371548,6.577724475355922,6894.505533330363,8000.0,11.12821658061773
target,42,4,6,sv0,True,True,False,[],,4.223582744598389,-5.4835524559021,0.18144984543323517,LocationSensor,False,"[15.957446808510639, -6.0, 0.0]",11.7452238776524,25.20813751220703,357.47984300865596,-27.72829450355107,8000.0,3861.875554903083,11.101086794510326
target,42,4,6,sv1,True,True,False,[],,4.263216018676758,5.6174635887146,0.16227327287197113,LocationSensor,False,"[15.957446808510639, 6.0, 0.0]",11.700485796404262,356.0288095474243,1.8735656609417979,5.844756113517462,7144.15273763004,8000.0,11.101086794510326
target,43,4,7,sv0,False,True,False,[],,4.2693305015563965,-5.46433162689209,0.18091806769371033,LocationSensor,False,"[16.29787234042553, -6.0, 0.0]",12.04046342029132,25.342485427856445,357.45012551091355,-27.89235991694295,8000.0,3955.0176382874524,11.074208787948471
target,43,4,7,sv1,False,True,True,[8],26.922697067260742,4.312211513519287,5.6097941398620605,0.16301263868808746,LocationSensor,False,"[16.29787234042553, 6.0, 0.0]",11.992010926901328,356.7637655735016,1.8646660799027501,5.10090050640116,7394.231013251056,8000.0,11.074208787948471
target,44,4,8,sv0,False,True,False,[],,4.315035343170166,-5.444936275482178,0.17943349480628967,LocationSensor,False,"[16.638297872340424, -6.0, 0.0]",12.33575677050773,25.472898483276367,357.42102970640184,-28.051868776874528,8000.0,3926.754002110388,11.047611281523471
target,44,4,8,sv1,False,True,True,[8],26.752113342285156,4.361292839050293,5.602578163146973,0.16288378834724426,LocationSensor,False,"[16.638297872340424, 6.0, 0.0]",12.283435867209095,357.5064744949341,1.8540877948577572,4.347613299923694,7491.346783047994,8000.0,11.047611281523471
target,45,4,9,sv0,False,True,True,[9],27.110370635986328,4.360695838928223,-5.425374507904053,0.1774444580078125,LocationSensor,False,"[16.97872340425532, -6.0, 0.0]",12.631105022741318,25.599319458007812,357.3925493851929,-28.20677007281489,8000.0,3899.2544158930255,11.021319181794677
target,45,4,9,sv1,False,True,True,[8],27.047130584716797,4.410454750061035,5.595832347869873,0.1619742065668106,LocationSensor,False,"[16.97872340425532, 6.0, 0.0]",12.574765542745956,358.25594425201416,1.8418704945673137,3.585926242553171,7583.785168287469,8000.0,11.021319181794677
target,46,4,10,sv0,False,True,True,[9],26.8754940032959,4.406311988830566,-5.405652046203613,0.1752956211566925,LocationSensor,False,"[17.319148936170215, -6.0, 0.0]",12.926507939840594,25.721698760986328,357.3646680510042,-28.357030709982155,8000.0,3872.529447296557,10.995355483512057
target,46,4,10,sv1,False,True,False,[],,4.459692478179932,5.589573860168457,0.16036269068717957,LocationSensor,False,"[17.319148936170215, 6.0, 0.0]",12.866004430716051,359.01122546195984,1.828048162070077,2.816822700110265,7675.691895882336,8000.0,10.995355483512057
target,47,4,11,sv0,False,True,True,[9],26.758167266845703,4.451883316040039,-5.385775566101074,0.1731794774532318,LocationSensor,False,"[17.659574468085104, -6.0, 0.0]",13.221965709492972,25.83999252319336,357.3373748891156,-28.50261763407775,8000.0,3846.589548714843,10.969742223601296
target,47,4,11,sv1,False,True,False,[],,4.509000301361084,5.583817958831787,0.1582966446876526,LocationSensor,False,"[17.659574468085104, 6.0, 0.0]",13.157158067223337,359.7714019268751,1.8126598922864612,2.0412579654113188,7766.9127946193585,8000.0,10.969742223601296
target,48,4,12,sv0,True,True,True,[9],26.669099807739258,4.497408866882324,-5.365751266479492,0.17138686776161194,LocationSensor,False,"[18.0, -6.0, 0.0]",13.517479009198441,25.95417022705078,357.31065809356477,-28.643512133486013,8000.0,3821.442499803845,10.94450001084136
target,48,4,12,sv1,True,True,False,[],,4.558372974395752,5.578578948974609,0.1562339812517166,LocationSensor,False,"[18.0, 6.0, 0.0]",13.448231586260768,0.5355892181396484,1.7957454826873656,1.2601562645477031,7857.304349889357,8000.0,10.94450001084136
coexist,1,1,1,sv0,False,True,True,[0],26.133228302001953,2.4427685737609863,-5.988888263702393,0.13676811754703522,LocationSensor,False,"[2.0, -6.0, 0.0]",0.44290798208418586,9.24321460723877,181.43759522139868,172.1943806141599,-8000.0,8000.0,11.977772712707578
coexist,1,1,1,sv1,False,True,True,"[0, 1]",18.896875381469727,2.442767381668091,5.988884449005127,0.13488522171974182,LocationSensor,False,"[2.0, 6.0, 0.0]",0.4429068860868348,350.75678157806396,178.56190758419672,-172.19487399386725,8000.0,-8000.0,11.977772712707578
coexist,2,1,2,sv0,False,True,True,[0],25.73012924194336,2.4737582206726074,-5.9863715171813965,0.15785962343215942,LocationSensor,False,"[2.3404255319148937, -6.0, 0.0]",0.13402739061586755,10.009246826171875,185.8361688341113,175.8269220079394,-8000.0,8000.0,11.9727268219001
coexist,2,1,2,sv1,False,True,True,"[0, 1]",19.268802642822266,2.4737541675567627,5.986355304718018,0.15692853927612305,LocationSensor,False,"[2.3404255319148937, 6.0, 0.0]",0.1340250080822994,350.01758098602295,174.15676006216927,-175.86082092385368,8000.0,-8000.0,11.9727268219001
coexist,3,1,3,sv0,False,True,True,"[0, 6]",25.358869552612305,2.5065863132476807,-5.983302593231201,0.17803995311260223,LocationSensor,False,"[2.6808510638297873, -6.0, 0.0]",0.17506286496069512,10.799460411071777,354.5268378321198,-16.272622578951996,3348.6052599586333,-286.7335168360328,11.966566085819041
coexist,3,1,3,sv1,False,True,True,"[0, 1, 6]",19.14856719970703,2.5065770149230957,5.9832634925842285,0.17802435159683228,LocationSensor,False,"[2.6808510638297873, 6.0, 0.0]",0.175075854425475,349.2808208465576,5.485609770221822,16.204788923664182,-278.6216674248676,3341.5629253258276,11.966566085819041
coexist,4,1,4,sv0,False,True,True,"[0, 1, 6]",25.013507843017578,2.5410523414611816,-5.979639530181885,0.1949915885925293,LocationSensor,False,"[3.0212765957446805, -6.0, 0.0]",0.4806556804338809,11.552560806274414,357.572236860228,-13.980323946046383,3269.828409755408,146.59406282528948,11.95921134949862
coexist,4,1,4,sv1,False,True,True,"[0, 1, 6]",19.03606414794922,2.5410358905792236,5.97957181930542,0.195564866065979,LocationSensor,False,"[3.0212765957446805, 6.0, 0.0]",0.4806749894308063,348.6058521270752,2.435743871977107,13.829891744901886,164.51836114939238,3254.145831778789,11.95921134949862
coexist,5,1,5,sv0,False,True,True,"[0, 1]",25.243009567260742,2.5769805908203125,-5.975376129150391,0.2066873461008072,LocationSensor,False,"[3.3617021276595747, -6.0, 0.0]",0.7851077794768,12.274184226989746,358.20269863887006,-14.071485588119685,3439.295522413949,295.69546917082334,11.95065498354723
coexist,5,1,5,sv1,False,True,True,"[0, 1]",18.931848526000977,2.5769553184509277,5.975278854370117,0.20767317712306976,LocationSensor,False,"[3.3617021276595747, 6.0, 0.0]",0.7851360962307149,347.99112606048584,1.8043387115640614,13.813212651078231,326.65078328051663,3412.5521085854743,11.95065498354723
coexist,6,1,6,sv0,True,True,True,"[0, 1]",25.486377716064453,2.6142117977142334,-5.970509052276611,0.21224334836006165,LocationSensor,False,"[3.702127659574468, -6.0, 0.0]",1.0883155050281696,12.966461181640625,358.4472207846137,-14.51924039702692,3644.587511590855,400.9580739372416,11.940897941637349
coexist,6,1,6,sv1,True,True,True,"[0, 1]",18.835704803466797,2.614177942276001,5.970388889312744,0.21395325660705566,LocationSensor,False,"[3.702127659574468, 6.0, 0.0]",1.088352610713066,347.43513584136963,1.559054515181013,14.123918673811374,448.70163518317713,3604.0153521997468,11.940897941637349
coexist,7,1,7,sv0,False,True,True,"[0, 1]",25.72591781616211,2.6526029109954834,-5.965039253234863,0.21168705821037292,LocationSensor,False,"[4.042553191489361, -6.0, 0.0]",1.3903898863482087,13.630826950073242,358.5591707802908,-15.0716561697825,3859.14352482533,492.10321901768657,11.92995119101815
coexist,7,1,7,sv1,False,True,True,[0],18.747100830078125,2.652562141418457,5.964911937713623,0.21422487497329712,LocationSensor,False,"[4.042553191489361, 6.0, 0.0]",1.3904338500598392,346.93640995025635,1.4460316245963092,14.50962167433994,560.5484069334536,3802.0290013137983,11.92995119101815
coexist,8,1,8,sv0,False,True,True,"[0, 1]",25.96204376220703,2.692023992538452,-5.958970069885254,0.20568989217281342,LocationSensor,False,"[4.382978723404255, -6.0, 0.0]",1.691452440065242,14.268439292907715,358.61002746584427,-15.658411827063446,4075.5944315760607,577.4716537779411,11.917832851486324
coexist,8,1,8,sv1,False,True,True,[0],18.665725708007812,2.691981315612793,5.958862781524658,0.20903125405311584,LocationSensor,False,"[4.382978723404255, 6.0, 0.0]",1.691497710285572,346.49351596832275,1.3935705570684818,14.900054588745718,670.6322060038947,3999.3363506503256,11.917832851486324
coexist,9,1,9,sv0,False,True,True,"[0, 1]",25.928781509399414,2.732358694076538,-5.95230770111084,0.19562052190303802,LocationSensor,False,"[4.723404255319149, -6.0, 0.0]",1.9916166755470888,14.8803129196167,358.6278340097362,-16.252478909880438,4291.157331012801,660.3186930818902,11.904567718563218
coexist,9,1,9,sv1,False,True,True,[0],18.590648651123047,2.7323217391967773,5.9522600173950195,0.19956675171852112,LocationSensor,False,"[4.723404255319149, 6.0, 0.0]",1.991654762238506,346.1050567626953,1.3735119006541168,15.268455137958824,782.2846664766569,4193.290283762117,11.904567718563218
coexist,10,1,10,sv0,False,True,True,"[0, 1]",25.63597869873047,2.7735016345977783,-5.945061206817627,0.18294596672058105,LocationSensor,False,"[5.0638297872340425, -6.0, 0.0]",2.2909869745929545,15.467369079589844,358.6258923399876,-16.841476739602285,4504.602926619022,742.1809105665477,11.890186309830135
coexist,10,1,10,sv1,False,True,True,[0],18.521020889282227,2.773482322692871,5.945125102996826,0.18690629303455353,LocationSensor,False,"[5.0638297872340425, 6.0, 0.0]",2.2910047495916026,345.76967334747314,1.3724985569775785,15.60282520950443,897.1022886577343,4382.806896901271,11.890186309830135
coexist,11,1,11,sv0,False,True,True,"[1, 7]",25.362571716308594,2.8153584003448486,-5.93724250793457,0.16957466304302216,LocationSensor,False,"[5.404255319148936, -6.0, 0.0]",2.589657459781822,16.03046226501465,358.61136403980066,-17.41909822521393,4715.345555356811,823.881660850778,11.874726772316967
coexist,11,1,11,sv1,False,True,True,[0],18.456296920776367,2.8153727054595947,5.937484264373779,0.17278170585632324,LocationSensor,False,"[5.404255319148936, 6.0, 0.0]",2.589637311413288,345.4860382080078,1.3832963348612826,15.897258126853444,1015.9632118588254,4567.444765177469,11.874726772316967
coexist,12,1,12,sv0,True,True,True,"[1, 2, 7]",25.107572555541992,2.8578436374664307,-5.928863048553467,0.15722398459911346,LocationSensor,False,"[5.74468085106383, -6.0, 0.0]",2.887713552912044,16.57040023803711,358.5884128179333,-17.981987420103792,4923.111429743535,905.8968821209812,11.85822820683609
coexist,12,1,12,sv1,True,True,True,[0],18.55754852294922,2.85791277885437,5.929365158081055,0.15910431742668152,LocationSensor,False,"[5.74468085106383, 6.0, 0.0]",2.8876321066958712,345.2528610229492,1.4016612510127124,16.14880022806352,1139.393026112977,4747.069624212429,11.85822820683609
coexist,13,2,1,sv0,False,True,True,"[1, 2, 7]",24.869035720825195,2.900881290435791,-5.919937610626221,0.147380530834198,LocationSensor,False,"[6.085106382978723, -6.0, 0.0]",3.1852314556672776,17.087949752807617,358.5596901697366,-18.528259583071076,5127.781565807714,988.5286456313038,11.840734482752156
coexist,13,2,1,sv1,False,True,True,[0],18.75773048400879,2.9010305404663086,5.920796871185303,0.1477704644203186,LocationSensor,False,"[6.085106382978723, 6.0, 0.0]",3.1850607696691093,345.0688810348511,1.42492503564307,16.356044000791996,1267.7290474964302,4921.704348806976,11.840734482752156
coexist,14,2,2,sv0,False,True,True,"[1, 2]",24.848440170288086,2.9444031715393066,-5.9104790687561035,0.14097028970718384,LocationSensor,False,"[6.425531914893617, -6.0, 0.0]",3.482279616133422,17.58385467529297,358.5269027096791,-19.056951965613848,5329.332446994786,1071.9685149068896,11.822289946567098
coexist,14,2,2,sv1,False,True,True,[0],18.90483856201172,2.9446637630462646,5.911810874938965,0.1400747299194336,LocationSensor,False,"[6.425531914893617, 6.0, 0.0]",3.4819851252301803,344.9328718185425,1.4513000053851741,16.518428186842698,1401.2001791281484,5091.452455795568,11.822289946567098
coexist,15,2,3,sv0,False,True,True,"[1, 2]",24.989591598510742,2.9883480072021484,-5.900501728057861,0.13841474056243896,LocationSensor,False,"[6.76595744680851, -6.0, 0.0]",3.778919552507378,18.058826446533203,358.4912380721632,-19.56758837436996,5527.790615226255,1156.3494144874303,11.802938945223396
coexist,15,2,3,sv1,False,True,True,[0],18.997844696044922,2.9887568950653076,5.902437210083008,0.13653495907783508,LocationSensor,False,"[6.76595744680851, 6.0, 0.0]",3.778460335383388,344.84363555908203,1.4795861109570951,16.635950551875055,1539.9601609561194,5256.467185969718,11.802938945223396
coexist,16,2,4,sv0,False,True,True,"[1, 2]",25.12384796142578,3.032661199569702,-5.890019416809082,0.13968144357204437,LocationSensor,False,"[7.1063829787234045, -6.0, 0.0]",4.075206112901558,18.513553619384766,358.4535289138879,-20.060024705496858,5723.21548855896,1241.7629555371877,11.782726779948485
coexist,16,2,4,sv1,False,True,True,[0],19.03671646118164,3.0332610607147217,5.892707347869873,0.13708779215812683,LocationSensor,False,"[7.1063829787234045, 6.0, 0.0]",4.074534804387349,344.8000020980835,1.5089150279096404,16.70891292982617,1684.1167576221821,5416.923734320024,11.782726779948485
coexist,17,2,5,sv0,False,True,True,"[1, 2]",25.251333236694336,3.077294111251831,-5.879045486450195,0.14421199262142181,LocationSensor,False,"[7.446808510638298, -6.0, 0.0]",4.371188177234394,18.948711395263672,358.41437441201776,-20.534336983245908,5915.687309420524,1328.27239650301,11.761697799140016
coexist,17,2,5,sv1,False,True,True,[0],19.02239227294922,3.0781338214874268,5.882652282714844,0.1413232684135437,LocationSensor,False,"[7.446808510638298, 6.0, 0.0]",4.370250453507156,344.80083179473877,1.5386617349139895,16.73782994017523,1833.741255374676,5573.00835418995,11.761697799140016
coexist,18,2,6,sv0,True,True,True,"[1, 2]",25.3719425201416,3.1222026348114014,-5.867593288421631,0.15132752060890198,LocationSensor,False,"[7.787234042553192, -6.0, 0.0]",4.666910066895263,19.36495018005371,358.3742211086108,-20.990729071442956,6105.298039245172,1415.924155203295,11.739896352353869
coexist,18,2,6,sv1,True,True,True,[0],18.956716537475586,3.123337984085083,5.872303009033203,0.1484021097421646,LocationSensor,False,"[7.787234042553192, 6.0, 0.0]",4.665643896151563,344.84501361846924,1.5683606745909833,16.723347056121725,1988.8778436416344,5724.909435104355,11.739896352353869
coexist,19,2,7,sv0,False,True,True,"[1, 2]",25.485952377319336,3.1673476696014404,-5.85567569732666,0.16000564396381378,LocationSensor,False,"[8.127659574468085, -6.0, 0.0]",4.962411077077745,19.762908935546875,358.3334029593985,-21.429505976148448,6292.147651350462,1504.7500659476864,11.717366790548839
coexist,19,2,7,sv1,False,True,True,[0],18.842327117919922,3.1688408851623535,5.861690998077393,0.15721629559993744,LocationSensor,False,"[8.127659574468085, 6.0, 0.0]",4.960747138629487,344.93146324157715,1.5976523054165108,16.66618906383934,2149.5492799238577,5872.811653349367,11.717366790548839
coexist,20,2,8,sv0,False,True,True,"[1, 2]",25.592782974243164,3.2126941680908203,-5.843304634094238,0.1689736396074295,LocationSensor,False,"[8.46808510638298, -6.0, 0.0]",5.257726443243284,20.143205642700195,358.29216814113727,-21.851037501562928,6476.3405684715435,1594.771936419976,11.694151082336528
coexist,20,2,8,sv1,False,True,True,[0],18.682537078857422,3.2146143913269043,5.850846290588379,0.16641606390476227,LocationSensor,False,"[8.46808510638298, 6.0, 0.0]",5.255587634411878,345.059121131897,1.6262740224354433,16.567152890538466,2315.756676484936,6016.894156436194,11.694151082336528
coexist,21,2,9,sv0,False,True,True,"[1, 2]",25.6113338470459,3.258211374282837,-5.830493450164795,0.1769099235534668,LocationSensor,False,"[8.808510638297872, -6.0, 0.0]",5.552887032036836,20.50644874572754,358.2507263697224,-22.255722376005224,6657.981821188288,1686.0057204386358,11.670295013200704
coexist,21,2,9,sv1,False,True,True,[0],18.481185913085938,3.260634422302246,5.83980131149292,0.17496317625045776,LocationSensor,False,"[8.808510638297872, 6.0, 0.0]",5.550188656956566,345.22695541381836,1.6539948927218473,16.42703947890351,2487.4877781393143,6157.323621492401,11.670295013200704
coexist,22,2,10,sv0,False,True,True,"[1, 2, 8]",25.41965103149414,3.3038711547851562,-5.817254543304443,0.1830955296754837,LocationSensor,False,"[9.148936170212766, -6.0, 0.0]",5.847921078171168,20.85323143005371,358.20923570027,-22.643995729783683,6837.178055748547,1778.4608552075993,11.64584198713436
coexist,22,2,10,sv1,False,True,True,[0],18.242475509643555,3.306879758834839,5.828587055206299,0.18157055974006653,LocationSensor,False,"[9.148936170212766, 6.0, 0.0]",5.844570601110468,345.4339647293091,1.6806447364497756,16.246680007140696,2664.713395196947,6294.256545821473,11.64584198713436
coexist,23,2,11,sv0,False,True,True,"[1, 2, 8]",25.236949920654297,3.349648952484131,-5.803600311279297,0.18676580488681793,LocationSensor,False,"[9.48936170212766, -6.0, 0.0]",6.142853203997706,21.184127807617188,358.16782350016325,-23.016304307453993,7014.034573469286,1872.1428383521607,11.620835411306377
coexist,23,2,11,sv1,False,True,True,[0],18.011484146118164,3.353332757949829,5.817234516143799,0.18543271720409393,LocationSensor,False,"[9.48936170212766, 6.0, 0.0]",6.138750233221522,345.6791648864746,1.7060864342488515,16.026921547774236,2847.3882461934195,6427.836885777242,11.620835411306377
coexist,24,2,12,sv0,True,True,True,"[2, 8]",25.06326675415039,3.3955225944519043,-5.78954553604126,0.18776172399520874,LocationSensor,False,"[9.829787234042552, -6.0, 0.0]",6.437705533315944,21.49970245361328,358.12661494301346,-23.373087510599817,7188.654118007224,1967.0562502730554,11.595322987965314
coexist,24,2,12,sv1,True,True,True,[0],17.996498107910156,3.399977684020996,5.805776596069336,0.18641254305839539,LocationSensor,False,"[9.829787234042552, 6.0, 0.0]",6.432742306371585,345.9616050720215,1.7301909914564662,15.768585919434997,3035.456796180565,6558.192702455867,11.595322987965314
coexist,25,3,1,sv0,False,True,True,"[2, 8]",24.898427963256836,3.4414727687835693,-5.77510404586792,0.1862928718328476,LocationSensor,False,"[10.170212765957446, -6.0, 0.0]",6.732497318213538,21.800508499145508,358.08570489941326,-23.71480359973225,7361.138526905146,2063.2005521322676,11.569350992704088
coexist,25,3,1,sv1,False,True,True,[0],17.985729217529297,3.446800947189331,5.794245719909668,0.18473942577838898,LocationSensor,False,"[10.170212765957446, 6.0, 0.0]",6.726559396045372,346.28035163879395,1.7528561501492517,15.472504511355282,3228.84803198785,6685.438716824024,11.569350992704088
coexist,26,3,2,sv0,False,True,True,"[2, 8]",24.74187469482422,3.4874815940856934,-5.760289669036865,0.1826654076576233,LocationSensor,False,"[10.51063829787234, -6.0, 0.0]",7.027246340403457,22.087080001831055,358.04517238293437,-24.04190761889663,7531.587458430256,2160.5737443815356,11.542966659725558
coexist,26,3,2,sv1,False,True,True,[0],17.979389190673828,3.493791103363037,5.782675266265869,0.18079610168933868,LocationSensor,False,"[10.51063829787234, 6.0, 0.0]",7.020211862257841,346.6344985961914,1.7739891562728989,15.13949056008147,3427.4787931032624,6809.673447157944,11.542966659725558
coexist,27,3,3,sv0,False,True,True,"[2, 8]",24.59344482421875,3.533534288406372,-5.745117664337158,0.17756640911102295,LocationSensor,False,"[10.851063829787234, -6.0, 0.0]",7.321967194273309,22.359943389892578,358.0050944319884,-24.354848957904096,7700.0972175355355,2259.17173732643,11.516217704240432
coexist,27,3,3,sv1,False,True,True,"[0, 6]",17.97826385498047,3.540937900543213,5.771097660064697,0.17527982592582703,LocationSensor,False,"[10.851063829787234, 6.0, 0.0]",7.313708866412008,347.02316093444824,1.7935195850943828,14.77035865064613,3631.2513344051968,6930.98112837898,11.516217704240432
coexist,28,3,4,sv0,False,True,True,"[2, 3]",24.45244789123535,3.5796172618865967,-5.729603290557861,0.17196694016456604,LocationSensor,False,"[11.191489361702128, -6.0, 0.0]",7.616673239966859,22.619609832763672,357.96553615873427,-24.654073674029405,7866.761776975141,2358.9888535694663,11.489151846908898
coexist,28,3,4,sv1,False,True,True,"[0, 6]",17.982736587524414,3.5882325172424316,5.75954532623291,0.1694648712873459,LocationSensor,False,"[11.191489361702128, 6.0, 0.0]",7.607058110265734,347.44547748565674,1.811387929050087,14.365910443393375,3840.0548564234878,7049.430053656805,11.489151846908898
coexist,29,3,5,sv0,False,True,True,"[2, 3]",24.31867218017578,3.625718593597412,-5.7137603759765625,0.1663292646408081,LocationSensor,False,"[11.53191489361702, -6.0, 0.0]",7.911376179705072,22.86658477783203,357.9265424552559,-24.94004232257612,8000.0,2460.0147485641205,11.46181633745715
coexist,29,3,5,sv1,False,True,True,"[0, 1, 6]",17.993093490600586,3.6356678009033203,5.748051643371582,0.16408632695674896,LocationSensor,False,"[11.53191489361702, 6.0, 0.0]",7.900265572979007,347.90060901641846,1.8275367344487767,13.9269277180303,4053.7661013682928,7165.071616464474,11.46181633745715
coexist,30,3,6,sv0,True,True,True,"[2, 3]",24.192428588867188,3.671828269958496,-5.697603225708008,0.16142208874225616,LocationSensor,False,"[11.872340425531915, -6.0, 0.0]",8.20608575526783,23.101394653320312,357.8881548248013,-25.213239828519022,8000.0,2562.2324744010175,11.4342560467123
coexist,30,3,6,sv1,True,True,True,"[0, 1, 6]",18.00926971435547,3.683237314224243,5.736647129058838,0.15980567038059235,LocationSensor,False,"[11.872340425531915, 6.0, 0.0]",8.19333659153961,348.38744831085205,1.8419367025946367,13.454488391742586,4272.206830154497,7277.968386727487,11.4342560467123
coexist,31,3,7,sv0,False,True,True,"[2, 3]",24.072614669799805,3.7179372310638428,-5.681146144866943,0.15817232429981232,LocationSensor,False,"[12.212765957446809, -6.0, 0.0]",8.500810718485296,23.324735641479492,357.85040894736306,-25.47432669411637,8000.0,2665.5948195332285,11.406517283497097
coexist,31,3,7,sv1,False,True,True,"[0, 1]",18.031219482421875,3.7309365272521973,5.725363731384277,0.15680652856826782,LocationSensor,False,"[12.212765957446809, 6.0, 0.0]",8.486274539687873,348.90400218963623,1.8545531390154781,12.950550949379249,4495.064199108409,7388.245050486911,11.406517283497097
coexist,32,3,8,sv0,False,True,True,"[2, 3]",23.978269577026367,3.764038562774658,-5.664402008056641,0.15664954483509064,LocationSensor,False,"[12.553191489361701, -6.0, 0.0]",8.79555769574221,23.537288665771484,357.8133260193283,-25.72396264644317,8000.0,2770.0502819018357,11.378644453664007
coexist,32,3,8,sv1,False,True,True,"[0, 1]",18.058664321899414,3.7787606716156006,5.714232921600342,0.15543052554130554,LocationSensor,False,"[12.553191489361701, 6.0, 0.0]",8.779083038592903,349.4483337402344,1.8653588573455602,12.417025117111166,4722.019469078027,7496.009505512259,11.378644453664007
coexist,33,3,9,sv0,False,True,True,"[2, 3]",23.994176864624023,3.8101253509521484,-5.647383689880371,0.15691636502742767,LocationSensor,False,"[12.893617021276595, -6.0, 0.0]",9.090333282504881,23.73971939086914,357.77692458677444,-25.962794804094756,8000.0,2875.5459012062865,11.350679586758691
coexist,33,3,9,sv1,False,True,True,"[0, 1]",18.09154510498047,3.8267059326171875,5.703283786773682,0.15563233196735382,LocationSensor,False,"[12.893617021276595, 6.0, 0.0]",9.071764833859303,350.0185604095459,1.8743452549737423,11.85578484542782,4952.746864621235,7601.3546209189935,11.350679586758691
coexist,34,3,10,sv0,False,True,True,"[2, 3]",24.00611114501953,3.856192111968994,-5.630101680755615,0.1587938815355301,LocationSensor,False,"[13.23404255319149, -6.0, 0.0]",9.385142708798668,23.93267822265625,357.74120606787784,-26.191472154778467,8000.0,2982.0242665969618,11.32266281208427
coexist,34,3,10,sv1,False,True,True,"[0, 1]",18.12956428527832,3.874769687652588,5.6925458908081055,0.1573711335659027,LocationSensor,False,"[13.23404255319149, 6.0, 0.0]",9.36432147039345,350.61285400390625,1.8815019689536543,11.268647965047421,5186.917394838049,7704.357513087475,11.32266281208427
coexist,35,3,11,sv0,False,True,True,"[2, 3]",24.014142990112305,3.9022345542907715,-5.61256742477417,0.16176831722259521,LocationSensor,False,"[13.574468085106384, -6.0, 0.0]",9.679989952214825,24.11680030822754,357.70617712913577,-26.410623179091772,8000.0,3089.427149427616,11.294634262776322
coexist,35,3,11,sv1,False,True,True,"[0, 1]",17.624536514282227,3.9229483604431152,5.6820478439331055,0.16019873321056366,LocationSensor,False,"[13.574468085106384, 6.0, 0.0]",9.656755488729727,351.2294454574585,1.8868252137663988,10.657379756307876,5424.200778541896,7805.0822682438275,11.294634262776322
coexist,36,3,12,sv0,True,True,True,"[2, 3]",24.01763153076172,3.9482483863830566,-5.594791412353516,0.16561250388622284,LocationSensor,False,"[13.914893617021276, -6.0, 0.0]",9.974879004424366,24.292707443237305,357.671838215933,-26.620869227304297,8000.0,3197.6939988139115,11.266632173970489
coexist,36,3,12,sv1,True,True,True,"[0, 1, 7]",17.64864158630371,3.9712398052215576,5.671817302703857,0.16382944583892822,LocationSensor,False,"[13.914893617021276, 6.0, 0.0]",9.949068047396382,351.8666181564331,1.8903172678579978,10.02369911142489,5664.2646127586295,7903.580487620636,11.266632173970489
coexist,37,4,1,sv0,False,True,True,"[2, 3]",24.016521453857422,3.9942305088043213,-5.576781749725342,0.16941653192043304,LocationSensor,False,"[14.25531914893617, -6.0, 0.0]",10.269812742597034,24.461000442504883,357.6381761951333,-26.8228242473715,8000.0,3306.761433668132,11.238690492261593
coexist,37,4,1,sv1,False,True,True,"[0, 1, 7]",17.67648696899414,4.019640922546387,5.661880016326904,0.16765353083610535,LocationSensor,False,"[14.25531914893617, 6.0, 0.0]",10.241261342117435,352.522714138031,1.8919905060051372,9.369276367974123,5906.777210385641,7999.893641111327,11.238690492261593
coexist,38,4,2,sv0,False,True,True,"[2, 3]",24.011098861694336,4.040178298950195,-5.558548450469971,0.17247915267944336,LocationSensor,False,"[14.595744680851064, -6.0, 0.0]",10.564793472344752,24.622268676757812,357.6051896467881,-27.017079029969636,8000.0,3416.56617308191,11.210846033811611
coexist,38,4,2,sv1,False,True,True,"[0, 1, 2, 7]",17.70796012878418,4.068150043487549,5.6522626876831055,0.1710635870695114,LocationSensor,False,"[14.595744680851064, 6.0, 0.0]",10.533336132822424,353.196129322052,1.891850876084523,8.695721554032502,6151.409063750494,8000.0,11.210846033811611
coexist,39,4,3,sv0,False,True,True,"[2, 3]",24.001741409301758,4.086089134216309,-5.54010009765625,0.17463968694210052,LocationSensor,False,"[14.936170212765957, -6.0, 0.0]",10.85982354052205,24.777082443237305,357.57286977540946,-27.204212667827846,8000.0,3527.043515787635,11.183131323880895
coexist,39,4,3,sv1,False,True,True,"[1, 2]",17.74332618713379,4.116763114929199,5.642989158630371,0.17368951439857483,LocationSensor,False,"[14.936170212765957, 6.0, 0.0]",10.825295686011346,353.88510608673096,1.8899182829738244,8.00481219624288,6397.806585644771,8000.0,11.183131323880895
coexist,40,4,4,sv0,False,True,True,"[2, 3]",23.988964080810547,4.131961345672607,-5.521445274353027,0.17551833391189575,LocationSensor,False,"[15.27659574468085, -6.0, 0.0]",11.154904325586878,24.925992965698242,357.5412085156021,-27.384784450096163,8000.0,3638.1282989218225,11.155579849822509
coexist,40,4,4,sv1,False,True,True,"[1, 2]",17.78256607055664,4.165478229522705,5.634084224700928,0.17525714635849,LocationSensor,False,"[15.27659574468085, 6.0, 0.0]",11.117141124869596,354.5879530906677,1.886205881458853,7.298252790791139,6645.622998034978,8000.0,11.155579849822509
coexist,41,4,5,sv0,False,True,True,"[2, 3]",23.973342895507812,4.177793502807617,-5.50259256362915,0.17524364590644836,LocationSensor,False,"[15.617021276595745, -6.0, 0.0]",11.4500369527073,25.06954002380371,357.5101985794505,-27.55934144435321,8000.0,3749.7540461077797,11.128223190599396
coexist,41,4,5,sv1,False,True,True,"[1, 2]",17.826030731201172,4.214291572570801,5.625570774078369,0.1756374090909958,LocationSensor,False,"[15.617021276595745, 6.0, 0.0]",11.408875577736707,355.30304288864136,1.8807346335776725,6.577691744936317,6894.519600755659,8000.0,11.128223190599396
coexist,42,4,6,sv0,True,True,True,"[2, 3]",23.955568313598633,4.223584175109863,-5.483550548553467,0.1739313006401062,LocationSensor,False,"[15.957446808510639, -6.0, 0.0]",11.745222532392413,25.208236694335938,357.4798334063448,-27.728403287991114,8000.0,3861.8558132549824,11.101091019638952
coexist,42,4,6,sv1,True,True,True,"[1, 2]",17.86012840270996,4.2631988525390625,5.617469787597656,0.17500826716423035,LocationSensor,False,"[15.957446808510639, 6.0, 0.0]",11.700502750700329,356.02881479263306,1.8735325738062925,5.8447177811732445,7144.166689208978,8000.0,11.101091019638952
coexist,43,4,7,sv0,False,True,True,"[2, 3]",23.936349868774414,4.269332408905029,-5.464326858520508,0.17186175286769867,LocationSensor,False,"[16.29787234042553, -6.0, 0.0]",12.040461726972339,25.342586517333984,357.4501024387958,-27.892484078538246,8000.0,3954.995659192124,11.074212059326998
coexist,43,4,7,sv1,False,True,True,"[1, 2, 8]",17.346799850463867,4.312196254730225,5.60980224609375,0.17335353791713715,LocationSensor,False,"[16.29787234042553, 6.0, 0.0]",11.992025913846327,356.76377272605896,1.8646249980663203,5.100852272007387,7394.245085327308,8000.0,11.074212059326998
coexist,44,4,8,sv0,False,True,True,"[2, 3]",23.916034698486328,4.315036773681641,-5.444930076599121,0.16946376860141754,LocationSensor,False,"[16.638297872340424, -6.0, 0.0]",12.335755620373693,25.47300148010254,357.4210006446957,-28.05200083540683,8000.0,3926.730579761566,11.04761407864176
coexist,44,4,8,sv1,False,True,True,"[1, 2, 8]",17.377147674560547,4.361279010772705,5.6025872230529785,0.17107033729553223,LocationSensor,False,"[16.638297872340424, 6.0, 0.0]",12.283449395123924,357.50648307800293,1.854043470420825,4.347560392417904,7491.3532528800915,8000.0,11.04761407864176
coexist,45,4,9,sv0,False,True,True,"[2, 3, 9]",23.895030975341797,4.360697269439697,-5.425366401672363,0.1670643836259842,LocationSensor,False,"[16.97872340425532, -6.0, 0.0]",12.631103962489465,25.599422454833984,357.39251235749526,-28.20691009733872,8000.0,3899.2295340538144,11.021321503533127
coexist,45,4,9,sv1,False,True,True,"[1, 2, 3, 8]",17.412599563598633,4.410442352294922,5.5958428382873535,0.16857494413852692,LocationSensor,False,"[16.97872340425532, 6.0, 0.0]",12.574777596937068,358.2559541463852,1.8418209050420484,3.5858667586568345,7583.7923321698945,8000.0,11.021321503533127
coexist,46,4,10,sv0,False,True,True,"[2, 3, 9]",23.873544692993164,4.406312942504883,-5.405643463134766,0.16501666605472565,LocationSensor,False,"[17.319148936170215, -6.0, 0.0]",12.9265073818187,25.7218017578125,357.36462985306935,-28.357171904743154,8000.0,3872.5043119800976,10.995357805173402
coexist,46,4,10,sv1,False,True,True,"[1, 2, 3]",17.453163146972656,4.459680557250977,5.589584827423096,0.16659480333328247,LocationSensor,False,"[17.319148936170215, 6.0, 0.0]",12.866015995727084,359.01123559474945,1.8279976533550868,2.8167620586056614,7675.699085700403,8000.0,10.995357805173402
coexist,47,4,11,sv0,False,True,True,"[2, 3, 9]",23.851667404174805,4.451883792877197,-5.385766983032227,0.1635207086801529,LocationSensor,False,"[17.659574468085104, -6.0, 0.0]",13.22196563189858,25.84009552001953,357.3373376395952,-28.502757880424326,8000.0,3846.5645384773284,10.969744540727168
coexist,47,4,11,sv1,False,True,True,"[2, 3]",17.498903274536133,4.508987903594971,5.583828926086426,0.16513784229755402,LocationSensor,False,"[17.659574468085104, 6.0, 0.0]",13.157170111878573,359.7714112699032,1.8126104491204915,2.041199179217301,7766.91965346152,8000.0,10.969744540727168
coexist,48,4,12,sv0,True,True,True,"[2, 3, 9]",23.829153060913086,4.497408866882324,-5.365743637084961,0.16269773244857788,LocationSensor,False,"[18.0, -6.0, 0.0]",13.517479367176644,25.95427131652832,357.31062579089604,-28.64364552563228,8000.0,3821.4186716598406,10.944502317971313
coexist,48,4,12,sv1,True,True,True,"[2, 3]",17.54993438720703,4.558359146118164,5.578588962554932,0.1642700433731079,LocationSensor,False,"[18.0, 6.0, 0.0]",13.448245093960242,0.5355969667434692,1.7957009949404166,1.2601040281969347,7857.310345143369,8000.0,10.944502317971313
teammate_only,1,1,1,sv0,False,True,True,"[5, 6]",27.331838607788086,2.442767381668091,-5.988883972167969,0.137541264295578,LocationSensor,False,"[2.0, -6.0, 0.0]",0.44290689805418393,9.243218421936035,181.43815408147492,172.19493565953888,-8000.0,8000.0,11.97777032852188
teammate_only,1,1,1,sv1,False,True,True,"[6, 7]",27.337675094604492,2.4427692890167236,5.98888635635376,0.13096870481967926,LocationSensor,False,"[2.0, 6.0, 0.0]",0.44290874497064353,350.7567834854126,178.5621604382264,-172.19462304718618,8000.0,-8000.0,11.97777032852188
teammate_only,2,1,2,sv0,False,True,True,[6],26.828035354614258,2.473756790161133,-5.986367702484131,0.15920041501522064,LocationSensor,False,"[2.3404255319148937, -6.0, 0.0]",0.13402635547192382,10.00925064086914,185.83785333444675,175.82860269357764,-8000.0,8000.0,11.972723960876467
teammate_only,2,1,2,sv1,False,True,True,[6],26.812114715576172,2.4737565517425537,5.986356258392334,0.1520535796880722,LocationSensor,False,"[2.3404255319148937, 6.0, 0.0]",0.13402728279473786,350.01758193969727,174.15726939755442,-175.86031254214285,8000.0,-8000.0,11.972723960876467
teammate_only,3,1,3,sv0,False,True,True,[6],26.86675262451172,2.506584405899048,-5.983299732208252,0.1799503117799759,LocationSensor,False,"[2.6808510638297873, -6.0, 0.0]",0.17506503651690553,10.799463272094727,354.52596527727275,-16.273497994822037,3348.6973459278597,-286.83700064928803,11.966562747956178
teammate_only,3,1,3,sv1,False,True,True,[6],26.84136962890625,2.506579875946045,5.98326301574707,0.17193424701690674,LocationSensor,False,"[2.6808510638297873, 6.0, 0.0]",0.17507305209053006,349.2808198928833,5.485854617288862,16.20503472440555,-278.65249064196314,3341.5870145214126,11.966562747956178
teammate_only,4,1,4,sv0,False,True,True,[6],26.904909133911133,2.5410501956939697,-5.979637145996094,0.19717936217784882,LocationSensor,False,"[3.0212765957446805, -6.0, 0.0]",0.48065792527414936,11.552562713623047,357.57196374850326,-13.980598965119725,3269.8582682487204,146.5624814679063,11.959207534795066
teammate_only,4,1,4,sv1,False,True,True,[6],26.866350173950195,2.541039228439331,5.979570388793945,0.188322514295578,LocationSensor,False,"[3.0212765957446805, 6.0, 0.0]",0.48067171538421494,348.60584926605225,2.4359311431204893,13.830081877068267,164.49400475581297,3254.163951318871,11.959207534795066
teammate_only,5,1,5,sv0,False,True,True,[6],26.943466186523438,2.5769779682159424,-5.9753737449646,0.20894841849803925,LocationSensor,False,"[3.3617021276595747, -6.0, 0.0]",0.785110475571167,12.274184226989746,358.20253073416575,-14.071653492823998,3439.314322356953,295.6767588428536,11.950649738326609
teammate_only,5,1,5,sv1,False,True,True,[6],26.88778305053711,2.5769591331481934,5.975275993347168,0.1996290385723114,LocationSensor,False,"[3.3617021276595747, 6.0, 0.0]",0.7851323735139566,347.9911231994629,1.804556159139694,13.813432959676788,326.6224489057695,3412.5729916240425,11.950649738326609
teammate_only,6,1,6,sv0,True,True,True,[6],26.98211097717285,2.6142091751098633,-5.97050666809082,0.2144528031349182,LocationSensor,False,"[3.702127659574468, -6.0, 0.0]",1.0883181912781148,12.966459274291992,358.44709905386,-14.519360220431963,3644.601209038302,400.94500257907043,11.94089174273723
teammate_only,6,1,6,sv1,True,True,True,[6],26.905290603637695,2.6141819953918457,5.9703850746154785,0.20530512928962708,LocationSensor,False,"[3.702127659574468, 6.0, 0.0]",1.0883486628922268,347.43513202667236,1.5592610697528229,14.124129043080472,448.67419082498895,3604.0349047873606,11.94089174273723
teammate_only,7,1,7,sv0,False,True,True,"[6, 7]",27.02083969116211,2.652600049972534,-5.965036392211914,0.21343852579593658,LocationSensor,False,"[4.042553191489361, -6.0, 0.0]",1.3903928184085443,13.630823135375977,358.55905588405557,-15.071767251320352,3859.1563304587207,492.0912087973338,11.929944038438476
teammate_only,7,1,7,sv1,False,True,True,[6],26.918317794799805,2.652566432952881,5.964907646179199,0.2053859680891037,LocationSensor,False,"[4.042553191489361, 6.0, 0.0]",1.3904296681973654,346.9364061355591,1.4462128732750916,14.50980673771602,560.5237188682572,3802.045656803641,11.929944038438476
teammate_only,8,1,8,sv0,False,True,True,"[6, 7]",27.059823989868164,2.692021369934082,-5.958966255187988,0.20673520863056183,LocationSensor,False,"[4.382978723404255, -6.0, 0.0]",1.691455154436011,14.268436431884766,358.6099004410459,-15.6585359908388,4075.608303290658,577.4577870388857,11.917824745231881
teammate_only,8,1,8,sv1,False,True,True,"[5, 6]",26.926288604736328,2.691985607147217,5.958858489990234,0.2004322111606598,LocationSensor,False,"[4.382978723404255, 6.0, 0.0]",1.6914935243962876,346.4935121536255,1.3937194160772373,14.900207262451772,670.6113055261362,3999.3495578058714,11.917824745231881
teammate_only,9,1,9,sv0,False,True,True,[7],26.507341384887695,2.732355833053589,-5.952302932739258,0.19591274857521057,LocationSensor,False,"[4.723404255319149, -6.0, 0.0]",1.9916196499410859,14.880309104919434,358.627698841458,-16.252610263461406,4291.171895487376,660.3039128848213,11.904559612311473
teammate_only,9,1,9,sv1,False,True,True,"[5, 6]",26.928308486938477,2.732326030731201,5.952256679534912,0.19147758185863495,LocationSensor,False,"[4.723404255319149, 6.0, 0.0]",1.9916505519486414,346.10505390167236,1.3736108558933542,15.26855695422097,782.2698866153237,4193.298249872067,11.904559612311473
teammate_only,10,1,10,sv0,False,True,True,[7],26.51874542236328,2.773498773574829,-5.945055961608887,0.18250170350074768,LocationSensor,False,"[5.0638297872340425, -6.0, 0.0]",2.2909899605812254,15.467363357543945,358.62576291518496,-16.84160044235898,4504.616577857818,742.1669263442479,11.890179157263297
teammate_only,10,1,10,sv1,False,True,True,"[5, 6]",26.923006057739258,2.773486614227295,5.945123195648193,0.17968758940696716,LocationSensor,False,"[5.0638297872340425, 6.0, 0.0]",2.291000504974733,345.7696704864502,1.3725488150350842,15.602878328584893,897.0934572703768,4382.809932430391,11.890179157263297
teammate_only,11,1,11,sv0,False,True,True,[7],26.52968978881836,2.8153553009033203,-5.937236309051514,0.16882045567035675,LocationSensor,False,"[5.404255319148936, -6.0, 0.0]",2.5896607085434233,16.030454635620117,358.6112285927309,-17.41922604288925,4715.359573258893,823.8671240101198,11.874720096607955
teammate_only,11,1,11,sv1,False,True,True,"[5, 6]",26.909687042236328,2.8153769969940186,5.937483787536621,0.1667579561471939,LocationSensor,False,"[5.404255319148936, 6.0, 0.0]",2.5896330326408075,345.4860382080078,1.3833091740092687,15.897270966001429,1015.9593705156321,4567.443792127466,11.874720096607955
teammate_only,12,1,12,sv0,True,True,True,[7],26.54051971435547,2.8578402996063232,-5.92885684967041,0.15630850195884705,LocationSensor,False,"[5.74468085106383, -6.0, 0.0]",2.8877170424711456,16.570390701293945,358.5882914934255,-17.982099207868487,4923.123868756987,905.8843475080992,11.85822248483559
teammate_only,12,1,12,sv1,True,True,True,"[5, 6]",26.888948440551758,2.857916831970215,5.929365634918213,0.15403826534748077,LocationSensor,False,"[5.74468085106383, 6.0, 0.0]",2.8876280431288284,345.25286293029785,1.4016537597248169,16.148790829426957,1139.3921014998512,4747.066599923741,11.85822248483559
teammate_only,13,2,1,sv0,False,True,True,[7],26.55075454711914,2.9008777141571045,-5.919931411743164,0.14673160016536713,LocationSensor,False,"[6.085106382978723, -6.0, 0.0]",3.185235186633938,17.08793830871582,358.55958031687027,-18.528357991845496,5127.792713994786,988.5178090871564,11.840730191322685
teammate_only,13,2,1,sv1,False,True,True,"[5, 6]",26.764793395996094,2.9010350704193115,5.9207987785339355,0.14344856142997742,LocationSensor,False,"[6.085106382978723, 6.0, 0.0]",3.1850561936872532,345.0688829421997,1.424892761470048,16.356009819270355,1267.7310291028614,4921.698694188178,11.840730191322685
teammate_only,14,2,2,sv0,False,True,True,[7],26.559953689575195,2.944399356842041,-5.910473346710205,0.14056119322776794,LocationSensor,False,"[6.425531914893617, -6.0, 0.0]",3.4822835766743614,17.583839416503906,358.5268102066076,-19.057029209896314,5329.341612402328,1071.9604237760973,11.822286608893872
teammate_only,14,2,2,sv1,False,True,True,"[5, 6]",26.478443145751953,2.9446682929992676,5.911813259124756,0.13624601066112518,LocationSensor,False,"[6.425531914893617, 6.0, 0.0]",3.481980536346182,344.93287467956543,1.451262674233092,16.51838799466765,1401.2029609266106,5091.446258575941,11.822286608893872
teammate_only,15,2,3,sv0,False,True,True,[7],26.568387985229492,2.9883439540863037,-5.900496482849121,0.13810385763645172,LocationSensor,False,"[6.76595744680851, -6.0, 0.0]",3.778923742326943,18.058807373046875,358.4911601902917,-19.567647182755195,5527.7981033105625,1156.3437646523766,11.802936561346504
teammate_only,15,2,3,sv1,False,True,True,"[5, 6]",26.310667037963867,2.9887616634368896,5.902440071105957,0.1327972114086151,LocationSensor,False,"[6.76595744680851, 6.0, 0.0]",3.778455494728787,344.843638420105,1.4795446084294999,16.635906188324498,1539.963390332732,5256.46050443401,11.802936561346504
teammate_only,16,2,4,sv0,False,True,True,"[7, 8]",26.57575225830078,3.0326571464538574,-5.890014171600342,0.13945893943309784,LocationSensor,False,"[7.1063829787234045, -6.0, 0.0]",4.075210306100653,18.513534545898438,358.4534567331726,-20.060077812725922,5723.222375522657,1241.757978232035,11.782724873076903
teammate_only,16,2,4,sv1,False,True,True,"[5, 6]",26.254959106445312,3.033266305923462,5.8927106857299805,0.13343189656734467,LocationSensor,False,"[7.1063829787234045, 6.0, 0.0]",4.074529473104522,344.8000078201294,1.5088700496312242,16.708862229501847,1684.1205981721666,5416.91624830884,11.782724873076903
teammate_only,17,2,5,sv0,False,True,True,"[7, 8]",26.582012176513672,3.0772898197174072,-5.879040718078613,0.14401023089885712,LocationSensor,False,"[7.446808510638298, -6.0, 0.0]",4.37119259907293,18.948688507080078,358.4143134906449,-20.534375016435206,5915.692900177844,1328.2694905642884,11.761696369330492
teammate_only,17,2,5,sv1,False,True,True,"[5, 6]",26.307958602905273,3.078139305114746,5.882655620574951,0.13750582933425903,LocationSensor,False,"[7.446808510638298, 6.0, 0.0]",4.370244882231708,344.80083751678467,1.538619920344854,16.737782403560175,1833.7445993748288,5573.001078408369,11.761696369330492
teammate_only,18,2,6,sv0,True,True,True,"[7, 8]",26.587324142456055,3.1221983432769775,-5.867588043212891,0.15090927481651306,LocationSensor,False,"[7.787234042553192, -6.0, 0.0]",4.6669145055187915,19.364925384521484,358.3741582338365,-20.990767150684974,6105.303578500179,1415.9211874739844,11.739893969164024
teammate_only,18,2,6,sv1,True,True,True,"[5, 6]",26.469179153442383,3.1233439445495605,5.872305870056152,0.14402776956558228,LocationSensor,False,"[7.787234042553192, 6.0, 0.0]",4.6656378596156,344.8450164794922,1.5683275566883952,16.72331107719623,1988.8794587216678,5724.903012415284,11.739893969164024
teammate_only,19,2,7,sv0,False,True,True,"[7, 8]",26.189367294311523,3.1673433780670166,-5.8556694984436035,0.15927501022815704,LocationSensor,False,"[8.127659574468085, -6.0, 0.0]",4.962415547085741,19.762882232666016,358.3333328587909,-21.429549373875034,6292.153593838991,1504.7463132910398,11.71736202354945
teammate_only,19,2,7,sv1,False,True,True,"[5, 6]",26.55966567993164,3.1688473224639893,5.861692428588867,0.15204688906669617,LocationSensor,False,"[8.127659574468085, 6.0, 0.0]",4.960740663946824,344.93146419525146,1.5976378625791088,16.666173667327655,2149.5479626253637,5872.806896437149,11.71736202354945
teammate_only,20,2,8,sv0,False,True,True,[8],26.00348663330078,3.2126898765563965,-5.843298435211182,0.16790315508842468,LocationSensor,False,"[8.46808510638298, -6.0, 0.0]",5.257730917619432,20.143178939819336,358.2921020130032,-21.851076926816177,6476.346108269265,1594.7686685315834,11.694145838973242
teammate_only,20,2,8,sv1,False,True,True,"[5, 6]",26.489286422729492,3.2146213054656982,5.850847244262695,0.16029605269432068,LocationSensor,False,"[8.46808510638298, 6.0, 0.0]",5.25558069599281,345.0591220855713,1.6262657689745919,16.567143683403287,2315.7543018138194,6016.889724871336,11.694145838973242
teammate_only,21,2,9,sv0,False,True,True,[8],25.989702224731445,3.258207082748413,-5.83048677444458,0.17570997774600983,LocationSensor,False,"[8.808510638297872, -6.0, 0.0]",5.552891525357141,20.50642204284668,358.2506588721959,-22.255763170650766,6657.9874149614425,1686.0022006005006,11.670287386237769
teammate_only,21,2,9,sv1,False,True,True,"[5, 6]",26.413881301879883,3.2606418132781982,5.8398003578186035,0.16775260865688324,LocationSensor,False,"[8.808510638297872, 6.0, 0.0]",5.550181296586645,345.22695541381836,1.654006935875487,16.427051522057127,2487.482340917414,6157.320874736842,11.670287386237769
teammate_only,22,2,10,sv0,False,True,True,[8],25.97540855407715,3.3038668632507324,-5.817246913909912,0.18154394626617432,LocationSensor,False,"[9.148936170212766, -6.0, 0.0]",5.847925606030319,20.853200912475586,358.2091623007828,-22.64403861169285,6837.183764263611,1778.456983812206,11.64583197676383
teammate_only,22,2,10,sv1,False,True,True,"[5, 6]",26.334318161010742,3.3068878650665283,5.828584671020508,0.1734374463558197,LocationSensor,False,"[9.148936170212766, 6.0, 0.0]",5.844562568291247,345.43396282196045,1.6806704298631174,16.246707607902692,2664.7055059809527,6294.25482267489,11.64583197676383
teammate_only,23,2,11,sv0,False,True,True,[8],25.960643768310547,3.349644660949707,-5.803593158721924,0.18507416546344757,LocationSensor,False,"[9.48936170212766, -6.0, 0.0]",6.1428577220241545,21.184099197387695,358.16775810058067,-23.016341096807082,7014.039723387716,1872.1397694502234,11.620824924901969
teammate_only,23,2,11,sv1,False,True,True,"[5, 6]",26.251203536987305,3.3533411026000977,5.817231178283691,0.1769397258758545,LocationSensor,False,"[9.48936170212766, 6.0, 0.0]",6.13874199164765,345.6791648864746,1.7061198930763204,16.026955006601725,2847.379440189812,6427.835554547439,11.620824924901969
teammate_only,24,2,12,sv0,True,True,True,[8],25.945466995239258,3.3955183029174805,-5.7895379066467285,0.18612045049667358,LocationSensor,False,"[9.829787234042552, -6.0, 0.0]",6.437710071972798,21.499671936035156,358.12654832612714,-23.37312360990802,7188.659160505595,1967.0532281085675,11.595312025573381
teammate_only,24,2,12,sv1,True,True,True,"[5, 6]",26.165014266967773,3.3999860286712646,5.8057732582092285,0.17812485992908478,LocationSensor,False,"[9.829787234042552, 6.0, 0.0]",6.432734066306543,345.96160316467285,1.730222952011401,15.768619787338537,3035.447917031992,6558.191389469566,11.595312025573381
teammate_only,25,3,1,sv0,False,True,True,[8],25.92961883544922,3.4414680004119873,-5.775096893310547,0.1848733127117157,LocationSensor,False,"[10.170212765957446, -6.0, 0.0]",6.732502322855447,21.80047607421875,358.0856454183692,-23.714830655849482,7361.143053573274,2063.19903440579,11.569341461898404
teammate_only,25,3,1,sv1,False,True,True,[6],26.075889587402344,3.4468090534210205,5.794243335723877,0.1771068572998047,LocationSensor,False,"[10.170212765957446, 6.0, 0.0]",6.726551366535651,346.2803497314453,1.7528785608461321,15.472528829400801,3228.8405415511734,6685.436659090859,11.569341461898404
teammate_only,26,3,2,sv0,False,True,True,[8],25.91293716430664,3.4874770641326904,-5.760283470153809,0.18173936009407043,LocationSensor,False,"[10.51063829787234, -6.0, 0.0]",7.027251079176333,22.08704376220703,358.04512313044916,-24.041920631757876,7531.590765140573,2160.574143990748,11.542958560147916
teammate_only,26,3,2,sv1,False,True,True,[6],25.98430633544922,3.4937987327575684,5.782673358917236,0.17416466772556305,LocationSensor,False,"[10.51063829787234, 6.0, 0.0]",7.020204295566075,346.6344966888428,1.7740066433637127,15.139509954520918,3427.47220157192,6809.671188385961,11.542958560147916
teammate_only,27,3,3,sv0,False,True,True,[8],25.895103454589844,3.53352952003479,-5.745112419128418,0.17714326083660126,LocationSensor,False,"[10.851063829787234, -6.0, 0.0]",7.321972142345719,22.359905242919922,358.00505471104356,-24.35485053187631,7700.099773118089,2259.173941280215,11.516211513028628
teammate_only,27,3,3,sv1,False,True,True,[6],25.890520095825195,3.540945053100586,5.771096706390381,0.16984327137470245,LocationSensor,False,"[10.851063829787234, 6.0, 0.0]",7.313701747206543,347.0231599807739,1.793528806266372,14.770368825492426,3631.246221785209,6930.978288841473,11.516211513028628
teammate_only,28,3,4,sv0,False,True,True,[8],25.875764846801758,3.5796124935150146,-5.729598522186279,0.17170237004756927,LocationSensor,False,"[11.191489361702128, -6.0, 0.0]",7.616678174614306,22.619569778442383,357.9655015850915,-24.654068193350895,7866.763818529823,2358.9921195194793,11.489147087304849
teammate_only,28,3,4,sv1,False,True,True,[6],25.79486656188965,3.5882394313812256,5.75954532623291,0.16480955481529236,LocationSensor,False,"[11.191489361702128, 6.0, 0.0]",7.607051199581954,347.44547843933105,1.8113895751677525,14.365911135836711,3840.0511359854527,7049.426487912096,11.489147087304849
teammate_only,29,3,5,sv0,False,True,True,[8],25.855710983276367,3.62571382522583,-5.713755130767822,0.16597220301628113,LocationSensor,False,"[11.53191489361702, -6.0, 0.0]",7.911381134731897,22.86654281616211,357.92650574274097,-24.94003707342108,8000.0,2460.017992086261,11.46181110239712
teammate_only,29,3,5,sv1,False,True,True,[6],25.698102951049805,3.6356747150421143,5.748051643371582,0.15978118777275085,LocationSensor,False,"[11.53191489361702, 6.0, 0.0]",7.9002586623571025,347.9006109237671,1.8275383335989677,13.926927409831876,4053.7625100617433,7165.067956305736,11.46181110239712
teammate_only,30,3,6,sv0,True,True,True,[8],25.835195541381836,3.671823501586914,-5.697598457336426,0.16115820407867432,LocationSensor,False,"[11.872340425531915, -6.0, 0.0]",8.206090696117958,23.101350784301758,357.8881227810145,-25.213228003287213,8000.0,2562.236739289532,11.434251767080877
teammate_only,30,3,6,sv1,True,True,True,[6],25.600849151611328,3.683244466781616,5.736647605895996,0.15540403127670288,LocationSensor,False,"[11.872340425531915, 6.0, 0.0]",8.193329427351301,348.38744926452637,1.8419349774899099,13.45448571296356,4272.203419873709,7277.964378001721,11.434251767080877
teammate_only,31,3,7,sv0,False,True,True,"[8, 9]",25.814136505126953,3.71793270111084,-5.681141376495361,0.1578746885061264,LocationSensor,False,"[12.212765957446809, -6.0, 0.0]",8.500815424106962,23.324691772460938,357.8503779762107,-25.47431379625027,8000.0,2665.5991523668863,11.406513005557235
teammate_only,31,3,7,sv1,False,True,True,[6],25.50387954711914,3.7309439182281494,5.7253642082214355,0.15208284556865692,LocationSensor,False,"[12.212765957446809, 6.0, 0.0]",8.486267137151719,348.90400314331055,1.8545515362045466,12.950548392894007,4495.060637919742,7388.240918173959,11.406513005557235
teammate_only,32,3,8,sv0,False,True,True,"[8, 9]",25.79265785217285,3.7640340328216553,-5.664397239685059,0.1562039703130722,LocationSensor,False,"[12.553191489361701, -6.0, 0.0]",8.795562404336888,23.537242889404297,357.813296105892,-25.723946783512247,8000.0,2770.0551042918983,11.378639701343863
teammate_only,32,3,8,sv1,False,True,True,"[6, 7]",25.740001678466797,3.778768539428711,5.714232921600342,0.1501818597316742,LocationSensor,False,"[12.553191489361701, 6.0, 0.0]",8.779075174949115,349.4483346939087,1.8653605287861237,12.41702583487745,4722.015212214796,7496.005408999554,11.378639701343863
teammate_only,33,3,9,sv0,False,True,True,"[8, 9]",25.77069091796875,3.8101208209991455,-5.647378444671631,0.15627887845039368,LocationSensor,False,"[12.893617021276595, -6.0, 0.0]",9.090338012512904,23.739673614501953,357.77689265900267,-25.962780955499284,8000.0,2875.5504313741953,11.350673883881417
teammate_only,33,3,9,sv1,False,True,True,"[6, 7]",25.790916442871094,3.826714515686035,5.703283309936523,0.1498524397611618,LocationSensor,False,"[12.893617021276595, 6.0, 0.0]",9.071756270978987,350.01856231689453,1.874350038050229,11.855787721155707,4952.741937978263,7601.350336719798,11.350673883881417
teammate_only,34,3,10,sv0,False,True,True,"[8, 9]",25.74817657470703,3.8561878204345703,-5.630096435546875,0.15792492032051086,LocationSensor,False,"[13.23404255319149, -6.0, 0.0]",9.38514720373029,23.93263053894043,357.7411751036718,-26.191455435268608,8000.0,2982.0291668989757,11.322657111568772
teammate_only,34,3,10,sv1,False,True,True,"[6, 7]",25.668041229248047,3.8747785091400146,5.692545413970947,0.1509956568479538,LocationSensor,False,"[13.23404255319149, 6.0, 0.0]",9.364312669317757,350.61285495758057,1.8815066570382815,11.268651699457735,5186.9122186477725,7704.35317117247,11.322657111568772
teammate_only,35,3,11,sv0,False,True,True,"[8, 9]",25.724943161010742,3.9022300243377686,-5.61256217956543,0.16086745262145996,LocationSensor,False,"[13.574468085106384, -6.0, 0.0]",9.679994688473961,24.11675453186035,357.7061471808362,-26.41060735102417,8000.0,3089.432043754406,11.294628566108909
teammate_only,35,3,11,sv1,False,True,True,[7],25.546960830688477,3.9229576587677,5.682047367095947,0.15328732132911682,LocationSensor,False,"[13.574468085106384, 6.0, 0.0]",9.656746211146638,351.2294464111328,1.8868298578861822,10.657383446753386,5424.195347466796,7805.077661622167,11.294628566108909
teammate_only,36,3,12,sv0,True,True,True,"[8, 9]",25.700849533081055,3.948244094848633,-5.594786167144775,0.16456538438796997,LocationSensor,False,"[13.914893617021276, -6.0, 0.0]",9.974883505493253,24.292659759521484,357.6718091136769,-26.620850645844598,8000.0,3197.699257137824,11.266626003814546
teammate_only,36,3,12,sv1,True,True,True,[7],25.428085327148438,3.971249580383301,5.671816349029541,0.1564357876777649,LocationSensor,False,"[13.914893617021276, 6.0, 0.0]",9.94905830901248,351.8666191101074,1.8903246139384453,10.023705503831025,5664.258570500082,7903.575873439328,11.266626003814546
teammate_only,37,4,1,sv0,False,True,True,"[8, 9]",25.675518035888672,3.9942262172698975,-5.57677698135376,0.16853177547454834,LocationSensor,False,"[14.25531914893617, -6.0, 0.0]",10.269817226991119,24.46095085144043,357.6381506014449,-26.822800249995453,8000.0,3306.7676167082986,11.238684802582966
teammate_only,37,4,1,sv1,False,True,True,[7],25.311677932739258,4.019650936126709,5.661879062652588,0.1600610911846161,LocationSensor,False,"[14.25531914893617, 6.0, 0.0]",10.241251365482185,352.522714138031,1.8919976881236509,9.369283550092632,5906.7709324020125,7999.888967628374,11.238684802582966
teammate_only,38,4,2,sv0,False,True,True,"[8, 9]",25.362098693847656,4.0401740074157715,-5.558544158935547,0.17197568714618683,LocationSensor,False,"[14.595744680851064, -6.0, 0.0]",10.564797939454266,24.62221908569336,357.6051673654686,-27.0170517202248,8000.0,3416.572943064885,11.210840346294466
teammate_only,38,4,2,sv1,False,True,True,[7],25.197744369506836,4.068159580230713,5.652261257171631,0.16358625888824463,LocationSensor,False,"[14.595744680851064, 6.0, 0.0]",10.533326648503191,353.19612979888916,1.8918603656233148,8.695730566734142,6151.402807373359,8000.0,11.210840346294466
teammate_only,39,4,3,sv0,False,True,True,"[8, 9]",25.08441925048828,4.086084842681885,-5.540096759796143,0.17447933554649353,LocationSensor,False,"[14.936170212765957, -6.0, 0.0]",10.85982796956114,24.77703285217285,357.57285313971954,-27.20417971245331,8000.0,3527.0512718343716,11.183126594773618
teammate_only,39,4,3,sv1,False,True,True,"[7, 8]",25.086772918701172,4.1167731285095215,5.6429877281188965,0.1663745492696762,LocationSensor,False,"[14.936170212765957, 6.0, 0.0]",10.8252857250555,353.88510608673096,1.889927598118465,8.00482151138749,6397.800035471054,8000.0,11.183126594773618
teammate_only,40,4,4,sv0,False,True,True,"[8, 9]",25.051179885864258,4.131957054138184,-5.521442890167236,0.17584313452243805,LocationSensor,False,"[15.27659574468085, -6.0, 0.0]",11.15490871545402,24.92594337463379,357.5411972264674,-27.384746148166414,8000.0,3638.137007779873,11.155576076698036
teammate_only,40,4,4,sv1,False,True,True,"[7, 8]",25.440471649169922,4.165487766265869,5.634082794189453,0.1682058721780777,LocationSensor,False,"[15.27659574468085, 6.0, 0.0]",11.117131640378522,354.5879530906677,1.8862148678481172,7.298261777180414,6645.616748568309,8000.0,11.155576076698036
teammate_only,41,4,5,sv0,False,True,True,"[8, 9]",25.017610549926758,4.177789211273193,-5.502590656280518,0.17594625055789948,LocationSensor,False,"[15.617021276595745, -6.0, 0.0]",11.450041323048712,25.069486618041992,357.51018997702266,-27.559296641019273,8000.0,3749.7639358884435,11.128219419720395
teammate_only,41,4,5,sv1,False,True,True,"[7, 8]",25.302610397338867,4.214300632476807,5.625568866729736,0.16905862092971802,LocationSensor,False,"[15.617021276595745, 6.0, 0.0]",11.408866585308914,355.30304288864136,1.8807457004417731,6.577702811800407,6894.513355817952,8000.0,11.128219419720395
teammate_only,42,4,6,sv0,True,True,True,[9],24.984107971191406,4.2235798835754395,-5.48354959487915,0.17491507530212402,LocationSensor,False,"[15.957446808510639, -6.0, 0.0]",11.745226861710153,25.20818328857422,357.4798296791482,-27.728353609425994,8000.0,3861.8666098684525,11.101088204585224
teammate_only,42,4,6,sv1,True,True,True,[8],25.169384002685547,4.26320743560791,5.617467880249023,0.16891343891620636,LocationSensor,False,"[15.957446808510639, 6.0, 0.0]",11.700494234577853,356.02881479263306,1.8735432829607754,5.844728490327725,7144.16075488452,8000.0,11.101088204585224
teammate_only,43,4,7,sv0,False,True,True,[9],24.950908660888672,4.2693281173706055,-5.46432638168335,0.17309856414794922,LocationSensor,False,"[16.29787234042553, -6.0, 0.0]",12.040466035471738,25.342533111572266,357.4501010805141,-27.892432031058206,8000.0,3955.0048726451605,11.074209248165417
teammate_only,43,4,7,sv1,False,True,True,[8],25.041120529174805,4.312204837799072,5.609799861907959,0.16792939603328705,LocationSensor,False,"[16.29787234042553, 6.0, 0.0]",11.992017412899425,356.7637722492218,1.8646377175967996,5.100865468374991,7394.238861102951,8000.0,11.074209248165417
teammate_only,44,4,8,sv0,False,True,True,[9],24.917943954467773,4.315032958984375,-5.444930076599121,0.17081071436405182,LocationSensor,False,"[16.638297872340424, -6.0, 0.0]",12.335759431207164,25.472946166992188,357.4210014419535,-28.05194472503871,8000.0,3926.74053169119,11.047611744380985
teammate_only,44,4,8,sv1,False,True,True,[8],24.91799545288086,4.3612871170043945,5.6025848388671875,0.16630852222442627,LocationSensor,False,"[16.638297872340424, 6.0, 0.0]",12.283441370273021,357.50648260116577,1.8540558088973378,4.347573207731557,7491.351685750942,8000.0,11.047611744380985
teammate_only,45,4,9,sv0,False,True,True,[9],24.885343551635742,4.360693454742432,-5.42536735534668,0.16845162212848663,LocationSensor,False,"[16.97872340425532, -6.0, 0.0]",12.631107729851148,25.599369049072266,357.39251746617487,-28.2068515828974,8000.0,3899.239931858411,11.021319171030845
teammate_only,45,4,9,sv1,False,True,True,[8],24.800153732299805,4.410449981689453,5.595839500427246,0.16452671587467194,LocationSensor,False,"[16.97872340425532, 6.0, 0.0]",12.57477007876448,358.2559530735016,1.8418372231178617,3.5858841496162768,7583.790237708309,8000.0,11.021319171030845
teammate_only,46,4,10,sv0,False,True,True,[9],24.85291290283203,4.406309127807617,-5.405644416809082,0.16638138890266418,LocationSensor,False,"[17.319148936170215, -6.0, 0.0]",12.926511148631871,25.72174644470215,357.36463485312834,-28.357111591573812,8000.0,3872.515048861026,10.995355474252385
teammate_only,46,4,10,sv1,False,True,True,"[8, 9]",24.687589645385742,4.45968770980835,5.589581489562988,0.16283591091632843,LocationSensor,False,"[17.319148936170215, 6.0, 0.0]",12.866008953285148,359.01123452186584,1.82801352623465,2.8167790043688115,7675.6970765665565,8000.0,10.995355474252385
teammate_only,47,4,11,sv0,False,True,True,[9],24.820720672607422,4.451879978179932,-5.385768413543701,0.16468878090381622,LocationSensor,False,"[17.659574468085104, -6.0, 0.0]",13.22196937602232,25.84004020690918,357.33734459978194,-28.502695607127237,8000.0,3846.5756437269006,10.96974269050102
teammate_only,47,4,11,sv1,False,True,True,"[8, 9]",25.002403259277344,4.508995056152344,5.583825588226318,0.1614041030406952,LocationSensor,False,"[17.659574468085104, 6.0, 0.0]",13.157163068479655,359.7714104950428,1.8126259625133598,2.041215467470579,7766.917753040672,8000.0,10.96974269050102
teammate_only,48,4,12,sv0,True,True,True,[9],24.788583755493164,4.497405529022217,-5.365744590759277,0.16363006830215454,LocationSensor,False,"[18.0, -6.0, 0.0]",13.517482656612914,25.95421600341797,357.31063049256954,-28.643585510848425,8000.0,3821.429392242576,10.944500471734749
teammate_only,48,4,12,sv1,True,True,True,"[8, 9]",24.865381240844727,4.558366775512695,5.578586101531982,0.16038253903388977,LocationSensor,False,"[18.0, 6.0, 0.0]",13.448237557965095,0.5355966687202454,1.795714196812183,1.2601175280919392,7857.308795738306,8000.0,10.944500471734749
