tick_global,waypoint_index,wp_ticks,sv0_target_cell,sv0_target_world,sv0_loc_x,sv0_loc_y,sv0_loc_z,sv0_proj_row,sv0_proj_col,sv0_dist_m,sv0_heading_deg,sv0_t_heading_deg,sv0_err_deg,sv0_cmd_l,sv0_cmd_r,sv0_arrived,sv0_timeout,sv1_target_cell,sv1_target_world,sv1_loc_x,sv1_loc_y,sv1_loc_z,sv1_proj_row,sv1_proj_col,sv1_dist_m,sv1_heading_deg,sv1_t_heading_deg,sv1_err_deg,sv1_cmd_l,sv1_cmd_r,sv1_arrived,sv1_timeout,inter_vessel_distance_m
1,0,1,"[39, 35]","[-50.0, 10.0]",-50.0,0.0,0.6402697563171387,40,35,10.0,0.0,90.0,90.0,-8000.0,8000.0,False,False,"[41, 45]","[50.0, -10.0]",50.0,0.0,0.6402697563171387,40,45,10.0,0.0,270.0,-90.0,8000.0,-8000.0,False,False,100.0
2,0,2,"[39, 35]","[-50.0, 10.0]",-50.0,-6.491417298093438e-05,0.5508517622947693,40,35,10.000064914172981,0.13008423149585724,90.0,89.86991576850414,-8000.0,8000.0,False,False,"[41, 45]","[50.0, -10.0]",50.0,6.491417298093438e-05,0.5508517622947693,40,45,10.000064914172981,359.86991576850414,270.0,-89.86991576850414,8000.0,-8000.0,False,False,100.00000000008427
3,0,3,"[39, 35]","[-50.0, 10.0]",-50.0,-0.00019311820506118238,0.4605759382247925,40,35,10.000193118205061,0.38700026273727417,90.0,89.61299973726273,-8000.0,8000.0,False,False,"[41, 45]","[50.0, -10.0]",50.0,0.00019311820506118238,0.4605759382247925,40,45,10.000193118205061,359.6129997372627,270.0,-89.61299973726273,8000.0,-8000.0,False,False,100.0000000007459
4,0,4,"[39, 35]","[-50.0, 10.0]",-49.999996185302734,-0.00038302221219055355,0.3695279359817505,40,35,10.000383022212917,0.7675765752792358,90.00002185576821,89.23244528048895,-8000.0,8000.0,False,False,"[41, 45]","[50.0, -10.0]",50.0,0.00038302221219055355,0.3695279359817505,40,45,10.00038302221219,359.23242342472076,270.0,-89.23242342472076,8000.0,-8000.0,False,False,99.99999618823685
5,0,5,"[39, 35]","[-50.0, 10.0]",-49.99999237060547,-0.0006330611649900675,0.27778491377830505,40,35,10.0006330611679,1.268720269203186,90.00004371044356,88.73132344124036,-8000.0,8000.0,False,False,"[41, 45]","[50.0, -10.0]",50.00000762939453,0.0006330612231977284,0.27778491377830505,40,45,10.000633061226107,358.7312797307968,269.99995628955645,-88.73132344124036,8000.0,-8000.0,False,False,100.00000000801532
6,0,6,"[39, 35]","[-50.0, 10.0]",-49.99998474121094,-0.000941682024858892,0.18541617691516876,40,35,10.0009416820365,1.8874157667160034,90.00008741818937,88.11267165147336,-8000.0,8000.0,False,False,"[41, 45]","[50.0, -10.0]",50.00001525878906,0.0009416820830665529,0.18541617691516876,40,45,10.000941682094707,358.112584233284,269.99991258181063,-88.11267165147336,8000.0,-8000.0,False,False,100.0000000177353
7,0,7,"[39, 35]","[-50.0, 10.0]",-49.999969482421875,-0.0013091553701087832,0.10203413665294647,40,35,10.001309155416669,2.6207191944122314,90.0001748299548,87.37945563554257,-8000.0,8000.0,False,False,"[41, 45]","[50.0, -10.0]",50.000030517578125,0.0013088283594697714,0.10032456368207932,40,45,10.00130882840603,357.3792805671692,269.99982517003946,-87.37945539712973,8000.0,-8000.0,False,False,100.00000003426919
8,0,8,"[39, 35]","[-50.0, 10.0]",-49.99994659423828,-0.0017370491987094283,0.03610393777489662,40,35,10.001737049341294,3.4657580852508545,90.00030593933164,86.53454785408076,-8000.0,8000.0,False,False,"[41, 45]","[50.0, -10.0]",50.00005340576172,0.0017359351040795445,0.03108958713710308,40,45,10.001735935246664,356.53424048423767,269.9996940606343,-86.53454642360339,8000.0,-8000.0,False,False,100.0000000603081
9,0,9,"[39, 35]","[-50.0, 10.0]",-49.99991226196289,-0.0022281825076788664,-0.005656818393617868,40,35,10.002228182892491,4.419728755950928,90.00050258993669,85.58077383398575,-8000.0,8000.0,False,False,"[41, 45]","[50.0, -10.0]",50.000083923339844,0.0022254185751080513,-0.016173742711544037,40,45,10.002225418927186,355.5802674293518,269.9995192616668,-85.58074816768499,8000.0,-8000.0,False,False,99.99999628447556
10,0,10,"[39, 35]","[-50.0, 10.0]",-49.99986267089844,-0.00278516486287117,-0.021274998784065247,40,35,10.002785165805573,5.4798970222473145,90.00078661870607,84.52088959645874,-8000.0,8000.0,False,False,"[41, 45]","[50.0, -10.0]",50.0001335144043,0.0027800456155091524,-0.03844578191637993,40,45,10.002780046506567,354.5200972557068,269.9992352314222,-84.52086202428461,8000.0,-8000.0,False,False,99.99999634016056
11,0,11,"[39, 35]","[-50.0, 10.0]",-49.99979782104492,-0.0034100592602044344,-0.011674553155899048,40,35,10.003410061303322,6.643594264984131,90.00115800519644,83.3575637402123,-8000.0,8000.0,False,False,"[41, 45]","[50.0, -10.0]",50.00019836425781,0.003402345348149538,-0.035419296473264694,40,45,10.0034023473149,353.356397151947,269.99886384308206,-83.35753330886496,8000.0,-8000.0,False,False,99.99999641734702
12,0,12,"[39, 35]","[-50.0, 10.0]",-49.99971008300781,-0.004103424958884716,0.019442835822701454,40,35,10.004103429159754,7.908219814300537,90.00166042066452,82.09344060636397,-8000.0,8000.0,False,False,"[41, 45]","[50.0, -10.0]",50.00028610229492,0.004093564581125975,-0.009688477963209152,40,45,10.004093568672177,352.0917692184448,269.99836142536077,-82.09340779308405,8000.0,-8000.0,False,False,99.99999652125592
13,0,13,"[39, 35]","[-50.0, 10.0]",-49.999595642089844,-0.004864045884460211,0.06680097430944443,40,35,10.004864054055751,9.271236419677734,90.00231567381084,80.73107925413308,-7903.266670782562,8000.0,False,False,"[41, 45]","[50.0, -10.0]",50.00040054321289,0.0048524970188736916,0.033294759690761566,40,45,10.004852505036725,350.72875022888184,269.99770616952065,-80.73104405936118,8000.0,-7903.259552304707,False,False,99.99999665735878
14,0,14,"[39, 35]","[-50.0, 10.0]",-49.99945068359375,-0.00568681675940752,0.12218311429023743,40,35,10.005686831838258,10.73017406463623,90.00314556234272,79.27297149770652,-7566.902499725001,8000.0,False,False,"[41, 45]","[50.0, -10.0]",50.000545501708984,0.005675558932125568,0.08685770630836487,40,45,10.00567557380229,349.26981353759766,269.99687627832554,-79.27293725927211,8000.0,-7566.895747502502,False,False,99.99999683082066
15,0,15,"[39, 35]","[-50.0, 10.0]",-49.99927520751953,-0.006565042771399021,0.17826023697853088,40,35,10.006565069020372,12.282623291015625,90.00415003049534,77.72152673947971,-7209.900575786325,8000.0,False,False,"[41, 45]","[50.0, -10.0]",50.00072479248047,0.006556741427630186,0.14388330280780792,40,45,10.006556767676626,347.7173681259155,269.9958499660618,-77.7215181598537,8000.0,-7209.899561137772,False,False,100.0000008609061
16,0,16,"[39, 35]","[-50.0, 10.0]",-49.99905776977539,-0.007491067983210087,0.22908781468868256,40,35,10.00749111233987,13.926231384277344,90.00539454041713,76.07916315613977,-6833.128969780018,8000.0,False,False,"[41, 45]","[50.0, -10.0]",50.000938415527344,0.00748815992847085,0.19773750007152557,40,45,10.007488203926709,346.073766708374,269.9946272982661,-76.07913941010793,8000.0,-6833.12391230689,False,False,99.99999730718912
17,0,17,"[39, 35]","[-50.0, 10.0]",-49.99880599975586,-0.008454332128167152,0.26831820607185364,40,35,10.008454403349782,15.658708572387695,90.00683533861795,74.34812676623025,-6437.470585560461,8000.0,False,False,"[41, 45]","[50.0, -10.0]",50.00119400024414,0.008460449054837227,0.24262870848178864,40,45,10.008460520276408,344.3413019180298,269.9931646655597,-74.34813725247011,8000.0,-6437.472082725586,False,False,100.0000014305491
18,0,18,"[39, 35]","[-50.0, 10.0]",-49.998512268066406,-0.00944762397557497,0.29387927055358887,40,35,10.009447734538435,17.477811813354492,90.00851603039611,72.5307042170416,-6023.874707625465,8000.0,False,False,"[41, 45]","[50.0, -10.0]",50.00149154663086,0.009464150294661522,0.27445968985557556,40,45,10.009464261425054,342.52220916748047,269.99146214772543,-72.53074701975504,8000.0,-6023.881733793816,False,False,100.00000560297322
19,0,19,"[39, 35]","[-50.0, 10.0]",-49.998172760009766,-0.01046772114932537,0.30707859992980957,40,35,10.010467887915059,19.381345748901367,90.0104583663173,70.62911261741593,-5593.33429360766,8000.0,False,False,"[41, 45]","[50.0, -10.0]",50.001834869384766,0.01049448549747467,0.2934194803237915,40,45,10.010494653658279,340.6186828613281,269.9894979942619,-70.62918486706621,8000.0,-5593.345790118515,False,False,100.00000982646488
20,0,20,"[39, 35]","[-50.0, 10.0]",-49.99778747558594,-0.011511252261698246,0.3091517388820648,40,35,10.01151149674348,21.36717414855957,90.01266225505195,68.6454881064924,-5146.886450974416,8000.0,False,False,"[41, 45]","[50.0, -10.0]",50.00222396850586,0.011547885835170746,0.30067700147628784,40,45,10.011548132851711,338.63286209106445,269.98727229710005,-68.6455897939644,8000.0,-5146.902026562981,False,False,100.0000141027107
21,0,21,"[39, 35]","[-50.0, 10.0]",-49.99734878540039,-0.012574594467878342,0.3012106120586395,40,35,10.012574945473439,23.433204650878906,90.01517126311099,66.58196661223207,-4685.6325820819975,8000.0,False,False,"[41, 45]","[50.0, -10.0]",50.00266647338867,0.012620724737644196,0.2974018156528473,40,45,10.012621079793549,336.566837310791,269.9847414905704,-66.58209582022062,8000.0,-4685.651410202485,False,False,100.00001843280909
22,0,22,"[39, 35]","[-50.0, 10.0]",-49.996856689453125,-0.013653871603310108,0.2842559814453125,40,35,10.01365436494975,25.577402114868164,90.01798528533429,64.44058317046614,-4210.7170589981415,8000.0,False,False,"[41, 45]","[50.0, -10.0]",50.00315856933594,0.013709121383726597,0.28464651107788086,40,45,10.013709619528813,334.42264556884766,269.9819275071751,-64.44071806167256,8000.0,-4210.733919565884,False,False,100.00001900245535
23,0,23,"[39, 35]","[-50.0, 10.0]",-49.99631118774414,-0.014745206572115421,0.2593061327934265,40,35,10.014745885937147,27.797771453857422,90.02110421780675,62.223332763949315,-3723.341599608913,8000.0,False,False,"[41, 45]","[50.0, -10.0]",50.00371170043945,0.01480931881815195,0.263534814119339,40,45,10.014810006635525,332.2022762298584,269.9787649716045,-62.22351125825389,8000.0,-3723.3644383660417,False,False,100.00002725553236
24,0,24,"[39, 35]","[-50.0, 10.0]",-49.99570083618164,-0.01584661938250065,0.22821833193302155,40,35,10.015847542060802,30.092374801635742,90.02459342045263,59.932218618816876,-3224.775098596378,8000.0,False,False,"[41, 45]","[50.0, -10.0]",50.00432586669922,0.01591852866113186,0.23560728132724762,40,45,10.015919462830162,329.9076728820801,269.9752540030671,-59.93241887901297,8000.0,-3224.7988975034737,False,False,100.00003174800253
25,0,25,"[39, 35]","[-50.0, 10.0]",-49.995025634765625,-0.016960106790065765,0.1943698227405548,40,35,10.016961341910687,32.459312438964844,90.02845275484971,57.56914031588485,-2716.327464610701,8000.0,False,False,"[41, 45]","[50.0, -10.0]",50.0050048828125,0.01703590899705887,0.20313262939453125,40,45,10.017037159309558,327.5407257080078,269.97137290503326,-57.56935280297455,8000.0,-2716.350855253617,False,False,100.00003629622164
26,0,26,"[39, 35]","[-50.0, 10.0]",-49.9942741394043,-0.018091067671775818,0.16215285658836365,40,35,10.018092703985353,34.89673614501953,90.03274751729391,55.13601137227437,-2199.3733729811943,8000.0,False,False,"[41, 45]","[50.0, -10.0]",50.00575256347656,0.01816375181078911,0.1694466918706894,40,45,10.018165403410055,325.1032829284668,269.96710000150443,-55.13618292696236,8000.0,-2199.3870425296313,False,False,100.00003327493856
27,0,27,"[39, 35]","[-50.0, 10.0]",-49.99343490600586,-0.019244037568569183,0.13522569835186005,40,35,10.019246188452128,37.40285110473633,90.03754296459162,52.63469185985531,-1675.3361392158868,8000.0,False,False,"[41, 45]","[50.0, -10.0]",50.006587982177734,0.0193075742572546,0.13884542882442474,40,45,10.019309740150662,322.5971488952637,269.96232638661945,-52.63482250864422,8000.0,-1675.3423952460753,False,False,100.0000303193155
28,0,28,"[39, 35]","[-50.0, 10.0]",-49.992496490478516,-0.02042139135301113,0.1162324994802475,40,35,10.020424200748197,39.97590637207031,90.04290431808901,50.06699794601872,-1145.687128675344,8000.0,False,False,"[41, 45]","[50.0, -10.0]",50.007511138916016,0.02047068625688553,0.114488385617733,40,45,10.020473501354184,320.02406311035156,269.95705226909024,-50.06701084126132,8000.0,-1145.6726232832589,False,False,100.0000159902036
29,0,29,"[39, 35]","[-50.0, 10.0]",-49.9901008605957,-0.020476719364523888,0.1059403270483017,40,35,10.020481608999008,42.59889602661133,90.0566019701511,47.45770594353979,-616.980164881832,8000.0,False,False,"[41, 45]","[50.0, -10.0]",50.00989532470703,0.0205092690885067,0.09819395840167999,40,45,10.020514154939343,317.4010543823242,269.943420025559,-47.4576343567652,8000.0,-616.9538715987601,False,False,100.00000458455895
30,0,30,"[39, 35]","[-50.0, 10.0]",-49.98448944091797,-0.017662545666098595,0.10477376729249954,40,35,10.017674553322463,45.24768829345703,90.08871219798903,44.841023904531994,-97.62863924692465,8000.0,False,False,"[41, 45]","[50.0, -10.0]",50.0154914855957,0.017677005380392075,0.09080307185649872,40,45,10.017688983505778,314.7522430419922,269.91139701998645,-44.840846022005735,8000.0,-97.58806428670232,False,False,99.99998717093402
31,0,31,"[39, 35]","[-50.0, 10.0]",-49.97429656982422,-0.01026206836104393,0.11189410090446472,40,35,10.010295067758529,47.89919662475586,90.14711850913358,42.24792188437772,405.0005089297065,8000.0,False,False,"[41, 45]","[50.0, -10.0]",50.02566909790039,0.010260031558573246,0.09249803423881531,40,45,10.010292942866661,312.1007270812988,269.8530779674687,-42.24764911383011,8000.0,405.05228260659806,False,False,99.99996777350823
32,0,32,"[39, 35]","[-50.0, 10.0]",-49.958526611328125,0.0033672901336103678,0.12591217458248138,40,35,9.996718740563754,50.531654357910156,90.23770369170944,39.706049333799285,884.6381028425667,8000.0,False,False,"[41, 45]","[50.0, -10.0]",50.04142761230469,-0.0033827978186309338,0.10239763557910919,40,45,9.996703043204281,309.4682731628418,269.76255830305377,-39.70571485978803,8000.0,884.694710728465,False,False,99.99995445145134
33,0,33,"[39, 35]","[-50.0, 10.0]",-49.936553955078125,0.02475503273308277,0.14441266655921936,40,35,9.975446734738258,53.12482833862305,90.36441627193611,37.23958793331306,1336.1513022357176,8000.0,False,False,"[41, 45]","[50.0, -10.0]",50.063392639160156,-0.024779517203569412,0.11854373663663864,40,45,9.975421911232685,306.8751106262207,269.63588957381205,-37.23922105240865,8000.0,1336.2083286230863,False,False,99.99995886260227
34,0,34,"[39, 35]","[-50.0, 10.0]",-49.90807342529297,0.055277019739151,0.16558383405208588,40,35,9.945147844515214,55.66022872924805,90.52961301761562,34.86938428836757,1755.506216442227,8000.0,False,False,"[41, 45]","[50.0, -10.0]",50.09186553955078,-0.05530700087547302,0.1386539787054062,40,45,9.94511730067541,304.33972930908203,269.4707370063387,-34.86899230274332,8000.0,1755.5633643017636,False,False,100.00000010899046
35,0,35,"[39, 35]","[-50.0, 10.0]",-49.87379455566406,0.095070019364357,0.1875806301832199,40,35,9.905733982672603,58.13227081298828,90.73000496152588,32.5977341485376,2142.8905779263832,8000.0,False,False,"[41, 45]","[50.0, -10.0]",50.12614059448242,-0.09510326385498047,0.16028352081775665,40,45,9.905699914860769,301.8677177429199,269.27036765761,-32.59735008530993,8000.0,2142.94272490491,False,False,100.00011597948851
36,0,36,"[39, 35]","[-50.0, 10.0]",-49.8348503112793,0.14357179403305054,0.20718814432621002,40,35,9.857811694238503,60.54258728027344,90.95993138577326,30.417344105499808,2500.591961881301,8000.0,False,False,"[41, 45]","[50.0, -10.0]",50.16508483886719,-0.14360535144805908,0.18038301169872284,40,45,9.85777705530142,299.45742416381836,269.0404422167248,-30.416981947093575,8000.0,2500.63812328377,False,False,100.00034750312815
37,0,37,"[39, 35]","[-50.0, 10.0]",-49.79225158691406,0.20024000108242035,0.22315888106822968,40,35,9.801961815857315,62.89277267456055,91.21445062121192,28.32167794665139,2830.7353194153907,8000.0,False,False,"[41, 45]","[50.0, -10.0]",50.20768356323242,-0.20026957988739014,0.19803021848201752,40,45,9.801930869441867,297.1072654724121,268.78592469963127,-28.321340772780843,8000.0,2830.7772367892544,False,False,100.00073718707253
38,0,38,"[39, 35]","[-50.0, 10.0]",-49.746917724609375,0.26455533504486084,0.23466363549232483,40,35,9.738733668322611,65.18437957763672,91.48912367436184,26.30474409672513,3135.3110173968403,8000.0,False,False,"[41, 45]","[50.0, -10.0]",50.253021240234375,-0.2645789384841919,0.2116897702217102,40,45,9.738708486910125,294.8156967163086,268.51123168398334,-26.304465032325254,8000.0,3135.3445849227783,False,False,100.00133887129661
39,0,39,"[39, 35]","[-50.0, 10.0]",-49.69966125488281,0.3360212445259094,0.2410731017589569,40,35,9.66864461794274,67.41888427734375,91.78007485193501,24.361190574591262,3416.1546904168513,8000.0,False,False,"[41, 45]","[50.0, -10.0]",50.30028533935547,-0.33603620529174805,0.22086088359355927,40,45,9.668628005589198,292.5812225341797,268.22023872110753,-24.360983813072153,8000.0,3416.1796171774185,False,False,100.00220487602444
40,0,40,"[39, 35]","[-50.0, 10.0]",-49.65121841430664,0.4141605496406555,0.24252542853355408,40,35,9.59218257554475,69.5977554321289,92.08379258714457,22.48603715501565,3674.9905558577657,8000.0,False,False,"[41, 45]","[50.0, -10.0]",50.34873962402344,-0.414164662361145,0.22556228935718536,40,45,9.592176939865624,290.4023742675781,267.91645699838404,-22.48591726919409,8000.0,3675.006484972747,False,False,100.00338859421022
41,0,41,"[39, 35]","[-50.0, 10.0]",-49.602237701416016,0.4985148310661316,0.23979070782661438,40,35,9.509807319901128,71.72239685058594,92.39718329578716,20.67478644520122,3913.412650437919,8000.0,False,False,"[41, 45]","[50.0, -10.0]",50.397727966308594,-0.49850714206695557,0.22622142732143402,40,45,9.509813566234442,288.27774810791016,267.60302530973405,-20.674722798176106,8000.0,3913.4255339933,False,False,100.00493580999395
42,0,42,"[39, 35]","[-50.0, 10.0]",-49.55330276489258,0.5886452794075012,0.23379622399806976,40,35,9.421949697205527,73.794189453125,92.71742737552064,18.92323792239563,4132.9137166090295,8000.0,False,False,"[41, 45]","[50.0, -10.0]",50.44667434692383,-0.5886264443397522,0.2233983874320984,40,45,9.421967425988102,286.2059783935547,267.28271708320403,-18.923261310350654,8000.0,4132.91931405859,False,False,100.00690671686301
43,0,43,"[39, 35]","[-50.0, 10.0]",-49.50492477416992,0.6841320395469666,0.22561083734035492,40,35,9.329013631452474,75.8144760131836,93.04202064185556,17.22754462867198,4334.877643090162,8000.0,False,False,"[41, 45]","[50.0, -10.0]",50.49506378173828,-0.6841038465499878,0.2179490178823471,40,45,9.32904117741227,284.18570709228516,266.95805873367533,-17.227648358609827,8000.0,4334.876793885367,False,False,100.00934846613978
44,0,44,"[39, 35]","[-50.0, 10.0]",-49.457557678222656,0.7845736742019653,0.21643060445785522,40,35,9.23137725578728,77.78453826904297,93.36868140798381,15.584143138940846,4520.591947594955,8000.0,False,False,"[41, 45]","[50.0, -10.0]",50.542442321777344,-0.7845404744148254,0.21052496135234833,40,45,9.231410398208592,282.2156524658203,266.6313307001424,-15.584321765677885,8000.0,4520.583842504909,False,False,100.01230983839635
45,0,45,"[39, 35]","[-50.0, 10.0]",-49.41160583496094,0.8895882368087769,0.2072131633758545,40,35,9.129392651668839,79.70565795898438,93.6953044885254,13.989646529541005,4691.264171577039,7816.5812036498555,False,False,"[41, 45]","[50.0, -10.0]",50.588401794433594,-0.889553964138031,0.20218190550804138,40,45,9.129427344803492,280.29454040527344,266.30466159225006,-13.989878813023381,7816.619068002703,4691.25014330185,False,False,100.01583311081379
46,0,46,"[39, 35]","[-50.0, 10.0]",-49.36741256713867,0.9988129734992981,0.19864265620708466,40,35,9.02338820766671,81.57906341552734,94.02003593023369,12.440972514706345,4848.006413769688,7627.346350176018,False,False,"[41, 45]","[50.0, -10.0]",50.63260269165039,-0.9987830519676208,0.1933395117521286,40,45,9.023419125311019,278.421142578125,265.97988073924665,-12.441261838878347,7627.388072776749,4847.983500730011,False,False,100.01996521514594
47,0,47,"[39, 35]","[-50.0, 10.0]",-49.325286865234375,1.1119035482406616,0.1911569982767105,40,35,8.913669073395209,83.40595245361328,94.34111097207341,10.935158518460128,4991.863468132569,7434.80132892789,False,False,"[41, 45]","[50.0, -10.0]",50.67472457885742,-1.1118828058242798,0.18460945785045624,40,45,8.913690622560129,276.5942611694336,265.6588257704014,-10.935435399032201,7434.837916056837,4991.838199548012,False,False,100.02473451385418
48,0,48,"[39, 35]","[-50.0, 10.0]",-49.285499572753906,1.2285315990447998,0.1854429543018341,40,35,8.80052093739288,85.1874771118164,94.65687965762926,9.46940254581284,5123.810476771961,7239.295310322902,False,False,"[41, 45]","[50.0, -10.0]",50.71451187133789,-1.2285234928131104,0.1768936663866043,40,45,8.800529945998383,274.81272888183594,265.3430503664309,-9.469678515405064,7239.32598341219,5123.779497662596,False,False,100.0301924847839
49,0,49,"[39, 35]","[-50.0, 10.0]",-49.24827194213867,1.3483859300613403,0.18194060027599335,40,35,8.684211022777863,86.92479705810547,94.96588763907539,8.041090580969922,5244.752009288095,7041.148887227664,False,False,"[41, 45]","[50.0, -10.0]",50.75173568725586,-1.3483912944793701,0.17117872834205627,40,45,8.684206338919774,273.07542419433594,265.03405914972336,-8.041365044612576,7041.17287574365,5244.714682037793,False,False,100.03636405466648
50,0,50,"[39, 35]","[-50.0, 10.0]",-49.21380615234375,1.4711723327636719,0.18092688918113708,40,35,8.564986990270821,88.6189956665039,95.26668484202632,6.64768917552243,5355.53747328247,6840.645489436757,False,False,"[41, 45]","[50.0, -10.0]",50.78620147705078,-1.4711906909942627,0.1679980605840683,40,45,8.56496940986363,271.38123321533203,264.7332530634667,-6.64798015186534,6840.664923661544,5355.491902768324,False,False,100.04328576192678
51,0,51,"[39, 35]","[-50.0, 10.0]",-49.1822624206543,1.5966132879257202,0.18235565721988678,40,35,8.443080183282683,90.27115631103516,95.55798033563211,5.286824024596967,5456.9546964226865,6638.042519817947,False,False,"[41, 45]","[50.0, -10.0]",50.81774139404297,-1.5966445207595825,0.1672421544790268,40,45,8.443049466751413,269.7290725708008,264.4419733709208,-5.287099199880004,6638.054002156608,5456.904704013071,False,False,100.05097529945522
52,0,52,"[39, 35]","[-50.0, 10.0]",-49.15378189086914,1.7244471311569214,0.1860664039850235,40,35,8.318705450563682,91.88232421875,95.83849706454089,3.9561728457908885,5549.745191615063,6433.562688409237,False,False,"[41, 45]","[50.0, -10.0]",50.846214294433594,-1.724491000175476,0.16875237226486206,40,45,8.318661421062913,268.117919921875,264.161498336902,-3.9564215849729862,6433.564881390339,5549.691815729524,False,False,100.0594543823537
53,0,53,"[39, 35]","[-50.0, 10.0]",-49.12847900390625,1.8544273376464844,0.19161954522132874,40,35,8.192063405779596,93.4535140991211,96.10702679919233,2.6535127000712464,5634.6012188902,6227.401645894718,False,False,"[41, 45]","[50.0, -10.0]",50.87151336669922,-1.8544822931289673,0.17238467931747437,40,45,8.19200795051402,266.54673767089844,263.89298536777073,-2.6537523031277033,6227.397254211536,5634.543299370435,False,False,100.06874879187014
54,0,54,"[39, 35]","[-50.0, 10.0]",-49.106449127197266,1.9863218069076538,0.19855958223342896,40,35,8.063341202301336,94.9857177734375,96.36238264487478,1.376664871437299,5712.174557842982,6019.724442042985,False,False,"[41, 45]","[50.0, -10.0]",50.89353942871094,-1.9863855838775635,0.17777307331562042,40,45,8.063276549948315,265.01454162597656,263.6376479530546,-1.3768936729219377,6019.714426512352,5712.11342757007,False,False,100.0788694740032
55,0,55,"[39, 35]","[-50.0, 10.0]",-49.08776092529297,2.1199116706848145,0.2063579559326172,40,35,7.932715311117105,96.47989654541016,96.60345646378822,0.12355991837807778,5783.072205306199,5810.6757560158685,False,False,"[41, 45]","[50.0, -10.0]",50.9122200012207,-2.1199817657470703,0.1844106912612915,40,45,7.932643487689697,263.5203628540039,263.39662216505644,-0.12374068894746415,5810.657004546035,5783.013069303547,False,False,100.08982406646241
56,0,56,"[39, 35]","[-50.0, 10.0]",-49.07247543334961,2.2549922466278076,0.214244082570076,40,35,7.800349153822243,97.93698120117188,96.82908916235196,-1.107892038819898,5847.871577175568,5600.366120099855,False,False,"[41, 45]","[50.0, -10.0]",50.9275016784668,-2.2550647258758545,0.19184033572673798,40,45,7.800274467217879,262.0632858276367,263.17101446171625,1.1077286340795354,5600.344240581425,5847.813192687759,False,False,100.10162853949498
57,0,57,"[39, 35]","[-50.0, 10.0]",-49.060630798339844,2.3913705348968506,0.2215234786272049,40,35,7.666397904770105,99.35790252685547,97.03817982806096,-2.3197226987945214,5907.11550040713,5388.884475418803,False,False,"[41, 45]","[50.0, -10.0]",50.93934631347656,-2.391441583633423,0.19929683208465576,40,45,7.6663245869128644,260.64237213134766,262.9619248788867,2.319552747539035,5388.86445648413,5907.057513997564,False,False,100.11428826159113
58,0,58,"[39, 35]","[-50.0, 10.0]",-49.05225372314453,2.5288643836975098,0.2276289314031601,40,35,7.531008591316105,100.74354553222656,97.22960592547575,-3.513939606750796,5961.31759746035,5176.295954528688,False,False,"[41, 45]","[50.0, -10.0]",50.94772720336914,-2.5289297103881836,0.2063257396221161,40,45,7.530941383673511,259.2567367553711,262.77047548640195,3.5137387310308554,5176.283255724815,5961.260022589915,False,False,100.12780566057197
59,0,59,"[39, 35]","[-50.0, 10.0]",-49.04735565185547,2.6673009395599365,0.23234273493289948,40,35,7.394322603527001,102.09476470947266,97.4022515782347,-4.692513131237945,6010.963668925674,4962.646173461087,False,False,"[41, 45]","[50.0, -10.0]",50.95262908935547,-2.6673569679260254,0.21263451874256134,40,45,7.394265076240453,257.905517578125,262.59780973886467,4.692292160739669,4962.641536833283,6010.909667014738,False,False,100.14217654531143
60,0,60,"[39, 35]","[-50.0, 10.0]",-49.045936584472656,2.8065176010131836,0.23552663624286652,40,35,7.256474765709643,103.41242218017578,97.55498175873466,-5.85744042144114,6056.519203352171,4747.954453354703,False,False,"[41, 45]","[50.0, -10.0]",50.95405578613281,-2.80656099319458,0.21795879304409027,40,45,7.256430747115503,256.58787536621094,262.44503291231365,5.857157546102712,4747.965068040168,6056.466623080474,False,False,100.1574017505741
61,0,61,"[39, 35]","[-50.0, 10.0]",-49.0479850769043,2.9463610649108887,0.23723144829273224,40,35,7.117594722966598,104.69733428955078,97.68664219441544,-7.01069209513534,6098.425676006522,4532.222029239785,False,False,"[41, 45]","[50.0, -10.0]",50.95201873779297,-2.9463906288146973,0.2220008373260498,40,45,7.117565934951502,255.30297088623047,262.313295541574,7.010324655343538,4532.251787473232,6098.373347402595,False,False,100.17347595777723
62,0,62,"[39, 35]","[-50.0, 10.0]",-49.0534782409668,3.0866873264312744,0.2374430000782013,40,35,6.9778073606863975,105.95030212402344,97.79606030807854,-8.154241815944886,6137.105055586949,4315.429949128841,False,False,"[41, 45]","[50.0, -10.0]",50.946533203125,-3.086703062057495,0.2246679663658142,40,45,6.977793322876745,254.05001068115234,262.2038290644898,8.153818383337466,4315.475254186594,6137.055764892258,False,False,100.19038395827803
63,0,63,"[39, 35]","[-50.0, 10.0]",-49.06239318847656,3.2273612022399902,0.23644143342971802,40,35,6.837232102096528,107.172119140625,97.88195084611041,-9.290168294514586,6172.970411670716,4097.526894183795,False,False,"[41, 45]","[50.0, -10.0]",50.937625885009766,-3.227363348007202,0.22605206072330475,40,45,6.837232592223009,252.8282012939453,262.11788836288133,9.289687068936018,4097.5879647596275,6172.923975420427,False,False,100.20811984922774
64,0,64,"[39, 35]","[-50.0, 10.0]",-49.0746955871582,3.3682563304901123,0.2343602031469345,40,35,6.6959847934795205,108.36353302001953,97.94300427392764,-10.42052874609189,6206.415130196293,3878.4466640456403,False,False,"[41, 45]","[50.0, -10.0]",50.92533493041992,-3.3682456016540527,0.22629356384277344,40,45,6.695999636606626,251.63678741455078,262.0567497871999,10.419962372649138,3878.527002457173,6206.368939566264,False,False,100.22667589917536
65,0,65,"[39, 35]","[-50.0, 10.0]",-49.090335845947266,3.5092544555664062,0.2315535992383957,40,35,6.554179322825477,109.52530670166016,97.97791961160546,-11.547387090054713,6237.817706524492,3658.106670060598,False,False,"[41, 45]","[50.0, -10.0]",50.90970230102539,-3.509232521057129,0.2255178540945053,40,45,6.554206339610715,250.47502899169922,262.0217767543683,11.5467477626691,3658.2037016331765,6237.771910988244,False,False,100.24603128721367
66,0,66,"[39, 35]","[-50.0, 10.0]",-49.109275817871094,3.650245189666748,0.22828064858913422,40,35,6.411924494251277,110.65815734863281,97.98517233809008,-12.672985010542732,6267.556953516118,3436.384928045922,False,False,"[41, 45]","[50.0, -10.0]",50.89077377319336,-3.6502139568328857,0.22401314973831177,40,45,6.411962313442664,249.34217834472656,262.014427594673,12.672249249946447,3436.5011097519655,6267.508764727292,False,False,100.26617885391394
67,0,67,"[39, 35]","[-50.0, 10.0]",-49.1314582824707,3.7911252975463867,0.22494986653327942,40,35,6.269329293142703,111.76280212402344,97.96326813417647,-13.799533989846964,6295.995645197923,3213.1501621425723,False,False,"[41, 45]","[50.0, -10.0]",50.86859893798828,-3.791088104248047,0.22192025184631348,40,45,6.2693740552215,248.23754119873047,262.03626106140246,13.798719862671987,3213.2812403340095,6295.944845632775,False,False,100.28709490340928
68,0,68,"[39, 35]","[-50.0, 10.0]",-49.15682601928711,3.9317984580993652,0.22204555571079254,40,35,6.126500821421349,112.83992767333984,97.91057351660862,-14.929354156731222,6323.493182735205,2988.243451775059,False,False,"[41, 45]","[50.0, -10.0]",50.84323501586914,-3.931760311126709,0.21942377090454102,40,45,6.126547005745149,247.16041564941406,262.088910210112,14.928494560697914,2988.382265435327,6323.439960798439,False,False,100.30876214744177
69,0,69,"[39, 35]","[-50.0, 10.0]",-49.185325622558594,4.072178363800049,0.21959085762500763,40,35,5.983541066280051,113.89021301269531,97.82527157509769,-16.06494143759761,6350.410212332283,2761.46784783757,False,False,"[41, 45]","[50.0, -10.0]",50.81473922729492,-4.072143077850342,0.2167477309703827,40,45,5.9835848534111005,246.11013793945312,262.17415924134974,16.064021301896616,2761.6144889936813,6350.3512931997875,False,False,100.33116635283292
70,0,70,"[39, 35]","[-50.0, 10.0]",-49.21689224243164,4.212183952331543,0.21778219938278198,40,35,5.8405541142611,114.91432189941406,97.70548611141487,-17.208835787999192,6377.100833599725,2532.6100184238053,False,False,"[41, 45]","[50.0, -10.0]",50.783172607421875,-4.212154388427734,0.21421048045158386,40,45,5.840592106662843,245.08605194091797,262.29392234684474,17.20787040592677,2532.760757773902,6377.035904524817,False,False,100.3542846442268
71,0,71,"[39, 35]","[-50.0, 10.0]",-49.25146484375,4.35174036026001,0.21679547429084778,40,35,5.697643533782887,115.91289520263672,97.54912893916337,-18.363766263473337,6403.924532318844,2301.4197724562364,False,False,"[41, 45]","[50.0, -10.0]",50.748600006103516,-4.351718902587891,0.21209758520126343,40,45,5.697673325535708,244.08748626708984,262.45025293140606,18.36276666431621,2301.571951486985,6403.853398754496,False,False,100.37810106350368
72,0,72,"[39, 35]","[-50.0, 10.0]",-49.288978576660156,4.490780353546143,0.21661168336868286,40,35,5.554912472516681,116.88655090332031,97.35395852985265,-19.53259237346765,6431.241166710937,2067.6181476140496,False,False,"[41, 45]","[50.0, -10.0]",50.711082458496094,-4.490768909454346,0.21048881113529205,40,45,5.554931635206298,243.11383056640625,262.6454322164284,19.53160165002214,2067.764661518743,6431.166350873541,False,False,100.40259177032574
73,0,73,"[39, 35]","[-50.0, 10.0]",-49.32936477661133,4.629242420196533,0.21715421974658966,40,35,5.412466035354491,117.83590698242188,97.11756392936118,-20.718343053060693,6459.415767570505,1830.893504100381,False,False,"[41, 45]","[50.0, -10.0]",50.670692443847656,-4.629240989685059,0.20951391756534576,40,45,5.412474545077646,242.1644744873047,262.88183688608115,20.71736239877646,1831.0341895980814,6459.337372798333,False,False,100.4277399882429
74,0,74,"[39, 35]","[-50.0, 10.0]",-49.372562408447266,4.7670698165893555,0.21835342049598694,40,35,5.270411391508604,118.7615737915039,96.83722508180448,-21.924348709699416,6488.829668908202,1590.8831557609974,False,False,"[41, 45]","[50.0, -10.0]",50.62749099731445,-4.767078876495361,0.20911256968975067,40,45,5.270408754217431,241.23882293701172,263.1621867358459,21.923363798834202,1591.0197964856607,6488.746278433675,False,False,100.45352493793855
75,0,75,"[39, 35]","[-50.0, 10.0]",-49.41850280761719,4.90421199798584,0.2200283408164978,40,35,5.128858971176782,119.66411590576172,96.51005039624675,-23.154065509514965,6519.866079349433,1347.1981962967016,False,False,"[41, 45]","[50.0, -10.0]",50.58155059814453,-4.904231548309326,0.20928853750228882,40,45,5.128845602223587,240.3362808227539,263.4893320780044,23.15305125525049,1347.334608822689,6519.775905297916,False,False,100.47992956782987
76,0,76,"[39, 35]","[-50.0, 10.0]",-49.46674346923828,5.039961338043213,0.221767857670784,39,35,4.988621658906005,120.53746795654297,96.1363314318875,-24.40113652465547,6552.4462943506915,1101.1800724769696,True,False,"[41, 45]","[50.0, -10.0]",50.53330612182617,-5.039988994598389,0.20997337996959686,41,45,4.9885994621018,239.46292877197266,263.86306830659623,24.400139534623577,1101.3106952786702,6552.354187441466,True,False,100.50679239197653
77,1,1,"[39, 36]","[-40.0, 10.0]",-49.51662826538086,5.17329216003418,0.22327539324760437,39,35,10.670675803988866,121.37162017822266,26.893520053323627,-94.47810012489903,8000.0,-8000.0,False,False,"[41, 44]","[40.0, -10.0]",50.483421325683594,-5.173325061798096,0.21094352006912231,41,45,11.541183373071583,238.6287612915039,204.72182903705144,-33.90693225445247,8000.0,2645.8551019916804,False,False,100.53388685488324
78,1,2,"[39, 36]","[-40.0, 10.0]",-49.56146240234375,5.293262958526611,0.22324196994304657,39,35,10.65715425660203,122.05431365966797,26.209234247296887,-95.84507941237108,8000.0,-8000.0,False,False,"[41, 44]","[40.0, -10.0]",50.43086624145508,-5.306084156036377,0.2122982293367386,41,45,11.438348503929223,237.8154525756836,204.22786424469,-33.58758833099358,8000.0,2659.124828854286,False,False,100.55253326925417
79,1,3,"[39, 36]","[-40.0, 10.0]",-49.60176086425781,5.401212215423584,0.22182229161262512,39,35,10.646251020052185,122.58927917480469,25.592209191812827,-96.99706998299186,8000.0,-8000.0,False,False,"[41, 44]","[40.0, -10.0]",50.375728607177734,-5.4382123947143555,0.2139401137828827,41,45,11.334268846535457,237.0224609375,203.73314737731346,-33.28931356018654,8000.0,2667.3932494647797,False,False,100.56337070171162
80,1,4,"[39, 36]","[-40.0, 10.0]",-49.63798141479492,5.498342990875244,0.21909663081169128,39,35,10.6374621775936,122.980224609375,25.036086909806333,-97.94413769956867,8000.0,-8000.0,False,False,"[41, 44]","[40.0, -10.0]",50.318092346191406,-5.569661617279053,0.21566343307495117,41,45,11.22902167822042,236.24932861328125,203.23751119097895,-33.0118174223023,8000.0,2670.8173061471953,False,False,100.56697970863927
81,1,5,"[39, 36]","[-40.0, 10.0]",-49.6705436706543,5.58573579788208,0.21531352400779724,39,35,10.63038773197533,123.23074340820312,24.535035661051616,-98.69570774715152,8000.0,-8000.0,False,False,"[41, 44]","[40.0, -10.0]",50.258033752441406,-5.700389385223389,0.21728256344795227,41,45,11.122675393309239,235.49552154541016,202.74078434563836,-32.754737199771796,8000.0,2669.5598007777626,False,False,100.56389614296157
82,1,6,"[39, 36]","[-40.0, 10.0]",-49.6998176574707,5.664362907409668,0.21081411838531494,39,35,10.624698188034595,123.34434509277344,24.08375023136184,-99.26059486141159,8000.0,-8000.0,False,False,"[41, 44]","[40.0, -10.0]",50.19562911987305,-5.830357074737549,0.21868889033794403,41,45,11.015297330267325,234.76058197021484,202.24278319105113,-32.51779877916371,8000.0,2663.7633711750473,False,False,100.5546064301039
83,1,7,"[39, 36]","[-40.0, 10.0]",-49.72613525390625,5.735097885131836,0.2060229629278183,39,35,10.620126977898376,123.32442474365234,23.677410464708036,-99.64701427894431,8000.0,-8000.0,False,False,"[41, 44]","[40.0, -10.0]",50.130958557128906,-5.959531784057617,0.2197842001914978,41,45,10.90695671075594,234.04403686523438,201.74329402214505,-32.300742843089324,8000.0,2653.5656931595013,False,False,100.53956210112199
84,1,8,"[39, 36]","[-40.0, 10.0]",-49.74980163574219,5.798727035522461,0.20132195949554443,39,35,10.616464875765892,123.17435455322266,23.311623600971977,-99.86273095225067,8000.0,-8000.0,False,False,"[41, 44]","[40.0, -10.0]",50.064090728759766,-6.087882995605469,0.22059737145900726,41,45,10.797711871168868,233.34542846679688,201.24211768179376,-32.10331078500312,8000.0,2639.096298788737,False,False,100.51917531985872
85,1,9,"[39, 36]","[-40.0, 10.0]",-49.77108383178711,5.855957508087158,0.19758406281471252,39,35,10.613536989269441,122.89739227294922,22.982426230819108,-99.91496604213012,8000.0,-8000.0,False,False,"[41, 44]","[40.0, -10.0]",49.99510192871094,-6.215384483337402,0.22115392982959747,41,45,10.687627293945294,232.6643295288086,200.7390217904567,-31.925307738351904,8000.0,2620.4731452620745,False,False,100.49382627142892
86,1,10,"[39, 36]","[-40.0, 10.0]",-49.790225982666016,5.907425880432129,0.19512422382831573,39,35,10.611205761638283,122.4967041015625,22.686221130435197,-99.8104829711273,8000.0,-8000.0,False,False,"[41, 44]","[40.0, -10.0]",49.92405319213867,-6.342013835906982,0.22141771018505096,41,45,10.576752551567695,232.00028228759766,200.2337856295293,-31.76649665806835,8000.0,2597.8121625170734,False,False,100.46385541434847
87,1,11,"[39, 36]","[-40.0, 10.0]",-49.80745315551758,5.95370626449585,0.19381429255008698,39,35,10.609365220956994,121.97537994384766,22.419738572819885,-99.55564137102778,8000.0,-8000.0,False,False,"[41, 44]","[40.0, -10.0]",49.85102081298828,-6.467752456665039,0.22135579586029053,41,45,10.465150919376374,231.3528594970703,199.72614058297034,-31.626718914099968,8000.0,2571.218901601679,False,False,100.42959758205178
88,1,12,"[39, 36]","[-40.0, 10.0]",-49.822959899902344,5.995314598083496,0.19359779357910156,39,35,10.607923753657575,121.33648681640625,22.180045270032313,-99.15644154637394,8000.0,-8000.0,False,False,"[41, 44]","[40.0, -10.0]",49.776058197021484,-6.592584133148193,0.2209382802248001,41,45,10.352864181530848,230.72166442871094,199.21584772734994,-31.505816701361,8000.0,2540.7864170627886,False,False,100.39133229686269
89,1,13,"[39, 36]","[-40.0, 10.0]",-49.83692169189453,6.032716274261475,0.19436512887477875,39,35,10.60680765041843,120.58293914794922,21.964486948241124,-98.61845219970809,8000.0,-8000.0,False,False,"[41, 44]","[40.0, -10.0]",49.69923782348633,-6.716495037078857,0.22019672393798828,41,45,10.239952109169046,230.10629272460938,198.70261862475542,-31.40367409985396,8000.0,2506.6063045873193,False,False,100.3493370188989
90,1,14,"[39, 36]","[-40.0, 10.0]",-49.84950637817383,6.066329002380371,0.19595886766910553,39,35,10.605967349148342,119.71762084960938,21.770654615654095,-97.94696623395528,8000.0,-8000.0,False,False,"[41, 44]","[40.0, -10.0]",49.6206169128418,-6.839475154876709,0.21915926039218903,41,45,10.12645975058901,229.50634765625,198.18616992401817,-31.320177732231826,8000.0,2468.76071729594,False,False,100.3038643745859
91,1,15,"[39, 36]","[-40.0, 10.0]",-49.86085510253906,6.096530914306641,0.19800221920013428,39,35,10.60535403728864,118.74333953857422,21.596385140899027,-97.14695439767519,8000.0,-8000.0,False,False,"[41, 44]","[40.0, -10.0]",49.54025650024414,-6.961513996124268,0.21796852350234985,41,45,10.01243683057223,228.9214324951172,197.66620996118846,-31.25522253392873,8000.0,2427.3303782788576,False,False,100.25514213621061
92,1,16,"[39, 36]","[-40.0, 10.0]",-49.871097564697266,6.123661518096924,0.20003846287727356,39,35,10.604931266069334,117.66282653808594,21.43972722831821,-96.22309930976773,8000.0,-8000.0,False,False,"[41, 44]","[40.0, -10.0]",49.45820999145508,-7.082605838775635,0.21663495898246765,41,45,9.897925284341495,228.3511962890625,197.14242987322402,-31.208766415838483,8000.0,2382.3794062945244,False,False,100.20337737364895
93,1,17,"[39, 36]","[-40.0, 10.0]",-49.88035583496094,6.148027420043945,0.20189183950424194,39,35,10.604674638204605,116.478759765625,21.298906711576244,-95.17985305404875,8000.0,-8000.0,False,False,"[41, 44]","[40.0, -10.0]",49.374534606933594,-7.202746391296387,0.21516774594783783,41,45,9.782971268893771,227.7952423095703,196.61449993765825,-31.18074237191206,8000.0,2333.9763494731883,False,False,100.14877152513682
94,1,18,"[39, 36]","[-40.0, 10.0]",-49.88873291015625,6.1699042320251465,0.20334531366825104,39,35,10.604559027148001,115.19371795654297,21.17234050997179,-94.02137744657118,8000.0,-8000.0,False,False,"[41, 44]","[40.0, -10.0]",49.28928756713867,-7.3219313621521,0.21375136077404022,41,45,9.667621999955399,227.2532501220703,196.08208375726116,-31.171166364809153,8000.0,2282.174083102569,False,False,100.09150500164856
95,1,19,"[39, 36]","[-40.0, 10.0]",-49.896324157714844,6.189541339874268,0.20443879067897797,39,35,10.60456632942138,113.81024169921875,21.058590647898406,-92.75165105132035,8000.0,-8000.0,False,False,"[41, 44]","[40.0, -10.0]",49.2025146484375,-7.440160751342773,0.21243390440940857,41,45,9.551913569210766,226.72483825683594,195.54483162751308,-31.18000662932286,8000.0,2227.02693112915,False,False,100.03173812257333
96,1,20,"[39, 36]","[-40.0, 10.0]",-49.90321731567383,6.207162857055664,0.20503173768520355,39,35,10.604684191165719,112.33080291748047,20.956360081474703,-91.37444283600577,8000.0,-8000.0,False,False,"[41, 44]","[40.0, -10.0]",49.1142692565918,-7.557435035705566,0.21114088594913483,41,45,9.435890402418474,226.2096710205078,195.00236882547352,-31.207302195034288,8000.0,2168.5792732832206,False,False,99.96962939932413
97,1,21,"[39, 36]","[-40.0, 10.0]",-49.909488677978516,6.2229719161987305,0.20511530339717865,39,35,10.60490014119925,110.75779724121094,20.864478820636425,-89.89331842057452,8000.0,-8000.0,False,False,"[41, 44]","[40.0, -10.0]",49.024600982666016,-7.673755168914795,0.2099815011024475,41,45,9.31959429967244,225.7074432373047,194.45431392686322,-31.253129310441466,8000.0,2106.8664371066006,False,False,99.90532078252178
98,1,22,"[39, 36]","[-40.0, 10.0]",-49.91520690917969,6.237151145935059,0.20474028587341309,39,35,10.605204361556757,109.09358215332031,20.781894331252836,-88.31168782206748,8000.0,-8000.0,False,False,"[41, 44]","[40.0, -10.0]",48.93355178833008,-7.789125919342041,0.20893621444702148,41,45,9.203059912621494,225.21778869628906,193.9002630390769,-31.317525657212173,8000.0,2041.9256543395704,False,False,99.83893801694022
99,1,23,"[39, 36]","[-40.0, 10.0]",-49.92043685913086,6.249866008758545,0.2039523720741272,39,35,10.605591564277155,107.34042358398438,20.707647589750266,-86.63277599423411,8000.0,-8000.0,False,False,"[41, 44]","[40.0, -10.0]",48.8411750793457,-7.903550148010254,0.20804612338542938,41,45,9.08633472669543,224.7404327392578,193.33979344103983,-31.400639298217982,8000.0,1973.7799240589575,False,False,99.77061281556269
100,1,24,"[39, 36]","[-40.0, 10.0]",-49.925235748291016,6.261265754699707,0.20285151898860931,39,35,10.606056685504516,105.50056457519531,20.640875755704165,-84.85968881949114,8000.0,-8000.0,False,False,"[41, 44]","[40.0, -10.0]",48.74750518798828,-8.017034530639648,0.20728923380374908,41,45,8.969448091524775,224.27505493164062,192.772473749695,-31.50258118194563,8000.0,1902.4489804410355,False,False,99.70044966255874
101,1,25,"[39, 36]","[-40.0, 10.0]",-49.929649353027344,6.271486282348633,0.20152762532234192,39,35,10.606589971182576,103.576171875,20.580804999132738,-82.99536687586726,8000.0,-8000.0,False,False,"[41, 44]","[40.0, -10.0]",48.652591705322266,-8.129585266113281,0.20664562284946442,41,45,8.852445678780086,223.8213348388672,192.19783765837371,-31.623497180493473,8000.0,1827.952982680209,False,False,99.62855571486757
102,1,26,"[39, 36]","[-40.0, 10.0]",-49.93373107910156,6.280649185180664,0.20012041926383972,39,35,10.607194899482407,101.56935119628906,20.526719118612878,-81.04263207767619,8000.0,-7924.418124083834,False,False,"[41, 44]","[40.0, -10.0]",48.55647277832031,-8.241209983825684,0.2060384899377823,41,45,8.735363113639352,223.37901306152344,191.6154099268371,-31.76360313468635,8000.0,1750.2944953392243,False,False,99.55503327105554
103,1,27,"[39, 36]","[-40.0, 10.0]",-49.93751525878906,6.288865566253662,0.19869685173034668,39,35,10.6078616273028,99.48217010498047,20.47799106637285,-79.00417903860762,8000.0,-7442.782618915822,False,False,"[41, 44]","[40.0, -10.0]",48.459190368652344,-8.351916313171387,0.2054573893547058,41,45,8.618241208732275,222.9477996826172,191.02469228573574,-31.92310739688145,8000.0,1669.4787261678903,False,False,99.47996869910173
104,1,28,"[39, 36]","[-40.0, 10.0]",-49.941036224365234,6.296236038208008,0.1974935680627823,39,35,10.608584669917608,97.31663513183594,20.434046690627383,-76.88258844120855,8000.0,-6943.335710161766,False,False,"[41, 44]","[40.0, -10.0]",48.360774993896484,-8.461714744567871,0.20495165884494781,41,45,8.501110517199777,222.5273895263672,190.42516328235976,-32.102226244007426,8000.0,1585.5038223512133,False,False,99.40343656080307
105,1,29,"[39, 36]","[-40.0, 10.0]",-49.9443359375,6.30285120010376,0.19660595059394836,39,35,10.609369749727275,95.07469177246094,20.39434809510029,-74.68034367736064,8000.0,-6427.256660712668,False,False,"[41, 44]","[40.0, -10.0]",48.26127243041992,-8.570612907409668,0.2045067846775055,41,45,8.384018704063113,222.11752319335938,189.8162803858803,-32.30124280747907,8000.0,1498.3635749598689,False,False,99.32553271677305
106,1,30,"[39, 36]","[-40.0, 10.0]",-49.94743347167969,6.308794021606445,0.19606101512908936,39,35,10.610204251022774,92.75825500488281,20.358439119651504,-72.3998158852313,8000.0,-5895.781609396722,False,False,"[41, 44]","[40.0, -10.0]",48.16071701049805,-8.67861557006836,0.20410896837711334,41,45,8.267004229894766,221.7178497314453,189.197514408426,-32.52033532301931,8000.0,1408.0642330156988,False,False,99.24631800375396
107,1,31,"[39, 36]","[-40.0, 10.0]",-49.95035934448242,6.314140319824219,0.19582432508468628,39,35,10.611089136666141,90.36917114257812,20.325878220665064,-70.04329292191306,8000.0,-5350.207472612168,False,False,"[41, 44]","[40.0, -10.0]",48.059486389160156,-8.785436630249023,0.2037082463502884,41,45,8.150489864799457,221.32423400878906,188.56997752708168,-32.75425648170739,8000.0,1315.6952028638211,False,False,99.16615896969894
108,1,32,"[39, 36]","[-40.0, 10.0]",-49.9531364440918,6.318957805633545,0.19586485624313354,39,35,10.612021330143211,87.90926361083984,20.296279261599246,-67.6129843492406,8000.0,-4791.895550568061,False,False,"[41, 44]","[40.0, -10.0]",47.957923889160156,-8.890817642211914,0.20325921475887299,41,45,8.034851468975283,220.93246459960938,187.93481583966212,-32.99764875994725,8000.0,1222.3353514978044,False,False,99.08538239697916
109,1,33,"[39, 36]","[-40.0, 10.0]",-49.95578384399414,6.323308944702148,0.19621354341506958,39,35,10.612996234072732,85.38027954101562,20.26928982724201,-65.11098971377362,8000.0,-4222.263573293005,False,False,"[41, 44]","[40.0, -10.0]",47.856353759765625,-8.994525909423828,0.2026621252298355,41,45,7.920433860932333,220.53843688964844,187.29319756292006,-33.24523932672838,8000.0,1129.028271516791,False,False,99.00429448885089
110,1,34,"[39, 36]","[-40.0, 10.0]",-49.95831298828125,6.3272504806518555,0.19678057730197906,39,35,10.614004268156437,82.783935546875,20.244600752709673,-62.53933479416533,8000.0,-3642.7937809456153,False,False,"[41, 44]","[40.0, -10.0]",47.755062103271484,-9.096358299255371,0.20188648998737335,41,45,7.807532039570647,220.13815307617188,186.64629374327825,-33.491859332893625,8000.0,1036.7710955918374,False,False,98.92315896481526
111,1,35,"[39, 36]","[-40.0, 10.0]",-49.96074676513672,6.330833435058594,0.19748517870903015,39,35,10.61504872341458,80.12191772460938,20.221910485383532,-59.90000723922584,8000.0,-3055.0342227571155,False,False,"[41, 44]","[40.0, -10.0]",47.654319763183594,-9.196138381958008,0.20090565085411072,41,45,7.696415044553147,219.72775268554688,185.995263063219,-33.732489622327876,8000.0,946.5180471386038,False,False,98.84223827461025
112,1,36,"[39, 36]","[-40.0, 10.0]",-49.96308898925781,6.334105491638184,0.19825465977191925,39,35,10.61611627452844,77.39584350585938,20.20097003356975,-57.19487347228963,8000.0,-2460.5841921269675,False,False,"[41, 44]","[40.0, -10.0]",47.55435562133789,-9.293717384338379,0.19969680905342102,41,45,7.587300177719688,219.30357360839844,185.3412523732375,-33.96232123516094,8000.0,859.1589102791118,False,False,98.76173778960909
113,1,37,"[39, 36]","[-40.0, 10.0]",-49.965354919433594,6.337109088897705,0.19902360439300537,39,35,10.617206247262748,74.60730743408203,20.18153563524301,-54.42577179883902,8000.0,-1861.103503075561,False,False,"[41, 44]","[40.0, -10.0]",47.45536804199219,-9.388972282409668,0.1982409954071045,41,45,7.480365466554564,218.86215209960938,184.68538055531397,-34.176771544295406,8000.0,775.5221201325453,False,False,98.68184684947812
114,1,38,"[39, 36]","[-40.0, 10.0]",-49.967552185058594,6.3398823738098145,0.19979193806648254,39,35,10.61831237058952,71.75785064697266,20.163399532751065,-51.594451114221584,8000.0,-1258.2986817350939,False,False,"[41, 44]","[40.0, -10.0]",47.35752868652344,-9.481806755065918,0.19658176600933075,41,45,7.3757543757984925,218.40028381347656,184.0287086252847,-34.371575188191855,8000.0,696.3617909830568,False,False,98.60272416901456
115,1,39,"[39, 36]","[-40.0, 10.0]",-49.969303131103516,6.343602657318115,0.20060907304286957,39,35,10.618674420444462,68.8594970703125,20.14129943867851,-48.718197631633984,8000.0,-657.4172807206887,False,False,"[41, 44]","[40.0, -10.0]",47.2609748840332,-9.572147369384766,0.19476045668125153,41,45,7.273569559719998,217.91505432128906,183.37225194515682,-34.542802376132244,8000.0,622.3519226526041,False,False,98.5243018844248
116,1,40,"[39, 36]","[-40.0, 10.0]",-49.969505310058594,6.350950717926025,0.20174118876457214,39,35,10.616336316747464,65.9395980834961,20.103691814433088,-45.835906269063,8000.0,-68.3719552164439,False,False,"[41, 44]","[40.0, -10.0]",47.165809631347656,-9.659948348999023,0.19299297034740448,41,45,7.173873625738283,217.40379333496094,182.71691823054067,-34.68687510442027,8000.0,554.084109768914,False,False,98.44601717539132
117,1,41,"[39, 36]","[-40.0, 10.0]",-49.96689987182617,6.364164352416992,0.20336675643920898,39,35,10.609354076061553,63.02431106567383,20.041515811446846,-42.98279525422697,8000.0,500.1848464227296,False,False,"[41, 44]","[40.0, -10.0]",47.072105407714844,-9.745182991027832,0.1913585215806961,41,45,7.076694610189919,216.86422729492188,182.06354757162003,-34.80067972330184,8000.0,492.05148394052776,False,False,98.36706571548498
118,1,42,"[39, 36]","[-40.0, 10.0]",-49.960147857666016,6.3850226402282715,0.2055225968360901,39,35,10.595876870662053,60.13823318481445,19.94806955467518,-40.19016363013927,8000.0,1040.9681634469453,False,False,"[41, 44]","[40.0, -10.0]",46.97990417480469,-9.827848434448242,0.18987226486206055,41,45,6.982026815400942,216.29434204101562,181.41285017681432,-34.88149186420131,8000.0,436.66171210211223,False,False,98.28647351768305
119,1,43,"[39, 36]","[-40.0, 10.0]",-49.94786834716797,6.41485595703125,0.20840835571289062,39,35,10.574182827122891,57.30419158935547,19.81881749227848,-37.485374097077,8000.0,1548.0724559333084,False,False,"[41, 44]","[40.0, -10.0]",46.88922119140625,-9.907962799072266,0.18855062127113342,41,45,6.8898359538145435,215.6925048828125,180.76540284189713,-34.92710204091537,8000.0,388.2188910260975,False,False,98.20313804785692
120,1,44,"[39, 36]","[-40.0, 10.0]",-49.928829193115234,6.454360008239746,0.21205106377601624,39,35,10.542922369875772,54.54084014892578,19.651928204543548,-34.888911944382244,8000.0,2017.5792434858818,False,False,"[41, 44]","[40.0, -10.0]",46.80003356933594,-9.985560417175293,0.18747009336948395,41,45,6.800048900239453,215.05740356445312,180.12166497442405,-34.935738590029075,8000.0,346.9321628851949,False,False,98.11597155871765
121,1,45,"[39, 36]","[-40.0, 10.0]",-49.90311050415039,6.502161979675293,0.21608802676200867,39,35,10.502688630719415,51.84642791748047,19.453526099538283,-32.392901817942175,8000.0,2451.9919012483197,False,False,"[41, 44]","[40.0, -10.0]",46.712303161621094,-10.06069278717041,0.18658477067947388,41,45,6.712577548745568,214.38807678222656,179.48194446779712,-34.90613231442944,8000.0,312.91629036660424,False,False,98.02482499773089
122,1,46,"[39, 36]","[-40.0, 10.0]",-49.870811462402344,6.557009696960449,0.22031015157699585,39,35,10.45404711837085,49.21925354003906,19.229036997189347,-29.99021654284971,8000.0,2853.673315278582,False,False,"[41, 44]","[40.0, -10.0]",46.62596130371094,-10.13342571258545,0.18585626780986786,41,45,6.6273045515544,213.6839141845703,178.84640177919204,-34.83751240537828,8000.0,286.18679912393736,False,False,97.92955523454154
123,1,47,"[39, 36]","[-40.0, 10.0]",-49.83206558227539,6.61776065826416,0.22452886402606964,39,35,10.397550508602977,46.65761947631836,18.983262817627047,-27.674356658691323,8000.0,3224.860953442856,False,False,"[41, 44]","[40.0, -10.0]",46.540916442871094,-10.203834533691406,0.18525287508964539,41,45,6.544091719233972,212.94461059570312,178.21506967238633,-34.72954092331679,8000.0,266.6752886496597,False,False,97.83004512531531
124,1,48,"[39, 36]","[-40.0, 10.0]",-49.78701400756836,6.683375835418701,0.2285153567790985,39,35,10.333713709670105,44.1599235534668,18.720496346656624,-25.439427206810166,8000.0,3567.649711067173,False,False,"[41, 44]","[40.0, -10.0]",46.45705032348633,-10.27200698852539,0.1847488284111023,41,45,6.462777010066303,212.17022705078125,177.58780825790816,-34.582418792873085,7979.998461925337,254.21195006359858,False,False,97.7261731864432
125,1,49,"[39, 36]","[-40.0, 10.0]",-49.73582458496094,6.752908706665039,0.2322397232055664,39,35,10.263034746914848,41.72455596923828,18.444569090639103,-23.279986878599175,8000.0,3884.0205145257596,False,False,"[41, 44]","[40.0, -10.0]",46.374237060546875,-10.338035583496094,0.18432357907295227,41,45,6.383194040584918,211.36106872558594,176.9643604170226,-34.39670830856335,7932.862612562451,248.56422110619496,False,False,97.61784839993504
126,1,50,"[39, 36]","[-40.0, 10.0]",-49.67867660522461,6.825501441955566,0.2354394942522049,39,35,10.185981637699351,39.349979400634766,18.15891660386103,-21.191062796773735,8000.0,4175.826629182055,False,False,"[41, 44]","[40.0, -10.0]",46.292327880859375,-10.402016639709473,0.18396109342575073,41,45,6.305157217615079,210.5177764892578,176.34434300466467,-34.17343348459315,7883.833524701546,249.41520767844986,False,False,97.50497977704546
127,1,51,"[39, 36]","[-40.0, 10.0]",-49.615760803222656,6.9003753662109375,0.23793694376945496,39,35,10.102996025693825,37.034671783447266,17.86664070457289,-19.168031078874378,8000.0,4444.811625961327,False,False,"[41, 44]","[40.0, -10.0]",46.21116256713867,-10.464049339294434,0.1837080866098404,41,45,6.22847350678513,209.64126586914062,175.72724708673078,-33.91401878240984,7832.844791918243,256.3802756142404,False,False,97.38748630076796
128,1,52,"[39, 36]","[-40.0, 10.0]",-49.54728317260742,6.976827144622803,0.23968933522701263,39,35,10.014498993531445,34.77717208862305,17.570530718708568,-17.20664136991448,8000.0,4692.606716928396,False,False,"[41, 44]","[40.0, -10.0]",46.13056182861328,-10.5242338180542,0.1834910362958908,41,45,6.1529350256964275,208.73263549804688,175.1124391707182,-33.62019632732867,7779.84392759032,269.0199777818011,False,False,97.26529267368166
129,1,53,"[39, 36]","[-40.0, 10.0]",-49.47344970703125,7.054219722747803,0.24065783619880676,39,35,9.92088054526908,32.5760383605957,17.273142785525632,-15.302895575070067,8000.0,4920.743197335801,False,False,"[41, 44]","[40.0, -10.0]",46.050350189208984,-10.582663536071777,0.183304563164711,41,45,6.078341402745395,207.7932586669922,174.4992392867764,-33.294019380215786,7724.804672863638,286.84935244677627,False,False,97.1383343366674
130,1,54,"[39, 36]","[-40.0, 10.0]",-49.39448165893555,7.131981372833252,0.24080711603164673,39,35,9.822515792089714,30.42986488342285,16.97677977797466,-13.453085105448196,8000.0,5130.655105721631,False,False,"[41, 44]","[40.0, -10.0]",45.970333099365234,-10.639431953430176,0.18296901881694794,41,45,6.004477541005847,206.82467651367188,173.8868360760274,-32.93784043764447,7667.717078314008,309.33289740615646,False,False,97.00655145657903
131,1,55,"[39, 36]","[-40.0, 10.0]",-49.31059646606445,7.209595680236816,0.24022260308265686,39,35,9.719751170767948,28.33728790283203,16.683578246947388,-11.653709655884654,7927.148358884337,5323.684633231311,False,False,"[41, 44]","[40.0, -10.0]",45.89032745361328,-10.694623947143555,0.18244187533855438,41,45,5.931143223589835,205.82861328125,173.27438830289864,-32.55422497835136,7608.596672804324,335.91300807202424,False,False,96.8698972623887
132,1,56,"[39, 36]","[-40.0, 10.0]",-49.22201919555664,7.286601543426514,0.23898078501224518,39,35,9.612916790826317,26.296977996826172,16.39548640993137,-9.901491586894792,7713.102100436869,5501.087648599014,False,False,"[41, 44]","[40.0, -10.0]",45.81013870239258,-10.74831485748291,0.18162722885608673,41,45,5.858129980375118,204.80690002441406,172.66101128653986,-32.1458887378742,7547.471037124205,366.01056409163994,False,False,96.7283270005666
133,1,57,"[39, 36]","[-40.0, 10.0]",-49.128971099853516,7.362585067749023,0.23738528788089752,39,35,9.502319236208661,24.307632446289062,16.114325466904404,-8.193306979384658,7494.443154908908,5664.040807172671,False,False,"[41, 44]","[40.0, -10.0]",45.729576110839844,-10.80057144165039,0.18061619997024536,41,45,5.785236126822554,203.761474609375,172.04578067421238,-31.71569393516262,7484.387479293405,399.0334476340804,False,False,96.58180073548162
134,1,58,"[39, 36]","[-40.0, 10.0]",-49.03168487548828,7.437179088592529,0.2356501668691635,39,35,9.388257703859177,22.367982864379883,15.841762317720447,-6.526220546659431,7271.618947445271,5813.647283438726,False,False,"[41, 44]","[40.0, -10.0]",45.64845275878906,-10.851449966430664,0.1794327199459076,41,45,5.712266241484771,202.69439697265625,171.42775120794477,-31.266645764711484,7419.413702272842,434.37799476620876,False,False,96.43029822186563
135,1,59,"[39, 36]","[-40.0, 10.0]",-48.930381774902344,7.510056972503662,0.2339087724685669,39,35,9.271005065562502,20.476795196533203,15.579378552219303,-4.897416644313893,7045.030984139062,5950.937604487869,False,False,"[41, 44]","[40.0, -10.0]",45.56659698486328,-10.900995254516602,0.17809884250164032,41,45,5.639041978966855,201.60772705078125,170.80598504220072,-30.801742008580533,7352.6332917261225,471.4580802114747,False,False,96.27380660818217
136,1,60,"[39, 36]","[-40.0, 10.0]",-48.82528305053711,7.580930233001709,0.23222193121910095,39,35,9.150820698697071,18.63286018371582,15.328659936530563,-3.304200247185264,6815.043607636745,6076.878187366749,False,False,"[41, 44]","[40.0, -10.0]",45.48383331298828,-10.949239730834961,0.17669357359409332,41,45,5.5653826347552835,200.50355529785156,170.179535471526,-30.324019826325554,7284.140537783965,509.68948614338933,False,False,96.11231257314354
137,1,61,"[39, 36]","[-40.0, 10.0]",-48.716609954833984,7.6495466232299805,0.2307616025209427,39,35,9.02795215877225,16.835006713867188,15.091002027820496,-1.7440046860466794,6581.987910344644,6192.37352389057,False,False,"[41, 44]","[40.0, -10.0]",45.40000534057617,-10.996203422546387,0.1752881109714508,41,45,5.491127292036154,199.38400268554688,169.54748529139644,-29.836517394150434,7214.048527246542,548.506564283548,False,False,95.9458246586781
138,1,62,"[39, 36]","[-40.0, 10.0]",-48.60457229614258,7.715683937072754,0.22950568795204163,39,35,8.902626818804201,15.082086563110352,14.867760953709064,-0.21432560940129974,6346.152361070784,6298.271560361715,False,False,"[41, 44]","[40.0, -10.0]",45.31497573852539,-11.041895866394043,0.17400532960891724,41,45,5.4161346085121,198.25111389160156,168.90893701905966,-29.3421768725419,7142.482376611735,587.3771461683591,False,False,95.77436140804974
139,1,63,"[39, 36]","[-40.0, 10.0]",-48.489383697509766,7.779151439666748,0.2284339815378189,39,35,8.775067173046533,13.372981071472168,14.660214101214889,1.2872330297427084,6107.798026989761,6395.368645990496,False,False,"[41, 44]","[40.0, -10.0]",45.228607177734375,-11.086312294006348,0.17283795773983002,41,45,5.340262860493364,197.10693359375,168.26302061419162,-28.843912979558382,7069.574847733025,625.7828393871473,False,False,95.59794733977753
140,1,64,"[39, 36]","[-40.0, 10.0]",-48.371253967285156,7.839784145355225,0.2275279313325882,39,35,8.645485846581794,11.706599235534668,14.469602667984535,2.763003432449864,5867.153177009407,6484.414068403389,False,False,"[41, 44]","[40.0, -10.0]",45.140785217285156,-11.129440307617188,0.1718379259109497,41,45,5.263393207687223,195.9534149169922,167.60887356439912,-28.34454135259307,6995.471987898647,663.2406717970657,False,False,95.41662826155543
141,1,65,"[39, 36]","[-40.0, 10.0]",-48.25037384033203,7.8974409103393555,0.2267705202102661,39,35,8.514072071033326,10.081877708435059,14.297164447785494,4.215286739350432,5624.403998938147,6566.108095159856,False,False,"[41, 44]","[40.0, -10.0]",45.051422119140625,-11.171255111694336,0.1710515171289444,41,45,5.185431897384564,194.79238891601562,166.94571234352262,-27.84667657249301,6920.326191644963,699.3189349669142,False,False,95.23045887342867
142,1,66,"[39, 36]","[-40.0, 10.0]",-48.12694549560547,7.952003002166748,0.22632251679897308,39,35,8.381022299915209,8.49777889251709,14.144088123818106,5.646309231301018,5379.718124471845,6641.115713872841,False,False,"[41, 44]","[40.0, -10.0]",44.96043014526367,-11.211723327636719,0.1704021692276001,41,44,5.106284426937024,193.62564086914062,166.27273773325825,-27.35290313588237,6844.296301521785,733.5990893588491,False,False,95.03950710387696
143,1,67,"[39, 36]","[-40.0, 10.0]",-48.001155853271484,8.003373146057129,0.22615182399749756,39,35,8.246515250833308,6.953291416168213,14.011559269942767,7.0582678537745664,5133.227675969542,6710.059849230852,False,False,"[41, 44]","[40.0, -10.0]",44.86775207519531,-11.25080394744873,0.16987918317317963,41,44,5.025885074344776,192.4547882080078,165.58920490168038,-26.865583306327437,6767.546527579205,765.7176102769577,False,False,94.84385797390429
144,1,68,"[39, 36]","[-40.0, 10.0]",-47.87318420410156,8.051471710205078,0.22628803551197052,39,35,8.110720806922496,5.447428226470947,13.900769265664204,8.453341039193248,4885.034394647694,6773.528908924573,False,False,"[41, 44]","[40.0, -10.0]",44.773353576660156,-11.288448333740234,0.16953100264072418,41,44,4.944188859310725,191.28131103515625,164.89442042861185,-26.386890606544398,6690.2442901920695,795.3563484606984,True,False,94.64361293858296
145,1,69,"[39, 36]","[-40.0, 10.0]",-47.74320983886719,8.096235275268555,0.22669871151447296,39,35,7.973808295655307,3.979226589202881,13.812909245372426,9.833682656169543,4635.216429010851,6832.082220325027,False,False,"[41, 44]","[40.0, -10.0]",44.67720413208008,-11.324602127075195,0.16934160888195038,41,44,4.861153082160558,190.1066131591797,164.18767484833054,-25.918938310849143,6612.560632518747,822.214237054875,True,False,94.4388788792494
146,1,70,"[39, 36]","[-40.0, 10.0]",-47.61140060424805,8.137616157531738,0.22723674774169922,39,35,7.8359359833420275,2.547747850418091,13.749190071601001,11.201442221182901,4383.821681663212,6886.247892627034,False,False,"[41, 44]","[40.0, -10.0]",44.57931137084961,-11.359209060668945,0.16911938786506653,41,44,4.776771074878624,188.93182373046875,163.46831280214502,-25.46351092832373,6534.664417701222,846.061476046094,True,False,94.22979129799917
147,1,71,"[39, 36]","[-40.0, 10.0]",-47.47791290283203,8.175580978393555,0.22782836854457855,39,35,7.697251856912388,1.1520769596099854,13.710850384822031,12.558773425212053,4130.868563372932,6936.525475781459,False,False,"[41, 44]","[40.0, -10.0]",44.47968673706055,-11.392207145690918,0.16892623901367188,41,44,4.69103762495133,187.75804138183594,162.73568251441498,-25.022358867420962,6456.72806768388,866.6794423770621,True,False,94.01647974477576
148,1,72,"[39, 36]","[-40.0, 10.0]",-47.3429069519043,8.210107803344727,0.2284068912267685,39,35,7.557909537694394,359.7913207709789,13.699148811123548,13.907828040144636,3876.3565883619103,6983.39519446385,False,False,"[41, 44]","[40.0, -10.0]",44.37836837768555,-11.423535346984863,0.16875822842121124,41,44,4.603972473292177,186.58609008789062,161.98914395798366,-24.596946129906968,6378.917785873366,883.9072783206802,True,False,93.79910602687485
149,1,73,"[39, 36]","[-40.0, 10.0]",-47.20652770996094,8.241185188293457,0.22885331511497498,39,35,7.418050362211972,358.4646084308624,13.71540379529081,15.25079536442837,3620.2528288278318,7027.313214839525,False,False,"[41, 44]","[40.0, -10.0]",44.27540588378906,-11.453130722045898,0.16861090064048767,41,44,4.515604540534055,185.41668701171875,161.22806072754688,-24.188626284171875,6301.399129322297,897.6081508488141,True,False,93.57782992369256
150,1,74,"[39, 36]","[-40.0, 10.0]",-47.06891632080078,8.268814086914062,0.22917790710926056,39,35,7.27781441204369,357.17109084129333,13.760958940174898,16.58986809888154,3362.5034949507844,7068.71560115309,False,False,"[41, 44]","[40.0, -10.0]",44.17087173461914,-11.480932235717773,0.16836178302764893,41,44,4.425983654898978,184.25038146972656,160.45181004131373,-23.798571428412828,6224.336115248917,907.6842279291877,True,False,93.35283286652987
151,1,75,"[39, 36]","[-40.0, 10.0]",-46.93021011352539,8.293001174926758,0.22938969731330872,39,35,7.137342447046452,355.909939289093,13.837232803411261,17.92729351431825,3103.028989405665,7108.024801198032,False,False,"[41, 44]","[40.0, -10.0]",44.06485366821289,-11.506881713867188,0.1680174022912979,41,44,4.335173334893439,183.08749389648438,159.65975539459595,-23.427738501888427,6147.883882105371,914.0768657316512,True,False,93.12430936684886
152,1,76,"[39, 36]","[-40.0, 10.0]",-46.7905387878418,8.313762664794922,0.22943778336048126,39,35,6.9967716398224304,354.6803469657898,13.94569836280747,19.265351397017696,2841.725606605001,7145.646418530096,False,False,"[41, 44]","[40.0, -10.0]",43.95745086669922,-11.530922889709473,0.16758279502391815,41,44,4.243246664592433,181.9282684326172,158.85125157105742,-23.07701686155977,6072.198260700298,916.7432108127268,True,False,92.89246024892354
153,1,77,"[39, 36]","[-40.0, 10.0]",-46.6500244140625,8.331123352050781,0.2293349951505661,39,35,6.856236137539132,353.4815249443054,14.087890932239178,20.60636598793377,2578.4651063674924,7181.971453380849,False,False,"[41, 44]","[40.0, -10.0]",43.84877395629883,-11.55300521850586,0.16706164181232452,41,44,4.15028748105364,180.77267456054688,158.02560510459043,-22.74706945595645,5997.4221717859255,915.678079801602,True,False,92.65749335855001
154,1,78,"[39, 36]","[-40.0, 10.0]",-46.50878143310547,8.345110893249512,0.22903382778167725,39,35,6.715868797079043,352.31270599365234,14.265456265520523,21.952750271868183,2313.0900389956064,7217.381522031512,False,False,"[41, 44]","[40.0, -10.0]",43.738956451416016,-11.573081016540527,0.16657404601573944,41,44,4.056399786779604,179.62059020996094,157.18218127657232,-22.438408933388615,5923.69599118987,910.9073217941532,True,False,92.41963299120225
155,1,79,"[39, 36]","[-40.0, 10.0]",-46.36691665649414,8.355761528015137,0.2284913957118988,39,35,6.5758001690667,351.17313957214355,14.480107745094509,23.306968172950974,2045.419297049003,7252.24596297568,False,False,"[41, 44]","[40.0, -10.0]",43.62812805175781,-11.59111213684082,0.16616852581501007,41,44,3.9616853726607446,178.4717559814453,156.32019161723073,-22.15156436421458,5851.160349079939,902.4533715056823,True,False,92.17909655145245
156,1,80,"[39, 36]","[-40.0, 10.0]",-46.22453689575195,8.363115310668945,0.2277277261018753,39,35,6.436167419570732,350.06209659576416,14.733650927959058,24.671554332194887,1775.2503939641501,7286.928533886987,False,False,"[41, 44]","[40.0, -10.0]",43.516441345214844,-11.607061386108398,0.16600555181503296,41,44,3.86626512710355,177.32568359375,155.43895649654806,-21.88672709720194,5779.935414354042,890.3936501091148,True,False,91.93612528786595
157,1,81,"[39, 36]","[-40.0, 10.0]",-46.08174514770508,8.367215156555176,0.22687828540802002,39,35,6.297111273164656,348.97886180877686,15.028002078070688,26.049140269293844,1502.3544859164585,7321.788278083114,False,False,"[41, 44]","[40.0, -10.0]",43.40404510498047,-11.620903968811035,0.1660524308681488,41,44,3.7702589768938757,176.1818084716797,154.53761387832523,-21.644194593354456,5710.14917135322,874.7896885194214,True,False,91.69095682409177
158,1,82,"[39, 36]","[-40.0, 10.0]",-45.93862533569336,8.368109703063965,0.22600598633289337,39,35,6.158760980828291,347.92274379730225,15.365203002744494,27.44245920544222,1226.4687101438362,7357.172940277516,False,False,"[41, 44]","[40.0, -10.0]",43.29110336303711,-11.632617950439453,0.16622024774551392,41,44,3.6737994934796445,175.0393829345703,153.61536551691555,-21.424017417654767,5641.912902723687,855.7414730572705,True,False,91.44382751349956
159,1,83,"[39, 36]","[-40.0, 10.0]",-45.79660415649414,8.366127967834473,0.22498127818107605,39,35,6.022471051369019,346.90497398376465,15.741398248362225,28.836424264597554,950.6041545430762,7392.723167908987,False,False,"[41, 44]","[40.0, -10.0]",43.17778015136719,-11.642191886901855,0.16654600203037262,41,44,3.577021230553369,173.89755249023438,152.67128725742458,-21.226265232809794,5575.33902504489,833.3458575040054,True,False,91.19634820743886
160,1,84,"[39, 36]","[-40.0, 10.0]",-45.656959533691406,8.361628532409668,0.22368726134300232,39,35,5.889435646276831,345.93660736083984,16.152100199319523,30.21549283847969,677.803705633818,7428.009595480062,False,False,"[41, 44]","[40.0, -10.0]",43.06425094604492,-11.649619102478027,0.1670036017894745,41,44,3.4800685400718203,172.75531005859375,151.70449436091639,-21.050815697677365,5510.525953546389,807.728588362681,True,False,90.95000396313611
161,1,85,"[39, 36]","[-40.0, 10.0]",-45.52082061767578,8.354986190795898,0.22207973897457123,39,35,5.760688389856387,345.02828216552734,16.592238539797073,31.563956374269708,411.0904884653946,7462.546023657177,False,False,"[41, 44]","[40.0, -10.0]",42.95068359375,-11.654902458190918,0.16756904125213623,41,44,3.3830808173249065,171.61158752441406,150.71394150659293,-20.89764601782113,5447.576686554533,778.9977562856011,True,False,90.70613375718966
162,1,86,"[39, 36]","[-40.0, 10.0]",-45.389163970947266,8.346583366394043,0.22018131613731384,39,35,5.637098089446462,344.19011402130127,17.056218754362607,32.86610473306132,153.43207492375677,7495.790345608072,False,False,"[41, 44]","[40.0, -10.0]",42.837257385253906,-11.658051490783691,0.16816140711307526,41,44,3.286208182125389,170.46514892578125,149.6986129740384,-20.76653595174284,5386.579827458409,747.2911670848189,True,False,90.46594299011623
163,1,87,"[39, 36]","[-40.0, 10.0]",-45.26280975341797,8.33680534362793,0.2179585099220276,39,35,5.519364362465655,343.4315662384033,17.53798900495469,34.10642276655136,-92.3003748301062,7527.14760409437,False,False,"[41, 44]","[40.0, -10.0]",42.724143981933594,-11.65908432006836,0.16876626014709473,41,44,3.189595776176302,169.31468200683594,148.657348119706,-20.657333887129937,5327.625658101275,712.732973119309,True,False,90.23048060976741
164,1,88,"[39, 36]","[-40.0, 10.0]",-45.142433166503906,8.32602596282959,0.2153286337852478,39,35,5.408031799932392,342.76133918762207,18.03119757422724,35.269858386605165,-323.3755105281657,7555.9864806192945,False,False,"[41, 44]","[40.0, -10.0]",42.61151885986328,-11.6580228805542,0.1691937893629074,41,44,3.0933914443314245,168.1588134765625,147.5890120403009,-20.5698014362616,5270.795875178604,675.458127412544,True,False,90.00065724438186
165,1,89,"[39, 36]","[-40.0, 10.0]",-45.028560638427734,8.314599990844727,0.21246002614498138,39,35,5.303488972856014,342.18728256225586,18.529374389120967,36.3420918268651,-537.2520512738233,7581.649189569916,False,False,"[41, 44]","[40.0, -10.0]",42.49956130981445,-11.654900550842285,0.16950803995132446,41,44,2.9977495850553364,166.99603271484375,146.49239740494312,-20.50363530990063,5216.167441961136,635.6113487011826,True,False,89.77724145723566
166,1,90,"[39, 36]","[-40.0, 10.0]",-44.92156982421875,8.302854537963867,0.20939511060714722,39,36,5.205972748101013,341.7163028717041,19.026151436564664,37.309848564860545,-731.632706012183,7603.467465217226,False,False,"[41, 44]","[40.0, -10.0]",42.3884391784668,-11.649754524230957,0.1697074919939041,41,44,2.9028144445444077,165.82481384277344,145.36619470661293,-20.458619136160507,5163.818165229986,593.3187817097441,True,False,89.5608412222541
167,1,91,"[39, 36]","[-40.0, 10.0]",-44.82170867919922,8.2910795211792,0.20629924535751343,39,36,5.115592222802575,341.35428047180176,19.515455390747444,38.161174918945676,-904.5029986177706,7620.785305575282,False,False,"[41, 44]","[40.0, -10.0]",42.2783203125,-11.642629623413086,0.16973167657852173,41,44,2.8087320139280494,164.6435089111328,144.20904697385484,-20.434461937277973,5113.817866882969,548.7152533922854,True,False,89.35193232726446
168,1,92,"[39, 36]","[-40.0, 10.0]",-44.72908401489258,8.279523849487305,0.2033315896987915,39,36,5.032322903430928,341.1060047149658,19.9917654021505,38.8857606871847,-1054.1895117846211,7632.972806729884,False,False,"[41, 44]","[40.0, -10.0]",42.16937255859375,-11.633577346801758,0.169584721326828,41,44,2.7156495072014475,163.450439453125,143.01958179916014,-20.430857653964864,5066.233621437206,501.93621256717415,True,False,89.15084606501352
169,1,93,"[39, 36]","[-40.0, 10.0]",-44.643680572509766,8.268385887145996,0.20064641535282135,39,36,4.9560323541457825,340.9751453399658,20.45032974799368,39.47518440802787,-1179.3913211649601,7639.449520460834,True,False,"[41, 44]","[40.0, -10.0]",42.06175994873047,-11.622654914855957,0.1692700833082199,41,44,2.623711695079179,162.24386596679688,141.79639921580895,-20.447466750987928,5021.126204115973,453.1182873568464,True,False,88.95778167293311
170,2,1,"[40, 36]","[-40.0, 0.0]",-44.565372467041016,8.25781536102295,0.19839400053024292,39,36,9.435790390823799,340.96420669555664,298.93622028472817,-42.027986410828476,8000.0,216.23743791297875,False,False,"[40, 44]","[40.0, 0.0]",41.95563888549805,-11.60992431640625,0.16884946823120117,41,44,11.773481476740564,161.02203369140625,99.56145558993254,-61.460578101473715,8000.0,-3101.7263649563783,False,False,88.77281388666403
171,2,2,"[40, 36]","[-40.0, 0.0]",-44.486846923828125,8.245565414428711,0.1972634196281433,39,36,9.387286312960143,340.8976650238037,298.5529427434408,-42.34472228036293,8000.0,136.89662363969,False,False,"[40, 44]","[40.0, 0.0]",41.860130310058594,-11.598583221435547,0.16784387826919556,41,44,11.746796053178283,159.7005157470703,99.11126154675381,-60.5892542003165,8000.0,-2906.6984356244466,False,False,88.59791596031829
172,2,3,"[40, 36]","[-40.0, 0.0]",-44.40850067138672,8.231927871704102,0.1971621811389923,39,36,9.338068036513546,340.77346420288086,298.1706899543658,-42.60277424851506,8000.0,68.42266438637307,False,False,"[40, 44]","[40.0, 0.0]",41.77416229248047,-11.588493347167969,0.16631169617176056,41,44,11.723516106416874,158.2818145751953,98.70422049023026,-59.57759408496506,8000.0,-2679.748186244996,False,False,88.43246289025902
173,2,4,"[40, 36]","[-40.0, 0.0]",-44.33063888549805,8.21713924407959,0.19789466261863708,39,36,9.288477297877229,340.59006690979004,297.7903574540765,-42.799709455713526,8000.0,11.428510795198235,False,False,"[40, 44]","[40.0, 0.0]",41.6967658996582,-11.579534530639648,0.16459940373897552,41,44,11.703189072407524,156.76837158203125,98.3363068231978,-58.43206475883345,8000.0,-2423.016864974683,False,False,88.2758328570837
174,2,5,"[40, 36]","[-40.0, 0.0]",-44.25349426269531,8.201390266418457,0.19929011166095734,39,36,9.238777827444784,340.3464775085449,297.4126489815604,-42.93382852698454,8000.0,-33.66306428630105,False,False,"[40, 44]","[40.0, 0.0]",41.627071380615234,-11.57159423828125,0.16284234821796417,41,44,11.68542487430564,155.1625518798828,98.00383517478643,-57.15871670509638,8000.0,-2138.587627442882,False,False,88.12742179048509
175,2,6,"[40, 36]","[-40.0, 0.0]",-44.177207946777344,8.184825897216797,0.20120036602020264,39,36,9.189148012648971,340.0422420501709,297.037949250824,-43.0042927993469,8000.0,-66.64578986098513,False,False,"[40, 44]","[40.0, 0.0]",41.56430435180664,-11.564573287963867,0.16110342741012573,41,44,11.669893034547002,153.46664428710938,97.7034675853066,-55.76317670180278,8000.0,-1828.488088360753,False,False,87.98662227534277
176,2,7,"[40, 36]","[-40.0, 0.0]",-44.101863861083984,8.167548179626465,0.20337995886802673,39,36,9.139700782924264,339.6774501800537,296.6664817667791,-43.01096841327461,8000.0,-87.49125811747035,False,False,"[40, 44]","[40.0, 0.0]",41.507755279541016,-11.558380126953125,0.15973329544067383,41,44,11.656306324995443,151.68296813964844,97.43209269277678,-54.25087544687166,8000.0,-1494.748766732935,False,False,87.85282657353254
177,2,8,"[40, 36]","[-40.0, 0.0]",-44.02747344970703,8.149624824523926,0.20549575984477997,39,36,9.090485529859869,339.2527084350586,296.2981805031134,-42.95452793194522,8000.0,-96.36556228197878,False,False,"[40, 44]","[40.0, 0.0]",41.45676803588867,-11.552921295166016,0.15875472128391266,41,44,11.644404817880874,149.81387329101562,97.18679350517363,-52.627079785842,8000.0,-1139.4155739758553,False,False,87.72540034657095
178,2,9,"[40, 36]","[-40.0, 0.0]",-43.95399856567383,8.131089210510254,0.20719444751739502,39,36,9.041499676858201,338.76913833618164,295.93279930480395,-42.83633903137769,8000.0,-93.60138583537446,False,False,"[40, 44]","[40.0, 0.0]",41.40925216674805,-11.547224044799805,0.15833531320095062,41,44,11.632900532983458,147.87696838378906,96.95811113010878,-50.9188572536803,8000.0,-769.6843467311091,False,False,87.60205812753736
179,2,10,"[40, 36]","[-40.0, 0.0]",-43.88135528564453,8.111944198608398,0.20839828252792358,39,36,8.9926946759432,338.22833251953125,295.56990776511043,-42.65842475442082,8000.0,-79.68543967443657,False,False,"[40, 44]","[40.0, 0.0]",41.36331558227539,-11.54026985168457,0.15851300954818726,41,44,11.620518819165293,145.88998413085938,96.73743896551925,-49.15254516534014,8000.0,-392.4540892484347,False,False,87.48064602218325
180,2,11,"[40, 36]","[-40.0, 0.0]",-43.80941390991211,8.092164993286133,0.2089831829071045,39,36,8.943979461939602,337.63233375549316,295.2088690897126,-42.42346466578056,8000.0,-55.25419229151612,False,False,"[40, 44]","[40.0, 0.0]",41.31731033325195,-11.53101634979248,0.15932530164718628,41,44,11.606017601799243,143.8705291748047,96.51725073067914,-47.35327844412555,8000.0,-14.18224952257242,False,False,87.35919199715073
181,2,12,"[40, 36]","[-40.0, 0.0]",-43.73802185058594,8.071701049804688,0.209018275141716,39,36,8.895232722805853,336.98358726501465,294.8489544807635,-42.13463278425115,8000.0,-21.055299552019278,False,False,"[40, 44]","[40.0, 0.0]",41.269832611083984,-11.518412590026855,0.16086679697036743,41,44,11.588196730046551,141.83583068847656,96.29109510221345,-45.54473558626313,8000.0,359.20083347503805,False,False,87.23593223321437
182,2,13,"[40, 36]","[-40.0, 0.0]",-43.6669921875,8.050480842590332,0.2085696905851364,39,36,8.846302815306515,336.28490829467773,294.4892541102261,-41.79565418445162,8000.0,22.045339077310018,False,False,"[40, 44]","[40.0, 0.0]",41.2197151184082,-11.501422882080078,0.16310574114322662,41,44,11.565916880321627,139.80247497558594,96.05353787463723,-43.748937100948694,8000.0,722.3598759589104,False,False,87.10929925385527
183,2,14,"[40, 36]","[-40.0, 0.0]",-43.596126556396484,8.028410911560059,0.2077593058347702,39,36,8.797016992962822,335.5394172668457,294.12880416732844,-41.41061309951726,8000.0,73.10659821812078,False,False,"[40, 44]","[40.0, 0.0]",41.166053771972656,-11.47905445098877,0.1658955067396164,41,44,11.538126905520528,137.78619384765625,95.80026648955337,-41.985927358102884,8000.0,1070.638087153664,False,False,86.97797663138648
184,2,15,"[40, 36]","[-40.0, 0.0]",-43.52521514892578,8.005380630493164,0.2066410779953003,39,36,8.747185883773762,334.7505168914795,293.76656768659245,-40.98394920488704,8000.0,131.11813327059735,False,False,"[40, 44]","[40.0, 0.0]",41.10817337036133,-11.450374603271484,0.16898483037948608,41,44,11.50387442447207,135.8016357421875,95.52790007061401,-40.27373567157349,8000.0,1400.0633559981206,False,False,86.8408709305288
185,2,16,"[40, 36]","[-40.0, 0.0]",-43.454044342041016,7.981265544891357,0.20526619255542755,39,36,8.696609800080461,333.921817779541,293.4014652122783,-40.520352567262705,8000.0,195.0257825287481,False,False,"[40, 44]","[40.0, 0.0]",41.045623779296875,-11.414539337158203,0.17226238548755646,41,44,11.462331236156244,133.8623504638672,95.23394687894185,-38.62840358492534,8000.0,1707.3369099865113,False,False,86.697123133578
186,2,17,"[40, 36]","[-40.0, 0.0]",-43.38240432739258,7.955927848815918,0.2037416398525238,39,36,8.64508224191816,333.0570945739746,293.0324149423736,-40.02467963160103,8000.0,263.75157306861365,False,False,"[40, 44]","[40.0, 0.0]",40.978878021240234,-11.37155532836914,0.175450399518013,41,44,11.413609103461877,131.97149658203125,94.91996558061506,-37.05153100141621,8000.0,1992.5583520166947,False,False,86.54696739614923
187,2,18,"[40, 36]","[-40.0, 0.0]",-43.310089111328125,7.929219722747803,0.2021653950214386,39,36,8.592392876058785,332.1602420806885,292.65832030799106,-39.501921772697415,8000.0,336.20357886148213,False,False,"[40, 44]","[40.0, 0.0]",40.90871810913086,-11.321803092956543,0.1783311814069748,41,44,11.358212618081364,130.12789916992188,94.5888749403583,-35.53902422956358,8000.0,2257.134037294768,False,False,86.39102597543106
188,2,19,"[40, 36]","[-40.0, 0.0]",-43.236915588378906,7.900987148284912,0.20062679052352905,39,36,8.53833827179819,331.23521995544434,292.2781745153627,-38.95704544008163,8000.0,411.31179068760594,False,False,"[40, 44]","[40.0, 0.0]",40.835853576660156,-11.265640258789062,0.18059132993221283,41,44,11.29660575757446,128.33033752441406,94.24328242691249,-34.087055097501576,8000.0,2502.3916766047705,False,False,86.22986791848601
189,2,20,"[40, 36]","[-40.0, 0.0]",-43.16270446777344,7.871071815490723,0.19926580786705017,39,36,8.482716019948239,330.28600120544434,291.8909372145054,-38.39506399093892,8000.0,488.0147318547524,False,False,"[40, 44]","[40.0, 0.0]",40.76091766357422,-11.203412055969238,0.1821253001689911,41,44,11.229222474711957,126.57769775390625,93.88546975866076,-32.6922279952455,8000.0,2729.550407862791,False,False,86.06398948810015
190,2,21,"[40, 36]","[-40.0, 0.0]",-43.08730697631836,7.839313507080078,0.19814985990524292,39,36,8.425336825807747,329.3165283203125,291.4956928318979,-37.820835488414616,8000.0,565.3023156733007,False,False,"[40, 44]","[40.0, 0.0]",40.68448257446289,-11.135446548461914,0.18301457166671753,41,44,11.156463876533447,124.86884307861328,93.51747729887192,-31.351365779741343,8000.0,2939.7582918703283,False,False,85.8938545165239
191,2,22,"[40, 36]","[-40.0, 0.0]",-43.010589599609375,7.8055548667907715,0.1973983347415924,39,36,8.366022741766677,328.3306694030762,291.091544486412,-37.239124916664196,8000.0,642.2049131273807,False,False,"[40, 44]","[40.0, 0.0]",40.60706329345703,-11.062057495117188,0.18327359855175018,41,44,11.078702174331667,123.20267486572266,93.14112551149859,-30.06154935422407,8000.0,3134.0851443024203,False,False,85.71988492517099
192,2,23,"[40, 36]","[-40.0, 0.0]",-42.932456970214844,7.769641399383545,0.19700053334236145,39,36,8.304615063756797,327.33218002319336,290.6777608145669,-36.65441920862645,8000.0,717.8297848516331,False,False,"[40, 44]","[40.0, 0.0]",40.529117584228516,-10.983543395996094,0.18303295969963074,41,44,10.99628077804806,121.57810974121094,92.7580157260249,-28.820094015186044,8000.0,3313.5263544627605,False,False,85.54248282038911
193,2,24,"[40, 36]","[-40.0, 0.0]",-42.85282897949219,7.731427192687988,0.19694600999355316,39,36,8.240970793666587,326.3246726989746,290.2536195298606,-36.07105316911401,8000.0,791.3372353036675,False,False,"[40, 44]","[40.0, 0.0]",40.4510612487793,-10.900191307067871,0.18246884644031525,41,44,10.909520006894361,119.99413299560547,92.36960697734503,-27.62452601826044,8000.0,3479.009681091516,False,False,85.362025134625
194,2,25,"[40, 36]","[-40.0, 0.0]",-42.77165222167969,7.690774917602539,0.1972241997718811,39,36,8.174966352907289,325.3115653991699,289.8184831197652,-35.493082279404746,8000.0,861.963974083927,False,False,"[40, 44]","[40.0, 0.0]",40.37325668334961,-10.812274932861328,0.18179844319820404,41,44,10.818715717470655,118.44973754882812,91.97715497549464,-26.472582573333483,8000.0,3631.395017616278,False,False,85.17886316800883
195,2,26,"[40, 36]","[-40.0, 0.0]",-42.68891143798828,7.647560119628906,0.19776536524295807,39,36,8.106504826661284,324.2960739135742,289.3718696222787,-34.924204291295496,8000.0,929.0385779903972,False,False,"[40, 44]","[40.0, 0.0]",40.29603576660156,-10.720053672790527,0.18109942972660065,41,44,10.724140428147006,116.94389343261719,91.5818288681315,-25.362064564485706,8000.0,3771.500271364645,False,False,84.99335679319908
196,2,27,"[40, 36]","[-40.0, 0.0]",-42.604610443115234,7.601672649383545,0.19850510358810425,39,36,8.035510103831042,323.2811698913574,288.9133310445701,-34.36783884678732,8000.0,991.963629672387,False,False,"[40, 44]","[40.0, 0.0]",40.21968460083008,-10.62377643585205,0.1804414689540863,41,44,10.626047575783161,115.47566223144531,91.1846264749034,-24.29103575654193,8000.0,3900.0701472402025,False,False,84.80584203865332
197,2,28,"[40, 36]","[-40.0, 0.0]",-42.51877975463867,7.553017616271973,0.1992659717798233,39,36,7.961929826624472,322.2695732116699,288.44250770985747,-33.827065501812456,8000.0,1050.2258769186851,False,False,"[40, 44]","[40.0, 0.0]",40.144466400146484,-10.523680686950684,0.1798871010541916,41,44,10.524672239156432,114.04412078857422,90.78649242207374,-23.257628366500484,8000.0,4017.8101350258153,False,False,84.61666080856853
198,2,29,"[40, 36]","[-40.0, 0.0]",-42.43147277832031,7.501518249511719,0.20000389218330383,39,36,7.885736231923438,321.2637405395508,287.95910405521545,-33.30463648433533,8000.0,1103.392389944836,False,False,"[40, 44]","[40.0, 0.0]",40.07060241699219,-10.419992446899414,0.17943347990512848,41,44,10.420231633448749,112.6483154296875,90.38821128081032,-22.26010414887719,8000.0,4125.37708170809,False,False,84.42613906353043
199,2,30,"[40, 36]","[-40.0, 0.0]",-42.342777252197266,7.447117805480957,0.20073585212230682,39,36,7.806930822168495,320.26584243774414,287.462973279454,-32.80286915829015,8000.0,1151.1283940440521,False,False,"[40, 44]","[40.0, 0.0]",39.998294830322266,-10.312925338745117,0.17913667857646942,41,44,10.312925479714025,111.28738403320312,89.99052654588408,-21.296857487319045,8000.0,4223.379888859921,False,False,84.23462046085
200,2,31,"[40, 36]","[-40.0, 0.0]",-42.252784729003906,7.389778137207031,0.20141606032848358,39,36,7.7255329882394665,319.2777442932129,286.9539197079845,-32.32382458522841,8000.0,1193.159892491311,False,False,"[40, 44]","[40.0, 0.0]",39.92771530151367,-10.20268726348877,0.17898805439472198,41,44,10.202943324070326,109.96044158935547,89.59407372339618,-20.36636786595929,8000.0,4312.391727855265,False,False,84.04242633420681
201,2,32,"[40, 36]","[-40.0, 0.0]",-42.161617279052734,7.329481601715088,0.20194223523139954,39,36,7.6415894819716215,318.30104064941406,286.43188964310036,-31.8691510063137,8000.0,1229.3017379850917,False,False,"[40, 44]","[40.0, 0.0]",39.8590202331543,-10.089471817016602,0.17903833091259003,41,44,10.090456721131712,108.66663360595703,89.19946057149394,-19.467173034463087,8000.0,4392.950965530161,False,False,83.84989514670131
202,2,33,"[40, 36]","[-40.0, 0.0]",-42.06940841674805,7.266231536865234,0.20233754813671112,39,36,7.555168558188663,317.3370170593262,285.8968485827895,-31.440168476536655,8000.0,1259.4385385321666,False,False,"[40, 44]","[40.0, 0.0]",39.79233169555664,-9.973466873168945,0.17927412688732147,41,44,9.975628681685617,107.4051513671875,88.80715518362581,-18.59799618356169,8000.0,4465.547445734513,False,False,83.6573469306997
203,2,34,"[40, 36]","[-40.0, 0.0]",-41.9763069152832,7.200051784515381,0.20262056589126587,39,36,7.466360205823139,316.38665771484375,285.3488201009995,-31.03783761384426,8000.0,1283.5276588310267,False,False,"[40, 44]","[40.0, 0.0]",39.7277717590332,-9.854848861694336,0.17968304455280304,41,44,9.858608132085282,106.1751708984375,88.41767601393161,-17.75749488450589,8000.0,4530.65884336857,False,False,83.46511911014666
204,2,35,"[40, 36]","[-40.0, 0.0]",-41.882469177246094,7.130985260009766,0.20274682343006134,39,36,7.375272264924065,315.4506721496582,284.7878443765458,-30.662827773112383,8000.0,1301.5842561720078,False,False,"[40, 44]","[40.0, 0.0]",39.66542434692383,-9.733786582946777,0.18025368452072144,41,44,9.739535004813424,104.97591400146484,88.03136955092387,-16.944544450540974,8000.0,4588.711321155265,False,False,83.27352200756454
205,2,36,"[40, 36]","[-40.0, 0.0]",-41.78806686401367,7.059094429016113,0.2026740461587906,39,36,7.28203249566699,314.5294876098633,284.21404539405813,-30.31544221580515,8000.0,1313.692425849858,False,False,"[40, 44]","[40.0, 0.0]",39.605377197265625,-9.610440254211426,0.1809166520833969,41,44,9.618538820226558,103.8066177368164,87.64864815733208,-16.15796957948433,8000.0,4640.119842814126,False,False,83.08288706293209
206,2,37,"[40, 36]","[-40.0, 0.0]",-41.69327163696289,6.984460353851318,0.20236200094223022,39,36,7.186783374435595,313.62325286865234,283.62753045263753,-29.995722416014814,8000.0,1319.984242825249,False,False,"[40, 44]","[40.0, 0.0]",39.54769515991211,-9.484962463378906,0.18166804313659668,41,44,9.495740760997732,102.6665267944336,87.26983195519777,-15.396694839235806,8000.0,4685.267561018801,False,False,82.89352552536084
207,2,38,"[40, 36]","[-40.0, 0.0]",-41.59825897216797,6.907179355621338,0.2018311470746994,39,36,7.089679710172881,312.731876373291,283.0284343741771,-29.70344199911392,7956.450877991525,1320.6382436273057,False,False,"[40, 44]","[40.0, 0.0]",39.492427825927734,-9.357498168945312,0.1824451982975006,41,44,9.371253997929376,101.55491638183594,86.89518807266113,-14.659728309174795,7999.524227067612,4724.509488598218,False,False,82.70573873900769
208,2,39,"[40, 36]","[-40.0, 0.0]",-41.50320816040039,6.827365398406982,0.20115670561790466,39,36,6.99089071984817,311.8550109863281,282.4169258881378,-29.4380850981903,7892.413888459383,1315.8825547544366,False,False,"[40, 44]","[40.0, 0.0]",39.43961715698242,-9.22818374633789,0.1831914782524109,41,44,9.245182755734106,100.4710693359375,86.52497243641291,-13.946096899524605,7873.769973502692,4758.182022157064,False,False,82.51982567056031
209,2,40,"[40, 36]","[-40.0, 0.0]",-41.40829849243164,6.745144367218018,0.20040442049503326,39,36,6.890593383620758,310.99208068847656,281.7931989004815,-29.19888178799505,7829.077842109071,1305.985040814703,False,False,"[40, 44]","[40.0, 0.0]",39.38929748535156,-9.097149848937988,0.1838555634021759,41,44,9.117625400038674,99.414306640625,86.15942840112679,-13.254878239498225,7747.768863283256,4786.600642736779,False,False,82.33607837285146
210,2,41,"[40, 36]","[-40.0, 0.0]",-41.3137092590332,6.660654544830322,0.1995728760957718,39,36,6.788972748718202,310.14231872558594,281.1574812432214,-28.984837482364526,7766.522804558281,1291.2479601074024,False,False,"[40, 44]","[40.0, 0.0]",39.34149169921875,-8.964522361755371,0.18444983661174774,41,44,8.988675895626113,98.38394165039062,85.7987608146951,-12.585180835695525,7621.62051528943,4810.064130754666,False,False,82.15477828451675
211,2,42,"[40, 36]","[-40.0, 0.0]",-41.21961212158203,6.574044704437256,0.19865916669368744,39,36,6.686218475569681,309.304744720459,280.509984123648,-28.79476059681099,7704.812632770063,1272.0013721252094,False,False,"[40, 44]","[40.0, 0.0]",39.29621124267578,-8.830416679382324,0.18498505651950836,41,44,8.858418444984945,97.37931823730469,85.44312924934067,-11.936188987964016,7495.416490071496,4828.846275924144,False,False,81.97618704569
212,2,43,"[40, 36]","[-40.0, 0.0]",-41.12617111206055,6.485471248626709,0.19765916466712952,39,36,6.5825222134378985,308.4782180786133,279.85091187475297,-28.627306203860314,7643.996274703843,1248.5946845091348,False,False,"[40, 44]","[40.0, 0.0]",39.25346374511719,-8.694945335388184,0.18541184067726135,41,44,8.726934786352148,96.39979553222656,85.09269659747108,-11.307098934755487,7369.239263785301,4843.209116454398,False,False,81.80055468905731
213,2,44,"[40, 36]","[-40.0, 0.0]",-41.03355407714844,6.395097255706787,0.19668543338775635,39,36,6.4780786457358355,307.66144943237305,279.1805681996226,-28.48088123275045,7584.101374878459,1221.4114372022118,False,False,"[40, 44]","[40.0, 0.0]",39.21324920654297,-8.558213233947754,0.1856854408979416,41,44,8.594299888223807,95.44474792480469,84.74760029378075,-10.697147631023938,7243.163007263199,4853.397289077225,False,False,81.62812586266745
214,2,45,"[40, 36]","[-40.0, 0.0]",-40.9419059753418,6.303090572357178,0.1957792341709137,39,36,6.373079132548294,306.8530082702637,278.49913554492,-28.35387272534365,7525.146873343008,1190.8309085601027,False,False,"[40, 44]","[40.0, 0.0]",39.175559997558594,-8.420320510864258,0.18588288128376007,41,44,8.460585016611256,94.5135726928711,84.40795050801691,-10.105622184854184,7117.256696291711,4859.639031161617,False,False,81.45911359598986
215,2,46,"[40, 36]","[-40.0, 0.0]",-40.851383209228516,6.209620475769043,0.19503548741340637,39,36,6.267714082665737,306.0513572692871,277.80698293077126,-28.244374338515854,7467.12491622674,1157.2711258536574,False,False,"[40, 44]","[40.0, 0.0]",39.1403923034668,-8.281362533569336,0.18601439893245697,41,44,8.32585676097932,93.60565948486328,84.07390516610424,-9.531754318759056,6991.574283859507,4862.1599305342625,False,False,81.2937435369437
216,2,47,"[40, 36]","[-40.0, 0.0]",-40.76211166381836,6.114858150482178,0.19442106783390045,39,36,6.162167182789371,305.25487518310547,277.1042979667774,-28.150577216328088,7410.025642836692,1121.1263306853293,False,False,"[40, 44]","[40.0, 0.0]",39.107723236083984,-8.141427993774414,0.18608884513378143,41,44,8.19017750730948,92.72044372558594,83.74551192714078,-8.97493179844514,6866.175125876889,4861.1561175594,False,False,81.13218979889908
217,2,48,"[40, 36]","[-40.0, 0.0]",-40.674224853515625,6.018972396850586,0.19396430253982544,39,36,6.056616866464928,304.46185302734375,276.3914349231708,-28.070418104172973,7353.813029843619,1082.8214352293085,False,False,"[40, 44]","[40.0, 0.0]",39.077537536621094,-8.000602722167969,0.18611392378807068,41,44,8.053606702236246,91.85734558105469,83.42288948541936,-8.434456095635312,6741.102469563799,4856.826892171903,False,False,80.97463856573013
218,2,49,"[40, 36]","[-40.0, 0.0]",-40.58783721923828,5.922130107879639,0.19369007647037506,39,36,5.951233284872665,303.6705436706543,275.6686740679015,-28.001869602752777,7298.444229435865,1042.7665170243122,False,False,"[40, 44]","[40.0, 0.0]",39.049808502197266,-7.858964920043945,0.18603749573230743,41,44,7.916198171911687,91.01581573486328,83.10609144217595,-7.909724292687315,6616.399597306157,4849.35022985178,False,False,80.82124223384308
219,2,50,"[40, 36]","[-40.0, 0.0]",-40.5030517578125,5.824493885040283,0.1935615986585617,39,36,5.846177391074437,302.8791694641113,274.9362905355083,-27.942878928603022,7243.86504010346,1001.3659707880261,False,False,"[40, 44]","[40.0, 0.0]",39.024513244628906,-7.716590404510498,0.1858711540699005,41,44,7.778003720807025,90.1953353881836,82.79521535937626,-7.4001200288073505,6492.101788219311,4838.899106037347,False,False,80.67214239720091
220,2,51,"[40, 36]","[-40.0, 0.0]",-40.41997146606445,5.72622013092041,0.19360429048538208,39,36,5.741600214231785,302.08592224121094,274.1946670338792,-27.89125520733171,7190.001417614163,959.0351983251771,False,False,"[40, 44]","[40.0, 0.0]",39.00162124633789,-7.573550224304199,0.18568384647369385,41,44,7.639072138409356,89.39535522460938,82.49031844228989,-6.905036782319485,6368.238309992,4825.638286660288,False,False,80.52746910512232
221,2,52,"[40, 36]","[-40.0, 0.0]",-40.33867645263672,5.6274590492248535,0.19378210604190826,39,36,5.637641092715399,301.2890167236328,273.4440684789303,-27.844948244702493,7136.779302806631,916.1581582629597,False,False,"[40, 44]","[40.0, 0.0]",38.981101989746094,-7.429912090301514,0.18547853827476501,41,44,7.499449768143525,88.61537170410156,82.19147199877868,-6.423899705322867,6244.835243942998,4809.722275293047,False,False,80.38732607335582
222,2,53,"[40, 36]","[-40.0, 0.0]",-40.259239196777344,5.528350830078125,0.1939450353384018,39,36,5.5344257029588215,300.4866714477539,272.68478603437603,-27.801885413377875,7084.1120025413375,873.1111868532898,False,False,"[40, 44]","[40.0, 0.0]",38.96291732788086,-7.285738468170166,0.18525762856006622,41,44,7.359179675438311,87.85490417480469,81.89870093290887,-5.956203241895821,6121.919274477164,4791.290698617422,False,False,80.25179729427202
223,2,54,"[40, 36]","[-40.0, 0.0]",-40.181732177734375,5.4290289878845215,0.19401709735393524,39,36,5.432069802176193,299.6771659851074,271.91721213700464,-27.759953848102782,7031.900746712865,830.2675326192543,False,False,"[40, 44]","[40.0, 0.0]",38.94703674316406,-7.141088485717773,0.18502303957939148,41,44,7.218301488653511,87.11343383789062,81.61210015701685,-5.501333680873756,5999.499937878769,4770.490197307812,False,False,80.1209705647473
224,2,55,"[40, 36]","[-40.0, 0.0]",-40.106201171875,5.329615116119385,0.19398896396160126,39,36,5.330673125870303,298.8588066101074,271.1415596835857,-27.71724692652174,6980.0505518767495,787.9581556388844,False,False,"[40, 44]","[40.0, 0.0]",38.93342208862305,-6.996018409729004,0.1848350167274475,41,44,7.076853964178177,86.39051818847656,81.33171887686206,-5.058799311614507,5877.594580154161,4747.447966582376,False,False,79.99489538073651
225,2,56,"[40, 36]","[-40.0, 0.0]",-40.03269958496094,5.230222225189209,0.19385264813899994,39,36,5.230324443829443,298.0299835205078,270.35821112734266,-27.671772393165156,6928.450902323328,746.5176143463314,False,False,"[40, 44]","[40.0, 0.0]",38.922035217285156,-6.850581169128418,0.1846887469291687,41,44,6.934873497591023,85.68567657470703,81.05761701042564,-4.628059564281386,5756.210477864706,4722.292047463114,False,False,79.8736249230318
226,2,57,"[40, 36]","[-40.0, 0.0]",-39.96126174926758,5.130951404571533,0.19366024434566498,39,36,5.131097637752023,297.18915939331055,269.56742991172814,-27.621729481582406,6876.995080419625,706.2414861949933,False,False,"[40, 44]","[40.0, 0.0]",38.912837982177734,-6.704824924468994,0.18457962572574615,41,44,6.792392694829712,84.99845886230469,80.78986347106837,-4.208595391236315,5635.351471025913,4695.142236320855,False,False,79.75718907883513
227,2,58,"[40, 36]","[-40.0, 0.0]",-39.89191436767578,5.031891822814941,0.19340041279792786,39,36,5.033052535035453,296.33488845825195,268.7694691005496,-27.565419357702353,6825.574125934087,667.400334127537,False,False,"[40, 44]","[40.0, 0.0]",38.90578842163086,-6.558795928955078,0.18450328707695007,41,44,6.649443812524082,84.32843780517578,80.52850760117312,-3.7999302040026635,5515.0223251550415,4666.109769560466,False,False,79.64560256179205
228,2,59,"[40, 36]","[-40.0, 0.0]",-39.824676513671875,4.933121204376221,0.1930047869682312,40,36,4.9362357259276575,295.46580505371094,267.96456052690485,-27.50124452680609,6774.077441057136,630.2404440800315,True,False,"[40, 44]","[40.0, 0.0]",38.90084457397461,-6.412537097930908,0.18439683318138123,41,44,6.506056769111472,83.6751708984375,80.27360754029287,-3.4015633581446423,5395.220919984017,4635.304371954332,False,False,79.53886869219464
229,2,60,"[40, 36]","[-40.0, 0.0]",-39.75956344604492,4.834705829620361,0.19258899986743927,40,36,4.840680757439277,294.58068084716797,267.15294784969774,-27.42773299747023,6722.395019035221,594.9806553392332,True,False,"[40, 44]","[40.0, 0.0]",38.89796829223633,-6.266088962554932,0.18426217138767242,41,44,6.362259407755176,83.03823852539062,80.02526566707843,-3.012972858312196,5275.938777885847,4602.834180755961,False,False,79.43698725516161
230,2,61,"[40, 36]","[-40.0, 0.0]",-39.69658279418945,4.736699104309082,0.19214028120040894,40,36,4.7464071049104435,293.6783676147461,266.3348303152361,-27.34353729950999,6670.417152351167,561.8122881165655,True,False,"[40, 44]","[40.0, 0.0]",38.897117614746094,-6.1194891929626465,0.1840420961380005,41,44,6.218078283399942,82.41724395751953,79.78356296119622,-2.6336809963233065,5157.16867657601,4568.798694713016,False,False,79.33994308238023
231,2,62,"[40, 36]","[-40.0, 0.0]",-39.63573455810547,4.639143943786621,0.1917067915201187,40,36,4.6534230243263615,292.75787353515625,265.5103488180448,-27.247524717111446,6618.043249903727,530.8878024524465,True,False,"[40, 44]","[40.0, 0.0]",38.89825439453125,-5.972772121429443,0.1837436854839325,41,44,6.073536876787238,81.8117904663086,79.5486258205668,-2.2631646457417958,5038.894271569192,4533.298436907746,False,False,79.24771405780773
232,2,63,"[40, 36]","[-40.0, 0.0]",-39.57701110839844,4.5420708656311035,0.19133272767066956,40,36,4.561724164264341,291.8183059692383,264.6795680544727,-27.138737914765557,6565.178506326072,502.32626378553823,True,False,"[40, 44]","[40.0, 0.0]",38.901329040527344,-5.825972080230713,0.18343192338943481,41,44,5.928661615981835,81.22148132324219,79.32049171683623,-1.9009896064059717,4921.108024061151,4496.422869783067,False,False,79.16025636048516
233,2,64,"[40, 36]","[-40.0, 0.0]",-39.52040100097656,4.445499420166016,0.19099998474121094,40,36,4.471295147332667,290.85888671875,263.84250789777536,-27.016378820974637,6511.7337548693595,476.2167962508497,True,False,"[40, 44]","[40.0, 0.0]",38.906307220458984,-5.679119110107422,0.18310630321502686,41,44,5.783472811625162,80.64594268798828,79.09935001438889,-1.5465926735993776,4803.782836149953,4458.270716578355,False,False,79.0775345014862
234,2,65,"[40, 36]","[-40.0, 0.0]",-39.46590042114258,4.3494391441345215,0.19069316983222961,40,36,4.382109449644693,289.8789978027344,262.999278408775,-26.879719393959363,6457.618521857396,452.63157226679505,True,False,"[40, 44]","[40.0, 0.0]",38.913143157958984,-5.532241344451904,0.18264856934547424,41,44,5.637991848908118,80.08480834960938,78.88529836758093,-1.1995099820284452,4686.900869779383,4418.9277677386235,False,False,78.99950684436715
235,2,66,"[40, 36]","[-40.0, 0.0]",-39.41348648071289,4.2538886070251465,0.19045820832252502,40,36,4.2941316222590205,288.8781280517578,262.14972328368697,-26.728404768070845,6402.766976271738,431.5840385618153,True,False,"[40, 44]","[40.0, 0.0]",38.92180252075195,-5.3853654861450195,0.18206974864006042,41,44,5.492237360458743,79.5377197265625,78.6785656002373,-0.8591541263251941,4570.427247812001,4378.490373745187,False,False,78.92612192687359
236,2,67,"[40, 36]","[-40.0, 0.0]",-39.36314392089844,4.158838272094727,0.19033735990524292,40,36,4.20731760613915,287.85587310791016,261.29374856326694,-26.56212454464321,6347.111999611153,413.07642036221114,True,False,"[40, 44]","[40.0, 0.0]",38.93223571777344,-5.238515853881836,0.18137963116168976,41,44,5.346229410881106,79.00432586669922,78.47924629605386,-0.5250795706453459,4454.341621380525,4337.0377193937165,False,False,78.85731885711537
237,2,68,"[40, 36]","[-40.0, 0.0]",-39.314849853515625,4.064270496368408,0.19031073153018951,40,36,4.121616841832616,286.8119659423828,260.4311106341787,-26.380855308204104,6290.606350196138,397.0667070552081,True,False,"[40, 44]","[40.0, 0.0]",38.94440460205078,-5.091716766357422,0.18070444464683533,41,44,5.19998666084605,78.48426818847656,78.28757537066033,-0.19669281781622772,4338.604803904646,4294.663206644888,False,False,78.79303910052136
238,2,69,"[40, 36]","[-40.0, 0.0]",-39.268592834472656,3.9701597690582275,0.19042016565799713,40,36,4.0369697835917995,285.7462615966797,259.56166002652265,-26.184601570157042,6233.200620852651,383.50448360954715,True,False,"[40, 44]","[40.0, 0.0]",38.958274841308594,-4.9449896812438965,0.1801575869321823,40,44,5.053524933534933,77.97724151611328,78.10385644815469,0.12661493204140584,4223.17263567914,4251.458682991925,False,False,78.73323768323904
239,2,70,"[40, 36]","[-40.0, 0.0]",-39.22434997558594,3.8764736652374268,0.19058658182621002,40,36,3.953312666315785,284.6587219238281,258.6850182459872,-25.973703677840945,6174.871417327118,372.29032144635084,True,False,"[40, 44]","[40.0, 0.0]",38.97379684448242,-4.798354625701904,0.17978212237358093,40,44,4.906862544476776,77.48290252685547,77.9282570344222,0.44535450756671935,4108.011697377043,4207.504849321199,True,False,78.67784193767804
240,3,1,"[40, 35]","[-50.0, 0.0]",-39.182106018066406,3.783174753189087,0.19079849123954773,40,36,11.46033339033042,283.5493927001953,199.27547388039042,-84.27391881980489,8000.0,-8000.0,False,False,"[40, 45]","[50.0, 0.0]",38.99094009399414,-4.651829719543457,0.17955785989761353,40,44,11.951523741918997,77.00093841552734,22.90627425708221,-54.09466415844514,8000.0,-1366.2485792099487,False,False,78.6268048371124
241,3,2,"[40, 35]","[-50.0, 0.0]",-39.14397430419922,3.699270009994507,0.19036243855953217,40,36,11.468997014330922,282.3375015258789,198.81691821905608,-83.52058330682283,8000.0,-8000.0,False,False,"[40, 45]","[50.0, 0.0]",39.006385803222656,-4.519349575042725,0.17847831547260284,40,44,11.886297728436016,76.40650939941406,22.347005494132443,-54.059503905281616,8000.0,-1379.095808588988,False,False,78.58132407132928
242,3,3,"[40, 35]","[-50.0, 0.0]",-39.10954666137695,3.6238112449645996,0.18934328854084015,40,36,11.477542500895293,281.0256118774414,198.40492436280533,-82.62068751463607,8000.0,-8000.0,False,False,"[40, 45]","[50.0, 0.0]",39.020294189453125,-4.39955997467041,0.17674268782138824,40,44,11.828358620572795,75.70187377929688,21.83593956093786,-53.865934218359016,8000.0,-1354.2930515187609,False,False,78.54073157988856
243,3,4,"[40, 35]","[-50.0, 0.0]",-39.07843780517578,3.55594539642334,0.18791691958904266,40,36,11.485872558833218,279.6162338256836,198.0347026816049,-81.5815311440787,8000.0,-7982.300088651022,False,False,"[40, 45]","[50.0, 0.0]",39.03285217285156,-4.291060447692871,0.17454224824905396,40,44,11.776736866733536,74.89085388183594,21.368664211271106,-53.52218967056483,8000.0,-1294.2913527341434,False,False,78.5044528848464
244,3,5,"[40, 35]","[-50.0, 0.0]",-39.05031204223633,3.494905710220337,0.18641795217990875,40,36,11.493912836615975,278.11180114746094,197.70196855296476,-80.40983259449618,8000.0,-7694.738241615327,False,False,"[40, 45]","[50.0, 0.0]",39.044281005859375,-4.19242525100708,0.17223678529262543,40,44,11.730482009016315,73.97872924804688,20.940350364174254,-53.038378883872625,8000.0,-1201.9845333079775,False,False,78.47203655223383
245,3,6,"[40, 35]","[-50.0, 0.0]",-39.02486038208008,3.4400012493133545,0.18502984941005707,40,36,11.501621547769378,276.5146942138672,197.4028567921111,-79.11183742175609,8000.0,-7376.729034556314,False,False,"[40, 45]","[50.0, 0.0]",39.054840087890625,-4.102219104766846,0.1699250489473343,40,44,11.688658053222373,72.97203826904297,20.545875024081933,-52.42616324496103,8000.0,-1080.628160998751,False,False,78.44313044078395
246,3,7,"[40, 35]","[-50.0, 0.0]",-39.00181579589844,3.3906099796295166,0.18374128639698029,40,36,11.508965714664042,274.8272399902344,197.13391097076962,-77.69332901946476,8000.0,-7029.966425500069,False,False,"[40, 45]","[50.0, 0.0]",39.0648193359375,-4.019019603729248,0.1681167334318161,40,44,11.650351699877836,71.87841033935547,20.179952823389765,-51.698457515965686,8000.0,-933.7575665752856,False,False,78.41748613268464
247,3,8,"[40, 35]","[-50.0, 0.0]",-38.980926513671875,3.3461718559265137,0.182542085647583,40,36,11.515938806128407,273.0516815185547,196.89200886024338,-76.15967265831131,8000.0,-6656.104311545853,False,False,"[40, 45]","[50.0, 0.0]",39.07454299926758,-3.941433906555176,0.1669844388961792,40,44,11.614667964027033,70.7063980102539,19.837258284076523,-50.869139726177366,8000.0,-765.1106433446666,False,False,78.39493299081757
248,3,9,"[40, 35]","[-50.0, 0.0]",-38.96197509765625,3.306183099746704,0.18148185312747955,40,36,11.522536197982259,271.1902389526367,196.67436165895805,-74.51587729367867,8000.0,-6256.778507222394,False,False,"[40, 45]","[50.0, 0.0]",39.084373474121094,-3.8681180477142334,0.16651391983032227,40,44,11.580727079226234,69.46530151367188,19.512554592569696,-49.952746921102175,8000.0,-578.5465294526321,False,False,78.37539870611077
249,3,10,"[40, 35]","[-50.0, 0.0]",-38.944759368896484,3.270189046859741,0.1806052178144455,40,36,11.528767575669287,269.2450485229492,196.47844999196803,-72.76659853098118,8000.0,-5833.609797265051,False,False,"[40, 45]","[50.0, 0.0]",39.094703674316406,-3.797794818878174,0.16675671935081482,40,44,11.547672208599705,68.1649398803711,19.200791146984887,-48.964148733386196,8000.0,-377.9560709475745,False,False,78.35888072196616
250,3,11,"[40, 35]","[-50.0, 0.0]",-38.92910385131836,3.237781286239624,0.17995238304138184,40,36,11.534642135429149,267.2182083129883,196.30202479153877,-70.91618352144951,8000.0,-5388.22004828551,False,False,"[40, 45]","[50.0, 0.0]",39.10595703125,-3.7292685508728027,0.1677047610282898,40,44,11.514669605746414,66.81552124023438,18.89719410779801,-47.91832713243636,8000.0,-167.19875759773822,False,False,78.34545622037669
251,3,12,"[40, 35]","[-50.0, 0.0]",-38.91484832763672,3.2085912227630615,0.17961828410625458,40,36,11.540175268776927,265.1117630004883,196.14305841043438,-68.9687045900539,8000.0,-4922.241965652524,False,False,"[40, 45]","[50.0, 0.0]",39.11857986450195,-3.661439895629883,0.16923627257347107,40,44,11.480916612994474,65.42742156982422,18.5973391410487,-46.83008242877551,8000.0,49.97720678300357,False,False,78.33526181091979
252,3,13,"[40, 35]","[-50.0, 0.0]",-38.901851654052734,3.1822867393493652,0.17962954938411713,40,36,11.545382003211968,262.9276885986328,195.99973243080012,-66.92795616783269,8000.0,-4437.321386650543,False,False,"[40, 45]","[50.0, 0.0]",39.13304138183594,-3.593316078186035,0.17124351859092712,40,44,11.445641530584489,64.01104736328125,18.297210752679142,-45.7138366106021,8000.0,269.9883796608883,False,False,78.32849624921687
253,3,14,"[40, 35]","[-50.0, 0.0]",-38.88998031616211,3.1585686206817627,0.18001015484333038,40,36,11.550285412353276,260.66793060302734,195.87040341357405,-64.79752718945329,8000.0,-3935.1339098844373,False,False,"[40, 45]","[50.0, 0.0]",39.149810791015625,-3.524019241333008,0.1734539121389389,40,44,11.408125064358572,62.57665252685547,17.993212800978633,-44.58343972587684,8000.0,489.473829194003,False,False,78.32538526292407
254,3,15,"[40, 35]","[-50.0, 0.0]",-38.87912368774414,3.137166976928711,0.1807228922843933,40,36,11.554899679080972,258.3343734741211,195.75360545305602,-62.58076802106507,8000.0,-3417.380941432154,False,False,"[40, 45]","[50.0, 0.0]",39.16937255859375,-3.452793836593628,0.17568056285381317,40,44,11.367685606690618,61.13422775268555,17.68223256530712,-43.45199518737843,8000.0,705.3315407657337,False,False,78.32621112908743
255,3,16,"[40, 35]","[-50.0, 0.0]",-38.86918258666992,3.1178390979766846,0.18179304897785187,40,36,11.559239461563385,255.92886352539062,195.6480230075704,-60.280840517820224,8000.0,-2885.7994185295033,False,False,"[40, 45]","[50.0, 0.0]",39.19218826293945,-3.379006862640381,0.17769519984722137,40,44,11.323713256768494,59.69335174560547,17.36158613187535,-42.33176561373011,8000.0,914.7528181028474,False,False,78.33126212666454
256,3,17,"[40, 35]","[-50.0, 0.0]",-38.86005783081055,3.10036563873291,0.18300820887088776,40,36,11.563329046028274,253.45318603515625,195.5524565872359,-57.900729447920355,8000.0,-2342.1604082112344,False,False,"[40, 45]","[50.0, 0.0]",39.21870803833008,-3.302150249481201,0.1793489009141922,40,44,11.275657525524498,58.26308059692383,17.029051604638813,-41.234028992285005,8000.0,1115.2452213208926,False,False,78.3408315589445
257,3,18,"[40, 35]","[-50.0, 0.0]",-38.8516731262207,3.0845489501953125,0.1841772198677063,40,36,11.567179185556896,250.90909576416016,195.46584463945743,-55.443251124702726,8000.0,-1788.2750343256557,False,False,"[40, 45]","[50.0, 0.0]",39.249351501464844,-3.221836805343628,0.18050463497638702,40,44,11.223042169542223,56.85186004638672,16.682825245276337,-40.1690348011104,8000.0,1304.6417886126164,False,False,78.35522030593755
258,3,19,"[40, 35]","[-50.0, 0.0]",-38.843955993652344,3.0702109336853027,0.18518684804439545,40,36,11.570804338890458,248.29827880859375,195.38722704071958,-52.91105176787417,8000.0,-1225.9867808977533,False,False,"[40, 45]","[50.0, 0.0]",39.28449630737305,-3.1377968788146973,0.1812116950750351,40,44,11.1654730593648,55.467445373535156,16.321495365934922,-39.14595000760022,8000.0,1481.1066443484488,False,False,78.37470523041002
259,3,20,"[40, 35]","[-50.0, 0.0]",-38.83735275268555,3.0559239387512207,0.18613871932029724,40,36,11.573390371339322,245.63430786132812,195.31035839157363,-50.323949469754496,8000.0,-661.2021450489983,False,False,"[40, 45]","[50.0, 0.0]",39.3244743347168,-3.0498690605163574,0.18139253556728363,40,44,11.102637052359016,54.11682891845703,15.944000936553936,-38.17282798190308,8000.0,1643.1296000891452,False,False,78.3999484807923
260,3,21,"[40, 35]","[-50.0, 0.0]",-38.832984924316406,3.0391342639923096,0.18710041046142578,40,36,11.573182914614145,242.94300842285156,195.22447734869118,-47.71853107416038,8000.0,-103.56518683204922,False,False,"[40, 45]","[50.0, 0.0]",39.36914825439453,-2.9585702419281006,0.18104523420333862,40,44,11.034860520797956,52.79998779296875,15.551906050844163,-37.24808174212458,8000.0,1791.3798598577387,False,False,78.43179261652242
261,3,22,"[40, 35]","[-50.0, 0.0]",-38.83209228515625,3.0176968574523926,0.18825167417526245,40,36,11.568433647246483,240.24927520751953,195.12086805846457,-45.128407149054965,8000.0,438.34483346040633,False,False,"[40, 45]","[50.0, 0.0]",39.41832733154297,-2.864445209503174,0.18039727210998535,40,44,10.962519911982655,51.51607894897461,15.146881918261805,-36.3691970307128,8000.0,1926.7193027015187,False,False,78.47119067202533
262,3,23,"[40, 35]","[-50.0, 0.0]",-38.835968017578125,2.989884853363037,0.18975307047367096,40,36,11.557466051903775,237.5766830444336,194.99277647345485,-42.58390657097874,8000.0,957.1370576462868,False,False,"[40, 45]","[50.0, 0.0]",39.47182083129883,-2.767984390258789,0.1794767826795578,40,44,10.885967765568187,50.264278411865234,14.730384511775279,-35.533893900089964,8000.0,2049.943087082827,False,False,78.51918779907841
263,3,24,"[40, 35]","[-50.0, 0.0]",-38.845924377441406,2.9543867111206055,0.19156906008720398,40,36,11.538708932658015,234.94720458984375,194.8352992926426,-40.11190529720116,8000.0,1446.6631256911078,False,False,"[40, 45]","[50.0, 0.0]",39.52945327758789,-2.6696298122406006,0.17836780846118927,40,44,10.805520440988428,49.04378890991211,14.303704199160165,-34.740084710751944,8000.0,2161.7824184521987,False,False,78.57690108691934
264,3,25,"[40, 35]","[-50.0, 0.0]",-38.86323928833008,2.910289764404297,0.1937793344259262,40,36,11.510743923039517,232.38105010986328,194.64518642115306,-37.735863688710225,8000.0,1902.0047611672971,False,False,"[40, 45]","[50.0, 0.0]",39.59105682373047,-2.569779634475708,0.17726340889930725,40,44,10.721467502938866,47.85382080078125,13.8679754093642,-33.98584539141706,8000.0,2262.9141376288508,False,False,78.64545593392805
265,3,26,"[40, 35]","[-50.0, 0.0]",-38.88786697387695,2.858635902404785,0.19607841968536377,40,36,11.47394002131666,229.87892150878906,194.42672297631344,-35.45219853247562,8000.0,2324.6296061475978,False,False,"[40, 45]","[50.0, 0.0]",39.65645980834961,-2.4687914848327637,0.1762196272611618,40,44,10.63408459115639,46.693607330322266,13.424175947653943,-33.26943138266833,8000.0,2353.9639830220844,False,False,78.7247912175033
266,3,27,"[40, 35]","[-50.0, 0.0]",-38.91959762573242,2.800593137741089,0.19829131662845612,40,36,11.428851153936561,227.43923950195312,194.184546398473,-33.25469310348012,8000.0,2716.6351958732926,False,False,"[40, 45]","[50.0, 0.0]",39.72551345825195,-2.3669867515563965,0.17528674006462097,40,44,10.543609437882516,45.56241989135742,12.973179397015542,-32.58924049434188,8000.0,2435.503203644711,False,False,78.81470281187713
267,3,28,"[40, 35]","[-50.0, 0.0]",-38.958194732666016,2.7372241020202637,0.20002524554729462,40,36,11.37602124410838,225.06045532226562,193.9227514836814,-31.13770383858423,8000.0,3080.0075543729213,False,False,"[40, 45]","[50.0, 0.0]",39.79806137084961,-2.2646541595458984,0.1746862828731537,40,44,10.45027321438533,44.45952224731445,12.515730735460536,-31.94379151185393,8000.0,2508.0670562763253,False,False,78.91493307090916
268,3,29,"[40, 35]","[-50.0, 0.0]",-39.00342559814453,2.6694934368133545,0.2012794315814972,40,36,11.315955274952818,222.7410125732422,193.64499109149364,-29.09602148174855,8000.0,3416.624846841787,False,False,"[40, 45]","[50.0, 0.0]",39.87395477294922,-2.1620516777038574,0.17449983954429626,40,44,10.35428700574501,43.38421630859375,12.05247159684221,-31.331744711751526,8000.0,2572.145689063276,False,False,79.0252172562646
269,3,30,"[40, 35]","[-50.0, 0.0]",-39.055049896240234,2.598276376724243,0.20211173593997955,40,36,11.24913209557227,220.47946166992188,193.35452321422554,-27.124938455696338,8000.0,3728.2440427627917,False,False,"[40, 45]","[50.0, 0.0]",39.95305633544922,-2.059410333633423,0.1747419238090515,40,44,10.255839698480724,42.3358039855957,11.583959867439813,-30.7518441181559,8000.0,2628.194014377885,False,False,79.14527715416612
270,3,31,"[40, 35]","[-50.0, 0.0]",-39.11281967163086,2.5243656635284424,0.20257402956485748,40,36,11.176006330779765,218.27435302734375,193.05425892377576,-25.220094103567988,8000.0,4016.5251306550176,False,False,"[40, 45]","[50.0, 0.0]",40.03523254394531,-1.9569350481033325,0.1751902550458908,40,44,10.155106362601122,41.31361389160156,11.110660006568255,-30.20295388503331,8000.0,2676.6296904114074,False,False,79.27481457302592
271,3,32,"[40, 35]","[-50.0, 0.0]",-39.176490783691406,2.4484784603118896,0.20277152955532074,40,36,11.096999528076422,216.12425231933594,192.7468191791233,-23.377433140212645,8000.0,4283.030033489911,False,False,"[40, 45]","[50.0, 0.0]",40.12035369873047,-1.854809045791626,0.1758211851119995,40,44,10.052249879232967,40.31699752807617,10.632962474555917,-29.68403505352026,8000.0,2717.838679391569,False,False,79.41352421489421
272,3,33,"[40, 35]","[-50.0, 0.0]",-39.24580764770508,2.371262311935425,0.20285740494728088,40,36,11.012517337201515,214.02783203125,192.43455249745958,-21.593279533790422,8000.0,4529.216863342841,False,False,"[40, 45]","[50.0, 0.0]",40.20829772949219,-1.7531942129135132,0.17631934583187103,40,44,9.947417921373429,39.345306396484375,10.151185087065432,-29.194121309418932,8000.0,2752.1786140567447,False,False,79.5610834699738
273,3,34,"[40, 35]","[-50.0, 0.0]",-39.32052230834961,2.293299913406372,0.20291034877300262,40,36,10.92293313443271,211.98373413085938,192.1195836314963,-19.864150499363063,8000.0,4756.46163191743,False,False,"[40, 45]","[50.0, 0.0]",40.29894256591797,-1.6522349119186401,0.17669494450092316,40,44,9.840751777355276,38.39792251586914,9.665581700208126,-28.73234081566102,8000.0,2779.9797779414966,False,False,79.7171652275881
274,3,35,"[40, 35]","[-50.0, 0.0]",-39.400390625,2.215115785598755,0.2030596137046814,40,36,10.8285944076873,209.99063110351562,191.80384316008283,-18.18678794343279,8000.0,4966.054934649372,False,False,"[40, 45]","[50.0, 0.0]",40.39217758178711,-1.5520589351654053,0.17689825594425201,40,44,9.732375792073636,37.47423553466797,9.176354929297664,-28.297880605370295,8000.0,2801.5467708353967,False,False,79.88144682222236
275,3,36,"[40, 35]","[-50.0, 0.0]",-39.48516082763672,2.1371805667877197,0.2033623307943344,40,36,10.729836140208311,208.0472869873047,191.48907609162669,-16.558210895678002,8000.0,5159.201285579409,False,False,"[40, 45]","[50.0, 0.0]",40.48788833618164,-1.452778697013855,0.17694328725337982,40,44,9.622413119766088,36.57365798950195,8.683643527117933,-27.890014462384016,8000.0,2817.1617999693867,False,False,80.05358455481093
276,3,37,"[40, 35]","[-50.0, 0.0]",-39.574588775634766,2.0599141120910645,0.2038695216178894,40,36,10.626967834067843,206.15243530273438,191.17687233170184,-14.97556297103253,8000.0,5337.036623139667,False,False,"[40, 45]","[50.0, 0.0]",40.585975646972656,-1.3544929027557373,0.1767837554216385,40,44,9.510967644935375,35.695613861083984,8.187545759491238,-27.508068101592755,8000.0,2827.0824596394223,False,False,80.23324911664758
277,3,38,"[40, 35]","[-50.0, 0.0]",-39.668434143066406,1.9836918115615845,0.20450910925865173,40,36,10.52027976146131,204.30490112304688,190.86869203796903,-13.436209085077849,8000.0,5500.6178136013095,False,False,"[40, 45]","[50.0, 0.0]",40.68632888793945,-1.257287621498108,0.17643678188323975,40,44,9.39815097488881,34.839534759521484,7.688097481074613,-27.151437278446878,8000.0,2831.5521014558253,False,False,80.42009630344037
278,3,39,"[40, 35]","[-50.0, 0.0]",-39.76646423339844,1.9088468551635742,0.20527461171150208,40,36,10.410040855000585,202.50347900390625,190.5658776289974,-11.937601374908837,8000.0,5650.942239678941,False,False,"[40, 45]","[50.0, 0.0]",40.788856506347656,-1.161238193511963,0.1759764850139618,40,44,9.28405291899636,34.00486755371094,7.185306373741539,-26.819561179969412,8000.0,2830.790546794737,False,False,80.61380230264211
279,3,40,"[40, 35]","[-50.0, 0.0]",-39.86845016479492,1.8356739282608032,0.20610104501247406,40,36,10.296504301661825,200.7470245361328,190.2696649909951,-10.477359545137716,8000.0,5788.940370192966,False,False,"[40, 45]","[50.0, 0.0]",40.89345932006836,-1.0664094686508179,0.17546947300434113,40,44,9.168768309324756,33.19108200073242,6.679126855834564,-26.511955144897854,8000.0,2825.002047739845,False,False,80.81403412578707
280,3,41,"[40, 35]","[-50.0, 0.0]",-39.974159240722656,1.7644333839416504,0.20692947506904602,40,36,10.179916900287285,199.034423828125,189.98119410355633,-9.053229724568666,7937.999271549111,5915.488338644885,False,False,"[40, 45]","[50.0, 0.0]",41.00005340576172,-0.9728570580482483,0.17497561872005463,40,44,9.052374801925488,32.39765930175781,6.169482008824855,-26.22817729293297,8000.0,2814.3704830183447,False,False,81.02046576440966
281,3,42,"[40, 35]","[-50.0, 0.0]",-40.0833740234375,1.6953530311584473,0.2077065110206604,40,36,10.06050161071963,197.36459350585938,189.70153316074362,-7.663060345115753,7743.347615593933,6031.403502937512,False,False,"[40, 45]","[50.0, 0.0]",41.108551025390625,-0.8806284666061401,0.17466631531715393,40,44,8.934952230665768,31.624080657958984,5.65625216575206,-25.967828492206934,8000.0,2799.069067352781,False,False,81.23277893690053
282,3,43,"[40, 35]","[-50.0, 0.0]",-40.195884704589844,1.628631830215454,0.20844249427318573,40,36,9.938466600240014,195.73646545410156,189.43168623157783,-6.3047792225237345,7545.954871689777,6137.453674321874,False,False,"[40, 45]","[50.0, 0.0]",41.2188606262207,-0.7897632122039795,0.17457813024520874,40,44,8.816582934056019,30.869861602783203,5.139273747468953,-25.73058785531424,8000.0,2779.2552400137074,False,False,81.45065617821588
283,3,44,"[40, 35]","[-50.0, 0.0]",-40.31147766113281,1.5644421577453613,0.20914630591869354,40,36,9.814017748896703,194.1489715576172,189.17259060933446,-4.976380948282724,7346.101017850828,6234.366843373373,False,False,"[40, 45]","[50.0, 0.0]",41.33091354370117,-0.7002936005592346,0.1746850311756134,40,44,8.697325514994134,30.134506225585938,4.6183565005353255,-25.51614972505061,8000.0,2755.0683301552554,False,False,81.67379671411203
284,3,45,"[40, 35]","[-50.0, 0.0]",-40.429954528808594,1.5029315948486328,0.20976674556732178,40,36,9.68734089931109,192.6011505126953,188.92514055946145,-3.6760099532338586,7144.041659985372,6322.813154129198,False,False,"[40, 45]","[50.0, 0.0]",41.44462585449219,-0.6122457981109619,0.17496362328529358,40,44,8.577253155114873,29.41755485534668,4.093263529134687,-25.324291326212006,8000.0,2726.6377612685624,False,False,81.90189795325422
285,3,46,"[40, 35]","[-50.0, 0.0]",-40.55112075805664,1.4442259073257446,0.2101985514163971,40,36,9.558614303350616,191.0919647216797,188.69018910897407,-2.4017756127056202,6939.997615038437,6403.435793139977,False,False,"[40, 45]","[50.0, 0.0]",41.559932708740234,-0.5256399512290955,0.17527513206005096,40,44,8.456419646595188,28.718536376953125,3.56372786929666,-25.15480850765647,8000.0,2694.077002321998,False,False,82.13467886908596
286,3,47,"[40, 35]","[-50.0, 0.0]",-40.67478942871094,1.3884307146072388,0.210464209318161,40,36,9.428005730171469,189.6204833984375,188.46855734031126,-1.1519260581262358,6734.172592749972,6476.829841341045,False,False,"[40, 45]","[50.0, 0.0]",41.6767578125,-0.44049087166786194,0.17543593049049377,40,44,8.334890084446377,28.037012100219727,3.029437808310969,-25.007574291908753,8000.0,2657.489623603105,False,False,82.37185373166092
287,3,48,"[40, 35]","[-50.0, 0.0]",-40.80078125,1.335633397102356,0.21064236760139465,40,36,9.295673304382353,188.18576049804688,188.26104181376303,0.07528131571615404,6526.741728543907,6543.5597358972545,False,False,"[40, 45]","[50.0, 0.0]",41.79503631591797,-0.3568093180656433,0.17533954977989197,40,44,8.212718304347437,27.372533798217773,2.490053126828662,-24.882480671389118,8000.0,2616.967682342333,False,False,82.61315537931311
288,3,49,"[40, 35]","[-50.0, 0.0]",-40.92892074584961,1.2859044075012207,0.21074460446834564,40,36,9.161769969842545,186.78688049316406,188.06841550464316,1.281535011479093,6317.860062382632,6604.15773188527,False,False,"[40, 45]","[50.0, 0.0]",41.91470718383789,-0.27460241317749023,0.17500777542591095,40,44,8.089954660466615,26.72468376159668,1.9452002929658183,-24.779483468630872,8000.0,2572.5887427332796,False,False,82.85832408448702
289,3,50,"[40, 35]","[-50.0, 0.0]",-41.05903625488281,1.2392992973327637,0.21072213351726532,40,36,9.026444230142312,185.42295837402344,187.8914370238512,2.468478649827773,6107.663385927342,6659.126809347231,False,False,"[40, 45]","[50.0, 0.0]",42.03570556640625,-0.19387371838092804,0.17451898753643036,40,44,7.966653804681816,26.093042373657227,1.394467841177758,-24.698574532479483,8000.0,2524.4242857404447,False,False,83.10710019751414
290,3,51,"[40, 35]","[-50.0, 0.0]",-41.190975189208984,1.1958601474761963,0.21058952808380127,40,36,8.889825623118458,184.09312438964844,187.73086997275067,3.6377455831022303,5896.25768123819,6708.937844758382,False,False,"[40, 45]","[50.0, 0.0]",42.1579704284668,-0.1146235540509224,0.1739436239004135,40,44,7.842867228249149,25.477203369140625,0.8374079925845703,-24.639795376556066,7977.11726320032,2472.534142066503,False,False,83.35924725613975
291,3,52,"[40, 35]","[-50.0, 0.0]",-41.3245849609375,1.1556166410446167,0.21035951375961304,40,36,8.75204409958331,182.7965087890625,187.58747051387215,4.790961724809648,5683.730312244321,6754.041434611743,False,False,"[40, 45]","[50.0, 0.0]",42.28145217895508,-0.03684904798865318,0.17328625917434692,40,44,7.718635780893861,24.87677574157715,0.27353317461046994,-24.603242566966685,7913.379339626948,2416.9621945339545,False,False,83.61454072502353
292,3,53,"[40, 35]","[-50.0, 0.0]",-41.459712982177734,1.1185872554779053,0.21004319190979004,40,36,8.613230508636184,181.53228759765625,187.4619930281107,5.929705430454447,5470.156218822495,6794.865126788162,False,False,"[40, 45]","[50.0, 0.0]",42.40608596801758,0.039454713463783264,0.17272737622261047,40,44,7.594016526157553,24.29136848449707,359.7023184337558,-24.589050050741207,7850.999012375874,2357.7525058400297,False,False,83.87274146346842
293,3,54,"[40, 35]","[-50.0, 0.0]",-41.59622573852539,1.0847805738449097,0.20976781845092773,40,36,8.473498140155247,180.2996826171875,187.35521341668564,7.055530799498143,5255.586468422275,6831.807177889289,False,False,"[40, 45]","[50.0, 0.0]",42.531829833984375,0.11429525166749954,0.17237046360969543,40,44,7.469044720251687,23.720609664916992,359.12319561730556,-24.597414047611437,7790.042001427154,2294.9269600559555,False,False,84.13365305376827
294,3,55,"[40, 35]","[-50.0, 0.0]",-41.733985900878906,1.0541963577270508,0.20952992141246796,40,36,8.332965801412707,179.09786987304688,187.267915209436,8.170045336389137,5040.052021897642,6865.257668709777,False,False,"[40, 45]","[50.0, 0.0]",42.65862274169922,0.1876825988292694,0.1721910536289215,40,44,7.343775922956745,23.16412925720215,358.5355501247123,-24.628579132489904,7730.585689962482,2228.5083018035375,False,False,84.39705705528903
295,3,56,"[40, 35]","[-50.0, 0.0]",-41.87287139892578,1.0268263816833496,0.20932607352733612,40,36,8.191739236359975,177.92611694335938,187.20091095495633,9.274794011596953,4823.569046496034,6895.57791621277,False,False,"[40, 45]","[50.0, 0.0]",42.78642654418945,0.25962844491004944,0.17222586274147034,40,44,7.218244172358048,22.62157440185547,357.9387198414848,-24.682854560370743,7672.69984550882,2158.4972103809214,False,False,84.66277411528247
296,3,57,"[40, 35]","[-50.0, 0.0]",-42.01275634765625,1.002655029296875,0.20915286242961884,40,36,8.049930327007797,176.78366088867188,187.15502932817478,10.371368439502902,4606.136480837083,6923.122429083508,False,False,"[40, 45]","[50.0, 0.0]",42.91519546508789,0.330146461725235,0.17239028215408325,40,44,7.092492649562697,22.09259605407715,357.3319906515497,-24.760605402527517,7616.461236926564,2084.888896943191,False,False,84.93061442660854
297,3,58,"[40, 35]","[-50.0, 0.0]",-42.153533935546875,0.9816606044769287,0.2090068906545639,40,36,7.907634743903927,175.66976928710938,187.13114444380668,11.4613751566973,4387.7287491633515,6948.224535283657,False,False,"[40, 45]","[50.0, 0.0]",43.04487991333008,0.3992517590522766,0.17260819673538208,40,44,6.96656998723947,21.576852798461914,356.7145982387679,-24.862254559694065,7561.9520754381265,2007.6710957820046,False,False,85.20040447338108
298,3,59,"[40, 35]","[-50.0, 0.0]",-42.29509353637695,0.9638158082962036,0.20888486504554749,40,36,7.764954895265127,174.58372497558594,187.13015990576147,12.546434930175536,4168.308877561627,6971.209343722112,False,False,"[40, 45]","[50.0, 0.0]",43.17544174194336,0.466961145401001,0.17263473570346832,40,44,6.840515194700126,21.074012756347656,356.08571499297227,-24.988297763375385,7509.253803804779,1926.8145021774453,False,False,85.47197941617263
299,3,60,"[40, 35]","[-50.0, 0.0]",-42.43733215332031,0.9490883946418762,0.20878347754478455,40,36,7.621988831010359,173.52484130859375,187.15302470521047,13.62818339661672,3947.8232217684836,6992.388614876785,False,False,"[40, 45]","[50.0, 0.0]",43.306846618652344,0.533291757106781,0.17248474061489105,40,44,6.714365367214059,20.583755493164062,355.4444563623424,-25.139299130821655,7458.4506818831305,1842.277350982822,False,False,85.74518692103828
300,3,61,"[40, 35]","[-50.0, 0.0]",-42.58015823364258,0.9374416470527649,0.20869949460029602,40,36,7.478826691360819,172.492431640625,187.20074219291473,14.708310552289731,3726.1949718670453,7012.063087621047,False,False,"[40, 45]","[50.0, 0.0]",43.43905258178711,0.5982616543769836,0.17217159271240234,40,44,6.588167274109871,20.10576629638672,354.78987822147263,-25.315888074914028,7409.635324240005,1754.0116445776848,False,False,86.01987951849716
301,3,62,"[40, 35]","[-50.0, 0.0]",-42.723472595214844,0.928835391998291,0.20862977206707,40,36,7.335569934096329,171.48585510253906,187.2743618896188,15.78850678707974,3503.342112344688,7030.528383167251,False,False,"[40, 45]","[50.0, 0.0]",43.572025299072266,0.6618894338607788,0.17182490229606628,40,44,6.461962269962858,19.63973617553711,354.1209654965249,-25.518770679012277,7362.90219247947,1661.954104029507,False,False,86.29591077778527
302,3,63,"[40, 35]","[-50.0, 0.0]",-42.8671989440918,0.923225998878479,0.20851238071918488,40,36,7.192301241478304,170.50445556640625,187.37501167474005,16.8705561083338,3279.1494827418655,7048.067892122551,False,False,"[40, 45]","[50.0, 0.0]",43.705726623535156,0.7241948246955872,0.17138482630252838,40,44,6.33579793568182,19.185365676879883,353.43662878605926,-25.748736890820624,7318.353884425975,1566.0308511517655,False,False,86.57315435368041
303,3,64,"[40, 35]","[-50.0, 0.0]",-43.01124954223633,0.9205670356750488,0.20835018157958984,40,36,7.049118854726701,169.547607421875,187.5038727964835,17.956265374608506,3053.4968086339327,7064.964996138207,False,False,"[40, 45]","[50.0, 0.0]",43.84012222290039,0.7851978540420532,0.1709151566028595,40,44,6.209720597482456,18.74236488342285,352.7356991028864,-26.006665780536423,7276.0978934162795,1466.152993114179,False,False,86.8514772603283
304,3,65,"[40, 35]","[-50.0, 0.0]",-43.155555725097656,0.9208098649978638,0.20814551413059235,40,36,6.906106590527028,168.61468505859375,187.6622192708266,19.047534212232847,2826.2338225526746,7081.493808341187,False,False,"[40, 45]","[50.0, 0.0]",43.97502136230469,0.8448653817176819,0.17052322626113892,40,44,6.083926782753868,18.308979034423828,352.017627331739,-26.29135170268478,7236.1579562204915,1362.6136104711582,False,False,87.13061018464352
305,3,66,"[40, 35]","[-50.0, 0.0]",-43.30004119873047,0.9239035844802856,0.207900270819664,40,36,6.763360538380648,167.70510864257812,187.85139434419327,20.14628570161514,2597.204134879648,7097.927559399841,False,False,"[40, 45]","[50.0, 0.0]",44.109920501708984,0.903064489364624,0.17016999423503876,40,44,5.9589061049944005,17.88047218322754,351.2833131857453,-26.59715899748221,7198.365609128996,1256.5032579930107,False,False,87.40996418452633
306,3,67,"[40, 35]","[-50.0, 0.0]",-43.444644927978516,0.9297959208488464,0.207615926861763,40,36,6.620966740190209,166.81829833984375,188.07284778168034,21.254549441836588,2366.222382038113,7114.534302524147,False,False,"[40, 45]","[50.0, 0.0]",44.244346618652344,0.959680438041687,0.16981996595859528,40,44,5.835112028862737,17.45211410522461,350.5337563641158,-26.91835774110882,7162.521564254075,1148.902725059805,False,False,87.68899663897099
307,3,68,"[40, 35]","[-50.0, 0.0]",-43.589298248291016,0.9384331107139587,0.2072935849428177,40,36,6.479024128111341,165.95367431640625,188.3281146563463,22.374440339940037,2133.0890687820165,7131.5870172363275,False,False,"[40, 45]","[50.0, 0.0]",44.37786865234375,1.0146151781082153,0.1694999635219574,40,44,5.712950625547769,17.019227981567383,349.77005176508186,-27.249176216485466,7128.394966739914,1040.870570787241,False,False,87.96719988854666
308,3,69,"[40, 35]","[-50.0, 0.0]",-43.73394775390625,0.949760377407074,0.20693407952785492,40,36,6.337622229611745,165.1106719970703,188.6188528545305,23.50818085746019,1897.5762117431505,7149.354222840547,False,False,"[40, 45]","[50.0, 0.0]",44.51008605957031,1.067786693572998,0.16917550563812256,40,44,5.592792102009137,16.57724380493164,348.9934078119188,-27.583835993012826,7095.73214389203,933.4440362671548,False,False,88.24411274348732
309,3,70,"[40, 35]","[-50.0, 0.0]",-43.878536224365234,0.9637221097946167,0.20653794705867767,40,36,6.196860419705742,164.28878784179688,188.9468282781865,24.658040436389626,1659.446026765219,7168.105133387919,False,False,"[40, 45]","[50.0, 0.0]",44.640647888183594,1.1191283464431763,0.16881605982780457,40,44,5.474952357257879,16.121715545654297,348.20510805607046,-27.91660748958384,7064.252227933667,827.6222544277898,False,False,88.51932052975613
310,3,71,"[40, 35]","[-50.0, 0.0]",-44.02301788330078,0.9802622199058533,0.20610548555850983,40,36,6.056833268558498,163.48745727539062,189.31394572995572,25.826488454565094,1418.4213349373258,7188.11423427125,False,False,"[40, 45]","[50.0, 0.0]",44.76924133300781,1.1685872077941895,0.16845367848873138,40,44,5.359704496941423,15.648394584655762,347.40652958507616,-28.241864999579605,7033.657018795157,724.3638201210942,False,False,88.79245893113446
311,3,72,"[40, 35]","[-50.0, 0.0]",-44.16695022583008,0.9992104172706604,0.20560599863529205,40,36,5.918014120118841,162.70973205566406,189.72050790240007,27.01077584673601,1175.177788361054,7209.443030520448,False,False,"[40, 45]","[50.0, 0.0]",44.895591735839844,1.216124176979065,0.16805939376354218,40,44,5.247279460926348,15.153240203857422,346.599122641906,-28.554117561951443,7003.633606251829,624.5825155946955,False,False,89.06280611037005
312,3,73,"[40, 35]","[-50.0, 0.0]",-44.309173583984375,1.0201598405838013,0.2049509584903717,40,36,5.781542302669869,161.96559143066406,190.1631176658519,28.197526235187837,932.3062379852863,7231.6940616205975,False,False,"[40, 45]","[50.0, 0.0]",45.019474029541016,1.261712670326233,0.16766707599163055,40,45,5.1378553701790945,14.632465362548828,345.78436895181636,-28.848096410732467,6973.855798189143,529.1292023486294,False,False,89.3289742033958
313,3,74,"[40, 35]","[-50.0, 0.0]",-44.44865798950195,1.0427067279815674,0.20412015914916992,40,36,5.648418844074731,161.2647705078125,190.63790128384892,29.37313077603642,692.3908565014858,7254.411255358607,False,False,"[40, 45]","[50.0, 0.0]",45.14069747924805,1.3053382635116577,0.16724979877471924,40,45,5.031573210276674,14.08257007598877,344.96378965462543,-29.11878042136334,6943.993372890049,438.7953886589821,False,False,89.58974042059448
314,3,75,"[40, 35]","[-50.0, 0.0]",-44.58449172973633,1.0664544105529785,0.20303820073604584,40,36,5.519515815276022,160.61660766601562,191.14047998756914,30.52387232155351,457.98992652745756,7277.088454136727,False,False,"[40, 45]","[50.0, 0.0]",45.259117126464844,1.346997618675232,0.16678492724895477,40,45,4.92852645374819,13.500358581542969,344.1388904069839,-29.361468174559093,6913.712415906526,354.29746722703385,True,False,89.84404686342715
315,3,76,"[40, 35]","[-50.0, 0.0]",-44.71589660644531,1.0910186767578125,0.2016398012638092,40,36,5.395560251429924,160.02996826171875,191.6660332297152,31.636064967996447,231.60159641949122,7299.166346069061,False,False,"[40, 45]","[50.0, 0.0]",45.374629974365234,1.3866976499557495,0.1662537306547165,40,45,4.828765706309777,12.882973670959473,343.31113616777384,-29.571837503185634,6882.6819091342795,276.27000135407434,True,False,90.09101179175936
316,3,77,"[40, 35]","[-50.0, 0.0]",-44.842227935791016,1.1160335540771484,0.19992855191230774,40,36,5.277134029012403,159.51316833496094,192.20937862252651,32.69621028756558,15.634636304736432,7320.038123568242,False,False,"[40, 45]","[50.0, 0.0]",45.4871711730957,1.4244544506072998,0.16570007801055908,40,45,4.7323032978448625,12.227906227111816,342.481929077529,-29.745977149582814,6850.578214523361,205.26313633817153,True,False,90.32992564384165
317,3,78,"[40, 35]","[-50.0, 0.0]",-44.962947845458984,1.1411577463150024,0.197970911860466,40,36,5.164700902234419,159.07383728027344,192.76503148689787,33.69119420662443,-187.61470935088164,7339.070318929888,False,False,"[40, 45]","[50.0, 0.0]",45.596717834472656,1.4602928161621094,0.16510653495788574,40,45,4.6391107917558765,11.533018112182617,341.65255119371574,-29.88046691846688,6817.0900176718515,141.7296367375643,True,False,90.56022799912661
318,3,79,"[40, 35]","[-50.0, 0.0]",-45.07765579223633,1.1660799980163574,0.1957143247127533,40,35,5.058578363678712,158.71890258789062,193.32741486429518,34.608512276404554,-376.015377998865,7355.6004740348935,False,False,"[40, 45]","[50.0, 0.0]",45.70328140258789,1.49424409866333,0.16451823711395264,40,45,4.549126963686248,10.79654598236084,340.8241648064275,-29.97238117593332,6781.9224847102005,86.02826157027994,True,False,90.78153033325431
319,3,80,"[40, 35]","[-50.0, 0.0]",-45.18606185913086,1.1905248165130615,0.19335274398326874,40,35,4.95896660231223,158.4544219970703,193.89097778838968,35.436555791319364,-547.6370239824419,7368.965524819959,True,False,"[40, 45]","[50.0, 0.0]",45.80691146850586,1.5263457298278809,0.1639191061258316,40,45,4.462255340061962,10.017112731933594,339.99775197466386,-30.019360757269737,6744.801900651439,38.41233830474812,True,False,90.9935930200024
