run_kind,policy_step,planner_callback_called,planner_decision_source,planned_path_source,preset_trajectory_used,joint_assignment_score,assignment_order,same_viewpoint_selected,sv0_viewpoint_cell,sv1_viewpoint_cell,sv0_segment_path,sv1_segment_path,sv0_next_target_cell,sv1_next_target_cell,sv0_standoff_anchor_cell,sv1_standoff_anchor_cell,standoff_anchor_source,standoff_viewpoint_hold_enabled,local_before,local_after,expected_execute_next_step,physical_result,candidate_fusion_called,adapter_observe_step_called,update_found_mask_original_called,new_found_indices,found_mask_after,find_times_after,all_found_after_update,terminated_reason_after_step,step_wall_time_s,truth_used_for_detection,actor_truth_used_for_detection,target_truth_used_for_detection,teammate_truth_used_for_detection
calibration,1,True,baseline_GP.marine_knownmap_runtime_2usv._joint_assign_two_usv_segments,baseline_GP_mainline_planner,False,6.486486486486487,"[0, 1]",False,"[16, 39]","[53, 39]","[[25, 2], [24, 2], [23, 2], [22, 2], [21, 2], [20, 2], [19, 2], [18, 2], [17, 2]]","[[35, 2], [36, 2], [37, 2], [38, 2], [39, 2], [40, 2], [41, 2], [42, 2], [43, 2]]","[24, 2]","[36, 2]","[21, 2]","[39, 2]",baseline_GP_planner_committed_segment_lookahead,True,"{""0"": {""commit_remaining"": 4, ""committed_segment"": [[25, 2], [24, 2], [23, 2], [22, 2], [21, 2], [20, 2], [19, 2], [18, 2], [17, 2]], ""robot_pos"": [25, 2]}, ""1"": {""commit_remaining"": 4, ""committed_segment"": [[35, 2], [36, 2], [37, 2], [38, 2], [39, 2], [40, 2], [41, 2], [42, 2], [43, 2]], ""robot_pos"": [35, 2]}}","{""0"": {""commit_remaining"": 3, ""committed_segment"": [[24, 2], [23, 2], [22, 2], [21, 2], [20, 2], [19, 2], [18, 2], [17, 2]], ""robot_pos"": [24, 2]}, ""1"": {""commit_remaining"": 3, ""committed_segment"": [[36, 2], [37, 2], [38, 2], [39, 2], [40, 2], [41, 2], [42, 2], [43, 2]], ""robot_pos"": [36, 2]}}","{""0"": {""collision"": false, ""collision_cell"": null, ""move_success"": true, ""new_robot_pos"": [24, 2]}, ""1"": {""collision"": false, ""collision_cell"": null, ""move_success"": true, ""new_robot_pos"": [36, 2]}}","{""arrived"": {""0"": true, ""1"": true}, ""final_by_usv"": {""0"": {""arrived"": true, ""final_distance_to_target_m"": 4.98869137928183, ""final_projected_cell"": [24, 2], ""last_known_world"": [-379.4670715332031, 155.03985595703125, 0.2084793597459793], ""observer_pose_source"": ""live_location_sensor"", ""orientation_source"": ""live_orientation_sensor"", ""projection_matches_target"": true, ""standoff_anchor_cell"": [21, 2], ""standoff_anchor_world"": [-380.0, 190.0, 0.0], ""target_cell"": [24, 2], ""target_world"": [-380.0, 160.0, 0.0]}, ""1"": {""arrived"": true, ""final_distance_to_target_m"": 4.9887299075340685, ""final_projected_cell"": [36, 2], ""last_known_world"": [-379.4668884277344, 44.96016311645508, 0.2343483716249466], ""observer_pose_source"": ""live_location_sensor"", ""orientation_source"": ""live_orientation_sensor"", ""projection_matches_target"": true, ""standoff_anchor_cell"": [39, 2], ""standoff_anchor_world"": [-380.0, 10.0, 0.0], ""target_cell"": [36, 2], ""target_world"": [-380.0, 40.0, 0.0]}}, ""per_step_fallback_counts"": {""0"": 0, ""1"": 0}, ""policy_step"": 1, ""run_kind"": ""calibration"", ""standoff_anchor_cells"": {""0"": [21, 2], ""1"": [39, 2]}, ""standoff_anchor_world"": {""0"": [-380.0, 190.0, 0.0], ""1"": [-380.0, 10.0, 0.0]}, ""step_min_inter_vessel_distance_m"": 99.95896530151367, ""step_ticks"": 75, ""target_cells"": {""0"": [24, 2], ""1"": [36, 2]}, ""target_world"": {""0"": [-380.0, 160.0, 0.0], ""1"": [-380.0, 40.0, 0.0]}, ""timeout"": false}",True,False,True,[],[false],[null],False,running,2.736802,False,False,False,False
calibration,2,True,baseline_GP.marine_knownmap_runtime_2usv._joint_assign_two_usv_segments,baseline_GP_mainline_planner,False,6.15,"[0, 1]",False,"[18, 41]","[54, 39]","[[24, 2], [23, 2], [22, 2], [21, 2], [20, 2], [19, 2], [18, 2], [18, 3], [18, 4]]","[[36, 2], [37, 2], [38, 2], [39, 2], [40, 2], [41, 2], [42, 2], [43, 2], [44, 2]]","[23, 2]","[37, 2]","[20, 2]","[40, 2]",baseline_GP_planner_committed_segment_lookahead,True,"{""0"": {""commit_remaining"": 4, ""committed_segment"": [[24, 2], [23, 2], [22, 2], [21, 2], [20, 2], [19, 2], [18, 2], [18, 3], [18, 4]], ""robot_pos"": [24, 2]}, ""1"": {""commit_remaining"": 4, ""committed_segment"": [[36, 2], [37, 2], [38, 2], [39, 2], [40, 2], [41, 2], [42, 2], [43, 2], [44, 2]], ""robot_pos"": [36, 2]}}","{""0"": {""commit_remaining"": 3, ""committed_segment"": [[23, 2], [22, 2], [21, 2], [20, 2], [19, 2], [18, 2], [18, 3], [18, 4]], ""robot_pos"": [23, 2]}, ""1"": {""commit_remaining"": 3, ""committed_segment"": [[37, 2], [38, 2], [39, 2], [40, 2], [41, 2], [42, 2], [43, 2], [44, 2]], ""robot_pos"": [37, 2]}}","{""0"": {""collision"": false, ""collision_cell"": null, ""move_success"": true, ""new_robot_pos"": [23, 2]}, ""1"": {""collision"": false, ""collision_cell"": null, ""move_success"": true, ""new_robot_pos"": [37, 2]}}","{""arrived"": {""0"": true, ""1"": true}, ""final_by_usv"": {""0"": {""arrived"": true, ""final_distance_to_target_m"": 4.960140052009057, ""final_projected_cell"": [23, 2], ""last_known_world"": [-383.8254089355469, 166.84259033203125, 0.18757037818431854], ""observer_pose_source"": ""live_location_sensor"", ""orientation_source"": ""live_orientation_sensor"", ""projection_matches_target"": true, ""standoff_anchor_cell"": [20, 2], ""standoff_anchor_world"": [-380.0, 200.0, 0.0], ""target_cell"": [23, 2], ""target_world"": [-380.0, 170.0, 0.0]}, ""1"": {""arrived"": true, ""final_distance_to_target_m"": 4.960016212480277, ""final_projected_cell"": [37, 2], ""last_known_world"": [-383.8254089355469, 33.1572151184082, 0.19654013216495514], ""observer_pose_source"": ""live_location_sensor"", ""orientation_source"": ""live_orientation_sensor"", ""projection_matches_target"": true, ""standoff_anchor_cell"": [40, 2], ""standoff_anchor_world"": [-380.0, 0.0, 0.0], ""target_cell"": [37, 2], ""target_world"": [-380.0, 30.0, 0.0]}}, ""per_step_fallback_counts"": {""0"": 0, ""1"": 0}, ""policy_step"": 2, ""run_kind"": ""calibration"", ""standoff_anchor_cells"": {""0"": [20, 2], ""1"": [40, 2]}, ""standoff_anchor_world"": {""0"": [-380.0, 200.0, 0.0], ""1"": [-380.0, 0.0, 0.0]}, ""step_min_inter_vessel_distance_m"": 110.34978485122613, ""step_ticks"": 111, ""target_cells"": {""0"": [23, 2], ""1"": [37, 2]}, ""target_world"": {""0"": [-380.0, 170.0, 0.0], ""1"": [-380.0, 30.0, 0.0]}, ""timeout"": false}",True,False,True,[],[false],[null],False,running,3.900953,False,False,False,False
calibration,3,True,baseline_GP.marine_knownmap_runtime_2usv._joint_assign_two_usv_segments,baseline_GP_mainline_planner,False,6.15,"[0, 1]",False,"[18, 41]","[54, 40]","[[23, 2], [22, 2], [21, 2], [20, 2], [19, 2], [18, 2], [18, 3], [18, 4], [18, 5]]","[[37, 2], [38, 2], [39, 2], [40, 2], [41, 2], [42, 2], [43, 2], [44, 2], [45, 2]]","[22, 2]","[38, 2]","[19, 2]","[41, 2]",baseline_GP_planner_committed_segment_lookahead,True,"{""0"": {""commit_remaining"": 4, ""committed_segment"": [[23, 2], [22, 2], [21, 2], [20, 2], [19, 2], [18, 2], [18, 3], [18, 4], [18, 5]], ""robot_pos"": [23, 2]}, ""1"": {""commit_remaining"": 4, ""committed_segment"": [[37, 2], [38, 2], [39, 2], [40, 2], [41, 2], [42, 2], [43, 2], [44, 2], [45, 2]], ""robot_pos"": [37, 2]}}","{""0"": {""commit_remaining"": 3, ""committed_segment"": [[22, 2], [21, 2], [20, 2], [19, 2], [18, 2], [18, 3], [18, 4], [18, 5]], ""robot_pos"": [22, 2]}, ""1"": {""commit_remaining"": 3, ""committed_segment"": [[38, 2], [39, 2], [40, 2], [41, 2], [42, 2], [43, 2], [44, 2], [45, 2]], ""robot_pos"": [38, 2]}}","{""0"": {""collision"": false, ""collision_cell"": null, ""move_success"": true, ""new_robot_pos"": [22, 2]}, ""1"": {""collision"": false, ""collision_cell"": null, ""move_success"": true, ""new_robot_pos"": [38, 2]}}","{""arrived"": {""0"": true, ""1"": true}, ""final_by_usv"": {""0"": {""arrived"": true, ""final_distance_to_target_m"": 4.968669302621701, ""final_projected_cell"": [22, 2], ""last_known_world"": [-378.44744873046875, 175.28012084960938, 0.17476584017276764], ""observer_pose_source"": ""live_location_sensor"", ""orientation_source"": ""live_orientation_sensor"", ""projection_matches_target"": true, ""standoff_anchor_cell"": [19, 2], ""standoff_anchor_world"": [-380.0, 210.0, 0.0], ""target_cell"": [22, 2], ""target_world"": [-380.0, 180.0, 0.0]}, ""1"": {""arrived"": true, ""final_distance_to_target_m"": 4.968575563670194, ""final_projected_cell"": [38, 2], ""last_known_world"": [-378.4474182128906, 24.719770431518555, 0.1802314817905426], ""observer_pose_source"": ""live_location_sensor"", ""orientation_source"": ""live_orientation_sensor"", ""projection_matches_target"": true, ""standoff_anchor_cell"": [41, 2], ""standoff_anchor_world"": [-380.0, -10.0, 0.0], ""target_cell"": [38, 2], ""target_world"": [-380.0, 20.0, 0.0]}}, ""per_step_fallback_counts"": {""0"": 0, ""1"": 0}, ""policy_step"": 3, ""run_kind"": ""calibration"", ""standoff_anchor_cells"": {""0"": [19, 2], ""1"": [41, 2]}, ""standoff_anchor_world"": {""0"": [-380.0, 210.0, 0.0], ""1"": [-380.0, -10.0, 0.0]}, ""step_min_inter_vessel_distance_m"": 133.89738845825195, ""step_ticks"": 88, ""target_cells"": {""0"": [22, 2], ""1"": [38, 2]}, ""target_world"": {""0"": [-380.0, 180.0, 0.0], ""1"": [-380.0, 20.0, 0.0]}, ""timeout"": false}",True,False,True,[],[false],[null],False,running,3.296618,False,False,False,False
calibration,4,True,baseline_GP.marine_knownmap_runtime_2usv._joint_assign_two_usv_segments,baseline_GP_mainline_planner,False,6.15,"[0, 1]",False,"[18, 40]","[54, 40]","[[22, 2], [21, 2], [20, 2], [19, 2], [18, 2], [18, 3], [18, 4], [18, 5], [18, 6]]","[[38, 2], [39, 2], [40, 2], [41, 2], [42, 2], [43, 2], [44, 2], [45, 2], [46, 2]]","[21, 2]","[39, 2]","[18, 2]","[42, 2]",baseline_GP_planner_committed_segment_lookahead,True,"{""0"": {""commit_remaining"": 4, ""committed_segment"": [[22, 2], [21, 2], [20, 2], [19, 2], [18, 2], [18, 3], [18, 4], [18, 5], [18, 6]], ""robot_pos"": [22, 2]}, ""1"": {""commit_remaining"": 4, ""committed_segment"": [[38, 2], [39, 2], [40, 2], [41, 2], [42, 2], [43, 2], [44, 2], [45, 2], [46, 2]], ""robot_pos"": [38, 2]}}","{""0"": {""commit_remaining"": 3, ""committed_segment"": [[21, 2], [20, 2], [19, 2], [18, 2], [18, 3], [18, 4], [18, 5], [18, 6]], ""robot_pos"": [21, 2]}, ""1"": {""commit_remaining"": 3, ""committed_segment"": [[39, 2], [40, 2], [41, 2], [42, 2], [43, 2], [44, 2], [45, 2], [46, 2]], ""robot_pos"": [39, 2]}}","{""0"": {""collision"": false, ""collision_cell"": null, ""move_success"": true, ""new_robot_pos"": [21, 2]}, ""1"": {""collision"": false, ""collision_cell"": null, ""move_success"": true, ""new_robot_pos"": [39, 2]}}","{""arrived"": {""0"": true, ""1"": true}, ""final_by_usv"": {""0"": {""arrived"": true, ""final_distance_to_target_m"": 4.9356653995004445, ""final_projected_cell"": [21, 2], ""last_known_world"": [-379.2997741699219, 185.1142578125, 0.1660224199295044], ""observer_pose_source"": ""live_location_sensor"", ""orientation_source"": ""live_orientation_sensor"", ""projection_matches_target"": true, ""standoff_anchor_cell"": [18, 2], ""standoff_anchor_world"": [-380.0, 220.0, 0.0], ""target_cell"": [21, 2], ""target_world"": [-380.0, 190.0, 0.0]}, ""1"": {""arrived"": true, ""final_distance_to_target_m"": 4.935619079832178, ""final_projected_cell"": [39, 2], ""last_known_world"": [-379.29962158203125, 14.885673522949219, 0.1765843629837036], ""observer_pose_source"": ""live_location_sensor"", ""orientation_source"": ""live_orientation_sensor"", ""projection_matches_target"": true, ""standoff_anchor_cell"": [42, 2], ""standoff_anchor_world"": [-380.0, -20.0, 0.0], ""target_cell"": [39, 2], ""target_world"": [-380.0, 10.0, 0.0]}}, ""per_step_fallback_counts"": {""0"": 0, ""1"": 0}, ""policy_step"": 4, ""run_kind"": ""calibration"", ""standoff_anchor_cells"": {""0"": [18, 2], ""1"": [42, 2]}, ""standoff_anchor_world"": {""0"": [-380.0, 220.0, 0.0], ""1"": [-380.0, -20.0, 0.0]}, ""step_min_inter_vessel_distance_m"": 150.8259067535431, ""step_ticks"": 68, ""target_cells"": {""0"": [21, 2], ""1"": [39, 2]}, ""target_world"": {""0"": [-380.0, 190.0, 0.0], ""1"": [-380.0, 10.0, 0.0]}, ""timeout"": false}",True,False,True,[],[false],[null],False,running,2.464422,False,False,False,False
calibration,5,True,baseline_GP.marine_knownmap_runtime_2usv._joint_assign_two_usv_segments,baseline_GP_mainline_planner,False,8.5,"[0, 1]",False,"[18, 40]","[54, 40]","[[21, 2], [20, 2], [19, 2], [18, 2], [18, 3], [18, 4], [18, 5], [18, 6], [18, 7]]","[[39, 2], [40, 2], [41, 2], [42, 2], [43, 2], [44, 2], [45, 2], [46, 2], [47, 2]]","[20, 2]","[40, 2]","[18, 3]","[43, 2]",baseline_GP_planner_committed_segment_lookahead,True,"{""0"": {""commit_remaining"": 4, ""committed_segment"": [[21, 2], [20, 2], [19, 2], [18, 2], [18, 3], [18, 4], [18, 5], [18, 6], [18, 7]], ""robot_pos"": [21, 2]}, ""1"": {""commit_remaining"": 4, ""committed_segment"": [[39, 2], [40, 2], [41, 2], [42, 2], [43, 2], [44, 2], [45, 2], [46, 2], [47, 2]], ""robot_pos"": [39, 2]}}","{""0"": {""commit_remaining"": 3, ""committed_segment"": [[20, 2], [19, 2], [18, 2], [18, 3], [18, 4], [18, 5], [18, 6], [18, 7]], ""robot_pos"": [20, 2]}, ""1"": {""commit_remaining"": 3, ""committed_segment"": [[40, 2], [41, 2], [42, 2], [43, 2], [44, 2], [45, 2], [46, 2], [47, 2]], ""robot_pos"": [40, 2]}}","{""0"": {""collision"": false, ""collision_cell"": null, ""move_success"": true, ""new_robot_pos"": [20, 2]}, ""1"": {""collision"": false, ""collision_cell"": null, ""move_success"": true, ""new_robot_pos"": [40, 2]}}","{""arrived"": {""0"": true, ""1"": true}, ""final_by_usv"": {""0"": {""arrived"": true, ""final_distance_to_target_m"": 4.938625623982503, ""final_projected_cell"": [20, 2], ""last_known_world"": [-382.8414611816406, 195.96067810058594, 0.16475467383861542], ""observer_pose_source"": ""live_location_sensor"", ""orientation_source"": ""live_orientation_sensor"", ""projection_matches_target"": true, ""standoff_anchor_cell"": [18, 3], ""standoff_anchor_world"": [-370.0, 220.0, 0.0], ""target_cell"": [20, 2], ""target_world"": [-380.0, 200.0, 0.0]}, ""1"": {""arrived"": true, ""final_distance_to_target_m"": 4.938373623352412, ""final_projected_cell"": [40, 2], ""last_known_world"": [-382.84124755859375, 4.039164066314697, 0.1699402630329132], ""observer_pose_source"": ""live_location_sensor"", ""orientation_source"": ""live_orientation_sensor"", ""projection_matches_target"": true, ""standoff_anchor_cell"": [43, 2], ""standoff_anchor_world"": [-380.0, -30.0, 0.0], ""target_cell"": [40, 2], ""target_world"": [-380.0, 0.0, 0.0]}}, ""per_step_fallback_counts"": {""0"": 0, ""1"": 0}, ""policy_step"": 5, ""run_kind"": ""calibration"", ""standoff_anchor_cells"": {""0"": [18, 3], ""1"": [43, 2]}, ""standoff_anchor_world"": {""0"": [-370.0, 220.0, 0.0], ""1"": [-380.0, -30.0, 0.0]}, ""step_min_inter_vessel_distance_m"": 170.51438617713126, ""step_ticks"": 90, ""target_cells"": {""0"": [20, 2], ""1"": [40, 2]}, ""target_world"": {""0"": [-380.0, 200.0, 0.0], ""1"": [-380.0, 0.0, 0.0]}, ""timeout"": false}",True,False,True,[],[false],[null],False,running,3.219432,False,False,False,False
calibration,6,True,baseline_GP.marine_knownmap_runtime_2usv._joint_assign_two_usv_segments,baseline_GP_mainline_planner,False,8.5,"[0, 1]",False,"[18, 41]","[54, 40]","[[20, 2], [19, 2], [18, 2], [18, 3], [18, 4], [18, 5], [18, 6], [18, 7], [18, 8]]","[[40, 2], [41, 2], [42, 2], [43, 2], [44, 2], [45, 2], [46, 2], [47, 2], [48, 2]]","[19, 2]","[41, 2]","[18, 4]","[44, 2]",baseline_GP_planner_committed_segment_lookahead,True,"{""0"": {""commit_remaining"": 4, ""committed_segment"": [[20, 2], [19, 2], [18, 2], [18, 3], [18, 4], [18, 5], [18, 6], [18, 7], [18, 8]], ""robot_pos"": [20, 2]}, ""1"": {""commit_remaining"": 4, ""committed_segment"": [[40, 2], [41, 2], [42, 2], [43, 2], [44, 2], [45, 2], [46, 2], [47, 2], [48, 2]], ""robot_pos"": [40, 2]}}","{""0"": {""commit_remaining"": 3, ""committed_segment"": [[19, 2], [18, 2], [18, 3], [18, 4], [18, 5], [18, 6], [18, 7], [18, 8]], ""robot_pos"": [19, 2]}, ""1"": {""commit_remaining"": 3, ""committed_segment"": [[41, 2], [42, 2], [43, 2], [44, 2], [45, 2], [46, 2], [47, 2], [48, 2]], ""robot_pos"": [41, 2]}}","{""0"": {""collision"": false, ""collision_cell"": null, ""move_success"": true, ""new_robot_pos"": [19, 2]}, ""1"": {""collision"": false, ""collision_cell"": null, ""move_success"": true, ""new_robot_pos"": [41, 2]}}","{""arrived"": {""0"": true, ""1"": true}, ""final_by_usv"": {""0"": {""arrived"": true, ""final_distance_to_target_m"": 4.928472944095093, ""final_projected_cell"": [19, 2], ""last_known_world"": [-378.35552978515625, 205.35397338867188, 0.1668453961610794], ""observer_pose_source"": ""live_location_sensor"", ""orientation_source"": ""live_orientation_sensor"", ""projection_matches_target"": true, ""standoff_anchor_cell"": [18, 4], ""standoff_anchor_world"": [-360.0, 220.0, 0.0], ""target_cell"": [19, 2], ""target_world"": [-380.0, 210.0, 0.0]}, ""1"": {""arrived"": true, ""final_distance_to_target_m"": 4.928448203648859, ""final_projected_cell"": [41, 2], ""last_known_world"": [-378.3554382324219, -5.354032039642334, 0.1753067970275879], ""observer_pose_source"": ""live_location_sensor"", ""orientation_source"": ""live_orientation_sensor"", ""projection_matches_target"": true, ""standoff_anchor_cell"": [44, 2], ""standoff_anchor_world"": [-380.0, -40.0, 0.0], ""target_cell"": [41, 2], ""target_world"": [-380.0, -10.0, 0.0]}}, ""per_step_fallback_counts"": {""0"": 0, ""1"": 0}, ""policy_step"": 6, ""run_kind"": ""calibration"", ""standoff_anchor_cells"": {""0"": [18, 4], ""1"": [44, 2]}, ""standoff_anchor_world"": {""0"": [-360.0, 220.0, 0.0], ""1"": [-380.0, -40.0, 0.0]}, ""step_min_inter_vessel_distance_m"": 192.14984512340976, ""step_ticks"": 90, ""target_cells"": {""0"": [19, 2], ""1"": [41, 2]}, ""target_world"": {""0"": [-380.0, 210.0, 0.0], ""1"": [-380.0, -10.0, 0.0]}, ""timeout"": false}",True,False,True,[],[false],[null],False,running,3.622231,False,False,False,False
calibration,7,True,baseline_GP.marine_knownmap_runtime_2usv._joint_assign_two_usv_segments,baseline_GP_mainline_planner,False,8.5,"[0, 1]",False,"[18, 41]","[55, 38]","[[19, 2], [18, 2], [18, 3], [18, 4], [18, 5], [18, 6], [18, 7], [18, 8], [18, 9]]","[[41, 2], [42, 2], [43, 2], [44, 2], [45, 2], [46, 2], [47, 2], [48, 2], [49, 2]]","[18, 2]","[42, 2]","[18, 5]","[45, 2]",baseline_GP_planner_committed_segment_lookahead,True,"{""0"": {""commit_remaining"": 4, ""committed_segment"": [[19, 2], [18, 2], [18, 3], [18, 4], [18, 5], [18, 6], [18, 7], [18, 8], [18, 9]], ""robot_pos"": [19, 2]}, ""1"": {""commit_remaining"": 4, ""committed_segment"": [[41, 2], [42, 2], [43, 2], [44, 2], [45, 2], [46, 2], [47, 2], [48, 2], [49, 2]], ""robot_pos"": [41, 2]}}","{""0"": {""commit_remaining"": 3, ""committed_segment"": [[18, 2], [18, 3], [18, 4], [18, 5], [18, 6], [18, 7], [18, 8], [18, 9]], ""robot_pos"": [18, 2]}, ""1"": {""commit_remaining"": 3, ""committed_segment"": [[42, 2], [43, 2], [44, 2], [45, 2], [46, 2], [47, 2], [48, 2], [49, 2]], ""robot_pos"": [42, 2]}}","{""0"": {""collision"": false, ""collision_cell"": null, ""move_success"": true, ""new_robot_pos"": [18, 2]}, ""1"": {""collision"": false, ""collision_cell"": null, ""move_success"": true, ""new_robot_pos"": [42, 2]}}","{""arrived"": {""0"": true, ""1"": true}, ""final_by_usv"": {""0"": {""arrived"": true, ""final_distance_to_target_m"": 4.983322727929733, ""final_projected_cell"": [18, 2], ""last_known_world"": [-380.30865478515625, 215.0262451171875, 0.16669437289237976], ""observer_pose_source"": ""live_location_sensor"", ""orientation_source"": ""live_orientation_sensor"", ""projection_matches_target"": true, ""standoff_anchor_cell"": [18, 5], ""standoff_anchor_world"": [-350.0, 220.0, 0.0], ""target_cell"": [18, 2], ""target_world"": [-380.0, 220.0, 0.0]}, ""1"": {""arrived"": true, ""final_distance_to_target_m"": 4.983157162467637, ""final_projected_cell"": [42, 2], ""last_known_world"": [-380.30853271484375, -15.026403427124023, 0.1780516803264618], ""observer_pose_source"": ""live_location_sensor"", ""orientation_source"": ""live_orientation_sensor"", ""projection_matches_target"": true, ""standoff_anchor_cell"": [45, 2], ""standoff_anchor_world"": [-380.0, -50.0, 0.0], ""target_cell"": [42, 2], ""target_world"": [-380.0, -20.0, 0.0]}}, ""per_step_fallback_counts"": {""0"": 0, ""1"": 0}, ""policy_step"": 7, ""run_kind"": ""calibration"", ""standoff_anchor_cells"": {""0"": [18, 5], ""1"": [45, 2]}, ""standoff_anchor_world"": {""0"": [-350.0, 220.0, 0.0], ""1"": [-380.0, -50.0, 0.0]}, ""step_min_inter_vessel_distance_m"": 210.96786594392856, ""step_ticks"": 69, ""target_cells"": {""0"": [18, 2], ""1"": [42, 2]}, ""target_world"": {""0"": [-380.0, 220.0, 0.0], ""1"": [-380.0, -20.0, 0.0]}, ""timeout"": false}",True,False,True,[],[false],[null],False,running,3.058784,False,False,False,False
calibration,8,True,baseline_GP.marine_knownmap_runtime_2usv._joint_assign_two_usv_segments,baseline_GP_mainline_planner,False,8.5,"[0, 1]",False,"[18, 42]","[54, 40]","[[18, 2], [18, 3], [18, 4], [18, 5], [18, 6], [18, 7], [18, 8], [18, 9], [18, 10]]","[[42, 2], [43, 2], [44, 2], [45, 2], [46, 2], [47, 2], [48, 2], [49, 2], [50, 2]]","[18, 3]","[43, 2]","[18, 6]","[46, 2]",baseline_GP_planner_committed_segment_lookahead,True,"{""0"": {""commit_remaining"": 4, ""committed_segment"": [[18, 2], [18, 3], [18, 4], [18, 5], [18, 6], [18, 7], [18, 8], [18, 9], [18, 10]], ""robot_pos"": [18, 2]}, ""1"": {""commit_remaining"": 4, ""committed_segment"": [[42, 2], [43, 2], [44, 2], [45, 2], [46, 2], [47, 2], [48, 2], [49, 2], [50, 2]], ""robot_pos"": [42, 2]}}","{""0"": {""commit_remaining"": 3, ""committed_segment"": [[18, 3], [18, 4], [18, 5], [18, 6], [18, 7], [18, 8], [18, 9], [18, 10]], ""robot_pos"": [18, 3]}, ""1"": {""commit_remaining"": 3, ""committed_segment"": [[43, 2], [44, 2], [45, 2], [46, 2], [47, 2], [48, 2], [49, 2], [50, 2]], ""robot_pos"": [43, 2]}}","{""0"": {""collision"": false, ""collision_cell"": null, ""move_success"": true, ""new_robot_pos"": [18, 3]}, ""1"": {""collision"": false, ""collision_cell"": null, ""move_success"": true, ""new_robot_pos"": [43, 2]}}","{""arrived"": {""0"": true, ""1"": true}, ""final_by_usv"": {""0"": {""arrived"": true, ""final_distance_to_target_m"": 4.3846023487752674, ""final_projected_cell"": [18, 3], ""last_known_world"": [-373.9779357910156, 218.1558837890625, 0.18053968250751495], ""observer_pose_source"": ""live_location_sensor"", ""orientation_source"": ""live_orientation_sensor"", ""projection_matches_target"": true, ""standoff_anchor_cell"": [18, 6], ""standoff_anchor_world"": [-340.0, 220.0, 0.0], ""target_cell"": [18, 3], ""target_world"": [-370.0, 220.0, 0.0]}, ""1"": {""arrived"": true, ""final_distance_to_target_m"": 4.956400608389455, ""final_projected_cell"": [43, 2], ""last_known_world"": [-383.85894775390625, -26.889625549316406, 0.17176176607608795], ""observer_pose_source"": ""live_location_sensor"", ""orientation_source"": ""live_orientation_sensor"", ""projection_matches_target"": true, ""standoff_anchor_cell"": [46, 2], ""standoff_anchor_world"": [-380.0, -60.0, 0.0], ""target_cell"": [43, 2], ""target_world"": [-380.0, -30.0, 0.0]}}, ""per_step_fallback_counts"": {""0"": 0, ""1"": 0}, ""policy_step"": 8, ""run_kind"": ""calibration"", ""standoff_anchor_cells"": {""0"": [18, 6], ""1"": [46, 2]}, ""standoff_anchor_world"": {""0"": [-340.0, 220.0, 0.0], ""1"": [-380.0, -60.0, 0.0]}, ""step_min_inter_vessel_distance_m"": 230.28067121403518, ""step_ticks"": 101, ""target_cells"": {""0"": [18, 3], ""1"": [43, 2]}, ""target_world"": {""0"": [-370.0, 220.0, 0.0], ""1"": [-380.0, -30.0, 0.0]}, ""timeout"": false}",True,False,True,[],[false],[null],False,running,4.104448,False,False,False,False
calibration,9,True,baseline_GP.marine_knownmap_runtime_2usv._joint_assign_two_usv_segments,baseline_GP_mainline_planner,False,8.5,"[0, 1]",False,"[18, 43]","[54, 40]","[[18, 3], [18, 4], [18, 5], [18, 6], [18, 7], [18, 8], [18, 9], [18, 10], [18, 11]]","[[43, 2], [44, 2], [45, 2], [46, 2], [47, 2], [48, 2], [49, 2], [50, 2], [51, 2]]","[18, 4]","[44, 2]","[18, 7]","[47, 2]",baseline_GP_planner_committed_segment_lookahead,True,"{""0"": {""commit_remaining"": 4, ""committed_segment"": [[18, 3], [18, 4], [18, 5], [18, 6], [18, 7], [18, 8], [18, 9], [18, 10], [18, 11]], ""robot_pos"": [18, 3]}, ""1"": {""commit_remaining"": 4, ""committed_segment"": [[43, 2], [44, 2], [45, 2], [46, 2], [47, 2], [48, 2], [49, 2], [50, 2], [51, 2]], ""robot_pos"": [43, 2]}}","{""0"": {""commit_remaining"": 3, ""committed_segment"": [[18, 4], [18, 5], [18, 6], [18, 7], [18, 8], [18, 9], [18, 10], [18, 11]], ""robot_pos"": [18, 4]}, ""1"": {""commit_remaining"": 3, ""committed_segment"": [[44, 2], [45, 2], [46, 2], [47, 2], [48, 2], [49, 2], [50, 2], [51, 2]], ""robot_pos"": [44, 2]}}","{""0"": {""collision"": false, ""collision_cell"": null, ""move_success"": true, ""new_robot_pos"": [18, 4]}, ""1"": {""collision"": false, ""collision_cell"": null, ""move_success"": true, ""new_robot_pos"": [44, 2]}}","{""arrived"": {""0"": true, ""1"": true}, ""final_by_usv"": {""0"": {""arrived"": true, ""final_distance_to_target_m"": 3.0745800409555195, ""final_projected_cell"": [18, 4], ""last_known_world"": [-363.0494079589844, 220.3926239013672, 0.1699158400297165], ""observer_pose_source"": ""live_location_sensor"", ""orientation_source"": ""live_orientation_sensor"", ""projection_matches_target"": true, ""standoff_anchor_cell"": [18, 7], ""standoff_anchor_world"": [-330.0, 220.0, 0.0], ""target_cell"": [18, 4], ""target_world"": [-360.0, 220.0, 0.0]}, ""1"": {""arrived"": true, ""final_distance_to_target_m"": 4.925856999324253, ""final_projected_cell"": [44, 2], ""last_known_world"": [-378.6657409667969, -35.2582893371582, 0.17713390290737152], ""observer_pose_source"": ""live_location_sensor"", ""orientation_source"": ""live_orientation_sensor"", ""projection_matches_target"": true, ""standoff_anchor_cell"": [47, 2], ""standoff_anchor_world"": [-380.0, -70.0, 0.0], ""target_cell"": [44, 2], ""target_world"": [-380.0, -40.0, 0.0]}}, ""per_step_fallback_counts"": {""0"": 0, ""1"": 0}, ""policy_step"": 9, ""run_kind"": ""calibration"", ""standoff_anchor_cells"": {""0"": [18, 7], ""1"": [47, 2]}, ""standoff_anchor_world"": {""0"": [-330.0, 220.0, 0.0], ""1"": [-380.0, -70.0, 0.0]}, ""step_min_inter_vessel_distance_m"": 245.35130374450986, ""step_ticks"": 85, ""target_cells"": {""0"": [18, 4], ""1"": [44, 2]}, ""target_world"": {""0"": [-360.0, 220.0, 0.0], ""1"": [-380.0, -40.0, 0.0]}, ""timeout"": false}",True,False,True,[],[false],[null],False,running,3.56249,False,False,False,False
calibration,10,True,baseline_GP.marine_knownmap_runtime_2usv._joint_assign_two_usv_segments,baseline_GP_mainline_planner,False,15.0,"[0, 1]",False,"[18, 34]","[55, 39]","[[18, 4], [18, 5], [18, 6], [18, 7], [18, 8], [18, 9], [18, 10], [18, 11], [18, 12]]","[[44, 2], [45, 2], [46, 2], [47, 2], [48, 2], [49, 2], [50, 2], [51, 2], [52, 2]]","[18, 5]","[45, 2]","[18, 8]","[48, 2]",baseline_GP_planner_committed_segment_lookahead,True,"{""0"": {""commit_remaining"": 4, ""committed_segment"": [[18, 4], [18, 5], [18, 6], [18, 7], [18, 8], [18, 9], [18, 10], [18, 11], [18, 12]], ""robot_pos"": [18, 4]}, ""1"": {""commit_remaining"": 4, ""committed_segment"": [[44, 2], [45, 2], [46, 2], [47, 2], [48, 2], [49, 2], [50, 2], [51, 2], [52, 2]], ""robot_pos"": [44, 2]}}","{""0"": {""commit_remaining"": 3, ""committed_segment"": [[18, 5], [18, 6], [18, 7], [18, 8], [18, 9], [18, 10], [18, 11], [18, 12]], ""robot_pos"": [18, 5]}, ""1"": {""commit_remaining"": 3, ""committed_segment"": [[45, 2], [46, 2], [47, 2], [48, 2], [49, 2], [50, 2], [51, 2], [52, 2]], ""robot_pos"": [45, 2]}}","{""0"": {""collision"": false, ""collision_cell"": null, ""move_success"": true, ""new_robot_pos"": [18, 5]}, ""1"": {""collision"": false, ""collision_cell"": null, ""move_success"": true, ""new_robot_pos"": [45, 2]}}","{""arrived"": {""0"": true, ""1"": true}, ""final_by_usv"": {""0"": {""arrived"": true, ""final_distance_to_target_m"": 4.993583992240091, ""final_projected_cell"": [18, 5], ""last_known_world"": [-354.1742248535156, 222.74075317382812, 0.16029714047908783], ""observer_pose_source"": ""live_location_sensor"", ""orientation_source"": ""live_orientation_sensor"", ""projection_matches_target"": true, ""standoff_anchor_cell"": [18, 8], ""standoff_anchor_world"": [-320.0, 220.0, 0.0], ""target_cell"": [18, 5], ""target_world"": [-350.0, 220.0, 0.0]}, ""1"": {""arrived"": true, ""final_distance_to_target_m"": 4.949608281369249, ""final_projected_cell"": [45, 2], ""last_known_world"": [-380.05108642578125, -45.050655364990234, 0.17751789093017578], ""observer_pose_source"": ""live_location_sensor"", ""orientation_source"": ""live_orientation_sensor"", ""projection_matches_target"": true, ""standoff_anchor_cell"": [48, 2], ""standoff_anchor_world"": [-380.0, -80.0, 0.0], ""target_cell"": [45, 2], ""target_world"": [-380.0, -50.0, 0.0]}}, ""per_step_fallback_counts"": {""0"": 0, ""1"": 0}, ""policy_step"": 10, ""run_kind"": ""calibration"", ""standoff_anchor_cells"": {""0"": [18, 8], ""1"": [48, 2]}, ""standoff_anchor_world"": {""0"": [-320.0, 220.0, 0.0], ""1"": [-380.0, -80.0, 0.0]}, ""step_min_inter_vessel_distance_m"": 256.29715412152257, ""step_ticks"": 69, ""target_cells"": {""0"": [18, 5], ""1"": [45, 2]}, ""target_world"": {""0"": [-350.0, 220.0, 0.0], ""1"": [-380.0, -50.0, 0.0]}, ""timeout"": false}",True,False,True,[],[false],[null],False,running,2.793535,False,False,False,False
calibration,11,True,baseline_GP.marine_knownmap_runtime_2usv._joint_assign_two_usv_segments,baseline_GP_mainline_planner,False,8.5,"[0, 1]",False,"[18, 39]","[55, 39]","[[18, 5], [18, 6], [18, 7], [18, 8], [18, 9], [18, 10], [18, 11], [18, 12], [18, 13]]","[[45, 2], [46, 2], [47, 2], [48, 2], [49, 2], [50, 2], [51, 2], [52, 2], [53, 2]]","[18, 6]","[46, 2]","[18, 9]","[49, 2]",baseline_GP_planner_committed_segment_lookahead,True,"{""0"": {""commit_remaining"": 4, ""committed_segment"": [[18, 5], [18, 6], [18, 7], [18, 8], [18, 9], [18, 10], [18, 11], [18, 12], [18, 13]], ""robot_pos"": [18, 5]}, ""1"": {""commit_remaining"": 4, ""committed_segment"": [[45, 2], [46, 2], [47, 2], [48, 2], [49, 2], [50, 2], [51, 2], [52, 2], [53, 2]], ""robot_pos"": [45, 2]}}","{""0"": {""commit_remaining"": 3, ""committed_segment"": [[18, 6], [18, 7], [18, 8], [18, 9], [18, 10], [18, 11], [18, 12], [18, 13]], ""robot_pos"": [18, 6]}, ""1"": {""commit_remaining"": 3, ""committed_segment"": [[46, 2], [47, 2], [48, 2], [49, 2], [50, 2], [51, 2], [52, 2], [53, 2]], ""robot_pos"": [46, 2]}}","{""0"": {""collision"": false, ""collision_cell"": null, ""move_success"": true, ""new_robot_pos"": [18, 6]}, ""1"": {""collision"": false, ""collision_cell"": null, ""move_success"": true, ""new_robot_pos"": [46, 2]}}","{""arrived"": {""0"": true, ""1"": true}, ""final_by_usv"": {""0"": {""arrived"": true, ""final_distance_to_target_m"": 2.860979326002065, ""final_projected_cell"": [18, 6], ""last_known_world"": [-342.7234191894531, 219.12353515625, 0.1650865077972412], ""observer_pose_source"": ""live_location_sensor"", ""orientation_source"": ""live_orientation_sensor"", ""projection_matches_target"": true, ""standoff_anchor_cell"": [18, 9], ""standoff_anchor_world"": [-310.0, 220.0, 0.0], ""target_cell"": [18, 6], ""target_world"": [-340.0, 220.0, 0.0]}, ""1"": {""arrived"": true, ""final_distance_to_target_m"": 4.987445110027999, ""final_projected_cell"": [46, 2], ""last_known_world"": [-383.681884765625, -56.63572692871094, 0.17070595920085907], ""observer_pose_source"": ""live_location_sensor"", ""orientation_source"": ""live_orientation_sensor"", ""projection_matches_target"": true, ""standoff_anchor_cell"": [49, 2], ""standoff_anchor_world"": [-380.0, -90.0, 0.0], ""target_cell"": [46, 2], ""target_world"": [-380.0, -60.0, 0.0]}}, ""per_step_fallback_counts"": {""0"": 0, ""1"": 0}, ""policy_step"": 11, ""run_kind"": ""calibration"", ""standoff_anchor_cells"": {""0"": [18, 9], ""1"": [49, 2]}, ""standoff_anchor_world"": {""0"": [-310.0, 220.0, 0.0], ""1"": [-380.0, -90.0, 0.0]}, ""step_min_inter_vessel_distance_m"": 269.1980404387228, ""step_ticks"": 98, ""target_cells"": {""0"": [18, 6], ""1"": [46, 2]}, ""target_world"": {""0"": [-340.0, 220.0, 0.0], ""1"": [-380.0, -60.0, 0.0]}, ""timeout"": false}",True,False,True,[],[false],[null],False,running,3.94305,False,False,False,False
calibration,12,True,baseline_GP.marine_knownmap_runtime_2usv._joint_assign_two_usv_segments,baseline_GP_mainline_planner,False,13.003397409972301,"[0, 1]",False,"[18, 39]","[55, 39]","[[18, 6], [18, 7], [18, 8], [18, 9], [18, 10], [18, 11], [18, 12], [18, 13], [18, 14]]","[[46, 2], [47, 2], [48, 2], [49, 2], [50, 2], [51, 2], [52, 2], [53, 2], [54, 2]]","[18, 7]","[47, 2]","[18, 10]","[50, 2]",baseline_GP_planner_committed_segment_lookahead,True,"{""0"": {""commit_remaining"": 4, ""committed_segment"": [[18, 6], [18, 7], [18, 8], [18, 9], [18, 10], [18, 11], [18, 12], [18, 13], [18, 14]], ""robot_pos"": [18, 6]}, ""1"": {""commit_remaining"": 4, ""committed_segment"": [[46, 2], [47, 2], [48, 2], [49, 2], [50, 2], [51, 2], [52, 2], [53, 2], [54, 2]], ""robot_pos"": [46, 2]}}","{""0"": {""commit_remaining"": 3, ""committed_segment"": [[18, 7], [18, 8], [18, 9], [18, 10], [18, 11], [18, 12], [18, 13], [18, 14]], ""robot_pos"": [18, 7]}, ""1"": {""commit_remaining"": 3, ""committed_segment"": [[47, 2], [48, 2], [49, 2], [50, 2], [51, 2], [52, 2], [53, 2], [54, 2]], ""robot_pos"": [47, 2]}}","{""0"": {""collision"": false, ""collision_cell"": null, ""move_success"": true, ""new_robot_pos"": [18, 7]}, ""1"": {""collision"": false, ""collision_cell"": null, ""move_success"": true, ""new_robot_pos"": [47, 2]}}","{""arrived"": {""0"": true, ""1"": true}, ""final_by_usv"": {""0"": {""arrived"": true, ""final_distance_to_target_m"": 4.544887295798586, ""final_projected_cell"": [18, 7], ""last_known_world"": [-334.2355651855469, 221.6480255126953, 0.1656978875398636], ""observer_pose_source"": ""live_location_sensor"", ""orientation_source"": ""live_orientation_sensor"", ""projection_matches_target"": true, ""standoff_anchor_cell"": [18, 10], ""standoff_anchor_world"": [-300.0, 220.0, 0.0], ""target_cell"": [18, 7], ""target_world"": [-330.0, 220.0, 0.0]}, ""1"": {""arrived"": true, ""final_distance_to_target_m"": 4.98314669345296, ""final_projected_cell"": [47, 2], ""last_known_world"": [-378.7476501464844, -65.17678833007812, 0.17641553282737732], ""observer_pose_source"": ""live_location_sensor"", ""orientation_source"": ""live_orientation_sensor"", ""projection_matches_target"": true, ""standoff_anchor_cell"": [50, 2], ""standoff_anchor_world"": [-380.0, -100.0, 0.0], ""target_cell"": [47, 2], ""target_world"": [-380.0, -70.0, 0.0]}}, ""per_step_fallback_counts"": {""0"": 0, ""1"": 0}, ""policy_step"": 12, ""run_kind"": ""calibration"", ""standoff_anchor_cells"": {""0"": [18, 10], ""1"": [50, 2]}, ""standoff_anchor_world"": {""0"": [-300.0, 220.0, 0.0], ""1"": [-380.0, -100.0, 0.0]}, ""step_min_inter_vessel_distance_m"": 278.89241532026256, ""step_ticks"": 84, ""target_cells"": {""0"": [18, 7], ""1"": [47, 2]}, ""target_world"": {""0"": [-330.0, 220.0, 0.0], ""1"": [-380.0, -70.0, 0.0]}, ""timeout"": false}",True,False,True,[],[false],[null],False,running,3.576842,False,False,False,False
calibration,13,True,baseline_GP.marine_knownmap_runtime_2usv._joint_assign_two_usv_segments,baseline_GP_mainline_planner,False,12.932511863747575,"[0, 1]",False,"[18, 39]","[55, 39]","[[18, 7], [18, 8], [18, 9], [18, 10], [18, 11], [18, 12], [18, 13], [18, 14], [18, 15]]","[[47, 2], [48, 2], [49, 2], [50, 2], [51, 2], [52, 2], [53, 2], [54, 2], [55, 2]]","[18, 8]","[48, 2]","[18, 11]","[51, 2]",baseline_GP_planner_committed_segment_lookahead,True,"{""0"": {""commit_remaining"": 4, ""committed_segment"": [[18, 7], [18, 8], [18, 9], [18, 10], [18, 11], [18, 12], [18, 13], [18, 14], [18, 15]], ""robot_pos"": [18, 7]}, ""1"": {""commit_remaining"": 4, ""committed_segment"": [[47, 2], [48, 2], [49, 2], [50, 2], [51, 2], [52, 2], [53, 2], [54, 2], [55, 2]], ""robot_pos"": [47, 2]}}","{""0"": {""commit_remaining"": 3, ""committed_segment"": [[18, 8], [18, 9], [18, 10], [18, 11], [18, 12], [18, 13], [18, 14], [18, 15]], ""robot_pos"": [18, 8]}, ""1"": {""commit_remaining"": 3, ""committed_segment"": [[48, 2], [49, 2], [50, 2], [51, 2], [52, 2], [53, 2], [54, 2], [55, 2]], ""robot_pos"": [48, 2]}}","{""0"": {""collision"": false, ""collision_cell"": null, ""move_success"": true, ""new_robot_pos"": [18, 8]}, ""1"": {""collision"": false, ""collision_cell"": null, ""move_success"": true, ""new_robot_pos"": [48, 2]}}","{""arrived"": {""0"": true, ""1"": true}, ""final_by_usv"": {""0"": {""arrived"": true, ""final_distance_to_target_m"": 4.945551063413743, ""final_projected_cell"": [18, 8], ""last_known_world"": [-324.7391052246094, 218.5860137939453, 0.16794826090335846], ""observer_pose_source"": ""live_location_sensor"", ""orientation_source"": ""live_orientation_sensor"", ""projection_matches_target"": true, ""standoff_anchor_cell"": [18, 11], ""standoff_anchor_world"": [-290.0, 220.0, 0.0], ""target_cell"": [18, 8], ""target_world"": [-320.0, 220.0, 0.0]}, ""1"": {""arrived"": true, ""final_distance_to_target_m"": 4.177506360258427, ""final_projected_cell"": [48, 2], ""last_known_world"": [-380.9280700683594, -75.92688751220703, 0.16735003888607025], ""observer_pose_source"": ""live_location_sensor"", ""orientation_source"": ""live_orientation_sensor"", ""projection_matches_target"": true, ""standoff_anchor_cell"": [51, 2], ""standoff_anchor_world"": [-380.0, -110.0, 0.0], ""target_cell"": [48, 2], ""target_world"": [-380.0, -80.0, 0.0]}}, ""per_step_fallback_counts"": {""0"": 0, ""1"": 0}, ""policy_step"": 13, ""run_kind"": ""calibration"", ""standoff_anchor_cells"": {""0"": [18, 11], ""1"": [51, 2]}, ""standoff_anchor_world"": {""0"": [-290.0, 220.0, 0.0], ""1"": [-380.0, -110.0, 0.0]}, ""step_min_inter_vessel_distance_m"": 290.4006426704521, ""step_ticks"": 83, ""target_cells"": {""0"": [18, 8], ""1"": [48, 2]}, ""target_world"": {""0"": [-320.0, 220.0, 0.0], ""1"": [-380.0, -80.0, 0.0]}, ""timeout"": false}",True,False,True,[],[false],[null],False,running,3.566291,False,False,False,False
calibration,14,True,baseline_GP.marine_knownmap_runtime_2usv._joint_assign_two_usv_segments,baseline_GP_mainline_planner,False,12.421484505307731,"[0, 1]",False,"[18, 39]","[56, 38]","[[18, 8], [18, 9], [18, 10], [18, 11], [18, 12], [18, 13], [18, 14], [18, 15], [18, 16]]","[[48, 2], [49, 2], [50, 2], [51, 2], [52, 2], [53, 2], [54, 2], [55, 2], [56, 2]]","[18, 9]","[49, 2]","[18, 12]","[52, 2]",baseline_GP_planner_committed_segment_lookahead,True,"{""0"": {""commit_remaining"": 4, ""committed_segment"": [[18, 8], [18, 9], [18, 10], [18, 11], [18, 12], [18, 13], [18, 14], [18, 15], [18, 16]], ""robot_pos"": [18, 8]}, ""1"": {""commit_remaining"": 4, ""committed_segment"": [[48, 2], [49, 2], [50, 2], [51, 2], [52, 2], [53, 2], [54, 2], [55, 2], [56, 2]], ""robot_pos"": [48, 2]}}","{""0"": {""commit_remaining"": 3, ""committed_segment"": [[18, 9], [18, 10], [18, 11], [18, 12], [18, 13], [18, 14], [18, 15], [18, 16]], ""robot_pos"": [18, 9]}, ""1"": {""commit_remaining"": 3, ""committed_segment"": [[49, 2], [50, 2], [51, 2], [52, 2], [53, 2], [54, 2], [55, 2], [56, 2]], ""robot_pos"": [49, 2]}}","{""0"": {""collision"": false, ""collision_cell"": null, ""move_success"": true, ""new_robot_pos"": [18, 9]}, ""1"": {""collision"": false, ""collision_cell"": null, ""move_success"": true, ""new_robot_pos"": [49, 2]}}","{""arrived"": {""0"": true, ""1"": true}, ""final_by_usv"": {""0"": {""arrived"": true, ""final_distance_to_target_m"": 4.973470263331277, ""final_projected_cell"": [18, 9], ""last_known_world"": [-314.8542785644531, 221.08230590820312, 0.1608162373304367], ""observer_pose_source"": ""live_location_sensor"", ""orientation_source"": ""live_orientation_sensor"", ""projection_matches_target"": true, ""standoff_anchor_cell"": [18, 12], ""standoff_anchor_world"": [-280.0, 220.0, 0.0], ""target_cell"": [18, 9], ""target_world"": [-310.0, 220.0, 0.0]}, ""1"": {""arrived"": true, ""final_distance_to_target_m"": 2.8714688091792855, ""final_projected_cell"": [49, 2], ""last_known_world"": [-381.1787414550781, -87.38162231445312, 0.171301931142807], ""observer_pose_source"": ""live_location_sensor"", ""orientation_source"": ""live_orientation_sensor"", ""projection_matches_target"": true, ""standoff_anchor_cell"": [52, 2], ""standoff_anchor_world"": [-380.0, -120.0, 0.0], ""target_cell"": [49, 2], ""target_world"": [-380.0, -90.0, 0.0]}}, ""per_step_fallback_counts"": {""0"": 0, ""1"": 0}, ""policy_step"": 14, ""run_kind"": ""calibration"", ""standoff_anchor_cells"": {""0"": [18, 12], ""1"": [52, 2]}, ""standoff_anchor_world"": {""0"": [-280.0, 220.0, 0.0], ""1"": [-380.0, -120.0, 0.0]}, ""step_min_inter_vessel_distance_m"": 299.88847930313904, ""step_ticks"": 83, ""target_cells"": {""0"": [18, 9], ""1"": [49, 2]}, ""target_world"": {""0"": [-310.0, 220.0, 0.0], ""1"": [-380.0, -90.0, 0.0]}, ""timeout"": false}",True,False,True,[],[false],[null],False,running,3.726813,False,False,False,False
calibration,15,True,baseline_GP.marine_knownmap_runtime_2usv._joint_assign_two_usv_segments,baseline_GP_mainline_planner,False,12.34375,"[0, 1]",False,"[18, 39]","[53, 41]","[[18, 9], [18, 10], [18, 11], [18, 12], [18, 13], [18, 14], [18, 15], [18, 16], [18, 17]]","[[49, 2], [50, 2], [51, 2], [52, 2], [53, 2], [53, 3], [53, 4], [53, 5], [53, 6]]","[18, 10]","[50, 2]","[18, 13]","[53, 2]",baseline_GP_planner_committed_segment_lookahead,True,"{""0"": {""commit_remaining"": 4, ""committed_segment"": [[18, 9], [18, 10], [18, 11], [18, 12], [18, 13], [18, 14], [18, 15], [18, 16], [18, 17]], ""robot_pos"": [18, 9]}, ""1"": {""commit_remaining"": 4, ""committed_segment"": [[49, 2], [50, 2], [51, 2], [52, 2], [53, 2], [53, 3], [53, 4], [53, 5], [53, 6]], ""robot_pos"": [49, 2]}}","{""0"": {""commit_remaining"": 3, ""committed_segment"": [[18, 10], [18, 11], [18, 12], [18, 13], [18, 14], [18, 15], [18, 16], [18, 17]], ""robot_pos"": [18, 10]}, ""1"": {""commit_remaining"": 3, ""committed_segment"": [[50, 2], [51, 2], [52, 2], [53, 2], [53, 3], [53, 4], [53, 5], [53, 6]], ""robot_pos"": [50, 2]}}","{""0"": {""collision"": false, ""collision_cell"": null, ""move_success"": true, ""new_robot_pos"": [18, 10]}, ""1"": {""collision"": false, ""collision_cell"": null, ""move_success"": true, ""new_robot_pos"": [50, 2]}}","{""arrived"": {""0"": true, ""1"": true}, ""final_by_usv"": {""0"": {""arrived"": true, ""final_distance_to_target_m"": 4.9027863906076705, ""final_projected_cell"": [18, 10], ""last_known_world"": [-304.8423156738281, 220.7676544189453, 0.16764520108699799], ""observer_pose_source"": ""live_location_sensor"", ""orientation_source"": ""live_orientation_sensor"", ""projection_matches_target"": true, ""standoff_anchor_cell"": [18, 13], ""standoff_anchor_world"": [-270.0, 220.0, 0.0], ""target_cell"": [18, 10], ""target_world"": [-300.0, 220.0, 0.0]}, ""1"": {""arrived"": true, ""final_distance_to_target_m"": 3.1506038228613886, ""final_projected_cell"": [50, 2], ""last_known_world"": [-378.67041015625, -97.14369201660156, 0.16759952902793884], ""observer_pose_source"": ""live_location_sensor"", ""orientation_source"": ""live_orientation_sensor"", ""projection_matches_target"": true, ""standoff_anchor_cell"": [53, 2], ""standoff_anchor_world"": [-380.0, -130.0, 0.0], ""target_cell"": [50, 2], ""target_world"": [-380.0, -100.0, 0.0]}}, ""per_step_fallback_counts"": {""0"": 0, ""1"": 0}, ""policy_step"": 15, ""run_kind"": ""calibration"", ""standoff_anchor_cells"": {""0"": [18, 13], ""1"": [53, 2]}, ""standoff_anchor_world"": {""0"": [-270.0, 220.0, 0.0], ""1"": [-380.0, -130.0, 0.0]}, ""step_min_inter_vessel_distance_m"": 315.69488593424455, ""step_ticks"": 74, ""target_cells"": {""0"": [18, 10], ""1"": [50, 2]}, ""target_world"": {""0"": [-300.0, 220.0, 0.0], ""1"": [-380.0, -100.0, 0.0]}, ""timeout"": false}",True,False,True,[],[false],[null],False,running,3.138989,False,False,False,False
calibration,16,True,baseline_GP.marine_knownmap_runtime_2usv._joint_assign_two_usv_segments,baseline_GP_mainline_planner,False,14.68888888888889,"[0, 1]",False,"[18, 42]","[53, 41]","[[18, 10], [18, 11], [18, 12], [18, 13], [18, 14], [18, 15], [18, 16], [18, 17], [18, 18]]","[[50, 2], [51, 2], [52, 2], [53, 2], [53, 3], [53, 4], [53, 5], [53, 6], [53, 7]]","[18, 11]","[51, 2]","[18, 14]","[53, 3]",baseline_GP_planner_committed_segment_lookahead,True,"{""0"": {""commit_remaining"": 4, ""committed_segment"": [[18, 10], [18, 11], [18, 12], [18, 13], [18, 14], [18, 15], [18, 16], [18, 17], [18, 18]], ""robot_pos"": [18, 10]}, ""1"": {""commit_remaining"": 4, ""committed_segment"": [[50, 2], [51, 2], [52, 2], [53, 2], [53, 3], [53, 4], [53, 5], [53, 6], [53, 7]], ""robot_pos"": [50, 2]}}","{""0"": {""commit_remaining"": 3, ""committed_segment"": [[18, 11], [18, 12], [18, 13], [18, 14], [18, 15], [18, 16], [18, 17], [18, 18]], ""robot_pos"": [18, 11]}, ""1"": {""commit_remaining"": 3, ""committed_segment"": [[51, 2], [52, 2], [53, 2], [53, 3], [53, 4], [53, 5], [53, 6], [53, 7]], ""robot_pos"": [51, 2]}}","{""0"": {""collision"": false, ""collision_cell"": null, ""move_success"": true, ""new_robot_pos"": [18, 11]}, ""1"": {""collision"": false, ""collision_cell"": null, ""move_success"": true, ""new_robot_pos"": [51, 2]}}","{""arrived"": {""0"": true, ""1"": true}, ""final_by_usv"": {""0"": {""arrived"": true, ""final_distance_to_target_m"": 4.995870541324265, ""final_projected_cell"": [18, 11], ""last_known_world"": [-294.0322265625, 217.05044555664062, 0.1651867926120758], ""observer_pose_source"": ""live_location_sensor"", ""orientation_source"": ""live_orientation_sensor"", ""projection_matches_target"": true, ""standoff_anchor_cell"": [18, 14], ""standoff_anchor_world"": [-260.0, 220.0, 0.0], ""target_cell"": [18, 11], ""target_world"": [-290.0, 220.0, 0.0]}, ""1"": {""arrived"": true, ""final_distance_to_target_m"": 3.318008978235047, ""final_projected_cell"": [51, 2], ""last_known_world"": [-381.2987976074219, -106.9467544555664, 0.17063389718532562], ""observer_pose_source"": ""live_location_sensor"", ""orientation_source"": ""live_orientation_sensor"", ""projection_matches_target"": true, ""standoff_anchor_cell"": [53, 3], ""standoff_anchor_world"": [-370.0, -130.0, 0.0], ""target_cell"": [51, 2], ""target_world"": [-380.0, -110.0, 0.0]}}, ""per_step_fallback_counts"": {""0"": 0, ""1"": 0}, ""policy_step"": 16, ""run_kind"": ""calibration"", ""standoff_anchor_cells"": {""0"": [18, 14], ""1"": [53, 3]}, ""standoff_anchor_world"": {""0"": [-260.0, 220.0, 0.0], ""1"": [-370.0, -130.0, 0.0]}, ""step_min_inter_vessel_distance_m"": 326.4269996645923, ""step_ticks"": 91, ""target_cells"": {""0"": [18, 11], ""1"": [51, 2]}, ""target_world"": {""0"": [-290.0, 220.0, 0.0], ""1"": [-380.0, -110.0, 0.0]}, ""timeout"": false}",True,False,True,[],[false],[null],False,running,3.737973,False,False,False,False
calibration,17,True,baseline_GP.marine_knownmap_runtime_2usv._joint_assign_two_usv_segments,baseline_GP_mainline_planner,False,14.676923076923078,"[0, 1]",False,"[18, 42]","[53, 41]","[[18, 11], [18, 12], [18, 13], [18, 14], [18, 15], [18, 16], [18, 17], [18, 18], [18, 19]]","[[51, 2], [52, 2], [53, 2], [53, 3], [53, 4], [53, 5], [53, 6], [53, 7], [53, 8]]","[18, 12]","[52, 2]","[18, 15]","[53, 4]",baseline_GP_planner_committed_segment_lookahead,True,"{""0"": {""commit_remaining"": 4, ""committed_segment"": [[18, 11], [18, 12], [18, 13], [18, 14], [18, 15], [18, 16], [18, 17], [18, 18], [18, 19]], ""robot_pos"": [18, 11]}, ""1"": {""commit_remaining"": 4, ""committed_segment"": [[51, 2], [52, 2], [53, 2], [53, 3], [53, 4], [53, 5], [53, 6], [53, 7], [53, 8]], ""robot_pos"": [51, 2]}}","{""0"": {""commit_remaining"": 3, ""committed_segment"": [[18, 12], [18, 13], [18, 14], [18, 15], [18, 16], [18, 17], [18, 18], [18, 19]], ""robot_pos"": [18, 12]}, ""1"": {""commit_remaining"": 3, ""committed_segment"": [[52, 2], [53, 2], [53, 3], [53, 4], [53, 5], [53, 6], [53, 7], [53, 8]], ""robot_pos"": [52, 2]}}","{""0"": {""collision"": false, ""collision_cell"": null, ""move_success"": true, ""new_robot_pos"": [18, 12]}, ""1"": {""collision"": false, ""collision_cell"": null, ""move_success"": true, ""new_robot_pos"": [52, 2]}}","{""arrived"": {""0"": true, ""1"": true}, ""final_by_usv"": {""0"": {""arrived"": true, ""final_distance_to_target_m"": 4.971850861319047, ""final_projected_cell"": [18, 12], ""last_known_world"": [-284.7306213378906, 221.52987670898438, 0.1637377291917801], ""observer_pose_source"": ""live_location_sensor"", ""orientation_source"": ""live_orientation_sensor"", ""projection_matches_target"": true, ""standoff_anchor_cell"": [18, 15], ""standoff_anchor_world"": [-250.0, 220.0, 0.0], ""target_cell"": [18, 12], ""target_world"": [-280.0, 220.0, 0.0]}, ""1"": {""arrived"": true, ""final_distance_to_target_m"": 4.335219896176217, ""final_projected_cell"": [52, 2], ""last_known_world"": [-378.0995788574219, -116.10352325439453, 0.17924341559410095], ""observer_pose_source"": ""live_location_sensor"", ""orientation_source"": ""live_orientation_sensor"", ""projection_matches_target"": true, ""standoff_anchor_cell"": [53, 4], ""standoff_anchor_world"": [-360.0, -130.0, 0.0], ""target_cell"": [52, 2], ""target_world"": [-380.0, -120.0, 0.0]}}, ""per_step_fallback_counts"": {""0"": 0, ""1"": 0}, ""policy_step"": 17, ""run_kind"": ""calibration"", ""standoff_anchor_cells"": {""0"": [18, 15], ""1"": [53, 4]}, ""standoff_anchor_world"": {""0"": [-250.0, 220.0, 0.0], ""1"": [-360.0, -130.0, 0.0]}, ""step_min_inter_vessel_distance_m"": 335.68359919785263, ""step_ticks"": 88, ""target_cells"": {""0"": [18, 12], ""1"": [52, 2]}, ""target_world"": {""0"": [-280.0, 220.0, 0.0], ""1"": [-380.0, -120.0, 0.0]}, ""timeout"": false}",True,False,True,[],[false],[null],False,running,3.439789,False,False,False,False
calibration,18,True,baseline_GP.marine_knownmap_runtime_2usv._joint_assign_two_usv_segments,baseline_GP_mainline_planner,False,14.679166666666667,"[0, 1]",False,"[18, 42]","[53, 41]","[[18, 12], [18, 13], [18, 14], [18, 15], [18, 16], [18, 17], [18, 18], [18, 19], [18, 20]]","[[52, 2], [53, 2], [53, 3], [53, 4], [53, 5], [53, 6], [53, 7], [53, 8], [53, 9]]","[18, 13]","[53, 2]","[18, 16]","[53, 5]",baseline_GP_planner_committed_segment_lookahead,True,"{""0"": {""commit_remaining"": 4, ""committed_segment"": [[18, 12], [18, 13], [18, 14], [18, 15], [18, 16], [18, 17], [18, 18], [18, 19], [18, 20]], ""robot_pos"": [18, 12]}, ""1"": {""commit_remaining"": 4, ""committed_segment"": [[52, 2], [53, 2], [53, 3], [53, 4], [53, 5], [53, 6], [53, 7], [53, 8], [53, 9]], ""robot_pos"": [52, 2]}}","{""0"": {""commit_remaining"": 3, ""committed_segment"": [[18, 13], [18, 14], [18, 15], [18, 16], [18, 17], [18, 18], [18, 19], [18, 20]], ""robot_pos"": [18, 13]}, ""1"": {""commit_remaining"": 3, ""committed_segment"": [[53, 2], [53, 3], [53, 4], [53, 5], [53, 6], [53, 7], [53, 8], [53, 9]], ""robot_pos"": [53, 2]}}","{""0"": {""collision"": false, ""collision_cell"": null, ""move_success"": true, ""new_robot_pos"": [18, 13]}, ""1"": {""collision"": false, ""collision_cell"": null, ""move_success"": true, ""new_robot_pos"": [53, 2]}}","{""arrived"": {""0"": true, ""1"": true}, ""final_by_usv"": {""0"": {""arrived"": true, ""final_distance_to_target_m"": 4.998412832723652, ""final_projected_cell"": [18, 13], ""last_known_world"": [-274.9598693847656, 219.38046264648438, 0.16397131979465485], ""observer_pose_source"": ""live_location_sensor"", ""orientation_source"": ""live_orientation_sensor"", ""projection_matches_target"": true, ""standoff_anchor_cell"": [18, 16], ""standoff_anchor_world"": [-240.0, 220.0, 0.0], ""target_cell"": [18, 13], ""target_world"": [-270.0, 220.0, 0.0]}, ""1"": {""arrived"": true, ""final_distance_to_target_m"": 4.724191630622967, ""final_projected_cell"": [53, 2], ""last_known_world"": [-380.9259033203125, -125.367431640625, 0.17077599465847015], ""observer_pose_source"": ""live_location_sensor"", ""orientation_source"": ""live_orientation_sensor"", ""projection_matches_target"": true, ""standoff_anchor_cell"": [53, 5], ""standoff_anchor_world"": [-350.0, -130.0, 0.0], ""target_cell"": [53, 2], ""target_world"": [-380.0, -130.0, 0.0]}}, ""per_step_fallback_counts"": {""0"": 0, ""1"": 0}, ""policy_step"": 18, ""run_kind"": ""calibration"", ""standoff_anchor_cells"": {""0"": [18, 16], ""1"": [53, 5]}, ""standoff_anchor_world"": {""0"": [-240.0, 220.0, 0.0], ""1"": [-350.0, -130.0, 0.0]}, ""step_min_inter_vessel_distance_m"": 350.4941104021658, ""step_ticks"": 72, ""target_cells"": {""0"": [18, 13], ""1"": [53, 2]}, ""target_world"": {""0"": [-270.0, 220.0, 0.0], ""1"": [-380.0, -130.0, 0.0]}, ""timeout"": false}",True,False,True,[],[false],[null],False,running,3.006272,False,False,False,False
calibration,19,True,baseline_GP.marine_knownmap_runtime_2usv._joint_assign_two_usv_segments,baseline_GP_mainline_planner,False,13.62798638360166,"[0, 1]",False,"[24, 11]","[53, 42]","[[18, 13], [19, 13], [20, 13], [21, 13], [22, 13], [23, 13], [24, 13], [24, 12], [24, 11]]","[[53, 2], [53, 3], [53, 4], [53, 5], [53, 6], [53, 7], [53, 8], [53, 9], [53, 10]]","[19, 13]","[53, 3]","[22, 13]","[53, 6]",baseline_GP_planner_committed_segment_lookahead,True,"{""0"": {""commit_remaining"": 4, ""committed_segment"": [[18, 13], [19, 13], [20, 13], [21, 13], [22, 13], [23, 13], [24, 13], [24, 12], [24, 11]], ""robot_pos"": [18, 13]}, ""1"": {""commit_remaining"": 4, ""committed_segment"": [[53, 2], [53, 3], [53, 4], [53, 5], [53, 6], [53, 7], [53, 8], [53, 9], [53, 10]], ""robot_pos"": [53, 2]}}","{""0"": {""commit_remaining"": 3, ""committed_segment"": [[19, 13], [20, 13], [21, 13], [22, 13], [23, 13], [24, 13], [24, 12], [24, 11]], ""robot_pos"": [19, 13]}, ""1"": {""commit_remaining"": 3, ""committed_segment"": [[53, 3], [53, 4], [53, 5], [53, 6], [53, 7], [53, 8], [53, 9], [53, 10]], ""robot_pos"": [53, 3]}}","{""0"": {""collision"": false, ""collision_cell"": null, ""move_success"": true, ""new_robot_pos"": [19, 13]}, ""1"": {""collision"": false, ""collision_cell"": null, ""move_success"": true, ""new_robot_pos"": [53, 3]}}","{""arrived"": {""0"": true, ""1"": true}, ""final_by_usv"": {""0"": {""arrived"": true, ""final_distance_to_target_m"": 3.231120409422773, ""final_projected_cell"": [19, 13], ""last_known_world"": [-268.65228271484375, 212.93663024902344, 0.16305238008499146], ""observer_pose_source"": ""live_location_sensor"", ""orientation_source"": ""live_orientation_sensor"", ""projection_matches_target"": true, ""standoff_anchor_cell"": [22, 13], ""standoff_anchor_world"": [-270.0, 180.0, 0.0], ""target_cell"": [19, 13], ""target_world"": [-270.0, 210.0, 0.0]}, ""1"": {""arrived"": true, ""final_distance_to_target_m"": 4.952086600450924, ""final_projected_cell"": [53, 3], ""last_known_world"": [-374.58160400390625, -128.12062072753906, 0.19864393770694733], ""observer_pose_source"": ""live_location_sensor"", ""orientation_source"": ""live_orientation_sensor"", ""projection_matches_target"": true, ""standoff_anchor_cell"": [53, 6], ""standoff_anchor_world"": [-340.0, -130.0, 0.0], ""target_cell"": [53, 3], ""target_world"": [-370.0, -130.0, 0.0]}}, ""per_step_fallback_counts"": {""0"": 0, ""1"": 0}, ""policy_step"": 19, ""run_kind"": ""calibration"", ""standoff_anchor_cells"": {""0"": [22, 13], ""1"": [53, 6]}, ""standoff_anchor_world"": {""0"": [-270.0, 180.0, 0.0], ""1"": [-340.0, -130.0, 0.0]}, ""step_min_inter_vessel_distance_m"": 357.12892567314026, ""step_ticks"": 87, ""target_cells"": {""0"": [19, 13], ""1"": [53, 3]}, ""target_world"": {""0"": [-270.0, 210.0, 0.0], ""1"": [-370.0, -130.0, 0.0]}, ""timeout"": false}",True,False,True,[],[false],[null],False,running,3.54202,False,False,False,False
calibration,20,True,baseline_GP.marine_knownmap_runtime_2usv._joint_assign_two_usv_segments,baseline_GP_mainline_planner,False,13.928105210648244,"[0, 1]",False,"[27, 12]","[53, 40]","[[19, 13], [20, 13], [21, 13], [22, 13], [23, 13], [24, 13], [25, 13], [26, 13], [27, 13]]","[[53, 3], [53, 4], [53, 5], [53, 6], [53, 7], [53, 8], [53, 9], [53, 10], [53, 11]]","[20, 13]","[53, 4]","[23, 13]","[53, 7]",baseline_GP_planner_committed_segment_lookahead,True,"{""0"": {""commit_remaining"": 4, ""committed_segment"": [[19, 13], [20, 13], [21, 13], [22, 13], [23, 13], [24, 13], [25, 13], [26, 13], [27, 13]], ""robot_pos"": [19, 13]}, ""1"": {""commit_remaining"": 4, ""committed_segment"": [[53, 3], [53, 4], [53, 5], [53, 6], [53, 7], [53, 8], [53, 9], [53, 10], [53, 11]], ""robot_pos"": [53, 3]}}","{""0"": {""commit_remaining"": 3, ""committed_segment"": [[20, 13], [21, 13], [22, 13], [23, 13], [24, 13], [25, 13], [26, 13], [27, 13]], ""robot_pos"": [20, 13]}, ""1"": {""commit_remaining"": 3, ""committed_segment"": [[53, 4], [53, 5], [53, 6], [53, 7], [53, 8], [53, 9], [53, 10], [53, 11]], ""robot_pos"": [53, 4]}}","{""0"": {""collision"": false, ""collision_cell"": null, ""move_success"": true, ""new_robot_pos"": [20, 13]}, ""1"": {""collision"": false, ""collision_cell"": null, ""move_success"": true, ""new_robot_pos"": [53, 4]}}","{""arrived"": {""0"": true, ""1"": true}, ""final_by_usv"": {""0"": {""arrived"": true, ""final_distance_to_target_m"": 3.469507558930345, ""final_projected_cell"": [20, 13], ""last_known_world"": [-271.5709228515625, 203.09349060058594, 0.16766011714935303], ""observer_pose_source"": ""live_location_sensor"", ""orientation_source"": ""live_orientation_sensor"", ""projection_matches_target"": true, ""standoff_anchor_cell"": [23, 13], ""standoff_anchor_world"": [-270.0, 170.0, 0.0], ""target_cell"": [20, 13], ""target_world"": [-270.0, 200.0, 0.0]}, ""1"": {""arrived"": true, ""final_distance_to_target_m"": 4.965874626440281, ""final_projected_cell"": [53, 4], ""last_known_world"": [-363.40460205078125, -126.38494873046875, 0.18649932742118835], ""observer_pose_source"": ""live_location_sensor"", ""orientation_source"": ""live_orientation_sensor"", ""projection_matches_target"": true, ""standoff_anchor_cell"": [53, 7], ""standoff_anchor_world"": [-330.0, -130.0, 0.0], ""target_cell"": [53, 4], ""target_world"": [-360.0, -130.0, 0.0]}}, ""per_step_fallback_counts"": {""0"": 0, ""1"": 0}, ""policy_step"": 20, ""run_kind"": ""calibration"", ""standoff_anchor_cells"": {""0"": [23, 13], ""1"": [53, 7]}, ""standoff_anchor_world"": {""0"": [-270.0, 170.0, 0.0], ""1"": [-330.0, -130.0, 0.0]}, ""step_min_inter_vessel_distance_m"": 342.03722987314194, ""step_ticks"": 92, ""target_cells"": {""0"": [20, 13], ""1"": [53, 4]}, ""target_world"": {""0"": [-270.0, 200.0, 0.0], ""1"": [-360.0, -130.0, 0.0]}, ""timeout"": false}",True,False,True,[],[false],[null],False,running,3.543123,False,False,False,False
target,1,True,baseline_GP.marine_knownmap_runtime_2usv._joint_assign_two_usv_segments,baseline_GP_mainline_planner,False,6.486486486486487,"[0, 1]",False,"[16, 39]","[53, 39]","[[25, 2], [24, 2], [23, 2], [22, 2], [21, 2], [20, 2], [19, 2], [18, 2], [17, 2]]","[[35, 2], [36, 2], [37, 2], [38, 2], [39, 2], [40, 2], [41, 2], [42, 2], [43, 2]]","[24, 2]","[36, 2]","[21, 2]","[39, 2]",baseline_GP_planner_committed_segment_lookahead,True,"{""0"": {""commit_remaining"": 4, ""committed_segment"": [[25, 2], [24, 2], [23, 2], [22, 2], [21, 2], [20, 2], [19, 2], [18, 2], [17, 2]], ""robot_pos"": [25, 2]}, ""1"": {""commit_remaining"": 4, ""committed_segment"": [[35, 2], [36, 2], [37, 2], [38, 2], [39, 2], [40, 2], [41, 2], [42, 2], [43, 2]], ""robot_pos"": [35, 2]}}","{""0"": {""commit_remaining"": 3, ""committed_segment"": [[24, 2], [23, 2], [22, 2], [21, 2], [20, 2], [19, 2], [18, 2], [17, 2]], ""robot_pos"": [24, 2]}, ""1"": {""commit_remaining"": 3, ""committed_segment"": [[36, 2], [37, 2], [38, 2], [39, 2], [40, 2], [41, 2], [42, 2], [43, 2]], ""robot_pos"": [36, 2]}}","{""0"": {""collision"": false, ""collision_cell"": null, ""move_success"": true, ""new_robot_pos"": [24, 2]}, ""1"": {""collision"": false, ""collision_cell"": null, ""move_success"": true, ""new_robot_pos"": [36, 2]}}","{""arrived"": {""0"": true, ""1"": true}, ""final_by_usv"": {""0"": {""arrived"": true, ""final_distance_to_target_m"": 4.9887716289223505, ""final_projected_cell"": [24, 2], ""last_known_world"": [-379.4668884277344, 155.039794921875, 0.2296222746372223], ""observer_pose_source"": ""live_location_sensor"", ""orientation_source"": ""live_orientation_sensor"", ""projection_matches_target"": true, ""standoff_anchor_cell"": [21, 2], ""standoff_anchor_world"": [-380.0, 190.0, 0.0], ""target_cell"": [24, 2], ""target_world"": [-380.0, 160.0, 0.0]}, ""1"": {""arrived"": true, ""final_distance_to_target_m"": 4.988715267853537, ""final_projected_cell"": [36, 2], ""last_known_world"": [-379.4669189453125, 44.96015167236328, 0.22945047914981842], ""observer_pose_source"": ""live_location_sensor"", ""orientation_source"": ""live_orientation_sensor"", ""projection_matches_target"": true, ""standoff_anchor_cell"": [39, 2], ""standoff_anchor_world"": [-380.0, 10.0, 0.0], ""target_cell"": [36, 2], ""target_world"": [-380.0, 40.0, 0.0]}}, ""per_step_fallback_counts"": {""0"": 0, ""1"": 0}, ""policy_step"": 1, ""run_kind"": ""target"", ""standoff_anchor_cells"": {""0"": [21, 2], ""1"": [39, 2]}, ""standoff_anchor_world"": {""0"": [-380.0, 190.0, 0.0], ""1"": [-380.0, 10.0, 0.0]}, ""step_min_inter_vessel_distance_m"": 99.9589576721238, ""step_ticks"": 75, ""target_cells"": {""0"": [24, 2], ""1"": [36, 2]}, ""target_world"": {""0"": [-380.0, 160.0, 0.0], ""1"": [-380.0, 40.0, 0.0]}, ""timeout"": false}",True,True,True,[],[false],[null],False,running,5.025631,False,False,False,False
target,2,True,baseline_GP.marine_knownmap_runtime_2usv._joint_assign_two_usv_segments,baseline_GP_mainline_planner,False,6.15,"[0, 1]",False,"[18, 41]","[54, 39]","[[24, 2], [23, 2], [22, 2], [21, 2], [20, 2], [19, 2], [18, 2], [18, 3], [18, 4]]","[[36, 2], [37, 2], [38, 2], [39, 2], [40, 2], [41, 2], [42, 2], [43, 2], [44, 2]]","[23, 2]","[37, 2]","[20, 2]","[40, 2]",baseline_GP_planner_committed_segment_lookahead,True,"{""0"": {""commit_remaining"": 4, ""committed_segment"": [[24, 2], [23, 2], [22, 2], [21, 2], [20, 2], [19, 2], [18, 2], [18, 3], [18, 4]], ""robot_pos"": [24, 2]}, ""1"": {""commit_remaining"": 4, ""committed_segment"": [[36, 2], [37, 2], [38, 2], [39, 2], [40, 2], [41, 2], [42, 2], [43, 2], [44, 2]], ""robot_pos"": [36, 2]}}","{""0"": {""commit_remaining"": 3, ""committed_segment"": [[23, 2], [22, 2], [21, 2], [20, 2], [19, 2], [18, 2], [18, 3], [18, 4]], ""robot_pos"": [23, 2]}, ""1"": {""commit_remaining"": 3, ""committed_segment"": [[37, 2], [38, 2], [39, 2], [40, 2], [41, 2], [42, 2], [43, 2], [44, 2]], ""robot_pos"": [37, 2]}}","{""0"": {""collision"": false, ""collision_cell"": null, ""move_success"": true, ""new_robot_pos"": [23, 2]}, ""1"": {""collision"": false, ""collision_cell"": null, ""move_success"": true, ""new_robot_pos"": [37, 2]}}","{""arrived"": {""0"": true, ""1"": true}, ""final_by_usv"": {""0"": {""arrived"": true, ""final_distance_to_target_m"": 4.9601620961982995, ""final_projected_cell"": [23, 2], ""last_known_world"": [-383.82550048828125, 166.84266662597656, 0.19743074476718903], ""observer_pose_source"": ""live_location_sensor"", ""orientation_source"": ""live_orientation_sensor"", ""projection_matches_target"": true, ""standoff_anchor_cell"": [20, 2], ""standoff_anchor_world"": [-380.0, 200.0, 0.0], ""target_cell"": [23, 2], ""target_world"": [-380.0, 170.0, 0.0]}, ""1"": {""arrived"": true, ""final_distance_to_target_m"": 4.960116705862323, ""final_projected_cell"": [37, 2], ""last_known_world"": [-383.8254699707031, 33.15729904174805, 0.20337843894958496], ""observer_pose_source"": ""live_location_sensor"", ""orientation_source"": ""live_orientation_sensor"", ""projection_matches_target"": true, ""standoff_anchor_cell"": [40, 2], ""standoff_anchor_world"": [-380.0, 0.0, 0.0], ""target_cell"": [37, 2], ""target_world"": [-380.0, 30.0, 0.0]}}, ""per_step_fallback_counts"": {""0"": 0, ""1"": 0}, ""policy_step"": 2, ""run_kind"": ""target"", ""standoff_anchor_cells"": {""0"": [20, 2], ""1"": [40, 2]}, ""standoff_anchor_world"": {""0"": [-380.0, 200.0, 0.0], ""1"": [-380.0, 0.0, 0.0]}, ""step_min_inter_vessel_distance_m"": 110.34974288940852, ""step_ticks"": 111, ""target_cells"": {""0"": [23, 2], ""1"": [37, 2]}, ""target_world"": {""0"": [-380.0, 170.0, 0.0], ""1"": [-380.0, 30.0, 0.0]}, ""timeout"": false}",True,True,True,[],[false],[null],False,running,6.119984,False,False,False,False
target,3,True,baseline_GP.marine_knownmap_runtime_2usv._joint_assign_two_usv_segments,baseline_GP_mainline_planner,False,6.15,"[0, 1]",False,"[18, 41]","[54, 40]","[[23, 2], [22, 2], [21, 2], [20, 2], [19, 2], [18, 2], [18, 3], [18, 4], [18, 5]]","[[37, 2], [38, 2], [39, 2], [40, 2], [41, 2], [42, 2], [43, 2], [44, 2], [45, 2]]","[22, 2]","[38, 2]","[19, 2]","[41, 2]",baseline_GP_planner_committed_segment_lookahead,True,"{""0"": {""commit_remaining"": 4, ""committed_segment"": [[23, 2], [22, 2], [21, 2], [20, 2], [19, 2], [18, 2], [18, 3], [18, 4], [18, 5]], ""robot_pos"": [23, 2]}, ""1"": {""commit_remaining"": 4, ""committed_segment"": [[37, 2], [38, 2], [39, 2], [40, 2], [41, 2], [42, 2], [43, 2], [44, 2], [45, 2]], ""robot_pos"": [37, 2]}}","{""0"": {""commit_remaining"": 3, ""committed_segment"": [[22, 2], [21, 2], [20, 2], [19, 2], [18, 2], [18, 3], [18, 4], [18, 5]], ""robot_pos"": [22, 2]}, ""1"": {""commit_remaining"": 3, ""committed_segment"": [[38, 2], [39, 2], [40, 2], [41, 2], [42, 2], [43, 2], [44, 2], [45, 2]], ""robot_pos"": [38, 2]}}","{""0"": {""collision"": false, ""collision_cell"": null, ""move_success"": true, ""new_robot_pos"": [22, 2]}, ""1"": {""collision"": false, ""collision_cell"": null, ""move_success"": true, ""new_robot_pos"": [38, 2]}}","{""arrived"": {""0"": true, ""1"": true}, ""final_by_usv"": {""0"": {""arrived"": true, ""final_distance_to_target_m"": 4.968616282607319, ""final_projected_cell"": [22, 2], ""last_known_world"": [-378.4474792480469, 175.28016662597656, 0.17647601664066315], ""observer_pose_source"": ""live_location_sensor"", ""orientation_source"": ""live_orientation_sensor"", ""projection_matches_target"": true, ""standoff_anchor_cell"": [19, 2], ""standoff_anchor_world"": [-380.0, 210.0, 0.0], ""target_cell"": [22, 2], ""target_world"": [-380.0, 180.0, 0.0]}, ""1"": {""arrived"": true, ""final_distance_to_target_m"": 4.968614470761315, ""final_projected_cell"": [38, 2], ""last_known_world"": [-378.4474792480469, 24.719831466674805, 0.18782266974449158], ""observer_pose_source"": ""live_location_sensor"", ""orientation_source"": ""live_orientation_sensor"", ""projection_matches_target"": true, ""standoff_anchor_cell"": [41, 2], ""standoff_anchor_world"": [-380.0, -10.0, 0.0], ""target_cell"": [38, 2], ""target_world"": [-380.0, 20.0, 0.0]}}, ""per_step_fallback_counts"": {""0"": 0, ""1"": 0}, ""policy_step"": 3, ""run_kind"": ""target"", ""standoff_anchor_cells"": {""0"": [19, 2], ""1"": [41, 2]}, ""standoff_anchor_world"": {""0"": [-380.0, 210.0, 0.0], ""1"": [-380.0, -10.0, 0.0]}, ""step_min_inter_vessel_distance_m"": 133.8973808288609, ""step_ticks"": 88, ""target_cells"": {""0"": [22, 2], ""1"": [38, 2]}, ""target_world"": {""0"": [-380.0, 180.0, 0.0], ""1"": [-380.0, 20.0, 0.0]}, ""timeout"": false}",True,True,True,[],[false],[null],False,running,5.356763,False,False,False,False
target,4,True,baseline_GP.marine_knownmap_runtime_2usv._joint_assign_two_usv_segments,baseline_GP_mainline_planner,False,6.15,"[0, 1]",False,"[18, 40]","[54, 40]","[[22, 2], [21, 2], [20, 2], [19, 2], [18, 2], [18, 3], [18, 4], [18, 5], [18, 6]]","[[38, 2], [39, 2], [40, 2], [41, 2], [42, 2], [43, 2], [44, 2], [45, 2], [46, 2]]","[21, 2]","[39, 2]","[18, 2]","[42, 2]",baseline_GP_planner_committed_segment_lookahead,True,"{""0"": {""commit_remaining"": 4, ""committed_segment"": [[22, 2], [21, 2], [20, 2], [19, 2], [18, 2], [18, 3], [18, 4], [18, 5], [18, 6]], ""robot_pos"": [22, 2]}, ""1"": {""commit_remaining"": 4, ""committed_segment"": [[38, 2], [39, 2], [40, 2], [41, 2], [42, 2], [43, 2], [44, 2], [45, 2], [46, 2]], ""robot_pos"": [38, 2]}}","{""0"": {""commit_remaining"": 3, ""committed_segment"": [[21, 2], [20, 2], [19, 2], [18, 2], [18, 3], [18, 4], [18, 5], [18, 6]], ""robot_pos"": [21, 2]}, ""1"": {""commit_remaining"": 3, ""committed_segment"": [[39, 2], [40, 2], [41, 2], [42, 2], [43, 2], [44, 2], [45, 2], [46, 2]], ""robot_pos"": [39, 2]}}","{""0"": {""collision"": false, ""collision_cell"": null, ""move_success"": true, ""new_robot_pos"": [21, 2]}, ""1"": {""collision"": false, ""collision_cell"": null, ""move_success"": true, ""new_robot_pos"": [39, 2]}}","{""arrived"": {""0"": true, ""1"": true}, ""final_by_usv"": {""0"": {""arrived"": true, ""final_distance_to_target_m"": 4.935663284564757, ""final_projected_cell"": [21, 2], ""last_known_world"": [-379.2996826171875, 185.11427307128906, 0.1704578846693039], ""observer_pose_source"": ""live_location_sensor"", ""orientation_source"": ""live_orientation_sensor"", ""projection_matches_target"": true, ""standoff_anchor_cell"": [18, 2], ""standoff_anchor_world"": [-380.0, 220.0, 0.0], ""target_cell"": [21, 2], ""target_world"": [-380.0, 190.0, 0.0]}, ""1"": {""arrived"": true, ""final_distance_to_target_m"": 4.935650232616109, ""final_projected_cell"": [39, 2], ""last_known_world"": [-379.29962158203125, 14.88570499420166, 0.17951327562332153], ""observer_pose_source"": ""live_location_sensor"", ""orientation_source"": ""live_orientation_sensor"", ""projection_matches_target"": true, ""standoff_anchor_cell"": [42, 2], ""standoff_anchor_world"": [-380.0, -20.0, 0.0], ""target_cell"": [39, 2], ""target_world"": [-380.0, 10.0, 0.0]}}, ""per_step_fallback_counts"": {""0"": 0, ""1"": 0}, ""policy_step"": 4, ""run_kind"": ""target"", ""standoff_anchor_cells"": {""0"": [18, 2], ""1"": [42, 2]}, ""standoff_anchor_world"": {""0"": [-380.0, 220.0, 0.0], ""1"": [-380.0, -20.0, 0.0]}, ""step_min_inter_vessel_distance_m"": 150.8258934020996, ""step_ticks"": 68, ""target_cells"": {""0"": [21, 2], ""1"": [39, 2]}, ""target_world"": {""0"": [-380.0, 190.0, 0.0], ""1"": [-380.0, 10.0, 0.0]}, ""timeout"": false}",True,True,True,[],[false],[null],False,running,3.921211,False,False,False,False
target,5,True,baseline_GP.marine_knownmap_runtime_2usv._joint_assign_two_usv_segments,baseline_GP_mainline_planner,False,8.5,"[0, 1]",False,"[18, 40]","[54, 40]","[[21, 2], [20, 2], [19, 2], [18, 2], [18, 3], [18, 4], [18, 5], [18, 6], [18, 7]]","[[39, 2], [40, 2], [41, 2], [42, 2], [43, 2], [44, 2], [45, 2], [46, 2], [47, 2]]","[20, 2]","[40, 2]","[18, 3]","[43, 2]",baseline_GP_planner_committed_segment_lookahead,True,"{""0"": {""commit_remaining"": 4, ""committed_segment"": [[21, 2], [20, 2], [19, 2], [18, 2], [18, 3], [18, 4], [18, 5], [18, 6], [18, 7]], ""robot_pos"": [21, 2]}, ""1"": {""commit_remaining"": 4, ""committed_segment"": [[39, 2], [40, 2], [41, 2], [42, 2], [43, 2], [44, 2], [45, 2], [46, 2], [47, 2]], ""robot_pos"": [39, 2]}}","{""0"": {""commit_remaining"": 3, ""committed_segment"": [[20, 2], [19, 2], [18, 2], [18, 3], [18, 4], [18, 5], [18, 6], [18, 7]], ""robot_pos"": [20, 2]}, ""1"": {""commit_remaining"": 3, ""committed_segment"": [[40, 2], [41, 2], [42, 2], [43, 2], [44, 2], [45, 2], [46, 2], [47, 2]], ""robot_pos"": [40, 2]}}","{""0"": {""collision"": false, ""collision_cell"": null, ""move_success"": true, ""new_robot_pos"": [20, 2]}, ""1"": {""collision"": false, ""collision_cell"": null, ""move_success"": true, ""new_robot_pos"": [40, 2]}}","{""arrived"": {""0"": true, ""1"": true}, ""final_by_usv"": {""0"": {""arrived"": true, ""final_distance_to_target_m"": 4.938535508254186, ""final_projected_cell"": [20, 2], ""last_known_world"": [-382.84136962890625, 195.96072387695312, 0.17675262689590454], ""observer_pose_source"": ""live_location_sensor"", ""orientation_source"": ""live_orientation_sensor"", ""projection_matches_target"": true, ""standoff_anchor_cell"": [18, 3], ""standoff_anchor_world"": [-370.0, 220.0, 0.0], ""target_cell"": [20, 2], ""target_world"": [-380.0, 200.0, 0.0]}, ""1"": {""arrived"": true, ""final_distance_to_target_m"": 4.938383373649789, ""final_projected_cell"": [40, 2], ""last_known_world"": [-382.84124755859375, 4.039175987243652, 0.17183494567871094], ""observer_pose_source"": ""live_location_sensor"", ""orientation_source"": ""live_orientation_sensor"", ""projection_matches_target"": true, ""standoff_anchor_cell"": [43, 2], ""standoff_anchor_world"": [-380.0, -30.0, 0.0], ""target_cell"": [40, 2], ""target_world"": [-380.0, 0.0, 0.0]}}, ""per_step_fallback_counts"": {""0"": 0, ""1"": 0}, ""policy_step"": 5, ""run_kind"": ""target"", ""standoff_anchor_cells"": {""0"": [18, 3], ""1"": [43, 2]}, ""standoff_anchor_world"": {""0"": [-370.0, 220.0, 0.0], ""1"": [-380.0, -30.0, 0.0]}, ""step_min_inter_vessel_distance_m"": 170.51438808442254, ""step_ticks"": 90, ""target_cells"": {""0"": [20, 2], ""1"": [40, 2]}, ""target_world"": {""0"": [-380.0, 200.0, 0.0], ""1"": [-380.0, 0.0, 0.0]}, ""timeout"": false}",True,True,True,[],[false],[null],False,running,6.606607,False,False,False,False
target,6,True,baseline_GP.marine_knownmap_runtime_2usv._joint_assign_two_usv_segments,baseline_GP_mainline_planner,False,8.5,"[0, 1]",False,"[18, 41]","[54, 40]","[[20, 2], [19, 2], [18, 2], [18, 3], [18, 4], [18, 5], [18, 6], [18, 7], [18, 8]]","[[40, 2], [41, 2], [42, 2], [43, 2], [44, 2], [45, 2], [46, 2], [47, 2], [48, 2]]","[19, 2]","[41, 2]","[18, 4]","[44, 2]",baseline_GP_planner_committed_segment_lookahead,True,"{""0"": {""commit_remaining"": 4, ""committed_segment"": [[20, 2], [19, 2], [18, 2], [18, 3], [18, 4], [18, 5], [18, 6], [18, 7], [18, 8]], ""robot_pos"": [20, 2]}, ""1"": {""commit_remaining"": 4, ""committed_segment"": [[40, 2], [41, 2], [42, 2], [43, 2], [44, 2], [45, 2], [46, 2], [47, 2], [48, 2]], ""robot_pos"": [40, 2]}}","{""0"": {""commit_remaining"": 3, ""committed_segment"": [[19, 2], [18, 2], [18, 3], [18, 4], [18, 5], [18, 6], [18, 7], [18, 8]], ""robot_pos"": [19, 2]}, ""1"": {""commit_remaining"": 3, ""committed_segment"": [[41, 2], [42, 2], [43, 2], [44, 2], [45, 2], [46, 2], [47, 2], [48, 2]], ""robot_pos"": [41, 2]}}","{""0"": {""collision"": false, ""collision_cell"": null, ""move_success"": true, ""new_robot_pos"": [19, 2]}, ""1"": {""collision"": false, ""collision_cell"": null, ""move_success"": true, ""new_robot_pos"": [41, 2]}}","{""arrived"": {""0"": true, ""1"": true}, ""final_by_usv"": {""0"": {""arrived"": true, ""final_distance_to_target_m"": 4.928507694131011, ""final_projected_cell"": [19, 2], ""last_known_world"": [-378.35546875, 205.3539581298828, 0.16958679258823395], ""observer_pose_source"": ""live_location_sensor"", ""orientation_source"": ""live_orientation_sensor"", ""projection_matches_target"": true, ""standoff_anchor_cell"": [18, 4], ""standoff_anchor_world"": [-360.0, 220.0, 0.0], ""target_cell"": [19, 2], ""target_world"": [-380.0, 210.0, 0.0]}, ""1"": {""arrived"": true, ""final_distance_to_target_m"": 4.928525069358254, ""final_projected_cell"": [41, 2], ""last_known_world"": [-378.3554382324219, -5.353950500488281, 0.18193162977695465], ""observer_pose_source"": ""live_location_sensor"", ""orientation_source"": ""live_orientation_sensor"", ""projection_matches_target"": true, ""standoff_anchor_cell"": [44, 2], ""standoff_anchor_world"": [-380.0, -40.0, 0.0], ""target_cell"": [41, 2], ""target_world"": [-380.0, -10.0, 0.0]}}, ""per_step_fallback_counts"": {""0"": 0, ""1"": 0}, ""policy_step"": 6, ""run_kind"": ""target"", ""standoff_anchor_cells"": {""0"": [18, 4], ""1"": [44, 2]}, ""standoff_anchor_world"": {""0"": [-360.0, 220.0, 0.0], ""1"": [-380.0, -40.0, 0.0]}, ""step_min_inter_vessel_distance_m"": 192.14987754823957, ""step_ticks"": 90, ""target_cells"": {""0"": [19, 2], ""1"": [41, 2]}, ""target_world"": {""0"": [-380.0, 210.0, 0.0], ""1"": [-380.0, -10.0, 0.0]}, ""timeout"": false}",True,True,True,[],[false],[null],False,running,6.080706,False,False,False,False
target,7,True,baseline_GP.marine_knownmap_runtime_2usv._joint_assign_two_usv_segments,baseline_GP_mainline_planner,False,8.5,"[0, 1]",False,"[18, 41]","[55, 38]","[[19, 2], [18, 2], [18, 3], [18, 4], [18, 5], [18, 6], [18, 7], [18, 8], [18, 9]]","[[41, 2], [42, 2], [43, 2], [44, 2], [45, 2], [46, 2], [47, 2], [48, 2], [49, 2]]","[18, 2]","[42, 2]","[18, 5]","[45, 2]",baseline_GP_planner_committed_segment_lookahead,True,"{""0"": {""commit_remaining"": 4, ""committed_segment"": [[19, 2], [18, 2], [18, 3], [18, 4], [18, 5], [18, 6], [18, 7], [18, 8], [18, 9]], ""robot_pos"": [19, 2]}, ""1"": {""commit_remaining"": 4, ""committed_segment"": [[41, 2], [42, 2], [43, 2], [44, 2], [45, 2], [46, 2], [47, 2], [48, 2], [49, 2]], ""robot_pos"": [41, 2]}}","{""0"": {""commit_remaining"": 3, ""committed_segment"": [[18, 2], [18, 3], [18, 4], [18, 5], [18, 6], [18, 7], [18, 8], [18, 9]], ""robot_pos"": [18, 2]}, ""1"": {""commit_remaining"": 3, ""committed_segment"": [[42, 2], [43, 2], [44, 2], [45, 2], [46, 2], [47, 2], [48, 2], [49, 2]], ""robot_pos"": [42, 2]}}","{""0"": {""collision"": false, ""collision_cell"": null, ""move_success"": true, ""new_robot_pos"": [18, 2]}, ""1"": {""collision"": false, ""collision_cell"": null, ""move_success"": true, ""new_robot_pos"": [42, 2]}}","{""arrived"": {""0"": true, ""1"": true}, ""final_by_usv"": {""0"": {""arrived"": true, ""final_distance_to_target_m"": 4.983256140177452, ""final_projected_cell"": [18, 2], ""last_known_world"": [-380.3085632324219, 215.02630615234375, 0.16744329035282135], ""observer_pose_source"": ""live_location_sensor"", ""orientation_source"": ""live_orientation_sensor"", ""projection_matches_target"": true, ""standoff_anchor_cell"": [18, 5], ""standoff_anchor_world"": [-350.0, 220.0, 0.0], ""target_cell"": [18, 2], ""target_world"": [-380.0, 220.0, 0.0]}, ""1"": {""arrived"": true, ""final_distance_to_target_m"": 4.9832123837613995, ""final_projected_cell"": [42, 2], ""last_known_world"": [-380.3085021972656, -15.026346206665039, 0.17986102402210236], ""observer_pose_source"": ""live_location_sensor"", ""orientation_source"": ""live_orientation_sensor"", ""projection_matches_target"": true, ""standoff_anchor_cell"": [45, 2], ""standoff_anchor_world"": [-380.0, -50.0, 0.0], ""target_cell"": [42, 2], ""target_world"": [-380.0, -20.0, 0.0]}}, ""per_step_fallback_counts"": {""0"": 0, ""1"": 0}, ""policy_step"": 7, ""run_kind"": ""target"", ""standoff_anchor_cells"": {""0"": [18, 5], ""1"": [45, 2]}, ""standoff_anchor_world"": {""0"": [-350.0, 220.0, 0.0], ""1"": [-380.0, -50.0, 0.0]}, ""step_min_inter_vessel_distance_m"": 210.96776485443996, ""step_ticks"": 69, ""target_cells"": {""0"": [18, 2], ""1"": [42, 2]}, ""target_world"": {""0"": [-380.0, 220.0, 0.0], ""1"": [-380.0, -20.0, 0.0]}, ""timeout"": false}",True,True,True,[],[false],[null],False,running,3.791635,False,False,False,False
target,8,True,baseline_GP.marine_knownmap_runtime_2usv._joint_assign_two_usv_segments,baseline_GP_mainline_planner,False,8.5,"[0, 1]",False,"[18, 42]","[54, 40]","[[18, 2], [18, 3], [18, 4], [18, 5], [18, 6], [18, 7], [18, 8], [18, 9], [18, 10]]","[[42, 2], [43, 2], [44, 2], [45, 2], [46, 2], [47, 2], [48, 2], [49, 2], [50, 2]]","[18, 3]","[43, 2]","[18, 6]","[46, 2]",baseline_GP_planner_committed_segment_lookahead,True,"{""0"": {""commit_remaining"": 4, ""committed_segment"": [[18, 2], [18, 3], [18, 4], [18, 5], [18, 6], [18, 7], [18, 8], [18, 9], [18, 10]], ""robot_pos"": [18, 2]}, ""1"": {""commit_remaining"": 4, ""committed_segment"": [[42, 2], [43, 2], [44, 2], [45, 2], [46, 2], [47, 2], [48, 2], [49, 2], [50, 2]], ""robot_pos"": [42, 2]}}","{""0"": {""commit_remaining"": 3, ""committed_segment"": [[18, 3], [18, 4], [18, 5], [18, 6], [18, 7], [18, 8], [18, 9], [18, 10]], ""robot_pos"": [18, 3]}, ""1"": {""commit_remaining"": 3, ""committed_segment"": [[43, 2], [44, 2], [45, 2], [46, 2], [47, 2], [48, 2], [49, 2], [50, 2]], ""robot_pos"": [43, 2]}}","{""0"": {""collision"": false, ""collision_cell"": null, ""move_success"": true, ""new_robot_pos"": [18, 3]}, ""1"": {""collision"": false, ""collision_cell"": null, ""move_success"": true, ""new_robot_pos"": [43, 2]}}","{""arrived"": {""0"": true, ""1"": true}, ""final_by_usv"": {""0"": {""arrived"": true, ""final_distance_to_target_m"": 4.384480781585031, ""final_projected_cell"": [18, 3], ""last_known_world"": [-373.97784423828125, 218.15597534179688, 0.19336165487766266], ""observer_pose_source"": ""live_location_sensor"", ""orientation_source"": ""live_orientation_sensor"", ""projection_matches_target"": true, ""standoff_anchor_cell"": [18, 6], ""standoff_anchor_world"": [-340.0, 220.0, 0.0], ""target_cell"": [18, 3], ""target_world"": [-370.0, 220.0, 0.0]}, ""1"": {""arrived"": true, ""final_distance_to_target_m"": 4.956520964385349, ""final_projected_cell"": [43, 2], ""last_known_world"": [-383.8590393066406, -26.88954734802246, 0.17880937457084656], ""observer_pose_source"": ""live_location_sensor"", ""orientation_source"": ""live_orientation_sensor"", ""projection_matches_target"": true, ""standoff_anchor_cell"": [46, 2], ""standoff_anchor_world"": [-380.0, -60.0, 0.0], ""target_cell"": [43, 2], ""target_world"": [-380.0, -30.0, 0.0]}}, ""per_step_fallback_counts"": {""0"": 0, ""1"": 0}, ""policy_step"": 8, ""run_kind"": ""target"", ""standoff_anchor_cells"": {""0"": [18, 6], ""1"": [46, 2]}, ""standoff_anchor_world"": {""0"": [-340.0, 220.0, 0.0], ""1"": [-380.0, -60.0, 0.0]}, ""step_min_inter_vessel_distance_m"": 230.2806902883971, ""step_ticks"": 101, ""target_cells"": {""0"": [18, 3], ""1"": [43, 2]}, ""target_world"": {""0"": [-370.0, 220.0, 0.0], ""1"": [-380.0, -30.0, 0.0]}, ""timeout"": false}",True,True,True,[],[false],[null],False,running,5.563065,False,False,False,False
target,9,True,baseline_GP.marine_knownmap_runtime_2usv._joint_assign_two_usv_segments,baseline_GP_mainline_planner,False,8.5,"[0, 1]",False,"[18, 43]","[54, 40]","[[18, 3], [18, 4], [18, 5], [18, 6], [18, 7], [18, 8], [18, 9], [18, 10], [18, 11]]","[[43, 2], [44, 2], [45, 2], [46, 2], [47, 2], [48, 2], [49, 2], [50, 2], [51, 2]]","[18, 4]","[44, 2]","[18, 7]","[47, 2]",baseline_GP_planner_committed_segment_lookahead,True,"{""0"": {""commit_remaining"": 4, ""committed_segment"": [[18, 3], [18, 4], [18, 5], [18, 6], [18, 7], [18, 8], [18, 9], [18, 10], [18, 11]], ""robot_pos"": [18, 3]}, ""1"": {""commit_remaining"": 4, ""committed_segment"": [[43, 2], [44, 2], [45, 2], [46, 2], [47, 2], [48, 2], [49, 2], [50, 2], [51, 2]], ""robot_pos"": [43, 2]}}","{""0"": {""commit_remaining"": 3, ""committed_segment"": [[18, 4], [18, 5], [18, 6], [18, 7], [18, 8], [18, 9], [18, 10], [18, 11]], ""robot_pos"": [18, 4]}, ""1"": {""commit_remaining"": 3, ""committed_segment"": [[44, 2], [45, 2], [46, 2], [47, 2], [48, 2], [49, 2], [50, 2], [51, 2]], ""robot_pos"": [44, 2]}}","{""0"": {""collision"": false, ""collision_cell"": null, ""move_success"": true, ""new_robot_pos"": [18, 4]}, ""1"": {""collision"": false, ""collision_cell"": null, ""move_success"": true, ""new_robot_pos"": [44, 2]}}","{""arrived"": {""0"": true, ""1"": true}, ""final_by_usv"": {""0"": {""arrived"": true, ""final_distance_to_target_m"": 3.074076273155548, ""final_projected_cell"": [18, 4], ""last_known_world"": [-363.0489196777344, 220.39247131347656, 0.1742064207792282], ""observer_pose_source"": ""live_location_sensor"", ""orientation_source"": ""live_orientation_sensor"", ""projection_matches_target"": true, ""standoff_anchor_cell"": [18, 7], ""standoff_anchor_world"": [-330.0, 220.0, 0.0], ""target_cell"": [18, 4], ""target_world"": [-360.0, 220.0, 0.0]}, ""1"": {""arrived"": true, ""final_distance_to_target_m"": 4.925900142532962, ""final_projected_cell"": [44, 2], ""last_known_world"": [-378.665771484375, -35.258235931396484, 0.18413446843624115], ""observer_pose_source"": ""live_location_sensor"", ""orientation_source"": ""live_orientation_sensor"", ""projection_matches_target"": true, ""standoff_anchor_cell"": [47, 2], ""standoff_anchor_world"": [-380.0, -70.0, 0.0], ""target_cell"": [44, 2], ""target_world"": [-380.0, -40.0, 0.0]}}, ""per_step_fallback_counts"": {""0"": 0, ""1"": 0}, ""policy_step"": 9, ""run_kind"": ""target"", ""standoff_anchor_cells"": {""0"": [18, 7], ""1"": [47, 2]}, ""standoff_anchor_world"": {""0"": [-330.0, 220.0, 0.0], ""1"": [-380.0, -70.0, 0.0]}, ""step_min_inter_vessel_distance_m"": 245.3513073224616, ""step_ticks"": 85, ""target_cells"": {""0"": [18, 4], ""1"": [44, 2]}, ""target_world"": {""0"": [-360.0, 220.0, 0.0], ""1"": [-380.0, -40.0, 0.0]}, ""timeout"": false}",True,True,True,[],[false],[null],False,running,4.632641,False,False,False,False
target,10,True,baseline_GP.marine_knownmap_runtime_2usv._joint_assign_two_usv_segments,baseline_GP_mainline_planner,False,15.0,"[0, 1]",False,"[18, 34]","[55, 39]","[[18, 4], [18, 5], [18, 6], [18, 7], [18, 8], [18, 9], [18, 10], [18, 11], [18, 12]]","[[44, 2], [45, 2], [46, 2], [47, 2], [48, 2], [49, 2], [50, 2], [51, 2], [52, 2]]","[18, 5]","[45, 2]","[18, 8]","[48, 2]",baseline_GP_planner_committed_segment_lookahead,True,"{""0"": {""commit_remaining"": 4, ""committed_segment"": [[18, 4], [18, 5], [18, 6], [18, 7], [18, 8], [18, 9], [18, 10], [18, 11], [18, 12]], ""robot_pos"": [18, 4]}, ""1"": {""commit_remaining"": 4, ""committed_segment"": [[44, 2], [45, 2], [46, 2], [47, 2], [48, 2], [49, 2], [50, 2], [51, 2], [52, 2]], ""robot_pos"": [44, 2]}}","{""0"": {""commit_remaining"": 3, ""committed_segment"": [[18, 5], [18, 6], [18, 7], [18, 8], [18, 9], [18, 10], [18, 11], [18, 12]], ""robot_pos"": [18, 5]}, ""1"": {""commit_remaining"": 3, ""committed_segment"": [[45, 2], [46, 2], [47, 2], [48, 2], [49, 2], [50, 2], [51, 2], [52, 2]], ""robot_pos"": [45, 2]}}","{""0"": {""collision"": false, ""collision_cell"": null, ""move_success"": true, ""new_robot_pos"": [18, 5]}, ""1"": {""collision"": false, ""collision_cell"": null, ""move_success"": true, ""new_robot_pos"": [45, 2]}}","{""arrived"": {""0"": true, ""1"": true}, ""final_by_usv"": {""0"": {""arrived"": true, ""final_distance_to_target_m"": 4.993490327013256, ""final_projected_cell"": [18, 5], ""last_known_world"": [-354.1741027832031, 222.7407684326172, 0.1698184609413147], ""observer_pose_source"": ""live_location_sensor"", ""orientation_source"": ""live_orientation_sensor"", ""projection_matches_target"": true, ""standoff_anchor_cell"": [18, 8], ""standoff_anchor_world"": [-320.0, 220.0, 0.0], ""target_cell"": [18, 5], ""target_world"": [-350.0, 220.0, 0.0]}, ""1"": {""arrived"": true, ""final_distance_to_target_m"": 4.949658184864408, ""final_projected_cell"": [45, 2], ""last_known_world"": [-380.0511169433594, -45.05060577392578, 0.18243393301963806], ""observer_pose_source"": ""live_location_sensor"", ""orientation_source"": ""live_orientation_sensor"", ""projection_matches_target"": true, ""standoff_anchor_cell"": [48, 2], ""standoff_anchor_world"": [-380.0, -80.0, 0.0], ""target_cell"": [45, 2], ""target_world"": [-380.0, -50.0, 0.0]}}, ""per_step_fallback_counts"": {""0"": 0, ""1"": 0}, ""policy_step"": 10, ""run_kind"": ""target"", ""standoff_anchor_cells"": {""0"": [18, 8], ""1"": [48, 2]}, ""standoff_anchor_world"": {""0"": [-320.0, 220.0, 0.0], ""1"": [-380.0, -80.0, 0.0]}, ""step_min_inter_vessel_distance_m"": 256.2969840464162, ""step_ticks"": 69, ""target_cells"": {""0"": [18, 5], ""1"": [45, 2]}, ""target_world"": {""0"": [-350.0, 220.0, 0.0], ""1"": [-380.0, -50.0, 0.0]}, ""timeout"": false}",True,True,True,[],[false],[null],False,running,3.862725,False,False,False,False
target,11,True,baseline_GP.marine_knownmap_runtime_2usv._joint_assign_two_usv_segments,baseline_GP_mainline_planner,False,8.5,"[0, 1]",False,"[18, 39]","[55, 39]","[[18, 5], [18, 6], [18, 7], [18, 8], [18, 9], [18, 10], [18, 11], [18, 12], [18, 13]]","[[45, 2], [46, 2], [47, 2], [48, 2], [49, 2], [50, 2], [51, 2], [52, 2], [53, 2]]","[18, 6]","[46, 2]","[18, 9]","[49, 2]",baseline_GP_planner_committed_segment_lookahead,True,"{""0"": {""commit_remaining"": 4, ""committed_segment"": [[18, 5], [18, 6], [18, 7], [18, 8], [18, 9], [18, 10], [18, 11], [18, 12], [18, 13]], ""robot_pos"": [18, 5]}, ""1"": {""commit_remaining"": 4, ""committed_segment"": [[45, 2], [46, 2], [47, 2], [48, 2], [49, 2], [50, 2], [51, 2], [52, 2], [53, 2]], ""robot_pos"": [45, 2]}}","{""0"": {""commit_remaining"": 3, ""committed_segment"": [[18, 6], [18, 7], [18, 8], [18, 9], [18, 10], [18, 11], [18, 12], [18, 13]], ""robot_pos"": [18, 6]}, ""1"": {""commit_remaining"": 3, ""committed_segment"": [[46, 2], [47, 2], [48, 2], [49, 2], [50, 2], [51, 2], [52, 2], [53, 2]], ""robot_pos"": [46, 2]}}","{""0"": {""collision"": false, ""collision_cell"": null, ""move_success"": true, ""new_robot_pos"": [18, 6]}, ""1"": {""collision"": false, ""collision_cell"": null, ""move_success"": true, ""new_robot_pos"": [46, 2]}}","{""arrived"": {""0"": true, ""1"": true}, ""final_by_usv"": {""0"": {""arrived"": true, ""final_distance_to_target_m"": 2.8628305235573737, ""final_projected_cell"": [18, 6], ""last_known_world"": [-342.7251281738281, 219.122802734375, 0.15929259359836578], ""observer_pose_source"": ""live_location_sensor"", ""orientation_source"": ""live_orientation_sensor"", ""projection_matches_target"": true, ""standoff_anchor_cell"": [18, 9], ""standoff_anchor_world"": [-310.0, 220.0, 0.0], ""target_cell"": [18, 6], ""target_world"": [-340.0, 220.0, 0.0]}, ""1"": {""arrived"": true, ""final_distance_to_target_m"": 4.987546148697244, ""final_projected_cell"": [46, 2], ""last_known_world"": [-383.6819763183594, -56.635677337646484, 0.1777348816394806], ""observer_pose_source"": ""live_location_sensor"", ""orientation_source"": ""live_orientation_sensor"", ""projection_matches_target"": true, ""standoff_anchor_cell"": [49, 2], ""standoff_anchor_world"": [-380.0, -90.0, 0.0], ""target_cell"": [46, 2], ""target_world"": [-380.0, -60.0, 0.0]}}, ""per_step_fallback_counts"": {""0"": 0, ""1"": 0}, ""policy_step"": 11, ""run_kind"": ""target"", ""standoff_anchor_cells"": {""0"": [18, 9], ""1"": [49, 2]}, ""standoff_anchor_world"": {""0"": [-310.0, 220.0, 0.0], ""1"": [-380.0, -90.0, 0.0]}, ""step_min_inter_vessel_distance_m"": 269.19801806908936, ""step_ticks"": 98, ""target_cells"": {""0"": [18, 6], ""1"": [46, 2]}, ""target_world"": {""0"": [-340.0, 220.0, 0.0], ""1"": [-380.0, -60.0, 0.0]}, ""timeout"": false}",True,True,True,[],[false],[null],False,running,5.392713,False,False,False,False
target,12,True,baseline_GP.marine_knownmap_runtime_2usv._joint_assign_two_usv_segments,baseline_GP_mainline_planner,False,13.003397409972301,"[0, 1]",False,"[18, 39]","[55, 39]","[[18, 6], [18, 7], [18, 8], [18, 9], [18, 10], [18, 11], [18, 12], [18, 13], [18, 14]]","[[46, 2], [47, 2], [48, 2], [49, 2], [50, 2], [51, 2], [52, 2], [53, 2], [54, 2]]","[18, 7]","[47, 2]","[18, 10]","[50, 2]",baseline_GP_planner_committed_segment_lookahead,True,"{""0"": {""commit_remaining"": 4, ""committed_segment"": [[18, 6], [18, 7], [18, 8], [18, 9], [18, 10], [18, 11], [18, 12], [18, 13], [18, 14]], ""robot_pos"": [18, 6]}, ""1"": {""commit_remaining"": 4, ""committed_segment"": [[46, 2], [47, 2], [48, 2], [49, 2], [50, 2], [51, 2], [52, 2], [53, 2], [54, 2]], ""robot_pos"": [46, 2]}}","{""0"": {""commit_remaining"": 3, ""committed_segment"": [[18, 7], [18, 8], [18, 9], [18, 10], [18, 11], [18, 12], [18, 13], [18, 14]], ""robot_pos"": [18, 7]}, ""1"": {""commit_remaining"": 3, ""committed_segment"": [[47, 2], [48, 2], [49, 2], [50, 2], [51, 2], [52, 2], [53, 2], [54, 2]], ""robot_pos"": [47, 2]}}","{""0"": {""collision"": false, ""collision_cell"": null, ""move_success"": true, ""new_robot_pos"": [18, 7]}, ""1"": {""collision"": false, ""collision_cell"": null, ""move_success"": true, ""new_robot_pos"": [47, 2]}}","{""arrived"": {""0"": true, ""1"": true}, ""final_by_usv"": {""0"": {""arrived"": true, ""final_distance_to_target_m"": 4.54642396720497, ""final_projected_cell"": [18, 7], ""last_known_world"": [-334.2370300292969, 221.64849853515625, 0.17771439254283905], ""observer_pose_source"": ""live_location_sensor"", ""orientation_source"": ""live_orientation_sensor"", ""projection_matches_target"": true, ""standoff_anchor_cell"": [18, 10], ""standoff_anchor_world"": [-300.0, 220.0, 0.0], ""target_cell"": [18, 7], ""target_world"": [-330.0, 220.0, 0.0]}, ""1"": {""arrived"": true, ""final_distance_to_target_m"": 4.983161177572505, ""final_projected_cell"": [47, 2], ""last_known_world"": [-378.7476806640625, -65.17676544189453, 0.1808309108018875], ""observer_pose_source"": ""live_location_sensor"", ""orientation_source"": ""live_orientation_sensor"", ""projection_matches_target"": true, ""standoff_anchor_cell"": [50, 2], ""standoff_anchor_world"": [-380.0, -100.0, 0.0], ""target_cell"": [47, 2], ""target_world"": [-380.0, -70.0, 0.0]}}, ""per_step_fallback_counts"": {""0"": 0, ""1"": 0}, ""policy_step"": 12, ""run_kind"": ""target"", ""standoff_anchor_cells"": {""0"": [18, 10], ""1"": [50, 2]}, ""standoff_anchor_world"": {""0"": [-300.0, 220.0, 0.0], ""1"": [-380.0, -100.0, 0.0]}, ""step_min_inter_vessel_distance_m"": 278.8914167615563, ""step_ticks"": 84, ""target_cells"": {""0"": [18, 7], ""1"": [47, 2]}, ""target_world"": {""0"": [-330.0, 220.0, 0.0], ""1"": [-380.0, -70.0, 0.0]}, ""timeout"": false}",True,True,True,[],[false],[null],False,running,4.678178,False,False,False,False
target,13,True,baseline_GP.marine_knownmap_runtime_2usv._joint_assign_two_usv_segments,baseline_GP_mainline_planner,False,12.932511863747575,"[0, 1]",False,"[18, 39]","[55, 39]","[[18, 7], [18, 8], [18, 9], [18, 10], [18, 11], [18, 12], [18, 13], [18, 14], [18, 15]]","[[47, 2], [48, 2], [49, 2], [50, 2], [51, 2], [52, 2], [53, 2], [54, 2], [55, 2]]","[18, 8]","[48, 2]","[18, 11]","[51, 2]",baseline_GP_planner_committed_segment_lookahead,True,"{""0"": {""commit_remaining"": 4, ""committed_segment"": [[18, 7], [18, 8], [18, 9], [18, 10], [18, 11], [18, 12], [18, 13], [18, 14], [18, 15]], ""robot_pos"": [18, 7]}, ""1"": {""commit_remaining"": 4, ""committed_segment"": [[47, 2], [48, 2], [49, 2], [50, 2], [51, 2], [52, 2], [53, 2], [54, 2], [55, 2]], ""robot_pos"": [47, 2]}}","{""0"": {""commit_remaining"": 3, ""committed_segment"": [[18, 8], [18, 9], [18, 10], [18, 11], [18, 12], [18, 13], [18, 14], [18, 15]], ""robot_pos"": [18, 8]}, ""1"": {""commit_remaining"": 3, ""committed_segment"": [[48, 2], [49, 2], [50, 2], [51, 2], [52, 2], [53, 2], [54, 2], [55, 2]], ""robot_pos"": [48, 2]}}","{""0"": {""collision"": false, ""collision_cell"": null, ""move_success"": true, ""new_robot_pos"": [18, 8]}, ""1"": {""collision"": false, ""collision_cell"": null, ""move_success"": true, ""new_robot_pos"": [48, 2]}}","{""arrived"": {""0"": true, ""1"": true}, ""final_by_usv"": {""0"": {""arrived"": true, ""final_distance_to_target_m"": 4.944542094307813, ""final_projected_cell"": [18, 8], ""last_known_world"": [-324.7383117675781, 218.58688354492188, 0.16625291109085083], ""observer_pose_source"": ""live_location_sensor"", ""orientation_source"": ""live_orientation_sensor"", ""projection_matches_target"": true, ""standoff_anchor_cell"": [18, 11], ""standoff_anchor_world"": [-290.0, 220.0, 0.0], ""target_cell"": [18, 8], ""target_world"": [-320.0, 220.0, 0.0]}, ""1"": {""arrived"": true, ""final_distance_to_target_m"": 4.177572649957399, ""final_projected_cell"": [48, 2], ""last_known_world"": [-380.9281005859375, -75.92682647705078, 0.1744498312473297], ""observer_pose_source"": ""live_location_sensor"", ""orientation_source"": ""live_orientation_sensor"", ""projection_matches_target"": true, ""standoff_anchor_cell"": [51, 2], ""standoff_anchor_world"": [-380.0, -110.0, 0.0], ""target_cell"": [48, 2], ""target_world"": [-380.0, -80.0, 0.0]}}, ""per_step_fallback_counts"": {""0"": 0, ""1"": 0}, ""policy_step"": 13, ""run_kind"": ""target"", ""standoff_anchor_cells"": {""0"": [18, 11], ""1"": [51, 2]}, ""standoff_anchor_world"": {""0"": [-290.0, 220.0, 0.0], ""1"": [-380.0, -110.0, 0.0]}, ""step_min_inter_vessel_distance_m"": 290.4008567906008, ""step_ticks"": 83, ""target_cells"": {""0"": [18, 8], ""1"": [48, 2]}, ""target_world"": {""0"": [-320.0, 220.0, 0.0], ""1"": [-380.0, -80.0, 0.0]}, ""timeout"": false}",True,True,True,[],[false],[null],False,running,4.512524,False,False,False,False
target,14,True,baseline_GP.marine_knownmap_runtime_2usv._joint_assign_two_usv_segments,baseline_GP_mainline_planner,False,12.421484505307731,"[0, 1]",False,"[18, 39]","[56, 38]","[[18, 8], [18, 9], [18, 10], [18, 11], [18, 12], [18, 13], [18, 14], [18, 15], [18, 16]]","[[48, 2], [49, 2], [50, 2], [51, 2], [52, 2], [53, 2], [54, 2], [55, 2], [56, 2]]","[18, 9]","[49, 2]","[18, 12]","[52, 2]",baseline_GP_planner_committed_segment_lookahead,True,"{""0"": {""commit_remaining"": 4, ""committed_segment"": [[18, 8], [18, 9], [18, 10], [18, 11], [18, 12], [18, 13], [18, 14], [18, 15], [18, 16]], ""robot_pos"": [18, 8]}, ""1"": {""commit_remaining"": 4, ""committed_segment"": [[48, 2], [49, 2], [50, 2], [51, 2], [52, 2], [53, 2], [54, 2], [55, 2], [56, 2]], ""robot_pos"": [48, 2]}}","{""0"": {""commit_remaining"": 3, ""committed_segment"": [[18, 9], [18, 10], [18, 11], [18, 12], [18, 13], [18, 14], [18, 15], [18, 16]], ""robot_pos"": [18, 9]}, ""1"": {""commit_remaining"": 3, ""committed_segment"": [[49, 2], [50, 2], [51, 2], [52, 2], [53, 2], [54, 2], [55, 2], [56, 2]], ""robot_pos"": [49, 2]}}","{""0"": {""collision"": false, ""collision_cell"": null, ""move_success"": true, ""new_robot_pos"": [18, 9]}, ""1"": {""collision"": false, ""collision_cell"": null, ""move_success"": true, ""new_robot_pos"": [49, 2]}}","{""arrived"": {""0"": true, ""1"": true}, ""final_by_usv"": {""0"": {""arrived"": true, ""final_distance_to_target_m"": 4.9715402228981, ""final_projected_cell"": [18, 9], ""last_known_world"": [-314.85247802734375, 221.08151245117188, 0.16840574145317078], ""observer_pose_source"": ""live_location_sensor"", ""orientation_source"": ""live_orientation_sensor"", ""projection_matches_target"": true, ""standoff_anchor_cell"": [18, 12], ""standoff_anchor_world"": [-280.0, 220.0, 0.0], ""target_cell"": [18, 9], ""target_world"": [-310.0, 220.0, 0.0]}, ""1"": {""arrived"": true, ""final_distance_to_target_m"": 2.8714869078472205, ""final_projected_cell"": [49, 2], ""last_known_world"": [-381.1788024902344, -87.38162994384766, 0.17192603647708893], ""observer_pose_source"": ""live_location_sensor"", ""orientation_source"": ""live_orientation_sensor"", ""projection_matches_target"": true, ""standoff_anchor_cell"": [52, 2], ""standoff_anchor_world"": [-380.0, -120.0, 0.0], ""target_cell"": [49, 2], ""target_world"": [-380.0, -90.0, 0.0]}}, ""per_step_fallback_counts"": {""0"": 0, ""1"": 0}, ""policy_step"": 14, ""run_kind"": ""target"", ""standoff_anchor_cells"": {""0"": [18, 12], ""1"": [52, 2]}, ""standoff_anchor_world"": {""0"": [-280.0, 220.0, 0.0], ""1"": [-380.0, -120.0, 0.0]}, ""step_min_inter_vessel_distance_m"": 299.889396164201, ""step_ticks"": 83, ""target_cells"": {""0"": [18, 9], ""1"": [49, 2]}, ""target_world"": {""0"": [-310.0, 220.0, 0.0], ""1"": [-380.0, -90.0, 0.0]}, ""timeout"": false}",True,True,True,[],[false],[null],False,running,4.568029,False,False,False,False
target,15,True,baseline_GP.marine_knownmap_runtime_2usv._joint_assign_two_usv_segments,baseline_GP_mainline_planner,False,12.34375,"[0, 1]",False,"[18, 39]","[53, 41]","[[18, 9], [18, 10], [18, 11], [18, 12], [18, 13], [18, 14], [18, 15], [18, 16], [18, 17]]","[[49, 2], [50, 2], [51, 2], [52, 2], [53, 2], [53, 3], [53, 4], [53, 5], [53, 6]]","[18, 10]","[50, 2]","[18, 13]","[53, 2]",baseline_GP_planner_committed_segment_lookahead,True,"{""0"": {""commit_remaining"": 4, ""committed_segment"": [[18, 9], [18, 10], [18, 11], [18, 12], [18, 13], [18, 14], [18, 15], [18, 16], [18, 17]], ""robot_pos"": [18, 9]}, ""1"": {""commit_remaining"": 4, ""committed_segment"": [[49, 2], [50, 2], [51, 2], [52, 2], [53, 2], [53, 3], [53, 4], [53, 5], [53, 6]], ""robot_pos"": [49, 2]}}","{""0"": {""commit_remaining"": 3, ""committed_segment"": [[18, 10], [18, 11], [18, 12], [18, 13], [18, 14], [18, 15], [18, 16], [18, 17]], ""robot_pos"": [18, 10]}, ""1"": {""commit_remaining"": 3, ""committed_segment"": [[50, 2], [51, 2], [52, 2], [53, 2], [53, 3], [53, 4], [53, 5], [53, 6]], ""robot_pos"": [50, 2]}}","{""0"": {""collision"": false, ""collision_cell"": null, ""move_success"": true, ""new_robot_pos"": [18, 10]}, ""1"": {""collision"": false, ""collision_cell"": null, ""move_success"": true, ""new_robot_pos"": [50, 2]}}","{""arrived"": {""0"": true, ""1"": true}, ""final_by_usv"": {""0"": {""arrived"": true, ""final_distance_to_target_m"": 4.901168824643589, ""final_projected_cell"": [18, 10], ""last_known_world"": [-304.8402099609375, 220.77059936523438, 0.1717575490474701], ""observer_pose_source"": ""live_location_sensor"", ""orientation_source"": ""live_orientation_sensor"", ""projection_matches_target"": true, ""standoff_anchor_cell"": [18, 13], ""standoff_anchor_world"": [-270.0, 220.0, 0.0], ""target_cell"": [18, 10], ""target_world"": [-300.0, 220.0, 0.0]}, ""1"": {""arrived"": true, ""final_distance_to_target_m"": 3.150468352488815, ""final_projected_cell"": [50, 2], ""last_known_world"": [-378.6705017089844, -97.143798828125, 0.1649942845106125], ""observer_pose_source"": ""live_location_sensor"", ""orientation_source"": ""live_orientation_sensor"", ""projection_matches_target"": true, ""standoff_anchor_cell"": [53, 2], ""standoff_anchor_world"": [-380.0, -130.0, 0.0], ""target_cell"": [50, 2], ""target_world"": [-380.0, -100.0, 0.0]}}, ""per_step_fallback_counts"": {""0"": 0, ""1"": 0}, ""policy_step"": 15, ""run_kind"": ""target"", ""standoff_anchor_cells"": {""0"": [18, 13], ""1"": [53, 2]}, ""standoff_anchor_world"": {""0"": [-270.0, 220.0, 0.0], ""1"": [-380.0, -130.0, 0.0]}, ""step_min_inter_vessel_distance_m"": 315.69450897829324, ""step_ticks"": 74, ""target_cells"": {""0"": [18, 10], ""1"": [50, 2]}, ""target_world"": {""0"": [-300.0, 220.0, 0.0], ""1"": [-380.0, -100.0, 0.0]}, ""timeout"": false}",True,True,True,[],[false],[null],False,running,4.057708,False,False,False,False
target,16,True,baseline_GP.marine_knownmap_runtime_2usv._joint_assign_two_usv_segments,baseline_GP_mainline_planner,False,14.68888888888889,"[0, 1]",False,"[18, 42]","[53, 41]","[[18, 10], [18, 11], [18, 12], [18, 13], [18, 14], [18, 15], [18, 16], [18, 17], [18, 18]]","[[50, 2], [51, 2], [52, 2], [53, 2], [53, 3], [53, 4], [53, 5], [53, 6], [53, 7]]","[18, 11]","[51, 2]","[18, 14]","[53, 3]",baseline_GP_planner_committed_segment_lookahead,True,"{""0"": {""commit_remaining"": 4, ""committed_segment"": [[18, 10], [18, 11], [18, 12], [18, 13], [18, 14], [18, 15], [18, 16], [18, 17], [18, 18]], ""robot_pos"": [18, 10]}, ""1"": {""commit_remaining"": 4, ""committed_segment"": [[50, 2], [51, 2], [52, 2], [53, 2], [53, 3], [53, 4], [53, 5], [53, 6], [53, 7]], ""robot_pos"": [50, 2]}}","{""0"": {""commit_remaining"": 3, ""committed_segment"": [[18, 11], [18, 12], [18, 13], [18, 14], [18, 15], [18, 16], [18, 17], [18, 18]], ""robot_pos"": [18, 11]}, ""1"": {""commit_remaining"": 3, ""committed_segment"": [[51, 2], [52, 2], [53, 2], [53, 3], [53, 4], [53, 5], [53, 6], [53, 7]], ""robot_pos"": [51, 2]}}","{""0"": {""collision"": false, ""collision_cell"": null, ""move_success"": true, ""new_robot_pos"": [18, 11]}, ""1"": {""collision"": false, ""collision_cell"": null, ""move_success"": true, ""new_robot_pos"": [51, 2]}}","{""arrived"": {""0"": true, ""1"": true}, ""final_by_usv"": {""0"": {""arrived"": true, ""final_distance_to_target_m"": 4.990049349141066, ""final_projected_cell"": [18, 11], ""last_known_world"": [-294.02880859375, 217.05563354492188, 0.1649707555770874], ""observer_pose_source"": ""live_location_sensor"", ""orientation_source"": ""live_orientation_sensor"", ""projection_matches_target"": true, ""standoff_anchor_cell"": [18, 14], ""standoff_anchor_world"": [-260.0, 220.0, 0.0], ""target_cell"": [18, 11], ""target_world"": [-290.0, 220.0, 0.0]}, ""1"": {""arrived"": true, ""final_distance_to_target_m"": 3.3178046465546958, ""final_projected_cell"": [51, 2], ""last_known_world"": [-381.2987060546875, -106.94693756103516, 0.17369501292705536], ""observer_pose_source"": ""live_location_sensor"", ""orientation_source"": ""live_orientation_sensor"", ""projection_matches_target"": true, ""standoff_anchor_cell"": [53, 3], ""standoff_anchor_world"": [-370.0, -130.0, 0.0], ""target_cell"": [51, 2], ""target_world"": [-380.0, -110.0, 0.0]}}, ""per_step_fallback_counts"": {""0"": 0, ""1"": 0}, ""policy_step"": 16, ""run_kind"": ""target"", ""standoff_anchor_cells"": {""0"": [18, 14], ""1"": [53, 3]}, ""standoff_anchor_world"": {""0"": [-260.0, 220.0, 0.0], ""1"": [-370.0, -130.0, 0.0]}, ""step_min_inter_vessel_distance_m"": 326.4305219004579, ""step_ticks"": 91, ""target_cells"": {""0"": [18, 11], ""1"": [51, 2]}, ""target_world"": {""0"": [-290.0, 220.0, 0.0], ""1"": [-380.0, -110.0, 0.0]}, ""timeout"": false}",True,True,True,[],[false],[null],False,running,4.916634,False,False,False,False
target,17,True,baseline_GP.marine_knownmap_runtime_2usv._joint_assign_two_usv_segments,baseline_GP_mainline_planner,False,14.676923076923078,"[0, 1]",False,"[18, 42]","[53, 41]","[[18, 11], [18, 12], [18, 13], [18, 14], [18, 15], [18, 16], [18, 17], [18, 18], [18, 19]]","[[51, 2], [52, 2], [53, 2], [53, 3], [53, 4], [53, 5], [53, 6], [53, 7], [53, 8]]","[18, 12]","[52, 2]","[18, 15]","[53, 4]",baseline_GP_planner_committed_segment_lookahead,True,"{""0"": {""commit_remaining"": 4, ""committed_segment"": [[18, 11], [18, 12], [18, 13], [18, 14], [18, 15], [18, 16], [18, 17], [18, 18], [18, 19]], ""robot_pos"": [18, 11]}, ""1"": {""commit_remaining"": 4, ""committed_segment"": [[51, 2], [52, 2], [53, 2], [53, 3], [53, 4], [53, 5], [53, 6], [53, 7], [53, 8]], ""robot_pos"": [51, 2]}}","{""0"": {""commit_remaining"": 3, ""committed_segment"": [[18, 12], [18, 13], [18, 14], [18, 15], [18, 16], [18, 17], [18, 18], [18, 19]], ""robot_pos"": [18, 12]}, ""1"": {""commit_remaining"": 3, ""committed_segment"": [[52, 2], [53, 2], [53, 3], [53, 4], [53, 5], [53, 6], [53, 7], [53, 8]], ""robot_pos"": [52, 2]}}","{""0"": {""collision"": false, ""collision_cell"": null, ""move_success"": true, ""new_robot_pos"": [18, 12]}, ""1"": {""collision"": false, ""collision_cell"": null, ""move_success"": true, ""new_robot_pos"": [52, 2]}}","{""arrived"": {""0"": true, ""1"": true}, ""final_by_usv"": {""0"": {""arrived"": true, ""final_distance_to_target_m"": 4.972847206130595, ""final_projected_cell"": [18, 12], ""last_known_world"": [-284.7306213378906, 221.53311157226562, 0.18120868504047394], ""observer_pose_source"": ""live_location_sensor"", ""orientation_source"": ""live_orientation_sensor"", ""projection_matches_target"": true, ""standoff_anchor_cell"": [18, 15], ""standoff_anchor_world"": [-250.0, 220.0, 0.0], ""target_cell"": [18, 12], ""target_world"": [-280.0, 220.0, 0.0]}, ""1"": {""arrived"": true, ""final_distance_to_target_m"": 4.335192130763044, ""final_projected_cell"": [52, 2], ""last_known_world"": [-378.09954833984375, -116.10356903076172, 0.18438225984573364], ""observer_pose_source"": ""live_location_sensor"", ""orientation_source"": ""live_orientation_sensor"", ""projection_matches_target"": true, ""standoff_anchor_cell"": [53, 4], ""standoff_anchor_world"": [-360.0, -130.0, 0.0], ""target_cell"": [52, 2], ""target_world"": [-380.0, -120.0, 0.0]}}, ""per_step_fallback_counts"": {""0"": 0, ""1"": 0}, ""policy_step"": 17, ""run_kind"": ""target"", ""standoff_anchor_cells"": {""0"": [18, 15], ""1"": [53, 4]}, ""standoff_anchor_world"": {""0"": [-250.0, 220.0, 0.0], ""1"": [-360.0, -130.0, 0.0]}, ""step_min_inter_vessel_distance_m"": 335.68959045635614, ""step_ticks"": 88, ""target_cells"": {""0"": [18, 12], ""1"": [52, 2]}, ""target_world"": {""0"": [-280.0, 220.0, 0.0], ""1"": [-380.0, -120.0, 0.0]}, ""timeout"": false}",True,True,True,[],[false],[null],False,running,4.933847,False,False,False,False
target,18,True,baseline_GP.marine_knownmap_runtime_2usv._joint_assign_two_usv_segments,baseline_GP_mainline_planner,False,14.679166666666667,"[0, 1]",False,"[18, 42]","[53, 41]","[[18, 12], [18, 13], [18, 14], [18, 15], [18, 16], [18, 17], [18, 18], [18, 19], [18, 20]]","[[52, 2], [53, 2], [53, 3], [53, 4], [53, 5], [53, 6], [53, 7], [53, 8], [53, 9]]","[18, 13]","[53, 2]","[18, 16]","[53, 5]",baseline_GP_planner_committed_segment_lookahead,True,"{""0"": {""commit_remaining"": 4, ""committed_segment"": [[18, 12], [18, 13], [18, 14], [18, 15], [18, 16], [18, 17], [18, 18], [18, 19], [18, 20]], ""robot_pos"": [18, 12]}, ""1"": {""commit_remaining"": 4, ""committed_segment"": [[52, 2], [53, 2], [53, 3], [53, 4], [53, 5], [53, 6], [53, 7], [53, 8], [53, 9]], ""robot_pos"": [52, 2]}}","{""0"": {""commit_remaining"": 3, ""committed_segment"": [[18, 13], [18, 14], [18, 15], [18, 16], [18, 17], [18, 18], [18, 19], [18, 20]], ""robot_pos"": [18, 13]}, ""1"": {""commit_remaining"": 3, ""committed_segment"": [[53, 2], [53, 3], [53, 4], [53, 5], [53, 6], [53, 7], [53, 8], [53, 9]], ""robot_pos"": [53, 2]}}","{""0"": {""collision"": false, ""collision_cell"": null, ""move_success"": true, ""new_robot_pos"": [18, 13]}, ""1"": {""collision"": false, ""collision_cell"": null, ""move_success"": true, ""new_robot_pos"": [53, 2]}}","{""arrived"": {""0"": true, ""1"": true}, ""final_by_usv"": {""0"": {""arrived"": true, ""final_distance_to_target_m"": 4.991600628300598, ""final_projected_cell"": [18, 13], ""last_known_world"": [-274.9534912109375, 219.38436889648438, 0.16755299270153046], ""observer_pose_source"": ""live_location_sensor"", ""orientation_source"": ""live_orientation_sensor"", ""projection_matches_target"": true, ""standoff_anchor_cell"": [18, 16], ""standoff_anchor_world"": [-240.0, 220.0, 0.0], ""target_cell"": [18, 13], ""target_world"": [-270.0, 220.0, 0.0]}, ""1"": {""arrived"": true, ""final_distance_to_target_m"": 4.724058465179022, ""final_projected_cell"": [53, 2], ""last_known_world"": [-380.9258728027344, -125.36756134033203, 0.17726412415504456], ""observer_pose_source"": ""live_location_sensor"", ""orientation_source"": ""live_orientation_sensor"", ""projection_matches_target"": true, ""standoff_anchor_cell"": [53, 5], ""standoff_anchor_world"": [-350.0, -130.0, 0.0], ""target_cell"": [53, 2], ""target_world"": [-380.0, -130.0, 0.0]}}, ""per_step_fallback_counts"": {""0"": 0, ""1"": 0}, ""policy_step"": 18, ""run_kind"": ""target"", ""standoff_anchor_cells"": {""0"": [18, 16], ""1"": [53, 5]}, ""standoff_anchor_world"": {""0"": [-240.0, 220.0, 0.0], ""1"": [-350.0, -130.0, 0.0]}, ""step_min_inter_vessel_distance_m"": 350.4972842736675, ""step_ticks"": 72, ""target_cells"": {""0"": [18, 13], ""1"": [53, 2]}, ""target_world"": {""0"": [-270.0, 220.0, 0.0], ""1"": [-380.0, -130.0, 0.0]}, ""timeout"": false}",True,True,True,[],[false],[null],False,running,3.981347,False,False,False,False
target,19,True,baseline_GP.marine_knownmap_runtime_2usv._joint_assign_two_usv_segments,baseline_GP_mainline_planner,False,13.62798638360166,"[0, 1]",False,"[24, 11]","[53, 42]","[[18, 13], [19, 13], [20, 13], [21, 13], [22, 13], [23, 13], [24, 13], [24, 12], [24, 11]]","[[53, 2], [53, 3], [53, 4], [53, 5], [53, 6], [53, 7], [53, 8], [53, 9], [53, 10]]","[19, 13]","[53, 3]","[22, 13]","[53, 6]",baseline_GP_planner_committed_segment_lookahead,True,"{""0"": {""commit_remaining"": 4, ""committed_segment"": [[18, 13], [19, 13], [20, 13], [21, 13], [22, 13], [23, 13], [24, 13], [24, 12], [24, 11]], ""robot_pos"": [18, 13]}, ""1"": {""commit_remaining"": 4, ""committed_segment"": [[53, 2], [53, 3], [53, 4], [53, 5], [53, 6], [53, 7], [53, 8], [53, 9], [53, 10]], ""robot_pos"": [53, 2]}}","{""0"": {""commit_remaining"": 3, ""committed_segment"": [[19, 13], [20, 13], [21, 13], [22, 13], [23, 13], [24, 13], [24, 12], [24, 11]], ""robot_pos"": [19, 13]}, ""1"": {""commit_remaining"": 3, ""committed_segment"": [[53, 3], [53, 4], [53, 5], [53, 6], [53, 7], [53, 8], [53, 9], [53, 10]], ""robot_pos"": [53, 3]}}","{""0"": {""collision"": false, ""collision_cell"": null, ""move_success"": true, ""new_robot_pos"": [19, 13]}, ""1"": {""collision"": false, ""collision_cell"": null, ""move_success"": true, ""new_robot_pos"": [53, 3]}}","{""arrived"": {""0"": true, ""1"": true}, ""final_by_usv"": {""0"": {""arrived"": true, ""final_distance_to_target_m"": 3.230551198424131, ""final_projected_cell"": [19, 13], ""last_known_world"": [-268.6484680175781, 212.9342498779297, 0.17060865461826324], ""observer_pose_source"": ""live_location_sensor"", ""orientation_source"": ""live_orientation_sensor"", ""projection_matches_target"": true, ""standoff_anchor_cell"": [22, 13], ""standoff_anchor_world"": [-270.0, 180.0, 0.0], ""target_cell"": [19, 13], ""target_world"": [-270.0, 210.0, 0.0]}, ""1"": {""arrived"": true, ""final_distance_to_target_m"": 4.952085881072244, ""final_projected_cell"": [53, 3], ""last_known_world"": [-374.5816345214844, -128.12069702148438, 0.2099040150642395], ""observer_pose_source"": ""live_location_sensor"", ""orientation_source"": ""live_orientation_sensor"", ""projection_matches_target"": true, ""standoff_anchor_cell"": [53, 6], ""standoff_anchor_world"": [-340.0, -130.0, 0.0], ""target_cell"": [53, 3], ""target_world"": [-370.0, -130.0, 0.0]}}, ""per_step_fallback_counts"": {""0"": 0, ""1"": 0}, ""policy_step"": 19, ""run_kind"": ""target"", ""standoff_anchor_cells"": {""0"": [22, 13], ""1"": [53, 6]}, ""standoff_anchor_world"": {""0"": [-270.0, 180.0, 0.0], ""1"": [-340.0, -130.0, 0.0]}, ""step_min_inter_vessel_distance_m"": 357.1278658549434, ""step_ticks"": 87, ""target_cells"": {""0"": [19, 13], ""1"": [53, 3]}, ""target_world"": {""0"": [-270.0, 210.0, 0.0], ""1"": [-370.0, -130.0, 0.0]}, ""timeout"": false}",True,True,True,[],[false],[null],False,running,12.026162,False,False,False,False
target,20,True,baseline_GP.marine_knownmap_runtime_2usv._joint_assign_two_usv_segments,baseline_GP_mainline_planner,False,13.928105210648244,"[0, 1]",False,"[27, 12]","[53, 40]","[[19, 13], [20, 13], [21, 13], [22, 13], [23, 13], [24, 13], [25, 13], [26, 13], [27, 13]]","[[53, 3], [53, 4], [53, 5], [53, 6], [53, 7], [53, 8], [53, 9], [53, 10], [53, 11]]","[20, 13]","[53, 4]","[23, 13]","[53, 7]",baseline_GP_planner_committed_segment_lookahead,True,"{""0"": {""commit_remaining"": 4, ""committed_segment"": [[19, 13], [20, 13], [21, 13], [22, 13], [23, 13], [24, 13], [25, 13], [26, 13], [27, 13]], ""robot_pos"": [19, 13]}, ""1"": {""commit_remaining"": 4, ""committed_segment"": [[53, 3], [53, 4], [53, 5], [53, 6], [53, 7], [53, 8], [53, 9], [53, 10], [53, 11]], ""robot_pos"": [53, 3]}}","{""0"": {""commit_remaining"": 3, ""committed_segment"": [[20, 13], [21, 13], [22, 13], [23, 13], [24, 13], [25, 13], [26, 13], [27, 13]], ""robot_pos"": [20, 13]}, ""1"": {""commit_remaining"": 3, ""committed_segment"": [[53, 4], [53, 5], [53, 6], [53, 7], [53, 8], [53, 9], [53, 10], [53, 11]], ""robot_pos"": [53, 4]}}","{""0"": {""collision"": false, ""collision_cell"": null, ""move_success"": true, ""new_robot_pos"": [20, 13]}, ""1"": {""collision"": false, ""collision_cell"": null, ""move_success"": true, ""new_robot_pos"": [53, 4]}}","{""arrived"": {""0"": true, ""1"": true}, ""final_by_usv"": {""0"": {""arrived"": true, ""final_distance_to_target_m"": 3.47188486081131, ""final_projected_cell"": [20, 13], ""last_known_world"": [-271.5741882324219, 203.09449768066406, 0.17256510257720947], ""observer_pose_source"": ""live_location_sensor"", ""orientation_source"": ""live_orientation_sensor"", ""projection_matches_target"": true, ""standoff_anchor_cell"": [23, 13], ""standoff_anchor_world"": [-270.0, 170.0, 0.0], ""target_cell"": [20, 13], ""target_world"": [-270.0, 200.0, 0.0]}, ""1"": {""arrived"": true, ""final_distance_to_target_m"": 4.966095875430411, ""final_projected_cell"": [53, 4], ""last_known_world"": [-363.4047546386719, -126.3847885131836, 0.19333697855472565], ""observer_pose_source"": ""live_location_sensor"", ""orientation_source"": ""live_orientation_sensor"", ""projection_matches_target"": true, ""standoff_anchor_cell"": [53, 7], ""standoff_anchor_world"": [-330.0, -130.0, 0.0], ""target_cell"": [53, 4], ""target_world"": [-360.0, -130.0, 0.0]}}, ""per_step_fallback_counts"": {""0"": 0, ""1"": 0}, ""policy_step"": 20, ""run_kind"": ""target"", ""standoff_anchor_cells"": {""0"": [23, 13], ""1"": [53, 7]}, ""standoff_anchor_world"": {""0"": [-270.0, 170.0, 0.0], ""1"": [-330.0, -130.0, 0.0]}, ""step_min_inter_vessel_distance_m"": 342.03720990164226, ""step_ticks"": 92, ""target_cells"": {""0"": [20, 13], ""1"": [53, 4]}, ""target_world"": {""0"": [-270.0, 200.0, 0.0], ""1"": [-360.0, -130.0, 0.0]}, ""timeout"": false}",True,True,True,[0],[true],[20],True,all_found,14.268618,False,False,False,False
teammate_only,1,True,baseline_GP.marine_knownmap_runtime_2usv._joint_assign_two_usv_segments,baseline_GP_mainline_planner,False,6.486486486486487,"[0, 1]",False,"[16, 39]","[53, 39]","[[25, 2], [24, 2], [23, 2], [22, 2], [21, 2], [20, 2], [19, 2], [18, 2], [17, 2]]","[[35, 2], [36, 2], [37, 2], [38, 2], [39, 2], [40, 2], [41, 2], [42, 2], [43, 2]]","[24, 2]","[36, 2]","[21, 2]","[39, 2]",baseline_GP_planner_committed_segment_lookahead,True,"{""0"": {""commit_remaining"": 4, ""committed_segment"": [[25, 2], [24, 2], [23, 2], [22, 2], [21, 2], [20, 2], [19, 2], [18, 2], [17, 2]], ""robot_pos"": [25, 2]}, ""1"": {""commit_remaining"": 4, ""committed_segment"": [[35, 2], [36, 2], [37, 2], [38, 2], [39, 2], [40, 2], [41, 2], [42, 2], [43, 2]], ""robot_pos"": [35, 2]}}","{""0"": {""commit_remaining"": 3, ""committed_segment"": [[24, 2], [23, 2], [22, 2], [21, 2], [20, 2], [19, 2], [18, 2], [17, 2]], ""robot_pos"": [24, 2]}, ""1"": {""commit_remaining"": 3, ""committed_segment"": [[36, 2], [37, 2], [38, 2], [39, 2], [40, 2], [41, 2], [42, 2], [43, 2]], ""robot_pos"": [36, 2]}}","{""0"": {""collision"": false, ""collision_cell"": null, ""move_success"": true, ""new_robot_pos"": [24, 2]}, ""1"": {""collision"": false, ""collision_cell"": null, ""move_success"": true, ""new_robot_pos"": [36, 2]}}","{""arrived"": {""0"": true, ""1"": true}, ""final_by_usv"": {""0"": {""arrived"": true, ""final_distance_to_target_m"": 4.988713071324788, ""final_projected_cell"": [24, 2], ""last_known_world"": [-379.4670104980469, 155.0398406982422, 0.21688373386859894], ""observer_pose_source"": ""live_location_sensor"", ""orientation_source"": ""live_orientation_sensor"", ""projection_matches_target"": true, ""standoff_anchor_cell"": [21, 2], ""standoff_anchor_world"": [-380.0, 190.0, 0.0], ""target_cell"": [24, 2], ""target_world"": [-380.0, 160.0, 0.0]}, ""1"": {""arrived"": true, ""final_distance_to_target_m"": 4.9886854569110275, ""final_projected_cell"": [36, 2], ""last_known_world"": [-379.4669494628906, 44.96012496948242, 0.22747039794921875], ""observer_pose_source"": ""live_location_sensor"", ""orientation_source"": ""live_orientation_sensor"", ""projection_matches_target"": true, ""standoff_anchor_cell"": [39, 2], ""standoff_anchor_world"": [-380.0, 10.0, 0.0], ""target_cell"": [36, 2], ""target_world"": [-380.0, 40.0, 0.0]}}, ""per_step_fallback_counts"": {""0"": 0, ""1"": 0}, ""policy_step"": 1, ""run_kind"": ""teammate_only"", ""standoff_anchor_cells"": {""0"": [21, 2], ""1"": [39, 2]}, ""standoff_anchor_world"": {""0"": [-380.0, 190.0, 0.0], ""1"": [-380.0, 10.0, 0.0]}, ""step_min_inter_vessel_distance_m"": 99.95897674560547, ""step_ticks"": 75, ""target_cells"": {""0"": [24, 2], ""1"": [36, 2]}, ""target_world"": {""0"": [-380.0, 160.0, 0.0], ""1"": [-380.0, 40.0, 0.0]}, ""timeout"": false}",True,True,True,[],[false],[null],False,running,3.638711,False,False,False,False
teammate_only,2,True,baseline_GP.marine_knownmap_runtime_2usv._joint_assign_two_usv_segments,baseline_GP_mainline_planner,False,6.15,"[0, 1]",False,"[18, 41]","[54, 39]","[[24, 2], [23, 2], [22, 2], [21, 2], [20, 2], [19, 2], [18, 2], [18, 3], [18, 4]]","[[36, 2], [37, 2], [38, 2], [39, 2], [40, 2], [41, 2], [42, 2], [43, 2], [44, 2]]","[23, 2]","[37, 2]","[20, 2]","[40, 2]",baseline_GP_planner_committed_segment_lookahead,True,"{""0"": {""commit_remaining"": 4, ""committed_segment"": [[24, 2], [23, 2], [22, 2], [21, 2], [20, 2], [19, 2], [18, 2], [18, 3], [18, 4]], ""robot_pos"": [24, 2]}, ""1"": {""commit_remaining"": 4, ""committed_segment"": [[36, 2], [37, 2], [38, 2], [39, 2], [40, 2], [41, 2], [42, 2], [43, 2], [44, 2]], ""robot_pos"": [36, 2]}}","{""0"": {""commit_remaining"": 3, ""committed_segment"": [[23, 2], [22, 2], [21, 2], [20, 2], [19, 2], [18, 2], [18, 3], [18, 4]], ""robot_pos"": [23, 2]}, ""1"": {""commit_remaining"": 3, ""committed_segment"": [[37, 2], [38, 2], [39, 2], [40, 2], [41, 2], [42, 2], [43, 2], [44, 2]], ""robot_pos"": [37, 2]}}","{""0"": {""collision"": false, ""collision_cell"": null, ""move_success"": true, ""new_robot_pos"": [23, 2]}, ""1"": {""collision"": false, ""collision_cell"": null, ""move_success"": true, ""new_robot_pos"": [37, 2]}}","{""arrived"": {""0"": true, ""1"": true}, ""final_by_usv"": {""0"": {""arrived"": true, ""final_distance_to_target_m"": 4.9601206259004735, ""final_projected_cell"": [23, 2], ""last_known_world"": [-383.8254089355469, 166.84262084960938, 0.19047671556472778], ""observer_pose_source"": ""live_location_sensor"", ""orientation_source"": ""live_orientation_sensor"", ""projection_matches_target"": true, ""standoff_anchor_cell"": [20, 2], ""standoff_anchor_world"": [-380.0, 200.0, 0.0], ""target_cell"": [23, 2], ""target_world"": [-380.0, 170.0, 0.0]}, ""1"": {""arrived"": true, ""final_distance_to_target_m"": 4.959995104052092, ""final_projected_cell"": [37, 2], ""last_known_world"": [-383.82537841796875, 33.15721893310547, 0.19054169952869415], ""observer_pose_source"": ""live_location_sensor"", ""orientation_source"": ""live_orientation_sensor"", ""projection_matches_target"": true, ""standoff_anchor_cell"": [40, 2], ""standoff_anchor_world"": [-380.0, 0.0, 0.0], ""target_cell"": [37, 2], ""target_world"": [-380.0, 30.0, 0.0]}}, ""per_step_fallback_counts"": {""0"": 0, ""1"": 0}, ""policy_step"": 2, ""run_kind"": ""teammate_only"", ""standoff_anchor_cells"": {""0"": [20, 2], ""1"": [40, 2]}, ""standoff_anchor_world"": {""0"": [-380.0, 200.0, 0.0], ""1"": [-380.0, 0.0, 0.0]}, ""step_min_inter_vessel_distance_m"": 110.34980392457743, ""step_ticks"": 111, ""target_cells"": {""0"": [23, 2], ""1"": [37, 2]}, ""target_world"": {""0"": [-380.0, 170.0, 0.0], ""1"": [-380.0, 30.0, 0.0]}, ""timeout"": false}",True,True,True,[],[false],[null],False,running,5.138996,False,False,False,False
teammate_only,3,True,baseline_GP.marine_knownmap_runtime_2usv._joint_assign_two_usv_segments,baseline_GP_mainline_planner,False,6.15,"[0, 1]",False,"[18, 41]","[54, 40]","[[23, 2], [22, 2], [21, 2], [20, 2], [19, 2], [18, 2], [18, 3], [18, 4], [18, 5]]","[[37, 2], [38, 2], [39, 2], [40, 2], [41, 2], [42, 2], [43, 2], [44, 2], [45, 2]]","[22, 2]","[38, 2]","[19, 2]","[41, 2]",baseline_GP_planner_committed_segment_lookahead,True,"{""0"": {""commit_remaining"": 4, ""committed_segment"": [[23, 2], [22, 2], [21, 2], [20, 2], [19, 2], [18, 2], [18, 3], [18, 4], [18, 5]], ""robot_pos"": [23, 2]}, ""1"": {""commit_remaining"": 4, ""committed_segment"": [[37, 2], [38, 2], [39, 2], [40, 2], [41, 2], [42, 2], [43, 2], [44, 2], [45, 2]], ""robot_pos"": [37, 2]}}","{""0"": {""commit_remaining"": 3, ""committed_segment"": [[22, 2], [21, 2], [20, 2], [19, 2], [18, 2], [18, 3], [18, 4], [18, 5]], ""robot_pos"": [22, 2]}, ""1"": {""commit_remaining"": 3, ""committed_segment"": [[38, 2], [39, 2], [40, 2], [41, 2], [42, 2], [43, 2], [44, 2], [45, 2]], ""robot_pos"": [38, 2]}}","{""0"": {""collision"": false, ""collision_cell"": null, ""move_success"": true, ""new_robot_pos"": [22, 2]}, ""1"": {""collision"": false, ""collision_cell"": null, ""move_success"": true, ""new_robot_pos"": [38, 2]}}","{""arrived"": {""0"": true, ""1"": true}, ""final_by_usv"": {""0"": {""arrived"": true, ""final_distance_to_target_m"": 4.9686742617171795, ""final_projected_cell"": [22, 2], ""last_known_world"": [-378.4474792480469, 175.2801055908203, 0.1768644005060196], ""observer_pose_source"": ""live_location_sensor"", ""orientation_source"": ""live_orientation_sensor"", ""projection_matches_target"": true, ""standoff_anchor_cell"": [19, 2], ""standoff_anchor_world"": [-380.0, 210.0, 0.0], ""target_cell"": [22, 2], ""target_world"": [-380.0, 180.0, 0.0]}, ""1"": {""arrived"": true, ""final_distance_to_target_m"": 4.968584622854715, ""final_projected_cell"": [38, 2], ""last_known_world"": [-378.4474182128906, 24.71977996826172, 0.1817912459373474], ""observer_pose_source"": ""live_location_sensor"", ""orientation_source"": ""live_orientation_sensor"", ""projection_matches_target"": true, ""standoff_anchor_cell"": [41, 2], ""standoff_anchor_world"": [-380.0, -10.0, 0.0], ""target_cell"": [38, 2], ""target_world"": [-380.0, 20.0, 0.0]}}, ""per_step_fallback_counts"": {""0"": 0, ""1"": 0}, ""policy_step"": 3, ""run_kind"": ""teammate_only"", ""standoff_anchor_cells"": {""0"": [19, 2], ""1"": [41, 2]}, ""standoff_anchor_world"": {""0"": [-380.0, 210.0, 0.0], ""1"": [-380.0, -10.0, 0.0]}, ""step_min_inter_vessel_distance_m"": 133.89742660523854, ""step_ticks"": 88, ""target_cells"": {""0"": [22, 2], ""1"": [38, 2]}, ""target_world"": {""0"": [-380.0, 180.0, 0.0], ""1"": [-380.0, 20.0, 0.0]}, ""timeout"": false}",True,True,True,[],[false],[null],False,running,4.176246,False,False,False,False
teammate_only,4,True,baseline_GP.marine_knownmap_runtime_2usv._joint_assign_two_usv_segments,baseline_GP_mainline_planner,False,6.15,"[0, 1]",False,"[18, 40]","[54, 40]","[[22, 2], [21, 2], [20, 2], [19, 2], [18, 2], [18, 3], [18, 4], [18, 5], [18, 6]]","[[38, 2], [39, 2], [40, 2], [41, 2], [42, 2], [43, 2], [44, 2], [45, 2], [46, 2]]","[21, 2]","[39, 2]","[18, 2]","[42, 2]",baseline_GP_planner_committed_segment_lookahead,True,"{""0"": {""commit_remaining"": 4, ""committed_segment"": [[22, 2], [21, 2], [20, 2], [19, 2], [18, 2], [18, 3], [18, 4], [18, 5], [18, 6]], ""robot_pos"": [22, 2]}, ""1"": {""commit_remaining"": 4, ""committed_segment"": [[38, 2], [39, 2], [40, 2], [41, 2], [42, 2], [43, 2], [44, 2], [45, 2], [46, 2]], ""robot_pos"": [38, 2]}}","{""0"": {""commit_remaining"": 3, ""committed_segment"": [[21, 2], [20, 2], [19, 2], [18, 2], [18, 3], [18, 4], [18, 5], [18, 6]], ""robot_pos"": [21, 2]}, ""1"": {""commit_remaining"": 3, ""committed_segment"": [[39, 2], [40, 2], [41, 2], [42, 2], [43, 2], [44, 2], [45, 2], [46, 2]], ""robot_pos"": [39, 2]}}","{""0"": {""collision"": false, ""collision_cell"": null, ""move_success"": true, ""new_robot_pos"": [21, 2]}, ""1"": {""collision"": false, ""collision_cell"": null, ""move_success"": true, ""new_robot_pos"": [39, 2]}}","{""arrived"": {""0"": true, ""1"": true}, ""final_by_usv"": {""0"": {""arrived"": true, ""final_distance_to_target_m"": 4.93573880662131, ""final_projected_cell"": [21, 2], ""last_known_world"": [-379.2996826171875, 185.11419677734375, 0.1728024184703827], ""observer_pose_source"": ""live_location_sensor"", ""orientation_source"": ""live_orientation_sensor"", ""projection_matches_target"": true, ""standoff_anchor_cell"": [18, 2], ""standoff_anchor_world"": [-380.0, 220.0, 0.0], ""target_cell"": [21, 2], ""target_world"": [-380.0, 190.0, 0.0]}, ""1"": {""arrived"": true, ""final_distance_to_target_m"": 4.935596812928032, ""final_projected_cell"": [39, 2], ""last_known_world"": [-379.2996520996094, 14.885655403137207, 0.1741507649421692], ""observer_pose_source"": ""live_location_sensor"", ""orientation_source"": ""live_orientation_sensor"", ""projection_matches_target"": true, ""standoff_anchor_cell"": [42, 2], ""standoff_anchor_world"": [-380.0, -20.0, 0.0], ""target_cell"": [39, 2], ""target_world"": [-380.0, 10.0, 0.0]}}, ""per_step_fallback_counts"": {""0"": 0, ""1"": 0}, ""policy_step"": 4, ""run_kind"": ""teammate_only"", ""standoff_anchor_cells"": {""0"": [18, 2], ""1"": [42, 2]}, ""standoff_anchor_world"": {""0"": [-380.0, 220.0, 0.0], ""1"": [-380.0, -20.0, 0.0]}, ""step_min_inter_vessel_distance_m"": 150.82588195802018, ""step_ticks"": 68, ""target_cells"": {""0"": [21, 2], ""1"": [39, 2]}, ""target_world"": {""0"": [-380.0, 190.0, 0.0], ""1"": [-380.0, 10.0, 0.0]}, ""timeout"": false}",True,True,True,[],[false],[null],False,running,3.451426,False,False,False,False
teammate_only,5,True,baseline_GP.marine_knownmap_runtime_2usv._joint_assign_two_usv_segments,baseline_GP_mainline_planner,False,8.5,"[0, 1]",False,"[18, 40]","[54, 40]","[[21, 2], [20, 2], [19, 2], [18, 2], [18, 3], [18, 4], [18, 5], [18, 6], [18, 7]]","[[39, 2], [40, 2], [41, 2], [42, 2], [43, 2], [44, 2], [45, 2], [46, 2], [47, 2]]","[20, 2]","[40, 2]","[18, 3]","[43, 2]",baseline_GP_planner_committed_segment_lookahead,True,"{""0"": {""commit_remaining"": 4, ""committed_segment"": [[21, 2], [20, 2], [19, 2], [18, 2], [18, 3], [18, 4], [18, 5], [18, 6], [18, 7]], ""robot_pos"": [21, 2]}, ""1"": {""commit_remaining"": 4, ""committed_segment"": [[39, 2], [40, 2], [41, 2], [42, 2], [43, 2], [44, 2], [45, 2], [46, 2], [47, 2]], ""robot_pos"": [39, 2]}}","{""0"": {""commit_remaining"": 3, ""committed_segment"": [[20, 2], [19, 2], [18, 2], [18, 3], [18, 4], [18, 5], [18, 6], [18, 7]], ""robot_pos"": [20, 2]}, ""1"": {""commit_remaining"": 3, ""committed_segment"": [[40, 2], [41, 2], [42, 2], [43, 2], [44, 2], [45, 2], [46, 2], [47, 2]], ""robot_pos"": [40, 2]}}","{""0"": {""collision"": false, ""collision_cell"": null, ""move_success"": true, ""new_robot_pos"": [20, 2]}, ""1"": {""collision"": false, ""collision_cell"": null, ""move_success"": true, ""new_robot_pos"": [40, 2]}}","{""arrived"": {""0"": true, ""1"": true}, ""final_by_usv"": {""0"": {""arrived"": true, ""final_distance_to_target_m"": 4.938615468033733, ""final_projected_cell"": [20, 2], ""last_known_world"": [-382.8414001464844, 195.9606475830078, 0.17493188381195068], ""observer_pose_source"": ""live_location_sensor"", ""orientation_source"": ""live_orientation_sensor"", ""projection_matches_target"": true, ""standoff_anchor_cell"": [18, 3], ""standoff_anchor_world"": [-370.0, 220.0, 0.0], ""target_cell"": [20, 2], ""target_world"": [-380.0, 200.0, 0.0]}, ""1"": {""arrived"": true, ""final_distance_to_target_m"": 4.938375183399352, ""final_projected_cell"": [40, 2], ""last_known_world"": [-382.84124755859375, 4.03916597366333, 0.17081233859062195], ""observer_pose_source"": ""live_location_sensor"", ""orientation_source"": ""live_orientation_sensor"", ""projection_matches_target"": true, ""standoff_anchor_cell"": [43, 2], ""standoff_anchor_world"": [-380.0, -30.0, 0.0], ""target_cell"": [40, 2], ""target_world"": [-380.0, 0.0, 0.0]}}, ""per_step_fallback_counts"": {""0"": 0, ""1"": 0}, ""policy_step"": 5, ""run_kind"": ""teammate_only"", ""standoff_anchor_cells"": {""0"": [18, 3], ""1"": [43, 2]}, ""standoff_anchor_world"": {""0"": [-370.0, 220.0, 0.0], ""1"": [-380.0, -30.0, 0.0]}, ""step_min_inter_vessel_distance_m"": 170.51436138154168, ""step_ticks"": 90, ""target_cells"": {""0"": [20, 2], ""1"": [40, 2]}, ""target_world"": {""0"": [-380.0, 200.0, 0.0], ""1"": [-380.0, 0.0, 0.0]}, ""timeout"": false}",True,True,True,[],[false],[null],False,running,4.306781,False,False,False,False
teammate_only,6,True,baseline_GP.marine_knownmap_runtime_2usv._joint_assign_two_usv_segments,baseline_GP_mainline_planner,False,8.5,"[0, 1]",False,"[18, 41]","[54, 40]","[[20, 2], [19, 2], [18, 2], [18, 3], [18, 4], [18, 5], [18, 6], [18, 7], [18, 8]]","[[40, 2], [41, 2], [42, 2], [43, 2], [44, 2], [45, 2], [46, 2], [47, 2], [48, 2]]","[19, 2]","[41, 2]","[18, 4]","[44, 2]",baseline_GP_planner_committed_segment_lookahead,True,"{""0"": {""commit_remaining"": 4, ""committed_segment"": [[20, 2], [19, 2], [18, 2], [18, 3], [18, 4], [18, 5], [18, 6], [18, 7], [18, 8]], ""robot_pos"": [20, 2]}, ""1"": {""commit_remaining"": 4, ""committed_segment"": [[40, 2], [41, 2], [42, 2], [43, 2], [44, 2], [45, 2], [46, 2], [47, 2], [48, 2]], ""robot_pos"": [40, 2]}}","{""0"": {""commit_remaining"": 3, ""committed_segment"": [[19, 2], [18, 2], [18, 3], [18, 4], [18, 5], [18, 6], [18, 7], [18, 8]], ""robot_pos"": [19, 2]}, ""1"": {""commit_remaining"": 3, ""committed_segment"": [[41, 2], [42, 2], [43, 2], [44, 2], [45, 2], [46, 2], [47, 2], [48, 2]], ""robot_pos"": [41, 2]}}","{""0"": {""collision"": false, ""collision_cell"": null, ""move_success"": true, ""new_robot_pos"": [19, 2]}, ""1"": {""collision"": false, ""collision_cell"": null, ""move_success"": true, ""new_robot_pos"": [41, 2]}}","{""arrived"": {""0"": true, ""1"": true}, ""final_by_usv"": {""0"": {""arrived"": true, ""final_distance_to_target_m"": 4.928530481423745, ""final_projected_cell"": [19, 2], ""last_known_world"": [-378.35552978515625, 205.35391235351562, 0.1724172830581665], ""observer_pose_source"": ""live_location_sensor"", ""orientation_source"": ""live_orientation_sensor"", ""projection_matches_target"": true, ""standoff_anchor_cell"": [18, 4], ""standoff_anchor_world"": [-360.0, 220.0, 0.0], ""target_cell"": [19, 2], ""target_world"": [-380.0, 210.0, 0.0]}, ""1"": {""arrived"": true, ""final_distance_to_target_m"": 4.928483870195238, ""final_projected_cell"": [41, 2], ""last_known_world"": [-378.35546875, -5.353983402252197, 0.17800655961036682], ""observer_pose_source"": ""live_location_sensor"", ""orientation_source"": ""live_orientation_sensor"", ""projection_matches_target"": true, ""standoff_anchor_cell"": [44, 2], ""standoff_anchor_world"": [-380.0, -40.0, 0.0], ""target_cell"": [41, 2], ""target_world"": [-380.0, -10.0, 0.0]}}, ""per_step_fallback_counts"": {""0"": 0, ""1"": 0}, ""policy_step"": 6, ""run_kind"": ""teammate_only"", ""standoff_anchor_cells"": {""0"": [18, 4], ""1"": [44, 2]}, ""standoff_anchor_world"": {""0"": [-360.0, 220.0, 0.0], ""1"": [-380.0, -40.0, 0.0]}, ""step_min_inter_vessel_distance_m"": 192.14981007579868, ""step_ticks"": 90, ""target_cells"": {""0"": [19, 2], ""1"": [41, 2]}, ""target_world"": {""0"": [-380.0, 210.0, 0.0], ""1"": [-380.0, -10.0, 0.0]}, ""timeout"": false}",True,True,True,[],[false],[null],False,running,4.370067,False,False,False,False
teammate_only,7,True,baseline_GP.marine_knownmap_runtime_2usv._joint_assign_two_usv_segments,baseline_GP_mainline_planner,False,8.5,"[0, 1]",False,"[18, 41]","[55, 38]","[[19, 2], [18, 2], [18, 3], [18, 4], [18, 5], [18, 6], [18, 7], [18, 8], [18, 9]]","[[41, 2], [42, 2], [43, 2], [44, 2], [45, 2], [46, 2], [47, 2], [48, 2], [49, 2]]","[18, 2]","[42, 2]","[18, 5]","[45, 2]",baseline_GP_planner_committed_segment_lookahead,True,"{""0"": {""commit_remaining"": 4, ""committed_segment"": [[19, 2], [18, 2], [18, 3], [18, 4], [18, 5], [18, 6], [18, 7], [18, 8], [18, 9]], ""robot_pos"": [19, 2]}, ""1"": {""commit_remaining"": 4, ""committed_segment"": [[41, 2], [42, 2], [43, 2], [44, 2], [45, 2], [46, 2], [47, 2], [48, 2], [49, 2]], ""robot_pos"": [41, 2]}}","{""0"": {""commit_remaining"": 3, ""committed_segment"": [[18, 2], [18, 3], [18, 4], [18, 5], [18, 6], [18, 7], [18, 8], [18, 9]], ""robot_pos"": [18, 2]}, ""1"": {""commit_remaining"": 3, ""committed_segment"": [[42, 2], [43, 2], [44, 2], [45, 2], [46, 2], [47, 2], [48, 2], [49, 2]], ""robot_pos"": [42, 2]}}","{""0"": {""collision"": false, ""collision_cell"": null, ""move_success"": true, ""new_robot_pos"": [18, 2]}, ""1"": {""collision"": false, ""collision_cell"": null, ""move_success"": true, ""new_robot_pos"": [42, 2]}}","{""arrived"": {""0"": true, ""1"": true}, ""final_by_usv"": {""0"": {""arrived"": true, ""final_distance_to_target_m"": 4.983379865952261, ""final_projected_cell"": [18, 2], ""last_known_world"": [-380.30859375, 215.02618408203125, 0.17527028918266296], ""observer_pose_source"": ""live_location_sensor"", ""orientation_source"": ""live_orientation_sensor"", ""projection_matches_target"": true, ""standoff_anchor_cell"": [18, 5], ""standoff_anchor_world"": [-350.0, 220.0, 0.0], ""target_cell"": [18, 2], ""target_world"": [-380.0, 220.0, 0.0]}, ""1"": {""arrived"": true, ""final_distance_to_target_m"": 4.983149576460348, ""final_projected_cell"": [42, 2], ""last_known_world"": [-380.3084716796875, -15.026407241821289, 0.17408829927444458], ""observer_pose_source"": ""live_location_sensor"", ""orientation_source"": ""live_orientation_sensor"", ""projection_matches_target"": true, ""standoff_anchor_cell"": [45, 2], ""standoff_anchor_world"": [-380.0, -50.0, 0.0], ""target_cell"": [42, 2], ""target_world"": [-380.0, -20.0, 0.0]}}, ""per_step_fallback_counts"": {""0"": 0, ""1"": 0}, ""policy_step"": 7, ""run_kind"": ""teammate_only"", ""standoff_anchor_cells"": {""0"": [18, 5], ""1"": [45, 2]}, ""standoff_anchor_world"": {""0"": [-350.0, 220.0, 0.0], ""1"": [-380.0, -50.0, 0.0]}, ""step_min_inter_vessel_distance_m"": 210.96775388719638, ""step_ticks"": 69, ""target_cells"": {""0"": [18, 2], ""1"": [42, 2]}, ""target_world"": {""0"": [-380.0, 220.0, 0.0], ""1"": [-380.0, -20.0, 0.0]}, ""timeout"": false}",True,True,True,[],[false],[null],False,running,3.337553,False,False,False,False
teammate_only,8,True,baseline_GP.marine_knownmap_runtime_2usv._joint_assign_two_usv_segments,baseline_GP_mainline_planner,False,8.5,"[0, 1]",False,"[18, 42]","[54, 40]","[[18, 2], [18, 3], [18, 4], [18, 5], [18, 6], [18, 7], [18, 8], [18, 9], [18, 10]]","[[42, 2], [43, 2], [44, 2], [45, 2], [46, 2], [47, 2], [48, 2], [49, 2], [50, 2]]","[18, 3]","[43, 2]","[18, 6]","[46, 2]",baseline_GP_planner_committed_segment_lookahead,True,"{""0"": {""commit_remaining"": 4, ""committed_segment"": [[18, 2], [18, 3], [18, 4], [18, 5], [18, 6], [18, 7], [18, 8], [18, 9], [18, 10]], ""robot_pos"": [18, 2]}, ""1"": {""commit_remaining"": 4, ""committed_segment"": [[42, 2], [43, 2], [44, 2], [45, 2], [46, 2], [47, 2], [48, 2], [49, 2], [50, 2]], ""robot_pos"": [42, 2]}}","{""0"": {""commit_remaining"": 3, ""committed_segment"": [[18, 3], [18, 4], [18, 5], [18, 6], [18, 7], [18, 8], [18, 9], [18, 10]], ""robot_pos"": [18, 3]}, ""1"": {""commit_remaining"": 3, ""committed_segment"": [[43, 2], [44, 2], [45, 2], [46, 2], [47, 2], [48, 2], [49, 2], [50, 2]], ""robot_pos"": [43, 2]}}","{""0"": {""collision"": false, ""collision_cell"": null, ""move_success"": true, ""new_robot_pos"": [18, 3]}, ""1"": {""collision"": false, ""collision_cell"": null, ""move_success"": true, ""new_robot_pos"": [43, 2]}}","{""arrived"": {""0"": true, ""1"": true}, ""final_by_usv"": {""0"": {""arrived"": true, ""final_distance_to_target_m"": 4.384561826328213, ""final_projected_cell"": [18, 3], ""last_known_world"": [-373.9779052734375, 218.15591430664062, 0.19476982951164246], ""observer_pose_source"": ""live_location_sensor"", ""orientation_source"": ""live_orientation_sensor"", ""projection_matches_target"": true, ""standoff_anchor_cell"": [18, 6], ""standoff_anchor_world"": [-340.0, 220.0, 0.0], ""target_cell"": [18, 3], ""target_world"": [-370.0, 220.0, 0.0]}, ""1"": {""arrived"": true, ""final_distance_to_target_m"": 4.9563792420055925, ""final_projected_cell"": [43, 2], ""last_known_world"": [-383.8589172363281, -26.88962173461914, 0.16762419044971466], ""observer_pose_source"": ""live_location_sensor"", ""orientation_source"": ""live_orientation_sensor"", ""projection_matches_target"": true, ""standoff_anchor_cell"": [46, 2], ""standoff_anchor_world"": [-380.0, -60.0, 0.0], ""target_cell"": [43, 2], ""target_world"": [-380.0, -30.0, 0.0]}}, ""per_step_fallback_counts"": {""0"": 0, ""1"": 0}, ""policy_step"": 8, ""run_kind"": ""teammate_only"", ""standoff_anchor_cells"": {""0"": [18, 6], ""1"": [46, 2]}, ""standoff_anchor_world"": {""0"": [-340.0, 220.0, 0.0], ""1"": [-380.0, -60.0, 0.0]}, ""step_min_inter_vessel_distance_m"": 230.2806292523653, ""step_ticks"": 101, ""target_cells"": {""0"": [18, 3], ""1"": [43, 2]}, ""target_world"": {""0"": [-370.0, 220.0, 0.0], ""1"": [-380.0, -30.0, 0.0]}, ""timeout"": false}",True,True,True,[],[false],[null],False,running,4.951326,False,False,False,False
teammate_only,9,True,baseline_GP.marine_knownmap_runtime_2usv._joint_assign_two_usv_segments,baseline_GP_mainline_planner,False,8.5,"[0, 1]",False,"[18, 43]","[54, 40]","[[18, 3], [18, 4], [18, 5], [18, 6], [18, 7], [18, 8], [18, 9], [18, 10], [18, 11]]","[[43, 2], [44, 2], [45, 2], [46, 2], [47, 2], [48, 2], [49, 2], [50, 2], [51, 2]]","[18, 4]","[44, 2]","[18, 7]","[47, 2]",baseline_GP_planner_committed_segment_lookahead,True,"{""0"": {""commit_remaining"": 4, ""committed_segment"": [[18, 3], [18, 4], [18, 5], [18, 6], [18, 7], [18, 8], [18, 9], [18, 10], [18, 11]], ""robot_pos"": [18, 3]}, ""1"": {""commit_remaining"": 4, ""committed_segment"": [[43, 2], [44, 2], [45, 2], [46, 2], [47, 2], [48, 2], [49, 2], [50, 2], [51, 2]], ""robot_pos"": [43, 2]}}","{""0"": {""commit_remaining"": 3, ""committed_segment"": [[18, 4], [18, 5], [18, 6], [18, 7], [18, 8], [18, 9], [18, 10], [18, 11]], ""robot_pos"": [18, 4]}, ""1"": {""commit_remaining"": 3, ""committed_segment"": [[44, 2], [45, 2], [46, 2], [47, 2], [48, 2], [49, 2], [50, 2], [51, 2]], ""robot_pos"": [44, 2]}}","{""0"": {""collision"": false, ""collision_cell"": null, ""move_success"": true, ""new_robot_pos"": [18, 4]}, ""1"": {""collision"": false, ""collision_cell"": null, ""move_success"": true, ""new_robot_pos"": [44, 2]}}","{""arrived"": {""0"": true, ""1"": true}, ""final_by_usv"": {""0"": {""arrived"": true, ""final_distance_to_target_m"": 3.074457021504849, ""final_projected_cell"": [18, 4], ""last_known_world"": [-363.0492858886719, 220.39260864257812, 0.17523285746574402], ""observer_pose_source"": ""live_location_sensor"", ""orientation_source"": ""live_orientation_sensor"", ""projection_matches_target"": true, ""standoff_anchor_cell"": [18, 7], ""standoff_anchor_world"": [-330.0, 220.0, 0.0], ""target_cell"": [18, 4], ""target_world"": [-360.0, 220.0, 0.0]}, ""1"": {""arrived"": true, ""final_distance_to_target_m"": 4.925893720236047, ""final_projected_cell"": [44, 2], ""last_known_world"": [-378.6657409667969, -35.25825119018555, 0.17910557985305786], ""observer_pose_source"": ""live_location_sensor"", ""orientation_source"": ""live_orientation_sensor"", ""projection_matches_target"": true, ""standoff_anchor_cell"": [47, 2], ""standoff_anchor_world"": [-380.0, -70.0, 0.0], ""target_cell"": [44, 2], ""target_world"": [-380.0, -40.0, 0.0]}}, ""per_step_fallback_counts"": {""0"": 0, ""1"": 0}, ""policy_step"": 9, ""run_kind"": ""teammate_only"", ""standoff_anchor_cells"": {""0"": [18, 7], ""1"": [47, 2]}, ""standoff_anchor_world"": {""0"": [-330.0, 220.0, 0.0], ""1"": [-380.0, -70.0, 0.0]}, ""step_min_inter_vessel_distance_m"": 245.35131450506464, ""step_ticks"": 85, ""target_cells"": {""0"": [18, 4], ""1"": [44, 2]}, ""target_world"": {""0"": [-360.0, 220.0, 0.0], ""1"": [-380.0, -40.0, 0.0]}, ""timeout"": false}",True,True,True,[],[false],[null],False,running,4.031301,False,False,False,False
teammate_only,10,True,baseline_GP.marine_knownmap_runtime_2usv._joint_assign_two_usv_segments,baseline_GP_mainline_planner,False,15.0,"[0, 1]",False,"[18, 34]","[55, 39]","[[18, 4], [18, 5], [18, 6], [18, 7], [18, 8], [18, 9], [18, 10], [18, 11], [18, 12]]","[[44, 2], [45, 2], [46, 2], [47, 2], [48, 2], [49, 2], [50, 2], [51, 2], [52, 2]]","[18, 5]","[45, 2]","[18, 8]","[48, 2]",baseline_GP_planner_committed_segment_lookahead,True,"{""0"": {""commit_remaining"": 4, ""committed_segment"": [[18, 4], [18, 5], [18, 6], [18, 7], [18, 8], [18, 9], [18, 10], [18, 11], [18, 12]], ""robot_pos"": [18, 4]}, ""1"": {""commit_remaining"": 4, ""committed_segment"": [[44, 2], [45, 2], [46, 2], [47, 2], [48, 2], [49, 2], [50, 2], [51, 2], [52, 2]], ""robot_pos"": [44, 2]}}","{""0"": {""commit_remaining"": 3, ""committed_segment"": [[18, 5], [18, 6], [18, 7], [18, 8], [18, 9], [18, 10], [18, 11], [18, 12]], ""robot_pos"": [18, 5]}, ""1"": {""commit_remaining"": 3, ""committed_segment"": [[45, 2], [46, 2], [47, 2], [48, 2], [49, 2], [50, 2], [51, 2], [52, 2]], ""robot_pos"": [45, 2]}}","{""0"": {""collision"": false, ""collision_cell"": null, ""move_success"": true, ""new_robot_pos"": [18, 5]}, ""1"": {""collision"": false, ""collision_cell"": null, ""move_success"": true, ""new_robot_pos"": [45, 2]}}","{""arrived"": {""0"": true, ""1"": true}, ""final_by_usv"": {""0"": {""arrived"": true, ""final_distance_to_target_m"": 4.993397817305741, ""final_projected_cell"": [18, 5], ""last_known_world"": [-354.174072265625, 222.7406463623047, 0.1702432781457901], ""observer_pose_source"": ""live_location_sensor"", ""orientation_source"": ""live_orientation_sensor"", ""projection_matches_target"": true, ""standoff_anchor_cell"": [18, 8], ""standoff_anchor_world"": [-320.0, 220.0, 0.0], ""target_cell"": [18, 5], ""target_world"": [-350.0, 220.0, 0.0]}, ""1"": {""arrived"": true, ""final_distance_to_target_m"": 4.9496349828277575, ""final_projected_cell"": [45, 2], ""last_known_world"": [-380.05108642578125, -45.050628662109375, 0.17631928622722626], ""observer_pose_source"": ""live_location_sensor"", ""orientation_source"": ""live_orientation_sensor"", ""projection_matches_target"": true, ""standoff_anchor_cell"": [48, 2], ""standoff_anchor_world"": [-380.0, -80.0, 0.0], ""target_cell"": [45, 2], ""target_world"": [-380.0, -50.0, 0.0]}}, ""per_step_fallback_counts"": {""0"": 0, ""1"": 0}, ""policy_step"": 10, ""run_kind"": ""teammate_only"", ""standoff_anchor_cells"": {""0"": [18, 8], ""1"": [48, 2]}, ""standoff_anchor_world"": {""0"": [-320.0, 220.0, 0.0], ""1"": [-380.0, -80.0, 0.0]}, ""step_min_inter_vessel_distance_m"": 256.29710828042766, ""step_ticks"": 69, ""target_cells"": {""0"": [18, 5], ""1"": [45, 2]}, ""target_world"": {""0"": [-350.0, 220.0, 0.0], ""1"": [-380.0, -50.0, 0.0]}, ""timeout"": false}",True,True,True,[],[false],[null],False,running,3.916781,False,False,False,False
teammate_only,11,True,baseline_GP.marine_knownmap_runtime_2usv._joint_assign_two_usv_segments,baseline_GP_mainline_planner,False,8.5,"[0, 1]",False,"[18, 39]","[55, 39]","[[18, 5], [18, 6], [18, 7], [18, 8], [18, 9], [18, 10], [18, 11], [18, 12], [18, 13]]","[[45, 2], [46, 2], [47, 2], [48, 2], [49, 2], [50, 2], [51, 2], [52, 2], [53, 2]]","[18, 6]","[46, 2]","[18, 9]","[49, 2]",baseline_GP_planner_committed_segment_lookahead,True,"{""0"": {""commit_remaining"": 4, ""committed_segment"": [[18, 5], [18, 6], [18, 7], [18, 8], [18, 9], [18, 10], [18, 11], [18, 12], [18, 13]], ""robot_pos"": [18, 5]}, ""1"": {""commit_remaining"": 4, ""committed_segment"": [[45, 2], [46, 2], [47, 2], [48, 2], [49, 2], [50, 2], [51, 2], [52, 2], [53, 2]], ""robot_pos"": [45, 2]}}","{""0"": {""commit_remaining"": 3, ""committed_segment"": [[18, 6], [18, 7], [18, 8], [18, 9], [18, 10], [18, 11], [18, 12], [18, 13]], ""robot_pos"": [18, 6]}, ""1"": {""commit_remaining"": 3, ""committed_segment"": [[46, 2], [47, 2], [48, 2], [49, 2], [50, 2], [51, 2], [52, 2], [53, 2]], ""robot_pos"": [46, 2]}}","{""0"": {""collision"": false, ""collision_cell"": null, ""move_success"": true, ""new_robot_pos"": [18, 6]}, ""1"": {""collision"": false, ""collision_cell"": null, ""move_success"": true, ""new_robot_pos"": [46, 2]}}","{""arrived"": {""0"": true, ""1"": true}, ""final_by_usv"": {""0"": {""arrived"": true, ""final_distance_to_target_m"": 2.8609445997165825, ""final_projected_cell"": [18, 6], ""last_known_world"": [-342.7233581542969, 219.1234588623047, 0.17210286855697632], ""observer_pose_source"": ""live_location_sensor"", ""orientation_source"": ""live_orientation_sensor"", ""projection_matches_target"": true, ""standoff_anchor_cell"": [18, 9], ""standoff_anchor_world"": [-310.0, 220.0, 0.0], ""target_cell"": [18, 6], ""target_world"": [-340.0, 220.0, 0.0]}, ""1"": {""arrived"": true, ""final_distance_to_target_m"": 4.9874907978224226, ""final_projected_cell"": [46, 2], ""last_known_world"": [-383.6819152832031, -56.63569259643555, 0.16937237977981567], ""observer_pose_source"": ""live_location_sensor"", ""orientation_source"": ""live_orientation_sensor"", ""projection_matches_target"": true, ""standoff_anchor_cell"": [49, 2], ""standoff_anchor_world"": [-380.0, -90.0, 0.0], ""target_cell"": [46, 2], ""target_world"": [-380.0, -60.0, 0.0]}}, ""per_step_fallback_counts"": {""0"": 0, ""1"": 0}, ""policy_step"": 11, ""run_kind"": ""teammate_only"", ""standoff_anchor_cells"": {""0"": [18, 9], ""1"": [49, 2]}, ""standoff_anchor_world"": {""0"": [-310.0, 220.0, 0.0], ""1"": [-380.0, -90.0, 0.0]}, ""step_min_inter_vessel_distance_m"": 269.1979252525131, ""step_ticks"": 98, ""target_cells"": {""0"": [18, 6], ""1"": [46, 2]}, ""target_world"": {""0"": [-340.0, 220.0, 0.0], ""1"": [-380.0, -60.0, 0.0]}, ""timeout"": false}",True,True,True,[],[false],[null],False,running,5.539939,False,False,False,False
teammate_only,12,True,baseline_GP.marine_knownmap_runtime_2usv._joint_assign_two_usv_segments,baseline_GP_mainline_planner,False,13.003397409972301,"[0, 1]",False,"[18, 39]","[55, 39]","[[18, 6], [18, 7], [18, 8], [18, 9], [18, 10], [18, 11], [18, 12], [18, 13], [18, 14]]","[[46, 2], [47, 2], [48, 2], [49, 2], [50, 2], [51, 2], [52, 2], [53, 2], [54, 2]]","[18, 7]","[47, 2]","[18, 10]","[50, 2]",baseline_GP_planner_committed_segment_lookahead,True,"{""0"": {""commit_remaining"": 4, ""committed_segment"": [[18, 6], [18, 7], [18, 8], [18, 9], [18, 10], [18, 11], [18, 12], [18, 13], [18, 14]], ""robot_pos"": [18, 6]}, ""1"": {""commit_remaining"": 4, ""committed_segment"": [[46, 2], [47, 2], [48, 2], [49, 2], [50, 2], [51, 2], [52, 2], [53, 2], [54, 2]], ""robot_pos"": [46, 2]}}","{""0"": {""commit_remaining"": 3, ""committed_segment"": [[18, 7], [18, 8], [18, 9], [18, 10], [18, 11], [18, 12], [18, 13], [18, 14]], ""robot_pos"": [18, 7]}, ""1"": {""commit_remaining"": 3, ""committed_segment"": [[47, 2], [48, 2], [49, 2], [50, 2], [51, 2], [52, 2], [53, 2], [54, 2]], ""robot_pos"": [47, 2]}}","{""0"": {""collision"": false, ""collision_cell"": null, ""move_success"": true, ""new_robot_pos"": [18, 7]}, ""1"": {""collision"": false, ""collision_cell"": null, ""move_success"": true, ""new_robot_pos"": [47, 2]}}","{""arrived"": {""0"": true, ""1"": true}, ""final_by_usv"": {""0"": {""arrived"": true, ""final_distance_to_target_m"": 4.544982908619408, ""final_projected_cell"": [18, 7], ""last_known_world"": [-334.2356262207031, 221.64813232421875, 0.17764823138713837], ""observer_pose_source"": ""live_location_sensor"", ""orientation_source"": ""live_orientation_sensor"", ""projection_matches_target"": true, ""standoff_anchor_cell"": [18, 10], ""standoff_anchor_world"": [-300.0, 220.0, 0.0], ""target_cell"": [18, 7], ""target_world"": [-330.0, 220.0, 0.0]}, ""1"": {""arrived"": true, ""final_distance_to_target_m"": 4.983161177572505, ""final_projected_cell"": [47, 2], ""last_known_world"": [-378.7476806640625, -65.17676544189453, 0.17691707611083984], ""observer_pose_source"": ""live_location_sensor"", ""orientation_source"": ""live_orientation_sensor"", ""projection_matches_target"": true, ""standoff_anchor_cell"": [50, 2], ""standoff_anchor_world"": [-380.0, -100.0, 0.0], ""target_cell"": [47, 2], ""target_world"": [-380.0, -70.0, 0.0]}}, ""per_step_fallback_counts"": {""0"": 0, ""1"": 0}, ""policy_step"": 12, ""run_kind"": ""teammate_only"", ""standoff_anchor_cells"": {""0"": [18, 10], ""1"": [50, 2]}, ""standoff_anchor_world"": {""0"": [-300.0, 220.0, 0.0], ""1"": [-380.0, -100.0, 0.0]}, ""step_min_inter_vessel_distance_m"": 278.8923337357292, ""step_ticks"": 84, ""target_cells"": {""0"": [18, 7], ""1"": [47, 2]}, ""target_world"": {""0"": [-330.0, 220.0, 0.0], ""1"": [-380.0, -70.0, 0.0]}, ""timeout"": false}",True,True,True,[],[false],[null],False,running,4.677649,False,False,False,False
teammate_only,13,True,baseline_GP.marine_knownmap_runtime_2usv._joint_assign_two_usv_segments,baseline_GP_mainline_planner,False,12.932511863747575,"[0, 1]",False,"[18, 39]","[55, 39]","[[18, 7], [18, 8], [18, 9], [18, 10], [18, 11], [18, 12], [18, 13], [18, 14], [18, 15]]","[[47, 2], [48, 2], [49, 2], [50, 2], [51, 2], [52, 2], [53, 2], [54, 2], [55, 2]]","[18, 8]","[48, 2]","[18, 11]","[51, 2]",baseline_GP_planner_committed_segment_lookahead,True,"{""0"": {""commit_remaining"": 4, ""committed_segment"": [[18, 7], [18, 8], [18, 9], [18, 10], [18, 11], [18, 12], [18, 13], [18, 14], [18, 15]], ""robot_pos"": [18, 7]}, ""1"": {""commit_remaining"": 4, ""committed_segment"": [[47, 2], [48, 2], [49, 2], [50, 2], [51, 2], [52, 2], [53, 2], [54, 2], [55, 2]], ""robot_pos"": [47, 2]}}","{""0"": {""commit_remaining"": 3, ""committed_segment"": [[18, 8], [18, 9], [18, 10], [18, 11], [18, 12], [18, 13], [18, 14], [18, 15]], ""robot_pos"": [18, 8]}, ""1"": {""commit_remaining"": 3, ""committed_segment"": [[48, 2], [49, 2], [50, 2], [51, 2], [52, 2], [53, 2], [54, 2], [55, 2]], ""robot_pos"": [48, 2]}}","{""0"": {""collision"": false, ""collision_cell"": null, ""move_success"": true, ""new_robot_pos"": [18, 8]}, ""1"": {""collision"": false, ""collision_cell"": null, ""move_success"": true, ""new_robot_pos"": [48, 2]}}","{""arrived"": {""0"": true, ""1"": true}, ""final_by_usv"": {""0"": {""arrived"": true, ""final_distance_to_target_m"": 4.945160875700356, ""final_projected_cell"": [18, 8], ""last_known_world"": [-324.7387390136719, 218.58615112304688, 0.17295901477336884], ""observer_pose_source"": ""live_location_sensor"", ""orientation_source"": ""live_orientation_sensor"", ""projection_matches_target"": true, ""standoff_anchor_cell"": [18, 11], ""standoff_anchor_world"": [-290.0, 220.0, 0.0], ""target_cell"": [18, 8], ""target_world"": [-320.0, 220.0, 0.0]}, ""1"": {""arrived"": true, ""final_distance_to_target_m"": 4.1775949661596865, ""final_projected_cell"": [48, 2], ""last_known_world"": [-380.9281005859375, -75.92680358886719, 0.16990767419338226], ""observer_pose_source"": ""live_location_sensor"", ""orientation_source"": ""live_orientation_sensor"", ""projection_matches_target"": true, ""standoff_anchor_cell"": [51, 2], ""standoff_anchor_world"": [-380.0, -110.0, 0.0], ""target_cell"": [48, 2], ""target_world"": [-380.0, -80.0, 0.0]}}, ""per_step_fallback_counts"": {""0"": 0, ""1"": 0}, ""policy_step"": 13, ""run_kind"": ""teammate_only"", ""standoff_anchor_cells"": {""0"": [18, 11], ""1"": [51, 2]}, ""standoff_anchor_world"": {""0"": [-290.0, 220.0, 0.0], ""1"": [-380.0, -110.0, 0.0]}, ""step_min_inter_vessel_distance_m"": 290.40071337229574, ""step_ticks"": 83, ""target_cells"": {""0"": [18, 8], ""1"": [48, 2]}, ""target_world"": {""0"": [-320.0, 220.0, 0.0], ""1"": [-380.0, -80.0, 0.0]}, ""timeout"": false}",True,True,True,[],[false],[null],False,running,4.646985,False,False,False,False
teammate_only,14,True,baseline_GP.marine_knownmap_runtime_2usv._joint_assign_two_usv_segments,baseline_GP_mainline_planner,False,12.421484505307731,"[0, 1]",False,"[18, 39]","[56, 38]","[[18, 8], [18, 9], [18, 10], [18, 11], [18, 12], [18, 13], [18, 14], [18, 15], [18, 16]]","[[48, 2], [49, 2], [50, 2], [51, 2], [52, 2], [53, 2], [54, 2], [55, 2], [56, 2]]","[18, 9]","[49, 2]","[18, 12]","[52, 2]",baseline_GP_planner_committed_segment_lookahead,True,"{""0"": {""commit_remaining"": 4, ""committed_segment"": [[18, 8], [18, 9], [18, 10], [18, 11], [18, 12], [18, 13], [18, 14], [18, 15], [18, 16]], ""robot_pos"": [18, 8]}, ""1"": {""commit_remaining"": 4, ""committed_segment"": [[48, 2], [49, 2], [50, 2], [51, 2], [52, 2], [53, 2], [54, 2], [55, 2], [56, 2]], ""robot_pos"": [48, 2]}}","{""0"": {""commit_remaining"": 3, ""committed_segment"": [[18, 9], [18, 10], [18, 11], [18, 12], [18, 13], [18, 14], [18, 15], [18, 16]], ""robot_pos"": [18, 9]}, ""1"": {""commit_remaining"": 3, ""committed_segment"": [[49, 2], [50, 2], [51, 2], [52, 2], [53, 2], [54, 2], [55, 2], [56, 2]], ""robot_pos"": [49, 2]}}","{""0"": {""collision"": false, ""collision_cell"": null, ""move_success"": true, ""new_robot_pos"": [18, 9]}, ""1"": {""collision"": false, ""collision_cell"": null, ""move_success"": true, ""new_robot_pos"": [49, 2]}}","{""arrived"": {""0"": true, ""1"": true}, ""final_by_usv"": {""0"": {""arrived"": true, ""final_distance_to_target_m"": 4.973255118787066, ""final_projected_cell"": [18, 9], ""last_known_world"": [-314.85406494140625, 221.082275390625, 0.17188343405723572], ""observer_pose_source"": ""live_location_sensor"", ""orientation_source"": ""live_orientation_sensor"", ""projection_matches_target"": true, ""standoff_anchor_cell"": [18, 12], ""standoff_anchor_world"": [-280.0, 220.0, 0.0], ""target_cell"": [18, 9], ""target_world"": [-310.0, 220.0, 0.0]}, ""1"": {""arrived"": true, ""final_distance_to_target_m"": 2.87156063675147, ""final_projected_cell"": [49, 2], ""last_known_world"": [-381.1787109375, -87.38150787353516, 0.1741747409105301], ""observer_pose_source"": ""live_location_sensor"", ""orientation_source"": ""live_orientation_sensor"", ""projection_matches_target"": true, ""standoff_anchor_cell"": [52, 2], ""standoff_anchor_world"": [-380.0, -120.0, 0.0], ""target_cell"": [49, 2], ""target_world"": [-380.0, -90.0, 0.0]}}, ""per_step_fallback_counts"": {""0"": 0, ""1"": 0}, ""policy_step"": 14, ""run_kind"": ""teammate_only"", ""standoff_anchor_cells"": {""0"": [18, 12], ""1"": [52, 2]}, ""standoff_anchor_world"": {""0"": [-280.0, 220.0, 0.0], ""1"": [-380.0, -120.0, 0.0]}, ""step_min_inter_vessel_distance_m"": 299.88860051637283, ""step_ticks"": 83, ""target_cells"": {""0"": [18, 9], ""1"": [49, 2]}, ""target_world"": {""0"": [-310.0, 220.0, 0.0], ""1"": [-380.0, -90.0, 0.0]}, ""timeout"": false}",True,True,True,[],[false],[null],False,running,4.414062,False,False,False,False
teammate_only,15,True,baseline_GP.marine_knownmap_runtime_2usv._joint_assign_two_usv_segments,baseline_GP_mainline_planner,False,12.34375,"[0, 1]",False,"[18, 39]","[53, 41]","[[18, 9], [18, 10], [18, 11], [18, 12], [18, 13], [18, 14], [18, 15], [18, 16], [18, 17]]","[[49, 2], [50, 2], [51, 2], [52, 2], [53, 2], [53, 3], [53, 4], [53, 5], [53, 6]]","[18, 10]","[50, 2]","[18, 13]","[53, 2]",baseline_GP_planner_committed_segment_lookahead,True,"{""0"": {""commit_remaining"": 4, ""committed_segment"": [[18, 9], [18, 10], [18, 11], [18, 12], [18, 13], [18, 14], [18, 15], [18, 16], [18, 17]], ""robot_pos"": [18, 9]}, ""1"": {""commit_remaining"": 4, ""committed_segment"": [[49, 2], [50, 2], [51, 2], [52, 2], [53, 2], [53, 3], [53, 4], [53, 5], [53, 6]], ""robot_pos"": [49, 2]}}","{""0"": {""commit_remaining"": 3, ""committed_segment"": [[18, 10], [18, 11], [18, 12], [18, 13], [18, 14], [18, 15], [18, 16], [18, 17]], ""robot_pos"": [18, 10]}, ""1"": {""commit_remaining"": 3, ""committed_segment"": [[50, 2], [51, 2], [52, 2], [53, 2], [53, 3], [53, 4], [53, 5], [53, 6]], ""robot_pos"": [50, 2]}}","{""0"": {""collision"": false, ""collision_cell"": null, ""move_success"": true, ""new_robot_pos"": [18, 10]}, ""1"": {""collision"": false, ""collision_cell"": null, ""move_success"": true, ""new_robot_pos"": [50, 2]}}","{""arrived"": {""0"": true, ""1"": true}, ""final_by_usv"": {""0"": {""arrived"": true, ""final_distance_to_target_m"": 4.902575968755468, ""final_projected_cell"": [18, 10], ""last_known_world"": [-304.8421630859375, 220.76727294921875, 0.17684133350849152], ""observer_pose_source"": ""live_location_sensor"", ""orientation_source"": ""live_orientation_sensor"", ""projection_matches_target"": true, ""standoff_anchor_cell"": [18, 13], ""standoff_anchor_world"": [-270.0, 220.0, 0.0], ""target_cell"": [18, 10], ""target_world"": [-300.0, 220.0, 0.0]}, ""1"": {""arrived"": true, ""final_distance_to_target_m"": 3.150801544115007, ""final_projected_cell"": [50, 2], ""last_known_world"": [-378.6703186035156, -97.14351654052734, 0.16743262112140656], ""observer_pose_source"": ""live_location_sensor"", ""orientation_source"": ""live_orientation_sensor"", ""projection_matches_target"": true, ""standoff_anchor_cell"": [53, 2], ""standoff_anchor_world"": [-380.0, -130.0, 0.0], ""target_cell"": [50, 2], ""target_world"": [-380.0, -100.0, 0.0]}}, ""per_step_fallback_counts"": {""0"": 0, ""1"": 0}, ""policy_step"": 15, ""run_kind"": ""teammate_only"", ""standoff_anchor_cells"": {""0"": [18, 13], ""1"": [53, 2]}, ""standoff_anchor_world"": {""0"": [-270.0, 220.0, 0.0], ""1"": [-380.0, -130.0, 0.0]}, ""step_min_inter_vessel_distance_m"": 315.69479016279286, ""step_ticks"": 74, ""target_cells"": {""0"": [18, 10], ""1"": [50, 2]}, ""target_world"": {""0"": [-300.0, 220.0, 0.0], ""1"": [-380.0, -100.0, 0.0]}, ""timeout"": false}",True,True,True,[],[false],[null],False,running,4.315249,False,False,False,False
teammate_only,16,True,baseline_GP.marine_knownmap_runtime_2usv._joint_assign_two_usv_segments,baseline_GP_mainline_planner,False,14.68888888888889,"[0, 1]",False,"[18, 42]","[53, 41]","[[18, 10], [18, 11], [18, 12], [18, 13], [18, 14], [18, 15], [18, 16], [18, 17], [18, 18]]","[[50, 2], [51, 2], [52, 2], [53, 2], [53, 3], [53, 4], [53, 5], [53, 6], [53, 7]]","[18, 11]","[51, 2]","[18, 14]","[53, 3]",baseline_GP_planner_committed_segment_lookahead,True,"{""0"": {""commit_remaining"": 4, ""committed_segment"": [[18, 10], [18, 11], [18, 12], [18, 13], [18, 14], [18, 15], [18, 16], [18, 17], [18, 18]], ""robot_pos"": [18, 10]}, ""1"": {""commit_remaining"": 4, ""committed_segment"": [[50, 2], [51, 2], [52, 2], [53, 2], [53, 3], [53, 4], [53, 5], [53, 6], [53, 7]], ""robot_pos"": [50, 2]}}","{""0"": {""commit_remaining"": 3, ""committed_segment"": [[18, 11], [18, 12], [18, 13], [18, 14], [18, 15], [18, 16], [18, 17], [18, 18]], ""robot_pos"": [18, 11]}, ""1"": {""commit_remaining"": 3, ""committed_segment"": [[51, 2], [52, 2], [53, 2], [53, 3], [53, 4], [53, 5], [53, 6], [53, 7]], ""robot_pos"": [51, 2]}}","{""0"": {""collision"": false, ""collision_cell"": null, ""move_success"": true, ""new_robot_pos"": [18, 11]}, ""1"": {""collision"": false, ""collision_cell"": null, ""move_success"": true, ""new_robot_pos"": [51, 2]}}","{""arrived"": {""0"": true, ""1"": true}, ""final_by_usv"": {""0"": {""arrived"": true, ""final_distance_to_target_m"": 4.996089159205276, ""final_projected_cell"": [18, 11], ""last_known_world"": [-294.0321960449219, 217.05003356933594, 0.1735745519399643], ""observer_pose_source"": ""live_location_sensor"", ""orientation_source"": ""live_orientation_sensor"", ""projection_matches_target"": true, ""standoff_anchor_cell"": [18, 14], ""standoff_anchor_world"": [-260.0, 220.0, 0.0], ""target_cell"": [18, 11], ""target_world"": [-290.0, 220.0, 0.0]}, ""1"": {""arrived"": true, ""final_distance_to_target_m"": 3.3181964393352845, ""final_projected_cell"": [51, 2], ""last_known_world"": [-381.298828125, -106.94656372070312, 0.1734260618686676], ""observer_pose_source"": ""live_location_sensor"", ""orientation_source"": ""live_orientation_sensor"", ""projection_matches_target"": true, ""standoff_anchor_cell"": [53, 3], ""standoff_anchor_world"": [-370.0, -130.0, 0.0], ""target_cell"": [51, 2], ""target_world"": [-380.0, -110.0, 0.0]}}, ""per_step_fallback_counts"": {""0"": 0, ""1"": 0}, ""policy_step"": 16, ""run_kind"": ""teammate_only"", ""standoff_anchor_cells"": {""0"": [18, 14], ""1"": [53, 3]}, ""standoff_anchor_world"": {""0"": [-260.0, 220.0, 0.0], ""1"": [-370.0, -130.0, 0.0]}, ""step_min_inter_vessel_distance_m"": 326.4264561670376, ""step_ticks"": 91, ""target_cells"": {""0"": [18, 11], ""1"": [51, 2]}, ""target_world"": {""0"": [-290.0, 220.0, 0.0], ""1"": [-380.0, -110.0, 0.0]}, ""timeout"": false}",True,True,True,[],[false],[null],False,running,12.360841,False,False,False,False
teammate_only,17,True,baseline_GP.marine_knownmap_runtime_2usv._joint_assign_two_usv_segments,baseline_GP_mainline_planner,False,14.676923076923078,"[0, 1]",False,"[18, 42]","[53, 41]","[[18, 11], [18, 12], [18, 13], [18, 14], [18, 15], [18, 16], [18, 17], [18, 18], [18, 19]]","[[51, 2], [52, 2], [53, 2], [53, 3], [53, 4], [53, 5], [53, 6], [53, 7], [53, 8]]","[18, 12]","[52, 2]","[18, 15]","[53, 4]",baseline_GP_planner_committed_segment_lookahead,True,"{""0"": {""commit_remaining"": 4, ""committed_segment"": [[18, 11], [18, 12], [18, 13], [18, 14], [18, 15], [18, 16], [18, 17], [18, 18], [18, 19]], ""robot_pos"": [18, 11]}, ""1"": {""commit_remaining"": 4, ""committed_segment"": [[51, 2], [52, 2], [53, 2], [53, 3], [53, 4], [53, 5], [53, 6], [53, 7], [53, 8]], ""robot_pos"": [51, 2]}}","{""0"": {""commit_remaining"": 3, ""committed_segment"": [[18, 12], [18, 13], [18, 14], [18, 15], [18, 16], [18, 17], [18, 18], [18, 19]], ""robot_pos"": [18, 12]}, ""1"": {""commit_remaining"": 3, ""committed_segment"": [[52, 2], [53, 2], [53, 3], [53, 4], [53, 5], [53, 6], [53, 7], [53, 8]], ""robot_pos"": [52, 2]}}","{""0"": {""collision"": false, ""collision_cell"": null, ""move_success"": true, ""new_robot_pos"": [18, 12]}, ""1"": {""collision"": false, ""collision_cell"": null, ""move_success"": true, ""new_robot_pos"": [52, 2]}}","{""arrived"": {""0"": true, ""1"": true}, ""final_by_usv"": {""0"": {""arrived"": true, ""final_distance_to_target_m"": 4.971600651229875, ""final_projected_cell"": [18, 12], ""last_known_world"": [-284.73040771484375, 221.52972412109375, 0.1749318689107895], ""observer_pose_source"": ""live_location_sensor"", ""orientation_source"": ""live_orientation_sensor"", ""projection_matches_target"": true, ""standoff_anchor_cell"": [18, 15], ""standoff_anchor_world"": [-250.0, 220.0, 0.0], ""target_cell"": [18, 12], ""target_world"": [-280.0, 220.0, 0.0]}, ""1"": {""arrived"": true, ""final_distance_to_target_m"": 4.33531657264904, ""final_projected_cell"": [52, 2], ""last_known_world"": [-378.0996398925781, -116.10338592529297, 0.18000903725624084], ""observer_pose_source"": ""live_location_sensor"", ""orientation_source"": ""live_orientation_sensor"", ""projection_matches_target"": true, ""standoff_anchor_cell"": [53, 4], ""standoff_anchor_world"": [-360.0, -130.0, 0.0], ""target_cell"": [52, 2], ""target_world"": [-380.0, -120.0, 0.0]}}, ""per_step_fallback_counts"": {""0"": 0, ""1"": 0}, ""policy_step"": 17, ""run_kind"": ""teammate_only"", ""standoff_anchor_cells"": {""0"": [18, 15], ""1"": [53, 4]}, ""standoff_anchor_world"": {""0"": [-250.0, 220.0, 0.0], ""1"": [-360.0, -130.0, 0.0]}, ""step_min_inter_vessel_distance_m"": 335.6830699854771, ""step_ticks"": 88, ""target_cells"": {""0"": [18, 12], ""1"": [52, 2]}, ""target_world"": {""0"": [-280.0, 220.0, 0.0], ""1"": [-380.0, -120.0, 0.0]}, ""timeout"": false}",True,True,True,[],[false],[null],False,running,10.234573,False,False,False,False
teammate_only,18,True,baseline_GP.marine_knownmap_runtime_2usv._joint_assign_two_usv_segments,baseline_GP_mainline_planner,False,14.679166666666667,"[0, 1]",False,"[18, 42]","[53, 41]","[[18, 12], [18, 13], [18, 14], [18, 15], [18, 16], [18, 17], [18, 18], [18, 19], [18, 20]]","[[52, 2], [53, 2], [53, 3], [53, 4], [53, 5], [53, 6], [53, 7], [53, 8], [53, 9]]","[18, 13]","[53, 2]","[18, 16]","[53, 5]",baseline_GP_planner_committed_segment_lookahead,True,"{""0"": {""commit_remaining"": 4, ""committed_segment"": [[18, 12], [18, 13], [18, 14], [18, 15], [18, 16], [18, 17], [18, 18], [18, 19], [18, 20]], ""robot_pos"": [18, 12]}, ""1"": {""commit_remaining"": 4, ""committed_segment"": [[52, 2], [53, 2], [53, 3], [53, 4], [53, 5], [53, 6], [53, 7], [53, 8], [53, 9]], ""robot_pos"": [52, 2]}}","{""0"": {""commit_remaining"": 3, ""committed_segment"": [[18, 13], [18, 14], [18, 15], [18, 16], [18, 17], [18, 18], [18, 19], [18, 20]], ""robot_pos"": [18, 13]}, ""1"": {""commit_remaining"": 3, ""committed_segment"": [[53, 2], [53, 3], [53, 4], [53, 5], [53, 6], [53, 7], [53, 8], [53, 9]], ""robot_pos"": [53, 2]}}","{""0"": {""collision"": false, ""collision_cell"": null, ""move_success"": true, ""new_robot_pos"": [18, 13]}, ""1"": {""collision"": false, ""collision_cell"": null, ""move_success"": true, ""new_robot_pos"": [53, 2]}}","{""arrived"": {""0"": true, ""1"": true}, ""final_by_usv"": {""0"": {""arrived"": true, ""final_distance_to_target_m"": 4.998594509430824, ""final_projected_cell"": [18, 13], ""last_known_world"": [-274.96002197265625, 219.38021850585938, 0.17005181312561035], ""observer_pose_source"": ""live_location_sensor"", ""orientation_source"": ""live_orientation_sensor"", ""projection_matches_target"": true, ""standoff_anchor_cell"": [18, 16], ""standoff_anchor_world"": [-240.0, 220.0, 0.0], ""target_cell"": [18, 13], ""target_world"": [-270.0, 220.0, 0.0]}, ""1"": {""arrived"": true, ""final_distance_to_target_m"": 4.724347240348086, ""final_projected_cell"": [53, 2], ""last_known_world"": [-380.9259338378906, -125.36727905273438, 0.17032267153263092], ""observer_pose_source"": ""live_location_sensor"", ""orientation_source"": ""live_orientation_sensor"", ""projection_matches_target"": true, ""standoff_anchor_cell"": [53, 5], ""standoff_anchor_world"": [-350.0, -130.0, 0.0], ""target_cell"": [53, 2], ""target_world"": [-380.0, -130.0, 0.0]}}, ""per_step_fallback_counts"": {""0"": 0, ""1"": 0}, ""policy_step"": 18, ""run_kind"": ""teammate_only"", ""standoff_anchor_cells"": {""0"": [18, 16], ""1"": [53, 5]}, ""standoff_anchor_world"": {""0"": [-240.0, 220.0, 0.0], ""1"": [-350.0, -130.0, 0.0]}, ""step_min_inter_vessel_distance_m"": 350.49388796427274, ""step_ticks"": 72, ""target_cells"": {""0"": [18, 13], ""1"": [53, 2]}, ""target_world"": {""0"": [-270.0, 220.0, 0.0], ""1"": [-380.0, -130.0, 0.0]}, ""timeout"": false}",True,True,True,[],[false],[null],False,running,10.748652,False,False,False,False
teammate_only,19,True,baseline_GP.marine_knownmap_runtime_2usv._joint_assign_two_usv_segments,baseline_GP_mainline_planner,False,13.62798638360166,"[0, 1]",False,"[24, 11]","[53, 42]","[[18, 13], [19, 13], [20, 13], [21, 13], [22, 13], [23, 13], [24, 13], [24, 12], [24, 11]]","[[53, 2], [53, 3], [53, 4], [53, 5], [53, 6], [53, 7], [53, 8], [53, 9], [53, 10]]","[19, 13]","[53, 3]","[22, 13]","[53, 6]",baseline_GP_planner_committed_segment_lookahead,True,"{""0"": {""commit_remaining"": 4, ""committed_segment"": [[18, 13], [19, 13], [20, 13], [21, 13], [22, 13], [23, 13], [24, 13], [24, 12], [24, 11]], ""robot_pos"": [18, 13]}, ""1"": {""commit_remaining"": 4, ""committed_segment"": [[53, 2], [53, 3], [53, 4], [53, 5], [53, 6], [53, 7], [53, 8], [53, 9], [53, 10]], ""robot_pos"": [53, 2]}}","{""0"": {""commit_remaining"": 3, ""committed_segment"": [[19, 13], [20, 13], [21, 13], [22, 13], [23, 13], [24, 13], [24, 12], [24, 11]], ""robot_pos"": [19, 13]}, ""1"": {""commit_remaining"": 3, ""committed_segment"": [[53, 3], [53, 4], [53, 5], [53, 6], [53, 7], [53, 8], [53, 9], [53, 10]], ""robot_pos"": [53, 3]}}","{""0"": {""collision"": false, ""collision_cell"": null, ""move_success"": true, ""new_robot_pos"": [19, 13]}, ""1"": {""collision"": false, ""collision_cell"": null, ""move_success"": true, ""new_robot_pos"": [53, 3]}}","{""arrived"": {""0"": true, ""1"": true}, ""final_by_usv"": {""0"": {""arrived"": true, ""final_distance_to_target_m"": 3.579276548514673, ""final_projected_cell"": [19, 13], ""last_known_world"": [-268.88983154296875, 213.4027557373047, 0.33278435468673706], ""observer_pose_source"": ""live_location_sensor"", ""orientation_source"": ""live_orientation_sensor"", ""projection_matches_target"": true, ""standoff_anchor_cell"": [22, 13], ""standoff_anchor_world"": [-270.0, 180.0, 0.0], ""target_cell"": [19, 13], ""target_world"": [-270.0, 210.0, 0.0]}, ""1"": {""arrived"": true, ""final_distance_to_target_m"": 4.9521720240984175, ""final_projected_cell"": [53, 3], ""last_known_world"": [-374.5816650390625, -128.12054443359375, 0.19878794252872467], ""observer_pose_source"": ""live_location_sensor"", ""orientation_source"": ""live_orientation_sensor"", ""projection_matches_target"": true, ""standoff_anchor_cell"": [53, 6], ""standoff_anchor_world"": [-340.0, -130.0, 0.0], ""target_cell"": [53, 3], ""target_world"": [-370.0, -130.0, 0.0]}}, ""per_step_fallback_counts"": {""0"": 0, ""1"": 0}, ""policy_step"": 19, ""run_kind"": ""teammate_only"", ""standoff_anchor_cells"": {""0"": [22, 13], ""1"": [53, 6]}, ""standoff_anchor_world"": {""0"": [-270.0, 180.0, 0.0], ""1"": [-340.0, -130.0, 0.0]}, ""step_min_inter_vessel_distance_m"": 357.50374575294677, ""step_ticks"": 87, ""target_cells"": {""0"": [19, 13], ""1"": [53, 3]}, ""target_world"": {""0"": [-270.0, 210.0, 0.0], ""1"": [-370.0, -130.0, 0.0]}, ""timeout"": false}",True,True,True,[],[false],[null],False,running,17.159851,False,False,False,False
teammate_only,20,True,baseline_GP.marine_knownmap_runtime_2usv._joint_assign_two_usv_segments,baseline_GP_mainline_planner,False,13.928105210648244,"[0, 1]",False,"[27, 12]","[53, 40]","[[19, 13], [20, 13], [21, 13], [22, 13], [23, 13], [24, 13], [25, 13], [26, 13], [27, 13]]","[[53, 3], [53, 4], [53, 5], [53, 6], [53, 7], [53, 8], [53, 9], [53, 10], [53, 11]]","[20, 13]","[53, 4]","[23, 13]","[53, 7]",baseline_GP_planner_committed_segment_lookahead,True,"{""0"": {""commit_remaining"": 4, ""committed_segment"": [[19, 13], [20, 13], [21, 13], [22, 13], [23, 13], [24, 13], [25, 13], [26, 13], [27, 13]], ""robot_pos"": [19, 13]}, ""1"": {""commit_remaining"": 4, ""committed_segment"": [[53, 3], [53, 4], [53, 5], [53, 6], [53, 7], [53, 8], [53, 9], [53, 10], [53, 11]], ""robot_pos"": [53, 3]}}","{""0"": {""commit_remaining"": 3, ""committed_segment"": [[20, 13], [21, 13], [22, 13], [23, 13], [24, 13], [25, 13], [26, 13], [27, 13]], ""robot_pos"": [20, 13]}, ""1"": {""commit_remaining"": 3, ""committed_segment"": [[53, 4], [53, 5], [53, 6], [53, 7], [53, 8], [53, 9], [53, 10], [53, 11]], ""robot_pos"": [53, 4]}}","{""0"": {""collision"": false, ""collision_cell"": null, ""move_success"": true, ""new_robot_pos"": [20, 13]}, ""1"": {""collision"": false, ""collision_cell"": null, ""move_success"": true, ""new_robot_pos"": [53, 4]}}","{""arrived"": {""0"": true, ""1"": true}, ""final_by_usv"": {""0"": {""arrived"": true, ""final_distance_to_target_m"": 3.400574106392544, ""final_projected_cell"": [20, 13], ""last_known_world"": [-271.2995300292969, 203.14247131347656, 0.3374054431915283], ""observer_pose_source"": ""live_location_sensor"", ""orientation_source"": ""live_orientation_sensor"", ""projection_matches_target"": true, ""standoff_anchor_cell"": [23, 13], ""standoff_anchor_world"": [-270.0, 170.0, 0.0], ""target_cell"": [20, 13], ""target_world"": [-270.0, 200.0, 0.0]}, ""1"": {""arrived"": true, ""final_distance_to_target_m"": 4.965895549331747, ""final_projected_cell"": [53, 4], ""last_known_world"": [-363.4046325683594, -126.38494873046875, 0.18414191901683807], ""observer_pose_source"": ""live_location_sensor"", ""orientation_source"": ""live_orientation_sensor"", ""projection_matches_target"": true, ""standoff_anchor_cell"": [53, 7], ""standoff_anchor_world"": [-330.0, -130.0, 0.0], ""target_cell"": [53, 4], ""target_world"": [-360.0, -130.0, 0.0]}}, ""per_step_fallback_counts"": {""0"": 0, ""1"": 0}, ""policy_step"": 20, ""run_kind"": ""teammate_only"", ""standoff_anchor_cells"": {""0"": [23, 13], ""1"": [53, 7]}, ""standoff_anchor_world"": {""0"": [-270.0, 170.0, 0.0], ""1"": [-330.0, -130.0, 0.0]}, ""step_min_inter_vessel_distance_m"": 342.15737676477175, ""step_ticks"": 92, ""target_cells"": {""0"": [20, 13], ""1"": [53, 4]}, ""target_world"": {""0"": [-270.0, 200.0, 0.0], ""1"": [-360.0, -130.0, 0.0]}, ""timeout"": false}",True,True,True,[],[false],[null],False,running,8.234303,False,False,False,False
