tick_global,step,target_cell,location_x,location_y,location_z,projected_row,projected_col,distance_to_target_m,heading_deg,target_heading_deg,heading_error_deg,command_0,command_1,arrived,timeout
1,1,"[39, 40]",0.0,0.0,0.6402697563171387,40,40,10.0,0.0,90.0,90.0,-8000.0,8000.0,False,False
2,1,"[39, 40]",7.376117139301641e-08,-6.491417298093438e-05,0.5508517622947693,40,40,10.000064914172981,0.13008423149585724,90.00000042261765,89.86991619112177,-8000.0,8000.0,False,False
3,1,"[39, 40]",6.52414200885687e-07,-0.00019311820506118238,0.4605759382247925,40,40,10.00019311820508,0.38700026273727417,90.00000373798584,89.61300347524855,-8000.0,8000.0,False,False
4,1,"[39, 40]",2.5660801838967018e-06,-0.00038302221219055355,0.3695279359817505,40,40,10.00038302221252,0.7675765752792358,90.00001470199334,89.2324381267141,-8000.0,8000.0,False,False
5,1,"[39, 40]",7.010029094089987e-06,-0.0006330611649900675,0.27778491377830505,40,40,10.000633061167447,1.268720269203186,90.00004016196564,88.73131989276249,-8000.0,8000.0,False,False
6,1,"[39, 40]",1.5512725440203212e-05,-0.000941682024858892,0.18541617691516876,40,40,10.00094168203689,1.8874157667160034,90.00008887300064,88.11267310628466,-8000.0,8000.0,False,False
7,1,"[39, 40]",2.9957533115521073e-05,-0.0013087268453091383,0.09979400783777237,40,40,10.001308726890175,2.6207196712493896,90.00017162156064,87.37945195031125,-8000.0,8000.0,False,False
8,1,"[39, 40]",5.26418152730912e-05,-0.001735703437589109,0.0299641415476799,40,40,10.001735703576122,3.465759754180908,90.0003015630417,86.53454180886081,-8000.0,8000.0,False,False
9,1,"[39, 40]",8.634031837573275e-05,-0.002225370379164815,-0.016950681805610657,40,40,10.002225370751814,4.419732570648193,90.00049458352132,85.58076201287315,-8000.0,8000.0,False,False
10,1,"[39, 40]",0.0001343010808341205,-0.002780516166239977,-0.03814448416233063,40,40,10.002780517067828,5.479902267456055,90.00076927461349,84.52086700715745,-8000.0,8000.0,False,False
11,1,"[39, 40]",0.0002002397959586233,-0.0034036089200526476,-0.03361881151795387,40,40,10.00340361092417,6.643601894378662,90.00114689916012,83.35754500478146,-8000.0,8000.0,False,False
12,1,"[39, 40]",0.00028819081489928067,-0.004095517098903656,-0.006656432989984751,40,40,10.0040955212499,7.908228397369385,90.00165053575861,82.0934221383892,-8000.0,8000.0,False,False
13,1,"[39, 40]",0.0004023465153295547,-0.004855158738791943,0.03749340400099754,40,40,10.004855166828998,9.271245956420898,90.00230415701698,80.73105820059607,-7903.262585127013,8000.0,False,False
14,1,"[39, 40]",0.000546816096175462,-0.005679059773683548,0.09228181093931198,40,40,10.00567907471559,10.730182647705078,90.00313124719095,79.27294859948586,-7566.898006901826,8000.0,False,False
15,1,"[39, 40]",0.0007251981878653169,-0.006560386158525944,0.14976340532302856,40,40,10.006560412436905,12.282629013061523,90.00415235543474,77.72152334237319,-7209.900331810733,8000.0,False,False
16,1,"[39, 40]",0.0009405934251844883,-0.007490782532840967,0.20302924513816833,40,40,10.007490826735529,13.926230430603027,90.00538516942092,76.07915473881792,-6833.127079913287,8000.0,False,False
17,1,"[39, 40]",0.00119555345736444,-0.008461091667413712,0.24662739038467407,40,40,10.008461163074399,15.658698081970215,90.00684422573421,74.34814614376398,-6437.474016184543,8000.0,False,False
18,1,"[39, 40]",0.0014921992551535368,-0.009462373331189156,0.27694210410118103,40,40,10.00946248455887,17.477794647216797,90.00854158951707,72.53074694230025,-6023.882005143871,8000.0,False,False
19,1,"[39, 40]",0.0018335090717300773,-0.010490186512470245,0.29441967606544495,40,40,10.010490354424102,19.38132095336914,90.01049422439633,70.62917327102718,-5593.343945531386,8000.0,False,False
20,1,"[39, 40]",0.002222704002633691,-0.011541155166924,0.30034321546554565,40,40,10.011541401902814,21.367143630981445,90.01272047473927,68.64557684375782,-5146.90045030735,8000.0,False,False
21,1,"[39, 40]",0.0026628985069692135,-0.01261165365576744,0.2958674430847168,40,40,10.012612007760598,23.43317222595215,90.0152380664907,66.58206584053855,-4685.646690159663,8000.0,False,False
22,1,"[39, 40]",0.003157069208100438,-0.01369780395179987,0.2820316255092621,40,40,10.013698301624384,25.577363967895508,90.01806392990912,64.44069996201361,-4210.732569542269,8000.0,False,False
23,1,"[39, 40]",0.0037080245092511177,-0.014795470982789993,0.25977107882499695,40,40,10.014796157439408,27.7977352142334,90.02121402734768,62.2234788131143,-3723.3608407233,8000.0,False,False
24,1,"[39, 40]",0.004319327417761087,-0.01590212993323803,0.23075079917907715,40,40,10.01590306128162,30.09234046936035,90.02470862961925,59.9323681602589,-3224.792377927616,8000.0,False,False
25,1,"[39, 40]",0.004996227100491524,-0.017017927020788193,0.19764557480812073,40,40,10.01701917301455,32.459285736083984,90.0285776370467,57.569291900962696,-2716.3430635018253,8000.0,False,False
26,1,"[39, 40]",0.005746243055909872,-0.018145594745874405,0.16392147541046143,40,40,10.018147242720852,34.89672088623047,90.03286391038544,55.13614302415499,-2199.3842504323966,8000.0,False,False
27,1,"[39, 40]",0.006578607019037008,-0.01928851008415222,0.13299182057380676,40,40,10.019290669821624,37.402854919433594,90.03762007279461,52.634765153361,-1675.3367463847371,8000.0,False,False
28,1,"[39, 40]",0.007506140042096376,-0.020452676340937614,0.10904496908187866,40,40,10.020455487697483,39.97593307495117,90.04291922513849,50.06698615018732,-1145.6738392242587,8000.0,False,False
29,1,"[39, 40]",0.009891925379633904,-0.020495014265179634,0.09411919862031937,40,40,10.02049989676668,42.59893798828125,90.05656061807323,47.457622629791985,-616.9567388910509,8000.0,False,False
30,1,"[39, 40]",0.015492834150791168,-0.017669562250375748,0.08913572877645493,40,40,10.017681542470177,45.24774169921875,90.08861075884994,44.84086905963119,-97.5954593161141,8000.0,False,False
31,1,"[39, 40]",0.025679832324385643,-0.010260595940053463,0.09358509629964828,40,40,10.010293534778004,47.899253845214844,90.1469834645209,42.24772961930606,405.03698801524934,8000.0,False,False
32,1,"[39, 40]",0.04144543781876564,0.003373373532667756,0.10643379390239716,40,40,9.996712541296345,50.531700134277344,90.23754363848333,39.70584350420597,884.674380516627,8000.0,False,False
33,1,"[39, 40]",0.0634179636836052,0.024762878194451332,0.1248222216963768,40,40,9.97543871087208,53.12486267089844,90.36425527200964,37.239392601111206,1336.1839030236624,8000.0,False,False
34,1,"[39, 40]",0.09189797192811966,0.055284369736909866,0.14665630459785461,40,40,9.945140230486624,55.660247802734375,90.52944863019971,34.869200827465335,1755.5359327001738,8000.0,False,False
35,1,"[39, 40]",0.12617644667625427,0.095077745616436,0.16895543038845062,40,40,9.905725887640875,58.13227081298828,90.72983781894258,32.59756700595432,2142.916343791751,8000.0,False,False
36,1,"[39, 40]",0.16512461006641388,0.1435772031545639,0.18965737521648407,40,40,9.857805865760595,60.54257583618164,90.95978617016821,30.41721033398659,2500.6122666985616,8000.0,False,False
37,1,"[39, 40]",0.20772477984428406,0.20024262368679047,0.20678892731666565,40,40,9.801958692973896,62.89274597167969,91.2143128328278,28.321566861148114,2830.7525020562293,8000.0,False,False
38,1,"[39, 40]",0.25306394696235657,0.2645549774169922,0.2194555103778839,40,40,9.738733549542694,65.18433380126953,91.4890158246693,26.304682023399778,3135.321146098777,8000.0,False,False
39,1,"[39, 40]",0.3003237247467041,0.33601683378219604,0.22726282477378845,40,40,9.66864855998949,67.4188232421875,91.77998507323288,24.361161831045365,3416.161240400112,8000.0,False,False
40,1,"[39, 40]",0.34877243638038635,0.41415104269981384,0.23032541573047638,40,40,9.592191743525136,69.5976791381836,92.08373590807636,22.48605676989277,3674.9920766004448,8000.0,False,False
41,1,"[39, 40]",0.397757351398468,0.4985007345676422,0.22903944551944733,40,40,9.509821197141573,71.7223129272461,92.39714996321194,20.67483703596585,3913.411958672205,8000.0,False,False
42,1,"[39, 40]",0.4466986358165741,0.5886270403862,0.22434836626052856,40,40,9.421967982125082,73.79409790039062,92.7174306253555,18.923332724964894,4132.908952658247,8000.0,False,False
43,1,"[39, 40]",0.4950815439224243,0.6841115355491638,0.2170415222644806,40,40,9.329034441849851,75.81436920166016,93.04205270794374,17.227683506283597,4334.8681924985995,8000.0,False,False
44,1,"[39, 40]",0.5424513220787048,0.7845538854598999,0.2080635130405426,40,40,9.231397539203757,77.78443908691406,93.36872995585193,15.58429086893787,4520.581526202741,8000.0,False,False
45,1,"[39, 40]",0.5884082913398743,0.8895714282989502,0.1985573023557663,40,40,9.129410335688956,79.70555114746094,93.69538616139425,13.989835013933316,4691.247286790396,7816.606426680612,False,False
46,1,"[39, 40]",0.6326014399528503,0.9988008141517639,0.1893150359392166,40,40,9.023401319078374,81.57894897460938,94.02011923936426,12.441170264754874,4847.986510560524,7627.37062475172,False,False
47,1,"[39, 40]",0.6747250556945801,1.11189603805542,0.1811658889055252,40,40,8.913677464386796,83.40582275390625,94.34118372409165,10.9353609701854,4991.841074865919,7434.824163810774,False,False
48,1,"[39, 40]",0.714514434337616,1.2285277843475342,0.17491339147090912,40,40,8.80052587672123,85.18734741210938,94.65696853331836,9.469621121209002,5123.784767343103,7239.318431106228,False,False
49,1,"[39, 40]",0.7517415881156921,1.3483840227127075,0.17122028768062592,40,40,8.684214094191567,86.9246597290039,94.96597548315158,8.04131575414766,5244.725093902414,7041.1722760127195,False,False
50,1,"[39, 40]",0.7862105965614319,1.4711717367172241,0.17009340226650238,40,40,8.564989121225816,88.61885070800781,95.26679604537033,6.647945337362501,5355.506828652512,6840.672071911146,False,False
51,1,"[39, 40]",0.8177558183670044,1.5966131687164307,0.17159634828567505,40,40,8.443082068454814,90.27100372314453,95.55810344760242,5.287099724457903,5456.922224417544,6638.0716397529095,False,False
52,1,"[39, 40]",0.8462380766868591,1.7244468927383423,0.1754322350025177,40,40,8.31870771896349,91.88216400146484,95.83863371225452,3.9564697107896905,5549.711110210804,6433.5949272822645,False,False
53,1,"[39, 40]",0.87154221534729,1.8544269800186157,0.18115633726119995,40,40,8.19206601883683,93.4533462524414,96.10717409953483,2.6538278470934245,5634.565918511755,6227.436750036784,False,False
54,1,"[39, 40]",0.8935742974281311,1.9863225221633911,0.1880146712064743,40,40,8.063343087318676,94.98554229736328,96.36254863151346,1.3770063341501668,5712.136596610666,6019.762764312907,False,False
55,1,"[39, 40]",0.9122607707977295,2.119915246963501,0.19544526934623718,40,40,7.93271425358148,96.4797134399414,96.60361509941313,0.12390165947172704,5783.033384962954,5810.713281365725,False,False
56,1,"[39, 40]",0.9275457859039307,2.2549989223480225,0.2028825879096985,40,40,7.800345048635889,97.93680572509766,96.82924974874875,-1.1075559763489196,5847.832464596024,5600.402084596932,False,False
57,1,"[39, 40]",0.9393909573554993,2.3913776874542236,0.21016919612884521,40,40,7.666393471883028,99.35771942138672,97.03834774681042,-2.3193716745763027,5907.075293055319,5388.922687630027,False,False
58,1,"[39, 40]",0.9477707743644714,2.528869390487671,0.2167508602142334,40,40,7.531006707282334,100.74335479736328,97.22979561407276,-3.5135591832905106,5961.27635553938,5176.33970002447,False,False
59,1,"[39, 40]",0.9526731371879578,2.667302131652832,0.22224529087543488,40,40,7.394325130448529,102.09457397460938,97.4024739844192,-4.692099990190172,6010.922132158178,4962.696933289543,False,False
60,1,"[39, 40]",0.9540976881980896,2.806514024734497,0.22636616230010986,40,40,7.256482817106813,103.41222381591797,97.55524630735086,-5.856977508567127,6056.4763113894005,4748.014977120591,False,False
61,1,"[39, 40]",0.9520547389984131,2.946352481842041,0.2290310263633728,40,40,7.117608554596499,104.6971206665039,97.68695058553278,-7.010170080971136,6098.380757655966,4532.293729972845,False,False
62,1,"[39, 40]",0.9465640783309937,3.0866737365722656,0.23028214275836945,40,40,6.977826565556518,105.95008850097656,97.79638944855579,-8.15369905242079,6137.06181949092,4315.507967567917,False,False
63,1,"[39, 40]",0.9376540184020996,3.227342367172241,0.2303328961133957,40,40,6.837257232964525,107.17189025878906,97.88232105494528,-9.289569203843769,6172.92570972963,4097.616030383173,False,False
64,1,"[39, 40]",0.925359845161438,3.368232250213623,0.22937420010566711,40,40,6.696016303007624,108.3633041381836,97.94344556757561,-10.419858570607971,6206.367903455248,3878.549155944731,False,False
65,1,"[39, 40]",0.9097229838371277,3.5092251300811768,0.22763565182685852,40,40,6.554216529783803,109.52507019042969,97.97839333327288,-11.546676857156797,6237.770649736803,3658.2182808252246,False,False
66,1,"[39, 40]",0.8907900452613831,3.650211811065674,0.22526411712169647,40,40,6.411966698998572,110.65792083740234,97.98571373488603,-12.672207102516325,6267.5071769928945,3436.5089378438315,False,False
67,1,"[39, 40]",0.8686121702194214,3.791090250015259,0.22244957089424133,40,40,6.2693737634399245,111.7625503540039,97.96386141856783,-13.798688935436076,6295.9418678606435,3213.285171772697,False,False
68,1,"[39, 40]",0.8432456851005554,3.9317641258239746,0.21971486508846283,40,40,6.1265446958361105,112.83966827392578,97.91119352971519,-14.928474744210575,6323.436967632124,2988.3836993147747,False,False
69,1,"[39, 40]",0.8147491812705994,4.072145462036133,0.2172943502664566,40,40,5.983583846796159,113.88994598388672,97.82593829374686,-16.064007690139874,6350.34956046472,2761.6157971542575,False,False
70,1,"[39, 40]",0.7831831574440002,4.212153911590576,0.21522156894207,40,40,5.840593993869136,114.91404724121094,97.70617958615571,-17.207867655055225,6377.036639970083,2532.7621077697695,False,False
71,1,"[39, 40]",0.7486106157302856,4.351716041564941,0.21358473598957062,40,40,5.6976775557325885,115.91260528564453,97.54984905393934,-18.36275623170519,6403.854671180263,2301.5755545804245,False,False
72,1,"[39, 40]",0.711096465587616,4.490762710571289,0.21252119541168213,40,40,5.554939576143291,116.8862533569336,97.35470288488642,-19.531550472047172,6431.166034561639,2067.775778476188,False,False
73,1,"[39, 40]",0.6707063317298889,4.629231929779053,0.21203619241714478,40,40,5.412485256102542,117.83560180664062,97.1182971115292,-20.71730469511141,6459.337932811037,1831.047640733288,False,False
74,1,"[39, 40]",0.6275069713592529,4.7670674324035645,0.21213369071483612,40,40,5.2704220187871,118.76126098632812,96.8379708736208,-21.92329011270732,6488.7468040624,1591.036783753133,False,False
75,1,"[39, 40]",0.5815652012825012,4.904217720031738,0.21269898116588593,40,40,5.128860997159241,119.66380310058594,96.5108124890665,-23.152990611519442,6519.778579018242,1347.3508304825673,False,False
76,1,"[39, 40]",0.5333216190338135,5.039974212646484,0.21355701982975006,39,40,4.98861581608974,120.53714752197266,96.13709051373945,-24.400057008233205,6552.355536729841,1101.3304811396129,True,False
77,2,"[38, 40]",0.48343566060066223,5.173309803009033,0.2146236002445221,39,40,14.834569499499757,121.37130737304688,91.86751142923315,-29.503795943813714,8000.0,3666.9789222255727,False,False
78,2,"[38, 40]",0.4308811128139496,5.306069850921631,0.21594679355621338,39,40,14.700246316282394,122.18461608886719,91.67964570891645,-30.50497037995075,8000.0,3485.243131359346,False,False
79,2,"[38, 40]",0.37574324011802673,5.438198566436768,0.21750082075595856,39,40,14.566648343837322,122.97760009765625,91.47809499129018,-31.499505106366087,8000.0,3302.628927455676,False,False
80,2,"[38, 40]",0.3181045651435852,5.569648265838623,0.2192031890153885,39,40,14.433857477680021,123.7507553100586,91.26283114540627,-32.48792416465233,8000.0,3119.1013996376137,False,False
81,2,"[38, 40]",0.2580444812774658,5.700376510620117,0.22080278396606445,39,40,14.30195157635288,124.50454711914062,91.03382128717911,-33.470725831961516,8000.0,2934.6257574152687,False,False
82,2,"[38, 40]",0.19563980400562286,5.830345630645752,0.2220144420862198,39,40,14.171004900142801,125.23948669433594,90.79103008283712,-34.44845661149881,8000.0,2749.1536247026106,False,False
83,2,"[38, 40]",0.13096623122692108,5.959521770477295,0.22287513315677643,39,40,14.041089027116906,125.9560317993164,90.53442586273313,-35.42160593658326,8000.0,2562.6429916002085,False,False
84,2,"[38, 40]",0.06409721821546555,6.087874889373779,0.2234177142381668,39,40,13.912272767132606,126.65463256835938,90.26397650020036,-36.39065606815902,8000.0,2375.049204269575,False,False
85,2,"[38, 40]",-0.004896536935120821,6.215378761291504,0.22355376183986664,39,40,13.784622108375961,127.33573913574219,89.9796475446112,-37.35609159113099,8000.0,2186.323298334645,False,False
86,2,"[38, 40]",-0.07594597339630127,6.342011451721191,0.22332094609737396,39,40,13.658199697463434,127.99978637695312,89.68140704729925,-38.31837932965388,8000.0,1996.416087129077,False,False
87,2,"[38, 40]",-0.1489841639995575,6.4677534103393555,0.22275279462337494,39,40,13.533066690314683,128.64720153808594,89.36922381003359,-39.27797772805235,8000.0,1805.2765732730159,False,False
88,2,"[38, 40]",-0.22394652664661407,6.592587947845459,0.2218203842639923,39,40,13.409282232209742,129.2783966064453,89.043066799356,-40.23532980708933,8000.0,1612.8535662868753,False,False
89,2,"[38, 40]",-0.30077046155929565,6.716503143310547,0.22049735486507416,39,40,13.286901505325655,129.89376831054688,88.70290675996206,-41.19086155058483,8000.0,1419.096264373623,False,False
90,2,"[38, 40]",-0.3791375458240509,6.839175701141357,0.21889914572238922,39,40,13.166284270973401,130.49020385742188,88.34987730216558,-42.14032655525631,8000.0,1224.91066466357,False,False
91,2,"[38, 40]",-0.45838630199432373,6.959894180297852,0.21696040034294128,39,40,13.048159938891226,131.0596923828125,87.98676550717646,-43.07292687563603,8000.0,1032.588306817287,False,False
92,2,"[38, 40]",-0.53790682554245,7.07804012298584,0.21468232572078705,39,40,12.933150846415153,131.5945587158203,87.6163052835651,-43.9782534322552,8000.0,844.409185744832,False,False
93,2,"[38, 40]",-0.6171435713768005,7.193087577819824,0.21212714910507202,39,40,12.82177335539373,132.0874786376953,87.2411468798702,-44.84633175782511,8000.0,662.6223255219938,False,False
94,2,"[38, 40]",-0.6955987811088562,7.3046040534973145,0.2093541920185089,39,40,12.714438088360687,132.5315704345703,86.86381870441123,-45.66775173015907,8000.0,489.40712368640834,False,False
95,2,"[38, 40]",-0.7728347182273865,7.4122467041015625,0.2064799964427948,39,40,12.611455369627235,132.9205322265625,86.48669187186023,-46.43384035470228,8000.0,326.8239216199245,False,False
96,2,"[38, 40]",-0.8484775424003601,7.515760898590088,0.2035559117794037,39,40,12.51303880283003,133.2486572265625,86.1119346204632,-47.13672260609928,8000.0,176.78730968105265,False,False
97,2,"[38, 40]",-0.9222182035446167,7.614974498748779,0.20081068575382233,39,40,12.419313309583268,133.51092529296875,85.74148020350988,-47.769445089458884,8000.0,41.02619154402146,False,False
98,2,"[38, 40]",-0.993815004825592,7.709797382354736,0.19839812815189362,39,40,12.330318270287714,133.703125,85.37698573762364,-48.32613926237636,8000.0,-78.96431132327871,False,False
99,2,"[38, 40]",-1.0630943775177002,7.800215244293213,0.1963464915752411,39,40,12.246016402940405,133.82174682617188,85.01980187105498,-48.80194495511688,8000.0,-181.9182265201298,False,False
100,2,"[38, 40]",-1.1299498081207275,7.886284828186035,0.19468915462493896,39,40,12.166301074390192,133.86416625976562,84.6709527789931,-49.19321348077253,8000.0,-266.85258097171754,False,False
101,2,"[38, 40]",-1.1943397521972656,7.968129634857178,0.19364085793495178,39,40,12.091002933060627,133.82859802246094,84.33112353321684,-49.4974744892441,8000.0,-333.06844616391663,False,False
102,2,"[38, 40]",-1.256285548210144,8.045933723449707,0.19316810369491577,39,40,12.019898249269778,133.71412658691406,84.0006515813084,-49.71347500560566,8000.0,-380.1652986337349,False,False
103,2,"[38, 40]",-1.315867304801941,8.1199369430542,0.1931905448436737,39,40,11.952715381906117,133.52069091796875,83.67953069553893,-49.841160222429835,8000.0,-424.5581662786517,False,False
104,2,"[38, 40]",-1.3731613159179688,8.190370559692383,0.19351975619792938,39,40,11.889193392190824,133.24830627441406,83.36773147769465,-49.88057479671943,8000.0,-455.3262895628004,False,False
105,2,"[38, 40]",-1.428279161453247,8.257495880126953,0.1939922720193863,39,40,11.829048328934881,132.8976287841797,83.06499348568822,-49.83263529849148,8000.0,-465.9068772466944,False,False
106,2,"[38, 40]",-1.4813846349716187,8.321624755859375,0.19446991384029388,39,40,11.771956030315717,132.4701690673828,82.77072442037984,-49.69944464700296,8000.0,-456.99873205335007,False,False
107,2,"[38, 40]",-1.5326857566833496,8.383112907409668,0.19495441019535065,39,40,11.717559103786584,131.96824645996094,82.48403315156351,-49.48421330839744,8000.0,-429.5697142056024,False,False
108,2,"[38, 40]",-1.582425832748413,8.442357063293457,0.19527888298034668,39,40,11.665469633433203,131.39491271972656,82.20376791467514,-49.19114480505141,8000.0,-384.826473875567,False,False
109,2,"[38, 40]",-1.6308727264404297,8.49978256225586,0.19547705352306366,39,40,11.615280752751593,130.75387573242188,81.92857183837174,-48.82530389405014,8000.0,-324.1767425416456,False,False
110,2,"[38, 40]",-1.6783101558685303,8.555841445922852,0.19552718102931976,39,40,11.566567770525042,130.04953002929688,81.65692412181158,-48.39260590748529,8000.0,-249.22072893548102,False,False
111,2,"[38, 40]",-1.7250280380249023,8.611000061035156,0.19553343951702118,39,40,11.518899311206487,129.2866668701172,81.38719444921718,-47.8994724209,8000.0,-161.66722946091795,False,False
112,2,"[38, 40]",-1.771314024925232,8.665740966796875,0.19547727704048157,39,40,11.471834256414423,128.47059631347656,81.11768257209273,-47.352913741383816,8000.0,-63.346143148763076,False,False
113,2,"[38, 40]",-1.8174448013305664,8.720548629760742,0.19540536403656006,39,40,11.424934521452444,127.60691833496094,80.84667142582809,-46.76024690913283,8000.0,43.86233966498639,False,False
114,2,"[38, 40]",-1.8636791706085205,8.775904655456543,0.19536347687244415,39,40,11.377768513832676,126.70147705078125,80.57246535995955,-46.1290116908217,8000.0,158.0524702813691,False,False
115,2,"[38, 40]",-1.9102518558502197,8.83228588104248,0.19551338255405426,39,40,11.329911773510963,125.76029205322266,80.29342252434346,-45.466869528879215,8000.0,277.31971609586526,False,False
116,2,"[38, 40]",-1.95736825466156,8.890151023864746,0.19588525593280792,39,40,11.280958946689346,124.78945922851562,80.00799226554398,-44.78146696297165,8000.0,399.79833379019055,False,False
117,2,"[38, 40]",-2.0052008628845215,8.94994068145752,0.19650761783123016,39,40,11.230522759151523,123.79502868652344,79.71473374940547,-44.08029493711797,8000.0,523.6936323340487,False,False
118,2,"[38, 40]",-2.0538861751556396,9.012067794799805,0.19734804332256317,39,40,11.178242373762124,122.78299713134766,79.4123407497931,-43.37065638155457,8000.0,647.2943114432992,False,False
119,2,"[38, 40]",-2.1035239696502686,9.076915740966797,0.19825968146324158,39,40,11.12378455476517,121.75916290283203,79.09964855133705,-42.65951435149498,8000.0,769.0052618276013,False,False
120,2,"[38, 40]",-2.154176712036133,9.144829750061035,0.199286088347435,39,40,11.06685133458649,120.7291488647461,78.77564728157034,-41.95350158317575,8000.0,887.3487903700952,False,False
121,2,"[38, 40]",-2.205869674682617,9.216115951538086,0.20034748315811157,39,40,11.007180210769501,119.69821166992188,78.43948565473933,-41.25872601518256,8000.0,1001.0026851462244,False,False
122,2,"[38, 40]",-2.258594274520874,9.291037559509277,0.20142896473407745,39,40,10.944547713301793,118.6713638305664,78.09046209730954,-40.580901733256866,8000.0,1108.7733389144169,False,False
123,2,"[38, 40]",-2.3123090267181396,9.369810104370117,0.20245590806007385,39,40,10.87877337994472,117.65314483642578,77.72803047857359,-39.92511435785218,8000.0,1209.6407831473825,False,False
124,2,"[38, 40]",-2.366943359375,9.452604293823242,0.20324064791202545,39,40,10.809716788573386,116.64776611328125,77.35178435206491,-39.29598176121635,8000.0,1302.721877464599,False,False
125,2,"[38, 40]",-2.4224016666412354,9.539539337158203,0.203846275806427,39,40,10.737283972840007,115.658935546875,76.96145156112033,-38.69748398575467,8000.0,1387.301765378119,False,False
126,2,"[38, 40]",-2.4785666465759277,9.630687713623047,0.2041494995355606,39,40,10.661422508930347,114.68993377685547,76.55688092972643,-38.13305284712902,8000.0,1462.8094606687764,False,False
127,2,"[38, 40]",-2.5353028774261475,9.72607135772705,0.20409433543682098,39,40,10.582125043052638,113.7435302734375,76.13803869549224,-37.60549157794526,8000.0,1528.8296594661088,False,False
128,2,"[38, 40]",-2.592405080795288,9.825536727905273,0.20379064977169037,39,40,10.499536512538912,112.82079315185547,75.705462862901,-37.11533028895445,8000.0,1585.4518609658362,False,False
129,2,"[38, 40]",-2.64961576461792,9.928768157958984,0.20332159101963043,39,40,10.41394135360156,111.92112731933594,75.26020635905654,-36.660920960279384,8000.0,1633.232814163262,False,False
130,2,"[38, 40]",-2.7067067623138428,10.035476684570312,0.20276187360286713,39,40,10.325598597703543,111.04395294189453,74.8031823659701,-36.240770575924444,8000.0,1672.6804591070327,False,False
131,2,"[38, 40]",-2.763477325439453,10.14539623260498,0.20217858254909515,39,40,10.234745836637767,110.18871307373047,74.33517528788153,-35.85353778584894,8000.0,1704.2568955609709,False,False
132,2,"[38, 40]",-2.819751024246216,10.258283615112305,0.20169074833393097,39,40,10.141599181703395,109.3548583984375,73.85685244363891,-35.4980059547986,8000.0,1728.3839770055092,False,False
133,2,"[38, 40]",-2.875372886657715,10.37391185760498,0.2014053463935852,39,40,10.046359647279422,108.54185485839844,73.36878477497208,-35.17307008342635,8000.0,1745.449080902089,False,False
134,2,"[38, 40]",-2.930208444595337,10.49207592010498,0.20135967433452606,39,40,9.949208101041277,107.74918365478516,72.8714380857132,-34.877745569071976,8000.0,1755.8018643856776,False,False
135,2,"[38, 40]",-2.984139919281006,10.612585067749023,0.20152834057807922,39,40,9.850312186326637,106.97633361816406,72.36520077886617,-34.61113283929791,8000.0,1759.7642912646547,False,False
136,2,"[38, 40]",-3.0370662212371826,10.73526382446289,0.20188836753368378,39,40,9.749826030985673,106.22281646728516,71.85037764431706,-34.37243882296809,8000.0,1757.6271422048185,False,False
137,2,"[38, 40]",-3.088899850845337,10.859951972961426,0.20218375325202942,39,40,9.647889936412215,105.48814392089844,71.3272018294574,-34.16094209144103,8000.0,1749.65663706148,False,False
138,2,"[38, 40]",-3.1395668983459473,10.986501693725586,0.202419251203537,39,40,9.544633676909832,104.77184295654297,70.79583499697503,-33.97600795956794,8000.0,1736.093648896585,False,False
139,2,"[38, 40]",-3.1890041828155518,11.114773750305176,0.20254020392894745,39,40,9.440179722138824,104.07345581054688,70.25638643743547,-33.817069373111394,8000.0,1717.158994524742,False,False
140,2,"[38, 40]",-3.2371585369110107,11.24464225769043,0.2025560885667801,39,40,9.334638964036904,103.39254760742188,69.70890357289343,-33.68364403452844,8000.0,1693.0489043500606,False,False
141,2,"[38, 40]",-3.283986806869507,11.37598991394043,0.20235773921012878,39,40,9.228115696725425,102.72866821289062,69.15337689897508,-33.57529131391556,8000.0,1663.9452162227344,False,False
142,2,"[38, 40]",-3.329453706741333,11.508706092834473,0.20202317833900452,39,40,9.120709084451713,102.08139038085938,68.58975275798822,-33.49163762287117,8000.0,1630.0119022243275,False,False
143,2,"[38, 40]",-3.373530626296997,11.642691612243652,0.20156370103359222,39,40,9.01250866155625,101.45030975341797,68.01792582624452,-33.43238392717345,8000.0,1591.392087154382,False,False
144,2,"[38, 40]",-3.416196346282959,11.777852058410645,0.2010481208562851,39,40,8.903601195569077,100.83502197265625,67.43774603208307,-33.397275940573195,8000.0,1548.2166412709184,False,False
145,2,"[38, 40]",-3.457434892654419,11.914100646972656,0.20053823292255402,39,40,8.794067567640829,100.23512268066406,66.84902119774947,-33.3861014829146,8000.0,1500.603468414915,False,False
146,2,"[38, 40]",-3.4972360134124756,12.051355361938477,0.2001483142375946,39,40,8.683985911762719,99.65023803710938,66.25151782978934,-33.398720207320025,8000.0,1448.6540568125406,False,False
147,2,"[38, 40]",-3.5355520248413086,12.189291000366211,0.19984249770641327,39,40,8.57364002027842,99.07775115966797,65.64590422387165,-33.43184693579633,8000.0,1393.0973270454383,False,False
148,2,"[38, 40]",-3.5723447799682617,12.32758903503418,0.19964557886123657,39,40,8.46330533788627,98.51493072509766,65.03288206575125,-33.48204865934639,8000.0,1334.6746537500844,False,False
149,2,"[38, 40]",-3.6075856685638428,12.465947151184082,0.19951997697353363,39,40,8.353240490060038,97.95901489257812,64.41316104404214,-33.545853848535984,8000.0,1274.1178668270945,False,False
150,2,"[38, 40]",-3.6412546634674072,12.604082107543945,0.19937221705913544,39,40,8.243684673504607,97.40718841552734,63.78745347744551,-33.61973493808182,8000.0,1212.151613681946,False,False
151,2,"[38, 40]",-3.673340082168579,12.741726875305176,0.19917653501033783,39,40,8.134860546557233,96.85664367675781,63.15648032264168,-33.70016335411614,8000.0,1149.4857932051736,False,False
152,2,"[38, 40]",-3.703836679458618,12.878639221191406,0.19890953600406647,39,40,8.026966144818127,96.30464172363281,62.52095123572796,-33.783690487904835,8000.0,1086.7987022557872,False,False
153,2,"[38, 40]",-3.7327451705932617,13.01459789276123,0.1985502988100052,39,40,7.920178603314648,95.74848175048828,61.88157163743277,-33.866910113055496,8000.0,1024.7455242722235,False,False
154,2,"[38, 40]",-3.7600717544555664,13.14940357208252,0.198080375790596,39,40,7.814653608244597,95.18556213378906,61.239034734558004,-33.94652739923106,8000.0,963.9468090864939,False,False
155,2,"[38, 40]",-3.7858269214630127,13.28288459777832,0.19760136306285858,39,40,7.710520397874442,94.6134262084961,60.59399931438396,-34.019426894112144,8000.0,904.9752038988931,False,False
156,2,"[38, 40]",-3.8100249767303467,13.414891242980957,0.19708797335624695,39,40,7.60788720112739,94.02973175048828,59.94710122322581,-34.08263052726247,8000.0,848.3652982683079,False,False
157,2,"[38, 40]",-3.8326828479766846,13.54530143737793,0.1965772956609726,39,40,7.506836307492663,93.43231201171875,59.29892828725967,-34.133383724459065,8000.0,794.5973252567301,False,False
158,2,"[38, 40]",-3.8538198471069336,13.674017906188965,0.1960451602935791,39,40,7.407427142076603,92.81916046142578,58.65001856268317,-34.16914189874262,8000.0,744.1011502166075,False,False
159,2,"[38, 40]",-3.8734560012817383,13.800966262817383,0.19547128677368164,39,40,7.309697713899925,92.18846893310547,58.00086542569168,-34.1876035074138,8000.0,697.2517546252825,False,False
160,2,"[38, 40]",-3.8916122913360596,13.926097869873047,0.19489777088165283,39,40,7.2136629608291685,91.53866577148438,57.3518905426589,-34.18677522882547,8000.0,654.358113639727,False,False
161,2,"[38, 40]",-3.9083096981048584,14.049388885498047,0.19430534541606903,39,40,7.119315791024771,90.86834716796875,56.70343861405326,-34.164908553915495,8000.0,615.6745982330194,False,False
162,2,"[38, 40]",-3.9235680103302,14.1708345413208,0.19373726844787598,39,40,7.026631901298457,90.17634582519531,56.055795653815025,-34.12055017138027,8000.0,581.3952636650897,False,False
163,2,"[38, 40]",-3.937405824661255,14.290452003479004,0.19317546486854553,39,40,6.935567961793273,89.46170806884766,55.40916314522144,-34.052544923626215,8000.0,551.6530933502154,False,False
164,2,"[38, 40]",-3.9498395919799805,14.408278465270996,0.19260555505752563,39,40,6.846063286614043,88.72372436523438,54.76365880575016,-33.96006555948421,8000.0,526.5165065323163,False,False
165,2,"[38, 40]",-3.960883140563965,14.524369239807129,0.19201646745204926,39,40,6.758041689363437,87.96186828613281,54.11931526240184,-33.84255302373097,8000.0,506.000596481038,False,False
166,2,"[38, 40]",-3.9705469608306885,14.638794898986816,0.19145889580249786,39,40,6.67141389086988,87.17585754394531,53.4760863883493,-33.69977115559601,8000.0,490.06001914221997,False,False
167,2,"[38, 40]",-3.978837728500366,14.75163745880127,0.19098027050495148,39,40,6.5860807035441,86.3656005859375,52.83385905405272,-33.53174153188479,7969.664719810142,478.60176097344674,False,False
168,2,"[38, 40]",-3.9857583045959473,14.862995147705078,0.1905662715435028,39,40,6.501929568609394,85.53119659423828,52.19241810645775,-33.33877848778053,7919.433314462565,471.4787134407875,False,False
169,2,"[38, 40]",-3.9913065433502197,14.972972869873047,0.19020570814609528,39,40,6.418841771692359,84.6729507446289,51.551494373754295,-33.121456370874625,7867.903440652888,468.4990665419832,False,False
170,2,"[38, 40]",-3.995476245880127,15.081685066223145,0.1898900866508484,38,40,6.336690951845829,83.79132080078125,50.91073506850441,-32.88058573227684,7815.023660863988,469.43030390396734,False,False
171,2,"[38, 40]",-3.998255729675293,15.189249038696289,0.18961331248283386,38,40,6.255347607572731,82.8869400024414,50.269743579975916,-32.6171964224655,7760.756413503243,474.0047931289919,False,False
172,2,"[38, 40]",-3.9996283054351807,15.295788764953613,0.18937130272388458,38,40,6.174676503718632,81.96058654785156,49.628048564084,-32.332537983767565,7705.0777421441135,481.9194273553403,False,False
173,2,"[38, 40]",-3.999572277069092,15.401426315307617,0.18916159868240356,38,40,6.09454332440462,81.01313781738281,48.98514872369447,-32.02798909368835,7647.975181376807,492.8537416622944,False,False
174,2,"[38, 40]",-3.9980616569519043,15.506285667419434,0.18898317217826843,38,40,6.0148121762553,80.04560089111328,48.34048162598205,-31.70511926513123,7589.451459501352,506.459831801832,False,False
175,2,"[38, 40]",-3.9950649738311768,15.610485076904297,0.18883605301380157,38,40,5.935350487141647,79.05906677246094,47.693476200034794,-31.36559057242613,7529.520900061015,522.3807103480049,False,False
176,2,"[38, 40]",-3.990546941757202,15.714139938354492,0.18872109055519104,38,40,5.856027780191603,78.05471801757812,47.043522049119346,-31.011195968458765,7468.212088400942,540.2444131267398,False,False
177,2,"[38, 40]",-3.984468460083008,15.817359924316406,0.18863976001739502,38,40,5.776717659026682,77.03376770019531,46.3899863766075,-30.643781323587802,7405.564014549187,559.6775587699462,False,False
178,2,"[38, 40]",-3.9767873287200928,15.920247077941895,0.18853513896465302,38,40,5.697299479833435,75.99747467041016,45.73222159604961,-30.265253074360544,7341.6278069003065,580.3053736596312,False,False
179,2,"[38, 40]",-3.9674580097198486,16.022891998291016,0.18841516971588135,38,40,5.6176606444451425,74.9471206665039,45.06959518501035,-29.877525481493564,7276.464437976598,601.7611803693426,False,False
180,2,"[38, 40]",-3.9564337730407715,16.125377655029297,0.18828725814819336,38,40,5.537695054497305,73.88399505615234,44.40144995079038,-29.482545105361964,7210.145997316407,623.6822026757054,False,False
181,2,"[38, 40]",-3.943666458129883,16.227773666381836,0.18815818428993225,38,40,5.45730672081211,72.80937194824219,43.72714929406308,-29.082222654179105,7142.752638659748,645.721738006825,False,False
182,2,"[38, 40]",-3.929107189178467,16.330141067504883,0.187975212931633,38,40,5.3764065962748875,71.72449493408203,43.046040493761744,-28.67845444032028,7074.372665995952,667.5444501012121,False,False
183,2,"[38, 40]",-3.912708044052124,16.432523727416992,0.18774954974651337,38,40,5.294919375536605,70.63056945800781,42.35751206718186,-28.273057390825954,7005.100879121994,688.8392333590473,False,False
184,2,"[38, 40]",-3.8944220542907715,16.53495979309082,0.187432199716568,38,40,5.2127753426023995,69.52873992919922,41.66090965748794,-27.867830271711284,6935.03911644051,709.3060779981674,False,False
185,2,"[38, 40]",-3.874204397201538,16.637466430664062,0.18703751266002655,38,40,5.129921219298286,68.42011260986328,40.9556539857157,-27.464458624147596,6864.294041082212,728.6750936373815,False,False
186,2,"[38, 40]",-3.8520138263702393,16.740053176879883,0.1865779161453247,38,40,5.046311901588965,67.3056869506836,40.24112983121014,-27.06455711947345,6792.976047484633,746.6959536749177,False,False
187,2,"[38, 40]",-3.8278119564056396,16.842714309692383,0.18606403470039368,38,40,4.961914681231754,66.18638610839844,39.51675992319848,-26.669626185199945,6721.197544759598,763.1458684993222,True,False
188,3,"[38, 41]",-3.801565647125244,16.945432662963867,0.185504749417305,38,40,14.135543708269438,65.06306457519531,12.479556525838403,-52.58350804935691,8000.0,-1012.7984018164343,False,False
189,3,"[38, 41]",-3.777045726776123,17.040102005004883,0.18425767123699188,38,40,14.09141529792009,63.858619689941406,12.12526663275931,-51.733353057182114,8000.0,-824.0942630933214,False,False
190,3,"[38, 41]",-3.753615617752075,17.128353118896484,0.1826358139514923,38,40,14.050206346193828,62.58327865600586,11.793480984265639,-50.78979767174022,8000.0,-615.9365928405377,False,False
191,3,"[38, 41]",-3.7306172847747803,17.21172523498535,0.18104512989521027,38,40,14.010864612370408,61.247859954833984,11.478958162118944,-49.76890179271504,8000.0,-392.26244704137116,False,False
192,3,"[38, 41]",-3.707376003265381,17.29163932800293,0.17967960238456726,38,40,13.97237898228201,59.86360549926758,11.176778364462164,-48.68682713480541,8000.0,-156.97580101074436,False,False
193,3,"[38, 41]",-3.683206081390381,17.369394302368164,0.1787175089120865,38,40,13.933779638067044,58.441951751708984,10.88237704987063,-47.55957470183836,8000.0,86.13043773197478,False,False
194,3,"[38, 41]",-3.6574177742004395,17.446155548095703,0.17820404469966888,38,40,13.894141993788907,56.99440002441406,10.591602186234464,-46.402797838179595,8000.0,333.4311759436878,False,False
195,3,"[38, 41]",-3.6293270587921143,17.522951126098633,0.17823971807956696,38,40,13.85259279698999,55.5323600769043,10.300733979164121,-45.23162609774016,8000.0,581.5183437158103,False,False
196,3,"[38, 41]",-3.598264455795288,17.600666046142578,0.1787971556186676,38,40,13.808316321401339,54.06696319580078,10.006509684001353,-44.06045351179944,8000.0,827.2517611948406,False,False
197,3,"[38, 41]",-3.5635859966278076,17.680049896240234,0.17985042929649353,38,40,13.76056080150271,52.60898208618164,9.706090243778693,-42.90289184240294,8000.0,1067.7693069793668,False,False
198,3,"[38, 41]",-3.5246832370758057,17.76170539855957,0.18131503462791443,38,40,13.708647613316082,51.16868209838867,9.3971045830877,-41.771577515300976,8000.0,1300.5224230904505,False,False
199,3,"[38, 41]",-3.480992317199707,17.846113204956055,0.1830528974533081,38,40,13.651973563637684,49.755741119384766,9.077546112820832,-40.678195006563925,8000.0,1523.261603000742,False,False
200,3,"[38, 41]",-3.4320802688598633,17.933530807495117,0.1849275380373001,38,40,13.590109465072981,48.378143310546875,8.746142698598792,-39.63200061194809,8000.0,1734.3199298342251,False,False
201,3,"[38, 41]",-3.378197193145752,18.023420333862305,0.18674565851688385,38,40,13.523425132535095,47.034996032714844,8.404440208872815,-38.63055582384203,8000.0,1934.4266694101452,False,False
202,3,"[38, 41]",-3.319579839706421,18.115297317504883,0.18833333253860474,38,40,13.452260453459782,45.72544860839844,8.05380919172042,-37.67163941667803,8000.0,2124.2465529790843,False,False
203,3,"[38, 41]",-3.2564544677734375,18.208724975585938,0.18965156376361847,38,40,13.37692981476841,44.448665618896484,7.69546706477493,-36.75319855412155,8000.0,2304.3915957189492,False,False
204,3,"[38, 41]",-3.189035415649414,18.303314208984375,0.19066517055034637,38,40,13.297721529220292,43.20381164550781,7.3304778926288705,-35.87333375287895,8000.0,2475.4258269935453,False,False
205,3,"[38, 41]",-3.1175267696380615,18.398710250854492,0.19134250283241272,38,40,13.214902096227942,41.99010467529297,6.959806389461862,-35.03029828583112,8000.0,2637.867082703589,False,False
206,3,"[38, 41]",-3.0421230792999268,18.494598388671875,0.19171378016471863,38,40,13.128716937576081,40.806758880615234,6.5842912124214,-34.22246766819384,8000.0,2792.194456574114,False,False
207,3,"[38, 41]",-2.9630095958709717,18.5906982421875,0.19174732267856598,38,40,13.039392210805543,39.65301513671875,6.204666557559922,-33.44834857915882,8000.0,2938.8479817929224,False,False
208,3,"[38, 41]",-2.8803622722625732,18.686756134033203,0.19147342443466187,38,40,12.947136429196398,38.52813720703125,5.82159254459483,-32.706544662436414,8000.0,3078.236431731357,False,False
209,3,"[38, 41]",-2.7943496704101562,18.782546997070312,0.19091922044754028,38,40,12.852142829235405,37.431396484375,5.435643340570077,-31.995753143804933,8000.0,3210.7390487294906,False,False
210,3,"[38, 41]",-2.705132007598877,18.877872467041016,0.19010910391807556,38,40,12.75458935170937,36.362091064453125,5.047312803586061,-31.314778260867058,8000.0,3336.704114868293,False,False
211,3,"[38, 41]",-2.6128623485565186,18.972553253173828,0.18912379443645477,38,40,12.654641181843061,35.319541931152344,4.657044874440301,-30.662497056712027,8000.0,3456.456309954043,False,False
212,3,"[38, 41]",-2.517686367034912,19.066434860229492,0.18797700107097626,38,40,12.552450591563643,34.303070068359375,4.265205161905722,-30.03786490645365,8000.0,3570.2965339066386,False,False
213,3,"[38, 41]",-2.419743537902832,19.15937614440918,0.18673986196517944,38,40,12.448159623569564,33.31203079223633,3.8721291374289657,-29.439901654807358,8000.0,3678.505237978197,False,False
214,3,"[38, 41]",-2.319166660308838,19.251256942749023,0.18547630310058594,38,40,12.341899504138183,32.345787048339844,3.4780850331445805,-28.867702015195277,8000.0,3781.341272275425,False,False
215,3,"[38, 41]",-2.216083526611328,19.341968536376953,0.18442018330097198,38,40,12.233793448324299,31.403715133666992,3.0833142083079377,-28.320400925359053,8000.0,3879.048791777415,False,False
216,3,"[38, 41]",-2.110614776611328,19.431421279907227,0.18354664742946625,38,40,12.12395447155832,30.48521614074707,2.687993779148767,-27.7972223615983,8000.0,3971.849132866936,False,False
217,3,"[38, 41]",-2.002875804901123,19.519533157348633,0.18283329904079437,38,40,12.01248833401174,29.589693069458008,2.29228672670624,-27.29740634275177,8000.0,4059.9543958322747,False,False
218,3,"[38, 41]",-1.8929760456085205,19.60623550415039,0.18225988745689392,38,40,11.899492833713955,28.71657943725586,1.896313018551832,-26.820266418704023,8000.0,4094.9728075905336,False,False
219,3,"[38, 41]",-1.7810206413269043,19.691471099853516,0.18180818855762482,38,40,11.78505992490476,27.86530876159668,1.5001556077204234,-26.365153153876264,8000.0,4118.524782008725,False,False
220,3,"[38, 41]",-1.6671096086502075,19.775190353393555,0.18146176636219025,38,40,11.669275298726365,27.03533935546875,1.1038766769487633,-25.931462678519978,8000.0,4136.864007414736,False,False
221,3,"[38, 41]",-1.551338791847229,19.857351303100586,0.18126456439495087,38,40,11.552219550145406,26.226133346557617,0.7075156395454005,-25.518617707012226,8000.0,4150.219730802243,False,False
222,3,"[38, 41]",-1.4337996244430542,19.937923431396484,0.18125611543655396,38,40,11.433968136753036,25.437175750732422,0.31106811021761566,-25.126107640514817,8000.0,4158.801500005837,False,False
223,3,"[38, 41]",-1.3145792484283447,20.016876220703125,0.18147188425064087,38,40,11.314591834255028,24.667959213256836,359.9145407458696,-24.75341846738729,8000.0,4162.811702662402,False,False
224,3,"[38, 41]",-1.1937599182128906,20.094194412231445,0.18176738917827606,38,40,11.194156229653268,23.917987823486328,359.5178729102192,-24.40011491326709,8000.0,4162.431781817913,False,False
225,3,"[38, 41]",-1.0714203119277954,20.169858932495117,0.18207138776779175,38,40,11.07272323235417,23.186782836914062,359.1210308895472,-24.065751947366834,8000.0,4157.838206006549,False,False
226,3,"[38, 41]",-0.9476348161697388,20.24386215209961,0.18220217525959015,38,40,10.950350533998375,22.473873138427734,358.7239287707004,-23.749944367727267,8000.0,4149.19087900099,False,False
227,3,"[38, 41]",-0.8224756121635437,20.316200256347656,0.18217264115810394,38,40,10.82709383805225,21.7788028717041,358.3264653684894,-23.45233750321472,8000.0,4136.63949341737,False,False
228,3,"[38, 41]",-0.6960113644599915,20.386871337890625,0.18199436366558075,38,40,10.703005584448631,21.101123809814453,357.9285328458876,-23.172590963926837,8000.0,4120.325828348557,False,False
229,3,"[38, 41]",-0.5683075189590454,20.455875396728516,0.1816777139902115,38,40,10.578135289011419,20.44040298461914,357.5300156896184,-22.91038729500076,8000.0,4100.382728913237,False,False
230,3,"[38, 41]",-0.4394269287586212,20.52322006225586,0.18129082024097443,38,40,10.452530499091486,19.796213150024414,357.13075845028135,-22.665454699743123,8000.0,4076.9311930721765,False,False
231,3,"[38, 41]",-0.3094291388988495,20.588911056518555,0.18083614110946655,38,40,10.326235780886783,19.168142318725586,356.730615439786,-22.437526878939593,8000.0,4050.0865889167185,False,False
232,3,"[38, 41]",-0.17837080359458923,20.65296173095703,0.18031586706638336,38,40,10.19929366365932,18.555789947509766,356.3293973151318,-22.22639263237795,8000.0,4019.95142446247,False,False
233,3,"[38, 41]",-0.04630707949399948,20.715381622314453,0.17990835011005402,38,40,10.071745469432622,17.958757400512695,355.92693331430706,-22.031824086205688,8000.0,3986.6273990877253,False,False
234,3,"[38, 41]",0.08671065419912338,20.776187896728516,0.17959758639335632,38,40,9.943629785173872,17.376667022705078,355.5230053043192,-21.853661718385865,8000.0,3950.201370600026,False,False
235,3,"[38, 41]",0.22063347697257996,20.835397720336914,0.17936921119689941,38,40,9.814983389840938,16.809139251708984,355.11738904789735,-21.69175020381158,8000.0,3910.7561775256386,False,False
236,3,"[38, 41]",0.3554147779941559,20.89302635192871,0.17921023070812225,38,40,9.685841221585898,16.255815505981445,354.70986459433584,-21.545950911645605,8000.0,3868.368789595132,False,False
237,3,"[38, 41]",0.4910101592540741,20.9490966796875,0.17910897731781006,38,40,9.556237350484922,15.716336250305176,354.30015920674055,-21.41617704356463,8000.0,3823.105525471751,False,False
238,3,"[38, 41]",0.6273777484893799,21.00362777709961,0.17899611592292786,38,40,9.426203720718002,15.190357208251953,353.8880123904897,-21.302344817762332,8000.0,3775.0291748383797,False,False
239,3,"[38, 41]",0.7644769549369812,21.056640625,0.17892685532569885,38,40,9.29577190588767,14.67753791809082,353.4731419616289,-21.204395956461894,8000.0,3724.1965248929514,False,False
240,3,"[38, 41]",0.9022694230079651,21.108158111572266,0.17889204621315002,38,40,9.164972234097561,14.177555084228516,353.05524157723755,-21.122313506990963,8000.0,3670.6556587425143,False,False
241,3,"[38, 41]",1.0407183170318604,21.158205032348633,0.17894227802753448,38,40,9.033834577394371,13.690082550048828,352.6339791559651,-21.05610339408372,8000.0,3614.449338983984,False,False
242,3,"[38, 41]",1.1797890663146973,21.206802368164062,0.17906419932842255,38,40,8.902386919838307,13.214808464050293,352.2090305842707,-21.005777879779544,8000.0,3555.616904408118,False,False
243,3,"[38, 41]",1.319448709487915,21.25397491455078,0.17924582958221436,38,40,8.770656976163966,12.751426696777344,351.780031008863,-20.97139568791431,8000.0,3494.1891082243133,False,False
244,3,"[38, 41]",1.45966637134552,21.29974937438965,0.17941756546497345,38,40,8.638671594924354,12.299639701843262,351.3465835888464,-20.95305611299682,8000.0,3430.1888667977883,False,False
245,3,"[38, 41]",1.6004120111465454,21.344148635864258,0.17957556247711182,38,40,8.506457190733812,11.859161376953125,350.90829606297314,-20.95086531397999,8000.0,3363.636662715471,False,False
246,3,"[38, 41]",1.741658329963684,21.387197494506836,0.17959879338741302,38,40,8.374038692758964,11.429703712463379,350.464740100551,-20.964963611912367,7978.163809573961,3294.5459844389397,False,False
247,3,"[38, 41]",1.8833781480789185,21.428922653198242,0.1794959455728531,38,40,8.241442242466176,11.010993003845215,350.0154510666729,-20.995541937172334,7913.371433297016,3222.922344731182,False,False
248,3,"[38, 41]",2.025545835494995,21.469348907470703,0.17927485704421997,38,40,8.108693201353505,10.602760314941406,349.55994996496173,-21.042810349979618,7849.776029330268,3148.7670759877446,False,False
249,3,"[38, 41]",2.1681363582611084,21.508501052856445,0.1790013462305069,38,40,7.97581742075761,10.204745292663574,349.09772975941826,-21.107015533245317,7787.427961530044,3072.0754325736602,False,False
250,3,"[38, 41]",2.311126470565796,21.546403884887695,0.1787346601486206,38,40,7.842840118657893,9.81668758392334,348.6282513460669,-21.188436237856422,7726.378864567324,2992.836775614044,False,False
251,3,"[38, 41]",2.454493761062622,21.58308219909668,0.1785280555486679,38,40,7.709786874547159,9.438343048095703,348.15094198097694,-21.287401067118708,7666.683556468821,2911.0325124524898,False,False
252,3,"[38, 41]",2.5982167720794678,21.618562698364258,0.1784294694662094,38,40,7.5766839819054015,9.069465637207031,347.66517809821727,-21.40428753898982,7608.400224298479,2826.636491831707,False,False
253,3,"[38, 41]",2.7422754764556885,21.652868270874023,0.17848199605941772,38,40,7.443556863524225,8.709818840026855,347.17032309168997,-21.53949574833689,7551.587681587998,2739.6181452321757,False,False
254,3,"[38, 41]",2.8866512775421143,21.686023712158203,0.1786656379699707,38,40,7.3104313145841795,8.359172821044922,346.6656821523,-21.69349066874497,7496.309255876338,2649.9369240969295,False,False
255,3,"[38, 41]",3.0313262939453125,21.718055725097656,0.17896237969398499,38,40,7.177334372592573,8.017301559448242,346.1504983666326,-21.866803192815723,7442.633370686313,2557.542649403205,False,False
256,3,"[38, 41]",3.1762850284576416,21.748985290527344,0.1791796237230301,38,40,7.044290990534984,7.683985233306885,345.6240040605429,-22.05998117276397,7390.628159716531,2462.3810634900806,False,False
257,3,"[38, 41]",3.3215115070343018,21.778839111328125,0.17932048439979553,38,40,6.91132962132945,7.359011173248291,345.0853333951579,-22.27367777809036,7340.371076339457,2364.3837002630203,False,False
258,3,"[38, 41]",3.4669899940490723,21.80763816833496,0.17938783764839172,38,40,6.778478847461008,7.042168617248535,344.5336058333052,-22.508562783943262,7291.940409721281,2263.479219683893,False,False
259,3,"[38, 41]",3.612706184387207,21.835407257080078,0.17944298684597015,38,40,6.645768735542011,6.733255386352539,343.96784294195834,-22.7654124443942,7245.4228873280645,2159.580932394696,False,False
260,3,"[38, 41]",3.758646249771118,21.862167358398438,0.17942355573177338,38,40,6.513229913505338,6.43207311630249,343.3870259620151,-23.04504715428743,7200.908413641542,2052.5954649098244,False,False
261,3,"[38, 41]",3.904797315597534,21.8879451751709,0.1793322116136551,38,40,6.380895920511328,6.138427257537842,342.790008998472,-23.348418259065852,7158.497937829087,1942.4112337847791,False,False
262,3,"[38, 41]",4.0511474609375,21.91275978088379,0.1791713535785675,38,40,6.248799605594418,5.8521294593811035,342.17562382406777,-23.676505635313333,7118.293714559253,1828.9115871581712,False,False
263,3,"[38, 41]",4.197684288024902,21.93663215637207,0.17894314229488373,38,40,6.116977336113599,5.572997570037842,341.54259693730677,-24.030400632731016,7080.407771724225,1711.9647430588188,False,False
264,3,"[38, 41]",4.344397068023682,21.959585189819336,0.17864957451820374,38,40,5.98546728671525,5.3008503913879395,340.8895335958272,-24.411316795560765,7044.96183301617,1591.4213167931052,False,False
265,3,"[38, 41]",4.491275787353516,21.98164176940918,0.17823359370231628,38,40,5.85431008345687,5.035513877868652,340.2149265629608,-24.820587314907925,7012.087359002358,1467.1149311766694,False,False
266,3,"[38, 41]",4.638146877288818,22.002805709838867,0.17769436538219452,38,40,5.723696325006317,4.775389194488525,339.51789969428347,-25.25748950020511,6981.829230532221,1339.2519176813257,False,False
267,3,"[38, 41]",4.784379959106445,22.02305030822754,0.17706601321697235,38,40,5.594231400343573,4.514795303344727,338.79957395152763,-25.715221351817036,6953.962678000071,1209.1270880051343,False,False
268,3,"[38, 41]",4.929397106170654,22.042356491088867,0.17643792927265167,38,40,5.466464464679466,4.248094081878662,338.06122469778603,-26.186869384092688,6928.223658621231,1078.0208868821333,False,False
269,3,"[38, 41]",5.072671413421631,22.060707092285156,0.17589065432548523,38,41,5.340887634121012,3.9697463512420654,337.30434571221906,-26.665400639023005,6904.308436367972,947.2007561842743,False,False
270,3,"[38, 41]",5.2137322425842285,22.078096389770508,0.17537960410118103,38,41,5.217934807072145,3.6743640899658203,336.5305323146333,-27.1438317753325,6881.886336925185,817.8961150114583,False,False
271,3,"[38, 41]",5.352161407470703,22.094518661499023,0.17510062456130981,38,41,5.097981169597666,3.3567593097686768,335.74159687345116,-27.61516243631752,6860.594316539729,691.3078143086937,False,False
272,3,"[38, 41]",5.4875969886779785,22.109975814819336,0.1749958097934723,38,41,4.981343079502813,3.011993169784546,334.9394577322066,-28.072535437577926,6840.049016897618,568.5844054605363,True,False
273,4,"[38, 42]",5.6197333335876465,22.124467849731445,0.17507322132587433,38,41,14.536348683272315,2.6354169845581055,351.59619892517424,-11.03921805938387,8000.0,6618.878289300415,False,False
274,4,"[38, 42]",5.753553867340088,22.138219833374023,0.17553667724132538,38,41,14.406013031599498,2.268261194229126,351.46430641782695,-10.803954776402179,8000.0,6651.381185100254,False,False
275,4,"[38, 42]",5.888895034790039,22.15121078491211,0.17610767483711243,38,41,14.274137143109398,1.9102898836135864,351.33210604801565,-10.578183835597883,8000.0,6682.448083822846,False,False
276,4,"[38, 42]",6.025608062744141,22.163421630859375,0.17659443616867065,38,41,14.14086359346245,1.5612730979919434,351.19971386448884,-10.361559233503158,8000.0,6712.141628462461,False,False
277,4,"[38, 42]",6.163558483123779,22.174840927124023,0.1769421100616455,38,41,14.006321676594096,1.220987319946289,351.06721567600437,-10.153771643941923,8000.0,6740.518150267131,False,False
278,4,"[38, 42]",6.3026251792907715,22.185457229614258,0.17704252898693085,38,41,13.870627249027795,0.8892136812210083,350.9346968129302,-9.954516868290739,8000.0,6767.6321125311,False,False
279,4,"[38, 42]",6.442698001861572,22.19526481628418,0.17685723304748535,38,41,13.733886015339703,0.5657395720481873,350.8022195676696,-9.763520004378506,8000.0,6793.532911420327,False,False
280,4,"[38, 42]",6.583676815032959,22.204259872436523,0.17641040682792664,38,41,13.596193930240846,0.2503572106361389,350.6698381213027,-9.580519089333393,8000.0,6818.267205835944,False,False
281,4,"[38, 42]",6.725470542907715,22.212440490722656,0.17590025067329407,38,41,13.45763817436774,359.94286424294114,350.5375983591562,-9.40526588378492,8000.0,6841.878890250904,False,False
282,4,"[38, 42]",6.867997169494629,22.21980857849121,0.17532870173454285,38,41,13.318297506270996,359.6430633664131,350.40552894274754,-9.23753442366558,8000.0,6864.408022764227,False,False
283,4,"[38, 42]",7.011183261871338,22.22636604309082,0.17469748854637146,38,41,13.178242144327108,359.3507620692253,350.2736566913376,-9.077105377887733,8000.0,6885.893003504128,False,False
284,4,"[38, 42]",7.1549601554870605,22.232118606567383,0.17418460547924042,38,41,13.037538190966472,359.06577283144,350.1419924117782,-8.923780419661796,8000.0,6906.368708919508,False,False
285,4,"[38, 42]",7.2992682456970215,22.237071990966797,0.17383261024951935,38,41,12.896242793446788,358.7879128456116,350.0105431998592,-8.777369645752344,8000.0,6925.868238653222,False,False
286,4,"[38, 42]",7.444052219390869,22.24123191833496,0.17362095415592194,38,41,12.754408852673132,358.51700353622437,349.8793155322509,-8.637688003973437,8000.0,6944.423435871454,False,False
287,4,"[38, 42]",7.589263916015625,22.24460792541504,0.17347240447998047,38,41,12.612082892415028,358.252871632576,349.7482956382847,-8.504575994291315,8000.0,6962.062185339134,False,False
288,4,"[38, 42]",7.734857559204102,22.247209548950195,0.17337629199028015,38,41,12.469309116783725,357.9953467845917,349.6174691900676,-8.37787759452408,8000.0,6978.81139586656,False,False
289,4,"[38, 42]",7.880793571472168,22.249046325683594,0.17332302033901215,38,41,12.326125661875317,357.74426436424255,349.48681789813605,-8.2574464661065,8000.0,6994.696211840252,False,False
290,4,"[38, 42]",8.027034759521484,22.25012969970703,0.1733039915561676,38,41,12.182568707592434,357.49946308135986,349.35631343808006,-8.143149643279799,8000.0,7009.739564622833,False,False
291,4,"[38, 42]",8.173548698425293,22.250471115112305,0.1733114868402481,38,41,12.03866980311666,357.2607855796814,349.225923529214,-8.034862050467382,8000.0,7023.962930660349,False,False
292,4,"[38, 42]",8.320304870605469,22.250083923339844,0.1732797622680664,38,41,11.894459045188846,357.0280792713165,349.0956050122895,-7.932474259027003,8000.0,6980.764344763761,False,False
293,4,"[38, 42]",8.467277526855469,22.248977661132812,0.1731497198343277,38,41,11.749961198354969,356.8011939525604,348.965327802842,-7.835866149718413,8000.0,6915.853815759251,False,False
294,4,"[38, 42]",8.614439964294434,22.247163772583008,0.1730445921421051,38,41,11.605202382874038,356.57998514175415,348.83505314717655,-7.744931994577598,8000.0,6850.007421715438,False,False
295,4,"[38, 42]",8.761770248413086,22.244659423828125,0.17301644384860992,38,41,11.460205228460513,356.36430978775024,348.70470883623443,-7.659600951515813,8000.0,6783.253800286477,False,False
296,4,"[38, 42]",8.909249305725098,22.24147605895996,0.17305336892604828,38,41,11.314988549947802,356.1540296077728,348.5742455623866,-7.579784045386248,8000.0,6715.621435832375,False,False
297,4,"[38, 42]",9.056856155395508,22.237625122070312,0.1731446236371994,38,41,11.169573106910818,355.949010848999,348.4436143136535,-7.50539653534554,8000.0,6647.1388556265565,False,False
298,4,"[38, 42]",9.204577445983887,22.23311996459961,0.17328061163425446,38,41,11.023972645832044,355.7491207122803,348.31274675107966,-7.436373961200616,8000.0,6577.82778605333,False,False
299,4,"[38, 42]",9.352396011352539,22.227975845336914,0.1733938753604889,38,41,10.878205139933062,355.55423069000244,348.1815658295301,-7.372664860472355,8000.0,6507.710175809564,False,False
300,4,"[38, 42]",9.500300407409668,22.222204208374023,0.17342376708984375,38,41,10.732282286557542,355.36421632766724,348.0500047978014,-7.3142115298658155,8000.0,6436.80505464651,False,False
301,4,"[38, 42]",9.64827823638916,22.2158203125,0.17337454855442047,38,41,10.586217602548228,355.1789565086365,347.9179746928788,-7.260981815757702,7987.247736622413,6365.128829583588,False,False
302,4,"[38, 42]",9.796318054199219,22.208833694458008,0.17325006425380707,38,41,10.440022583348842,354.9983310699463,347.78541183165675,-7.212919238289544,7904.0812511876975,6292.699627013693,False,False
303,4,"[38, 42]",9.944409370422363,22.20125961303711,0.17311258614063263,38,41,10.293709088255692,354.8222246170044,347.6522172420011,-7.170007375003308,7821.325392527775,6219.530370625906,False,False
304,4,"[38, 42]",10.09254264831543,22.193111419677734,0.1729593724012375,38,41,10.147287759523207,354.65052318573,347.51829619781273,-7.1322269879172495,7738.988239778288,6145.633437362238,False,False
305,4,"[38, 42]",10.240710258483887,22.18440055847168,0.17278794944286346,38,41,10.000767073515563,354.48311853408813,347.38355724709396,-7.099561286994174,7657.076702750939,6071.019487964706,False,False
306,4,"[38, 42]",10.388904571533203,22.175140380859375,0.17259612679481506,38,41,9.854156027359238,354.31990098953247,347.24789311573323,-7.072007873799237,7575.599138217826,5995.697415020894,False,False
307,4,"[38, 42]",10.53711986541748,22.16534423828125,0.1723819375038147,38,41,9.707461877943908,354.1607675552368,347.11118800658284,-7.0495795486539805,7494.564239353538,5919.673052086111,False,False
308,4,"[38, 42]",10.685348510742188,22.15502166748047,0.1722024381160736,38,41,9.560693005930222,354.005615234375,346.97334424041594,-7.0322709939590595,7413.97935380391,5842.954934769288,False,False
309,4,"[38, 42]",10.833585739135742,22.144187927246094,0.172108992934227,38,41,9.413856397307299,353.8543453216553,346.83422061703453,-7.020124704620741,7333.855556141605,5765.544644189908,False,False
310,4,"[38, 42]",10.981825828552246,22.13285255432129,0.17208898067474365,38,41,9.266958800223634,353.7068591117859,346.69370314569267,-7.013155966093223,7254.200985347315,5687.44690452542,False,False
311,4,"[38, 42]",11.130064964294434,22.121028900146484,0.17213112115859985,38,41,9.12000609281012,353.56306314468384,346.55164476094336,-7.011418383740477,7175.026906614215,5608.661005415744,False,False
312,4,"[38, 42]",11.278300285339355,22.108726501464844,0.17216642200946808,38,41,8.973002472455455,353.42286491394043,346.4079113262956,-7.014953587644811,7096.342378229998,5529.186704898919,False,False
313,4,"[38, 42]",11.42652702331543,22.095958709716797,0.17219169437885284,38,41,8.82595500752062,353.2861747741699,346.2623388672396,-7.023835906930344,7018.161084932854,5449.021082427425,False,False
314,4,"[38, 42]",11.574743270874023,22.08273696899414,0.17214524745941162,38,41,8.678867681541034,353.1529040336609,346.11476039971234,-7.03814363394855,6940.495336309377,5368.158956908663,False,False
315,4,"[38, 42]",11.722946166992188,22.069068908691406,0.17203041911125183,38,41,8.531744622492095,353.02296781539917,345.965024039667,-7.057943775732156,6863.356305389447,5286.596531857718,False,False
316,4,"[38, 42]",11.871132850646973,22.054967880249023,0.17185024917125702,38,41,8.38459147011266,352.8962826728821,345.81292955678805,-7.083353116094031,6786.760786370453,5204.324511717769,False,False
317,4,"[38, 42]",12.019301414489746,22.04044532775879,0.1716662496328354,38,41,8.23741264283501,352.77276706695557,345.6582739660961,-7.114493100859477,6710.725300729455,5121.332286708093,False,False
318,4,"[38, 42]",12.167448043823242,22.0255069732666,0.17153379321098328,38,41,8.09021313964966,352.6523423194885,345.50088238704643,-7.151459932442094,6635.264110741406,5037.612627278164,False,False
319,4,"[38, 42]",12.315571784973145,22.010168075561523,0.1715027391910553,38,41,7.9429977139558305,352.53493070602417,345.3404955149945,-7.194435191029697,6560.399717494215,4953.147469112578,False,False
320,4,"[38, 42]",12.463671684265137,21.994434356689453,0.17155911028385162,38,41,7.795768909202629,352.4204568862915,345.1769025274536,-7.243554358837912,6486.148817220518,4867.923241426491,False,False
321,4,"[38, 42]",12.61174488067627,21.97831916809082,0.17169038951396942,38,41,7.648533221412382,352.30884647369385,345.0098249857722,-7.299021487921664,6412.5369655239265,4781.919914156904,False,False
322,4,"[38, 42]",12.759791374206543,21.961828231811523,0.17182649672031403,38,41,7.5012926190188525,352.20002841949463,344.83901361296813,-7.361014806526498,6339.584678115684,4695.118186442843,False,False
323,4,"[38, 42]",12.907812118530273,21.94497299194336,0.17184562981128693,38,41,7.354049828866756,352.0939335823059,344.6641542987716,-7.4297792835342875,6267.319455121614,4607.490831836639,False,False
324,4,"[38, 42]",13.055805206298828,21.92776107788086,0.17169706523418427,38,41,7.2068095650057815,351.9904947280884,344.48494273445823,-7.505551993630149,6195.769043301792,4519.012634105369,False,False
325,4,"[38, 42]",13.203770637512207,21.910202026367188,0.17139393091201782,38,41,7.059575435469085,351.8896427154541,344.301030506704,-7.588612208750078,6124.964749971901,4429.652510615382,False,False
326,4,"[38, 42]",13.351705551147461,21.892303466796875,0.17106570303440094,38,41,6.912353541963472,351.79131412506104,344.11206149277837,-7.679252632282669,6054.940522129476,4339.379017799569,False,False
327,4,"[38, 42]",13.499610900878906,21.874074935913086,0.17071126401424408,38,41,6.765147101533712,351.6954460144043,343.9176246762405,-7.77782133816379,5985.734231025931,4248.152266445714,False,False
328,4,"[38, 42]",13.64748477935791,21.85552406311035,0.17050600051879883,38,41,6.617961859762488,351.60197734832764,343.7172955399201,-7.884681808407549,5917.38660581439,4155.931783045591,False,False
329,4,"[38, 42]",13.795327186584473,21.836660385131836,0.17043136060237885,38,41,6.4708025848306,351.5108470916748,343.51059056268133,-8.000256528993475,5849.943687836672,4062.6692246672724,False,False
330,4,"[38, 42]",13.943137168884277,21.817489624023438,0.17047062516212463,38,41,6.323674239584454,351.4219970703125,343.2970173289608,-8.124979741351694,5783.452755260189,3968.3148590115575,False,False
331,4,"[38, 42]",14.090914726257324,21.798019409179688,0.1706087738275528,38,41,6.176581786728758,351.3353691101074,343.0760175932959,-8.259351516811535,5717.967596205975,3872.810757192226,False,False
332,4,"[38, 42]",14.23866081237793,21.77825927734375,0.1708323359489441,38,41,6.029530271280579,351.25091075897217,342.8469592832374,-8.403951475734743,5653.5499123854715,3776.089132489054,False,False
333,4,"[38, 42]",14.386374473571777,21.75821304321289,0.17112921178340912,38,41,5.882525363845911,351.16856384277344,342.6092065656201,-8.55935727715331,5590.261485321736,3678.0827161587013,False,False
334,4,"[38, 42]",14.534056663513184,21.737890243530273,0.17142970860004425,38,41,5.7355731236069465,351.0882797241211,342.3619990369089,-8.726280687212181,5528.177579525057,3578.707762628467,False,False
335,4,"[38, 42]",14.681709289550781,21.71729850769043,0.17161238193511963,38,41,5.588678756679993,351.01000213623047,342.10451293538523,-8.905489200845238,5467.378454541902,3477.8730714308876,False,False
336,4,"[38, 42]",14.829330444335938,21.696441650390625,0.1716855764389038,38,41,5.44185059764151,350.9336853027344,341.83588717474856,-9.097798127985811,5407.950685844878,3375.4830760512277,False,False
337,4,"[38, 42]",14.976921081542969,21.67532730102539,0.17165684700012207,38,41,5.295096164056747,350.8592758178711,341.5551178778627,-9.304157940008395,5349.993708209949,3271.4248739223394,False,False
338,4,"[38, 42]",15.124481201171875,21.653963088989258,0.17159177362918854,38,42,5.1484247549580955,350.78672981262207,341.26109178080486,-9.52563803181721,5293.61954196758,3165.5715802600253,False,False
339,4,"[38, 42]",15.272010803222656,21.632354736328125,0.1714905947446823,38,42,5.001846042218426,350.7159996032715,340.952587960669,-9.763411642602478,5238.950484452349,3057.7833882480463,False,False
340,4,"[38, 42]",15.419509887695312,21.61050796508789,0.1713535487651825,38,42,4.855370796811768,350.64703845977783,340.6282406724613,-10.018797787316544,5186.12359390876,2947.902685362248,True,False
341,5,"[38, 43]",15.56697940826416,21.588428497314453,0.1711808294057846,38,42,14.52016489205792,350.57980251312256,353.71957845907866,3.139775945956103,7637.274757002367,8000.0,False,False
342,5,"[38, 43]",15.714418411254883,21.56612205505371,0.17097268998622894,38,42,14.371171824872846,350.5142488479614,353.74367313108576,3.229424283124331,7626.565568045636,8000.0,False,False
343,5,"[38, 43]",15.861828804016113,21.543596267700195,0.17078812420368195,38,42,14.222185985445643,350.4503364562988,353.7691635832357,3.318827126936867,7615.866231271952,8000.0,False,False
344,5,"[38, 43]",16.00920867919922,21.520854949951172,0.17062145471572876,38,42,14.07321006597235,350.38802337646484,353.7960795090333,3.408056132568447,7605.168309896368,8000.0,False,False
345,5,"[38, 43]",16.15656089782715,21.497901916503906,0.1704675704240799,38,42,13.924242037792734,350.32726860046387,353.8244497372081,3.4971811367442456,7594.463523257861,8000.0,False,False
346,5,"[38, 43]",16.303882598876953,21.47474479675293,0.17032191157341003,38,42,13.775285989078244,350.26803398132324,353.8542911291565,3.586257147833237,7583.745315890243,8000.0,False,False
347,5,"[38, 43]",16.4511775970459,21.45138931274414,0.17018038034439087,38,42,13.626339179836192,350.21028232574463,353.8856262273573,3.6753439016126777,7573.00651428673,8000.0,False,False
348,5,"[38, 43]",16.59844398498535,21.427839279174805,0.17009811103343964,38,42,13.477404372902436,350.15397548675537,353.91848923187536,3.7645137451199844,7562.2383689073085,8000.0,False,False
349,5,"[38, 43]",16.745683670043945,21.404098510742188,0.17012473940849304,38,42,13.328480558653645,350.09907722473145,353.9529141114674,3.8538368867359623,7551.432326441057,8000.0,False,False
350,5,"[38, 43]",16.892894744873047,21.380172729492188,0.170187309384346,38,42,13.179570741576164,350.04555225372314,353.98892986584553,3.94337761212239,7540.580490960152,8000.0,False,False
351,5,"[38, 43]",17.04007911682129,21.35606575012207,0.17022022604942322,38,42,13.030673950986026,349.9933671951294,354.0265733761322,4.033206181002811,7529.6741843660275,8000.0,False,False
352,5,"[38, 43]",17.187236785888672,21.331785202026367,0.17022328078746796,38,42,12.881791529333986,349.9424877166748,354.06586723417917,4.123379517504361,7518.706290241927,8000.0,False,False
353,5,"[38, 43]",17.33437156677246,21.307331085205078,0.1701963245868683,38,42,12.732920253222566,349.8928813934326,354.1068674517928,4.213986058360206,7507.665798269773,8000.0,False,False
354,5,"[38, 43]",17.48147964477539,21.282711029052734,0.17008045315742493,38,42,12.584065299744212,349.8445158004761,354.14960171222555,4.305085911749472,7496.545080391532,8000.0,False,False
355,5,"[38, 43]",17.628562927246094,21.25792694091797,0.1698814481496811,38,42,12.435225588375827,349.79736137390137,354.1941225077436,4.396761133842233,7485.333767256604,8000.0,False,False
356,5,"[38, 43]",17.775623321533203,21.232982635498047,0.16966339945793152,38,42,12.286400260307435,349.75138568878174,354.2404760315965,4.489090342814734,7474.0218359367955,8000.0,False,False
357,5,"[38, 43]",17.922658920288086,21.2078857421875,0.16948391497135162,38,42,12.137592657602116,349.706561088562,354.2886946221102,4.582133533548188,7462.6014782100365,8000.0,False,False
358,5,"[38, 43]",18.069671630859375,21.182636260986328,0.1693948656320572,38,42,11.988801588203941,349.66285705566406,354.33884664554216,4.6759895898781,7445.014424500433,8000.0,False,False
359,5,"[38, 43]",18.216659545898438,21.15723991394043,0.16938413679599762,38,42,11.840030256535803,349.62024688720703,354.3909781620903,4.770731274883246,7353.037924933596,8000.0,False,False
360,5,"[38, 43]",18.363624572753906,21.13170051574707,0.1693820357322693,38,42,11.691277908815568,349.57870292663574,354.4451450017154,4.866442075079647,7260.952784563016,8000.0,False,False
361,5,"[38, 43]",18.51056671142578,21.106019973754883,0.16938470304012299,38,42,11.542545537053002,349.53819847106934,354.501416206004,4.9632177349346875,7168.74807256986,8000.0,False,False
362,5,"[38, 43]",18.657487869262695,21.080204010009766,0.16938865184783936,38,42,11.393832636087124,349.49870586395264,354.55984438362486,5.061138519672227,7076.413941813254,8000.0,False,False
363,5,"[38, 43]",18.804386138916016,21.05425262451172,0.16939079761505127,38,42,11.245141987666749,349.46020317077637,354.6205157727972,5.160312602020838,6983.93885749351,8000.0,False,False
364,5,"[38, 43]",18.951265335083008,21.028173446655273,0.16932956874370575,38,42,11.096471436098296,349.42266368865967,354.6834791966427,5.260815507983011,6891.31263926059,8000.0,False,False
365,5,"[38, 43]",19.098125457763672,21.00196647644043,0.16914962232112885,38,42,10.947821945691802,349.3860626220703,354.7488277545866,5.3627651325163015,6798.521539241051,7996.574768982612,False,False
366,5,"[38, 43]",19.244964599609375,20.975635528564453,0.16891874372959137,38,42,10.799196782550672,349.3503761291504,354.81664039279434,5.46626426364395,6705.554902915866,7926.730060479901,False,False
367,5,"[38, 43]",19.391782760620117,20.949186325073242,0.1686391532421112,38,42,10.65059752678612,349.31558322906494,354.8869892295625,5.571406000497575,6612.402356299,7857.0664033268595,False,False
368,5,"[38, 43]",19.538583755493164,20.922616958618164,0.1683128923177719,38,42,10.50202132416238,349.28166103363037,354.95999003709215,5.6783290034617835,6519.045475038816,7787.596350199094,False,False
369,5,"[38, 43]",19.685365676879883,20.89593505859375,0.16800056397914886,38,42,10.353471922447318,349.2485876083374,355.03571545748116,5.787127849143758,6425.47484964558,7718.331620223708,False,False
370,5,"[38, 43]",19.832128524780273,20.869140625,0.16775675117969513,38,42,10.204950551698541,349.21634101867676,355.1142839988349,5.8979429801581205,6331.67401088811,7649.287119350777,False,False
371,5,"[38, 43]",19.978872299194336,20.84223747253418,0.1675717532634735,38,42,10.056458837781586,349.1849002838135,355.19579945032876,6.010899166515287,6237.628636828072,7580.476399529828,False,False
372,5,"[38, 43]",20.12559700012207,20.815229415893555,0.16749565303325653,38,42,9.90799846611496,349.15424728393555,355.2803717434519,6.1261244595163475,6143.324022033502,7511.9133622641375,False,False
373,5,"[38, 43]",20.27230453491211,20.788116455078125,0.16745592653751373,38,42,9.759568976561232,349.1243600845337,355.3681388287814,6.24377874424772,6048.7403342828775,7443.613894003321,False,False
374,5,"[38, 43]",20.41899299621582,20.76090431213379,0.1675637662410736,38,42,9.611174255978574,349.0952215194702,355.45921496162,6.363993442149763,5953.863616877439,7375.5933978802,False,False
375,5,"[38, 43]",20.565664291381836,20.733592987060547,0.16780158877372742,38,42,9.462814007131927,349.06681060791016,355.5537541312919,6.48694352338174,5858.672225890571,7307.869318676915,False,False
376,5,"[38, 43]",20.71232032775879,20.70618438720703,0.16791842877864838,38,42,9.314488181478229,349.03911113739014,355.6519084139747,6.612797276584558,5763.145472880225,7240.458563994652,False,False
377,5,"[38, 43]",20.858963012695312,20.67868423461914,0.16786490380764008,38,42,9.166197111866673,349.0121030807495,355.7538159153189,6.741712834569398,5667.264136670518,7173.377239866625,False,False
378,5,"[38, 43]",21.00558853149414,20.651090621948242,0.16771423816680908,38,42,9.017946366151149,348.9857711791992,355.8596747455297,6.873903566330455,5571.004904881526,7106.6497010037265,False,False
379,5,"[38, 43]",21.152198791503906,20.623409271240234,0.1675323098897934,38,42,8.869736486758399,348.96009731292725,355.96964418748496,7.009546874557714,5474.346244389092,7040.294046423141,False,False
380,5,"[38, 43]",21.298795700073242,20.59564208984375,0.16743718087673187,38,42,8.72156785034992,348.93506717681885,356.08391927420865,7.148852097389806,5377.262534473608,6974.331421994306,False,False
381,5,"[38, 43]",21.445375442504883,20.56778907775879,0.16747631132602692,38,42,8.573446550630656,348.9106607437134,356.202723699453,7.2920629557395955,5279.726910584098,6908.789410940776,False,False
382,5,"[38, 43]",21.59193992614746,20.53985595703125,0.16763357818126678,38,42,8.425373502691455,348.88686656951904,356.3262551522969,7.439388582777838,5181.714044806998,6843.6894061477715,False,False
383,5,"[38, 43]",21.73849105834961,20.5118408203125,0.16783571243286133,38,42,8.277349274877043,348.8636655807495,356.454778049484,7.5911124687344795,5083.18909287292,6779.05989567115,False,False
384,5,"[38, 43]",21.885028839111328,20.483747482299805,0.16795802116394043,38,42,8.12937688686447,348.841046333313,356.58853649621136,7.747490162898373,4984.122014165954,6714.927929154095,False,False
385,5,"[38, 43]",22.031553268432617,20.455575942993164,0.16800594329833984,38,42,7.981459312285005,348.8189916610718,356.7278197542002,7.90882809312842,4884.476340977169,6651.325495528409,False,False
386,5,"[38, 43]",22.178064346313477,20.427331924438477,0.16798438131809235,38,42,7.8336000628099915,348.79748821258545,356.87289683720644,8.07540862462099,4784.218899024321,6588.2825015021845,False,False
387,5,"[38, 43]",22.324565887451172,20.399015426635742,0.1678977906703949,38,42,7.685798730566103,348.77652168273926,357.0240982108645,8.24757652812525,4683.306549820461,6525.832831113112,False,False
388,5,"[38, 43]",22.471054077148438,20.37062644958496,0.16769137978553772,38,42,7.538062793208552,348.7560806274414,357.1817830322931,8.425702404851677,4581.697103918238,6464.017088018923,False,False
389,5,"[38, 43]",22.617528915405273,20.3421688079834,0.1673746556043625,38,42,7.3903963904538985,348.73615074157715,357.34630749350447,8.61015675192732,4479.346563322668,6402.874044077258,False,False
390,5,"[38, 43]",22.763994216918945,20.313644409179688,0.16713263094425201,38,42,7.242800046128026,348.71671867370605,357.5180700678475,8.80135139414142,4376.203755259058,6342.444529054398,False,False
391,5,"[38, 43]",22.910446166992188,20.285053253173828,0.16701412200927734,38,42,7.095282158467043,348.697772026062,357.6975200327935,8.999748006731465,4272.215393996864,6282.778396457802,False,False
392,5,"[38, 43]",23.056886672973633,20.256399154663086,0.16700425744056702,38,42,6.9478459394580065,348.6792993545532,357.8851105753044,9.205811220751173,4167.324994093952,6223.922960419027,False,False
393,5,"[38, 43]",23.20331382751465,20.22768211364746,0.16708971560001373,38,42,6.800498663489948,348.6612882614136,358.08136679724925,9.420078535835671,4061.468981858044,6165.934725816816,False,False
394,5,"[38, 43]",23.3497314453125,20.19890594482422,0.16719967126846313,38,42,6.653242474489546,348.64372730255127,358.286824877552,9.643097575000752,3954.5796920939847,6108.868367611987,False,False
395,5,"[38, 43]",23.496137619018555,20.170068740844727,0.16732928156852722,38,42,6.506085554875385,348.6266050338745,358.50212066287605,9.87551562900154,3846.5799913391274,6052.791358484545,False,False
396,5,"[38, 43]",23.642534255981445,20.14117431640625,0.167474165558815,38,42,6.359033014066067,348.6099109649658,358.727895094104,10.117984129138165,3737.390476878912,5997.769826869211,False,False
397,5,"[38, 43]",23.78891944885254,20.11222267150879,0.1676304191350937,38,42,6.212094295875008,348.5936346054077,358.96488447830234,10.371249872894623,3626.921851658084,5943.881311869984,False,False
398,5,"[38, 43]",23.93529510498047,20.083215713500977,0.1677357405424118,38,42,6.065275782571418,348.5777635574341,359.2138760147481,10.636112457314027,3515.076338347654,5891.206667851841,False,False
399,5,"[38, 43]",24.081663131713867,20.054157257080078,0.1677929162979126,38,42,5.918584653023841,348.5622901916504,359.4757149308478,10.91342473919741,3401.7496548589106,5839.832142764169,False,False
400,5,"[38, 43]",24.2280216217041,20.025043487548828,0.16780444979667664,38,42,5.772032707442323,348.54720306396484,359.7514063562133,11.204203292248451,3286.8189484955446,5789.861988655851,False,False
401,5,"[38, 43]",24.374370574951172,19.995880126953125,0.16777262091636658,38,42,5.625630933622391,348.5324945449829,0.04195997952954068,11.509465434546655,3170.1605787765648,5741.399836086249,False,False
402,5,"[38, 43]",24.52071189880371,19.96666717529297,0.16769948601722717,38,42,5.479389489086734,348.51815128326416,0.3485501365377151,11.83039885327355,3051.628459112536,5694.564930328984,False,False
403,5,"[38, 43]",24.667043685913086,19.937406539916992,0.16758690774440765,38,42,5.333323634395783,348.5041675567627,0.6724556148552593,12.168288058092571,2931.066483736642,5649.488127830369,False,False
404,5,"[38, 43]",24.81336784362793,19.908096313476562,0.16749539971351624,38,42,5.18744632869675,348.49053382873535,1.0151370303463612,12.524603201611,2808.2931549874,5606.31636617377,False,False
405,5,"[38, 43]",24.95968246459961,19.878742218017578,0.16742059588432312,38,42,5.041775908085956,348.47723865509033,1.3781312821724303,12.9008926270821,2683.11926920938,5565.206344906578,False,False
406,5,"[38, 43]",25.105989456176758,19.849342346191406,0.16735859215259552,38,43,4.896328923969893,348.46427726745605,1.7632415046085759,13.298964237152518,2555.320771876449,5526.337898830528,True,False
407,6,"[39, 43]",25.252288818359375,19.81989860534668,0.16730588674545288,38,43,10.907390617538416,348.45163917541504,295.8027747682569,-52.64886440715816,8000.0,-1386.411938446813,False,False
408,6,"[39, 43]",25.384456634521484,19.79336166381836,0.16699545085430145,38,43,10.826503278388634,348.31413650512695,295.2341763970768,-53.07996010805016,8000.0,-1505.3206629031665,False,False
409,6,"[39, 43]",25.50336265563965,19.769559860229492,0.16650152206420898,38,43,10.75472209168156,348.04996490478516,294.71520685604844,-53.33475804873672,8000.0,-1583.2257519980103,False,False
410,6,"[39, 43]",25.61034393310547,19.74822235107422,0.16596002876758575,38,43,10.690973734492426,347.6622905731201,294.24219201517747,-53.42009855794265,8000.0,-1622.093566231988,False,False
411,6,"[39, 43]",25.70660400390625,19.72910499572754,0.16543444991111755,38,43,10.634318652229883,347.1542024612427,293.81158173994675,-53.34262072129593,8000.0,-1623.8477536397886,False,False
412,6,"[39, 43]",25.793224334716797,19.711990356445312,0.1649230271577835,38,43,10.583936799778508,346.5287113189697,293.41998295449116,-53.108728364478566,8000.0,-1590.3641537223466,False,False
413,6,"[39, 43]",25.87117576599121,19.69668197631836,0.1644829660654068,38,43,10.539109587872954,345.7887544631958,293.0641900560251,-52.7245644071707,8000.0,-1523.470142337771,False,False
414,6,"[39, 43]",25.94133758544922,19.683002471923828,0.1642245054244995,38,43,10.499203658686222,344.9371967315674,292.74115517954107,-52.196041552026315,8000.0,-1424.9563995216567,False,False
415,6,"[39, 43]",26.004854202270508,19.670690536499023,0.16413570940494537,38,43,10.463433728840995,343.9800834655762,292.446448669338,-51.533634796238175,8000.0,-1297.662041148148,False,False
416,6,"[39, 43]",26.063007354736328,19.659433364868164,0.16426916420459747,38,43,10.430942623712802,342.9255790710449,292.1748304749394,-50.750748596105495,8000.0,-1145.0828494298576,False,False
417,6,"[39, 43]",26.1170654296875,19.64887809753418,0.16455666720867157,38,43,10.400866762842544,341.78274154663086,291.9210093826345,-49.86173216399635,8000.0,-970.9143990073135,False,False
418,6,"[39, 43]",26.168256759643555,19.638652801513672,0.1649388074874878,38,43,10.372361548275526,340.56133460998535,291.6797650670497,-48.881569542935665,8000.0,-778.9631721167507,False,False
419,6,"[39, 43]",26.217761993408203,19.628347396850586,0.16542254388332367,38,43,10.34458302363836,339.27165031433105,291.4460503675903,-47.82559994674074,8000.0,-573.0789418463137,False,False
420,6,"[39, 43]",26.266685485839844,19.617530822753906,0.16601568460464478,38,43,10.316711510372883,337.92432975769043,291.2151200774695,-46.70920968022091,8000.0,-357.0675558993307,False,False
421,6,"[39, 43]",26.316051483154297,19.60573959350586,0.16660897433757782,38,43,10.287940017953828,336.5301876068115,290.9825851977638,-45.54760240904773,8000.0,-134.63402983918877,False,False
422,6,"[39, 43]",26.366785049438477,19.592500686645508,0.16722291707992554,38,43,10.257500684878277,335.10004234313965,290.74447122638037,-44.35557111675928,8000.0,90.68556445659215,False,False
423,6,"[39, 43]",26.419702529907227,19.57732582092285,0.16781823337078094,38,43,10.224661356468891,333.6445713043213,290.49728150824967,-43.14728979607162,8000.0,315.57412012156965,False,False
424,6,"[39, 43]",26.475505828857422,19.559722900390625,0.16830173134803772,38,43,10.188736972494231,332.1741600036621,290.2380037237406,-41.93615627992153,8000.0,536.9750573313131,False,False
425,6,"[39, 43]",26.534780502319336,19.539207458496094,0.16859035193920135,38,43,10.149099718858503,330.69879150390625,289.9640957246921,-40.73469577921418,8000.0,752.1178795102924,False,False
426,6,"[39, 43]",26.597990036010742,19.51531219482422,0.16872766613960266,38,43,10.105188665237907,329.22791290283203,289.6734961691633,-39.554416733668745,8000.0,958.5489655322117,False,False
427,6,"[39, 43]",26.665481567382812,19.487592697143555,0.16863574087619781,38,43,10.056511739383367,327.7703666687012,289.3645839937401,-38.405782674961074,8000.0,1154.1330256743222,False,False
428,6,"[39, 43]",26.737491607666016,19.45564079284668,0.16830353438854218,38,43,10.002654838261483,326.3343048095703,289.0361255182892,-37.29817929128109,8000.0,1337.0554317869683,False,False
429,6,"[39, 43]",26.814144134521484,19.41909408569336,0.16783876717090607,38,43,9.943289746897022,324.9271125793457,288.6872740335148,-36.23983854583088,8000.0,1505.8293218231474,False,False
430,6,"[39, 43]",26.89544105529785,19.37765121459961,0.16739636659622192,38,43,9.878189537754965,323.5551452636719,288.31760731360146,-35.23753795007042,8000.0,1659.3439434891584,False,False
431,6,"[39, 43]",26.9807071685791,19.331514358520508,0.16704061627388,38,43,9.807817770796113,322.2175064086914,287.929439817693,-34.288066590998426,8000.0,1798.6364396095773,False,False
432,6,"[39, 43]",27.069334030151367,19.280874252319336,0.1667707860469818,38,43,9.732596257638185,320.9133415222168,287.52480251579834,-33.388539006418455,8000.0,1924.6518935973982,False,False
433,6,"[39, 43]",27.160770416259766,19.225915908813477,0.16658635437488556,38,43,9.652914015243445,319.6418228149414,287.1054873923815,-32.53633542255989,8000.0,2038.2583484590045,False,False
434,6,"[39, 43]",27.2545223236084,19.166818618774414,0.16648703813552856,38,43,9.569128030341838,318.4021186828613,286.6730470566754,-31.72907162618594,8000.0,2140.2529411355263,False,False
435,6,"[39, 43]",27.35014533996582,19.103748321533203,0.16641385853290558,38,43,9.481559113411858,317.1934394836426,286.2288479406687,-30.964591542973892,8000.0,2231.3619016427965,False,False
436,6,"[39, 43]",27.447237014770508,19.036874771118164,0.16643139719963074,38,43,9.390511407140174,316.01500701904297,285.7740809126635,-30.240926106379447,8000.0,2312.2574381093355,False,False
437,6,"[39, 43]",27.545442581176758,18.966352462768555,0.16659781336784363,38,43,9.296253471635545,314.86606216430664,285.309755277003,-29.556306887303663,8000.0,2383.547500083375,False,False
438,6,"[39, 43]",27.64443588256836,18.892333984375,0.16684779524803162,38,43,9.199037232286978,313.7458686828613,284.8367820601288,-28.909086622732502,8000.0,2445.798882977318,False,False
439,6,"[39, 43]",27.743928909301758,18.814966201782227,0.16718140244483948,38,43,9.09909258689279,312.6537055969238,284.3559188929936,-28.297786703930228,8000.0,2499.527498648391,False,False
440,6,"[39, 43]",27.843664169311523,18.73438835144043,0.16759857535362244,38,43,8.9966284845207,311.58886337280273,283.86781136086694,-27.721052011935797,8000.0,2545.2073047022313,False,False
441,6,"[39, 43]",27.94341278076172,18.650737762451172,0.1680404394865036,38,43,8.891839788538306,310.55066299438477,283.3729889092855,-27.177674085099284,8000.0,2583.2706134934115,False,False
442,6,"[39, 43]",28.042964935302734,18.56414031982422,0.1684538871049881,38,43,8.784901004683746,309.53843688964844,282.8719323605251,-26.66650452912336,8000.0,2614.1199980021324,False,False
443,6,"[39, 43]",28.142141342163086,18.4747257232666,0.1688498556613922,38,43,8.675979188373853,308.5515327453613,282.36497293103923,-26.186559814322095,8000.0,2638.1182474491534,False,False
444,6,"[39, 43]",28.240779876708984,18.382612228393555,0.16923800110816956,38,43,8.56522289341061,307.58931732177734,281.85239169421266,-25.736925627564688,8000.0,2655.599315730127,False,False
445,6,"[39, 43]",28.338733673095703,18.287914276123047,0.1696268916130066,38,43,8.452770484123551,306.65117263793945,281.3344154515657,-25.316757186373763,8000.0,2666.8728232758685,False,False
446,6,"[39, 43]",28.43587875366211,18.190744400024414,0.1700240522623062,38,43,8.338751051553038,305.73648834228516,280.81115789958835,-24.925330442696804,8000.0,2672.2170911941653,False,False
447,6,"[39, 43]",28.532102584838867,18.091209411621094,0.1704360842704773,38,43,8.223283563403522,304.8446846008301,280.28269367736533,-24.561990923464748,8000.0,2671.887489250524,False,False
448,6,"[39, 43]",28.627309799194336,17.989408493041992,0.17075113952159882,38,43,8.106474354247931,303.9751853942871,279.7490160083637,-24.226169385923413,8000.0,2666.1133142139884,False,False
449,6,"[39, 43]",28.721412658691406,17.88544273376465,0.17092718183994293,38,43,7.98842867507974,303.1274299621582,279.21008419690565,-23.91734576525255,7998.2959244335,2655.1095955812793,False,False
450,6,"[39, 43]",28.8143367767334,17.779407501220703,0.17098499834537506,38,43,7.8692425524351375,302.3008728027344,278.66578878317466,-23.635084019559713,7919.196655165353,2639.068205542149,False,False
451,6,"[39, 43]",28.906023025512695,17.671388626098633,0.17094306647777557,38,43,7.7489992304389785,301.4949951171875,278.1159338157393,-23.37906130144819,7841.08464355807,2618.152218139043,False,False
452,6,"[39, 43]",28.99641227722168,17.561479568481445,0.17093533277511597,38,43,7.627788774072976,300.7092628479004,277.5603226531352,-23.148940194765203,7764.0483668936895,2592.5254901460385,False,False
453,6,"[39, 43]",29.08546257019043,17.44976043701172,0.1709645539522171,38,43,7.505685130578536,299.9431800842285,276.9986503209542,-22.944529763274318,7688.1744219998545,2562.3172739554134,False,False
454,6,"[39, 43]",29.17313575744629,17.33631134033203,0.1710328906774521,38,43,7.382761580729686,299.19625091552734,276.4305802060113,-22.76567070951603,7613.547342707647,2527.6476907922765,False,False
455,6,"[39, 43]",29.259397506713867,17.221210479736328,0.17108331620693207,38,43,7.259088981801739,298.46800231933594,275.85574286391005,-22.612259455425885,7540.250782419385,2488.623533620644,False,False
456,6,"[39, 43]",29.344223022460938,17.104530334472656,0.17118185758590698,38,43,7.1347315799343445,297.75797271728516,275.27368946594595,-22.484283251339207,7468.368394784435,2445.3313043923067,False,False
457,6,"[39, 43]",29.427597045898438,16.986343383789062,0.17138764262199402,38,43,7.00975313531635,297.0656852722168,274.6838783673454,-22.381806904871382,7397.986273768669,2397.8426189129,False,False
458,6,"[39, 43]",29.50950050354004,16.866714477539062,0.17163608968257904,38,43,6.884210737046915,296.3907127380371,274.08578190705487,-22.304930830982244,7329.186942461656,2346.217567354648,False,False
459,6,"[39, 43]",29.589923858642578,16.745712280273438,0.171986386179924,38,43,6.758165180723422,295.7326126098633,273.47876584344067,-22.253846766422612,7262.059047574681,2290.5019620275693,False,False
460,6,"[39, 43]",29.66886329650879,16.623394012451172,0.172373965382576,38,43,6.631666439182014,295.09098052978516,272.86212049563625,-22.22886003414891,7196.69212074694,2230.7171247677065,False,False
461,6,"[39, 43]",29.746315002441406,16.49982261657715,0.17279930412769318,38,43,6.50477133533179,294.4653854370117,272.23509268378376,-22.230292753227957,7133.178150726129,2166.8830822325212,False,False
462,6,"[39, 43]",29.82227897644043,16.37505340576172,0.1732625812292099,38,43,6.3775301401505855,293.85543060302734,271.59685375350307,-22.258576849524275,7071.612273742396,2098.998477487868,False,False
463,6,"[39, 43]",29.896760940551758,16.249141693115234,0.17364612221717834,38,43,6.249994416319657,293.26073455810547,270.94646987201986,-22.314264686085608,7012.0977964076155,2027.043218056349,False,False
464,6,"[39, 43]",29.96976661682129,16.12213706970215,0.17390263080596924,38,43,6.122211721075941,292.680908203125,270.2829455066608,-22.39796269646422,6954.7384755863695,1950.9855822466197,False,False
465,6,"[39, 43]",30.041303634643555,15.994089126586914,0.17404811084270477,38,43,5.994231430942773,292.11558532714844,269.6051966464205,-22.510388680727942,6899.6460936708545,1870.7769943765788,False,False
466,6,"[39, 43]",30.11138343811035,15.865047454833984,0.17415554821491241,38,43,5.866105003981763,291.56439208984375,268.91202349068067,-22.652368599163083,6846.940469585761,1786.3527520718867,False,False
467,6,"[39, 43]",30.180017471313477,15.735057830810547,0.1741727590560913,38,43,5.737882415379342,291.02699279785156,268.20213566720383,-22.82485713064773,6796.749425382722,1697.627400075734,False,False
468,6,"[39, 43]",30.24721908569336,15.604164123535156,0.17428773641586304,38,43,5.609614318279789,290.5030212402344,267.4741223620109,-23.02889887822346,6749.206820395384,1604.501431162385,False,False
469,6,"[39, 43]",30.313005447387695,15.472408294677734,0.17449304461479187,38,43,5.481352474868957,289.9921646118164,266.726418876098,-23.265745735718383,6704.462264922995,1506.8447798655066,False,False
470,6,"[39, 43]",30.377391815185547,15.339829444885254,0.17466412484645844,38,43,5.353148894121347,289.49407958984375,265.9573495402746,-23.536730049569144,6662.6704807069145,1404.514518875622,False,False
471,6,"[39, 43]",30.44023895263672,15.206914901733398,0.17478853464126587,38,43,5.225492620730796,289.0043182373047,265.1671985070975,-23.837119730207178,6623.708955862723,1298.4452952647357,False,False
472,6,"[39, 43]",30.501413345336914,15.074159622192383,0.17485277354717255,38,43,5.098873524060927,288.51806640625,264.3565232280274,-24.161543178222587,6587.397458918062,1189.6569043867426,False,False
473,6,"[39, 43]",30.560800552368164,14.942025184631348,0.1749027520418167,39,43,4.973742070621167,288.03050994873047,263.52600547715247,-24.504504471578002,6553.52060011042,1079.1617572469381,True,False
474,7,"[40, 43]",30.618301391601562,14.810937881469727,0.1749204844236374,39,43,14.823838151423923,287.53690338134766,267.60950303204766,-19.9274003493,8000.0,5295.089944568025,False,False
475,7,"[40, 43]",30.67462921142578,14.67874813079834,0.17498980462551117,39,43,14.694242793023559,287.0556411743164,267.3685613382289,-19.68707983608749,8000.0,5333.304360471358,False,False
476,7,"[40, 43]",30.72977638244629,14.545530319213867,0.17504799365997314,39,43,14.56382593398954,286.58641815185547,267.12777227974607,-19.4586458721094,8000.0,5369.505800950625,False,False
477,7,"[40, 43]",30.78374671936035,14.41135025024414,0.1750972419977188,39,43,14.432646152224475,286.1289367675781,266.8870934469361,-19.241843320642033,8000.0,5403.753038463674,False,False
478,7,"[40, 43]",30.83654022216797,14.27627182006836,0.17513932287693024,39,43,14.300760001614696,285.6828918457031,266.64649983980854,-19.036392005894584,8000.0,5436.107378811885,False,False
479,7,"[40, 43]",30.888164520263672,14.140351295471191,0.17511682212352753,39,43,14.168216929959431,285.24800872802734,266.4059368393261,-18.84207188870124,8000.0,5466.619308838475,False,False
480,7,"[40, 43]",30.93862533569336,14.003643035888672,0.1750367432832718,39,43,14.035064509912264,284.82401275634766,266.16535858450703,-18.658654171840624,8000.0,5495.339461473513,False,False
481,7,"[40, 43]",30.987930297851562,13.866196632385254,0.17496399581432343,39,43,13.901345809718757,284.4106216430664,265.9247116771144,-18.485909965952033,8000.0,5522.317295897269,False,False
482,7,"[40, 43]",31.03609275817871,13.728059768676758,0.1749567985534668,39,43,13.767102571562097,284.00757598876953,265.68391946140764,-18.32365652736189,8000.0,5547.593953929368,False,False
483,7,"[40, 43]",31.083120346069336,13.589275360107422,0.17500856518745422,39,43,13.632371565391404,283.61461639404297,265.44292772406646,-18.171688669976504,8000.0,5571.213039801629,False,False
484,7,"[40, 43]",31.129030227661133,13.449882507324219,0.1750544160604477,39,43,13.497186696337815,283.2314910888672,265.20164112991614,-18.029849958951047,8000.0,5593.209593609122,False,False
485,7,"[40, 43]",31.17383575439453,13.309918403625488,0.1750946193933487,39,43,13.361579932383124,282.8579559326172,264.9599786074664,-17.897977325150805,8000.0,5613.618773408582,False,False
486,7,"[40, 43]",31.217548370361328,13.169418334960938,0.17507047951221466,39,43,13.225581398009496,282.49376678466797,264.71786563899684,-17.775901145671128,8000.0,5632.475866353233,False,False
487,7,"[40, 43]",31.26018714904785,13.028413772583008,0.17498785257339478,39,43,13.089218352531827,282.1387023925781,264.47519204874146,-17.663510343836663,8000.0,5649.806284649318,False,False
488,7,"[40, 43]",31.301767349243164,12.88693618774414,0.17485186457633972,39,43,12.95251799993133,281.7925109863281,264.2318618960447,-17.560649090283448,8000.0,5665.641561332729,False,False
489,7,"[40, 43]",31.34230613708496,12.745013236999512,0.17466700077056885,39,43,12.815504210796732,281.4550018310547,263.98776696881674,-17.467234862237945,8000.0,5680.001188969458,False,False
490,7,"[40, 43]",31.381818771362305,12.60267162322998,0.17437836527824402,39,43,12.678199996839277,281.1259307861328,263.7428043206336,-17.38312646549923,8000.0,5692.912971026948,False,False
491,7,"[40, 43]",31.420326232910156,12.45993423461914,0.173995241522789,39,43,12.540625492331985,280.8050994873047,263.4968403355553,-17.308259151749382,8000.0,5704.392281497053,False,False
492,7,"[40, 43]",31.457841873168945,12.316827774047852,0.1735846847295761,39,43,12.402804091927008,280.49230194091797,263.24977411176326,-17.24252782915471,8000.0,5714.460031322815,False,False
493,7,"[40, 43]",31.494384765625,12.173371315002441,0.17314808070659637,39,43,12.264752545431005,280.18733978271484,263.0014711787918,-17.18586860392304,8000.0,5723.1301820511635,False,False
494,7,"[40, 43]",31.52997589111328,12.029586791992188,0.17274539172649384,39,43,12.126491026404167,279.89000701904297,262.7517850243857,-17.138221994657272,8000.0,5730.4154123504495,False,False
495,7,"[40, 43]",31.56462860107422,11.885492324829102,0.17237164080142975,39,43,11.988035304538894,279.6001205444336,262.50059775804834,-17.09952278638525,8000.0,5730.134289826645,False,False
496,7,"[40, 43]",31.598363876342773,11.741106986999512,0.1720222532749176,39,43,11.849403375755516,279.31748962402344,262.24775129557526,-17.06973832844818,8000.0,5662.897670869785,False,False
497,7,"[40, 43]",31.631200790405273,11.596446990966797,0.17181064188480377,39,43,11.710610523492003,279.0419464111328,261.99308881303364,-17.048857598099175,8000.0,5594.200937094863,False,False
498,7,"[40, 43]",31.66315460205078,11.451529502868652,0.17177990078926086,39,43,11.571672791147952,278.77330017089844,261.7364665628317,-17.03683360806673,8000.0,5524.071077336066,False,False
499,7,"[40, 43]",31.694244384765625,11.306368827819824,0.17190994322299957,39,43,11.432604257386226,278.5113830566406,261.4777140890106,-17.033668967630035,8000.0,5452.525941475242,False,False
500,7,"[40, 43]",31.724489212036133,11.160979270935059,0.1721826046705246,39,43,11.293419381598785,278.25601959228516,261.21665368994576,-17.039365902339398,8000.0,5379.58310868124,False,False
501,7,"[40, 43]",31.753904342651367,11.015371322631836,0.1725226491689682,39,43,11.154128644525809,278.0070495605469,260.95311626477485,-17.053933295772026,8000.0,5305.256592546883,False,False
502,7,"[40, 43]",31.782508850097656,10.869558334350586,0.17280356585979462,39,43,11.014746305953976,277.76432037353516,260.6869078196127,-17.077412553922443,8000.0,5229.557013502594,False,False
503,7,"[40, 43]",31.810317993164062,10.723550796508789,0.1729702353477478,39,43,10.875283578908546,277.52767181396484,260.41784294010006,-17.109828873864785,8000.0,5152.49542975571,False,False
504,7,"[40, 43]",31.837352752685547,10.577361106872559,0.1730906367301941,39,43,10.735754893019001,277.2969436645508,260.1456991624847,-17.151244502066106,8000.0,5074.078617916661,False,False
505,7,"[40, 43]",31.86362648010254,10.430996894836426,0.17310823500156403,39,43,10.596169113289317,277.0719985961914,259.8702796628814,-17.20171893331002,8000.0,4994.310532172965,False,False
506,7,"[40, 43]",31.889158248901367,10.284469604492188,0.17297212779521942,39,43,10.456540246903648,276.8526916503906,259.59135076170924,-17.26134088868139,8000.0,4913.193098274129,False,False
507,7,"[40, 43]",31.913963317871094,10.137786865234375,0.172636479139328,39,43,10.316878312119163,276.6388702392578,259.30868430615857,-17.330185933099244,8000.0,4830.727835331711,False,False
508,7,"[40, 43]",31.93805694580078,9.990957260131836,0.17211879789829254,39,43,10.177194687090726,276.43040466308594,259.02204151685686,-17.408363146229078,8000.0,4746.91169764073,False,False
509,7,"[40, 43]",31.961458206176758,9.843989372253418,0.17149357497692108,39,43,10.037501933031763,276.22715759277344,258.7311500189769,-17.496007573796533,8000.0,4661.738150672164,False,False
510,7,"[40, 43]",31.98417854309082,9.696893692016602,0.17100419104099274,39,43,9.897813484054616,276.0290069580078,258.43576876533217,-17.593238192675642,8000.0,4575.203262395958,False,False
511,7,"[40, 43]",32.00623321533203,9.549676895141602,0.17063435912132263,39,43,9.758140218089862,275.8358154296875,258.1356177456317,-17.70019768405581,8000.0,4487.298049256104,False,False
512,7,"[40, 43]",32.02764129638672,9.402344703674316,0.17036935687065125,39,43,9.618493393121675,275.6474609375,257.8303783697297,-17.817082567770285,8000.0,4398.00557953908,False,False
513,7,"[40, 43]",32.04841613769531,9.254903793334961,0.17019592225551605,39,43,9.478884580848975,275.46382904052734,257.51974947113473,-17.944079569392613,8000.0,4307.310368135444,False,False
514,7,"[40, 43]",32.068572998046875,9.10736083984375,0.17016088962554932,39,43,9.339326298795225,275.2847900390625,257.2034017250569,-18.081388314005608,8000.0,4215.19535562073,False,False
515,7,"[40, 43]",32.08811950683594,8.959721565246582,0.17024753987789154,39,43,9.199828998496299,275.11023712158203,256.8810321942197,-18.229204927362332,8000.0,4121.642782977979,False,False
516,7,"[40, 43]",32.107078552246094,8.811990737915039,0.17044082283973694,39,43,9.060406215531174,274.94005584716797,256.5522252349801,-18.387830612187884,8000.0,4026.6208883429704,False,False
517,7,"[40, 43]",32.12546157836914,8.66417407989502,0.170668363571167,39,43,8.921070530370676,274.77413177490234,256.2166137885282,-18.557517986374137,8000.0,3930.104457620251,False,False
518,7,"[40, 43]",32.14327621459961,8.516274452209473,0.1709238439798355,39,43,8.781831442098179,274.6123580932617,255.873828722922,-18.738529370339705,8000.0,3832.065153978502,False,False
519,7,"[40, 43]",32.160545349121094,8.368298530578613,0.17114274203777313,39,43,8.642706549599666,274.4546432495117,255.5233867159775,-18.931256533534224,7961.743000053162,3732.4596970149473,False,False
520,7,"[40, 43]",32.17727279663086,8.220247268676758,0.17126701772212982,39,43,8.503704015847239,274.3008804321289,255.16488982215438,-19.135990609974527,7906.275987163164,3631.2546524460618,False,False
521,7,"[40, 43]",32.193477630615234,8.072126388549805,0.17124441266059875,39,43,8.364841214794907,274.1509552001953,254.79782247177394,-19.35313272842137,7851.936431305899,3528.4050817196394,False,False
522,7,"[40, 43]",32.209171295166016,7.923939228057861,0.17102791368961334,39,43,8.226132183556237,274.0047912597656,254.42168387316696,-19.58310738659867,7798.769013282246,3423.8608319348054,False,False
523,7,"[40, 43]",32.224361419677734,7.775688171386719,0.17051643133163452,39,43,8.08758989217394,273.8622741699219,254.03596538767422,-19.82630878224765,7746.815461524492,3317.5755669031923,False,False
524,7,"[40, 43]",32.23906326293945,7.627377986907959,0.16985419392585754,39,43,7.949232620235313,273.7233352661133,253.64007729450918,-20.083257971604098,7696.129881581059,3209.4869870928756,False,False
525,7,"[40, 43]",32.253292083740234,7.479012489318848,0.16917096078395844,39,43,7.811078864666117,273.5878677368164,253.23338961289647,-20.354478123919932,7646.766560482119,3099.5325024013355,False,False
526,7,"[40, 43]",32.267051696777344,7.330595016479492,0.1685246378183365,39,43,7.673144511313142,273.4557876586914,252.81531138904663,-20.64047626964478,7598.777119219243,2987.650462130496,False,False
527,7,"[40, 43]",32.280357360839844,7.182129383087158,0.16790851950645447,39,43,7.535450362688376,273.32701873779297,252.38513000159207,-20.941888736200895,7552.225511919121,2873.7626634964686,False,False
528,7,"[40, 43]",32.29322052001953,7.033617973327637,0.16743414103984833,39,43,7.398016095424246,273.2014694213867,251.9421092816804,-21.25936013970633,7507.175631950669,2757.78899124517,False,False
529,7,"[40, 43]",32.30564880371094,6.885065078735352,0.16720189154148102,39,43,7.260863415908242,273.0790557861328,251.48549553815883,-21.593560247973983,7463.694190402907,2639.646528900069,False,False
530,7,"[40, 43]",32.31765365600586,6.736472129821777,0.16718439757823944,39,43,7.124013982654924,272.95970916748047,251.01444628787465,-21.94526287960582,7421.8557025831415,2519.2369190335285,False,False
531,7,"[40, 43]",32.329246520996094,6.587841987609863,0.16735710203647614,39,43,6.987492497977216,272.84334564208984,250.5280631091519,-22.315282532937943,7381.739138499434,2396.4571709788315,False,False
532,7,"[40, 43]",32.34043502807617,6.439175128936768,0.1675802618265152,39,43,6.851321949942489,272.7298889160156,250.02540661393192,-22.704482302083704,7343.426103614523,2271.1960731230984,False,False
533,7,"[40, 43]",32.351234436035156,6.290473937988281,0.16778700053691864,39,43,6.715531679450804,272.61927795410156,249.50541343010664,-23.11386452399492,7307.011771800073,2143.3248751136957,False,False
534,7,"[40, 43]",32.36164855957031,6.141740322113037,0.16797594726085663,39,43,6.580148790353429,272.5114288330078,248.96703404425324,-23.544394788754573,7272.587042529255,2012.7187615287794,False,False
535,7,"[40, 43]",32.37168884277344,5.99297571182251,0.16814586520195007,39,43,6.445204872572362,272.4062728881836,248.40907622808584,-23.997196660097757,7240.256738566224,1879.2315485848812,False,False
536,7,"[40, 43]",32.38136291503906,5.844181060791016,0.1682368665933609,39,43,6.310732255802946,272.3037414550781,247.8302887517476,-24.473452703330537,7210.130070593386,1742.7082593393066,False,False
537,7,"[40, 43]",32.390682220458984,5.695359230041504,0.16825386881828308,39,43,6.176769239532722,272.2037811279297,247.22929944979307,-24.974481678136613,7182.328999209083,1602.976240649306,False,False
538,7,"[40, 43]",32.399654388427734,5.546511173248291,0.1682012975215912,39,43,6.043353984243239,272.10631561279297,246.60465789219194,-25.50165772060103,7156.978928137911,1459.8539112915719,False,False
539,7,"[40, 43]",32.40827941894531,5.397838592529297,0.16807730495929718,39,43,5.910708183518641,272.00953674316406,245.95566191451047,-26.05387482865359,7134.106169559151,1313.6146666794234,False,False
540,7,"[40, 43]",32.41654586791992,5.250054359436035,0.16792377829551697,39,43,5.779512497503069,271.90709686279297,245.28387225765147,-26.623224605141502,7113.445087331145,1165.759623552758,False,False
541,7,"[40, 43]",32.424442291259766,5.1038055419921875,0.16766081750392914,39,43,5.650376220582047,271.792724609375,244.59104849871738,-27.201676110657615,7094.685902969455,1017.7731325110772,False,False
542,7,"[40, 43]",32.43195724487305,4.959676265716553,0.1673344224691391,40,43,5.5238396701572166,271.6602783203125,243.87916370912288,-27.781114611189622,7077.4789729624335,871.1183990211434,False,False
543,7,"[40, 43]",32.4390869140625,4.818184852600098,0.16698643565177917,40,43,5.40037500995773,271.50386810302734,243.1503147135636,-28.35355338946374,7061.450845902862,727.2062214402654,False,False
544,7,"[40, 43]",32.44581604003906,4.679783821105957,0.1667139232158661,40,43,5.2803780843796995,271.3178482055664,242.40688325552358,-28.910964950042825,7046.187074110647,587.4155117820033,False,False
545,7,"[40, 43]",32.45214080810547,4.544858932495117,0.166487455368042,40,43,5.164178275297706,271.09688568115234,241.65128897407087,-29.445596707081478,7031.259813647017,453.0503704089733,False,False
546,7,"[40, 43]",32.45804977416992,4.413730621337891,0.16639912128448486,40,43,5.052031936758968,270.83602142333984,240.88613824358896,-29.949883179750884,7016.217110357253,325.3489878059363,False,False
547,7,"[40, 43]",32.46353530883789,4.286653518676758,0.16641533374786377,40,43,4.944128295976434,270.5307388305664,240.11406252172304,-30.416676308843364,7000.601886281995,205.45117776778852,True,False
548,8,"[41, 43]",32.468589782714844,4.163817882537842,0.16656598448753357,40,43,14.3773318986877,270.17691802978516,260.11331695691547,-10.063601072869687,8000.0,6752.800078484724,False,False
549,8,"[41, 43]",32.47319793701172,4.03832483291626,0.16695153713226318,40,43,14.254517604959922,269.83194732666016,260.00846109696084,-9.823486229699313,8000.0,6785.410414310736,False,False
550,8,"[41, 43]",32.47731399536133,3.9104418754577637,0.16742736101150513,40,43,14.129312715135935,269.4955825805664,259.90204840941277,-9.593534171153635,8000.0,6816.510752753137,False,False
551,8,"[41, 43]",32.48089599609375,3.780409336090088,0.16786335408687592,40,43,14.001947236496532,269.1676330566406,259.79432550148255,-9.373307555158078,8000.0,6846.176643751897,False,False
552,8,"[41, 43]",32.483917236328125,3.648444175720215,0.1682601422071457,40,43,13.872630365387778,268.8478698730469,259.6854745244579,-9.162395348588973,8000.0,6874.478508083997,False,False
553,8,"[41, 43]",32.4863395690918,3.514742851257324,0.16855953633785248,40,43,13.741548631374942,268.5361022949219,259.57572150523436,-8.96038078968752,8000.0,6901.486072273115,False,False
554,8,"[41, 43]",32.48815155029297,3.379481077194214,0.16870920360088348,40,43,13.608872548165898,268.2321243286133,259.4651798966567,-8.766944431956574,8000.0,6927.254738597441,False,False
555,8,"[41, 43]",32.48932647705078,3.242818832397461,0.16872097551822662,40,43,13.47475405849943,267.9357376098633,259.3540240031201,-8.581713606743165,8000.0,6951.845837873242,False,False
556,8,"[41, 43]",32.48985290527344,3.1048991680145264,0.1686054915189743,40,43,13.339330931262124,267.6467514038086,259.2423617855635,-8.40438961824509,8000.0,6975.309774328168,False,False
557,8,"[41, 43]",32.489723205566406,2.9658520221710205,0.16837239265441895,40,43,13.202728517286578,267.364990234375,259.13028297312684,-8.234707261248161,8000.0,6997.6915781711,False,False
558,8,"[41, 43]",32.48892593383789,2.825794219970703,0.16808919608592987,40,43,13.06505834955071,267.0902633666992,259.0178905693174,-8.072372797381831,8000.0,7019.0391693115225,False,False
559,8,"[41, 43]",32.48745346069336,2.6848320960998535,0.1678754836320877,40,43,12.926422166452726,266.82240295410156,258.90527013176506,-7.917132822336498,8000.0,7039.394333292763,False,False
560,8,"[41, 43]",32.48530960083008,2.543060302734375,0.1677800565958023,40,43,12.786912276621322,266.5612335205078,258.7924539262041,-7.768779594303737,8000.0,7058.792147364518,False,False
561,8,"[41, 43]",32.482486724853516,2.4005649089813232,0.1677880734205246,40,43,12.64661023361331,266.3065872192383,258.67952206573347,-7.627065153504816,8000.0,7077.272284480796,False,False
562,8,"[41, 43]",32.47898864746094,2.257422924041748,0.1679450273513794,40,43,12.505590807837285,266.0583038330078,258.5665015414247,-7.491802291583099,8000.0,7094.865864039428,False,False
563,8,"[41, 43]",32.47481918334961,2.1137030124664307,0.1680566668510437,40,43,12.363920521602909,265.81622314453125,258.45341555051,-7.3628075940212625,8000.0,7111.602966079613,False,False
564,8,"[41, 43]",32.4699821472168,1.9694674015045166,0.16812469065189362,40,43,12.22165953065495,265.58018493652344,258.34028472219745,-7.239900214325985,8000.0,7127.512823397739,False,False
565,8,"[41, 43]",32.464481353759766,1.824771761894226,0.16797427833080292,40,43,12.078861517706072,265.3500518798828,258.22712656850376,-7.122925311379049,8000.0,7142.620828123553,False,False
566,8,"[41, 43]",32.45832061767578,1.6796678304672241,0.16774216294288635,40,43,11.935576269679684,265.1256637573242,258.1139575959713,-7.01170616135289,8000.0,7122.319550944377,False,False
567,8,"[41, 43]",32.451515197753906,1.5342016220092773,0.16743382811546326,40,43,11.791850313753981,264.9068832397461,258.00073686951714,-6.906146370228953,8000.0,7058.601935410722,False,False
568,8,"[41, 43]",32.44406509399414,1.3884154558181763,0.16717179119586945,40,43,11.647723416101488,264.69356536865234,257.88749282888233,-6.806072539770014,8000.0,6993.906237143595,False,False
569,8,"[41, 43]",32.43598175048828,1.2423467636108398,0.16700756549835205,40,43,11.503232930006376,264.4855728149414,257.7741960545282,-6.711376760413202,8000.0,6928.2734615611835,False,False
570,8,"[41, 43]",32.427276611328125,1.0960296392440796,0.16698744893074036,40,43,11.358412983462243,264.2827835083008,257.66081353571786,-6.621969972582917,8000.0,6861.7399946995865,False,False
571,8,"[41, 43]",32.4179573059082,0.9494941830635071,0.1670943796634674,40,43,11.213293022040244,264.0850601196289,257.5473265779034,-6.537733541725515,8000.0,6794.343012679264,False,False
572,8,"[41, 43]",32.40803146362305,0.8027672171592712,0.16725419461727142,40,43,11.067899307363145,263.8922805786133,257.43371302614054,-6.4585675524727435,8000.0,6726.115152115621,False,False
573,8,"[41, 43]",32.39751434326172,0.6558728218078613,0.16740024089813232,40,43,10.922257121158113,263.7042999267578,257.31990843796876,-6.384391488789049,8000.0,6657.085664486662,False,False
574,8,"[41, 43]",32.38641357421875,0.5088332295417786,0.16753138601779938,40,43,10.776388337172015,263.5210266113281,257.2058833336383,-6.315143277689799,7998.095829675936,6587.279280160756,False,False
575,8,"[41, 43]",32.37474060058594,0.36166784167289734,0.16758781671524048,40,43,10.630312948414526,263.3423385620117,257.0915840960093,-6.250754466002434,7913.152140986951,6516.720190068776,False,False
576,8,"[41, 43]",32.36250686645508,0.214394673705101,0.16757455468177795,40,43,10.484049658612962,263.16810607910156,256.97695327368433,-6.191152805417232,7828.548858646051,6445.432046503784,False,False
577,8,"[41, 43]",32.3497200012207,0.06702983379364014,0.16749615967273712,40,43,10.337614510061199,262.99822998046875,256.8619491639605,-6.136280816508247,7744.293207412348,6373.434915251902,False,False
578,8,"[41, 43]",32.336395263671875,-0.08041214197874069,0.16735677421092987,40,43,10.191023800438854,262.83260345458984,256.74648459433604,-6.086118860253805,7660.396007699642,6300.744004126477,False,False
579,8,"[41, 43]",32.32254409790039,-0.22791780531406403,0.1672188937664032,40,43,10.044291986316898,262.67110443115234,256.6304877651584,-6.040616665993923,7576.863830798762,6227.377114991574,False,False
580,8,"[41, 43]",32.30817413330078,-0.37547507882118225,0.16713882982730865,40,43,9.897431373241794,262.5136489868164,256.51390289154733,-5.999746095269074,7493.7040388115,6153.34789614118,False,False
581,8,"[41, 43]",32.29330062866211,-0.5230734944343567,0.16710840165615082,40,43,9.75045454147214,262.3601303100586,256.39662558618886,-5.9635047238697325,7410.926484271175,6078.66674168222,False,False
582,8,"[41, 43]",32.277931213378906,-0.6707033514976501,0.16717910766601562,40,43,9.603371625041023,262.21044158935547,256.2785887846453,-5.931852804710161,7328.535801932767,6003.347165953854,False,False
583,8,"[41, 43]",32.26207733154297,-0.8183566927909851,0.1672796905040741,40,43,9.45619202822662,262.0644989013672,256.15969674769906,-5.904802153668129,7246.541175364821,5927.395712832201,False,False
584,8,"[41, 43]",32.245750427246094,-0.9660259485244751,0.16740486025810242,40,43,9.308924865107095,261.9221954345703,256.03984754524976,-5.882347889320556,7164.9498074473495,5850.820675717651,False,False
585,8,"[41, 43]",32.22895812988281,-1.1137044429779053,0.16754989326000214,40,43,9.161577542733637,261.78345489501953,255.91895490507525,-5.864499989944278,7083.769309267628,5773.627436529042,False,False
586,8,"[41, 43]",32.21171951293945,-1.2613861560821533,0.1677105575799942,40,43,9.014159701105244,261.64817810058594,255.79685572361112,-5.851322376974821,7003.013764993301,5695.815799248258,False,False
587,8,"[41, 43]",32.194034576416016,-1.409065842628479,0.167883038520813,40,43,8.866675668975478,261.5162887573242,255.67349471041342,-5.842794046910797,6922.685759210985,5617.393040689162,False,False
588,8,"[41, 43]",32.17591857910156,-1.5567386150360107,0.1680639535188675,40,43,8.719133241194529,261.38768768310547,255.54871533990757,-5.838972343197895,6842.797478192546,5538.358536474892,False,False
589,8,"[41, 43]",32.15738296508789,-1.7044003009796143,0.16825027763843536,40,43,8.571538696432428,261.2623062133789,255.42237418265205,-5.839932030726857,6763.361948871421,5458.708610901984,False,False
590,8,"[41, 43]",32.13843536376953,-1.8520475625991821,0.1683804988861084,40,43,8.423896647464643,261.14005279541016,255.29434172966472,-5.845711065745434,6684.387499120114,5378.443112335799,False,False
591,8,"[41, 43]",32.11908721923828,-1.999677062034607,0.16845808923244476,40,43,8.276212766385012,261.02085876464844,255.16445392434258,-5.856404840305856,6605.888728209479,5297.5553292581835,False,False
592,8,"[41, 43]",32.09934616088867,-2.1472859382629395,0.16848620772361755,40,43,8.128491399924155,260.90464782714844,255.03256019328583,-5.872087633862606,6527.877313714247,5216.040345054462,False,False
593,8,"[41, 43]",32.0792236328125,-2.2948713302612305,0.1684677004814148,40,43,7.980737981695449,260.7913360595703,254.89847259255458,-5.892863467015729,6450.368450562796,5133.8901162279135,False,False
594,8,"[41, 43]",32.0587272644043,-2.4424312114715576,0.16840516030788422,40,43,7.832956270945272,260.6808624267578,254.76201461745586,-5.918847809301951,6373.377526495949,5051.094234377261,False,False
595,8,"[41, 43]",32.03786849975586,-2.589962959289551,0.16835972666740417,40,43,7.685151720493101,260.5731430053711,254.62297013651644,-5.950172868854651,6296.922479603824,4967.641102012139,False,False
596,8,"[41, 43]",32.01665115356445,-2.7374651432037354,0.16832759976387024,40,43,7.5373267423771395,260.46812438964844,254.48115984977676,-5.986964539871678,6221.01891454886,4883.518198761236,False,False
597,8,"[41, 43]",31.995088577270508,-2.8849363327026367,0.1683053970336914,40,43,7.389486411168929,260.36573791503906,254.33631901668178,-6.029418898357278,6145.690946107869,4798.70583560158,False,False
598,8,"[41, 43]",31.973186492919922,-3.032374858856201,0.16829007863998413,40,43,7.241634141776341,260.2658996582031,254.1882201982649,-6.077679459938224,6070.956415185196,4713.1897917387605,False,False
599,8,"[41, 43]",31.950956344604492,-3.1797802448272705,0.16827893257141113,40,43,7.093773901626757,260.16856384277344,254.03657011362264,-6.131993729150793,5996.843989298203,4626.943441646022,False,False
600,8,"[41, 43]",31.928403854370117,-3.327151298522949,0.16826951503753662,40,43,6.9459089555185995,260.0736541748047,253.88109775473862,-6.192556420066069,5923.376556738575,4539.946174074051,False,False
601,8,"[41, 43]",31.905536651611328,-3.474487543106079,0.16825968027114868,40,43,6.798042567953797,259.9811248779297,253.72149162431893,-6.259633253610758,5850.584195739967,4452.168704631705,False,False
602,8,"[41, 43]",31.88236427307129,-3.6217880249023438,0.16824746131896973,40,43,6.650179189752284,259.8909149169922,253.55739814574576,-6.333516771246423,5778.50032579103,4363.579098417838,False,False
603,8,"[41, 43]",31.85889434814453,-3.769052505493164,0.16823114454746246,40,43,6.502322267995081,259.8029556274414,253.38844624434194,-6.414509383099471,5707.158801611675,4274.143651081677,False,False
604,8,"[41, 43]",31.835132598876953,-3.916280746459961,0.16820918023586273,40,43,6.354474928060905,259.7171936035156,253.214247049293,-6.502946554222632,5636.596641501583,4183.824437310801,False,False
605,8,"[41, 43]",31.811086654663086,-4.063472270965576,0.1681801825761795,40,43,6.206641309782074,259.6335754394531,253.03435869473947,-6.599216744713658,5566.856779390327,4092.5776082159855,False,False
606,8,"[41, 43]",31.78676414489746,-4.21062707901001,0.16814292967319489,40,43,6.058825375250827,259.5520553588867,252.84829525846584,-6.7037601004208796,5497.987288777321,4000.352907770344,False,False
607,8,"[41, 43]",31.76217269897461,-4.357745170593262,0.16815513372421265,40,43,5.911031397393785,259.47257232666016,252.655522620973,-6.817049705687168,5430.039729777921,3907.0962080326217,False,False
608,8,"[41, 43]",31.73731803894043,-4.504825592041016,0.16820992529392242,40,43,5.763264330422055,259.39508056640625,252.45547329682734,-6.939607269578914,5363.070940293522,3812.747795980104,False,False
609,8,"[41, 43]",31.712207794189453,-4.651869297027588,0.16830110549926758,40,43,5.615528251781776,259.3195266723633,252.24749622702075,-7.072030445342534,5297.14497390904,3717.238208180937,False,False
610,8,"[41, 43]",31.686845779418945,-4.79887580871582,0.16842317581176758,40,43,5.467827862753638,259.24586486816406,252.03091318420624,-7.214951683957821,5232.32969898415,3620.494022089772,False,False
611,8,"[41, 43]",31.66124153137207,-4.945846080780029,0.1685711145401001,40,43,5.320168725211825,259.17403411865234,251.80490796961112,-7.369126149041222,5168.705869580257,3522.4272865968373,False,False
612,8,"[41, 43]",31.635398864746094,-5.092780113220215,0.16868171095848083,41,43,5.1725560861164,259.10401153564453,251.56863558338608,-7.535375952258448,5106.360783650284,3422.9416381461187,False,False
613,8,"[41, 43]",31.609323501586914,-5.239678382873535,0.16875682771205902,41,43,5.024995923504962,259.0357437133789,251.32113034644385,-7.714613366935055,5045.391180584048,3321.9300123103562,False,False
614,8,"[41, 43]",31.583023071289062,-5.386541366577148,0.16879820823669434,41,43,4.877495526039701,258.9691848754883,251.06128973553524,-7.907895139953041,4985.909040896528,3219.268310085157,True,False
615,9,"[42, 43]",31.556503295898438,-5.533369541168213,0.16880740225315094,41,43,14.550123688221426,258.90428924560547,263.85901816543037,4.954728919824902,7416.65747903655,8000.0,False,False
616,9,"[42, 43]",31.529767990112305,-5.6801629066467285,0.16872704029083252,41,43,14.401316762148817,258.8410186767578,263.9022989107475,5.061280233989692,7403.456864419926,8000.0,False,False
617,9,"[42, 43]",31.502822875976562,-5.82692289352417,0.16856428980827332,41,43,14.252529293520771,258.7793273925781,263.9473362833619,5.168008890783767,7390.206650898513,8000.0,False,False
618,9,"[42, 43]",31.475675582885742,-5.973648548126221,0.16832564771175385,41,43,14.103763805360854,258.7191848754883,263.99415529742294,5.274970421934654,7376.899789467403,8000.0,False,False
619,9,"[42, 43]",31.448328018188477,-6.1203413009643555,0.1680169552564621,41,43,13.95501987279078,258.6605529785156,264.0428043398326,5.382251361317003,7363.525304270687,8000.0,False,False
620,9,"[42, 43]",31.420785903930664,-6.267001628875732,0.1676434576511383,41,43,13.806298448393395,258.60337829589844,264.09331853813126,5.489940242232819,7350.071878853016,8000.0,False,False
621,9,"[42, 43]",31.393054962158203,-6.413628578186035,0.16732750833034515,41,43,13.657601932223564,258.5476379394531,264.14573513663004,5.598097197176912,7336.531662625517,8000.0,False,False
622,9,"[42, 43]",31.365140914916992,-6.560222148895264,0.16712036728858948,41,43,13.508931801020607,258.49330139160156,264.20009256061456,5.706791169013002,7322.895634208372,8000.0,False,False
623,9,"[42, 43]",31.337047576904297,-6.706783771514893,0.1670093834400177,41,43,13.360287943011015,258.44031524658203,264.2564384320084,5.816123185426363,7309.150659970384,8000.0,False,False
624,9,"[42, 43]",31.308778762817383,-6.853313446044922,0.16698314249515533,41,43,13.211671703382015,258.38866424560547,264.3148231175786,5.9261588719731435,7295.287961580942,8000.0,False,False
625,9,"[42, 43]",31.280338287353516,-6.99981164932251,0.1670314371585846,41,43,13.063083988214807,258.3383102416992,264.3752990314799,6.0369887897807075,7281.295536122658,8000.0,False,False
626,9,"[42, 43]",31.251731872558594,-7.146279335021973,0.1671450436115265,41,43,12.914525450594855,258.2892074584961,264.4379123391982,6.148704880702098,7267.161104593599,8000.0,False,False
627,9,"[42, 43]",31.222963333129883,-7.2927165031433105,0.16731570661067963,41,43,12.76599753970157,258.24134063720703,264.5027202561357,6.261379618928686,7252.874754515026,8000.0,False,False
628,9,"[42, 43]",31.19403839111328,-7.439124584197998,0.16753600537776947,41,43,12.61750050092139,258.1946716308594,264.56977340625383,6.375101775394455,7238.424415333996,8000.0,False,False
629,9,"[42, 43]",31.16495704650879,-7.585503578186035,0.16774046421051025,41,43,12.469035501089978,258.14917755126953,264.6391515927436,6.489974041474056,7223.7961370143385,8000.0,False,False
630,9,"[42, 43]",31.135726928710938,-7.7318549156188965,0.1679290235042572,41,43,12.320603048066413,258.1048126220703,264.71090247660493,6.606089854534616,7208.977029060847,8000.0,False,False
631,9,"[42, 43]",31.10634994506836,-7.878178119659424,0.16810157895088196,41,43,12.172205054946138,258.06156158447266,264.78510364941565,6.72354206494299,7193.9541609807475,8000.0,False,False
632,9,"[42, 43]",31.07682991027832,-8.02447509765625,0.1681993156671524,41,43,12.023841288969399,258.01940155029297,264.86182639320566,6.842424842912692,7178.714315582249,8000.0,False,False
633,9,"[42, 43]",31.047168731689453,-8.170745849609375,0.16822808980941772,41,43,11.875513298681533,257.9782943725586,264.94115551262666,6.962861140068071,7096.30745778406,8000.0,False,False
634,9,"[42, 43]",31.01737403869629,-8.31698989868164,0.16819319128990173,41,43,11.727223668120262,257.93821716308594,265.02315238722804,7.0849352241421,7000.894698934699,8000.0,False,False
635,9,"[42, 43]",30.987443923950195,-8.46320915222168,0.16809938848018646,41,43,11.578971826907937,257.8991470336914,265.1079274523647,7.208780418673314,6905.281112902337,8000.0,False,False
636,9,"[42, 43]",30.957387924194336,-8.609404563903809,0.16795098781585693,41,43,11.430759206028641,257.86104583740234,265.1955400998699,7.334494262467558,6809.455384635327,8000.0,False,False
637,9,"[42, 43]",30.927204132080078,-8.755574226379395,0.16775187849998474,41,43,11.282589174520613,257.82391357421875,265.2861118820743,7.4621983078555445,6713.404139595391,8000.0,False,False
638,9,"[42, 43]",30.896896362304688,-8.90172004699707,0.16756433248519897,41,43,11.134461863958316,257.78770446777344,265.37973974746563,7.5920352796921975,6617.10951928502,8000.0,False,False
639,9,"[42, 43]",30.866470336914062,-9.047842979431152,0.16738560795783997,41,43,10.98637857749074,257.7524108886719,265.47651630886224,7.724105420190369,6520.559764677272,8000.0,False,False
640,9,"[42, 43]",30.835927963256836,-9.193941116333008,0.16721326112747192,41,43,10.838343238568939,257.7179946899414,265.57656042930375,7.858565739362348,6423.737187577371,8000.0,False,False
641,9,"[42, 43]",30.80527114868164,-9.340017318725586,0.16704505681991577,41,43,10.690355110470815,257.68444061279297,265.6799954407822,7.995554827989224,6326.623964098832,8000.0,False,False
642,9,"[42, 43]",30.77450180053711,-9.486071586608887,0.16687902808189392,41,43,10.542416408060733,257.6517333984375,265.7869527271403,8.135219328702817,6229.202805842913,8000.0,False,False
643,9,"[42, 43]",30.74362564086914,-9.632102966308594,0.1667134314775467,41,43,10.394530676994759,257.6198425292969,265.8975504167113,8.277707887414408,6131.456871631721,7980.714563198895,False,False
644,9,"[42, 43]",30.712644577026367,-9.77811336517334,0.16654664278030396,41,43,10.246698427708946,257.58875274658203,266.01193341773205,8.423180671150021,6033.366194642695,7915.122818027188,False,False
645,9,"[42, 43]",30.681560516357422,-9.924102783203125,0.1664360910654068,41,43,10.098922193031907,257.5584411621094,266.1302557742191,8.571814612109733,5934.909711141148,7849.871475645154,False,False
646,9,"[42, 43]",30.650375366210938,-10.07007122039795,0.1663745790719986,41,43,9.951204634864219,257.5288848876953,266.2526804994523,8.723795611756998,5836.065252749342,7784.979898460608,False,False
647,9,"[42, 43]",30.61909294128418,-10.216018676757812,0.16641448438167572,41,43,9.803548674000647,257.5000762939453,266.37936910694685,8.879292813001541,5736.8129609696925,7720.466014864683,False,False
648,9,"[42, 43]",30.58771324157715,-10.361946105957031,0.1665441244840622,41,43,9.655956178380366,257.47198486328125,266.5105150117093,9.038530148428038,5637.125286106929,7656.352302181694,False,False
649,9,"[42, 43]",30.556241989135742,-10.507853507995605,0.16675296425819397,41,43,9.508430479114258,257.4446029663086,266.6462893700905,9.201686403781935,5536.981326932171,7592.657800301658,False,False
650,9,"[42, 43]",30.524681091308594,-10.653741836547852,0.1669727861881256,41,43,9.360973875910172,257.41790771484375,266.7868968327953,9.368989117951571,5436.353282953221,7529.405541407932,False,False
651,9,"[42, 43]",30.493030548095703,-10.799612045288086,0.16714221239089966,41,43,9.213588749155436,257.39188385009766,266.9325667604025,9.540682910304838,5335.211161120532,7466.620180942283,False,False
652,9,"[42, 43]",30.461292266845703,-10.945465087890625,0.1672060340642929,41,43,9.066277793563309,257.3665084838867,267.0835311341159,9.717022650229183,5233.523788440958,7404.327484279223,False,False
653,9,"[42, 43]",30.42947006225586,-11.091301918029785,0.16717341542243958,41,43,8.919044009874256,257.3417739868164,267.24002473001826,9.898250743201856,5131.261775636611,7342.552216044267,False,False
654,9,"[42, 43]",30.397565841674805,-11.237120628356934,0.1671113818883896,41,43,8.771893380589745,257.3176498413086,267.402311046216,10.084661204907434,5028.390575060467,7281.3255123247645,False,False
655,9,"[42, 43]",30.365581512451172,-11.382923126220703,0.16708023846149445,41,43,8.62482832819692,257.2941436767578,267.57066990118443,10.276526224426618,4924.876581129778,7220.674575162242,False,False
656,9,"[42, 43]",30.333518981933594,-11.528708457946777,0.16707547008991241,41,43,8.477854404374522,257.2712173461914,267.7454009466422,10.474183600450772,4820.679260707293,7160.634336371422,False,False
657,9,"[42, 43]",30.301380157470703,-11.674477577209473,0.16709300875663757,41,43,8.330975549820376,257.2488708496094,267.926823870245,10.677953020635641,4715.759573926329,7101.237174993414,False,False
658,9,"[42, 43]",30.269166946411133,-11.820230484008789,0.16712920367717743,41,43,8.184196978310052,257.2270812988281,268.11528099061456,10.88819969178644,4610.073176271574,7042.52033449628,False,False
659,9,"[42, 43]",30.236881256103516,-11.965968132019043,0.16718076169490814,41,43,8.037523299202732,257.2058410644531,268.3111387318676,11.105297667414447,4503.574217384251,6984.5215288777335,False,False
660,9,"[42, 43]",30.204524993896484,-12.111690521240234,0.16724476218223572,41,43,7.890960455218333,257.1851348876953,268.51479025020996,11.329655362514643,4396.213018928531,6927.282320587568,False,False
661,9,"[42, 43]",30.17209815979004,-12.25739860534668,0.16731856763362885,41,43,7.744513808696493,257.1649475097656,268.72667152705634,11.561724017290715,4287.933930016405,6870.847866766853,False,False
662,9,"[42, 43]",30.139606475830078,-12.403091430664062,0.1673998236656189,41,43,7.598191217582214,257.145263671875,268.9472083876025,11.801944715727473,4178.683921966708,6815.2636778424285,False,False
663,9,"[42, 43]",30.107046127319336,-12.548770904541016,0.16748639941215515,41,43,7.451997980836319,257.1260757446289,269.17693184107145,12.050856096442544,4068.3957162903034,6760.582808347311,False,False
664,9,"[42, 43]",30.07442283630371,-12.694437026977539,0.16751761734485626,41,43,7.305942041335961,257.1073684692383,269.41633972117984,12.308971251941557,3957.006741675762,6706.857312936033,False,False
665,9,"[42, 43]",30.041736602783203,-12.840088844299316,0.1674976944923401,41,43,7.16003280031167,257.08912658691406,269.6660148354207,12.576888248506634,3844.443923281072,6654.147726056414,False,False
666,9,"[42, 43]",30.008989334106445,-12.985729217529297,0.16743043065071106,41,43,7.0142765427341,257.07135009765625,269.9265710379703,12.855220940314041,3730.6303683254628,6602.514291266922,False,False
667,9,"[42, 43]",29.97618293762207,-13.131356239318848,0.16731923818588257,41,43,6.868685053458518,257.05401611328125,270.1986726540258,13.144656540744563,3615.4822968169883,6552.026753518439,False,False
668,9,"[42, 43]",29.943317413330078,-13.276970863342285,0.16716721653938293,41,43,6.723268080924646,257.03711700439453,270.48305547592577,13.445938471531235,3498.907287717892,6502.758773782454,False,False
669,9,"[42, 43]",29.910396575927734,-13.422574043273926,0.1669771373271942,41,43,6.578036256347284,257.02063751220703,270.78048472320296,13.759847210995929,3380.808333581378,6454.787705142823,False,False
670,9,"[42, 43]",29.877418518066406,-13.568163871765137,0.1668691486120224,41,43,6.433004134941954,257.0045700073242,271.09184239775783,14.087272390433611,3261.075840330872,6408.202699061863,False,False
671,9,"[42, 43]",29.84438705444336,-13.71374225616455,0.16683368384838104,41,43,6.288183506447308,256.98890686035156,271.4180367501717,14.42912988982016,3139.5950596161583,6363.09361673985,False,False
672,9,"[42, 43]",29.811304092407227,-13.859307289123535,0.1669209897518158,41,43,6.143591222969967,256.97364044189453,271.7600747364435,14.786434294548997,3016.24053933648,6319.561666628448,False,False
673,9,"[42, 43]",29.778169631958008,-14.004860877990723,0.16711744666099548,41,43,5.999241769126479,256.9587631225586,272.1190747792299,15.160311656671297,2890.870446233169,6277.716577911765,False,False
674,9,"[42, 43]",29.744983673095703,-14.15040397644043,0.16735203564167023,41,43,5.855152172730585,256.9442443847656,272.49626009670226,15.552015711936633,2763.326888431131,6237.68054596949,False,False
675,9,"[42, 43]",29.711750030517578,-14.295936584472656,0.16750206053256989,41,43,5.711342004578616,256.93009185791016,272.8929323618363,15.962840503926145,2633.447484536902,6199.580281518944,False,False
676,9,"[42, 43]",29.678466796875,-14.441459655761719,0.16751596331596375,41,43,5.567832105877157,256.9163055419922,273.3105794154783,16.3942738734861,2501.044102438349,6163.560039283364,False,False
677,9,"[42, 43]",29.645137786865234,-14.586973190307617,0.16740618646144867,41,43,5.4246462034642775,256.9028549194336,273.75077667446624,16.847921755032644,2365.913663903321,6129.7755102226965,False,False
678,9,"[42, 43]",29.61176300048828,-14.732477188110352,0.16718392074108124,41,43,5.281810725647758,256.8897399902344,274.21530082271295,17.325560832478573,2227.830840111493,6098.3982805124,False,False
679,9,"[42, 43]",29.578344345092773,-14.877971649169922,0.16703560948371887,41,43,5.139354815346216,256.876953125,274.70609179444824,17.82913866944824,2086.547840796902,6069.615649776266,False,False
680,9,"[42, 43]",29.54488182067871,-15.023455619812012,0.16695263981819153,42,43,4.9973119299408735,256.86449432373047,275.2253158473877,18.36082152365725,1941.788573939773,6043.635472613194,True,False
681,10,"[43, 43]",29.511377334594727,-15.168930053710938,0.16692721843719482,42,43,14.839116815392567,256.8523483276367,271.8869774026016,15.034629074964869,6046.769588317312,8000.0,False,False
682,10,"[43, 43]",29.47783088684082,-15.3143949508667,0.16695238649845123,42,43,14.694885376955718,256.8404998779297,272.0363810469861,15.195881169056406,6022.886501608887,8000.0,False,False
683,10,"[43, 43]",29.444246292114258,-15.459850311279297,0.16702185571193695,42,43,14.550766823581275,256.8289489746094,272.18889418465506,15.35994521004568,5998.524177949975,8000.0,False,False
684,10,"[43, 43]",29.410619735717773,-15.605297088623047,0.1671299934387207,42,43,14.406763724123802,256.81768798828125,272.3446229051823,15.526934916901041,5973.6624603315095,8000.0,False,False
685,10,"[43, 43]",29.376956939697266,-15.750736236572266,0.16721296310424805,42,43,14.262878407065179,256.8067092895508,272.5036391369171,15.696929847366334,5948.286066715236,8000.0,False,False
686,10,"[43, 43]",29.3432559967041,-15.896166801452637,0.16727210581302643,42,43,14.119115538103364,256.79600524902344,272.66604814154556,15.870042892522122,5922.374535851815,8000.0,False,False
687,10,"[43, 43]",29.30951690673828,-16.041589736938477,0.16730867326259613,42,43,13.97547795154146,256.7855682373047,272.83195180459256,16.046383567287876,5895.907670676245,8000.0,False,False
688,10,"[43, 43]",29.27574348449707,-16.18700408935547,0.1673237681388855,42,43,13.831970341485373,256.775390625,273.00143984352553,16.22604921852553,5868.866862900594,8000.0,False,False
689,10,"[43, 43]",29.24193572998047,-16.33241081237793,0.1673184335231781,42,43,13.68859582422843,256.7654724121094,273.17462181515634,16.409149403046968,5841.231426898001,8000.0,False,False
690,10,"[43, 43]",29.208093643188477,-16.477811813354492,0.16729354858398438,42,43,13.545356733324294,256.75579833984375,273.3516119105424,16.595813570698624,5812.977401657261,8000.0,False,False
691,10,"[43, 43]",29.174217224121094,-16.623205184936523,0.16724999248981476,42,43,13.402259388522793,256.7463684082031,273.53252799044253,16.786159582239407,5784.082284719647,8000.0,False,False
692,10,"[43, 43]",29.140310287475586,-16.768590927124023,0.16718849539756775,42,43,13.259308143926855,256.73717498779297,273.71747665240696,16.98030166461399,5754.523835593726,8000.0,False,False
693,10,"[43, 43]",29.10637092590332,-16.913969039916992,0.1672273725271225,42,43,13.116507889309633,256.72821044921875,273.90659373462813,17.17838328540938,5724.275047242344,8000.0,False,False
694,10,"[43, 43]",29.07240104675293,-17.059337615966797,0.16741423308849335,42,43,12.973865374497956,256.71946716308594,274.1000032580509,17.380536094964953,5693.310367001364,8000.0,False,False
695,10,"[43, 43]",29.038400650024414,-17.204702377319336,0.16761550307273865,42,43,12.831380072418202,256.71094512939453,274.2978452811957,17.58690015180116,5661.6026005589265,8000.0,False,False
696,10,"[43, 43]",29.004371643066406,-17.350059509277344,0.1677698791027069,42,43,12.689061046584765,256.70263671875,274.50025410264806,17.797617383898057,5629.123889733218,8000.0,False,False
697,10,"[43, 43]",28.970312118530273,-17.495410919189453,0.16788099706172943,42,43,12.546912178427485,256.6945343017578,274.70738890629985,18.012854604542042,5595.84213098204,8000.0,False,False
698,10,"[43, 43]",28.93622589111328,-17.640756607055664,0.16795212030410767,42,43,12.404939040590886,256.68663024902344,274.91938868568116,18.23275843665772,5561.727903541572,8000.0,False,False
699,10,"[43, 43]",28.90211296081543,-17.786094665527344,0.1679862141609192,42,43,12.263149655380916,256.6789321899414,275.1364152917307,18.457483101789308,5526.750173835869,8000.0,False,False
700,10,"[43, 43]",28.86797332763672,-17.931428909301758,0.16804473102092743,42,43,12.121546624015405,256.67142486572266,275.3586399358791,18.68721507015647,5490.872405302505,8000.0,False,False
701,10,"[43, 43]",28.83380699157715,-18.07675552368164,0.16812419891357422,42,43,11.980140440535353,256.66410064697266,275.58623800724075,18.922137360268096,5443.8821198582755,8000.0,False,False
702,10,"[43, 43]",28.79961585998535,-18.222078323364258,0.16822144389152527,42,43,11.838934120289917,256.6569595336914,275.8193868383577,19.162427304666267,5333.860956090097,8000.0,False,False
703,10,"[43, 43]",28.765399932861328,-18.367395401000977,0.1682748794555664,42,43,11.697936872903359,256.6499938964844,276.05827821513014,19.40828431864577,5223.150905110302,8000.0,False,False
704,10,"[43, 43]",28.731159210205078,-18.512706756591797,0.16811148822307587,42,43,11.55715635482618,256.6432113647461,276.30311334112673,19.659901976380638,5111.72719225613,8000.0,False,False
705,10,"[43, 43]",28.6968936920166,-18.658016204833984,0.1678108274936676,42,43,11.416596798508502,256.6365966796875,276.55410463392593,19.91750795423843,4999.557957833729,8000.0,False,False
706,10,"[43, 43]",28.662607192993164,-18.803319931030273,0.1675620675086975,42,43,11.27626995451499,256.63014221191406,276.81145063057676,20.181308418662695,4886.618578188121,8000.0,False,False
707,10,"[43, 43]",28.628297805786133,-18.94861602783203,0.16735900938510895,42,43,11.136186717629254,256.62384033203125,277.0753889398336,20.45154860780235,4772.877851558145,8000.0,False,False
708,10,"[43, 43]",28.593965530395508,-19.093908309936523,0.16725486516952515,42,43,10.996352526260132,256.6177062988281,277.34616187698714,20.728455578159014,4658.304683079321,8000.0,False,False
709,10,"[43, 43]",28.559612274169922,-19.23919677734375,0.1672387272119522,42,43,10.85677681438884,256.6117248535156,277.6240107207121,21.012285867196454,4542.8653804188525,8000.0,False,False
710,10,"[43, 43]",28.525239944458008,-19.384477615356445,0.1673007756471634,42,43,10.717473243273835,256.60589599609375,277.90918518150556,21.303289185411813,4426.529475859594,8000.0,False,False
711,10,"[43, 43]",28.490846633911133,-19.529754638671875,0.1673145741224289,42,43,10.578448932087845,256.60020446777344,278.20197260178134,21.601768134007898,4309.25484599125,8000.0,False,False
712,10,"[43, 43]",28.456432342529297,-19.675029754638672,0.16722524166107178,42,43,10.439713199163393,256.5946578979492,278.5026625021701,21.908004604220878,4191.0037585854425,8000.0,False,False
713,10,"[43, 43]",28.421998977661133,-19.82029914855957,0.16704216599464417,42,43,10.30128131114375,256.58924865722656,278.8115430982392,22.22229444101265,4071.739269318477,8000.0,False,False
714,10,"[43, 43]",28.38754653930664,-19.965566635131836,0.16683262586593628,42,43,10.163161866116342,256.58397674560547,279.1289333895517,22.54495664394625,3951.4174133139118,8000.0,False,False
715,10,"[43, 43]",28.353076934814453,-20.110828399658203,0.16671591997146606,42,43,10.025371340935303,256.5788345336914,279.455150403065,22.87631586937357,3829.997270547987,8000.0,False,False
716,10,"[43, 43]",28.318588256835938,-20.256084442138672,0.16668181121349335,42,43,9.887923738014065,256.57381439208984,279.79055160096726,23.21673720887742,3707.430240838334,8000.0,False,False
717,10,"[43, 43]",28.284082412719727,-20.401336669921875,0.16672107577323914,42,43,9.75083129228089,256.5689239501953,280.1354919066907,23.566567956495362,3583.6696454997405,8000.0,False,False
718,10,"[43, 43]",28.24955940246582,-20.546586990356445,0.16682541370391846,42,43,9.614107333309413,256.5641555786133,280.49035518151356,23.926199602900283,3458.662307817016,8000.0,False,False
719,10,"[43, 43]",28.21502113342285,-20.691829681396484,0.16698738932609558,42,43,9.477773168537983,256.5595016479492,280.855524640071,24.296022992121777,3332.3590618725093,8000.0,False,False
720,10,"[43, 43]",28.180463790893555,-20.837072372436523,0.16714151203632355,42,43,9.341838936966077,256.55496978759766,281.23145202397905,24.67648223638139,3204.696677630604,8000.0,False,False
721,10,"[43, 43]",28.145893096923828,-20.982309341430664,0.16722889244556427,42,43,9.206327021222055,256.55054473876953,281.6185382619727,25.067993523203143,3075.622357999439,8000.0,False,False
722,10,"[43, 43]",28.111305236816406,-21.127544403076172,0.16725531220436096,42,43,9.071253288706147,256.5462417602539,282.0172748255716,25.47103306531767,2945.0704419583576,8000.0,False,False
723,10,"[43, 43]",28.076704025268555,-21.272775650024414,0.16722603142261505,42,43,8.936638756334787,256.54203033447266,282.4281232265243,25.886092892051636,2812.97517015283,8000.0,False,False
724,10,"[43, 43]",28.04208755493164,-21.418004989624023,0.167145773768425,42,43,8.802503024746525,256.53792572021484,282.851609836936,26.313684116721163,2679.266921554981,8000.0,False,False
725,10,"[43, 43]",28.007455825805664,-21.563232421875,0.16701878607273102,42,43,8.668868406742426,256.53392791748047,283.2882731843779,26.754345266897417,2543.872874868091,8000.0,False,False
726,10,"[43, 43]",27.972808837890625,-21.708454132080078,0.16690769791603088,42,43,8.535762232370011,256.530029296875,283.7386733031043,27.208644006229292,2406.717797163747,8000.0,False,False
727,10,"[43, 43]",27.93815040588379,-21.853673934936523,0.1668100506067276,42,43,8.403204871183958,256.5262222290039,284.2033856368383,27.67716340783437,2267.7204307933034,8000.0,False,False
728,10,"[43, 43]",27.903478622436523,-21.998891830444336,0.16672366857528687,42,43,8.271223236469382,256.5225143432617,284.68304765387063,28.160533310608912,2126.7949551857496,8000.0,False,False
729,10,"[43, 43]",27.868793487548828,-22.144105911254883,0.1666465550661087,42,43,8.139847242565107,256.51890563964844,285.17831320347767,28.659407563829234,1983.8528582818053,8000.0,False,False
730,10,"[43, 43]",27.834095001220703,-22.289318084716797,0.16657695174217224,42,43,8.00910482278841,256.51537322998047,285.6898766200334,29.174503390052905,1838.7941698638392,8000.0,False,False
731,10,"[43, 43]",27.79938507080078,-22.434526443481445,0.16651327908039093,42,43,7.879028886924835,256.5119400024414,286.21844734022875,29.706507337787343,1691.525887907073,8000.0,False,False
732,10,"[43, 43]",27.76466178894043,-22.579730987548828,0.16645412147045135,42,43,7.7496534848318275,256.5085754394531,286.76480156414846,30.25622612469533,1541.9357459729963,8000.0,False,False
733,10,"[43, 43]",27.729928970336914,-22.72493553161621,0.16645699739456177,42,43,7.621009480302195,256.50531005859375,287.3297225805145,30.82441252192075,1389.9182609919967,8000.0,False,False
734,10,"[43, 43]",27.695308685302734,-22.869600296020508,0.16645263135433197,42,43,7.493610744797986,256.5068893432617,287.9118957322174,31.405006388955655,1236.6963256139475,8000.0,False,False
735,10,"[43, 43]",27.660968780517578,-23.01303482055664,0.16643619537353516,42,43,7.368089946822542,256.5198516845703,288.50903634027384,31.989184655703525,1083.9963744219394,8000.0,False,False
736,10,"[43, 43]",27.627056121826172,-23.154621124267578,0.16640347242355347,42,43,7.245003423138344,256.55052947998047,289.1188237140102,32.568294234029736,933.482421534708,8000.0,False,False
737,10,"[43, 43]",27.593706130981445,-23.29381561279297,0.1663508117198944,42,43,7.1248269606563515,256.60499572753906,289.7388562568774,33.133860529338335,786.7520762709678,8000.0,False,False
738,10,"[43, 43]",27.561038970947266,-23.430147171020508,0.16627514362335205,42,43,7.007959552943197,256.6890335083008,290.36670149380296,33.67766798550218,645.3241572320821,8000.0,False,False
739,10,"[43, 43]",27.52916145324707,-23.56321907043457,0.16617392003536224,42,43,6.894722029156601,256.8080291748047,290.9999212276559,34.19189205285119,510.61528930396753,8000.0,False,False
740,10,"[43, 43]",27.498165130615234,-23.692707061767578,0.16610397398471832,42,43,6.785360854246889,256.96695709228516,291.6361222181258,34.669165125840664,383.9294446274962,8000.0,False,False
741,10,"[43, 43]",27.468124389648438,-23.818363189697266,0.16605789959430695,42,43,6.68004698791729,257.17030334472656,292.27303134662577,35.10272800189921,266.43130867694344,8000.0,False,False
742,10,"[43, 43]",27.439104080200195,-23.940004348754883,0.16608819365501404,42,43,6.5788855595121145,257.4220504760742,292.90845213102875,35.486401654954534,159.15386747373032,8000.0,False,False
743,10,"[43, 43]",27.411151885986328,-24.05752182006836,0.16624248027801514,42,43,6.481911868916131,257.7256546020508,293.5404099229719,35.81475532092111,62.968085140426865,8000.0,False,False
744,10,"[43, 43]",27.38429832458496,-24.170869827270508,0.16644634306430817,42,43,6.389104305408888,258.08397674560547,294.1671726351245,36.083195889519004,-21.426799977597966,8000.0,False,False
745,10,"[43, 43]",27.358566284179688,-24.280065536499023,0.16657449305057526,42,43,6.300382713916553,258.49930572509766,294.7872285105061,36.287922785408455,-93.49715944997342,8000.0,False,False
746,10,"[43, 43]",27.333961486816406,-24.385183334350586,0.16663217544555664,42,43,6.215619642693124,258.9733428955078,295.39939663904744,36.426053743539626,-152.89064286059693,7984.767870204013,False,False
747,10,"[43, 43]",27.31047821044922,-24.486356735229492,0.16662459075450897,42,43,6.134638498527653,259.50720977783203,296.0028397487496,36.49562997091755,-199.43748552119405,7953.764505928837,False,False
748,10,"[43, 43]",27.28810691833496,-24.583765029907227,0.16649799048900604,42,43,6.057224227122401,260.10140228271484,296.5969944628022,36.49559218008733,-233.14120398771547,7920.052344909809,False,False
749,10,"[43, 43]",27.266826629638672,-24.677631378173828,0.16626331210136414,42,43,5.9831299851375555,260.7558898925781,297.1816661561719,36.425776263593775,-254.17382629641406,7883.422697153306,False,False
750,10,"[43, 43]",27.246610641479492,-24.768224716186523,0.16598957777023315,42,43,5.912074558049446,261.4700698852539,297.7570262443395,36.28695635908559,-262.88229412703686,7843.701564990242,False,False
751,10,"[43, 43]",27.227432250976562,-24.8558406829834,0.16568058729171753,42,43,5.843757952017999,262.2428207397461,298.32350985654193,36.08068911679584,-259.754545653263,7800.748769246862,False,False
752,10,"[43, 43]",27.209264755249023,-24.94080924987793,0.16522258520126343,42,43,5.7778555063635855,263.07254791259766,298.88187222442264,35.80932431182498,-245.42145752675424,7754.4583780674675,False,False
753,10,"[43, 43]",27.19208335876465,-25.023481369018555,0.16469012200832367,43,43,5.7140295369057945,263.9571990966797,299.43313073339175,35.47593163671206,-220.63733819718618,7704.7618588978075,False,False
754,10,"[43, 43]",27.17586898803711,-25.104223251342773,0.1642095446586609,43,43,5.651932938864656,264.8943099975586,299.97851712844886,35.08420713089026,-186.26051584583502,7651.626586691231,False,False
755,10,"[43, 43]",27.160612106323242,-25.18341064453125,0.163836270570755,43,43,5.591212447222249,265.88108825683594,300.5194243911958,34.63833613435986,-143.22723099951008,7595.051334851429,False,False
756,10,"[43, 43]",27.146312713623047,-25.261428833007812,0.16362065076828003,43,43,5.531508639881091,266.91442108154297,301.05741333255094,34.14299225100797,-92.54845572775184,7535.069224438639,False,False
757,10,"[43, 43]",27.132976531982422,-25.338655471801758,0.16325582563877106,43,43,5.472472601733812,267.9909439086914,301.5941606998812,33.603216791189766,-35.28040988634257,7471.750275140285,False,False
758,10,"[43, 43]",27.12063217163086,-25.415464401245117,0.16287784278392792,43,43,5.413753388112356,269.10707092285156,302.1313257550613,33.02425483220975,27.49820012297505,7405.187542071233,False,False
759,10,"[43, 43]",27.10931396484375,-25.49222183227539,0.16249217092990875,43,43,5.355009781808246,270.2591018676758,302.67068284326734,32.41158097559156,94.69002204791786,7335.506710698524,False,False
760,10,"[43, 43]",27.099071502685547,-25.56926727294922,0.16210438311100006,43,43,5.295920943999253,271.44322204589844,303.21392546244533,31.770703416546894,165.2164642129319,7262.859731967874,False,False
761,10,"[43, 43]",27.0899715423584,-25.646928787231445,0.16166141629219055,43,43,5.236171751166902,272.65555572509766,303.7627307729552,31.107175047857538,238.01112834535934,7187.420735760896,False,False
762,10,"[43, 43]",27.08209228515625,-25.725502014160156,0.1611749827861786,43,43,5.17547277678992,273.8922348022461,304.3186830901865,30.42644828794039,312.0524942913162,7109.386283889415,False,False
763,10,"[43, 43]",27.07552146911621,-25.805259704589844,0.16077402234077454,43,43,5.113552661656853,275.1494369506836,304.88334089666904,29.733903945985446,386.35704341172595,7028.974942025234,False,False
764,10,"[43, 43]",27.070358276367188,-25.886436462402344,0.16045762598514557,43,43,5.050168869127366,276.4234390258789,305.45811631730015,29.034677291421247,460.0108316242249,6946.419996287647,False,False
765,10,"[43, 43]",27.06671142578125,-25.96923828125,0.16016697883605957,43,43,4.985099988263296,277.71060943603516,306.04434170564446,28.3337322696093,532.1547383733796,6861.971282158954,True,False
766,11,"[44, 43]",27.064697265625,-26.053834915161133,0.15990860760211945,43,43,14.251719991496046,279.0074920654297,281.88577824565255,2.878286180222858,7668.4000202358675,8000.0,False,False
767,11,"[44, 43]",27.065153121948242,-26.144792556762695,0.15985634922981262,43,43,14.162630387493298,280.2718963623047,281.95976214755837,1.6878657852536776,7807.9925460187205,8000.0,False,False
768,11,"[44, 43]",27.068161010742188,-26.241416931152344,0.16005758941173553,43,43,14.067490462812252,281.50463104248047,282.02932912273155,0.5246980802510848,7941.055209694681,8000.0,False,False
769,11,"[44, 43]",27.07377815246582,-26.343074798583984,0.16043755412101746,43,43,13.966903030309126,282.7064971923828,282.09370564611714,-0.6127915462656688,8000.0,7931.092979864405,False,False
770,11,"[44, 43]",27.08205223083496,-26.449201583862305,0.1609290987253189,43,43,13.861405300270789,283.8782653808594,282.15217076869493,-1.7260946121644452,8000.0,7803.563344042661,False,False
771,11,"[44, 43]",27.093013763427734,-26.55927276611328,0.16153065860271454,43,43,13.751498738514456,285.02069091796875,282.2040648703516,-2.8166260476171487,8000.0,7675.715211492379,False,False
772,11,"[44, 43]",27.10668182373047,-26.672821044921875,0.1622408926486969,43,43,13.637631354814108,286.13450622558594,282.24878462965665,-3.885721595929283,8000.0,7547.5703126837825,False,False
773,11,"[44, 43]",27.12306785583496,-26.789417266845703,0.1628822535276413,43,43,13.520215779034169,287.2204284667969,282.2857537369395,-4.934674729857363,8000.0,7419.138905455525,False,False
774,11,"[44, 43]",27.14217185974121,-26.90867805480957,0.16341255605220795,43,43,13.399622828717213,288.2791748046875,282.31444820509597,-5.964726599591529,8000.0,7290.422111756405,False,False
775,11,"[44, 43]",27.163982391357422,-27.030248641967773,0.16367623209953308,43,43,13.276198483214598,289.3114013671875,282.3343843436208,-6.977017023566702,8000.0,7161.41937475892,False,False
776,11,"[44, 43]",27.18848419189453,-27.153810501098633,0.16382721066474915,43,43,13.150254970186346,290.3178024291992,282.34509664551234,-7.972705783686877,8000.0,7032.114254731052,False,False
777,11,"[44, 43]",27.215654373168945,-27.279077529907227,0.16394512355327606,43,43,13.02207545131591,291.2989959716797,282.34615291273553,-8.952843058944154,8000.0,6902.4918995660355,False,False
778,11,"[44, 43]",27.245464324951172,-27.40578269958496,0.1641014814376831,43,43,12.891926783657677,292.2556381225586,282.3371363165223,-9.918501806036318,8000.0,6772.522761490396,False,False
779,11,"[44, 43]",27.277881622314453,-27.533693313598633,0.16436047852039337,43,43,12.760044312679671,293.1883316040039,282.3176537977191,-10.870677806284789,8000.0,6642.176492313142,False,False
780,11,"[44, 43]",27.312870025634766,-27.6625919342041,0.16466212272644043,43,43,12.626650596302165,294.0976791381836,282.2873200866579,-11.810359051525666,8000.0,6511.413431472743,False,False
781,11,"[44, 43]",27.35038948059082,-27.792285919189453,0.16501112282276154,43,43,12.491946164764874,294.9842834472656,282.2457686781678,-12.738514769097833,8000.0,6380.1865696797,False,False
782,11,"[44, 43]",27.390396118164062,-27.92259979248047,0.16541145741939545,43,43,12.356117035407442,295.8486785888672,282.1926464527934,-13.656032136073804,8000.0,6248.4512071465215,False,False
783,11,"[44, 43]",27.432842254638672,-28.05337142944336,0.16592536866664886,43,43,12.219338488331061,296.691463470459,282.127611764717,-14.563851705741968,8000.0,6116.146231255691,False,False
784,11,"[44, 43]",27.477684020996094,-28.184459686279297,0.16660858690738678,43,43,12.081766046530515,297.5131492614746,282.0503083945955,-15.462840866879105,8000.0,5983.212639251696,False,False
785,11,"[44, 43]",27.524869918823242,-28.315736770629883,0.16733470559120178,43,43,11.943545375304465,298.3142852783203,281.9604115696514,-16.353873708668914,8000.0,5820.24011942033,False,False
786,11,"[44, 43]",27.574352264404297,-28.447084426879883,0.1679309755563736,43,43,11.804813644308068,299.0953788757324,281.85757258673647,-17.237806288995955,8000.0,5614.205765827101,False,False
787,11,"[44, 43]",27.626079559326172,-28.578399658203125,0.16835935413837433,43,43,11.665695548332451,299.8569221496582,281.7414607367815,-18.115461412876698,8000.0,5407.8327186023735,False,False
788,11,"[44, 43]",27.68000030517578,-28.7095890045166,0.16864413022994995,43,43,11.526308126669045,300.59942626953125,281.6117407391049,-18.987685530426347,8000.0,5201.141355044849,False,False
789,11,"[44, 43]",27.736061096191406,-28.840564727783203,0.16886575520038605,43,43,11.38676490294651,301.32334899902344,281.4680788532421,-19.855270145781333,8000.0,4994.150841023204,False,False
790,11,"[44, 43]",27.79421043395996,-28.971254348754883,0.16903753578662872,43,43,11.247165787411031,302.0291748046875,281.3101344635272,-20.71904034116028,8000.0,4786.860781282199,False,False
791,11,"[44, 43]",27.85439682006836,-29.101587295532227,0.169112429022789,43,43,11.107610565852466,302.7173385620117,281.1375562291883,-21.579782332823413,8000.0,4579.269889252157,False,False
792,11,"[44, 43]",27.91656494140625,-29.231504440307617,0.16916540265083313,43,43,10.96819029113245,303.3882942199707,280.9500115940766,-22.43828262589409,8000.0,4371.365953846098,False,False
793,11,"[44, 43]",27.980667114257812,-29.360952377319336,0.16926369071006775,43,43,10.828990701866308,304.04246520996094,280.74712327673524,-23.2953419332257,8000.0,4163.125708259432,False,False
794,11,"[44, 43]",28.046648025512695,-29.489883422851562,0.1694674789905548,43,43,10.690095153995772,304.68028259277344,280.5285473970556,-24.151735195717833,8000.0,3954.5231123118283,False,False
795,11,"[44, 43]",28.114458084106445,-29.618253707885742,0.1697131097316742,43,43,10.55158397542377,305.30213928222656,280.29390337160464,-25.00823591062192,8000.0,3745.5254955000305,False,False
796,11,"[44, 43]",28.184049606323242,-29.746028900146484,0.16994300484657288,43,43,10.413529620110845,305.90845489501953,280.04279843718473,-25.865656457834802,8000.0,3536.0848126691244,False,False
797,11,"[44, 43]",28.25537109375,-29.87317657470703,0.17016397416591644,43,43,10.276005192076612,306.49959564208984,279.7748512058375,-26.724744436252365,8000.0,3326.1592653558887,False,False
798,11,"[44, 43]",28.3283748626709,-29.99966812133789,0.17026424407958984,43,43,10.13908123466501,307.0759582519531,279.48965287832556,-27.586305373627567,8000.0,3115.6916939563484,False,False
799,11,"[44, 43]",28.403013229370117,-30.12548065185547,0.17026063799858093,43,43,10.002824556216487,307.6379051208496,279.1867894616214,-28.451115659228208,8000.0,2904.6237114477576,False,False
800,11,"[44, 43]",28.47924041748047,-30.25058937072754,0.17028562724590302,43,43,9.867305474444166,308.18579864501953,278.86582420407,-29.319974440949522,8000.0,2692.8907198250367,False,False
801,11,"[44, 43]",28.557008743286133,-30.374980926513672,0.17034052312374115,43,43,9.732585264559889,308.7199897766113,278.52633164607835,-30.19365813053298,8000.0,2480.4238298412156,False,False
802,11,"[44, 43]",28.636272430419922,-30.498640060424805,0.17042627930641174,43,43,9.598728748401902,309.2408218383789,278.1678641316209,-31.072957706758018,8000.0,2267.1497546248333,False,False
803,11,"[44, 43]",28.716991424560547,-30.621551513671875,0.170484721660614,43,43,9.465801974231317,309.74863052368164,277.7899307827244,-31.95869974095723,8000.0,2052.9861315367,False,False
804,11,"[44, 43]",28.79911994934082,-30.743709564208984,0.1705808788537979,43,43,9.333864447686576,310.24373626708984,277.3920731724212,-32.85166309466865,8000.0,1837.8524343751133,False,False
805,11,"[44, 43]",28.88261604309082,-30.86510467529297,0.17071418464183807,43,43,9.202981011634893,310.7264595031738,276.97379847883747,-33.75266102433636,8000.0,1621.661480672104,False,False
806,11,"[44, 43]",28.967439651489258,-30.98573112487793,0.1709427535533905,43,43,9.07321465778867,311.1971015930176,276.5345970132362,-34.6625045797814,8000.0,1404.3225087178007,False,False
807,11,"[44, 43]",29.053239822387695,-31.105224609375,0.1711280345916748,43,43,8.945020071725976,311.65182876586914,276.07568872093987,-35.576140044929275,8000.0,1186.9473166678235,False,False
808,11,"[44, 43]",29.139284133911133,-31.222806930541992,0.1712445169687271,43,43,8.819294188350835,312.08160400390625,275.6006760537891,-36.48092795011718,8000.0,972.1879336057741,False,False
809,11,"[44, 43]",29.224910736083984,-31.33780288696289,0.1712689846754074,43,43,8.696805286548981,312.4777488708496,275.1131816484118,-37.36456722243781,8000.0,762.5958005201192,False,False
810,11,"[44, 43]",29.30952262878418,-31.44964027404785,0.17106318473815918,43,43,8.578193891685219,312.83200454711914,274.6168557666212,-38.21514878049794,8000.0,560.6081954723286,False,False
811,11,"[44, 43]",29.392589569091797,-31.557846069335938,0.1706208884716034,43,43,8.463977222358457,313.1366653442383,274.11532249969207,-39.02134284454621,8000.0,368.51199179977993,False,False
812,11,"[44, 43]",29.47365951538086,-31.662038803100586,0.17005512118339539,43,43,8.3545575123252,313.38462829589844,273.612049255134,-39.77257904076441,8000.0,188.40987573477378,False,False
813,11,"[44, 43]",29.552345275878906,-31.761938095092773,0.16935141384601593,43,43,8.250215676036088,313.56950759887695,273.1103827556636,-40.459124843213374,8000.0,22.198660115504936,False,False
814,11,"[44, 43]",29.628341674804688,-31.857351303100586,0.1684984713792801,43,43,8.151126162181807,313.68566131591797,272.6133614468187,-41.072299869099254,8000.0,-128.46736419961962,False,False
815,11,"[44, 43]",29.701412200927734,-31.94816780090332,0.16766469180583954,43,43,8.057366594375914,313.72827529907227,272.1237383888624,-41.604536910209845,8000.0,-262.1874119482791,False,False
816,11,"[44, 43]",29.77139663696289,-32.034358978271484,0.1668863296508789,43,43,7.968920653679267,313.69338607788086,271.6438618967952,-42.049524181085644,8000.0,-377.84173268620725,False,False
817,11,"[44, 43]",29.838211059570312,-32.115970611572266,0.1661398559808731,43,43,7.885689257055313,313.5779037475586,271.175607307957,-42.40229643960157,8000.0,-474.6057163408759,False,False
818,11,"[44, 43]",29.901832580566406,-32.193115234375,0.16558325290679932,43,43,7.807501942746218,313.3796501159668,270.72042595332056,-42.65922416264624,8000.0,-551.9447158455241,False,False
819,11,"[44, 43]",29.962310791015625,-32.265968322753906,0.16530272364616394,43,43,7.7341235095594305,313.0973320007324,270.2792095513019,-42.81812244943052,8000.0,-609.6313357651015,False,False
820,11,"[44, 43]",30.019750595092773,-32.33476257324219,0.1652611792087555,43,43,7.665262871850858,312.73054122924805,269.8523694473674,-42.87817178188067,8000.0,-647.7270793105563,False,False
821,11,"[44, 43]",30.074310302734375,-32.3997802734375,0.1654280573129654,43,43,7.6005829982391635,312.27974700927734,269.4398147411366,-42.83993226814073,8000.0,-666.5794327715812,False,False
822,11,"[44, 43]",30.126195907592773,-32.46135330200195,0.1657198965549469,43,43,7.539702875069415,311.74621963500977,269.0409661154573,-42.70525351955246,8000.0,-666.8025355419577,False,False
823,11,"[44, 43]",30.17565155029297,-32.51984405517578,0.16594663262367249,43,43,7.482218015134912,311.1320152282715,268.6548083576381,-42.47720687063338,8000.0,-649.2536852923345,False,False
824,11,"[44, 43]",30.22294807434082,-32.57566452026367,0.16611610352993011,43,43,7.4276822198801655,310.43991470336914,268.2799610657999,-42.15995363756923,8000.0,-615.013185934828,False,False
825,11,"[44, 43]",30.26837730407715,-32.629234313964844,0.16629648208618164,43,43,7.375650017169812,309.67335510253906,267.91472181870427,-41.7586332838348,8000.0,-565.3429789735392,False,False
826,11,"[44, 43]",30.312244415283203,-32.68101119995117,0.16649234294891357,43,43,7.325646294363094,308.83634185791016,267.55711537997183,-41.27922647793832,8000.0,-501.6694855397336,False,False
827,11,"[44, 43]",30.354856491088867,-32.73146438598633,0.16665084660053253,43,43,7.277192666231465,307.9334144592285,267.20498736691775,-40.72842709231077,8000.0,-425.5450490203102,False,False
828,11,"[44, 43]",30.396512985229492,-32.78107452392578,0.16678489744663239,43,43,7.2298068837672975,306.9695129394531,266.8560812887208,-40.11343165073231,8000.0,-338.6057486803147,False,False
829,11,"[44, 43]",30.437503814697266,-32.830326080322266,0.16696633398532867,43,43,7.183010072551879,305.94994354248047,266.50805904608876,-39.44188449639171,8000.0,-242.55331497453153,False,False
830,11,"[44, 43]",30.478097915649414,-32.87970733642578,0.16731983423233032,43,43,7.136325751526283,304.88026428222656,266.1585938395467,-38.72167044267985,8000.0,-139.1142514981284,False,False
831,11,"[44, 43]",30.518535614013672,-32.929691314697266,0.16789986193180084,43,43,7.089297855815328,303.76622009277344,265.80544393263074,-37.9607761601427,8000.0,-30.0036431205217,False,False
832,11,"[44, 43]",30.559030532836914,-32.980751037597656,0.1686975359916687,43,43,7.041475067969091,302.61366271972656,265.4464323212481,-37.167230398478466,8000.0,83.08280111284512,False,False
833,11,"[44, 43]",30.59975814819336,-33.03333282470703,0.1695292443037033,43,43,6.992436010978494,301.428466796875,265.0795565868388,-36.348910210036195,8000.0,198.51584403524248,False,False
834,11,"[44, 43]",30.64086151123047,-33.08786392211914,0.1702304482460022,43,43,6.941781373373753,300.21645736694336,264.70294192948256,-35.513515437460796,8000.0,314.7363370689418,False,False
835,11,"[44, 43]",30.682443618774414,-33.14474105834961,0.17065364122390747,43,43,6.8891439562462,298.98334884643555,264.31491437679915,-34.668434469636395,8000.0,430.2837492552185,False,False
836,11,"[44, 43]",30.724565505981445,-33.20433807373047,0.17090171575546265,43,43,6.834179993869598,297.7346878051758,263.9140152828596,-33.82067252231616,8000.0,543.8047383635912,False,False
837,11,"[44, 43]",30.767255783081055,-33.2669792175293,0.17100882530212402,43,43,6.776595774712678,296.47580337524414,263.4989502229664,-32.97685315227773,8000.0,654.0645243992581,False,False
838,11,"[44, 43]",30.810501098632812,-33.33295822143555,0.17088839411735535,43,43,6.716126719174444,295.2117233276367,263.0686603046605,-32.14306302297621,7940.790712459927,759.9615101946265,False,False
839,11,"[44, 43]",30.854263305664062,-33.40251922607422,0.17058025300502777,43,43,6.652557279552308,293.9471893310547,262.62220487917307,-31.32498445188162,7858.581529862911,860.5128345494336,False,False
840,11,"[44, 43]",30.898466110229492,-33.475868225097656,0.17035552859306335,43,43,6.585707005897038,292.68656158447266,262.1588743083729,-30.527687276099755,7774.829316750938,954.8785201158021,False,False
841,11,"[44, 43]",30.943008422851562,-33.553165435791016,0.170164093375206,43,43,6.515438648613664,291.4338607788086,261.6780979743338,-29.755762804474784,7689.841529246787,1042.340314775789,False,False
842,11,"[44, 43]",30.98777198791504,-33.634521484375,0.1700783222913742,43,43,6.441662070692089,290.1926574707031,261.1793978860438,-29.01325958465935,7603.934360142835,1122.3099570950503,False,False
843,11,"[44, 43]",31.03261375427246,-33.71999740600586,0.1701042354106903,43,43,6.364332152401051,288.9661560058594,260.6624736658385,-28.303682340020885,7517.427537971189,1194.3242128903871,False,False
844,11,"[44, 43]",31.07737922668457,-33.80961990356445,0.1701880693435669,43,43,6.283434708536153,287.7571029663086,260.127083504148,-27.63001946216059,7430.635221906168,1258.0296282445343,False,False
845,11,"[44, 43]",31.121904373168945,-33.90336608886719,0.17033973336219788,43,43,6.199001086377561,286.5678176879883,259.57306671825785,-26.994750969730433,7343.8692416656795,1313.1839913907588,False,False
846,11,"[44, 43]",31.166019439697266,-34.00116729736328,0.17056743800640106,43,43,6.111104247840622,285.4002227783203,259.0003268643318,-26.39989591398853,7257.436672434381,1359.643317133291,False,False
847,11,"[44, 43]",31.209552764892578,-34.10292053222656,0.17081908881664276,43,43,6.019847518026875,284.2557601928711,258.4087994902056,-25.846960702665513,7171.626766198304,1397.36032274102,False,False
848,11,"[44, 43]",31.252336502075195,-34.2084846496582,0.17087051272392273,43,43,5.925368914057132,283.135498046875,257.79842579814056,-25.337072248734444,7086.719396303937,1426.3631267858605,False,False
849,11,"[44, 43]",31.294200897216797,-34.31768798828125,0.17075419425964355,43,43,5.827831994908565,282.0400924682617,257.16921314822866,-24.870879320033055,7002.970102729885,1446.762333120345,False,False
850,11,"[44, 43]",31.334989547729492,-34.43032455444336,0.1704983115196228,43,43,5.727432379468444,280.9698028564453,256.5211202163255,-24.448682640119785,6920.620436118215,1458.7323100987564,False,False
851,11,"[44, 43]",31.374553680419922,-34.54615783691406,0.17024463415145874,43,43,5.6243926036692935,279.92452239990234,255.85412454648952,-24.07039785341283,6839.890430537025,1462.511937007051,False,False
852,11,"[44, 43]",31.412755966186523,-34.664939880371094,0.17017823457717896,43,43,5.518944274048291,278.9037780761719,255.1681591009116,-23.73561897526028,6760.9729035278815,1458.3847292285623,False,False
853,11,"[44, 43]",31.449472427368164,-34.78639602661133,0.17034676671028137,43,43,5.411343336828177,277.9067687988281,254.46314590467995,-23.443622894148177,6684.039956741464,1446.6843330767238,False,False
854,11,"[44, 43]",31.484590530395508,-34.91023254394531,0.1706741452217102,43,43,5.301862106812419,276.93241119384766,253.73901697512568,-23.193394218721977,6609.239993168949,1427.7859921485788,False,False
855,11,"[44, 43]",31.51801300048828,-35.03615188598633,0.17109055817127228,44,43,5.190775623030582,275.9793167114258,252.99564753017216,-22.983669181253617,6536.693793414313,1402.092815468392,False,False
856,11,"[44, 43]",31.54965591430664,-35.16384506225586,0.1715906858444214,44,43,5.078368639101792,275.04581451416016,252.23290955746288,-22.81290495669728,6466.495052076494,1370.0431680585489,False,False
857,11,"[44, 43]",31.57945442199707,-35.292999267578125,0.17210954427719116,44,43,4.964930227725881,274.1300506591797,251.45059982945963,-22.679450829720054,6398.721694271562,1332.0837483800447,True,False
858,12,"[45, 43]",31.607351303100586,-35.42329788208008,0.17258739471435547,44,43,14.665054478117368,273.2299270629883,263.70750108133166,-9.522425981656625,8000.0,6826.102209915816,False,False
859,12,"[45, 43]",31.633363723754883,-35.55547332763672,0.17300905287265778,44,43,14.536582398992298,272.3523178100586,263.5484906260562,-8.803827184002387,8000.0,6922.34834674309,False,False
860,12,"[45, 43]",31.65744972229004,-35.689353942871094,0.1733883172273636,44,43,14.406308692872662,271.49666595458984,263.39347537725604,-8.103190577333805,8000.0,7014.991404412084,False,False
861,12,"[45, 43]",31.679580688476562,-35.82477569580078,0.17356111109256744,44,43,14.274381785683877,270.6624221801758,263.2426962095613,-7.419725970614479,8000.0,7104.222745871717,False,False
862,12,"[45, 43]",31.699737548828125,-35.96158981323242,0.1736147701740265,44,43,14.140935906326568,269.8490447998047,263.0963667445403,-6.752678055264369,8000.0,7190.222318042443,False,False
863,12,"[45, 43]",31.717905044555664,-36.09965133666992,0.17368650436401367,44,43,14.0061019096768,269.0560073852539,262.95470010302347,-6.101307282230437,8000.0,7273.161589699028,False,False
864,12,"[45, 43]",31.734079360961914,-36.23883819580078,0.1738407462835312,44,43,13.86998938108698,268.2828140258789,262.81786737136844,-5.46494665451047,8000.0,7353.1968008014,False,False
865,12,"[45, 43]",31.748258590698242,-36.379032135009766,0.17407645285129547,44,43,13.732704528935544,267.5289535522461,262.68604382038154,-4.842909731864552,8000.0,7430.481087669187,False,False
866,12,"[45, 43]",31.760446548461914,-36.52012252807617,0.17445124685764313,44,43,13.594346939374141,266.79395294189453,262.55939068208244,-4.234562259812094,8000.0,7505.155788764188,False,False
867,12,"[45, 43]",31.770652770996094,-36.66201400756836,0.1749579757452011,44,43,13.455002102182624,266.07733154296875,262.4380495796349,-3.6392819633338718,8000.0,7577.355860657963,False,False
868,12,"[45, 43]",31.77889060974121,-36.80461120605469,0.17553116381168365,44,43,13.31475637121472,265.3786315917969,262.32215750463456,-3.0564740871623144,8000.0,7647.208281719179,False,False
869,12,"[45, 43]",31.785175323486328,-36.94783020019531,0.17611163854599,44,43,13.173685415194871,264.69739532470703,262.21184781540603,-2.485547509301,8000.0,7714.8352184480145,False,False
870,12,"[45, 43]",31.789525985717773,-37.09159851074219,0.17676353454589844,44,43,13.031854521188935,264.03319549560547,262.1072410116938,-1.925954483911653,8000.0,7780.349574431042,False,False
871,12,"[45, 43]",31.791967391967773,-37.23583984375,0.17748551070690155,44,43,12.889334025785653,263.38561248779297,262.00844439228695,-1.377168095506022,8000.0,7843.858018688113,False,False
872,12,"[45, 43]",31.79252052307129,-37.380489349365234,0.1781584918498993,44,43,12.746182914391119,262.7542190551758,261.91558405030156,-0.8386350048742202,8000.0,7905.466625840094,False,False
873,12,"[45, 43]",31.79121208190918,-37.525489807128906,0.17867514491081238,44,43,12.602453938595541,262.1386032104492,261.82876481138027,-0.3098383990689513,8000.0,7965.273746036374,False,False
874,12,"[45, 43]",31.788070678710938,-37.67078399658203,0.17905619740486145,44,43,12.45820067309094,261.53839111328125,261.7480909586862,0.20969984540494124,7976.522721486748,8000.0,False,False
875,12,"[45, 43]",31.783124923706055,-37.816322326660156,0.1793200820684433,44,43,12.313469703596201,260.9531707763672,261.6736696352227,0.7204988588555352,7918.886983053538,8000.0,False,False
876,12,"[45, 43]",31.776405334472656,-37.96205520629883,0.1794830709695816,44,43,12.168308459623304,260.3825988769531,261.60560693176564,1.2230080548125102,7861.566233814382,8000.0,False,False
877,12,"[45, 43]",31.767942428588867,-38.10793685913086,0.179559588432312,44,43,12.022761171096395,259.82628631591797,261.5440139428199,1.717727626901933,7804.533049466924,8000.0,False,False
878,12,"[45, 43]",31.757770538330078,-38.25393295288086,0.17956234514713287,44,43,11.876861889440299,259.2838821411133,261.48898311809165,2.205100976978372,7681.1133970153915,8000.0,False,False
879,12,"[45, 43]",31.745920181274414,-38.40000534057617,0.1795613020658493,44,43,11.73064846366315,258.7550354003906,261.4406346069791,2.6855992065884493,7545.490649158931,8000.0,False,False
880,12,"[45, 43]",31.732423782348633,-38.54611587524414,0.17956037819385529,44,43,11.584159602879334,258.23941802978516,261.3990870929905,3.1596690632053424,7409.995594399692,8000.0,False,False
881,12,"[45, 43]",31.717317581176758,-38.69224166870117,0.17950400710105896,44,43,11.437420082941644,257.73670196533203,261.36443658563104,3.627734620299009,7274.627716229841,8000.0,False,False
882,12,"[45, 43]",31.700632095336914,-38.838348388671875,0.1794596016407013,44,43,11.290465721853717,257.24654388427734,261.3368228113929,4.090278927115548,7139.382514545016,8000.0,False,False
883,12,"[45, 43]",31.682401657104492,-38.984413146972656,0.17942871153354645,44,43,11.143322173051303,256.7686462402344,261.31636581830975,4.547719578075373,7004.255106883193,8000.0,False,False
884,12,"[45, 43]",31.66265869140625,-39.130409240722656,0.17941254377365112,44,43,10.996019152323997,256.3027114868164,261.3032058782344,5.000494391417988,6869.237843767475,7986.359013146725,False,False
885,12,"[45, 43]",31.641437530517578,-39.27632141113281,0.1794707030057907,44,43,10.848575927001672,255.84841918945312,261.29747260715885,5.449053417705727,6734.313515574202,7951.643733251192,False,False
886,12,"[45, 43]",31.618772506713867,-39.422122955322266,0.17953899502754211,44,43,10.701023652006983,255.40548706054688,261.29931268363737,5.893825623090493,6599.471651644137,7916.164933709229,False,False
887,12,"[45, 43]",31.594694137573242,-39.56780242919922,0.17955945432186127,44,43,10.553378395027451,254.97364044189453,261.3088894324178,6.335248990523269,6464.690415890848,7879.998624764808,False,False
888,12,"[45, 43]",31.56923484802246,-39.713340759277344,0.179479718208313,44,43,10.405664627643583,254.55259704589844,261.32637177637525,6.773774730476816,6329.948832707127,7843.22463219784,False,False
889,12,"[45, 43]",31.54242706298828,-39.858726501464844,0.17931123077869415,44,43,10.257899854099286,254.14208984375,261.3519321459388,7.209842302188804,6195.221755151564,7805.915985202926,False,False
890,12,"[45, 43]",31.514301300048828,-40.003944396972656,0.17900529503822327,44,43,10.110105639712373,253.7418441772461,261.3857670746322,7.643922897386119,6060.480405485984,7768.149171284032,False,False
891,12,"[45, 43]",31.48488998413086,-40.14897918701172,0.17863549292087555,44,43,9.96230441830104,253.35161590576172,261.42807380822035,8.076457902458628,5925.698565604821,7729.996579001533,False,False
892,12,"[45, 43]",31.454225540161133,-40.293827056884766,0.17826780676841736,44,43,9.81450789002277,252.9711456298828,261.47905127898775,8.507905649104941,5790.840531150874,7691.524896282479,False,False
893,12,"[45, 43]",31.422334671020508,-40.438472747802734,0.17790257930755615,44,43,9.666738814662263,252.60020446777344,261.5389538878005,8.93874942002708,5655.871810322065,7652.807597716703,False,False
894,12,"[45, 43]",31.389251708984375,-40.582908630371094,0.17753997445106506,44,43,9.519014138809503,252.2385482788086,261.60799905622355,9.369450777414954,5520.75618949609,7613.911583664837,False,False
895,12,"[45, 43]",31.35500144958496,-40.72713088989258,0.17723870277404785,44,43,9.3713462459543,251.8859405517578,261.686471569863,9.800531018105175,5385.4458985920855,7574.905542877107,False,False
896,12,"[45, 43]",31.31961441040039,-40.87112808227539,0.17699261009693146,44,43,9.22375653854531,251.5421600341797,261.77464538960345,10.232485355423762,5249.900094210132,7535.859263672492,False,False
897,12,"[45, 43]",31.283119201660156,-41.014896392822266,0.17679600417613983,44,43,9.076259235907012,251.2069854736328,261.87281622609015,10.665830752457339,5114.070045097071,7496.839505459884,False,False
898,12,"[45, 43]",31.24554443359375,-41.15843200683594,0.17664355039596558,44,43,8.928869218092489,250.88021087646484,261.98129825350827,11.101087377043427,4977.905822868257,7457.912546464917,False,False
899,12,"[45, 43]",31.2069149017334,-41.30173110961914,0.17658913135528564,44,43,8.78160152075882,250.56160736083984,262.1004501103956,11.538842749555783,4841.347546634453,7419.149759109639,False,False
900,12,"[45, 43]",31.16725730895996,-41.444786071777344,0.17656342685222626,44,43,8.634475953002324,250.25098419189453,262.2306443039221,11.979660112027545,4704.340022080582,7380.621778556913,False,False
901,12,"[45, 43]",31.126598358154297,-41.58759689331055,0.17656272649765015,44,43,8.487505516347799,249.94813537597656,262.37227033165357,12.424134955677005,4566.819142038154,7342.3975316533015,False,False
902,12,"[45, 43]",31.0849609375,-41.730159759521484,0.17658351361751556,44,43,8.340707274502481,249.6528778076172,262.5257727446922,12.872894937074989,4428.717671388245,7304.550003103661,False,False
903,12,"[45, 43]",31.042373657226562,-41.872474670410156,0.17656373977661133,44,43,8.19409609562912,249.36502075195312,262.69158255011894,13.326561798165812,4289.967100379533,7267.1495816401975,False,False
904,12,"[45, 43]",30.998857498168945,-42.01454162597656,0.1765061914920807,44,43,8.047686732528135,249.08436584472656,262.87021365280685,13.785847808080291,4150.485727163854,7230.273687865863,False,False
905,12,"[45, 43]",30.954437255859375,-42.15635681152344,0.17641326785087585,44,43,7.90149915797674,248.8107452392578,263.06219126459644,14.251446025338623,4010.196314049314,7193.9999148482675,False,False
906,12,"[45, 43]",30.909135818481445,-42.29792022705078,0.1762869656085968,44,43,7.7555503199527625,248.54398345947266,263.2680873903866,14.724103930913941,3869.011785464324,7158.40817586801,False,False
907,12,"[45, 43]",30.86297607421875,-42.439231872558594,0.17624659836292267,44,43,7.609858236630157,248.28390502929688,263.4885143621981,15.204609332901214,3726.8392837206748,7123.581611254561,False,False
908,12,"[45, 43]",30.815977096557617,-42.58028793334961,0.17622293531894684,44,43,7.464445443172855,248.03033447265625,263.72416056369343,15.693826091037181,3583.5770321687646,7089.611432475838,False,False
909,12,"[45, 43]",30.768165588378906,-42.72109603881836,0.17621241509914398,44,43,7.319325190704078,247.78313446044922,263.97569517789873,16.19256071744951,3439.1254991788646,7056.578284440806,False,False
910,12,"[45, 43]",30.719558715820312,-42.86165237426758,0.17621171474456787,44,43,7.174522393254668,247.54212188720703,264.2439221898489,16.701800302641857,3293.365531067458,7024.583531601036,False,False
911,12,"[45, 43]",30.670175552368164,-43.00196075439453,0.17615890502929688,44,43,7.030056084699917,247.3071517944336,264.5296838732608,17.222532078827214,3146.1740098712594,6993.724605786503,False,False
912,12,"[45, 43]",30.620040893554688,-43.14201736450195,0.17611582577228546,44,43,6.885955020073312,247.07806396484375,264.8338452444864,17.755781279642633,2997.426751287621,6964.106362087441,False,False
913,12,"[45, 43]",30.569168090820312,-43.281829833984375,0.1760791689157486,44,43,6.742237217359713,246.854736328125,265.15742527750456,18.302688949379558,2846.97703198122,6935.836988909925,False,False
914,12,"[45, 43]",30.517581939697266,-43.4213981628418,0.1759870946407318,44,43,6.598931216201762,246.63699340820312,265.501430403616,18.86443699541286,2694.6769482264585,6909.032623170213,False,False
915,12,"[45, 43]",30.465295791625977,-43.56072235107422,0.17590144276618958,44,43,6.456066667380378,246.42471313476562,265.867047247325,19.442334112559365,2540.3604399674523,6883.819570040679,False,False
916,12,"[45, 43]",30.412330627441406,-43.69980239868164,0.1758190244436264,44,43,6.313676136925605,246.21775817871094,266.2554888613042,20.037730682593235,2383.8560485963944,6860.328049097422,False,False
917,12,"[45, 43]",30.358701705932617,-43.838645935058594,0.17573681473731995,44,43,6.171786680322722,246.01598358154297,266.668115250441,20.65213166889805,2224.9666506362055,6838.697148910284,False,False
918,12,"[45, 43]",30.304428100585938,-43.97725296020508,0.1755932867527008,44,43,6.030436001964109,245.81927490234375,267.10636804770456,21.287093145360814,2063.4921440584876,6819.074397693843,False,False
919,12,"[45, 43]",30.24952507019043,-44.11562728881836,0.1753917634487152,44,43,5.889660853118175,245.62750244140625,267.571844260376,21.944341818969747,1899.2064909466353,6801.61950757516,False,False
920,12,"[45, 43]",30.19400978088379,-44.25376510620117,0.1752527803182602,44,43,5.749509131203271,245.44053649902344,268.0662606211084,22.62572412208499,1731.8707978566217,6786.50608205869,False,False
921,12,"[45, 43]",30.137897491455078,-44.39167785644531,0.17510834336280823,44,43,5.610017199976792,245.25826263427734,268.5914944941732,23.333231859895875,1561.2180786727035,6773.912108578921,False,False
922,12,"[45, 43]",30.08120346069336,-44.529361724853516,0.1748971790075302,44,43,5.471240914045577,245.08055877685547,269.1495921156534,24.069033338797908,1386.9640829506397,6764.037740989774,False,False
923,12,"[45, 43]",30.02417755126953,-44.66630935668945,0.17453929781913757,44,43,5.333745441293938,244.9122085571289,269.7402807453062,24.828072188177316,1210.112354681361,6756.756919244912,False,False
924,12,"[45, 43]",29.96718406677246,-44.80177688598633,0.17400780320167542,44,43,5.198326695056745,244.76067352294922,270.3616984990372,25.601024976087956,1032.3977111074664,6751.721585898345,False,False
925,12,"[45, 43]",29.91056251525879,-44.93509292602539,0.1732785850763321,44,43,5.06569666794952,244.6332244873047,271.01163907079143,26.378414583486745,855.5416238468661,6748.5360038524,False,False
926,12,"[45, 43]",29.8546199798584,-45.06565475463867,0.17262448370456696,45,43,4.936486437809418,244.53695678710938,271.6876104531054,27.150653665996003,681.2465051367512,6746.76075205258,True,False
927,13,"[46, 43]",29.79964256286621,-45.19294738769531,0.17205661535263062,45,43,14.80840809020922,244.4786376953125,270.77523429561194,26.296596600299438,4234.743946163644,8000.0,False,False
928,13,"[46, 43]",29.743772506713867,-45.320987701416016,0.1717979609966278,45,43,14.681248400265407,244.42178344726562,271.000017093082,26.578233645816397,4185.776994894306,8000.0,False,False
929,13,"[46, 43]",29.687084197998047,-45.4496955871582,0.17187285423278809,45,43,14.55366877476281,244.3663787841797,271.2320011351789,26.865622350999217,4135.631830583935,8000.0,False,False
930,13,"[46, 43]",29.62964630126953,-45.57899856567383,0.17212675511837006,45,43,14.42575627934289,244.31236267089844,271.4711211776821,27.15875850678367,4084.2988521079224,8000.0,False,False
931,13,"[46, 43]",29.571521759033203,-45.708831787109375,0.1724206507205963,45,43,14.297590093862583,244.25970458984375,271.7173293492848,27.457624759441046,4031.770628631692,8000.0,False,False
932,13,"[46, 43]",29.51276206970215,-45.83913040161133,0.17268821597099304,45,43,14.169249400842991,244.20838165283203,271.97061826747733,27.762236614645303,3978.0338163095503,8000.0,False,False
933,13,"[46, 43]",29.453420639038086,-45.969844818115234,0.17281103134155273,45,43,14.04079782012395,244.1583480834961,272.23097047788536,28.07262239438927,3923.0726099963617,8000.0,False,False
934,13,"[46, 43]",29.393539428710938,-46.100929260253906,0.17280012369155884,45,43,13.912295348108245,244.10956573486328,272.4984119809848,28.388846246121545,3866.864604515717,8000.0,False,False
935,13,"[46, 43]",29.33316421508789,-46.232337951660156,0.17260661721229553,45,43,13.783801661418979,244.06202697753906,272.77295018615575,28.71092320861669,3809.3958566106035,8000.0,False,False
936,13,"[46, 43]",29.272327423095703,-46.36403274536133,0.1722453087568283,45,43,13.6553692864293,244.01567840576172,273.05464641563003,29.038968009868313,3750.6343488253233,8000.0,False,False
937,13,"[46, 43]",29.21106719970703,-46.49597930908203,0.17178833484649658,45,43,13.52704660242282,243.97048950195312,273.34353733552297,29.373047833569842,3690.556167988906,8000.0,False,False
938,13,"[46, 43]",29.1494140625,-46.628143310546875,0.17147698998451233,45,43,13.398882332506137,243.92644500732422,273.6396899273422,29.713244920017985,3629.1343444944014,8000.0,False,False
939,13,"[46, 43]",29.087392807006836,-46.760501861572266,0.17129309475421906,45,43,13.270914167687708,243.88351440429688,273.9431978518928,30.059683447595944,3566.33391260343,8000.0,False,False
940,13,"[46, 43]",29.025033950805664,-46.89302444458008,0.17127911746501923,45,43,13.143187094744448,243.84164428710938,274.2541278860796,30.412483598970198,3502.120129110372,8000.0,False,False
941,13,"[46, 43]",28.962356567382812,-47.02568817138672,0.17141446471214294,45,43,13.015739368908248,243.80084228515625,274.5725982122548,30.771755927098525,3436.45951284787,8000.0,False,False
942,13,"[46, 43]",28.899383544921875,-47.15848159790039,0.17168056964874268,45,43,12.88859773026731,243.7610626220703,274.89871542848664,31.137652806416327,3369.310412973659,8000.0,False,False
943,13,"[46, 43]",28.83613395690918,-47.291378021240234,0.17200198769569397,45,43,12.76180460457202,243.72227478027344,275.2325984578264,31.510323677552947,3300.63110686183,8000.0,False,False
944,13,"[46, 43]",28.77262306213379,-47.42436599731445,0.172369584441185,45,43,12.635387794488413,243.68447875976562,275.57439034886613,31.889911589100507,3230.3804435980464,8000.0,False,False
945,13,"[46, 43]",28.70886993408203,-47.55743408203125,0.17265759408473969,45,43,12.509375023162223,243.64761352539062,275.92421932135585,32.276605795965224,3158.5080636859084,8000.0,False,False
946,13,"[46, 43]",28.644887924194336,-47.69056701660156,0.17275284230709076,45,43,12.383798654321367,243.61168670654297,276.282239801764,32.67055309522101,3084.9707910255515,8000.0,False,False
947,13,"[46, 43]",28.5806884765625,-47.82375717163086,0.1726711541414261,45,43,12.258684049112832,243.57664489746094,276.64862138941464,33.071976491953706,3009.7104983490844,8000.0,False,False
948,13,"[46, 43]",28.516286849975586,-47.95698928833008,0.17230914533138275,45,43,12.134064105358593,243.54249572753906,277.023514893245,33.48101916570596,2932.6832305954736,8000.0,False,False
949,13,"[46, 43]",28.451690673828125,-48.09025955200195,0.1717502325773239,45,43,12.009961669721994,243.5092010498047,277.40711587769295,33.89791482788826,2853.8272318713716,8000.0,False,False
950,13,"[46, 43]",28.386913299560547,-48.22356033325195,0.17112824320793152,45,43,11.886403153506594,243.4767303466797,277.7995946836725,34.322864336992836,2722.26871904223,8000.0,False,False
951,13,"[46, 43]",28.321964263916016,-48.356876373291016,0.17050482332706451,45,43,11.763423469313851,243.44508361816406,278.20113768338206,34.756054065217995,2585.1224041798305,8000.0,False,False
952,13,"[46, 43]",28.256851196289062,-48.490211486816406,0.16993537545204163,45,43,11.64103944543149,243.41422271728516,278.61195683964445,35.19773412235929,2446.829305129343,8000.0,False,False
953,13,"[46, 43]",28.191585540771484,-48.62355041503906,0.16946977376937866,45,43,11.519286784150513,243.3841323852539,279.03223620247593,35.64810381722202,2307.3695315220584,8000.0,False,False
954,13,"[46, 43]",28.126169204711914,-48.756893157958984,0.1691529005765915,45,43,11.398188159129479,243.35479736328125,279.46222133013214,36.10742396685089,2166.7055022805125,8000.0,False,False
955,13,"[46, 43]",28.06061553955078,-48.89023208618164,0.16902510821819305,45,43,11.277772616272232,243.32617950439453,279.9020998236947,36.57592031930017,2024.8089094487386,8000.0,False,False
956,13,"[46, 43]",27.994924545288086,-49.0235710144043,0.16906392574310303,45,43,11.158060801721494,243.29830169677734,280.35213961738634,37.053837920609,1881.6438911603127,8000.0,False,False
957,13,"[46, 43]",27.929107666015625,-49.156898498535156,0.16924914717674255,45,43,11.039087155649439,243.27110290527344,280.81254239707323,37.54143949179979,1737.176961605067,8000.0,False,False
958,13,"[46, 43]",27.863168716430664,-49.29021453857422,0.16956259310245514,45,43,10.920876913701006,243.24459075927734,281.2835624296225,38.03897167034518,1591.3734423726155,8000.0,False,False
959,13,"[46, 43]",27.797109603881836,-49.42351531982422,0.16992910206317902,45,43,10.803460292299993,243.2187271118164,281.7654649456276,38.54673783381122,1444.1896519675565,8000.0,False,False
960,13,"[46, 43]",27.731063842773438,-49.556556701660156,0.17033004760742188,45,43,10.687075334777491,243.19593048095703,282.2575566584313,39.061626177474295,1296.3242256475614,8000.0,False,False
961,13,"[46, 43]",27.665353775024414,-49.68869400024414,0.1707325428724289,45,43,10.572303647568678,243.1825408935547,282.7575897968978,39.57504890334309,1149.6707705816407,8000.0,False,False
962,13,"[46, 43]",27.600265502929688,-49.81936264038086,0.1710488200187683,45,43,10.459641614534519,243.18468475341797,283.26339716876197,40.078712415344,1006.0301137784236,8000.0,False,False
963,13,"[46, 43]",27.536060333251953,-49.94806671142578,0.17120084166526794,45,43,10.349510206735436,243.20819854736328,283.77283924831727,40.56464070095399,867.109284559243,8000.0,False,False
964,13,"[46, 43]",27.472959518432617,-50.07439422607422,0.17106078565120697,45,43,10.242245045636679,243.25856018066406,284.2839291122929,41.02536893162886,734.4791051696902,8000.0,False,False
965,13,"[46, 43]",27.411155700683594,-50.1979866027832,0.17069150507450104,45,43,10.138125144489027,243.3408966064453,284.79475808573176,41.453861479286445,609.6003771980659,8000.0,False,False
966,13,"[46, 43]",27.350807189941406,-50.31856918334961,0.17009243369102478,45,43,10.037346521987471,243.45977783203125,285.3035956341364,41.84381780210515,493.75266449621813,8000.0,False,False
967,13,"[46, 43]",27.292043685913086,-50.435935974121094,0.16932372748851776,45,43,9.940037630216207,243.61934661865234,285.8088685659038,42.18952194725148,388.0681555509318,8000.0,False,False
968,13,"[46, 43]",27.23495864868164,-50.54994583129883,0.1684415638446808,45,43,9.846267184364176,243.8231430053711,286.3092273546525,42.486084349281384,293.48698876833714,8000.0,False,False
969,13,"[46, 43]",27.179616928100586,-50.66053009033203,0.16749858856201172,45,43,9.756037047174955,244.0741958618164,286.803546820443,42.72935095862658,210.77089891840933,8000.0,False,False
970,13,"[46, 43]",27.126054763793945,-50.76767349243164,0.16654445230960846,45,43,9.669302661674255,244.37489318847656,287.2909239713614,42.91603078288483,140.48624005843067,8000.0,False,False
971,13,"[46, 43]",27.074283599853516,-50.87142562866211,0.1655673086643219,45,43,9.585962993206946,244.72704315185547,287.7707020126154,43.04365886075993,83.00689664811398,8000.0,False,False
972,13,"[46, 43]",27.024282455444336,-50.971885681152344,0.16473527252674103,45,43,9.505879394309527,245.1318359375,288.2425121942032,43.11067625670319,38.50673946231018,8000.0,False,False
973,13,"[46, 43]",26.976016998291016,-51.069210052490234,0.16414310038089752,45,43,9.428864315556057,245.58991241455078,288.70620124132824,43.11628882677746,6.98295464403418,8000.0,False,False
974,13,"[46, 43]",26.92943000793457,-51.16358947753906,0.1640547662973404,45,43,9.354707424480527,246.10128784179688,289.16186110403675,43.06057326223987,-11.752689498134714,8000.0,False,False
975,13,"[46, 43]",26.884445190429688,-51.25526428222656,0.1643572449684143,45,43,9.28316134434489,246.6654510498047,289.60985240898367,42.94440135917898,-18.063267647851717,8000.0,False,False
976,13,"[46, 43]",26.840978622436523,-51.34450912475586,0.16500984132289886,45,43,9.213953459581703,247.28135681152344,290.0507223104853,42.76936549896186,-12.465748230888494,8000.0,False,False
977,13,"[46, 43]",26.79893684387207,-51.43162155151367,0.1657429039478302,45,43,9.146798049919145,247.94745635986328,290.4852009649319,42.53774460506861,4.382741842652649,8000.0,False,False
978,13,"[46, 43]",26.758222579956055,-51.51693344116211,0.16649220883846283,45,43,9.081384205217866,248.6617660522461,290.9142004889882,42.25243443674208,31.696068515961088,8000.0,False,False
979,13,"[46, 43]",26.718734741210938,-51.60078430175781,0.16720184683799744,45,43,9.017401291066847,249.42190551757812,291.3387628065901,41.916857289012,68.58920563315496,8000.0,False,False
980,13,"[46, 43]",26.68037986755371,-51.68353271484375,0.167705699801445,45,43,8.954524327334026,250.2251205444336,291.7600206370689,41.534900092635326,114.08708742142062,8000.0,False,False
981,13,"[46, 43]",26.64306640625,-51.76554489135742,0.16809113323688507,45,43,8.892426782892123,251.06835174560547,292.17920822469216,41.11085647908669,167.1437274879654,8000.0,False,False
982,13,"[46, 43]",26.606712341308594,-51.8471794128418,0.16832059621810913,45,43,8.830791847904583,251.94830322265625,292.5975800249764,40.64927680232017,226.6777048506192,8000.0,False,False
983,13,"[46, 43]",26.571250915527344,-51.92880630493164,0.1684204488992691,45,43,8.769292328779061,252.86148071289062,293.01642275835815,40.15494204546752,291.5715738234094,8000.0,False,False
984,13,"[46, 43]",26.5366268157959,-52.010780334472656,0.1684155911207199,45,43,8.707616475081624,253.8042221069336,293.4370124316205,39.63279032468688,360.69858044089597,8000.0,False,False
985,13,"[46, 43]",26.502798080444336,-52.09343338012695,0.1683294028043747,45,43,8.645473785781467,254.7728042602539,293.8605793528445,39.08777509259062,432.9532586757814,8000.0,False,False
986,13,"[46, 43]",26.469738006591797,-52.17709732055664,0.16830138862133026,45,43,8.582572812050275,255.76344299316406,294.28835448277164,38.524911489607575,507.2356509467336,8000.0,False,False
987,13,"[46, 43]",26.437442779541016,-52.2620735168457,0.16828139126300812,45,43,8.518645444420438,256.7723617553711,294.7214400392581,37.94907828388699,582.4984909228988,8000.0,False,False
988,13,"[46, 43]",26.405920028686523,-52.34864044189453,0.16828353703022003,45,43,8.453443909295702,257.7958297729492,295.1608943401992,37.36506456724999,657.7384014224663,8000.0,False,False
989,13,"[46, 43]",26.37519073486328,-52.43704605102539,0.16832095384597778,45,43,8.38674636810555,258.83023834228516,295.6076943933613,36.77745605107617,732.018923288907,8000.0,False,False
990,13,"[46, 43]",26.34529685974121,-52.52751159667969,0.16846446692943573,45,43,8.318349474575712,259.87208557128906,296.06269425796467,36.1906086866756,804.4716950049469,8000.0,False,False
991,13,"[46, 43]",26.316287994384766,-52.6202278137207,0.16871899366378784,45,43,8.24807684625303,260.91802978515625,296.52669036948714,35.60866058433089,874.2974280896351,8000.0,False,False
992,13,"[46, 43]",26.288227081298828,-52.71534729003906,0.1690889149904251,45,43,8.175782733460121,261.96495819091797,297.0003557439534,35.03539755303541,940.789794236674,8000.0,False,False
993,13,"[46, 43]",26.26119041442871,-52.812992095947266,0.1695190966129303,45,43,8.101344316227785,263.0099563598633,297.4842545679802,34.47429820811692,1003.3225567751388,8000.0,False,False
994,13,"[46, 43]",26.235254287719727,-52.91324996948242,0.169841930270195,45,43,8.024670477544458,264.0503692626953,297.97890537963275,33.92853611693744,1061.3513459393025,8000.0,False,False
995,13,"[46, 43]",26.210506439208984,-53.01617431640625,0.17002373933792114,45,43,7.945695855373541,265.0837860107422,298.484699757311,33.40091374656879,1114.4202032436951,8000.0,False,False
996,13,"[46, 43]",26.187034606933594,-53.121788024902344,0.1700335443019867,45,43,7.86438205220848,266.10807037353516,299.00197684001046,32.8939064664753,1162.1523906815696,8000.0,False,False
997,13,"[46, 43]",26.164928436279297,-53.230072021484375,0.16996031999588013,45,43,7.780726105778806,267.1214065551758,299.53095997954244,32.40955342436666,1204.2700799010636,8000.0,False,False
998,13,"[46, 43]",26.144275665283203,-53.34098434448242,0.16982446610927582,45,43,7.694744937017437,268.1222229003906,300.0718354187072,31.9496125183166,1240.5590447006089,8000.0,False,False
999,13,"[46, 43]",26.125158309936523,-53.4544563293457,0.1697021722793579,45,43,7.60648013653467,269.10926055908203,300.62475384323056,31.515493284148533,1270.879791394755,8000.0,False,False
1000,13,"[46, 43]",26.10765838623047,-53.57038497924805,0.16960221529006958,45,43,7.516001101208085,270.08155822753906,301.18975189455307,31.108193667014007,1295.176988112867,8000.0,False,False
1001,13,"[46, 43]",26.091848373413086,-53.68864822387695,0.16959013044834137,45,43,7.423396148553942,271.0384292602539,301.76685862970925,30.72842936945534,1313.4520683583978,8000.0,False,False
1002,13,"[46, 43]",26.07779312133789,-53.80910110473633,0.16966502368450165,45,43,7.328774517639448,271.9794616699219,302.3560576838414,30.37659601391954,1325.7684902889787,8000.0,False,False
1003,13,"[46, 43]",26.065547943115234,-53.93157958984375,0.16982488334178925,45,43,7.232263771622667,272.9045181274414,302.9573030845924,30.052784957151005,1332.2462484785601,8000.0,False,False
1004,13,"[46, 43]",26.055164337158203,-54.055904388427734,0.17000794410705566,45,43,7.134003157158059,273.813720703125,303.57048582132325,29.756765118198246,1333.0600842947906,7980.785217800826,False,False
1005,13,"[46, 43]",26.04667854309082,-54.181880950927734,0.170275017619133,45,43,7.034149544247414,274.7074279785156,304.19549864653834,29.488070668022715,1328.4269956281778,7916.125212815507,False,False
1006,13,"[46, 43]",26.040115356445312,-54.309303283691406,0.17050330340862274,45,43,6.93287209656039,275.5862350463867,304.83221711902706,29.245982072640345,1318.6057650222447,7852.220870901407,False,False
1007,13,"[46, 43]",26.03549575805664,-54.43796157836914,0.17069871723651886,45,43,6.830341520603841,276.45093536376953,305.48047406039177,29.02953869662224,1303.889005783391,7789.150197350258,False,False
1008,13,"[46, 43]",26.032825469970703,-54.5676383972168,0.1708654910326004,45,43,6.726739651205958,277.30252838134766,306.1401113246057,28.83758294325804,1284.6001011288213,7726.97796579199,False,False
1009,13,"[46, 43]",26.0321044921875,-54.69810485839844,0.17112396657466888,45,43,6.622256930492569,278.1421585083008,306.81088511027684,28.66872660197606,1261.0967553993032,7665.7517513489765,False,False
1010,13,"[46, 43]",26.033321380615234,-54.82914352416992,0.17140498757362366,45,43,6.51707725618763,278.9711685180664,307.4926128717963,28.52144435372992,1233.7489329464288,7605.500758827176,False,False
1011,13,"[46, 43]",26.036455154418945,-54.96053695678711,0.1716454178094864,45,43,6.4113863950662555,279.7909927368164,308.18510081614875,28.39410807933234,1202.937476679755,7546.242105818605,False,False
1012,13,"[46, 43]",26.041481018066406,-55.09206008911133,0.17184637486934662,46,43,6.305374429740273,280.60321044921875,308.8880537696189,28.28484332040017,1169.07717865241,7487.971826354277,False,False
1013,13,"[46, 43]",26.04836654663086,-55.22350311279297,0.17200806736946106,46,43,6.199220068950979,281.4094696044922,309.60122188040236,28.191752275910176,1132.5750742733635,7430.6729830252025,False,False
1014,13,"[46, 43]",26.057069778442383,-55.35466003417969,0.17212998867034912,46,43,6.093101191521431,282.21150970458984,310.32435095087055,28.11284124628071,1093.8467383157017,7374.315753842926,False,False
1015,13,"[46, 43]",26.067548751831055,-55.4853401184082,0.17221108078956604,46,43,5.9871801931861,283.01111602783203,311.057181645117,28.046065617284967,1053.302588005327,7318.85378483091,False,False
1016,13,"[46, 43]",26.079753875732422,-55.61534881591797,0.17224982380867004,46,43,5.88162355824537,283.8101043701172,311.79938641842114,27.98928204830395,1011.3645942539924,7264.230220010747,False,False
1017,13,"[46, 43]",26.0936336517334,-55.74451446533203,0.1723620742559433,46,43,5.776578155157088,284.61031341552734,312.55069437631795,27.940380960790606,968.4351732436203,7210.37619119348,False,False
1018,13,"[46, 43]",26.109134674072266,-55.8726692199707,0.1725928634405136,46,43,5.672185853115532,285.41357421875,313.310773823182,27.89719960443199,924.9174826681315,7157.211693015624,False,False
1019,13,"[46, 43]",26.126201629638672,-55.99966812133789,0.1729237139225006,46,43,5.568569740396038,286.2217025756836,314.07936345736744,27.85766088168384,881.1882957749312,7104.649470679374,False,False
1020,13,"[46, 43]",26.14478302001953,-56.1253662109375,0.17322023212909698,46,43,5.465847140386799,287.0364685058594,314.85607757440795,27.819609068548573,837.6289521751255,7052.589270432349,False,False
1021,13,"[46, 43]",26.164819717407227,-56.2496452331543,0.17347903549671173,46,43,5.364118630044518,287.8595962524414,315.6406853894025,27.7810891369611,794.5788404488976,7000.933723392913,False,False
1022,13,"[46, 43]",26.186264038085938,-56.37239074707031,0.1736970990896225,46,43,5.263471371551066,288.69275665283203,316.4328124093677,27.740055756535696,752.3803885032435,6949.56832627418,False,False
1023,13,"[46, 43]",26.20905876159668,-56.49351501464844,0.17387183010578156,46,43,5.163978352542044,289.53751373291016,317.232279565276,27.694765832365817,711.3210203081858,6898.391091906413,False,False
1024,13,"[46, 43]",26.2331600189209,-56.6129264831543,0.1740010380744934,46,43,5.0657033521095105,290.39537048339844,318.0387019495647,27.643331466166273,671.7016185035609,6847.281142404399,False,False
1025,13,"[46, 43]",26.258520126342773,-56.73056411743164,0.17408302426338196,46,43,4.9686902333721354,291.26771545410156,318.8519033291598,27.584187875058262,633.7629288630128,6796.129647691365,True,False
1026,14,"[47, 43]",26.285099029541016,-56.846370697021484,0.1741165667772293,46,43,13.668154705756448,292.1558303833008,285.7709547119024,-6.38487567139839,8000.0,7237.18101343886,False,False
1027,14,"[47, 43]",26.3145751953125,-56.96446990966797,0.17430172860622406,46,43,13.546490347206456,293.0217514038086,285.78673907256905,-7.235012331239545,8000.0,7128.144784879568,False,False
1028,14,"[47, 43]",26.34687042236328,-57.08454895019531,0.17462652921676636,46,43,13.422154504061755,293.86602783203125,285.7935320366839,-8.072495795347322,8000.0,7019.023018683918,False,False
1029,14,"[47, 43]",26.38190269470215,-57.20631790161133,0.17502115666866302,46,43,13.295447707589027,294.6891860961914,285.79108554742544,-8.898100548765967,8000.0,6909.792581886523,False,False
1030,14,"[47, 43]",26.419597625732422,-57.32951736450195,0.17530496418476105,46,43,13.166640094500893,295.49178314208984,285.7791360828936,-9.712647059196229,8000.0,6800.416941805969,False,False
1031,14,"[47, 43]",26.459875106811523,-57.45391845703125,0.175491601228714,46,43,13.035975082140723,296.2743110656738,285.7574618405629,-10.516849225110946,8000.0,6690.8668600393885,False,False
1032,14,"[47, 43]",26.50266456604004,-57.579307556152344,0.17559312283992767,46,43,12.9036799372228,297.03726959228516,285.72580257733813,-11.311467014947027,8000.0,6581.100389507089,False,False
1033,14,"[47, 43]",26.547889709472656,-57.70549774169922,0.17562012374401093,46,43,12.769958936399435,297.78115463256836,285.6839386906752,-12.097215941893182,8000.0,6471.075378937366,False,False
1034,14,"[47, 43]",26.595483779907227,-57.83231735229492,0.1756407469511032,46,43,12.635000265458565,298.50644302368164,285.63161378654127,-12.874829237140375,8000.0,6360.741184624041,False,False
1035,14,"[47, 43]",26.64537239074707,-57.95961380004883,0.175657257437706,46,43,12.498977007768943,299.2135925292969,285.56861420174573,-13.644978327551144,8000.0,6250.050170606547,False,False
1036,14,"[47, 43]",26.697490692138672,-58.087249755859375,0.17567147314548492,46,43,12.362046194210054,299.90306854248047,285.4946908729065,-14.408377669573952,8000.0,6138.9430695471265,False,False
1037,14,"[47, 43]",26.751771926879883,-58.2150993347168,0.1756848245859146,46,43,12.224355578336148,300.5752944946289,285.4096050672872,-15.165689427341704,8000.0,6027.362862022764,False,False
1038,14,"[47, 43]",26.808151245117188,-58.343055725097656,0.1756983995437622,46,43,12.086035259845369,301.23072052001953,285.31312193750483,-15.9175985825147,8000.0,5915.244106481129,False,False
1039,14,"[47, 43]",26.866567611694336,-58.47101974487305,0.1757129579782486,46,43,11.94720822013202,301.86974716186523,285.20498793760584,-16.6647592242594,8000.0,5775.126498703651,False,False
1040,14,"[47, 43]",26.926958084106445,-58.598899841308594,0.17572899162769318,46,43,11.807991846429772,302.49279403686523,285.08495726839806,-17.407836768467178,8000.0,5589.880356391441,False,False
1041,14,"[47, 43]",26.98926544189453,-58.726619720458984,0.17574675381183624,46,43,11.668488569926904,303.1002616882324,284.9527665753276,-18.147495112904835,8000.0,5404.331745712001,False,False
1042,14,"[47, 43]",27.053428649902344,-58.85410690307617,0.1758250594139099,46,43,11.528799401900901,303.6925354003906,284.8081653122572,-18.884370088133437,8000.0,5218.489733663354,False,False
1043,14,"[47, 43]",27.11939239501953,-58.98130416870117,0.17595788836479187,46,43,11.389010404620478,304.26999282836914,284.6508855399626,-19.619107288406553,8000.0,5032.349525341127,False,False
1044,14,"[47, 43]",27.187103271484375,-59.108150482177734,0.17608079314231873,46,43,11.24921214682073,304.83300399780273,284.4806352363918,-20.352368761410958,8000.0,4845.901608242039,False,False
1045,14,"[47, 43]",27.256507873535156,-59.23460006713867,0.17613564431667328,46,43,11.109481750397958,305.3819351196289,284.29713185171755,-21.084803267911354,8000.0,4659.127460721013,False,False
1046,14,"[47, 43]",27.32755470275879,-59.3606071472168,0.1761287897825241,46,43,10.969897180128944,305.9171333312988,284.10007359702286,-21.817059734275972,8000.0,4472.005020554123,False,False
1047,14,"[47, 43]",27.40019416809082,-59.48613739013672,0.17606575787067413,46,43,10.830526180325226,306.4389419555664,283.8891536702897,-22.54978828527669,8000.0,4284.503159043103,False,False
1048,14,"[47, 43]",27.474374771118164,-59.61116027832031,0.176068976521492,46,43,10.691434588469132,306.94769287109375,283.6640699629665,-23.283622908127256,8000.0,4096.588931988872,False,False
1049,14,"[47, 43]",27.550052642822266,-59.73563766479492,0.17607203125953674,46,43,10.552695210291956,307.44371795654297,283.42446116785027,-24.0192567886927,8000.0,3908.219968965676,False,False
1050,14,"[47, 43]",27.627180099487305,-59.859554290771484,0.1760738343000412,46,43,10.414360924323685,307.9273338317871,283.17000407572726,-24.757329756059846,8000.0,3719.3494714811577,False,False
1051,14,"[47, 43]",27.705713272094727,-59.982887268066406,0.17607325315475464,46,43,10.27649254727061,308.3988456726074,282.90033503384194,-25.49851063876548,8000.0,3529.926957631218,False,False
1052,14,"[47, 43]",27.785608291625977,-60.105613708496094,0.17606912553310394,46,43,10.139152367117088,308.85855865478516,282.6150794782095,-26.243479176575647,8000.0,3339.8980159666125,False,False
1053,14,"[47, 43]",27.866825103759766,-60.22772216796875,0.17594268918037415,46,43,10.002392172093579,309.3067741394043,282.313844909217,-26.992929230187315,8000.0,3149.198061178012,False,False
1054,14,"[47, 43]",27.94931983947754,-60.349205017089844,0.17576339840888977,46,43,9.866262358305917,309.7437629699707,281.9962530291502,-27.74750994082052,8000.0,2957.766787241038,False,False
1055,14,"[47, 43]",28.033056259155273,-60.47004318237305,0.17553476989269257,46,43,9.730824457644001,310.1698226928711,281.66185713794084,-28.50796555493025,8000.0,2765.5309563235705,False,False
1056,14,"[47, 43]",28.117996215820312,-60.59023666381836,0.17525987327098846,46,43,9.596123398884307,310.5852165222168,281.31023175217337,-29.27498477004343,8000.0,2572.416286360398,False,False
1057,14,"[47, 43]",28.2041015625,-60.709774017333984,0.17494137585163116,46,43,9.46221697102839,310.9902114868164,280.9409255223982,-30.04928596441823,8000.0,2378.3474271727837,False,False
1058,14,"[47, 43]",28.291336059570312,-60.82865524291992,0.17458154261112213,46,43,9.329153075952014,311.3850746154785,280.55347707581,-30.831597539668508,8000.0,2183.2404884776274,False,False
1059,14,"[47, 43]",28.37966537475586,-60.946876525878906,0.17418232560157776,46,43,9.196984774122845,311.7700538635254,280.1473964498135,-31.622657413711863,8000.0,1987.010311463172,False,False
1060,14,"[47, 43]",28.469057083129883,-61.06443786621094,0.1738041788339615,46,43,9.065762894622807,312.1453971862793,279.72217330232957,-32.42322388394973,8000.0,1789.5651826391218,False,False
1061,14,"[47, 43]",28.559476852416992,-61.18133544921875,0.17344260215759277,46,43,8.935544269820854,312.5113410949707,279.2772922108374,-33.2340488841333,8000.0,1590.8152323720242,False,False
1062,14,"[47, 43]",28.65089225769043,-61.29757308959961,0.17315225303173065,46,43,8.806379836869434,312.86812591552734,278.81222184810525,-34.05590406742209,8000.0,1390.6625510375957,False,False
1063,14,"[47, 43]",28.742904663085938,-61.412750244140625,0.17289943993091583,46,43,8.678775665702968,313.2112350463867,278.3284241916931,-34.882810854693616,8000.0,1190.3814298691982,False,False
1064,14,"[47, 43]",28.834836959838867,-61.52618408203125,0.1726929098367691,46,43,8.553546698404007,313.5323181152344,277.8291651108122,-35.70315300442218,8000.0,992.3698132612931,False,False
1065,14,"[47, 43]",28.926074981689453,-61.63727569580078,0.1724824607372284,46,43,8.431398029567672,313.8233222961426,277.31776327853515,-36.505559017607425,8000.0,798.9451737459412,False,False
1066,14,"[47, 43]",29.016067504882812,-61.74551773071289,0.17216545343399048,46,43,8.312917700117257,314.0766258239746,276.7975709392459,-37.27905488472874,8000.0,612.3114744521745,False,False
1067,14,"[47, 43]",29.10433578491211,-61.85048294067383,0.17176885902881622,46,43,8.198587847089112,314.28504943847656,276.2718616589831,-38.01318777949348,8000.0,434.5386447400142,False,False
1068,14,"[47, 43]",29.190465927124023,-61.95183563232422,0.17137794196605682,46,43,8.088775871803673,314.4420166015625,275.7438440529652,-38.69817254859731,8000.0,267.52913500297836,False,False
1069,14,"[47, 43]",29.27410888671875,-62.049320220947266,0.17107200622558594,46,43,7.983747669946661,314.54155349731445,275.21659945167806,-39.32495404563639,8000.0,113.0088170256904,False,False
1070,14,"[47, 43]",29.354991912841797,-62.142765045166016,0.17080774903297424,46,43,7.88366517350683,314.57839584350586,274.6929435426935,-39.88545230081235,8000.0,-27.520757899716955,False,False
1071,14,"[47, 43]",29.432907104492188,-62.232059478759766,0.1705494076013565,46,43,7.788613117472291,314.54801177978516,274.17542975017443,-40.372582029610726,8000.0,-152.7777929992899,False,False
1072,14,"[47, 43]",29.50771713256836,-62.31718063354492,0.17032715678215027,46,43,7.6985749226167774,314.4466438293457,273.666261380168,-40.780382449177694,8000.0,-261.73569965445404,False,False
1073,14,"[47, 43]",29.579349517822266,-62.398162841796875,0.1701129823923111,46,43,7.613466687915178,314.2713432312012,273.16725315895724,-41.104090072243935,8000.0,-353.623633920206,False,False
1074,14,"[47, 43]",29.64779281616211,-62.47509765625,0.1700030416250229,46,43,7.5331404595508005,314.01996994018555,272.6798046100476,-41.34016533013795,8000.0,-427.930993930594,False,False
1075,14,"[47, 43]",29.713096618652344,-62.54814147949219,0.16997012495994568,46,43,7.457379496840268,313.6911964416504,272.2048510109938,-41.48634543065657,8000.0,-484.41890564423375,False,False
1076,14,"[47, 43]",29.775365829467773,-62.61750030517578,0.17005233466625214,46,43,7.3859164803462525,313.28451919555664,271.7428541180551,-41.541665077501534,8000.0,-523.1158461096666,False,False
1077,14,"[47, 43]",29.834749221801758,-62.68342590332031,0.17011138796806335,46,43,7.318440020379979,312.8002014160156,271.293851815721,-41.50634960029464,8000.0,-544.2948673658861,False,False
1078,14,"[47, 43]",29.89143943786621,-62.7462043762207,0.17014411091804504,46,43,7.254607938904107,312.2392692565918,270.85742665252644,-41.381842604065355,8000.0,-548.4709552355043,False,False
1079,14,"[47, 43]",29.945663452148438,-62.806175231933594,0.1700335443019867,46,43,7.194029973115077,311.603458404541,270.432759451708,-41.17069895283299,8000.0,-536.3864487099681,False,False
1080,14,"[47, 43]",29.99767303466797,-62.86369323730469,0.16991300880908966,46,43,7.1363071420769515,310.89516830444336,270.01868267330804,-40.876485631135324,8000.0,-508.9742967709353,False,False
1081,14,"[47, 43]",30.047739028930664,-62.91914749145508,0.16972917318344116,46,43,7.08101343471753,310.1174011230469,269.6137183438541,-40.503682779192786,8000.0,-467.3442822141292,False,False
1082,14,"[47, 43]",30.096145629882812,-62.97294235229492,0.1693781018257141,46,43,7.027715358942477,309.2737121582031,269.216116420919,-40.057595737284146,8000.0,-412.75529306090084,False,False
1083,14,"[47, 43]",30.14317512512207,-63.025508880615234,0.1689453274011612,46,43,6.97596054252249,308.368106842041,268.8239746504986,-39.54413219154242,8000.0,-346.576916826225,False,False
1084,14,"[47, 43]",30.189105987548828,-63.0772819519043,0.16868656873703003,46,43,6.925300444598544,307.4050178527832,268.43525605608875,-38.969761796694456,8000.0,-270.2683729231803,False,False
1085,14,"[47, 43]",30.234210968017578,-63.128700256347656,0.16877520084381104,46,43,6.875290171669593,306.38919830322266,268.0478065006253,-38.34139180259734,8000.0,-185.35229190103382,False,False
1086,14,"[47, 43]",30.278738021850586,-63.18021011352539,0.1690751016139984,46,43,6.825483790947463,305.3256492614746,267.65951320849206,-37.66613605298255,8000.0,-93.37292865710697,False,False
1087,14,"[47, 43]",30.322914123535156,-63.23224639892578,0.1695241779088974,46,43,6.775452924788978,304.2195587158203,267.2682818470491,-36.95127686877123,8000.0,4.122275692370749,False,False
1088,14,"[47, 43]",30.366941452026367,-63.285240173339844,0.1700090616941452,46,43,6.724778476570388,303.0762252807617,266.87206894283156,-36.20415633793016,8000.0,105.60127698896895,False,False
1089,14,"[47, 43]",30.410987854003906,-63.339599609375,0.1704876720905304,46,43,6.673068587956847,301.90098571777344,266.4689735130046,-35.43201220476885,8000.0,209.5855976576504,False,False
1090,14,"[47, 43]",30.455190658569336,-63.395721435546875,0.17092300951480865,46,43,6.619946668406311,300.6991539001465,266.05720405106064,-34.64194984908585,8000.0,314.6520972242665,False,False
1091,14,"[47, 43]",30.499649047851562,-63.4539794921875,0.17128242552280426,46,43,6.565061588417949,299.47594833374023,265.6351527770545,-33.84079555668575,7979.569233522056,419.4629428541043,False,False
1092,14,"[47, 43]",30.5444278717041,-63.514705657958984,0.1715957671403885,46,43,6.508106054021974,298.23645401000977,265.2013818145872,-33.03507219542257,7902.8844071032145,522.7784430180236,False,False
1093,14,"[47, 43]",30.589563369750977,-63.57821273803711,0.17189013957977295,46,43,6.448793422405541,296.9855651855469,264.7545651554076,-32.231000030139285,7823.921143613187,623.4466253882647,False,False
1094,14,"[47, 43]",30.63504981994629,-63.644771575927734,0.17230752110481262,46,43,6.386878470422768,295.7279357910156,264.2936292205363,-31.43430657047935,7742.933482241158,720.4419912184171,False,False
1095,14,"[47, 43]",30.68085479736328,-63.71461868286133,0.17285794019699097,46,43,6.322150073901161,294.4679412841797,263.81762405636584,-30.650317227813844,7660.19256271638,812.8459719183957,False,False
1096,14,"[47, 43]",30.726917266845703,-63.78794860839844,0.17355003952980042,46,43,6.254437720909637,293.20965576171875,263.32575766854393,-29.88389809317482,7575.983668999986,899.8567562786311,False,False
1097,14,"[47, 43]",30.77315330505371,-63.86491394042969,0.17433229088783264,46,43,6.183611161081319,291.95680236816406,262.8173585787847,-29.139443789379357,7490.602476112738,980.7882511593571,False,False
1098,14,"[47, 43]",30.819454193115234,-63.94562911987305,0.17509885132312775,46,43,6.109575429499448,290.71276092529297,262.2919041441299,-28.42085678116308,7404.34803587951,1055.0676893956265,False,False
1099,14,"[47, 43]",30.865692138671875,-64.03016662597656,0.1757536381483078,46,43,6.032274313437872,289.48052978515625,261.74898956281845,-27.7315402223378,7317.520303083984,1122.2347539123366,False,False
1100,14,"[47, 43]",30.91172981262207,-64.11854553222656,0.17620918154716492,46,43,5.951702101728212,288.2627258300781,261.18827412126785,-27.074451708810273,7230.426053187366,1181.935486903279,False,False
1101,14,"[47, 43]",30.957416534423828,-64.21076202392578,0.17644447088241577,46,43,5.8678720814285015,287.0615921020508,260.6094944649257,-26.452097637125064,7143.359871311368,1233.904539127756,False,False
1102,14,"[47, 43]",31.00259780883789,-64.3067626953125,0.17649811506271362,46,43,5.780843655883796,285.87894439697266,260.01243065304436,-25.866513743928294,7056.612141323585,1277.9775065214835,False,False
1103,14,"[47, 43]",31.04711151123047,-64.40646362304688,0.17640350759029388,46,43,5.690702216532618,284.7162399291992,259.39693573216874,-25.319304197030476,6970.458843946692,1314.0719952785203,False,False
1104,14,"[47, 43]",31.090803146362305,-64.50973510742188,0.17636558413505554,46,43,5.597576269671525,283.57454681396484,258.7628344491254,-24.811712364839423,6885.172315895767,1342.1825709455402,False,False
1105,14,"[47, 43]",31.133512496948242,-64.6164321899414,0.17639078199863434,46,43,5.501604579232946,282.4545593261719,258.11001916949266,-24.344540156679216,6800.996159467529,1362.3736875567638,False,False
1106,14,"[47, 43]",31.175094604492188,-64.72636413574219,0.1766008734703064,46,43,5.402969790614501,281.35660552978516,257.4383193543473,-23.918286175437856,6718.170085653025,1374.7736671489256,False,False
1107,14,"[47, 43]",31.215402603149414,-64.83932495117188,0.17698611319065094,46,43,5.301864808474424,280.2806701660156,256.74763391175526,-23.533036254260367,6636.902628364223,1379.5718683253513,False,False
1108,14,"[47, 43]",31.254308700561523,-64.95508575439453,0.17747725546360016,46,43,5.198504598614618,279.2264175415039,256.0377472450208,-23.18867029648311,6557.391826907333,1376.9931602444217,False,False
1109,14,"[47, 43]",31.291688919067383,-65.07340240478516,0.17795147001743317,47,43,5.093115365747977,278.1931915283203,255.3084849553266,-22.884706572993707,6479.805985838582,1367.313466779021,False,False
1110,14,"[47, 43]",31.327436447143555,-65.19400787353516,0.17841413617134094,47,43,4.985945029866171,277.18003845214844,254.5596101829,-22.620428269248436,6404.29810414458,1350.8459248218578,True,False
1111,15,"[48, 43]",31.361452102661133,-65.3166275024414,0.17875076830387115,47,43,14.7463547946569,276.18575286865234,264.7026430929095,-11.483109775742832,8000.0,6557.191796450107,False,False
1112,15,"[48, 43]",31.39374542236328,-65.44181823730469,0.1789563000202179,47,43,14.62474555464241,275.21631622314453,264.53138488950754,-10.684931333636996,8000.0,6667.77445425937,False,False
1113,15,"[48, 43]",31.42423439025879,-65.5693588256836,0.17904974520206451,47,43,14.500753370093289,274.2711181640625,264.3634381884174,-9.907679975645124,8000.0,6773.991698666291,False,False
1114,15,"[48, 43]",31.452857971191406,-65.69903564453125,0.17898929119110107,47,43,14.374574003456313,273.34954833984375,264.19913161219597,-9.15041672764778,8000.0,6876.082682862038,False,False
1115,15,"[48, 43]",31.47955894470215,-65.83064270019531,0.17891350388526917,47,43,14.246395367263135,272.4510192871094,264.0387995751431,-8.412219711966259,8000.0,6974.275276977087,False,False
1116,15,"[48, 43]",31.50429916381836,-65.96400451660156,0.17882931232452393,47,43,14.116376489179011,271.57494354248047,263.88271060868834,-7.692232933792127,8000.0,7068.780165394004,False,False
1117,15,"[48, 43]",31.52704620361328,-66.09894561767578,0.17880147695541382,47,43,13.98467672305317,270.7207717895508,263.7311306325901,-6.9896411569606585,8000.0,7159.794940173855,False,False
1118,15,"[48, 43]",31.54777717590332,-66.23531341552734,0.17888811230659485,47,43,13.851433534295602,269.8879623413086,263.5842964271857,-6.3036659141229165,8000.0,7247.5052180195535,False,False
1119,15,"[48, 43]",31.566478729248047,-66.37297058105469,0.179082453250885,47,43,13.716770261034029,269.0759582519531,263.44241648107413,-5.633541770878992,8000.0,7332.088168470542,False,False
1120,15,"[48, 43]",31.583139419555664,-66.51178741455078,0.17931944131851196,47,43,13.58080296492154,268.2842559814453,263.3057043430259,-4.97855163841939,8000.0,7413.708480874892,False,False
1121,15,"[48, 43]",31.597759246826172,-66.6516342163086,0.1795990914106369,47,43,13.443649196034611,267.5123519897461,263.1743417683072,-4.3380102214388785,8000.0,7492.520990926731,False,False
1122,15,"[48, 43]",31.610342025756836,-66.79240417480469,0.1798623949289322,47,43,13.305404500489088,266.7597427368164,263.04849754918376,-3.7112451876326418,8000.0,7568.673402280122,False,False
1123,15,"[48, 43]",31.62089729309082,-66.93400573730469,0.18011486530303955,47,43,13.166150314633962,266.02593994140625,262.92832133057783,-3.0976186108284196,8000.0,7642.304017294813,False,False
1124,15,"[48, 43]",31.629432678222656,-67.07633209228516,0.18030241131782532,47,43,13.025983380987341,265.3104934692383,262.81399175431267,-2.496501714925614,8000.0,7713.545145641089,False,False
1125,15,"[48, 43]",31.635969161987305,-67.21929931640625,0.1804349422454834,47,43,12.884979823910752,264.6129150390625,262.70562958035174,-1.90728545871076,8000.0,7782.52210546658,False,False
1126,15,"[48, 43]",31.64052391052246,-67.36283111572266,0.1805211752653122,47,43,12.743208234614366,263.9327926635742,262.60337866578885,-1.329413997785366,8000.0,7849.349675630849,False,False
1127,15,"[48, 43]",31.643117904663086,-67.50684356689453,0.18045108020305634,47,43,12.600745775971712,263.26966094970703,262.5073813276962,-0.7622796220108512,8000.0,7914.144542956637,False,False
1128,15,"[48, 43]",31.643775939941406,-67.65128326416016,0.18024307489395142,47,43,12.45764040108484,262.6231155395508,262.4177551375633,-0.20536040198749106,8000.0,7977.009636586967,False,False
1129,15,"[48, 43]",31.642526626586914,-67.79608154296875,0.1799134910106659,47,43,12.31395628646273,261.99273681640625,262.3346185624591,0.34188174605287713,7961.669024299769,8000.0,False,False
1130,15,"[48, 43]",31.63939666748047,-67.9411849975586,0.17941799759864807,47,43,12.169742836085403,261.3781204223633,262.2580986540929,0.8799782317296376,7900.761970375859,8000.0,False,False
1131,15,"[48, 43]",31.634414672851562,-68.0865249633789,0.17883408069610596,47,43,12.025065437286669,260.7788619995117,262.1883325782161,1.4094705787043722,7840.140126520506,8000.0,False,False
1132,15,"[48, 43]",31.627614974975586,-68.23207092285156,0.17829002439975739,47,43,11.879953083727242,260.19458770751953,262.12541490097055,1.930827193451023,7714.793899530335,8000.0,False,False
1133,15,"[48, 43]",31.61902618408203,-68.37776947021484,0.17778342962265015,47,43,11.7344573062504,259.62493896484375,262.06949019643673,2.444551231592982,7575.956011882981,8000.0,False,False
1134,15,"[48, 43]",31.60868263244629,-68.5235824584961,0.17737074196338654,47,43,11.588615939743317,259.06951904296875,262.02067429971424,2.951155256745494,7437.205591760267,8000.0,False,False
1135,15,"[48, 43]",31.596616744995117,-68.66946411132812,0.17722006142139435,47,43,11.44247475657605,258.5279998779297,261.9791057565862,3.451105878656506,7298.554840178551,8000.0,False,False
1136,15,"[48, 43]",31.58286476135254,-68.81538391113281,0.17730605602264404,47,43,11.296065594182709,258.0000228881836,261.94490219145956,3.944879303275968,7160.003935075957,8000.0,False,False
1137,15,"[48, 43]",31.567459106445312,-68.96131134033203,0.1775469034910202,47,43,11.149420405360116,257.4852523803711,261.91820832890267,4.432955948531571,7021.549422813863,8000.0,False,False
1138,15,"[48, 43]",31.550432205200195,-69.10721588134766,0.17781004309654236,47,43,11.002571784745902,256.98336029052734,261.89917793897735,4.915817648450002,6883.184999821325,7981.389203252974,False,False
1139,15,"[48, 43]",31.53182029724121,-69.25308227539062,0.1780935525894165,47,43,10.855538402242578,256.4940185546875,261.88794295470484,5.39392440001734,6744.896697650629,7949.910974565346,False,False
1140,15,"[48, 43]",31.51165771484375,-69.39886474609375,0.17833678424358368,47,43,10.708369517272953,256.0169219970703,261.8846766212005,5.867754624130214,6606.682140339171,7917.551105333661,False,False
1141,15,"[48, 43]",31.48997688293457,-69.54456329345703,0.17854371666908264,47,43,10.56106944566721,255.5517578125,261.88953779126524,6.337779978765241,6468.51304378971,7884.3866808640105,False,False
1142,15,"[48, 43]",31.466812133789062,-69.69014739990234,0.17871780693531036,47,43,10.413673629971855,255.09823608398438,261.902708174634,6.804472090649597,6330.375563761298,7850.509219337586,False,False
1143,15,"[48, 43]",31.44219970703125,-69.8355941772461,0.17880316078662872,47,43,10.26621087473828,254.65605926513672,261.9243637308895,7.268304465752806,6192.249826036869,7816.004628786231,False,False
1144,15,"[48, 43]",31.416168212890625,-69.98089599609375,0.17880812287330627,47,43,10.118694453747088,254.2249526977539,261.95472149684645,7.72976879909254,6054.10320744294,7780.950131757729,False,False
1145,15,"[48, 43]",31.38875389099121,-70.12602996826172,0.1787400096654892,47,43,9.97115447465382,253.80462646484375,261.99398029855286,8.189353833709106,5915.9105172019445,7745.429723717709,False,False
1146,15,"[48, 43]",31.359989166259766,-70.27099609375,0.17860528826713562,47,43,9.823598502594235,253.3948211669922,262.04235417376776,8.647533006775575,5777.634601238911,7709.512017470834,False,False
1147,15,"[48, 43]",31.329904556274414,-70.41576385498047,0.17840957641601562,47,43,9.676064727578991,252.99527740478516,262.10010621718203,9.104828812396875,5639.24664038968,7673.284920156344,False,False
1148,15,"[48, 43]",31.298534393310547,-70.56033325195312,0.17809899151325226,47,43,9.52856231993013,252.6057357788086,262.16746714217703,9.561731363368438,5500.704801272208,7636.816090641623,False,False
1149,15,"[48, 43]",31.265907287597656,-70.70469665527344,0.17768371105194092,47,43,9.38110790532108,252.22593688964844,262.24472270883854,10.0187858191901,5361.962507889903,7600.180742731305,False,False
1150,15,"[48, 43]",31.232053756713867,-70.84883880615234,0.1772315502166748,47,43,9.233726639619347,251.85565948486328,262.33217076874195,10.476511283878665,5222.979649287174,7563.454734420244,False,False
1151,15,"[48, 43]",31.197006225585938,-70.99275207519531,0.17674455046653748,47,43,9.086437095087922,251.49464416503906,262.4301089424331,10.935464777394031,5083.706197265348,7526.712476963199,False,False
1152,15,"[48, 43]",31.16079330444336,-71.13643646240234,0.1762244552373886,47,43,8.939250510007605,251.14266967773438,262.5388710859455,11.396201408211141,4944.087140067735,7490.02297102708,False,False
1153,15,"[48, 43]",31.123443603515625,-71.27987670898438,0.17596668004989624,47,43,8.792194023154478,250.79950714111328,262.6588250118857,11.85931787077243,4804.069106027636,7453.46614776309,False,False
1154,15,"[48, 43]",31.08498764038086,-71.42306518554688,0.17594285309314728,47,43,8.645288253792193,250.46493530273438,262.7903424578858,12.325407155151424,4663.594511256589,7417.116898536716,False,False
1155,15,"[48, 43]",31.045452117919922,-71.56600952148438,0.1761273294687271,47,43,8.498539022829481,250.1387481689453,262.93383157223286,12.79508340328755,4522.593963607293,7381.043031826803,False,False
1156,15,"[48, 43]",31.004863739013672,-71.70870208740234,0.17649690806865692,47,43,8.351968163818082,249.82073211669922,263.0897404113856,13.269008294686387,4380.999035091615,7345.323940265574,False,False
1157,15,"[48, 43]",30.96324920654297,-71.85113525390625,0.1769130378961563,47,43,8.205598435460708,249.51068115234375,263.2585462680013,13.747865115657532,4238.737750732182,7310.040296502357,False,False
1158,15,"[48, 43]",30.920635223388672,-71.9933090209961,0.17736855149269104,47,43,8.059445988888221,249.20838928222656,263.4407516769282,14.232362394701624,4095.730171607657,7275.27044840213,False,False
1159,15,"[48, 43]",30.877046585083008,-72.13522338867188,0.17773929238319397,47,43,7.913527775808945,248.91368103027344,263.63690702190445,14.723225991631011,3951.8934317648627,7241.093688650216,False,False
1160,15,"[48, 43]",30.83250617980957,-72.2768783569336,0.17791348695755005,47,43,7.767861639667758,248.62635040283203,263.8476146223215,15.221264219489456,3807.1328577586764,7207.595922668704,False,False
1161,15,"[48, 43]",30.78704071044922,-72.41826629638672,0.1779080629348755,47,43,7.62247460031255,248.3462142944336,264.0734963659495,15.727282071515901,3661.3580458199176,7174.8665839041005,False,False
1162,15,"[48, 43]",30.740673065185547,-72.55939483642578,0.177738219499588,47,43,7.477379339695069,248.07310485839844,264.31523455400406,16.242129695605627,3514.46395071858,7142.99055198914,False,False
1163,15,"[48, 43]",30.69342613220215,-72.70026397705078,0.17747627198696136,47,43,7.332597480126897,247.80682373046875,264.57356702997293,16.766743299504185,3366.33734995885,7112.063755245836,False,False
1164,15,"[48, 43]",30.645322799682617,-72.84086608886719,0.17712844908237457,47,43,7.188159700042982,247.54722595214844,264.84929073847667,17.30206478632823,3216.867972055653,7082.186345365052,False,False
1165,15,"[48, 43]",30.596385955810547,-72.98120880126953,0.17670024931430817,47,43,7.044083055988504,247.29413604736328,265.14324956432205,17.849113516958766,3065.926762493065,7053.456995237451,False,False
1166,15,"[48, 43]",30.5466365814209,-73.12128448486328,0.1763729602098465,47,43,6.900401342699578,247.0473861694336,265.4563773257827,18.40899115634909,2913.3808392580286,7025.988937162794,False,False
1167,15,"[48, 43]",30.496097564697266,-73.26110076904297,0.17625080049037933,47,43,6.757135165045304,246.80681610107422,265.78965141147455,18.982835310400333,2759.0844828546633,6999.89059524283,False,False
1168,15,"[48, 43]",30.444786071777344,-73.4006576538086,0.17625105381011963,47,43,6.614314329685444,246.57228088378906,266.14417921067087,19.571898326881808,2602.8795568666987,6975.283610238308,False,False
1169,15,"[48, 43]",30.39272689819336,-73.53995513916016,0.17635802924633026,47,43,6.47197141685807,246.34361267089844,266.52108692989054,20.177474258992106,2444.602374292397,6952.293389406834,False,False
1170,15,"[48, 43]",30.339933395385742,-73.67900085449219,0.17649877071380615,47,43,6.33013308792232,246.12068939208984,266.921688394851,20.80099900276116,2284.0650355030266,6931.05281537169,False,False
1171,15,"[48, 43]",30.28643035888672,-73.81778717041016,0.1765487939119339,47,43,6.188844627298154,245.9033432006836,267.3473053306192,21.443962129935585,2121.0802491633567,6911.707370319864,False,False
1172,15,"[48, 43]",30.23223114013672,-73.9563217163086,0.1764548420906067,47,43,6.048138432543712,245.69145965576172,267.7994657230822,22.108006067320503,1955.4311112151931,6894.407071863205,False,False
1173,15,"[48, 43]",30.17735481262207,-74.09461212158203,0.17616897821426392,47,43,5.908050501148927,245.48486328125,268.2797694335074,22.794906152257397,1786.8821306790524,6879.313043191096,False,False
1174,15,"[48, 43]",30.1218204498291,-74.23265075683594,0.17582441866397858,47,43,5.7686356718570515,245.2834701538086,268.7899536531994,23.50648349939081,1615.1991250244341,6866.597942689563,False,False
1175,15,"[48, 43]",30.065645217895508,-74.37045288085938,0.17559978365898132,47,43,5.629929845145235,245.08709716796875,269.33191367107423,24.244816503105483,1440.0997851512107,6856.443779020634,False,False
1176,15,"[48, 43]",30.00897216796875,-74.50772857666016,0.1754651963710785,47,43,5.492278751796338,244.8982696533203,269.90640176699566,25.008132113675344,1262.0095062196197,6848.879844233874,False,False
1177,15,"[48, 43]",29.952177047729492,-74.64372253417969,0.1754249632358551,47,43,5.356490952631054,244.72450256347656,270.51154566600314,25.78704310252658,1082.6851312743884,6843.565854382005,False,False
1178,15,"[48, 43]",29.895612716674805,-74.77772521972656,0.17530670762062073,47,43,5.223317967116303,244.5731964111328,271.1451244219169,26.571928010784063,903.8959074400491,6840.1216020459915,False,False
1179,15,"[48, 43]",29.839603424072266,-74.90911102294922,0.17513227462768555,47,43,5.0934151252599165,244.45156860351562,271.80459794339066,27.353029339875036,727.3891998754516,6838.114606280962,False,False
1180,15,"[48, 43]",29.784442901611328,-75.03734588623047,0.17486350238323212,48,43,4.967333360625135,244.3665313720703,272.4871275235745,28.120596151504174,554.8646470731146,6837.066125055758,True,False
1181,16,"[49, 43]",29.73040199279785,-75.16194915771484,0.1745261549949646,48,43,14.84049985289332,244.32464599609375,271.0409135727517,26.71626757665797,4161.714511836575,8000.0,False,False
1182,16,"[49, 43]",29.67532730102539,-75.28754425048828,0.17439864575862885,48,43,14.716037732446866,244.28382873535156,271.26419116165346,26.980362426301895,4115.561172189482,8000.0,False,False
1183,16,"[49, 43]",29.61931610107422,-75.41403198242188,0.174455925822258,48,43,14.590934968010558,244.24403381347656,271.49504168903667,27.251007875560106,4068.105899773284,8000.0,False,False
1184,16,"[49, 43]",29.562448501586914,-75.54132080078125,0.1745578646659851,48,43,14.46529832045245,244.20525360107422,271.7333675529237,27.52811395184949,4019.3533989057423,8000.0,False,False
1185,16,"[49, 43]",29.504802703857422,-75.66931915283203,0.17469599843025208,48,43,14.339234076668593,244.16744232177734,271.9790706846586,27.811628362881265,3969.301712873788,8000.0,False,False
1186,16,"[49, 43]",29.44644546508789,-75.79795837402344,0.174745112657547,48,43,14.212825509696964,244.13059997558594,272.2320939993567,28.101494023770783,3917.9496594315715,8000.0,False,False
1187,16,"[49, 43]",29.38743782043457,-75.92715454101562,0.1746513694524765,48,43,14.086170939481427,244.09467315673828,272.4923947901583,28.39772163342002,3865.283930501142,8000.0,False,False
1188,16,"[49, 43]",29.327836990356445,-76.05686950683594,0.17436634004116058,48,43,13.959322729306553,244.05966186523438,272.75994774760846,28.70028588237409,3811.297437184592,8000.0,False,False
1189,16,"[49, 43]",29.26769256591797,-76.18702697753906,0.1739640235900879,48,43,13.832371376493816,244.02552795410156,273.0347471886828,29.009219234581224,3755.9726062451423,8000.0,False,False
1190,16,"[49, 43]",29.207050323486328,-76.31758880615234,0.1735110580921173,48,43,13.70536921308619,243.99224853515625,273.3168063110004,29.32455777584414,3699.290945907024,8000.0,False,False
1191,16,"[49, 43]",29.145952224731445,-76.4485092163086,0.17300854623317719,48,43,13.578376193894258,243.9598159790039,273.60614952754923,29.64633354854533,3641.2344204176234,8000.0,False,False
1192,16,"[49, 43]",29.084434509277344,-76.57974243164062,0.1724575161933899,48,43,13.451452463169518,243.92819213867188,273.9028222132289,29.974630074557012,3581.7753900019698,8000.0,False,False
1193,16,"[49, 43]",29.022531509399414,-76.71125030517578,0.17191767692565918,48,43,13.324650580852309,243.89737701416016,274.2068774238539,30.309500409693726,3520.8913588438522,8000.0,False,False
1194,16,"[49, 43]",28.960275650024414,-76.84300994873047,0.1715603470802307,48,43,13.198007953215424,243.86732482910156,274.51837946150556,30.651054632403998,3458.5490803706252,8000.0,False,False
1195,16,"[49, 43]",28.89769172668457,-76.97499084472656,0.17136327922344208,48,43,13.071570182054508,243.8380355834961,274.83742252841506,30.999386944918967,3394.7177347347956,8000.0,False,False
1196,16,"[49, 43]",28.83480453491211,-77.10716247558594,0.17130644619464874,48,43,12.945382956977392,243.8094711303711,275.1641003701146,31.35462923974353,3329.3591063517138,8000.0,False,False
1197,16,"[49, 43]",28.771638870239258,-77.239501953125,0.17131300270557404,48,43,12.819484446318727,243.78164672851562,275.49850927079524,31.716862542279614,3262.443830745476,8000.0,False,False
1198,16,"[49, 43]",28.708213806152344,-77.37199401855469,0.1714314967393875,48,43,12.693905885819147,243.75450134277344,275.84077463871574,32.086273295942306,3193.922532361295,8000.0,False,False
1199,16,"[49, 43]",28.644550323486328,-77.5046157836914,0.17164674401283264,48,43,12.568686110279584,243.72804260253906,276.191011134189,32.46296853164995,3123.7599120103473,8000.0,False,False
1200,16,"[49, 43]",28.58066177368164,-77.6373519897461,0.17194513976573944,48,43,12.443857393353694,243.70225524902344,276.5493725067928,32.847117257769355,3051.908545068351,8000.0,False,False
1201,16,"[49, 43]",28.51656723022461,-77.77017974853516,0.17231440544128418,48,43,12.31945924809945,243.6771011352539,276.9159841264925,33.2388829912386,2978.3213300857083,8000.0,False,False
1202,16,"[49, 43]",28.45227813720703,-77.9030990600586,0.17274357378482819,48,43,12.195509637375661,243.65258026123047,277.29102065908245,33.63844039785198,2902.948355024617,8000.0,False,False
1203,16,"[49, 43]",28.387807846069336,-78.03609466552734,0.17316392064094543,48,43,12.072041848561446,243.62869262695312,277.6746427215865,34.04595009463338,2825.741626613965,8000.0,False,False
1204,16,"[49, 43]",28.32316780090332,-78.16915893554688,0.1734548658132553,48,43,11.949082245774264,243.60538482666016,278.0670270592289,34.46164223256875,2723.89895500149,8000.0,False,False
1205,16,"[49, 43]",28.25836753845215,-78.3022689819336,0.17362554371356964,48,43,11.826673014933244,243.58265686035156,278.4683520066179,34.88569514626636,2588.5742824701606,8000.0,False,False
1206,16,"[49, 43]",28.19342041015625,-78.43543243408203,0.1736254096031189,48,43,11.704826047452473,243.56050872802734,278.8788015362496,35.31829280822228,2452.073894560135,8000.0,False,False
1207,16,"[49, 43]",28.12833023071289,-78.56863403320312,0.17335015535354614,48,43,11.583577840723699,243.5389175415039,279.29859322646087,35.75967568495696,2314.3703447998023,8000.0,False,False
1208,16,"[49, 43]",28.063108444213867,-78.70186614990234,0.17282360792160034,48,43,11.462956747436419,243.51785278320312,279.72791655727576,36.21006377407264,2175.4362461066667,8000.0,False,False
1209,16,"[49, 43]",27.99776268005371,-78.83513641357422,0.17206718027591705,48,43,11.342977262997666,243.49732208251953,280.1669964290123,36.66967434649274,2035.238502971788,8000.0,False,False
1210,16,"[49, 43]",27.932296752929688,-78.96842193603516,0.1711001843214035,48,43,11.223685281550594,243.477294921875,280.6160545442322,37.13875962235721,1893.7508137879977,8000.0,False,False
1211,16,"[49, 43]",27.866722106933594,-79.10172271728516,0.1701751947402954,48,43,11.105103434907047,243.45777130126953,281.0752976351531,37.617526333883575,1750.9451802111626,8000.0,False,False
1212,16,"[49, 43]",27.801040649414062,-79.23503112792969,0.16957823932170868,48,43,10.987264311109119,243.43872833251953,281.5449770951782,38.10624876265865,1606.7847160757683,8000.0,False,False
1213,16,"[49, 43]",27.735261917114258,-79.36834716796875,0.16933144629001617,48,43,10.870192294753165,243.420166015625,282.02531725371506,38.60515123809006,1461.2383219268222,8000.0,False,False
1214,16,"[49, 43]",27.66947364807129,-79.50149536132812,0.16932985186576843,48,43,10.754066799367065,243.40374755859375,282.5159370198665,39.11218946127275,1314.776217382845,8000.0,False,False
1215,16,"[49, 43]",27.60399627685547,-79.63383483886719,0.16945922374725342,48,43,10.639464929647833,243.39576721191406,283.0146182695938,39.61885105767976,1169.2795486179948,8000.0,False,False
1216,16,"[49, 43]",27.539121627807617,-79.76478576660156,0.16961735486984253,48,43,10.526895685162184,243.40233612060547,283.5191629861419,40.11682686553644,1026.5611071309622,8000.0,False,False
1217,16,"[49, 43]",27.4751033782959,-79.89385986328125,0.1697719693183899,48,43,10.416773560622811,243.4292755126953,284.02750071535985,40.59822520266454,888.3125164363164,8000.0,False,False
1218,16,"[49, 43]",27.41216468811035,-80.0206298828125,0.16983649134635925,48,43,10.309448071418656,243.48208618164062,284.5376356220568,41.0555494404162,756.1198336896141,8000.0,False,False
1219,16,"[49, 43]",27.35049819946289,-80.14473724365234,0.16979330778121948,48,43,10.205197880869465,243.5658416748047,285.0476801744892,41.4818384996845,631.4326327658282,8000.0,False,False
1220,16,"[49, 43]",27.29026222229004,-80.2658920288086,0.1696282923221588,48,43,10.104233608679117,243.68518829345703,285.5559031339907,41.87071484053365,515.5544154956433,8000.0,False,False
1221,16,"[49, 43]",27.231586456298828,-80.3838882446289,0.1693306714296341,48,43,10.006683708438786,243.84425354003906,286.06075183633527,42.21649829629621,409.61355654438194,8000.0,False,False
1222,16,"[49, 43]",27.17456817626953,-80.49858093261719,0.16901043057441711,48,43,9.912619698373108,244.04664611816406,286.56086996875615,42.51422385059209,314.5688610394245,8000.0,False,False
1223,16,"[49, 43]",27.119272232055664,-80.60987854003906,0.16865116357803345,48,43,9.822065643530616,244.29540252685547,287.055112826834,42.75971029997851,231.19903703721502,8000.0,False,False
1224,16,"[49, 43]",27.065738677978516,-80.7177734375,0.16824041306972504,48,43,9.73496889894836,244.59297943115234,287.54258441783054,42.949604986678196,160.0817798245671,8000.0,False,False
1225,16,"[49, 43]",27.013978958129883,-80.82230377197266,0.1677694022655487,48,43,9.651239802037791,244.94124603271484,288.0226224908639,43.081376458149066,101.6108160572312,8000.0,False,False
1226,16,"[49, 43]",26.963979721069336,-80.9235610961914,0.16723261773586273,48,43,9.570745128183509,245.34146881103516,288.49481277359547,43.153343962560314,55.98781344487634,8000.0,False,False
1227,16,"[49, 43]",26.91570472717285,-81.02169036865234,0.16668632626533508,48,43,9.493309284245088,245.79432678222656,288.95900027370135,43.16467349147479,23.224350304203654,8000.0,False,False
1228,16,"[49, 43]",26.86910057067871,-81.11688232421875,0.16612474620342255,48,43,9.4187212974109,246.2999267578125,289.415261845674,43.115335087861524,3.1540548010889324,8000.0,False,False
1229,16,"[49, 43]",26.8240966796875,-81.2093734741211,0.16554506123065948,48,43,9.34673614784636,246.8578109741211,289.86392281548245,43.00611184136136,-4.566926954599694,8000.0,False,False
1230,16,"[49, 43]",26.780611038208008,-81.29942321777344,0.16506452858448029,48,43,9.27709553851463,247.46701049804688,290.30549055825,42.83848006020315,-0.4268221865640953,8000.0,False,False
1231,16,"[49, 43]",26.738555908203125,-81.38732147216797,0.16479086875915527,48,43,9.209519476481695,248.12606811523438,290.74064548813163,42.61457737289726,14.946842927311991,8000.0,False,False
1232,16,"[49, 43]",26.697830200195312,-81.47339630126953,0.16470544040203094,48,43,9.143702533544397,248.83306884765625,291.17031164327506,42.337242795618806,40.780973900299614,8000.0,False,False
1233,16,"[49, 43]",26.658342361450195,-81.5579833984375,0.16479341685771942,48,43,9.079334781487855,249.58568572998047,291.59546340053,42.00977767054951,76.21329395244629,8000.0,False,False
1234,16,"[49, 43]",26.619997024536133,-81.64144134521484,0.16498441994190216,48,43,9.016092440721117,250.38124084472656,292.0172406910505,41.635999846323955,120.28142178223334,8000.0,False,False
1235,16,"[49, 43]",26.582704544067383,-81.72412109375,0.16533437371253967,48,43,8.953662932233456,251.2167510986328,292.4368249654247,41.22007386679189,171.9678611753743,8000.0,False,False
1236,16,"[49, 43]",26.54638671875,-81.806396484375,0.16577750444412231,48,43,8.891714304209778,252.08897399902344,292.85547890205265,40.766504903029215,230.19177846285402,8000.0,False,False
1237,16,"[49, 43]",26.510974884033203,-81.88861083984375,0.16625593602657318,48,43,8.82994509424308,252.9944610595703,293.2744275614634,40.279966501893114,293.86401830360865,8000.0,False,False
1238,16,"[49, 43]",26.47641372680664,-81.97113037109375,0.1667187213897705,48,43,8.768033288178703,253.92962646484375,293.6949673505246,39.76534088568087,361.86142361758084,8000.0,False,False
1239,16,"[49, 43]",26.442663192749023,-82.05429077148438,0.16717985272407532,48,43,8.705684367374051,254.89076232910156,294.1183194549241,39.22755712582256,433.0785433654901,8000.0,False,False
1240,16,"[49, 43]",26.409698486328125,-82.13841247558594,0.1676526963710785,48,43,8.642616696527584,255.8741455078125,294.5456643418716,38.6715188340591,506.4365675717645,8000.0,False,False
1241,16,"[49, 43]",26.37750816345215,-82.22380065917969,0.16803236305713654,48,43,8.57856184299152,256.8760299682617,294.97815122996263,38.102121261700916,580.8818063033605,8000.0,False,False
1242,16,"[49, 43]",26.34610366821289,-82.31073760986328,0.1684013456106186,48,43,8.513266970312769,257.89273834228516,295.4168168501187,37.524078507833565,655.4185656491036,8000.0,False,False
1243,16,"[49, 43]",26.315507888793945,-82.39946746826172,0.16877539455890656,48,43,8.446512705463219,258.92063903808594,295.86260559644904,36.941966558363106,729.1094182486386,8000.0,False,False
1244,16,"[49, 43]",26.28575325012207,-82.4902114868164,0.16911004483699799,48,43,8.378099571604709,259.95626068115234,296.31641897132374,36.3601582901714,801.0810034043006,8000.0,False,False
1245,16,"[49, 43]",26.256895065307617,-82.58316802978516,0.1693653166294098,48,43,8.30784153836118,260.9963150024414,296.77903038734,35.78271538489861,870.5393927373534,8000.0,False,False
1246,16,"[49, 43]",26.228994369506836,-82.67848205566406,0.1695638746023178,48,43,8.235600067660174,262.03765869140625,297.2510892040267,35.21343051262045,936.7763952650639,8000.0,False,False
1247,16,"[49, 43]",26.20212173461914,-82.77629089355469,0.16978465020656586,48,43,8.16124087214642,263.07737731933594,297.733231337006,34.65585401767004,999.1447828584278,8000.0,False,False
1248,16,"[49, 43]",26.176355361938477,-82.87667083740234,0.16998066008090973,48,43,8.084681606401755,264.11283111572266,298.22591398406325,34.1130828683406,1057.1137321271904,8000.0,False,False
1249,16,"[49, 43]",26.151779174804688,-82.97968292236328,0.17010906338691711,48,43,8.005851322003465,265.14159393310547,298.7295638681256,33.58796993502011,1110.2129510943219,8000.0,False,False
1250,16,"[49, 43]",26.128480911254883,-83.08535766601562,0.17024829983711243,48,43,7.924704326436837,266.16153717041016,299.2445328351504,33.082995664740224,1158.058541843417,8000.0,False,False
1251,16,"[49, 43]",26.106548309326172,-83.19367980957031,0.17029176652431488,48,43,7.841234635072572,267.1708068847656,299.77105678836153,32.60024990359591,1200.3601354480807,8000.0,False,False
1252,16,"[49, 43]",26.08606719970703,-83.30460357666016,0.17026029527187347,48,43,7.7554627992713066,268.16783905029297,300.3093065339823,32.141467483689325,1236.906582384665,8000.0,False,False
1253,16,"[49, 43]",26.067121505737305,-83.41806030273438,0.17017170786857605,48,43,7.667428736484944,269.1513366699219,300.85940470052367,31.708068030601794,1267.5537951439355,8000.0,False,False
1254,16,"[49, 43]",26.049789428710938,-83.53396606445312,0.17009982466697693,48,43,7.577186708348136,270.1203384399414,301.42147062282964,31.30113218288824,1292.2241532456405,8000.0,False,False
1255,16,"[49, 43]",26.034143447875977,-83.65219116210938,0.1700512170791626,48,43,7.484831009076116,271.07411193847656,301.99549056180877,30.921378623332203,1310.9199494041522,8000.0,False,False
1256,16,"[49, 43]",26.020248413085938,-83.77259826660156,0.17003071308135986,48,43,7.390463790769756,272.0122299194336,302.5814644930275,30.569234573593917,1323.6951248672822,8000.0,False,False
1257,16,"[49, 43]",26.008161544799805,-83.89501953125,0.17004148662090302,48,43,7.294214198680627,272.9345474243164,303.17930358374576,30.244756159429357,1330.6751977878562,8000.0,False,False
1258,16,"[49, 43]",25.997928619384766,-84.019287109375,0.17008531093597412,48,43,7.196214422571605,273.8411407470703,303.78897115851765,29.94783041144734,1332.0121744370863,8000.0,False,False
1259,16,"[49, 43]",25.98958969116211,-84.14521026611328,0.17016258835792542,48,43,7.096615649255534,274.7323532104492,304.41033969782785,29.677986487378632,1327.9209660397592,7958.046784499198,False,False
1260,16,"[49, 43]",25.983169555664062,-84.27257537841797,0.1702726036310196,48,43,6.995592870832902,275.6087417602539,305.04323696975445,29.43449520950054,1318.664567025378,7894.393911899395,False,False
1261,16,"[49, 43]",25.978687286376953,-84.40117645263672,0.1704135686159134,48,43,6.893314228675195,276.47107696533203,305.6875118366143,29.216434871282274,1304.5284175441943,7831.542615283221,False,False
1262,16,"[49, 43]",25.976150512695312,-84.53080749511719,0.1705828458070755,48,43,6.789950762115181,277.3203430175781,306.3430359866062,29.02269296902807,1285.8241127321921,7769.555954075533,False,False
1263,16,"[49, 43]",25.975557327270508,-84.66123962402344,0.17077703773975372,48,43,6.685693769399216,278.15765380859375,307.0095693932776,28.851915584683866,1262.905003755734,7708.484811246273,False,False
1264,16,"[49, 43]",25.976900100708008,-84.79225158691406,0.17105090618133545,48,43,6.5807276446972285,278.9843063354492,307.6868734272301,28.702567091780907,1236.1435925154733,7648.358626450199,False,False
1265,16,"[49, 43]",25.980154037475586,-84.92362976074219,0.17139403522014618,48,43,6.475237166965103,279.80174255371094,308.3747896673367,28.573047113625762,1205.916737675609,7589.196730766578,False,False
1266,16,"[49, 43]",25.98529815673828,-85.0551528930664,0.1717374324798584,49,43,6.369406864162359,280.61148834228516,309.0730090969158,28.46152075463067,1172.6314515416161,7530.996216892097,False,False
1267,16,"[49, 43]",25.992298126220703,-85.18661499023438,0.17201827466487885,49,43,6.2634135709954935,281.4151840209961,309.78131021244144,28.366126191445346,1136.6893782765715,7473.742793661157,False,False
1268,16,"[49, 43]",26.001115798950195,-85.31780242919922,0.17223820090293884,49,43,6.157438505208028,282.2145538330078,310.4993609976716,28.28480716466379,1098.5182407573798,7417.404811190214,False,False
1269,16,"[49, 43]",26.01170539855957,-85.44853210449219,0.17239809036254883,49,43,6.05164059009763,283.01134490966797,311.2269679989438,28.215623089275823,1058.512045545565,7361.942745188408,False,False
1270,16,"[49, 43]",26.024019241333008,-85.57861328125,0.17249824106693268,49,43,5.946182263438369,283.80735778808594,311.96381159449487,28.156453806408933,1017.0884931138653,7307.300648090198,False,False
1271,16,"[49, 43]",26.038009643554688,-85.70787048339844,0.17253854870796204,49,43,5.841210779611365,284.6044235229492,312.7095676162537,28.10514409330449,974.6581763941545,7253.407631441833,False,False
1272,16,"[49, 43]",26.053619384765625,-85.83613586425781,0.17251858115196228,49,43,5.736870619180607,285.4043426513672,313.4639301691342,28.059587517767,931.6181401927015,7200.190158580376,False,False
1273,16,"[49, 43]",26.070796966552734,-85.96326446533203,0.17243774235248566,49,43,5.633282369533973,286.2089309692383,314.2266091143347,28.017678145096397,888.3493388404295,7147.558713509097,False,False
1274,16,"[49, 43]",26.089487075805664,-86.08911895751953,0.17235416173934937,49,43,5.530560718292861,287.0199203491211,314.9973033420601,27.977382992939,845.2146567230279,7095.42200799664,False,False
1275,16,"[49, 43]",26.109634399414062,-86.21356964111328,0.1722613126039505,49,43,5.42881196662045,287.8390426635742,315.7756734589804,27.936630795406188,802.5745174208114,7043.67774038248,False,False
1276,16,"[49, 43]",26.131189346313477,-86.33650970458984,0.17221210896968842,49,43,5.3281194636234215,288.6679382324219,316.56141897058103,27.893480738159155,760.7550366640662,6992.2184443120095,False,False
1277,16,"[49, 43]",26.154096603393555,-86.45784759521484,0.17213672399520874,49,43,5.228557793001265,289.50818634033203,317.3543208394736,27.846134499141556,720.0534354052043,6940.9395917341935,False,False
1278,16,"[49, 43]",26.17831039428711,-86.5774917602539,0.1721488982439041,49,43,5.130192403170065,290.3612518310547,318.1540138931232,27.792762062068505,680.7637832963915,6889.7264227391315,False,False
1279,16,"[49, 43]",26.203786849975586,-86.69538116455078,0.17223359644412994,49,43,5.033064665591337,291.2285385131836,318.9602978097313,27.731759296547693,643.1321615692318,6838.466652389121,False,False
1280,16,"[49, 43]",26.23048210144043,-86.81145477294922,0.17237764596939087,49,43,4.937214381866487,292.11131286621094,319.77291566121966,27.66160279500872,607.389121836401,6787.050499779034,True,False
1281,17,"[50, 43]",26.258359909057617,-86.9256820678711,0.17256957292556763,49,43,13.599178650217622,293.01073455810547,285.970191229719,-7.040543328386491,8000.0,7153.241094917677,False,False
1282,17,"[50, 43]",26.289215087890625,-87.04227447509766,0.17294259369373322,49,43,13.47859693894896,293.88768768310547,285.98045533038317,-7.907232352722303,8000.0,7040.6905162103585,False,False
1283,17,"[50, 43]",26.322959899902344,-87.16090393066406,0.17348158359527588,49,43,13.355261576448575,294.7427062988281,285.981395049546,-8.76131124928213,8000.0,6928.003814055541,False,False
1284,17,"[50, 43]",26.359508514404297,-87.28128051757812,0.17417269945144653,49,43,13.229474801715774,295.57635498046875,285.9727620371107,-9.603592943358024,8000.0,6815.152990205319,False,False
1285,17,"[50, 43]",26.398778915405273,-87.40312194824219,0.17488567531108856,49,43,13.10153158798571,296.38915252685547,285.9542812504313,-10.43487127642419,8000.0,6702.105061687905,False,False
1286,17,"[50, 43]",26.440689086914062,-87.52620697021484,0.17556190490722656,49,43,12.971669388553249,297.181640625,285.925732283465,-11.255908341535019,8000.0,6588.8242302560775,False,False
1287,17,"[50, 43]",26.48516082763672,-87.65029907226562,0.17608964443206787,49,43,12.840140474779188,297.9543113708496,285.8868435836551,-12.067467787194516,8000.0,6475.26770508924,False,False
1288,17,"[50, 43]",26.53211784362793,-87.77521514892578,0.1764269918203354,49,43,12.7071464658883,298.7076606750488,285.83738440745424,-12.87027626759459,8000.0,6361.391382667927,False,False
1289,17,"[50, 43]",26.58148193359375,-87.9007797241211,0.1765948086977005,49,43,12.572883402568607,299.4421806335449,285.7771275426247,-13.665053090920196,8000.0,6247.1460870787,False,False
1290,17,"[50, 43]",26.6331844329834,-88.02682495117188,0.17661164700984955,49,43,12.437538655706188,300.15833282470703,285.7058000430587,-14.452532781648358,8000.0,6132.474495270128,False,False
1291,17,"[50, 43]",26.687150955200195,-88.15321350097656,0.1764940470457077,49,43,12.301273070177531,300.85657501220703,285.6231790510725,-15.233395961134534,8000.0,6017.321406878706,False,False
1292,17,"[50, 43]",26.74331283569336,-88.27982330322266,0.17625665664672852,49,43,12.164232531887999,301.537353515625,285.52902387693746,-16.00832963868754,8000.0,5901.6253261939955,False,False
1293,17,"[50, 43]",26.80160140991211,-88.40653228759766,0.17591246962547302,49,43,12.026564228390077,302.20111083984375,285.4230825882305,-16.77802825161325,8000.0,5785.318375031004,False,False
1294,17,"[50, 43]",26.861955642700195,-88.53323364257812,0.17547298967838287,49,43,11.888399937926183,302.84827041625977,285.30507659921375,-17.543193817046017,8000.0,5610.687823434241,False,False
1295,17,"[50, 43]",26.924306869506836,-88.65985107421875,0.17506597936153412,49,43,11.749845356082798,303.47924423217773,285.1747908426867,-18.304453389491016,8000.0,5421.93723093012,False,False
1296,17,"[50, 43]",26.988595962524414,-88.78629302978516,0.17474740743637085,49,43,11.611019692118743,304.0944404602051,285.03193677140905,-19.062503688796028,8000.0,5232.857111510565,False,False
1297,17,"[50, 43]",27.054763793945312,-88.91249084472656,0.17450860142707825,49,43,11.472021425090162,304.69425201416016,284.8762447662929,-19.81800724786723,8000.0,5043.450917834365,False,False
1298,17,"[50, 43]",27.12274932861328,-89.03837585449219,0.17434164881706238,49,43,11.332950866097285,305.279052734375,284.7074448870891,-20.571607847285918,8000.0,4853.721140968253,False,False
1299,17,"[50, 43]",27.192495346069336,-89.16389465332031,0.17423920333385468,49,43,11.193893936704173,305.8492240905762,284.52525924075013,-21.32396484982604,8000.0,4663.655937721154,False,False
1300,17,"[50, 43]",27.263952255249023,-89.28900146484375,0.17425332963466644,49,43,11.054928623997364,306.40513610839844,284.32937234020665,-22.07576376819179,8000.0,4473.230962169811,False,False
1301,17,"[50, 43]",27.337060928344727,-89.41363525390625,0.17443068325519562,49,43,10.916151475528583,306.94714736938477,284.1194869694439,-22.82766039994084,8000.0,4282.431799256163,False,False
1302,17,"[50, 43]",27.411771774291992,-89.53777313232422,0.17481307685375214,49,43,10.777621090902603,307.47559356689453,283.8952979255234,-23.58029564137115,8000.0,4091.2235914201087,False,False
1303,17,"[50, 43]",27.488037109375,-89.66138458251953,0.17532038688659668,49,43,10.63940441540042,307.99081802368164,283.6564701466118,-24.33434787706983,8000.0,3899.566079932576,False,False
1304,17,"[50, 43]",27.565805435180664,-89.784423828125,0.17588038742542267,49,43,10.501585580414812,308.4931526184082,283.4026591850829,-25.09049343332532,8000.0,3707.424332003726,False,False
1305,17,"[50, 43]",27.645030975341797,-89.90687561035156,0.17648673057556152,49,43,10.364219172326285,308.9829216003418,283.13351983762453,-25.849401762717264,8000.0,3514.7466722930267,False,False
1306,17,"[50, 43]",27.725671768188477,-90.02872467041016,0.17695721983909607,49,43,10.227360392814072,309.46043395996094,282.84867554619547,-26.61175841376547,8000.0,3321.4760988186194,False,False
1307,17,"[50, 43]",27.807680130004883,-90.14994049072266,0.17712777853012085,49,43,10.09108213962608,309.9260025024414,282.5477511603953,-27.3782513420461,8000.0,3127.5608659957634,False,False
1308,17,"[50, 43]",27.891016006469727,-90.27051544189453,0.1769682914018631,49,43,9.955434859983749,310.3799133300781,282.23034807007946,-28.149565259998667,8000.0,2932.936097948669,False,False
1309,17,"[50, 43]",27.975637435913086,-90.39044189453125,0.17645156383514404,49,43,9.820471005672625,310.82247161865234,281.89606683281727,-28.926404785835075,8000.0,2737.5319868530487,False,False
1310,17,"[50, 43]",28.06150245666504,-90.50970458984375,0.17572937905788422,49,43,9.686252097563251,311.2539520263672,281.54448819494314,-29.709463831424046,8000.0,2541.282335996431,False,False
1311,17,"[50, 43]",28.148574829101562,-90.6282958984375,0.17487938702106476,49,43,9.552832717612075,311.6746368408203,281.1751583989992,-30.49947844182111,8000.0,2344.108054188632,False,False
1312,17,"[50, 43]",28.236814498901367,-90.74620056152344,0.17414774000644684,49,43,9.420277445958456,312.08478927612305,280.7876260251809,-31.297163250942162,8000.0,2145.935971631205,False,False
1313,17,"[50, 43]",28.326183319091797,-90.8634262084961,0.1735793799161911,49,43,9.288629765949477,312.484676361084,280.3814445523823,-32.10323180870171,8000.0,1946.6810510782284,False,False
1314,17,"[50, 43]",28.41664695739746,-90.97996520996094,0.17315581440925598,49,43,9.157949250298003,312.8745574951172,279.9561160424058,-32.91844145271136,8000.0,1746.2560502440797,False,False
1315,17,"[50, 43]",28.5081729888916,-91.09581756591797,0.1729191243648529,49,43,9.028289575024033,313.25467681884766,279.511128200536,-33.74354861831165,8000.0,1544.568980932725,False,False
1316,17,"[50, 43]",28.600725173950195,-91.21099090576172,0.17284826934337616,49,43,8.899699483545493,313.62528228759766,279.04598943640195,-34.5792928511957,8000.0,1341.5265299036282,False,False
1317,17,"[50, 43]",28.6937313079834,-91.32489776611328,0.17294880747795105,49,43,8.772897848723026,313.979736328125,278.56308100062256,-35.41665532750244,8000.0,1139.0364725386044,False,False
1318,17,"[50, 43]",28.78650665283203,-91.43687438964844,0.17315764725208282,49,43,8.648681189769903,314.3096504211426,278.0657641893844,-36.243886231758154,8000.0,939.5290587597706,False,False
1319,17,"[50, 43]",28.878442764282227,-91.54635620117188,0.1733013540506363,49,43,8.527718575941407,314.6069793701172,277.55737980105687,-37.04959956906032,8000.0,745.3253802475829,False,False
1320,17,"[50, 43]",28.968990325927734,-91.65284729003906,0.17328400909900665,49,43,8.410584956555567,314.8641128540039,277.0413009446348,-37.82281190936908,8000.0,558.6414245940923,False,False
1321,17,"[50, 43]",29.05767059326172,-91.75595092773438,0.17308004200458527,49,43,8.297730401545198,315.0739517211914,276.5208470606119,-38.55310466057949,8000.0,381.54206589460046,False,False
1322,17,"[50, 43]",29.144081115722656,-91.85535430908203,0.1726686805486679,49,43,8.189496356129064,315.2299919128418,275.9991798513697,-39.23081206147208,8000.0,215.91081282445157,False,False
1323,17,"[50, 43]",29.227882385253906,-91.95081329345703,0.17197516560554504,49,43,8.086134567751717,315.3263931274414,275.4793280982203,-39.847065029221085,8000.0,63.44592094847121,False,False
1324,17,"[50, 43]",29.308809280395508,-92.04218292236328,0.17099401354789734,49,43,7.987777992157393,315.35802459716797,274.9640713046158,-40.39395329255217,8000.0,-74.38415509565766,False,False
1325,17,"[50, 43]",29.386672973632812,-92.12938690185547,0.169900044798851,49,43,7.894474053536224,315.32052993774414,274.4558379904417,-40.86469194730245,8000.0,-196.35943179605147,False,False
1326,17,"[50, 43]",29.46134376525879,-92.21240234375,0.16897162795066833,49,43,7.806204442291789,315.2103385925293,273.95675950437794,-41.253579088151355,8000.0,-301.4953215852738,False,False
1327,17,"[50, 43]",29.53276824951172,-92.29129028320312,0.1683453470468521,49,43,7.722856402038231,315.0247116088867,273.46850490418524,-41.55620670470148,8000.0,-389.0935698983094,False,False
1328,17,"[50, 43]",29.6009521484375,-92.36617279052734,0.1680302619934082,49,43,7.64424993389945,314.76173400878906,272.99233475552194,-41.769399253267125,8000.0,-458.7210021578494,False,False
1329,17,"[50, 43]",29.665964126586914,-92.43720245361328,0.16797958314418793,49,43,7.570170849614943,314.4203109741211,272.5290131839275,-41.89129779019362,8000.0,-510.21118391789605,False,False
1330,17,"[50, 43]",29.72792625427246,-92.50462341308594,0.16815504431724548,49,43,7.500312946989193,314.00018310546875,272.07885967871704,-41.92132342675171,8000.0,-543.680476013641,False,False
1331,17,"[50, 43]",29.787004470825195,-92.56867980957031,0.16852596402168274,49,43,7.434371988818986,313.5018615722656,271.6417546824896,-41.860106889776034,8000.0,-559.4760312587032,False,False
1332,17,"[50, 43]",29.84341049194336,-92.62968444824219,0.16906839609146118,49,43,7.371978812131549,312.9266128540039,271.2171213405586,-41.7094915134453,8000.0,-558.2009205216755,False,False
1333,17,"[50, 43]",29.897384643554688,-92.68798828125,0.16958783566951752,49,43,7.312731725320964,312.276424407959,270.8040250931452,-41.4723993148138,8000.0,-540.6743859915223,False,False
1334,17,"[50, 43]",29.949199676513672,-92.74394989013672,0.17008893191814423,49,43,7.256227936725338,311.55392837524414,270.4011268576634,-41.15280151758071,8000.0,-507.9101707431191,False,False
1335,17,"[50, 43]",29.999134063720703,-92.7979736328125,0.17052008211612701,49,43,7.202026419245462,310.7623634338379,270.00688896310044,-40.755474470737454,8000.0,-461.08462421323384,False,False
1336,17,"[50, 43]",30.0474853515625,-92.85047149658203,0.17077885568141937,49,43,7.149686194498259,309.9054832458496,269.6194615872996,-40.28602165855,8000.0,-401.52039176284325,False,False
1337,17,"[50, 43]",30.094547271728516,-92.90187072753906,0.17083439230918884,49,43,7.09875893062711,308.98751068115234,269.23686381520315,-39.75064686594919,8000.0,-330.6450177120205,False,False
1338,17,"[50, 43]",30.140605926513672,-92.95262145996094,0.17071998119354248,49,43,7.0487810515842995,308.0130615234375,268.8570136506716,-39.156047872765896,8000.0,-249.97100983607743,False,False
1339,17,"[50, 43]",30.185935974121094,-93.00315856933594,0.17058515548706055,49,43,6.999311551311991,306.9870376586914,268.477764577765,-38.50927308092639,8000.0,-161.0505948532118,False,False
1340,17,"[50, 43]",30.230792999267578,-93.0539321899414,0.17050738632678986,49,43,6.949900965513329,305.91460037231445,268.0969662020068,-37.817634170307656,8000.0,-65.46904247690418,False,False
1341,17,"[50, 43]",30.275405883789062,-93.10537719726562,0.17044030129909515,49,43,6.9001211578355965,304.80105209350586,267.71253473844956,-37.0885173550563,8000.0,35.20409780330101,False,False
1342,17,"[50, 43]",30.31997299194336,-93.15792846679688,0.17028453946113586,49,43,6.849549297657602,303.65179443359375,267.3224842059599,-36.32931022763387,8000.0,139.42404885421,False,False
1343,17,"[50, 43]",30.364665985107422,-93.21198272705078,0.17006933689117432,49,43,6.797805511968647,302.4722480773926,266.92491112900314,-35.54733694838944,8000.0,245.70106244832368,False,False
1344,17,"[50, 43]",30.409616470336914,-93.2679443359375,0.16988056898117065,49,43,6.744505846747207,301.2677803039551,266.5180922945198,-34.74968800943526,8000.0,352.61039056278696,False,False
1345,17,"[50, 43]",30.45492172241211,-93.32616424560547,0.16979600489139557,49,43,6.68932264509324,300.0436592102051,266.1004679041206,-33.943191306084486,8000.0,458.8247431873551,False,False
1346,17,"[50, 43]",30.500640869140625,-93.3869857788086,0.16976843774318695,49,43,6.631937753743898,298.8049774169922,265.67065857232416,-33.13431884466803,7965.3871699451765,563.109291608399,False,False
1347,17,"[50, 43]",30.546804428100586,-93.4507064819336,0.16981428861618042,49,43,6.572080391198593,297.55663681030273,265.22741000271475,-32.329226807587986,7886.750347967243,664.3317570369941,False,False
1348,17,"[50, 43]",30.593400955200195,-93.51759338378906,0.1700071096420288,49,43,6.509509983979427,296.3032646179199,264.7697082660205,-31.53355635189945,7806.149624239406,761.4855192305463,False,False
1349,17,"[50, 43]",30.64039421081543,-93.5878677368164,0.1704128235578537,49,43,6.444031727560462,295.04920196533203,264.2966528302899,-30.75254913504216,7723.861647471758,853.6762293876632,False,False
1350,17,"[50, 43]",30.68771743774414,-93.6617202758789,0.17103159427642822,49,43,6.375479992548163,293.79846954345703,263.8075056117653,-29.990963931691738,7640.170610243353,940.1249596208295,False,False
1351,17,"[50, 43]",30.73527717590332,-93.73929595947266,0.1718629151582718,49,43,6.303732831305573,292.55472564697266,263.3016837237113,-29.253041923261378,7555.369427163387,1020.1771355173646,False,False
1352,17,"[50, 43]",30.782960891723633,-93.82068634033203,0.17284688353538513,49,43,6.228719375804934,291.32128143310547,262.7787175627271,-28.542563870378387,7469.763788739456,1093.293817553807,False,False
1353,17,"[50, 43]",30.830638885498047,-93.90596008300781,0.1739286184310913,49,43,6.150388887541631,290.1010513305664,262.2382174463312,-27.862833884235215,7383.652887803243,1159.036053036586,False,False
1354,17,"[50, 43]",30.878164291381836,-93.99512481689453,0.17499899864196777,49,43,6.068747686906591,288.8965377807617,261.679935310244,-27.216602470517728,7297.337570310243,1217.0902190531901,False,False
1355,17,"[50, 43]",30.925384521484375,-94.08816528320312,0.17607621848583221,49,43,5.983822042083776,287.7098846435547,261.10363342209297,-26.60625122146172,7211.112237574569,1267.2186641055123,False,False
1356,17,"[50, 43]",30.972139358520508,-94.18502807617188,0.17688143253326416,49,43,5.895672430460671,286.54280853271484,260.5091365624248,-26.033671970290015,7125.259361472089,1309.2812204708707,False,False
1357,17,"[50, 43]",31.018268585205078,-94.28559875488281,0.1774563044309616,49,43,5.80441663751082,285.39664459228516,259.8963198467744,-25.50032474551074,7040.061605582559,1343.2343782296307,False,False
1358,17,"[50, 43]",31.06360626220703,-94.38975524902344,0.17783689498901367,49,43,5.710175518043739,284.27234649658203,259.26510212767045,-25.007244368911586,6955.772850852556,1369.1008369220767,False,False
1359,17,"[50, 43]",31.10799789428711,-94.49732971191406,0.1780540645122528,49,43,5.613113185490601,283.1704864501953,258.6153599898661,-24.555126460329234,6872.641634894606,1386.9737311976337,False,False
1360,17,"[50, 43]",31.151290893554688,-94.60813903808594,0.1781339794397354,49,43,5.513405059869516,282.0912780761719,257.94698480696866,-24.144293269203217,6790.89058609739,1397.003698229208,False,False
1361,17,"[50, 43]",31.193342208862305,-94.72196197509766,0.17803972959518433,49,43,5.411261499850787,281.0345916748047,257.2598713696776,-23.77472030512706,6710.728074498477,1399.4045792636844,False,False
1362,17,"[50, 43]",31.23401641845703,-94.83856201171875,0.17779521644115448,49,43,5.306904806748876,279.99996185302734,256.55391021017056,-23.446051642856787,6632.33641417911,1394.438202845009,False,False
1363,17,"[50, 43]",31.273191452026367,-94.95768737792969,0.17759665846824646,49,43,5.200570454498487,278.9866180419922,255.82894216269986,-23.157675879292327,6555.877284400951,1382.402836998403,False,False
1364,17,"[50, 43]",31.31075668334961,-95.07906341552734,0.17750132083892822,50,43,5.092514109096516,277.99351501464844,255.084814149132,-22.908700865516437,6481.492278587676,1363.6393831286478,False,False
1365,17,"[50, 43]",31.34661865234375,-95.20240020751953,0.17750021815299988,50,43,4.983005675658892,277.0193328857422,254.3213175161877,-22.698015369554497,6409.304371031358,1338.5190671337136,True,False
1366,18,"[51, 43]",31.38068962097168,-95.32742309570312,0.1775836944580078,50,43,14.737395185105303,276.0625,264.6242962780122,-11.438203721987804,8000.0,6563.453681936983,False,False
1367,18,"[51, 43]",31.41299819946289,-95.45478820800781,0.1777864247560501,50,43,14.613683655587801,275.1295928955078,264.4513980293249,-10.678194866182935,8000.0,6668.701263328326,False,False
1368,18,"[51, 43]",31.443479537963867,-95.58427429199219,0.17804329097270966,50,43,14.487814909952352,274.22000885009766,264.2819026992641,-9.938106150833562,8000.0,6769.8609845532355,False,False
1369,18,"[51, 43]",31.47208023071289,-95.71570587158203,0.1782955527305603,50,43,14.359947038649263,273.3331527709961,264.116105429076,-9.217047341920079,8000.0,6867.155142629245,False,False
1370,18,"[51, 43]",31.49875831604004,-95.84888458251953,0.1786077469587326,50,43,14.230261559393508,272.4684829711914,263.9542865620173,-8.514196409174133,8000.0,6960.788810088387,False,False
1371,18,"[51, 43]",31.523479461669922,-95.9836654663086,0.1789201945066452,50,43,14.098887311787424,271.62542724609375,263.7966941529384,-7.828733093155336,8000.0,7050.959370389065,False,False
1372,18,"[51, 43]",31.546222686767578,-96.11988067626953,0.17912016808986664,50,43,13.965977124357277,270.8034439086914,263.6435506850204,-7.15989322367102,8000.0,7137.849777931159,False,False
1373,18,"[51, 43]",31.566970825195312,-96.25739288330078,0.1792236864566803,50,43,13.831653839326854,270.00201416015625,263.4950671895188,-6.506946970637443,8000.0,7221.632029226303,False,False
1374,18,"[51, 43]",31.585716247558594,-96.39608764648438,0.17924492061138153,50,43,13.696018667478018,269.22061920166016,263.3514207492834,-5.869198452376736,8000.0,7302.4677079942285,False,False
1375,18,"[51, 43]",31.602453231811523,-96.53582763671875,0.1793140321969986,50,43,13.55919591230578,268.45874786376953,263.2128063249527,-5.245941538816851,8000.0,7380.51395745387,False,False
1376,18,"[51, 43]",31.6171875,-96.676513671875,0.179430291056633,50,43,13.42127353666149,267.71593475341797,263.07936679217755,-4.6365679612404165,8000.0,7455.910307580578,False,False
1377,18,"[51, 43]",31.629926681518555,-96.81804656982422,0.17953400313854218,50,43,13.28234005070075,266.99168395996094,262.95124916045086,-4.040434799510081,8000.0,7528.795687308645,False,False
1378,18,"[51, 43]",31.64067840576172,-96.9603271484375,0.1796300709247589,50,43,13.142484304990017,266.2855453491211,262.82861281576874,-3.456932533352358,8000.0,7599.300167684775,False,False
1379,18,"[51, 43]",31.64946174621582,-97.103271484375,0.1797814816236496,50,43,13.001781818580264,265.59706115722656,262.7115713758734,-2.885489781353158,8000.0,7667.544800803987,False,False
1380,18,"[51, 43]",31.656293869018555,-97.24679565429688,0.1799270510673523,50,43,12.860308334709925,264.92578887939453,262.6002570480226,-2.3255318313719044,8000.0,7733.646901963591,False,False
1381,18,"[51, 43]",31.66119384765625,-97.39083862304688,0.18007035553455353,50,43,12.71811761344962,264.27130126953125,262.4947908878844,-1.7765103816468581,8000.0,7797.716716721198,False,False
1382,18,"[51, 43]",31.664188385009766,-97.53532409667969,0.18021433055400848,50,43,12.575280050782782,263.63317108154297,262.3952781654997,-1.237892916043279,8000.0,7859.85894953638,False,False
1383,18,"[51, 43]",31.665302276611328,-97.68019104003906,0.18030264973640442,50,43,12.43185120898817,263.01100158691406,262.30183258844465,-0.7091689984694085,8000.0,7920.172276789044,False,False
1384,18,"[51, 43]",31.664560317993164,-97.82539367675781,0.18028439581394196,50,43,12.287872076896235,262.4043884277344,262.21456714649594,-0.18982128123843722,8000.0,7978.752855368935,False,False
1385,18,"[51, 43]",31.6619930267334,-97.97086334228516,0.1801135540008545,50,43,12.143407658103612,261.8129425048828,262.1335912265975,0.32064872171469005,7964.057916640603,8000.0,False,False
1386,18,"[51, 43]",31.657630920410156,-98.11656188964844,0.17980729043483734,50,43,11.998493305030248,261.2362823486328,262.0590027898622,0.8227204412293645,7906.460472256555,8000.0,False,False
1387,18,"[51, 43]",31.651504516601562,-98.26244354248047,0.17943964898586273,50,43,11.853172518858141,260.6740493774414,261.9909121878285,1.3168628103870788,7771.2815761545835,8000.0,False,False
1388,18,"[51, 43]",31.643644332885742,-98.40846252441406,0.17901824414730072,50,43,11.707489386753277,260.12586975097656,261.92943773048887,1.8035679795123087,7636.211585685574,8000.0,False,False
1389,18,"[51, 43]",31.634084701538086,-98.5545883178711,0.17866726219654083,50,43,11.56147401438128,259.5914001464844,261.8746765745531,2.2832764280687456,7501.2577833170535,8000.0,False,False
1390,18,"[51, 43]",31.622859954833984,-98.70077514648438,0.17838068306446075,50,43,11.415172216103835,259.07030487060547,261.8267435666638,2.7564386960583533,7366.431554718311,7982.225869925959,False,False
1391,18,"[51, 43]",31.60999870300293,-98.84700012207031,0.1780940443277359,50,43,11.268606928133163,258.56224060058594,261.7857735965194,3.2235329959334535,7231.7255219860945,7951.869705355257,False,False
1392,18,"[51, 43]",31.595537185668945,-98.99324035644531,0.17774918675422668,50,43,11.12180276582158,258.06688690185547,261.75187114767084,3.6849842458153717,7097.136601774526,7920.369983836585,False,False
1393,18,"[51, 43]",31.579509735107422,-99.13945770263672,0.17741116881370544,50,43,10.974799770206106,257.58392333984375,261.72516889000076,4.141245550157009,6962.663986880684,7887.827122673373,False,False
1394,18,"[51, 43]",31.561948776245117,-99.28562927246094,0.17707955837249756,50,43,10.827623195639916,257.11304473876953,261.7058062892699,4.59276155050037,6828.297298078909,7854.33007651387,False,False
1395,18,"[51, 43]",31.54288673400879,-99.43173217773438,0.176812544465065,50,43,10.680298883323225,256.65394592285156,261.69393143663103,5.03998551377947,6694.022988209615,7819.966559003468,False,False
1396,18,"[51, 43]",31.522357940673828,-99.57775115966797,0.17666232585906982,50,43,10.532845987164867,256.2063293457031,261.6896852270665,5.483355881363366,6559.823424461155,7784.816886072499,False,False
1397,18,"[51, 43]",31.500396728515625,-99.72366333007812,0.1766168475151062,50,43,10.385291796407138,255.76991271972656,261.6932232620143,5.923310542287766,6425.683308321786,7748.963584558744,False,False
1398,18,"[51, 43]",31.477033615112305,-99.86945343017578,0.17666514217853546,50,43,10.237656084453558,255.34442901611328,261.704725540622,6.360296524508726,6291.580148269269,7712.4840299438865,False,False
1399,18,"[51, 43]",31.452302932739258,-100.01510620117188,0.17679712176322937,50,43,10.089959761184351,254.92958068847656,261.7243614837447,6.794780795268139,6157.487655084045,7675.456254491504,False,False
1400,18,"[51, 43]",31.42623519897461,-100.16060638427734,0.17700356245040894,50,43,9.942223773780086,254.52511596679688,261.7523325007955,7.2272165339986145,6023.379471801052,7637.955142493514,False,False
1401,18,"[51, 43]",31.398862838745117,-100.30594635009766,0.17727604508399963,50,43,9.794462384878866,254.1307830810547,261.7888347372386,7.658051656183886,5889.224645628248,7600.049806437382,False,False
1402,18,"[51, 43]",31.370216369628906,-100.45111083984375,0.1774303913116455,50,43,9.646697729925435,253.7463150024414,261.8340939603919,8.08777895795049,5754.989151716381,7561.816313185208,False,False
1403,18,"[51, 43]",31.34032440185547,-100.5960922241211,0.17747721076011658,50,43,9.498944728728816,253.37146759033203,261.88835453811384,8.516886947781813,5620.634080441563,7523.324886955777,False,False
1404,18,"[51, 43]",31.309219360351562,-100.74087524414062,0.17742586135864258,50,43,9.351227009226506,253.00601196289062,261.9518593319517,8.945847369061084,5486.125917781013,7484.647402209663,False,False
1405,18,"[51, 43]",31.276931762695312,-100.88545989990234,0.17728465795516968,50,43,9.203553442169408,252.6497039794922,262.0248646060721,9.375160626579884,5351.418220514388,7445.849207229954,False,False
1406,18,"[51, 43]",31.243486404418945,-101.02983856201172,0.17706091701984406,50,43,9.055940296929235,252.30231475830078,262.10768535161276,9.805370593311977,5216.461562780489,7407.002378543995,False,False
1407,18,"[51, 43]",31.20891571044922,-101.17400360107422,0.17676112055778503,50,43,8.908405560414376,251.96363067626953,262.2006079465582,10.236977270288662,5081.211923180719,7368.174596055711,False,False
1408,18,"[51, 43]",31.173248291015625,-101.31793975830078,0.17656736075878143,50,43,8.76097492251093,251.6334228515625,262.30396832363334,10.670545472070842,4945.619753440081,7329.442492274114,False,False
1409,18,"[51, 43]",31.13650894165039,-101.46166229248047,0.17640811204910278,50,43,8.613644024575265,251.31148529052734,262.4181220153918,11.106636724864472,4809.6188106922,7290.865270491298,False,False
1410,18,"[51, 43]",31.098724365234375,-101.60514068603516,0.17633655667304993,50,43,8.46645487391399,250.99761199951172,262.543476370147,11.545864370635286,4673.159605738762,7252.530463419257,False,False
1411,18,"[51, 43]",31.059925079345703,-101.74839782714844,0.17634157836437225,50,43,8.319397790275124,250.69159698486328,262.6803913355777,11.988794350714443,4536.170457189436,7214.49282217456,False,False
1412,18,"[51, 43]",31.020132064819336,-101.89141082763672,0.17641308903694153,50,43,8.172508048074324,250.39325714111328,262.82935898058867,12.436101839475384,4398.588057469854,7176.839874585615,False,False
1413,18,"[51, 43]",30.979372024536133,-102.03418731689453,0.1764831244945526,50,43,8.02579225153305,250.10237884521484,262.99083663136423,12.888457786149388,4260.333468842871,7139.64257441223,False,False
1414,18,"[51, 43]",30.93766975402832,-102.17672729492188,0.17654922604560852,50,43,7.879265218638089,249.81879425048828,263.16533434342693,13.346540092938653,4121.330289060893,7102.9759642123745,False,False
1415,18,"[51, 43]",30.895048141479492,-102.31902313232422,0.1766090840101242,50,43,7.73295007208351,249.54232025146484,263.35341878496035,13.81109853349551,3981.495942665225,7066.924969568995,False,False
1416,18,"[51, 43]",30.851531982421875,-102.46107482910156,0.17666056752204895,50,43,7.586863610840344,249.27276611328125,263.55567575551925,14.282909642237996,3840.740009007711,7031.57264928801,False,False
1417,18,"[51, 43]",30.80714225769043,-102.60289001464844,0.1767016351222992,50,43,7.441015707518525,249.0099639892578,263.7727563326583,14.762792343400463,3698.961839045227,6997.001303756235,False,False
1418,18,"[51, 43]",30.761903762817383,-102.74446105957031,0.17673037946224213,50,43,7.295433000164339,248.75375366210938,264.00534332001587,15.251589657906493,3556.0654757982247,6963.303308676099,False,False
1419,18,"[51, 43]",30.715837478637695,-102.88578033447266,0.17674502730369568,50,43,7.150142987744955,248.50395965576172,264.2541999189672,15.750240263205455,3411.941485106349,6930.578932442202,False,False
1420,18,"[51, 43]",30.668964385986328,-103.02687072753906,0.17674386501312256,50,43,7.005144195530145,248.2604217529297,264.52012235379055,16.259700600860867,3266.462034952295,6898.914014133383,False,False
1421,18,"[51, 43]",30.62130355834961,-103.16770935058594,0.17654894292354584,50,43,6.860482026045161,248.02298736572266,264.80402219558107,16.781034829858413,3119.5080723850933,6868.427236197904,False,False
1422,18,"[51, 43]",30.5728759765625,-103.30831146240234,0.17617645859718323,50,43,6.716165749051933,247.79151153564453,265.1068347240994,17.31532318845484,2970.938621524292,6839.218950298175,False,False
1423,18,"[51, 43]",30.52370262145996,-103.44867706298828,0.1758173555135727,50,43,6.572221592486051,247.56583404541016,265.4295827085409,17.863748663130764,2820.6064515461244,6811.406207326825,False,False
1424,18,"[51, 43]",30.47380256652832,-103.58880615234375,0.1755257397890091,50,43,6.428677579741744,247.34580993652344,265.7733882540733,18.427578317549887,2668.3526440591113,6785.113153631754,False,False
1425,18,"[51, 43]",30.423194885253906,-103.72869110107422,0.17529141902923584,50,43,6.285571510741944,247.1313018798828,266.13947000364976,19.00816812376695,2514.009918920065,6760.475436134355,False,False
1426,18,"[51, 43]",30.371896743774414,-103.86834716796875,0.17510516941547394,50,43,6.1429206116135715,246.92217254638672,266.5291507035921,19.60697815720539,2357.3848501776424,6737.625812863651,False,False
1427,18,"[51, 43]",30.319927215576172,-104.00776672363281,0.17495867609977722,50,43,6.000767706024669,246.7182846069336,266.9438620092467,20.225577402313093,2198.280746713191,6716.7181071909545,False,False
1428,18,"[51, 43]",30.267301559448242,-104.14695739746094,0.17496195435523987,50,43,5.859143096974224,246.51950073242188,267.38518610171036,20.865685369288485,2036.472131595348,6697.910984450298,False,False
1429,18,"[51, 43]",30.214040756225586,-104.28591918945312,0.17509639263153076,50,43,5.718088225516082,246.3257064819336,267.85479041118003,21.52908392924644,1871.7290397101892,6681.372553355608,False,False
1430,18,"[51, 43]",30.16015625,-104.4246597290039,0.17528635263442993,50,43,5.577640106873592,246.13677215576172,268.35458393835046,22.21781178258874,1703.7815363595828,6667.288329250004,False,False
1431,18,"[51, 43]",30.105667114257812,-104.56317138671875,0.1755225956439972,50,43,5.4378553593516346,245.95256805419922,268.8865719379645,22.934003883765286,1532.35413826579,6655.859782257741,False,False
1432,18,"[51, 43]",30.050588607788086,-104.70146179199219,0.17562033236026764,50,43,5.2987797037578925,245.77297973632812,269.4529763616317,23.679996625303602,1357.1353487701067,6647.297370820588,False,False
1433,18,"[51, 43]",29.99522590637207,-104.83888244628906,0.1755572110414505,50,43,5.161119761756468,245.6041030883789,270.0529992458063,24.448896157427384,1179.454964101954,6641.390790345766,False,False
1434,18,"[51, 43]",29.93992805480957,-104.97470092773438,0.1753055304288864,50,43,5.025658106587904,245.453369140625,270.6848756557979,25.231506515172896,1001.0137902052948,6637.786448485841,False,False
1435,18,"[51, 43]",29.885025024414062,-105.10823822021484,0.17484059929847717,51,43,4.89311276746999,245.32807159423828,271.346420470451,26.018348876212713,823.5269148137063,6636.081843741429,True,False
1436,19,"[52, 43]",29.830814361572266,-105.2389144897461,0.17425848543643951,51,43,14.762055047359702,245.2352752685547,270.65667247742556,25.42139720887087,4385.803023189495,8000.0,False,False
1437,19,"[52, 43]",29.775806427001953,-105.37007141113281,0.17371858656406403,51,43,14.631646294027448,245.14481353759766,270.877949614058,25.73313607646037,4332.18967913003,8000.0,False,False
1438,19,"[52, 43]",29.72005844116211,-105.50166320800781,0.17338916659355164,51,43,14.50103917001809,245.05662536621094,271.1061597777002,26.049534411489276,4277.556851323152,8000.0,False,False
1439,19,"[52, 43]",29.66362190246582,-105.63362884521484,0.1733039915561676,51,43,14.370308639049604,244.97064208984375,271.3412937931061,26.370651703262354,4221.885097762595,8000.0,False,False
1440,19,"[52, 43]",29.606548309326172,-105.76592254638672,0.17343465983867645,51,43,14.23951421883331,244.88682556152344,271.58333988506865,26.696514323545216,4165.160501458746,8000.0,False,False
1441,19,"[52, 43]",29.54887580871582,-105.89849853515625,0.1735791712999344,51,43,14.108715625419354,244.80510711669922,271.83233678321085,27.02722966651163,4107.3547960112855,8000.0,False,False
1442,19,"[52, 43]",29.490646362304688,-106.03132629394531,0.17367340624332428,51,43,13.977957155266182,244.72545623779297,272.08830774872746,27.36285151093449,4048.4487515688907,8000.0,False,False
1443,19,"[52, 43]",29.431896209716797,-106.16436767578125,0.17371848225593567,51,43,13.847290844331281,244.64779663085938,272.3512965773425,27.703499946483134,3988.41118590604,8000.0,False,False
1444,19,"[52, 43]",29.372657775878906,-106.29759216308594,0.17365662753582,51,43,13.716761235630266,244.57207489013672,272.6213625673485,28.049287677211794,3927.211787163147,8000.0,False,False
1445,19,"[52, 43]",29.312959671020508,-106.43096923828125,0.17337703704833984,51,43,13.586413074322229,244.49825286865234,272.898580154948,28.400327286295635,3864.819841189009,8000.0,False,False
1446,19,"[52, 43]",29.252830505371094,-106.5644760131836,0.1729564666748047,51,43,13.456283552824791,244.4262924194336,273.1830250004581,28.756732581024494,3801.2039856518827,8000.0,False,False
1447,19,"[52, 43]",29.192296981811523,-106.6980972290039,0.17240510880947113,51,43,13.326402421307273,244.35613250732422,273.47478284430315,29.11865033697893,3736.326497019647,8000.0,False,False
1448,19,"[52, 43]",29.131380081176758,-106.8318099975586,0.1718498021364212,51,43,13.19680751181036,244.28773498535156,273.77396283035984,29.486227845008273,3670.1490117163544,8000.0,False,False
1449,19,"[52, 43]",29.07010269165039,-106.9655990600586,0.171404629945755,51,43,13.067529103362322,244.2210464477539,274.08066896481694,29.85962251706303,3602.630774984097,8000.0,False,False
1450,19,"[52, 43]",29.008485794067383,-107.09943389892578,0.17111341655254364,51,43,12.938612991690858,244.15603637695312,274.39500965950236,30.23897328254924,3533.7337985438962,8000.0,False,False
1451,19,"[52, 43]",28.946544647216797,-107.23332214355469,0.17101557552814484,51,43,12.810067590397745,244.0926513671875,274.7171324938927,30.624481126705177,3463.4082017921764,8000.0,False,False
1452,19,"[52, 43]",28.884296417236328,-107.36723327636719,0.1710878163576126,51,43,12.681939503810773,244.03086853027344,275.04716613695655,31.01629760668311,3391.6124242653855,8000.0,False,False
1453,19,"[52, 43]",28.821758270263672,-107.50116729736328,0.17136791348457336,51,43,12.554245198425638,243.97061157226562,275.38525229370913,31.414640721443504,3318.2920424908407,8000.0,False,False
1454,19,"[52, 43]",28.758943557739258,-107.6351089477539,0.1717723309993744,51,43,12.427017012412607,243.91187286376953,275.7315467121124,31.81967384834286,3243.4019185320985,8000.0,False,False
1455,19,"[52, 43]",28.695863723754883,-107.76905822753906,0.1721670925617218,51,43,12.300272682682621,243.85460662841797,276.08622376694535,32.23161713852738,3166.885679870019,8000.0,False,False
1456,19,"[52, 43]",28.632532119750977,-107.90300750732422,0.1725492775440216,51,43,12.174037775995561,243.79877471923828,276.44944946047144,32.65067474123316,3088.689078152548,8000.0,False,False
1457,19,"[52, 43]",28.568958282470703,-108.03694152832031,0.17285747826099396,51,43,12.048346292920716,243.7443389892578,276.8214066922168,33.07706770295897,3008.7538635158962,8000.0,False,False
1458,19,"[52, 43]",28.505155563354492,-108.17086029052734,0.17303647100925446,51,43,11.92321710596569,243.69126892089844,277.20227204745146,33.51100312655302,2892.3460063078287,8000.0,False,False
1459,19,"[52, 43]",28.441129684448242,-108.30476379394531,0.1730365753173828,51,43,11.79867054274001,243.63951110839844,277.5922630239446,33.95275191554617,2752.9689035099386,8000.0,False,False
1460,19,"[52, 43]",28.376893997192383,-108.43864440917969,0.1728719025850296,51,43,11.674734095205006,243.5890655517578,277.9915604603211,34.40249490856331,2612.546742289775,8000.0,False,False
1461,19,"[52, 43]",28.312454223632812,-108.57249450683594,0.17255520820617676,51,43,11.551436817280765,243.5398712158203,278.4003855740292,34.86051435820889,2471.041524099346,8000.0,False,False
1462,19,"[52, 43]",28.247817993164062,-108.70631408691406,0.1721567064523697,51,43,11.428800605860413,243.49191284179688,278.81896024839386,35.32704740659699,2328.420351765528,8000.0,False,False
1463,19,"[52, 43]",28.18299674987793,-108.84010314941406,0.17168085277080536,51,43,11.306847417678902,243.44515228271484,279.2474924422967,35.80234015958183,2184.6484884071647,8000.0,False,False
1464,19,"[52, 43]",28.117992401123047,-108.9738540649414,0.17119039595127106,51,43,11.185608914289814,243.39955139160156,279.6862360924204,36.28668470081885,2039.6865303380978,8000.0,False,False
1465,19,"[52, 43]",28.05281639099121,-109.1075668334961,0.17074187099933624,51,43,11.065108417631832,243.3551025390625,280.1354081440201,36.78030560495762,1893.5039514870068,8000.0,False,False
1466,19,"[52, 43]",27.987472534179688,-109.2412338256836,0.17038607597351074,51,43,10.945378768882144,243.31175994873047,280.59526164646945,37.283501697738984,1746.0600174876245,8000.0,False,False
1467,19,"[52, 43]",27.921968460083008,-109.37486267089844,0.17010998725891113,51,43,10.82643793420335,243.26949310302734,281.06604926879163,37.79655616576429,1597.3102347401064,8000.0,False,False
1468,19,"[52, 43]",27.856307983398438,-109.50845336914062,0.16990187764167786,51,43,10.708312946936973,243.22827911376953,281.548041795086,38.31976268131649,1447.2117738744937,8000.0,False,False
1469,19,"[52, 43]",27.790613174438477,-109.64176177978516,0.16974158585071564,51,43,10.591245874385335,243.19039916992188,282.04061409301346,38.850214923091585,1296.4231899935921,8000.0,False,False
1470,19,"[52, 43]",27.725217819213867,-109.77413940429688,0.16959348320960999,51,43,10.47582258788187,243.16226959228516,282.5414545010259,39.37918490874074,1146.8595883234493,8000.0,False,False
1471,19,"[52, 43]",27.660417556762695,-109.9050064086914,0.1694260984659195,51,43,10.362554782352941,243.15018463134766,283.0483225259576,39.89813789460993,1000.3679765242077,8000.0,False,False
1472,19,"[52, 43]",27.596477508544922,-110.03386688232422,0.16921208798885345,51,43,10.251864693126047,243.16007232666016,283.55904809097296,40.39897576431281,858.6736024145557,8000.0,False,False
1473,19,"[52, 43]",27.53362464904785,-110.1602783203125,0.1689281165599823,51,43,10.144118005302213,243.19752502441406,284.07155870874044,40.87403368432638,723.3929773950385,8000.0,False,False
1474,19,"[52, 43]",27.472061157226562,-110.28389739990234,0.16855469346046448,51,43,10.039577905889626,243.2677459716797,284.5838940356803,41.31614806400063,596.0003965602909,8000.0,False,False
1475,19,"[52, 43]",27.411949157714844,-110.40443420410156,0.168134868144989,51,43,9.938455116650118,243.3754119873047,285.0942585935978,41.718846606293084,477.8105241629455,8000.0,False,False
1476,19,"[52, 43]",27.35342025756836,-110.52168273925781,0.16776809096336365,51,43,9.84087813298858,243.5247344970703,285.6010431120249,42.0763086149546,369.9722224005809,8000.0,False,False
1477,19,"[52, 43]",27.29657554626465,-110.635498046875,0.16748715937137604,51,43,9.746917492578678,243.71935272216797,286.10282306230573,42.38347034013776,273.456860442745,8000.0,False,False
1478,19,"[52, 43]",27.241479873657227,-110.74580383300781,0.16726502776145935,51,43,9.656582210317014,243.9623031616211,286.59843309168025,42.636129930059155,189.03565723099655,8000.0,False,False
1479,19,"[52, 43]",27.188175201416016,-110.85259246826172,0.16707971692085266,51,43,9.569818349876558,244.2560577392578,287.08692299676386,42.83086525750605,117.29418790664113,8000.0,False,False
1480,19,"[52, 43]",27.136669158935547,-110.9559097290039,0.16691382229328156,51,43,9.48652899301515,244.60245513916016,287.5676250937747,42.96516995461457,58.61406996569167,8000.0,False,False
1481,19,"[52, 43]",27.08694839477539,-111.05587005615234,0.16675415635108948,51,43,9.40655782457823,245.0027084350586,288.04013122082506,43.037422785766466,13.172577107058714,8000.0,False,False
1482,19,"[52, 43]",27.038972854614258,-111.15261840820312,0.16665004193782806,51,43,9.329728977123475,245.45745849609375,288.50427863662173,43.046820140527984,-19.027964760440227,8000.0,False,False
1483,19,"[52, 43]",26.992685317993164,-111.24635314941406,0.16653065383434296,51,43,9.255823830507309,245.96673583984375,288.9601549300266,42.99341909018284,-38.17637019846552,8000.0,False,False
1484,19,"[52, 43]",26.948009490966797,-111.33732604980469,0.1663934290409088,51,43,9.184583062644773,246.52999114990234,289.4081285443174,42.878137394415035,-44.64996984889149,8000.0,False,False
1485,19,"[52, 43]",26.904861450195312,-111.42581176757812,0.16623829305171967,51,43,9.115732910056591,247.14617919921875,289.84873458099645,42.7025553817777,-38.96458152137075,8000.0,False,False
1486,19,"[52, 43]",26.863142013549805,-111.5121078491211,0.16606734693050385,51,43,9.048988407115358,247.81371307373047,290.28272703872676,42.46901396499629,-21.78922485561452,8000.0,False,False
1487,19,"[52, 43]",26.822751998901367,-111.59656524658203,0.16588452458381653,51,43,8.984020286900412,248.5305633544922,290.7110643004403,42.1805009459481,6.065041169375945,8000.0,False,False
1488,19,"[52, 43]",26.78359031677246,-111.67951965332031,0.16569527983665466,51,43,8.920520413621775,249.2942886352539,291.1347763609564,41.840487725702474,43.70480946929638,8000.0,False,False
1489,19,"[52, 43]",26.74555778503418,-111.76133728027344,0.16556507349014282,51,43,8.858157683173399,250.10208892822266,291.55504526273313,41.452956334510475,90.13480874814923,8000.0,False,False
1490,19,"[52, 43]",26.70856285095215,-111.84239196777344,0.16537806391716003,51,43,8.796597485026787,250.95084381103516,291.97312327459446,41.0222794635593,144.291253106564,8000.0,False,False
1491,19,"[52, 43]",26.67251968383789,-111.92305755615234,0.16532543301582336,51,43,8.735509401040906,251.8371810913086,292.3903270646973,40.55314597338872,205.0619262842065,8000.0,False,False
1492,19,"[52, 43]",26.63735580444336,-112.00370025634766,0.16540417075157166,51,43,8.674571204171725,252.75751495361328,292.807972209695,40.0504572560817,271.30990437708533,8000.0,False,False
1493,19,"[52, 43]",26.603017807006836,-112.08468627929688,0.16561265289783478,51,43,8.613459195739177,253.70812225341797,293.22735641750387,39.5192341640859,341.8891963007354,8000.0,False,False
1494,19,"[52, 43]",26.569459915161133,-112.1663589477539,0.16595043241977692,51,43,8.55187332747168,254.68519592285156,293.6497691448783,38.96457322202673,415.6654178268882,8000.0,False,False
1495,19,"[52, 43]",26.536657333374023,-112.2490463256836,0.1664179116487503,51,43,8.489524444152977,255.68486785888672,294.0764262324137,38.391558373527005,491.5284277027931,8000.0,False,False
1496,19,"[52, 43]",26.504600524902344,-112.33306884765625,0.16701607406139374,51,43,8.426129051070369,256.7032775878906,294.5085242506449,37.80524666275426,568.3941212219734,8000.0,False,False
1497,19,"[52, 43]",26.473299026489258,-112.41870880126953,0.16762875020503998,51,43,8.361435044088404,257.7366256713867,294.94713004383067,37.21050437244395,645.2454023507871,8000.0,False,False
1498,19,"[52, 43]",26.442773818969727,-112.50621032714844,0.1682692915201187,51,43,8.295224033378723,258.7811965942383,295.3932191879156,36.612022593677295,721.1308176362727,8000.0,False,False
1499,19,"[52, 43]",26.413068771362305,-112.59581756591797,0.16889110207557678,51,43,8.227271306827387,259.8334274291992,295.8477116448849,36.01428421568568,795.1529156404508,8000.0,False,False
1500,19,"[52, 43]",26.384233474731445,-112.68770599365234,0.1694522649049759,51,43,8.157414492381792,260.8899154663086,296.3113701605671,35.4214546942585,866.5163423702879,8000.0,False,False
1501,19,"[52, 43]",26.356334686279297,-112.78204345703125,0.16991496086120605,51,43,8.085492784895477,261.9474639892578,296.7849026941876,34.83743870492981,934.4903931113499,8000.0,False,False
1502,19,"[52, 43]",26.329444885253906,-112.87895965576172,0.17030367255210876,51,43,8.011378809834046,263.0030822753906,297.26893649118705,34.26585421579642,998.4260015673531,8000.0,False,False
1503,19,"[52, 43]",26.303647994995117,-112.9785385131836,0.17052245140075684,51,43,7.934982013574428,264.0540542602539,297.76394601926535,33.70989175901144,1057.7793623140897,8000.0,False,False
1504,19,"[52, 43]",26.27903175354004,-113.08082580566406,0.17054320871829987,51,43,7.85624440955904,265.0979309082031,298.27031281259553,33.17238190439241,1112.0962382407752,8000.0,False,False
1505,19,"[52, 43]",26.255685806274414,-113.18585968017578,0.1702812761068344,51,43,7.775113959267028,266.1325225830078,298.78843346126564,32.65591087825783,1160.9783984225655,8000.0,False,False
1506,19,"[52, 43]",26.23370361328125,-113.29361724853516,0.1698361039161682,51,43,7.691590087995842,267.15594482421875,299.3185134860639,32.16256866184517,1204.14385624649,8000.0,False,False
1507,19,"[52, 43]",26.213172912597656,-113.40406036376953,0.1693551242351532,51,43,7.605687284833649,268.16661071777344,299.8607745796837,31.694163861910283,1241.3721028874447,8000.0,False,False
1508,19,"[52, 43]",26.19417953491211,-113.5171127319336,0.16885246336460114,51,43,7.51745280949201,269.1632080078125,300.4153373558179,31.252129348005383,1272.525496220102,8000.0,False,False
1509,19,"[52, 43]",26.176809310913086,-113.6326675415039,0.16845741868019104,51,43,7.42695830620711,270.14476013183594,300.98222093773364,30.837460805897706,1297.5529003861525,8000.0,False,False
1510,19,"[52, 43]",26.1611328125,-113.7506103515625,0.16816769540309906,51,43,7.334287440594482,271.1105422973633,301.5615216432205,30.450979345857206,1316.4392272566774,8000.0,False,False
1511,19,"[52, 43]",26.1472225189209,-113.87078857421875,0.16803888976573944,51,43,7.239552957236906,272.0601348876953,302.15316821217647,30.093033324481155,1329.259598348653,8000.0,False,False
1512,19,"[52, 43]",26.1351318359375,-113.99303436279297,0.16811993718147278,51,43,7.142887517815881,272.9933853149414,302.7571377871065,29.763752472165095,1336.1323849792052,7985.418508344105,False,False
1513,19,"[52, 43]",26.12491226196289,-114.11717224121094,0.16839486360549927,51,43,7.0444281114271226,273.91040802001953,303.37336558431656,29.462957564297028,1337.2249223721565,7919.312818338262,False,False
1514,19,"[52, 43]",26.116601943969727,-114.24299621582031,0.1688481867313385,51,43,6.944341079802961,274.81156158447266,304.0017098474037,29.190148262931018,1332.7657350630839,7853.907448131242,False,False
1515,19,"[52, 43]",26.1102294921875,-114.37030029296875,0.1694648414850235,51,43,6.842794268045449,275.6974334716797,304.64204835780544,28.94461488612575,1323.0127170823584,7789.301747285979,False,False
1516,19,"[52, 43]",26.105812072753906,-114.49887084960938,0.17011253535747528,51,43,6.739964505988641,276.5688247680664,305.2942510777336,28.72542630966717,1308.2577826281122,7725.579614854625,False,False
1517,19,"[52, 43]",26.103361129760742,-114.62847900390625,0.17073002457618713,51,43,6.636040407994474,277.42675018310547,305.9580925079013,28.531342324795844,1288.8410539559682,7662.804107796619,False,False
1518,19,"[52, 43]",26.10287094116211,-114.7589111328125,0.17131994664669037,51,43,6.531204132087395,278.27237701416016,306.6334741923623,28.361097178202158,1265.0978113679703,7601.027734410538,False,False
1519,19,"[52, 43]",26.104333877563477,-114.88993072509766,0.1718248724937439,51,43,6.425653471188793,279.1070556640625,307.3201195676634,28.213063903600926,1237.4205125870985,7540.279484662621,False,False
1520,19,"[52, 43]",26.107728958129883,-115.02131652832031,0.1721923053264618,52,43,6.31957775286903,279.93224334716797,308.0178410817091,28.085597734541125,1206.1942105454295,7480.576967132989,False,False
1521,19,"[52, 43]",26.11302947998047,-115.15284729003906,0.17243288457393646,52,43,6.213165796691937,280.7495422363281,308.72640487852476,27.976862642196636,1171.8269484744728,7421.918052276478,False,False
1522,19,"[52, 43]",26.12019920349121,-115.28430938720703,0.17255549132823944,52,43,6.106602343052473,281.5606460571289,309.4455957707088,27.884949713579886,1134.7299801076301,7364.287538571871,False,False
1523,19,"[52, 43]",26.129199981689453,-115.41548156738281,0.17256739735603333,52,43,6.000075169592435,282.3673095703125,310.1750672393271,27.80775766901462,1095.3393138284696,7307.65200401738,False,False
1524,19,"[52, 43]",26.139984130859375,-115.54617309570312,0.17247456312179565,52,43,5.893750639741738,283.17134857177734,310.9146223603484,27.74327378857106,1054.0617392703666,7251.968592298286,False,False
1525,19,"[52, 43]",26.152503967285156,-115.67619323730469,0.17228183150291443,52,43,5.787791516881562,283.9746322631836,311.6639654949156,27.689333231732007,1011.3198717125952,7197.176288680347,False,False
1526,19,"[52, 43]",26.166706085205078,-115.80535888671875,0.17205198109149933,52,43,5.682354820532869,284.7790298461914,312.4227862630402,27.643756416848817,967.5305958583499,7143.205054652872,False,False
1527,19,"[52, 43]",26.182533264160156,-115.93350219726562,0.17178231477737427,52,43,5.57758519960809,285.58641052246094,313.19079772978256,27.604387207321622,923.0964696880842,7089.975762656595,False,False
1528,19,"[52, 43]",26.199932098388672,-116.06046295166016,0.17147022485733032,52,43,5.47361564343889,286.3986282348633,313.96763094038863,27.56900270552535,878.4196916817436,7037.394011075562,False,False
1529,19,"[52, 43]",26.218843460083008,-116.18611145019531,0.1712895780801773,52,43,5.370557759645487,287.2174987792969,314.7530765928559,27.53557781355903,833.8585012446847,6985.3656281017265,False,False
1530,19,"[52, 43]",26.23921012878418,-116.31031799316406,0.1712203472852707,52,43,5.26851912466951,288.04479217529297,315.546818629444,27.502026454151007,789.7741372924852,6933.785818515096,False,False
1531,19,"[52, 43]",26.2609806060791,-116.4329605102539,0.17130336165428162,52,43,5.1675948708780055,288.88221740722656,316.3484565954857,27.466239188259124,746.521266189262,6882.537995474592,False,False
1532,19,"[52, 43]",26.28409767150879,-116.55394744873047,0.17151661217212677,52,43,5.067860327692314,289.73138427734375,317.1577827988652,27.426398521521435,704.3984920420667,6831.514730949637,False,False
1533,19,"[52, 43]",26.308513641357422,-116.6731948852539,0.17184054851531982,52,43,4.969376601500938,290.5938415527344,317.9745018981937,27.38066034545932,663.6980881675531,6780.596320468521,True,False
1534,20,"[53, 43]",26.33418083190918,-116.79063415527344,0.17225775122642517,52,43,13.70859497515959,291.47100830078125,285.5102211308424,-5.96078716993884,8000.0,7290.919290366442,False,False
1535,20,"[53, 43]",26.362672805786133,-116.91026306152344,0.17282326519489288,52,43,13.585704333463374,292.3262481689453,285.5293494811582,-6.79689868778712,8000.0,7184.554454510006,False,False
1536,20,"[53, 43]",26.393917083740234,-117.03178405761719,0.1735253781080246,52,43,13.460254779431638,293.1601104736328,285.53969912202837,-7.620411351604446,8000.0,7078.138775079911,False,False
1537,20,"[53, 43]",26.427837371826172,-117.15492248535156,0.1742357760667801,52,43,13.332530224959127,293.97312927246094,285.5410278430085,-8.432101429452416,8000.0,6971.647877517389,False,False
1538,20,"[53, 43]",26.464359283447266,-117.27943420410156,0.17495641112327576,52,43,13.202785669862509,294.7658157348633,285.533101816353,-9.232713918510285,8000.0,6865.05449679354,False,False
1539,20,"[53, 43]",26.503416061401367,-117.40509033203125,0.17568877339363098,52,43,13.071260412980786,295.53868865966797,285.51565535748705,-10.02303330218092,8000.0,6758.319359461531,False,False
1540,20,"[53, 43]",26.544931411743164,-117.53169250488281,0.17631644010543823,52,43,12.938167982460055,296.29223251342773,285.4884819269644,-10.803750586463309,8000.0,6651.409337514806,False,False
1541,20,"[53, 43]",26.588842391967773,-117.6590576171875,0.17667566239833832,52,43,12.803704742094531,297.0269432067871,285.45132140001067,-11.57562180677644,8000.0,6544.276357720068,False,False
1542,20,"[53, 43]",26.63507652282715,-117.78701782226562,0.17679528892040253,52,43,12.668056034012737,297.74327850341797,285.4039580855153,-12.339320417902684,8000.0,6436.877862747429,False,False
1543,20,"[53, 43]",26.68357276916504,-117.91544342041016,0.17670109868049622,52,43,12.531368532715485,298.441707611084,285.3461593854077,-13.095548225676282,8000.0,6329.161820848461,False,False
1544,20,"[53, 43]",26.73426055908203,-118.044189453125,0.17647485435009003,52,43,12.393807321752854,299.12266540527344,285.27770362789033,-13.844961777383105,8000.0,6221.077296331611,False,False
1545,20,"[53, 43]",26.787080764770508,-118.17313385009766,0.17613111436367035,52,43,12.25551357307451,299.7865982055664,285.1983344277953,-14.58826377777109,8000.0,6112.561559450942,False,False
1546,20,"[53, 43]",26.841968536376953,-118.30218505859375,0.17568282783031464,52,43,12.116601715358167,300.4339294433594,285.10784686260877,-15.326082580750608,8000.0,6003.5577154536195,False,False
1547,20,"[53, 43]",26.89886474609375,-118.43123626708984,0.17514139413833618,52,43,11.977200598258241,301.0650749206543,285.0059808683219,-16.059094052332398,8000.0,5882.129393816796,False,False
1548,20,"[53, 43]",26.95771026611328,-118.5602035522461,0.17457571625709534,52,43,11.837418197856973,301.68042755126953,284.89249383294737,-16.787933718322165,8000.0,5699.500730741553,False,False
1549,20,"[53, 43]",27.018447875976562,-118.68901062011719,0.17410637438297272,52,43,11.697355847373819,302.2803955078125,284.76713355213315,-17.513261955679354,8000.0,5516.59489162517,False,False
1550,20,"[53, 43]",27.081018447875977,-118.81759643554688,0.17372407019138336,52,43,11.557101833069325,302.8653564453125,284.629666065515,-18.235690379797518,8000.0,5333.417716654668,False,False
1551,20,"[53, 43]",27.14537239074707,-118.94589233398438,0.17353788018226624,52,43,11.416750635770867,303.4356803894043,284.4797925297804,-18.955887859623886,8000.0,5149.964910062613,False,False
1552,20,"[53, 43]",27.211450576782227,-119.0738525390625,0.17352813482284546,52,43,11.27637824054688,303.9917449951172,284.3172787179745,-19.6744662771427,8000.0,4966.227116579563,False,False
1553,20,"[53, 43]",27.279207229614258,-119.20142364501953,0.17373575270175934,52,43,11.136065938819085,304.5339012145996,284.1418060281268,-20.39209518647283,8000.0,4782.184680426119,False,False
1554,20,"[53, 43]",27.348587036132812,-119.32856750488281,0.17402103543281555,52,43,10.995883875469312,305.0624885559082,283.95311184259685,-21.10937671331135,8000.0,4597.818983292492,False,False
1555,20,"[53, 43]",27.419544219970703,-119.45524597167969,0.17437569797039032,52,43,10.85590113949386,305.5778579711914,283.75087605840906,-21.826981912782344,8000.0,4413.096431346827,False,False
1556,20,"[53, 43]",27.49203109741211,-119.58142852783203,0.1748509407043457,52,43,10.716181201203169,306.08032608032227,283.5347870521906,-22.545539028131657,8000.0,4227.983952257685,False,False
1557,20,"[53, 43]",27.566001892089844,-119.70709228515625,0.1754339039325714,52,43,10.576780985517296,306.5702247619629,283.30452232865065,-23.265702433312242,8000.0,4042.4378533138947,False,False
1558,20,"[53, 43]",27.64141082763672,-119.83220672607422,0.17605403065681458,52,43,10.437766185601191,307.0478706359863,283.0597390735204,-23.988131562465924,8000.0,3856.414947725716,False,False
1559,20,"[53, 43]",27.71821403503418,-119.95675659179688,0.17670653760433197,52,43,10.29918857708366,307.51356506347656,282.8000924709128,-24.71347259256379,8000.0,3669.86439656658,False,False
1560,20,"[53, 43]",27.796371459960938,-120.08072662353516,0.17697541415691376,52,43,10.161100484667935,307.9676055908203,282.52520540981834,-25.44240018100197,8000.0,3482.7283325685958,False,False
1561,20,"[53, 43]",27.875843048095703,-120.2041015625,0.1768978238105774,52,43,10.023555704147022,308.4102783203125,282.23468836879607,-26.17558995151643,8000.0,3294.946861900664,False,False
1562,20,"[53, 43]",27.956588745117188,-120.32685852050781,0.1765071004629135,52,43,9.8866169966705,308.84188079833984,281.9281304045759,-26.913750393763962,8000.0,3106.4565028283405,False,False
1563,20,"[53, 43]",28.0385684967041,-120.44900512695312,0.1758919507265091,52,43,9.75031879515174,309.2626762390137,281.6051450542775,-27.657531184736172,8000.0,2917.187422457783,False,False
1564,20,"[53, 43]",28.121746063232422,-120.57052612304688,0.17513199150562286,52,43,9.614718687882881,309.67294692993164,281.2652836060647,-28.407663323866927,8000.0,2727.0653149424083,False,False
1565,20,"[53, 43]",28.206083297729492,-120.69140625,0.17429877817630768,52,43,9.479876303898916,310.0729446411133,280.90809571450126,-29.164848926612024,8000.0,2536.019365899245,False,False
1566,20,"[53, 43]",28.291545867919922,-120.81166076660156,0.1735154092311859,52,43,9.345822242554718,310.4629325866699,280.5331304244163,-29.929802162253623,8000.0,2343.9609245355423,False,False
1567,20,"[53, 43]",28.378095626831055,-120.93126678466797,0.17289243638515472,52,43,9.212626982927887,310.8431587219238,280.139902561507,-30.703256160416856,8000.0,2150.815004124141,False,False
1568,20,"[53, 43]",28.4657039642334,-121.05023193359375,0.17247049510478973,52,43,9.080331093513836,311.2138671875,279.72789001622044,-31.485977171279558,8000.0,1956.4849225867638,False,False
1569,20,"[53, 43]",28.554336547851562,-121.1685562133789,0.17222720384597778,52,43,8.948985538770641,311.5752944946289,279.29658222328055,-32.278712271348354,8000.0,1760.880236431337,False,False
1570,20,"[53, 43]",28.64396095275879,-121.28624725341797,0.17220112681388855,52,43,8.818635315410697,311.927677154541,278.8454507866642,-33.08222636787684,8000.0,1563.902909031361,False,False
1571,20,"[53, 43]",28.73455047607422,-121.4032974243164,0.1723680943250656,52,43,8.689341613285148,312.27123641967773,278.37390078232517,-33.89733563735257,8000.0,1365.451657622285,False,False
1572,20,"[53, 43]",28.82562255859375,-121.51921081542969,0.172677680850029,52,43,8.561714055491965,312.60035705566406,277.8838971504597,-34.716459905204374,8000.0,1167.117491850454,False,False
1573,20,"[53, 43]",28.91652488708496,-121.63331604003906,0.17307120561599731,52,43,8.43654661613233,312.9067916870117,277.37866809448286,-35.52812359252886,8000.0,971.2549735420716,False,False
1574,20,"[53, 43]",29.00666618347168,-121.74503326416016,0.17337903380393982,52,43,8.314516695568122,313.1826057434082,276.8615054076852,-36.32110033572303,8000.0,780.133734692748,False,False
1575,20,"[53, 43]",29.095518112182617,-121.85385131835938,0.17339102923870087,52,43,8.196208015221734,313.4202690124512,276.33570527071186,-37.084563741739316,8000.0,595.9191723539898,False,False
1576,20,"[53, 43]",29.1826171875,-121.95936584472656,0.17309623956680298,52,43,8.082073513716649,313.6127471923828,275.8045490049639,-37.808198187418895,8000.0,420.6332970399626,False,False
1577,20,"[53, 43]",29.267566680908203,-122.06123352050781,0.17254573106765747,52,43,7.972482159454771,313.7535629272461,275.27120595585575,-38.482356971390345,8000.0,256.14367320970723,False,False
1578,20,"[53, 43]",29.350034713745117,-122.15922546386719,0.17172914743423462,52,43,7.867668028063024,313.8368606567383,274.7387304120935,-39.09813024464478,8000.0,104.12602143707954,False,False
1579,20,"[53, 43]",29.429759979248047,-122.25315856933594,0.17075763642787933,52,43,7.767800578871758,313.8574867248535,274.20991289919914,-39.647573825654376,8000.0,-33.949313573813015,False,False
1580,20,"[53, 43]",29.506547927856445,-122.34294128417969,0.16973425447940826,52,43,7.6729422730151295,313.81101989746094,273.6872747325611,-40.123745164899844,8000.0,-156.84472832281062,False,False
1581,20,"[53, 43]",29.58026695251465,-122.42854309082031,0.16887272894382477,52,43,7.583082193852059,313.69379806518555,273.1730144177613,-40.52078364742425,8000.0,-263.55766544389917,False,False
1582,20,"[53, 43]",29.65085220336914,-122.51000213623047,0.1683100014925003,52,43,7.4981312460615355,313.5029640197754,272.6689225393658,-40.83404148040961,8000.0,-353.3473048990945,False,False
1583,20,"[53, 43]",29.71830177307129,-122.5874252319336,0.16799652576446533,52,43,7.417925490541781,313.23646545410156,272.1763498956746,-41.06011555842696,8000.0,-425.73965063705145,False,False
1584,20,"[53, 43]",29.782665252685547,-122.66097259521484,0.16800902783870697,52,43,7.34224472764139,312.8930435180664,271.69623642240157,-41.19680709566484,8000.0,-480.51298793801925,False,False
1585,20,"[53, 43]",29.84404945373535,-122.73084259033203,0.16824375092983246,52,43,7.27083007774291,312.4722557067871,271.2290196959663,-41.243236010820794,8000.0,-517.710129488426,False,False
1586,20,"[53, 43]",29.902605056762695,-122.79729461669922,0.16861101984977722,52,43,7.203363840151228,311.97441482543945,270.77470600612594,-41.199708819313514,8000.0,-537.6220956585421,False,False
1587,20,"[53, 43]",29.95852279663086,-122.8606185913086,0.16909243166446686,52,43,7.13950189139045,311.4005928039551,270.3328638472734,-41.06772895668166,8000.0,-540.7745492553818,False,False
1588,20,"[53, 43]",30.01202392578125,-122.92115783691406,0.16955718398094177,52,43,7.078852374832687,310.75255584716797,269.9026790650182,-40.84987678214975,8000.0,-527.9127691651033,False,False
1589,20,"[53, 43]",30.063358306884766,-122.97926330566406,0.17006716132164001,52,43,7.02102257554029,310.03271484375,269.4829509784081,-40.5497638653419,8000.0,-499.9711146663385,False,False
1590,20,"[53, 43]",30.112791061401367,-123.03533172607422,0.17044579982757568,52,43,6.965581525569877,309.244083404541,269.0721902823053,-40.1718931222357,8000.0,-458.0601210089594,False,False
1591,20,"[53, 43]",30.160594940185547,-123.08977508544922,0.1706545650959015,52,43,6.912090791105941,308.39019775390625,268.6686748472699,-39.721522906636324,8000.0,-403.42618649244696,False,False
1592,20,"[53, 43]",30.207048416137695,-123.14300537109375,0.17072010040283203,52,43,6.860119852267474,307.47507095336914,268.2704672170149,-39.204603736354215,8000.0,-337.42956072299285,False,False
1593,20,"[53, 43]",30.252418518066406,-123.19547271728516,0.17072737216949463,52,43,6.80920749055817,306.5030975341797,267.8755486274387,-38.62754890674097,8000.0,-261.516589266771,False,False
1594,20,"[53, 43]",30.296968460083008,-123.24761199951172,0.17075487971305847,52,43,6.758915147819374,305.4789924621582,267.4817676580237,-37.997224804134476,8000.0,-177.1910655205279,False,False
1595,20,"[53, 43]",30.34093475341797,-123.29986572265625,0.17069858312606812,52,43,6.708802861951217,304.40772247314453,267.0870301757169,-37.32069229742763,8000.0,-85.97612775098423,False,False
1596,20,"[53, 43]",30.384536743164062,-123.35266876220703,0.1705252081155777,52,43,6.658444344723581,303.29443359375,266.6892269425286,-36.60520665122141,8000.0,10.596234674227162,False,False
1597,20,"[53, 43]",30.427963256835938,-123.40644836425781,0.1702648401260376,52,43,6.607425801505462,302.14435958862305,266.2863502151249,-35.858009373498135,8000.0,111.02301283570523,False,False
1598,20,"[53, 43]",30.471376419067383,-123.46160888671875,0.16994567215442657,52,43,6.555360713087268,300.9627914428711,265.87647279008473,-35.08631865278636,8000.0,213.8412330619435,False,False
1599,20,"[53, 43]",30.5148983001709,-123.51854705810547,0.16959387063980103,52,43,6.501872999183555,299.7549743652344,265.45785916066677,-34.2971152045676,7979.706983625818,317.6579051552476,False,False
1600,20,"[53, 43]",30.558624267578125,-123.57762908935547,0.1693512201309204,52,43,6.446619981526774,298.526065826416,265.02886709194433,-33.49719873447168,7904.498323123548,421.15229929751786,False,False
1601,20,"[53, 43]",30.602611541748047,-123.6391830444336,0.1691693663597107,52,43,6.389298319257682,297.2810935974121,264.5880609439557,-32.693032653456385,7826.798199545345,523.104602555492,False,False
1602,20,"[53, 43]",30.64688491821289,-123.7035140991211,0.16906379163265228,52,43,6.329628330113716,296.0248794555664,264.1341577877232,-31.890721667843195,7746.847791168077,622.3921887237734,False,False
1603,20,"[53, 43]",30.691436767578125,-123.7708969116211,0.16916610300540924,52,43,6.267360695636603,294.7620162963867,263.6660394242735,-31.095976872113226,7664.905050690808,717.9971397482991,False,False
1604,20,"[53, 43]",30.736225128173828,-123.841552734375,0.16947701573371887,52,43,6.202297974367131,293.49681854248047,263.18280318990554,-30.314015352574927,7581.246230228482,809.0301994759416,False,False
1605,20,"[53, 43]",30.781190872192383,-123.9156723022461,0.16999684274196625,52,43,6.134272794101355,292.23328399658203,262.68359691945045,-29.54968707713158,7496.162172747211,894.6987176436514,False,False
1606,20,"[53, 43]",30.82623863220215,-123.993408203125,0.17072542011737823,52,43,6.06315225700537,290.97511291503906,262.1678129536094,-28.807299961429635,7409.945571666725,974.3329900784665,False,False
1607,20,"[53, 43]",30.87126350402832,-124.07485961914062,0.17166192829608917,52,43,5.988855368627806,289.7255859375,261.63487743536575,-28.090708502134248,7322.902058272843,1047.3775452461891,False,False
1608,20,"[53, 43]",30.916135787963867,-124.16010284423828,0.17280489206314087,52,43,5.911319951741911,288.4877014160156,261.0843693515281,-27.40333206448753,7235.332569200376,1113.3694262545528,False,False
1609,20,"[53, 43]",30.960716247558594,-124.24915313720703,0.17397566139698029,52,43,5.830541599853207,287.2639846801758,260.51594801502165,-26.74803666515413,7147.5396893395755,1171.9709437254496,False,False
1610,20,"[53, 43]",31.00485610961914,-124.34199523925781,0.1751299947500229,52,43,5.746542758356556,286.0566635131836,259.92933051373086,-26.127332999452733,7059.823923910745,1222.9217081614197,False,False
1611,20,"[53, 43]",31.04840087890625,-124.43858337402344,0.17622694373130798,52,43,5.65937269408721,284.8675079345703,259.3242702084425,-25.543237726127813,6972.4699108216355,1266.0558315824674,False,False
1612,20,"[53, 43]",31.09119415283203,-124.53881072998047,0.17711076140403748,52,43,5.569137538448056,283.6979446411133,258.7005966973134,-24.997347943799866,6885.763317231571,1301.3021858915113,False,False
1613,20,"[53, 43]",31.133079528808594,-124.64256286621094,0.17775751650333405,52,43,5.475947576548471,282.5490188598633,258.0581207353851,-24.49089812447818,6799.966599988104,1328.6474442422045,False,False
1614,20,"[53, 43]",31.173906326293945,-124.74968719482422,0.17820300161838531,52,43,5.379948012305112,281.42137908935547,257.3966494732772,-24.024729616078275,6715.328947401582,1348.1528360165044,False,False
1615,20,"[53, 43]",31.213525772094727,-124.85999298095703,0.1784190833568573,52,43,5.281317729066211,280.3153610229492,256.71605206095626,-23.59930896199296,6632.084741260527,1359.9485162085903,False,False
1616,20,"[53, 43]",31.251802444458008,-124.9732666015625,0.17837883532047272,52,43,5.180256559179098,279.2309265136719,256.0161295165027,-23.214796997169174,6550.450814311027,1364.2153866925323,False,False
1617,20,"[53, 43]",31.288606643676758,-125.08928680419922,0.17811520397663116,53,43,5.0769686992869865,278.16770935058594,255.29666893093622,-22.871040419649717,6470.6158633621035,1361.1763922633113,False,False
1618,20,"[53, 43]",31.32382583618164,-125.20780181884766,0.17777377367019653,53,43,4.971687666374653,277.12506103515625,254.55739583969358,-22.567665195462666,6392.759263683446,1351.0944681819647,True,False
1619,21,"[53, 42]",31.35735511779785,-125.32853698730469,0.17748385667800903,53,43,12.280557070049772,276.1020278930664,202.35815456177977,-73.74387333128664,8000.0,-5997.816345297153,False,False
1620,21,"[53, 42]",31.387659072875977,-125.43714904785156,0.17659154534339905,53,43,12.267778444835741,274.9744415283203,201.8351783096351,-73.13926321868522,8000.0,-5849.362536851593,False,False
1621,21,"[53, 42]",31.415069580078125,-125.53485107421875,0.17527447640895844,53,43,12.2572985787012,273.74493408203125,201.36358155505,-72.38135252698126,8000.0,-5663.633879502393,False,False
1622,21,"[53, 42]",31.439884185791016,-125.62274169921875,0.17375127971172333,53,43,12.248728114219439,272.4160385131836,200.9384173879241,-71.4776211252595,8000.0,-5442.726646970534,False,False
1623,21,"[53, 42]",31.462369918823242,-125.70182800292969,0.1721009910106659,53,43,12.24174034491597,270.99024200439453,200.55509546367418,-70.43514654072035,8000.0,-5188.692367266341,False,False
1624,21,"[53, 42]",31.48276710510254,-125.77299499511719,0.17045356333255768,53,43,12.236074194827738,269.46995544433594,200.20953317768434,-69.2604222666516,8000.0,-4903.495996317976,False,False
1625,21,"[53, 42]",31.501291275024414,-125.8370361328125,0.169102281332016,53,43,12.23151540703201,267.85752868652344,199.89803797476168,-67.95949071176176,8000.0,-4589.05167226827,False,False
1626,21,"[53, 42]",31.51813507080078,-125.89469146728516,0.1681346595287323,53,43,12.227877725018036,266.15526580810547,199.61714958920362,-66.53811621890185,8000.0,-4247.267692655231,False,False
1627,21,"[53, 42]",31.53347396850586,-125.94659423828125,0.1676882654428482,53,43,12.22502024748168,264.36539459228516,199.36387624426266,-65.0015183480225,8000.0,-3879.9853351591823,False,False
1628,21,"[53, 42]",31.547462463378906,-125.99334716796875,0.16776931285858154,53,43,12.222812943818164,262.49009704589844,199.13537190631433,-63.354725139584104,8000.0,-3489.0666862655535,False,False
1629,21,"[53, 42]",31.560237884521484,-126.03546905517578,0.16832463443279266,53,43,12.221154019125796,260.53148651123047,198.9291715456042,-61.60231496562628,8000.0,-3076.335286713096,False,False
1630,21,"[53, 42]",31.57192611694336,-126.07343292236328,0.1693064123392105,53,43,12.219959209063521,258.4916305541992,198.7430181799586,-59.74861237424062,8000.0,-2643.6248778019094,False,False
1631,21,"[53, 42]",31.5826358795166,-126.10767364501953,0.17067168653011322,53,43,12.219151295042584,256.37254333496094,198.57484071929065,-57.79770261567029,8000.0,-2192.7837056234102,False,False
1632,21,"[53, 42]",31.592470169067383,-126.13856506347656,0.17232297360897064,53,43,12.218676048971956,254.1761474609375,198.42284078436515,-55.75330667657235,8000.0,-1725.6463521543265,False,False
1633,21,"[53, 42]",31.601512908935547,-126.16647338867188,0.17417262494564056,53,43,12.218470774035474,251.90438842773438,198.28527709368242,-53.61911133405195,8000.0,-1244.1092091045912,False,False
1634,21,"[53, 42]",31.60944366455078,-126.19290161132812,0.1761011928319931,53,43,12.217740394254834,249.5701904296875,198.15592954338553,-51.414260886301975,8000.0,-753.5476044982861,False,False
1635,21,"[53, 42]",31.615453720092773,-126.22029876708984,0.17801886796951294,53,43,12.214946030731353,247.19638061523438,198.02503337306845,-49.17134724216592,8000.0,-262.0995319972135,False,False
1636,21,"[53, 42]",31.618633270263672,-126.25077056884766,0.1800294667482376,53,43,12.208577328923171,244.80522918701172,197.88442799932557,-46.92080118768615,8000.0,222.96535278413012,False,False
1637,21,"[53, 42]",31.617982864379883,-126.28609466552734,0.18217360973358154,53,43,12.19715617143804,242.41820526123047,197.72745044478737,-44.6907548164431,8000.0,695.2984816872831,False,False
1638,21,"[53, 42]",31.612462997436523,-126.32772064208984,0.18449154496192932,53,43,12.179282924267975,240.05565643310547,197.54883178196533,-42.506824651140136,8000.0,1149.51699574124,False,False
1639,21,"[53, 42]",31.60102081298828,-126.37675476074219,0.18707939982414246,53,43,12.153665700816015,237.73670959472656,197.34469334663612,-40.39201624809044,8000.0,1581.1973673511302,False,False
1640,21,"[53, 42]",31.582847595214844,-126.43366241455078,0.18999417126178741,53,43,12.119452223073536,235.47545623779297,197.11350330904298,-38.361952928749986,8000.0,1987.7747739004517,False,False
1641,21,"[53, 42]",31.558120727539062,-126.49732208251953,0.19281409680843353,53,43,12.077206106793634,233.27047729492188,196.85938441357803,-36.41109288134385,8000.0,2371.0730241447022,False,False
1642,21,"[53, 42]",31.52702522277832,-126.56671905517578,0.19539393484592438,53,43,12.027457276276673,231.12034606933594,196.58596417264275,-34.53438189669319,8000.0,2732.7617387613773,False,False
1643,21,"[53, 42]",31.489749908447266,-126.64093780517578,0.19760210812091827,53,43,11.970699720039812,229.0237274169922,196.2964359874229,-32.72729142956928,8000.0,3061.001790957448,False,False
1644,21,"[53, 42]",31.44649314880371,-126.71914672851562,0.19937804341316223,53,43,11.90740121078567,226.97927856445312,195.99363630216115,-30.985642262291975,8000.0,3354.24124214086,False,False
1645,21,"[53, 42]",31.39745330810547,-126.80057525634766,0.20072512328624725,53,43,11.838000701163146,224.98568725585938,195.68017466337295,-29.305512592486423,8000.0,3626.200676728611,False,False
1646,21,"[53, 42]",31.34283447265625,-126.88453674316406,0.20164544880390167,53,43,11.762908023901817,223.04171752929688,195.35832822609677,-27.6833893032001,8000.0,3878.238727450191,False,False
1647,21,"[53, 42]",31.282838821411133,-126.97042846679688,0.20202237367630005,53,43,11.68249782986228,221.14614868164062,195.03005333758233,-26.116095344058294,8000.0,4111.613953420843,False,False
1648,21,"[53, 42]",31.21767234802246,-127.05766296386719,0.20210275053977966,53,43,11.597134134853603,219.2977294921875,194.69730373927703,-24.600425752910468,8000.0,4327.558265605079,False,False
1649,21,"[53, 42]",31.147541046142578,-127.14575958251953,0.20193135738372803,53,43,11.507143856588073,217.49534606933594,194.3616031991617,-23.133742870174245,8000.0,4527.161102451599,False,False
1650,21,"[53, 42]",31.072647094726562,-127.23423767089844,0.20160633325576782,53,43,11.41284166828901,215.7378387451172,194.02455721995875,-21.713281525158436,8000.0,4711.500007941819,False,False
1651,21,"[53, 42]",30.993194580078125,-127.32270812988281,0.20139147341251373,53,43,11.314513636619767,214.0240936279297,193.68740470027507,-20.33668892765462,8000.0,4881.5423229650205,False,False
1652,21,"[53, 42]",30.909381866455078,-127.41079711914062,0.2013467401266098,53,43,11.212429900177275,212.35304260253906,193.35139207322936,-19.0016505293097,8000.0,5038.214167440372,False,False
1653,21,"[53, 42]",30.821409225463867,-127.4981689453125,0.20164281129837036,53,43,11.106847268741623,210.72361755371094,193.0176520687419,-17.705965484969028,8000.0,5182.389446541347,False,False
1654,21,"[53, 42]",30.729469299316406,-127.58454132080078,0.20213834941387177,53,43,10.997997639383822,209.13479614257812,192.68713361383882,-16.4476625287393,8000.0,5314.8674062351765,False,False
1655,21,"[53, 42]",30.63374900817871,-127.66963958740234,0.20294047892093658,53,43,10.88610112122536,207.5855712890625,192.36082512808116,-15.22474616098134,8000.0,5436.41904694276,False,False
1656,21,"[53, 42]",30.534435272216797,-127.75325012207031,0.20390960574150085,53,43,10.771360708773171,206.07498168945312,192.03947299597516,-14.035508693477965,8000.0,5547.739047735661,False,False
1657,21,"[53, 42]",30.43170928955078,-127.83515930175781,0.20503681898117065,53,43,10.653970806721116,204.60205078125,191.72389543024124,-12.878155351008758,8000.0,5649.506598246227,False,False
1658,21,"[53, 42]",30.325746536254883,-127.91519165039062,0.20625455677509308,53,43,10.534109710154945,203.1658477783203,191.41478302729098,-11.751064751029332,8000.0,5742.344466138815,False,False
1659,21,"[53, 42]",30.216716766357422,-127.99319458007812,0.20726606249809265,53,43,10.41194359749402,201.76548767089844,191.1127723910413,-10.652715279857148,8000.0,5826.8334735881135,False,False
1660,21,"[53, 42]",30.104787826538086,-128.06903076171875,0.20809759199619293,53,43,10.28763234269872,200.40005493164062,190.81847942823424,-9.581575503406384,8000.0,5903.5316078994565,False,False
1661,21,"[53, 42]",29.9901180267334,-128.142578125,0.20877201855182648,53,43,10.161322463626087,199.06871032714844,190.5325052927165,-8.53620503443193,7879.963919976656,5972.957411481896,False,False
1662,21,"[53, 42]",29.872867584228516,-128.21372985839844,0.20930923521518707,53,43,10.033158792448543,197.77059936523438,190.25542199429688,-7.515177370937494,7714.514336534585,6035.607597408434,False,False
1663,21,"[53, 42]",29.753183364868164,-128.2824249267578,0.20960889756679535,53,43,9.903264607237555,196.50491333007812,189.98761159105348,-6.517301739024646,7547.898452334132,6091.919269077399,False,False
1664,21,"[53, 42]",29.63121223449707,-128.3485870361328,0.20975643396377563,53,43,9.771766159868678,195.2708282470703,189.7295897317654,-5.5412385153049115,7380.258109950913,6142.333543801884,False,False
1665,21,"[53, 42]",29.50709342956543,-128.41213989257812,0.20971053838729858,53,43,9.638782350443856,194.06756591796875,189.48193261957985,-4.585633298388899,7211.713027534807,6187.2727159063425,False,False
1666,21,"[53, 42]",29.380962371826172,-128.4730682373047,0.20949222147464752,53,43,9.504418742329609,192.89439392089844,189.2449129466061,-3.649480974292345,7042.396016574135,6227.094141498398,False,False
1667,21,"[53, 42]",29.252948760986328,-128.53131103515625,0.20911984145641327,53,43,9.368783701681464,191.75051879882812,189.0191227450698,-2.731396053758317,6872.388204734874,6262.188469514873,False,False
1668,21,"[53, 42]",29.12317657470703,-128.58685302734375,0.20866815745830536,53,43,9.23197352572085,190.63525390625,188.80493487187852,-1.8303190343714846,6701.784284876734,6292.887087926902,False,False
1669,21,"[53, 42]",28.991762161254883,-128.63967895507812,0.2081451416015625,53,43,9.094078299081906,189.5478515625,188.60277133337584,-0.9450802291241587,6530.6513949704095,6319.518445290807,False,False
1670,21,"[53, 42]",28.858823776245117,-128.68978881835938,0.20755743980407715,53,43,8.95518911241197,188.48765563964844,188.41299998503948,-0.07465565460896073,6359.061161497448,6342.382928177025,False,False
1671,21,"[53, 42]",28.724468231201172,-128.73716735839844,0.20708699524402618,53,43,8.815389509144385,187.4539794921875,188.23613817384614,0.7821586816586432,6187.050002879574,6361.785929509993,False,False
1672,21,"[53, 42]",28.58879852294922,-128.78182983398438,0.20672063529491425,53,43,8.674756401259069,186.4461669921875,188.07255663525953,1.6263896430720308,6014.6597118700265,6377.998645526888,False,False
1673,21,"[53, 42]",28.451915740966797,-128.82376098632812,0.2063872516155243,53,43,8.533370840979906,185.46356201171875,187.92286999331003,2.45930798159128,5841.896300153071,6391.3109766246735,False,False
1674,21,"[53, 42]",28.313913345336914,-128.86302185058594,0.20614013075828552,53,43,8.391297541263583,184.50552368164062,187.78723940583512,3.2817157241944983,5668.801554150922,6401.943883772224,False,False
1675,21,"[53, 42]",28.174882888793945,-128.8995819091797,0.20608557760715485,53,43,8.248613836281868,183.5714874267578,187.6664813089197,4.094993882161901,5495.347808153829,6410.178222141027,False,False
1676,21,"[53, 42]",28.0349063873291,-128.93350219726562,0.20620130002498627,53,43,8.105377117468331,182.66082763671875,187.56084897829425,4.900021341575496,5321.547067196635,6416.222341801206,False,False
1677,21,"[53, 42]",27.894067764282227,-128.9647979736328,0.20629046857357025,53,43,7.961654922343376,181.77296447753906,187.4709487513059,5.697984273766849,5147.372625607939,6420.314530300284,False,False
1678,21,"[53, 42]",27.75244140625,-128.99349975585938,0.20629331469535828,53,43,7.817505388472375,180.90733337402344,187.39733915574794,6.490005781724506,4972.7925509453735,6422.673758811755,False,False
1679,21,"[53, 42]",27.61009979248047,-129.01962280273438,0.20621457695960999,53,43,7.6729888766001535,180.06336975097656,187.34074362716424,7.277373876187681,4797.748550042894,6423.529478530538,False,False
1680,21,"[53, 42]",27.467111587524414,-129.04324340820312,0.20605821907520294,53,43,7.528156390278308,179.24053955078125,187.30149123525135,8.060951684470098,4622.2232092399045,6423.057100288688,False,False
1681,21,"[53, 42]",27.323543548583984,-129.06434631347656,0.205827534198761,53,43,7.383071036439444,178.4383087158203,187.2806493552185,8.842340639398174,4446.107307369996,6421.5051664471,False,False
1682,21,"[53, 42]",27.17945671081543,-129.08302307128906,0.20546646416187286,53,43,7.23777903436274,177.65618896484375,187.27854281627768,9.622353851433928,4269.375343339749,6419.029826533084,False,False
1683,21,"[53, 42]",27.034910202026367,-129.09927368164062,0.20510073006153107,53,43,7.092338785701081,176.89364624023438,187.29626220342476,10.402615963190385,4091.900117872454,6415.86682991333,False,False
1684,21,"[53, 42]",26.88995933532715,-129.11314392089844,0.20478443801403046,53,43,6.946801663175732,176.1502227783203,187.33462118398367,11.184398405663359,3913.5895900730943,6412.208176103559,False,False
1685,21,"[53, 42]",26.74465560913086,-129.1247100830078,0.20444844663143158,53,43,6.801213989029352,175.4254150390625,187.39425313457798,11.96883809551548,3734.361672393146,6408.225767175516,False,False
1686,21,"[53, 42]",26.599048614501953,-129.13397216796875,0.2040891796350479,53,43,6.655632713905786,174.71878051757812,187.47649982293055,12.757719305352424,3554.0508538256,6404.152702448238,False,False
1687,21,"[53, 42]",26.45318031311035,-129.14100646972656,0.20370322465896606,53,43,6.510100309408959,174.02984619140625,187.5821637929093,13.552317601503063,3372.545283421232,6400.162095225511,False,False
1688,21,"[53, 42]",26.307098388671875,-129.1458282470703,0.2033461630344391,53,43,6.364675912243319,173.35816955566406,187.7126552492989,14.354485693634842,3189.661391029931,6396.484274669612,False,False
1689,21,"[53, 42]",26.160842895507812,-129.1485137939453,0.20306788384914398,53,43,6.219406237112229,172.70333862304688,187.86896234310277,15.16562372005589,3005.2644114451946,6393.297269474329,False,False
1690,21,"[53, 42]",26.014450073242188,-129.1490936279297,0.20279547572135925,53,43,6.074343696034396,172.06488037109375,188.05259276936337,15.987712398269622,2819.141030783277,6390.8302622933425,False,False
1691,21,"[53, 42]",25.86795425415039,-129.14759826660156,0.20252205431461334,53,43,5.929542633618746,171.4424591064453,188.26519388647964,16.822734780034324,2631.07383067446,6389.3088527719065,False,False
1692,21,"[53, 42]",25.721391677856445,-129.1440887451172,0.20224131643772125,53,43,5.785058928626404,170.8356170654297,188.5082627295261,17.67264566409642,2440.8456796829955,6388.95261570581,False,False
1693,21,"[53, 42]",25.574790954589844,-129.1385955810547,0.20194746553897858,53,43,5.640949544212858,170.24398803710938,188.783751035544,18.53976299843461,2248.1864023578073,6390.009210192691,False,False
1694,21,"[53, 42]",25.428180694580078,-129.1311798095703,0.20157641172409058,53,43,5.497271521064803,169.6671905517578,189.09348050894758,19.426289957189766,2052.837166470159,6392.711997831051,False,False
1695,21,"[53, 42]",25.281587600708008,-129.12188720703125,0.20118799805641174,53,43,5.354087192148438,169.10482788085938,189.4396083483317,20.334780467472314,1854.4895507104393,6397.32311010402,False,False
1696,21,"[53, 42]",25.135038375854492,-129.11074829101562,0.20077723264694214,53,43,5.211466945441559,168.55657958984375,189.82466375704882,21.268084167205075,1652.7937247260716,6404.129331881333,False,False
1697,21,"[53, 42]",24.988554000854492,-129.09779357910156,0.20033949613571167,53,42,5.069481970118025,168.02206420898438,190.2514336726743,22.22936946368992,1447.3508991463905,6413.439702777433,False,False
1698,21,"[53, 42]",24.84241485595703,-129.08314514160156,0.19979079067707062,53,42,4.928448484925268,167.50323486328125,190.7213739832928,23.218139120011557,1238.3936509994492,6425.375716027296,True,False
1699,22,"[53, 41]",24.697629928588867,-129.0670623779297,0.19911132752895355,53,42,14.72720944797165,167.0087890625,183.63199859445234,16.62320953195234,5808.823820375516,8000.0,False,False
1700,22,"[53, 41]",24.552818298339844,-129.04925537109375,0.19841107726097107,53,42,14.583841598628569,166.52670288085938,183.73785694940008,17.211154068540708,5719.2618539174555,8000.0,False,False
1701,22,"[53, 41]",24.408010482788086,-129.02980041503906,0.1976851224899292,53,42,14.44063895078018,166.05673217773438,183.85233968214672,17.795607504412345,5629.434167549156,8000.0,False,False
1702,22,"[53, 41]",24.263235092163086,-129.0087432861328,0.19687022268772125,53,42,14.29763844720866,165.59852600097656,183.97551133744074,18.376985336464173,5539.292839594553,8000.0,False,False
1703,22,"[53, 41]",24.118518829345703,-128.98611450195312,0.19602707028388977,53,42,14.154876818176092,165.1518096923828,184.10749944090364,18.955689748520825,5448.789725294262,8000.0,False,False
1704,22,"[53, 41]",23.973886489868164,-128.9619598388672,0.19526901841163635,53,42,14.012388483333048,164.71627807617188,184.2483730645684,19.532094988396523,5357.878903970637,8000.0,False,False
1705,22,"[53, 41]",23.829357147216797,-128.93630981445312,0.19469806551933289,53,42,13.870203888771968,164.29165649414062,184.39826664045398,20.106610146313358,5266.506875665618,8000.0,False,False
1706,22,"[53, 41]",23.684953689575195,-128.90924072265625,0.19428829848766327,53,42,13.728354354653336,163.87765502929688,184.55712627914042,20.679471249843544,5174.645840748943,8000.0,False,False
1707,22,"[53, 41]",23.54068946838379,-128.88075256347656,0.19395767152309418,53,42,13.586868149185962,163.47406005859375,184.72521738645813,21.251157327864377,5082.227327651295,8000.0,False,False
1708,22,"[53, 41]",23.396581649780273,-128.8509063720703,0.19369110465049744,53,42,13.445773167243978,163.08055114746094,184.9025535360134,21.82200238855245,4989.204120667632,8000.0,False,False
1709,22,"[53, 41]",23.252641677856445,-128.81973266601562,0.19347508251667023,53,42,13.305094603997683,162.69691467285156,185.0892793241342,22.392364651282634,4895.523321727571,8000.0,False,False
1710,22,"[53, 41]",23.108884811401367,-128.7872772216797,0.19329741597175598,53,42,13.164860710833455,162.3228759765625,185.28547518817305,22.962599211610552,4801.130758555594,8000.0,False,False
1711,22,"[53, 41]",22.965320587158203,-128.75355529785156,0.1930883675813675,53,42,13.025097401681965,161.95822143554688,185.49135801196675,23.533136576419878,4705.957874294147,8000.0,False,False
1712,22,"[53, 41]",22.821956634521484,-128.71861267089844,0.19266760349273682,53,42,12.88582653246316,161.60267639160156,185.70701678185515,24.104340390253583,4609.945270735212,8000.0,False,False
1713,22,"[53, 41]",22.678804397583008,-128.68247985839844,0.1920493245124817,53,42,12.747075753901207,161.25604248046875,185.93260778587026,24.67656530540151,4513.033314312065,8000.0,False,False
1714,22,"[53, 41]",22.53586769104004,-128.6451873779297,0.19124630093574524,53,42,12.6088657700914,160.91810607910156,186.16829427120652,25.250188192104957,4415.156862347758,8000.0,False,False
1715,22,"[53, 41]",22.39315414428711,-128.60678100585938,0.19032889604568481,53,42,12.471220020899919,160.58860778808594,186.4141717681914,25.82556398010547,4316.252753420493,8000.0,False,False
1716,22,"[53, 41]",22.250673294067383,-128.56727600097656,0.1893603801727295,53,42,12.334167755278566,160.26736450195312,186.67047612540492,26.403111623451792,4216.2450172601875,8000.0,False,False
1717,22,"[53, 41]",22.108427047729492,-128.52670288085938,0.18833892047405243,53,42,12.197729705623717,159.95416259765625,186.93738251350996,26.98321991585371,4115.0609670332105,8000.0,False,False
1718,22,"[53, 41]",21.966419219970703,-128.48509216308594,0.1873217225074768,53,42,12.061929145142077,159.64881896972656,187.21506895049706,27.566249980770493,4012.6309587324827,8000.0,False,False
1719,22,"[53, 41]",21.824657440185547,-128.44247436523438,0.18630144000053406,53,42,11.92679377203645,159.35108947753906,187.50371478819227,28.152625310653207,3873.9104463746507,8000.0,False,False
1720,22,"[53, 41]",21.68313980102539,-128.3988800048828,0.18533030152320862,53,42,11.79234246657837,159.0608367919922,187.80350883493196,28.742672042939773,3705.0966767303485,8000.0,False,False
1721,22,"[53, 41]",21.541872024536133,-128.3543243408203,0.1845141500234604,53,42,11.658604470775494,158.77783203125,188.11471315711438,29.33688112586438,3535.86453547959,8000.0,False,False
1722,22,"[53, 41]",21.400856018066406,-128.30885314941406,0.18388941884040833,53,42,11.525601746326643,158.50192260742188,188.437448929991,29.93552632256913,3366.186289710906,8000.0,False,False
1723,22,"[53, 41]",21.260089874267578,-128.26248168945312,0.18343010544776917,53,42,11.393357444408952,158.23291015625,188.77199238780454,30.539082231554545,3195.9980258180262,8000.0,False,False
1724,22,"[53, 41]",21.119577407836914,-128.2152099609375,0.18311285972595215,53,42,11.261903800530966,157.9706268310547,189.1186991541473,31.148072323092606,3025.2301392793006,8000.0,False,False
1725,22,"[53, 41]",20.979318618774414,-128.16709899902344,0.18297550082206726,53,42,11.131260638936967,157.71490478515625,189.4776279101374,31.762723124981136,2853.8597651103123,8000.0,False,False
1726,22,"[53, 41]",20.839311599731445,-128.1181640625,0.1829344928264618,53,42,11.00145365175617,157.46559143066406,189.84907099088127,32.38347956021721,2681.8267031173496,8000.0,False,False
1727,22,"[53, 41]",20.699556350708008,-128.0684051513672,0.1830323189496994,53,42,10.872514187677147,157.22250366210938,190.2334051947587,33.010901532649314,2509.0514762877747,8000.0,False,False
1728,22,"[53, 41]",20.5600528717041,-128.0178680419922,0.1830720603466034,53,42,10.74446665740752,156.98548889160156,190.6307774407605,33.64528854915895,2335.49779742995,8000.0,False,False
1729,22,"[53, 41]",20.420795440673828,-127.966552734375,0.18305295705795288,53,42,10.617338903814186,156.75442504882812,191.0415827894751,34.28715774064696,2161.090560847643,8000.0,False,False
1730,22,"[53, 41]",20.28178596496582,-127.91449737548828,0.1829744130373001,53,42,10.491160270733328,156.52911376953125,191.46601470639888,34.93690093686763,1985.777322495334,8000.0,False,False
1731,22,"[53, 41]",20.143022537231445,-127.8617172241211,0.18277709186077118,53,42,10.365961577220197,156.30946350097656,191.90439535947073,35.594931858494164,1809.501521511832,8000.0,False,False
1732,22,"[53, 41]",20.00450325012207,-127.80823516845703,0.18258409202098846,53,42,10.241773203820307,156.09527587890625,192.35701139481097,36.26173551590472,1632.1924694743107,8000.0,False,False
1733,22,"[53, 41]",19.86622428894043,-127.75405883789062,0.18232977390289307,53,42,10.118628040566334,155.88645935058594,192.8242402262882,36.93778087570226,1453.7826334902848,8000.0,False,False
1734,22,"[53, 41]",19.728397369384766,-127.69931030273438,0.18199926614761353,53,42,9.996743892876152,155.6848602294922,193.3055443016744,37.6206840721822,1274.8117688022803,8000.0,False,False
1735,22,"[53, 41]",19.59181022644043,-127.64436340332031,0.1815376877784729,53,42,9.876833864941936,155.4980926513672,193.79809605825437,38.300003406887186,1097.5285197980475,8000.0,False,False
1736,22,"[53, 41]",19.45716667175293,-127.58955383300781,0.18089695274829865,53,42,9.75952110409531,155.33349609375,194.29911600747934,38.96561991372934,924.089218344624,8000.0,False,False
1737,22,"[53, 41]",19.3250732421875,-127.53518676757812,0.1800946146249771,53,42,9.645325045994213,155.197998046875,194.80587301743492,39.60787497055992,756.5243613579751,8000.0,False,False
1738,22,"[53, 41]",19.196044921875,-127.48155212402344,0.17909030616283417,53,42,9.534664226345564,155.0981903076172,195.3156188966952,40.217428589078025,596.7638371068497,8000.0,False,False
1739,22,"[53, 41]",19.07050895690918,-127.42887115478516,0.17796842753887177,53,42,9.427875491120227,155.0401153564453,195.82592576570102,40.7858104092557,446.53933588055315,8000.0,False,False
1740,22,"[53, 41]",18.94879913330078,-127.37736511230469,0.17674973607063293,53,42,9.32519274236846,155.02926635742188,196.33433892691554,41.30507256949366,307.4373689464401,8000.0,False,False
1741,22,"[53, 41]",18.83116340637207,-127.32719421386719,0.17557455599308014,53,42,9.226772885490906,155.07046508789062,196.83876154087199,41.76829645298136,180.81252715162645,8000.0,False,False
1742,22,"[53, 41]",18.71776580810547,-127.27848815917969,0.1746910959482193,53,42,9.132692230919533,155.16793823242188,197.33731793033613,42.16937969791425,67.82332266183312,8000.0,False,False
1743,22,"[53, 41]",18.608684539794922,-127.23135375976562,0.1740332543849945,53,42,9.042944847187117,155.32518005371094,197.82835355547712,42.503173501766184,-30.59606239529967,8000.0,False,False
1744,22,"[53, 41]",18.50392723083496,-127.18585205078125,0.17360520362854004,53,42,8.957466551845364,155.54495239257812,198.31058457862036,42.76563218604224,-113.7555405901503,8000.0,False,False
1745,22,"[53, 41]",18.403423309326172,-127.14200592041016,0.17347441613674164,53,42,8.876128293050806,155.82933044433594,198.78310667605243,42.95377623171649,-181.20562611685727,8000.0,False,False
1746,22,"[53, 41]",18.30704116821289,-127.09980773925781,0.17358899116516113,53,42,8.798752645668173,156.17959594726562,199.245349966912,43.06575401964636,-232.74244046071544,8000.0,False,False
1747,22,"[53, 41]",18.21458625793457,-127.05924224853516,0.17384839057922363,53,42,8.725106506046103,156.5963592529297,199.69697091237342,43.10061165944373,-268.367065525832,8000.0,False,False
1748,22,"[53, 41]",18.125804901123047,-127.0202407836914,0.17416703701019287,53,42,8.654921737271305,157.0795135498047,200.13815200257065,43.05863845276596,-288.3404879599302,8000.0,False,False
1749,22,"[53, 41]",18.040401458740234,-126.98274230957031,0.17453144490718842,53,42,8.587892616245803,157.62823486328125,200.56920833473188,42.94097347145063,-293.10938804796024,8000.0,False,False
1750,22,"[53, 41]",17.958036422729492,-126.94664001464844,0.1748751997947693,53,42,8.523693501389836,158.24110412597656,200.99093829789138,42.74983417191481,-283.3390277197677,8000.0,False,False
1751,22,"[53, 41]",17.878332138061523,-126.91183471679688,0.1752016544342041,53,42,8.461966798209156,158.91610717773438,201.40429111180777,42.48818393407339,-259.8533330794744,8000.0,False,False
1752,22,"[53, 41]",17.800886154174805,-126.87822723388672,0.17545896768569946,53,42,8.40233836462462,159.650634765625,201.8103892092746,42.159754443649604,-223.62959828999283,8000.0,False,False
1753,22,"[53, 41]",17.72527313232422,-126.84569549560547,0.1756042093038559,53,42,8.344428193438667,160.44163513183594,202.21067358907612,41.769038457240185,-175.7888469062027,8000.0,False,False
1754,22,"[53, 41]",17.65104866027832,-126.81414031982422,0.1756020337343216,53,42,8.287837323675967,161.28564453125,202.6066090087537,41.32096447750371,-117.53758348473912,8000.0,False,False
1755,22,"[53, 41]",17.577768325805664,-126.78345489501953,0.1754823923110962,53,42,8.232176820984677,162.1787872314453,202.999828861843,40.8210416303977,-50.17835946445848,8000.0,False,False
1756,22,"[53, 41]",17.504981994628906,-126.75354766845703,0.17533361911773682,53,42,8.177053716387391,163.1168975830078,203.39200426017445,40.27510667716663,24.934765335491647,8000.0,False,False
1757,22,"[53, 41]",17.432239532470703,-126.7243423461914,0.17517854273319244,53,42,8.122075937405114,164.09561157226562,203.7848285002005,39.689216927934865,106.4212529983406,8000.0,False,False
1758,22,"[53, 41]",17.35910987854004,-126.69578552246094,0.17503949999809265,53,42,8.066866276194514,165.11036682128906,204.17991272888653,39.06954590759747,192.9019593354651,8000.0,False,False
1759,22,"[53, 41]",17.285173416137695,-126.66783905029297,0.17499679327011108,53,42,8.011057876332679,166.156494140625,204.5788533908475,38.42235925022251,283.0047309001775,8000.0,False,False
1760,22,"[53, 41]",17.21003532409668,-126.6404800415039,0.17512370645999908,53,42,7.95430598646139,167.22930908203125,204.9831915552694,37.75388247323815,375.39542028308915,8000.0,False,False
1761,22,"[53, 41]",17.133323669433594,-126.61370849609375,0.17542800307273865,53,42,7.896282462167194,168.32411193847656,205.3943655915367,37.07025365306015,468.78591169327683,8000.0,False,False
1762,22,"[53, 41]",17.05470085144043,-126.58753967285156,0.17585821449756622,53,42,7.836688687684126,169.43634033203125,205.81372230233706,36.377381970305805,561.9655278021723,8000.0,False,False
1763,22,"[53, 41]",16.973861694335938,-126.56202697753906,0.17636796832084656,53,42,7.775243110983431,170.5614776611328,206.24236671210497,35.680889050972155,653.8060483156496,8000.0,False,False
1764,22,"[53, 41]",16.890541076660156,-126.5372314453125,0.176915243268013,53,42,7.711700356761371,171.69522094726562,206.68133159815847,34.98611065089284,743.2694197659507,8000.0,False,False
1765,22,"[53, 41]",16.804508209228516,-126.51321411132812,0.17752037942409515,53,42,7.645849057030853,172.83348083496094,207.13164132568596,34.298160490725024,829.3955939006783,8000.0,False,False
1766,22,"[53, 41]",16.715578079223633,-126.49007415771484,0.17802442610263824,53,42,7.577504098084682,173.97239685058594,207.59401255931277,33.621615708726836,911.3506584800407,8000.0,False,False
1767,22,"[53, 41]",16.623607635498047,-126.46790313720703,0.17840085923671722,53,42,7.506522920579138,175.10838317871094,208.06916076770864,32.9607775889977,988.3882069440465,8000.0,False,False
1768,22,"[53, 41]",16.528491973876953,-126.44682312011719,0.17862451076507568,53,42,7.432783690698226,176.23818969726562,208.55754805864157,32.31935836137595,1059.8890222569212,8000.0,False,False
1769,22,"[53, 41]",16.430171966552734,-126.42693328857422,0.17873001098632812,53,42,7.356216231442609,177.3588409423828,209.05970341408727,31.700862471704454,1125.3094723837962,8000.0,False,False
1770,22,"[53, 41]",16.328628540039062,-126.40835571289062,0.17874692380428314,53,42,7.276774552157183,178.46775817871094,209.57592118613482,31.108163007423883,1184.2355045437052,8000.0,False,False
1771,22,"[53, 41]",16.223880767822266,-126.39120483398438,0.1787000596523285,53,42,7.19444885744041,179.56265258789062,210.1064605646566,30.543807976765976,1236.3348436962733,8000.0,False,False
1772,22,"[53, 41]",16.115983963012695,-126.37560272216797,0.17860986292362213,53,42,7.109255619499464,180.64163208007812,210.651433989593,30.009801909514863,1281.3844401857264,7985.63853544737,False,False
1773,22,"[53, 41]",16.005029678344727,-126.36163330078125,0.17849278450012207,53,42,7.0212601202195115,181.70310974121094,211.21110844450084,29.5079987032899,1319.2154528809942,7911.365635877809,False,False
1774,22,"[53, 41]",15.891141891479492,-126.34941864013672,0.1783616691827774,53,42,6.930533677179977,182.74591064453125,211.78537591195976,29.03946526742851,1349.7911084153498,7837.269917185438,False,False
1775,22,"[53, 41]",15.774470329284668,-126.33903503417969,0.17822599411010742,53,42,6.837190363354871,183.76913452148438,212.37434897874672,28.60521445726235,1373.1053623833727,7763.571609017752,False,False
1776,22,"[53, 41]",15.655194282531738,-126.33056640625,0.17809230089187622,53,42,6.741362271241675,184.7722930908203,212.97795662441314,28.205663533592826,1389.2539980251368,7690.459711572568,False,False
1777,22,"[53, 41]",15.533512115478516,-126.32406616210938,0.17796443402767181,53,42,6.643210512447789,185.75518798828125,213.5962442024133,27.84105621413204,1398.371823871672,7618.123480440396,False,False
1778,22,"[53, 41]",15.409642219543457,-126.31961059570312,0.17784389853477478,53,42,6.542896538286981,186.71791076660156,214.2289733170596,27.511062550458036,1400.6788473753813,7546.7092118886785,False,False
1779,22,"[53, 41]",15.283819198608398,-126.31721496582031,0.17773011326789856,53,42,6.4406250419940285,187.66087341308594,214.87622726014476,27.21535384705882,1396.411037563555,7476.379443662521,False,False
1780,22,"[53, 41]",15.156290054321289,-126.31692504882812,0.17762067914009094,53,42,6.336589636408716,188.58474731445312,215.53775598101407,26.953008666560947,1385.8838183979974,7407.2437486387025,False,False
1781,22,"[53, 41]",15.027310371398926,-126.31874084472656,0.17751169204711914,53,42,6.2310126415101825,189.49046325683594,216.21353577909863,26.723072522262697,1369.4250110794987,7339.416713642184,False,False
1782,22,"[53, 41]",14.89714241027832,-126.32266235351562,0.1773979663848877,53,41,6.124117565233199,190.37921142578125,216.9034349726439,26.524223546862657,1347.4116325840382,7272.98004765939,False,False
1783,22,"[53, 41]",14.766051292419434,-126.32868194580078,0.177273228764534,53,41,6.016130083123377,191.2523651123047,217.60727729076422,26.35491217845953,1320.2486123340004,7207.992504661299,False,False
1784,22,"[53, 41]",14.634302139282227,-126.33677673339844,0.177248015999794,53,41,5.907280340319633,192.11148071289062,218.32490523388208,26.213424520991452,1288.3602043740711,7144.495450637346,False,False
1785,22,"[53, 41]",14.50216007232666,-126.34690856933594,0.17730282247066498,53,41,5.797803232056397,192.95831298828125,219.05617228327523,26.09785929499398,1252.1934966723697,7082.511223646465,False,False
1786,22,"[53, 41]",14.369884490966797,-126.3590316772461,0.17741893231868744,53,41,5.687929394049256,193.7947235107422,219.80091186842267,26.006188357680486,1212.2051103657645,7022.043353378132,False,False
1787,22,"[53, 41]",14.237726211547852,-126.37309265136719,0.17751961946487427,53,41,5.577883143236904,194.62269592285156,220.5589504378226,25.93625451497104,1168.860682959738,6963.075555554804,False,False
1788,22,"[53, 41]",14.10593032836914,-126.3890380859375,0.17759375274181366,53,41,5.467879827339975,195.44435119628906,221.3300244484383,25.885673252149246,1122.6480699543185,6905.562979975857,False,False
1789,22,"[53, 41]",13.974730491638184,-126.40679168701172,0.17763054370880127,53,41,5.358136659482138,196.2618408203125,222.1139935337076,25.8521527133951,1074.036100872314,6849.462450659585,False,False
1790,22,"[53, 41]",13.84434986114502,-126.42628479003906,0.17761960625648499,53,41,5.248853804097793,197.07737731933594,222.91059407937948,25.83321676004354,1023.5061635979619,6794.702180802976,False,False
1791,22,"[53, 41]",13.714998245239258,-126.44744873046875,0.17755116522312164,53,41,5.140217163192511,197.89320373535156,223.7195166064763,25.826312871124742,971.5379956087354,6741.19166922559,False,False
1792,22,"[53, 41]",13.586871147155762,-126.47019958496094,0.17741602659225464,53,41,5.032408528359798,198.71156311035156,224.54053774113302,25.82897463078146,918.5914975726228,6688.83981400428,False,False
1793,22,"[53, 41]",13.460149765014648,-126.49446868896484,0.1772644966840744,53,41,4.925584855525158,199.5347137451172,225.37327782291555,25.838564077798367,865.1341189802743,6637.524738437731,True,False
1794,23,"[53, 40]",13.33499813079834,-126.5201644897461,0.17714175581932068,53,41,13.78156124417039,200.36483764648438,194.62546136479935,-5.739376281685026,8000.0,7318.802139221691,False,False
1795,23,"[53, 40]",13.20835018157959,-126.54843139648438,0.17727498710155487,53,41,13.6518804691518,201.17420959472656,194.64488280407033,-6.529326790656228,8000.0,7218.777457758738,False,False
1796,23,"[53, 40]",13.08043098449707,-126.5792007446289,0.17757871747016907,53,41,13.520338098055774,201.96331787109375,194.6557813355744,-7.307536535519347,8000.0,7118.7620964995895,False,False
1797,23,"[53, 40]",12.95144271850586,-126.61241912841797,0.1778583526611328,53,41,13.387142064393238,202.7327117919922,194.65791243358393,-8.074799358408256,8000.0,7018.720535480724,False,False
1798,23,"[53, 40]",12.821569442749023,-126.64803314208984,0.1780562847852707,53,41,13.252483721618509,203.48284912109375,194.6510346511096,-8.831814469984153,8000.0,6918.623103510627,False,False
1799,23,"[53, 40]",12.690977096557617,-126.68596649169922,0.17812062799930573,53,41,13.1165436666635,204.2142333984375,194.63500753510155,-9.57922586333595,8000.0,6818.441711188582,False,False
1800,23,"[53, 40]",12.559813499450684,-126.72618103027344,0.17806339263916016,53,41,12.979476329479748,204.9273223876953,194.60953722336373,-10.317785164331582,8000.0,6718.1282439305905,False,False
1801,23,"[53, 40]",12.428215980529785,-126.76860809326172,0.1779540777206421,53,41,12.841434737350403,205.62257385253906,194.574456946599,-11.048116905940049,8000.0,6617.646266367206,False,False
1802,23,"[53, 40]",12.296305656433105,-126.81319427490234,0.17785511910915375,53,41,12.702553425431596,206.30044555664062,194.52954146363155,-11.77090409300908,8000.0,6516.946269693044,False,False
1803,23,"[53, 40]",12.164190292358398,-126.85987854003906,0.17782257497310638,53,41,12.562956986793097,206.9613494873047,194.47460226723504,-12.486747220069645,8000.0,6415.985304057026,False,False
1804,23,"[53, 40]",12.031970024108887,-126.90860748291016,0.17784801125526428,53,41,12.422761784553943,207.605712890625,194.40941558328788,-13.196297307337119,8000.0,6314.708705275321,False,False
1805,23,"[53, 40]",11.899730682373047,-126.95932006835938,0.17792370915412903,53,41,12.282073308676045,208.2339630126953,194.33379767517764,-13.900165337517677,8000.0,6213.062935863186,False,False
1806,23,"[53, 40]",11.767553329467773,-127.01197052001953,0.17804265022277832,53,41,12.140989726340289,208.84649658203125,194.24749187722534,-14.599004704805907,8000.0,6110.9839150983335,False,False
1807,23,"[53, 40]",11.635506629943848,-127.0665054321289,0.17831602692604065,53,41,11.999600198139788,209.4437255859375,194.1502797001484,-15.293445885789112,8000.0,6008.1975821003625,False,False
1808,23,"[53, 40]",11.503654479980469,-127.12287139892578,0.17872615158557892,53,41,11.857990360170396,210.02598571777344,194.0419387676648,-15.984046950108649,8000.0,5831.324095603026,False,False
1809,23,"[53, 40]",11.372052192687988,-127.18101501464844,0.17908066511154175,53,41,11.716238620856833,210.59368896484375,193.92224762872593,-16.671441336117823,8000.0,5654.263774855949,False,False
1810,23,"[53, 40]",11.24074935913086,-127.24089050292969,0.1793828159570694,53,41,11.574417107207791,211.14720153808594,193.79094608926565,-17.356255448820292,8000.0,5477.006640968717,False,False
1811,23,"[53, 40]",11.109789848327637,-127.30244445800781,0.1796354204416275,53,41,11.432595347345089,211.68682861328125,193.64780742902582,-18.039021184255432,8000.0,5299.551774362953,False,False
1812,23,"[53, 40]",10.979211807250977,-127.36563873291016,0.17978216707706451,53,41,11.290834831580101,212.21299743652344,193.49252804800747,-18.720469388515966,8000.0,5121.859969095214,False,False
1813,23,"[53, 40]",10.849051475524902,-127.43041229248047,0.17988988757133484,53,41,11.149201716052344,212.72598266601562,193.32490889165035,-19.401073774365273,8000.0,4943.930304946205,False,False
1814,23,"[53, 40]",10.719338417053223,-127.4967269897461,0.17990106344223022,53,41,11.007751444467608,213.22613525390625,193.14463677956078,-20.081498474345466,8000.0,4765.723795106549,False,False
1815,23,"[53, 40]",10.590096473693848,-127.56454467773438,0.17970502376556396,53,41,10.866535140001842,213.7137451171875,192.9513932138048,-20.762351903382694,8000.0,4587.20467721917,False,False
1816,23,"[53, 40]",10.46135139465332,-127.6338119506836,0.17943736910820007,53,41,10.725610420257802,214.18917846679688,192.74492472751595,-21.444253739280924,8000.0,4408.335759303571,False,False
1817,23,"[53, 40]",10.333122253417969,-127.7044906616211,0.1792200356721878,53,41,10.585026151439891,214.65272521972656,192.52489726982395,-22.12782794990261,8000.0,4229.0719110429945,False,False
1818,23,"[53, 40]",10.205426216125488,-127.77654266357422,0.17904502153396606,53,41,10.444830624748638,215.10464477539062,192.29096671211838,-22.81367806327225,8000.0,4049.3683443148184,False,False
1819,23,"[53, 40]",10.078277587890625,-127.84992218017578,0.17890505492687225,53,41,10.305072235063593,215.54527282714844,192.04282129075781,-23.502451536390623,8000.0,3869.1708286346684,False,False
1820,23,"[53, 40]",9.951687812805176,-127.92459869384766,0.17885234951972961,53,41,10.165794651925344,215.97486877441406,191.7800581761114,-24.194810598302666,8000.0,3688.4179722480717,False,False
1821,23,"[53, 40]",9.825666427612305,-128.00051879882812,0.17881621420383453,53,41,10.027045717485647,216.39370727539062,191.5023896780016,-24.89131759738902,8000.0,3507.0643787051986,False,False
1822,23,"[53, 40]",9.700221061706543,-128.07766723632812,0.17879177629947662,53,41,9.888865046114319,216.8020782470703,191.20930563725048,-25.592772609819832,8000.0,3325.0198865814964,False,False
1823,23,"[53, 40]",9.575357437133789,-128.15599060058594,0.1787746250629425,53,41,9.751299437203269,217.20022583007812,190.90049731801378,-26.29972851206435,8000.0,3142.235975313108,False,False
1824,23,"[53, 40]",9.451080322265625,-128.23545837402344,0.17881950736045837,53,41,9.614391629620698,217.58837890625,190.575515002171,-27.012863904079012,8000.0,2958.6397956474207,False,False
1825,23,"[53, 40]",9.327392578125,-128.3160400390625,0.17885804176330566,53,41,9.478184080112708,217.9668426513672,190.23389504439928,-27.73294760696791,8000.0,2774.1415571230004,False,False
1826,23,"[53, 40]",9.204294204711914,-128.397705078125,0.17876985669136047,53,41,9.342718064008983,218.33583068847656,189.87516054784018,-28.46067014063638,8000.0,2588.661917085244,False,False
1827,23,"[53, 40]",9.081786155700684,-128.48040771484375,0.17856423556804657,53,41,9.20803999182144,218.69557189941406,189.4989106452002,-29.196661254213865,8000.0,2402.1324344494697,False,False
1828,23,"[53, 40]",8.959868431091309,-128.56414794921875,0.17819063365459442,53,41,9.074189408106895,219.04632568359375,189.10444936247572,-29.94187632111803,8000.0,2214.425380302105,False,False
1829,23,"[53, 40]",8.838539123535156,-128.64886474609375,0.17783881723880768,53,41,8.941215818478486,219.38829040527344,188.69144051525993,-30.69684989001351,8000.0,2025.4863017512703,False,False
1830,23,"[53, 40]",8.717796325683594,-128.73452758789062,0.177444189786911,53,41,8.809165295413196,219.72169494628906,188.25934689297148,-31.462348053317584,8000.0,1835.2189228705156,False,False
1831,23,"[53, 40]",8.597636222839355,-128.82113647460938,0.17700745165348053,53,41,8.67807973181716,220.04673767089844,187.80741689249834,-32.2393207784001,8000.0,1643.4922832782713,False,False
1832,23,"[53, 40]",8.478055000305176,-128.9086456298828,0.1765291541814804,53,41,8.548009765399984,220.36366271972656,187.33517368758174,-33.02848903214482,8000.0,1450.2164164955107,False,False
1833,23,"[53, 40]",8.35923957824707,-128.9968719482422,0.17599797248840332,53,41,8.419213277661736,220.6704864501953,186.84290383650486,-33.82758261369045,8000.0,1255.9034187689194,False,False
1834,23,"[53, 40]",8.241901397705078,-129.0851593017578,0.17536963522434235,53,41,8.292519047470025,220.9590301513672,186.3338319855899,-34.62519816577728,8000.0,1062.884400026213,False,False
1835,23,"[53, 40]",8.126670837402344,-129.17295837402344,0.17472265660762787,53,41,8.168645955761802,221.2213897705078,185.81091743269437,-35.410472337813445,8000.0,873.3588726932321,False,False
1836,23,"[53, 40]",8.014089584350586,-129.25970458984375,0.17424654960632324,53,41,8.048209065394298,221.44996643066406,185.2776764484724,-36.17228998219167,8000.0,689.5303778848934,False,False
1837,23,"[53, 40]",7.904613971710205,-129.344970703125,0.17387832701206207,53,41,7.93170759808509,221.63763427734375,184.7370890939612,-36.90054518338255,8000.0,513.3818907376708,False,False
1838,23,"[53, 40]",7.798617362976074,-129.42832946777344,0.17356351017951965,53,41,7.819542184266806,221.7777862548828,184.19251610468365,-37.585270150199165,8000.0,346.8294260465118,False,False
1839,23,"[53, 40]",7.696389198303223,-129.50946044921875,0.17325574159622192,53,41,7.7120059480422585,221.86434936523438,183.64688939348756,-38.21745997174682,8000.0,191.57271237580426,False,False
1840,23,"[53, 40]",7.598142147064209,-129.5880584716797,0.1729750782251358,53,41,7.609300881799087,221.89195251464844,183.10331467981013,-38.78863783483831,8000.0,49.17389152477426,False,False
1841,23,"[53, 40]",7.5040106773376465,-129.6639404296875,0.17268407344818115,53,41,7.511531952963791,221.85589599609375,182.56422049857696,-39.29167549751679,8000.0,-79.08992676465823,False,False
1842,23,"[53, 40]",7.414058685302734,-129.7369384765625,0.17235258221626282,53,41,7.418724119026543,221.75218200683594,182.0320846443807,-39.72009736245525,8000.0,-192.1015334981248,False,False
1843,23,"[53, 40]",7.328281879425049,-129.8069610595703,0.17201605439186096,53,41,7.3308239193716656,221.57760620117188,181.50891568180683,-40.06869051936505,8000.0,-289.0105036963141,False,False
1844,23,"[53, 40]",7.246613502502441,-129.8739776611328,0.17171023786067963,53,41,7.2477092163347905,221.32972717285156,180.9963026684885,-40.33342450436305,8000.0,-369.2164914950181,False,False
1845,23,"[53, 40]",7.16892671585083,-129.93801879882812,0.17135369777679443,53,41,7.169194649787273,221.0069122314453,180.495356263961,-40.5115559674843,8000.0,-432.3855579715437,False,False
1846,23,"[53, 40]",7.095041275024414,-129.9991455078125,0.17093589901924133,53,41,7.09504132647985,220.60829162597656,180.0069004243719,-40.601391201604656,8000.0,-478.40485750130665,False,False
1847,23,"[53, 40]",7.024727821350098,-130.05747985839844,0.17051012814044952,53,41,7.024962981978738,220.13375854492188,179.5311875592066,-40.60257098571529,8000.0,-507.42839208198757,False,False
1848,23,"[53, 40]",6.957714080810547,-130.11318969726562,0.17018692195415497,53,41,6.958634717951249,219.58395385742188,179.06798126067775,-40.51597259674412,8000.0,-519.8546325847619,False,False
1849,23,"[53, 40]",6.893687725067139,-130.1664581298828,0.17006942629814148,53,41,6.895697119200162,218.96022033691406,178.61677874768355,-40.34344158923051,8000.0,-516.2763231281797,False,False
1850,23,"[53, 40]",6.832302570343018,-130.21749877929688,0.1700187623500824,53,41,6.835763609993505,218.26458740234375,178.17666811984842,-40.087919282495335,8000.0,-497.49644191843345,False,False
1851,23,"[53, 40]",6.773183345794678,-130.26657104492188,0.17003083229064941,53,41,6.778427012053839,217.4996337890625,177.74618279252712,-39.75345099653538,8000.0,-464.5229900993472,False,False
1852,23,"[53, 40]",6.7159318923950195,-130.31390380859375,0.17016376554965973,53,41,6.72326384907942,216.66854858398438,177.32393305484214,-39.34461552914223,8000.0,-418.46612972579214,False,False
1853,23,"[53, 40]",6.660130977630615,-130.35975646972656,0.170472651720047,53,41,6.669840279699736,215.77496337890625,176.90809161359033,-38.86687176531592,8000.0,-360.5904785359662,False,False
1854,23,"[53, 40]",6.605350971221924,-130.40440368652344,0.17095071077346802,53,41,6.617718926843008,214.82298278808594,176.49651637409187,-38.32646641399407,8000.0,-292.2913256172351,False,False
1855,23,"[53, 40]",6.551154136657715,-130.44805908203125,0.17147646844387054,53,41,6.566458517590602,213.81703186035156,176.08741038601215,-37.72962147433941,8000.0,-214.95420467739768,False,False
1856,23,"[53, 40]",6.497100353240967,-130.49095153808594,0.17176610231399536,53,41,6.515623255900609,212.7617950439453,175.67867321300164,-37.08312183094367,8000.0,-130.04536353641106,False,False
1857,23,"[53, 40]",6.442751884460449,-130.5333251953125,0.17180109024047852,53,41,6.464788288000914,211.66221618652344,175.26789604557024,-36.3943201409532,8000.0,-39.10450103125004,False,False
1858,23,"[53, 40]",6.387681007385254,-130.5753173828125,0.17156611382961273,53,41,6.413537147555671,210.52334594726562,174.8534442417136,-35.669901705552036,8000.0,56.46080666497619,False,False
1859,23,"[53, 40]",6.331472396850586,-130.61712646484375,0.17122489213943481,53,41,6.361476855706655,209.3502960205078,174.4329848843038,-34.917311136204006,7955.753061457098,155.15088200055925,False,False
1860,23,"[53, 40]",6.273730754852295,-130.65884399414062,0.17104318737983704,53,41,6.308230575446233,208.14822387695312,174.0049832877199,-34.143240589233216,7883.293087022623,255.61992756421023,False,False
1861,23,"[53, 40]",6.214081287384033,-130.70059204101562,0.17108435928821564,53,41,6.253449884195989,206.92222595214844,173.56748412824817,-33.35474182390027,7808.024007874968,356.50316333457295,False,False
1862,23,"[53, 40]",6.1521782875061035,-130.74241638183594,0.17128820717334747,53,41,6.196812064705521,205.67724609375,173.1190831855146,-32.5581629082354,7730.151055777647,456.5876490653236,False,False
1863,23,"[53, 40]",6.087706089019775,-130.7843475341797,0.17165954411029816,53,41,6.138026269140774,204.41815185546875,172.65838681609944,-31.759765039369313,7649.916040253174,554.7164294143768,False,False
1864,23,"[53, 40]",6.020383834838867,-130.82638549804688,0.1722026765346527,53,41,6.076835896268001,203.14950561523438,172.18416182721535,-30.965343788019027,7567.573579194333,649.8493793491475,False,False
1865,23,"[53, 40]",5.949965953826904,-130.86849975585938,0.17280368506908417,53,41,6.0130181005570815,201.87570190429688,171.69534598214133,-30.18035592215554,7483.398002263369,741.0417748664577,False,False
1866,23,"[53, 40]",5.876248359680176,-130.91062927246094,0.173359677195549,53,41,5.946388858501158,200.600830078125,171.19106873955477,-29.409761338570235,7397.673083900772,827.4693388283181,False,False
1867,23,"[53, 40]",5.799065113067627,-130.9526824951172,0.1738363802433014,53,41,5.876798458523209,199.32864379882812,170.6706629575967,-28.65798084123142,7310.68410364941,908.4297336917439,False,False
1868,23,"[53, 40]",5.718292713165283,-130.9945831298828,0.17420218884944916,53,41,5.80414224116593,198.0626220703125,170.1332453931332,-27.929376677179306,7222.755010547931,983.2723731528281,False,False
1869,23,"[53, 40]",5.633849620819092,-131.03619384765625,0.17442788183689117,53,41,5.72834699018173,196.8058319091797,169.5784654852822,-27.22736642389748,7134.174895437283,1051.5228539145296,False,False
1870,23,"[53, 40]",5.5456953048706055,-131.077392578125,0.17460379004478455,53,41,5.649381486664067,195.56101989746094,169.00578809406514,-26.5552318033958,7045.258315170095,1112.7625890956206,False,False
1871,23,"[53, 40]",5.453829288482666,-131.11802673339844,0.17475128173828125,53,41,5.567246867573319,194.3305206298828,168.41495716005772,-25.915563469825088,6956.296257059967,1166.7038083173888,False,False
1872,23,"[53, 40]",5.358290195465088,-131.157958984375,0.17488837242126465,53,41,5.48198347574234,193.11634826660156,167.8055609959448,-25.31078727065676,6867.595917239618,1213.1117681857982,False,False
1873,23,"[53, 40]",5.259152412414551,-131.197021484375,0.17497120797634125,53,41,5.3936578062629374,191.92007446289062,167.17750714444455,-24.742567318446078,6779.425150456806,1251.8825571354819,False,False
1874,23,"[53, 40]",5.156525135040283,-131.23507690429688,0.17495891451835632,53,41,5.302373659770666,190.7429656982422,166.53042076301867,-24.21254493522352,6692.072472726566,1282.9380163204528,False,False
1875,23,"[53, 40]",5.050551414489746,-131.27198791503906,0.1749308705329895,53,41,5.208264859471894,189.5858612060547,165.86396819517967,-23.72189301087502,6605.806356778377,1306.2845923546952,False,False
1876,23,"[53, 40]",4.941401481628418,-131.30760192871094,0.1748981773853302,53,40,5.111484266493255,188.4492950439453,165.1780290105073,-23.271266033438025,6520.862674671576,1322.0119432665915,False,False
1877,23,"[53, 40]",4.829272270202637,-131.34178161621094,0.17486925423145294,53,40,5.012209948251346,187.33343505859375,164.47239643495652,-22.861038623637228,6437.464639107078,1330.2595906838792,False,False
1878,23,"[53, 40]",4.714385032653809,-131.37440490722656,0.1749677062034607,53,40,4.910643041916069,186.2380828857422,163.746785373941,-22.49129751180118,6355.819501875605,1331.2154106559087,True,False
1879,24,"[53, 39]",4.596979141235352,-131.40538024902344,0.1752443015575409,53,40,14.664477273125186,185.16282653808594,174.500579398292,-10.662247139793948,8000.0,6670.894932270595,False,False
1880,24,"[53, 39]",4.476441383361816,-131.43466186523438,0.17572428286075592,53,40,14.547357484899736,184.1144256591797,174.34028469863964,-9.774140960540052,8000.0,6792.094919474127,False,False
1881,24,"[53, 39]",4.353063106536865,-131.46214294433594,0.1763332337141037,53,40,14.427344957749538,183.09226989746094,174.18335853692238,-8.908911360538553,8000.0,6908.3513800501005,False,False
1882,24,"[53, 39]",4.227112770080566,-131.48776245117188,0.17700409889221191,53,40,14.304690660189282,182.09564208984375,174.03014412824544,-8.065497961598311,8000.0,7019.941832810748,False,False
1883,24,"[53, 39]",4.098835468292236,-131.5114288330078,0.17755886912345886,53,40,14.179618425021971,181.1239471435547,173.8811242878906,-7.2428228556640875,8000.0,7127.134923274467,False,False
1884,24,"[53, 39]",3.9684572219848633,-131.5330810546875,0.17795488238334656,53,40,14.052335559709029,180.17654418945312,173.7366808222254,-6.43986336722773,8000.0,7230.181353261889,False,False
1885,24,"[53, 39]",3.8361856937408447,-131.5526885986328,0.17821241915225983,53,40,13.92303402409127,179.2528076171875,173.59708944621116,-5.655718170976343,8000.0,7329.306483865574,False,False
1886,24,"[53, 39]",3.70221209526062,-131.57020568847656,0.17834961414337158,53,40,13.79188755057228,178.35218811035156,173.46270370194384,-4.889484408407725,8000.0,7424.726998415143,False,False
1887,24,"[53, 39]",3.5667123794555664,-131.58560180664062,0.17844140529632568,53,40,13.659056258618124,177.4740753173828,173.33383099695214,-4.140244320430668,8000.0,7516.652809536466,False,False
1888,24,"[53, 39]",3.4298477172851562,-131.598876953125,0.17849627137184143,53,40,13.524689172794456,176.61793518066406,173.21066550956408,-3.407269671099982,8000.0,7605.262685622638,False,False
1889,24,"[53, 39]",3.2917661666870117,-131.61000061035156,0.17852167785167694,53,40,13.388918918091107,175.78318786621094,173.09354180072788,-2.6896460654830605,8000.0,7690.750621004352,False,False
1890,24,"[53, 39]",3.152604341506958,-131.61898803710938,0.1785241812467575,53,40,13.251872442358135,174.96929931640625,172.98261441724165,-1.986684899164601,8000.0,7773.276450050857,False,False
1891,24,"[53, 39]",3.0124874114990234,-131.62583923339844,0.17850948870182037,53,40,13.113663936798067,174.17576599121094,172.8781124986822,-1.297653492528724,8000.0,7852.999014656195,False,False
1892,24,"[53, 39]",2.871530294418335,-131.63055419921875,0.17848259210586548,53,40,12.974397832528446,173.40208435058594,172.78027662012522,-0.6218077304607164,8000.0,7930.072299443429,False,False
1893,24,"[53, 39]",2.729839324951172,-131.63314819335938,0.178506538271904,53,40,12.834172441593042,172.6477508544922,172.68929204952403,0.04154119503184006,7995.357701299923,8000.0,False,False
1894,24,"[53, 39]",2.5875115394592285,-131.63363647460938,0.1785203218460083,53,40,12.693077439580735,171.91226196289062,172.60535297423746,0.6930910113468371,7921.995675533144,8000.0,False,False
1895,24,"[53, 39]",2.444636106491089,-131.63204956054688,0.17852763831615448,53,40,12.55119729711325,171.19515991210938,172.52859409549535,1.3334341833859753,7848.887573869742,8000.0,False,False
1896,24,"[53, 39]",2.301295042037964,-131.62841796875,0.17853161692619324,53,40,12.408610107188302,170.49600219726562,172.45915693856585,1.9631547413002295,7776.018016486529,8000.0,False,False
1897,24,"[53, 39]",2.1575639247894287,-131.62274169921875,0.17853492498397827,53,40,12.265384266614916,169.81431579589844,172.39733139864234,2.583015602743899,7703.346171975898,8000.0,False,False
1898,24,"[53, 39]",2.013511896133423,-131.6150665283203,0.1785397231578827,53,40,12.121588508501675,169.14967346191406,172.343206498822,3.193533036907951,7630.855402975375,8000.0,False,False
1899,24,"[53, 39]",1.8692022562026978,-131.60540771484375,0.17848898470401764,53,40,11.9772825018669,168.5016632080078,172.297020039938,3.795356831930178,7546.230934909158,8000.0,False,False
1900,24,"[53, 39]",1.7246930599212646,-131.5938262939453,0.1783900111913681,53,40,11.83252760844602,167.86985778808594,172.25880145027196,4.388943662186023,7395.8423960689515,8000.0,False,False
1901,24,"[53, 39]",1.5800374746322632,-131.580322265625,0.17819038033485413,53,40,11.687372945924063,167.25384521484375,172.22887759766382,4.975032382820075,7245.442532654562,8000.0,False,False
1902,24,"[53, 39]",1.4352848529815674,-131.56494140625,0.1779603660106659,53,40,11.541870787434133,166.65322875976562,172.2073663830594,5.554137623293769,7095.0501122268,8000.0,False,False
1903,24,"[53, 39]",1.2904798984527588,-131.5477294921875,0.17770415544509888,53,40,11.396069625899658,166.06764221191406,172.19439057059745,6.126748358683386,6944.680987240136,8000.0,False,False
1904,24,"[53, 39]",1.1456637382507324,-131.52871704101562,0.17742536962032318,53,40,11.250013153665593,165.4967041015625,172.19015546243577,6.693451360873269,6794.332215804048,8000.0,False,False
1905,24,"[53, 39]",1.0008736848831177,-131.5079345703125,0.17712706327438354,53,40,11.103742094406616,164.94004821777344,172.19487582154207,7.254827603768632,6643.9959950428065,8000.0,False,False
1906,24,"[53, 39]",0.8561440110206604,-131.48541259765625,0.1768117994070053,53,40,10.957294984315045,164.39730834960938,172.20877676154788,7.811468411938506,6493.658258288662,8000.0,False,False
1907,24,"[53, 39]",0.711505651473999,-131.46121215820312,0.1764817237854004,53,40,10.810712015997838,163.86813354492188,172.2319337013909,8.363800156469011,6343.323759317861,8000.0,False,False
1908,24,"[53, 39]",0.5669869780540466,-131.4353485107422,0.17613859474658966,53,40,10.664025466101139,163.3522186279297,172.26466849072506,8.91244986279537,6192.96394634149,8000.0,False,False
1909,24,"[53, 39]",0.42261412739753723,-131.40785217285156,0.17584256827831268,53,40,10.517268323534852,162.8491973876953,172.30723714911028,9.458039761414966,6042.547966912511,8000.0,False,False
1910,24,"[53, 39]",0.27841150760650635,-131.3787841796875,0.175765261054039,53,40,10.370476793949948,162.3587646484375,172.35974174447222,10.000977096034717,5892.072243616576,8000.0,False,False
1911,24,"[53, 39]",0.1343996226787567,-131.34817504882812,0.17582565546035767,53,40,10.223679947769984,161.880615234375,172.4224564132493,10.541841178874307,5741.504176526052,8000.0,False,False
1912,24,"[53, 39]",-0.009402532130479813,-131.3160400390625,0.17600949108600616,53,40,10.076904244331018,161.41441345214844,172.49575557675217,11.081342124603736,5590.789524431639,8000.0,False,False
1913,24,"[53, 39]",-0.15297827124595642,-131.2824249267578,0.17624501883983612,53,40,9.930178780833911,160.95986938476562,172.57985867589176,11.619989291126132,5439.899874017378,8000.0,False,False
1914,24,"[53, 39]",-0.29631224274635315,-131.24737548828125,0.17652632296085358,53,40,9.783532168855949,160.5167236328125,172.67499615414124,12.15827252132874,5288.807208959692,8000.0,False,False
1915,24,"[53, 39]",-0.43939149379730225,-131.21092224121094,0.17673033475875854,53,40,9.636989554997696,160.08465576171875,172.78149922337815,12.696843461659398,5137.457617536715,7973.959672144982,False,False
1916,24,"[53, 39]",-0.5822033286094666,-131.173095703125,0.17692257463932037,53,40,9.490576782911823,159.66339111328125,172.89971772718,13.23632661389874,4985.799132496141,7942.822880104272,False,False
1917,24,"[53, 39]",-0.7247368693351746,-131.13394165039062,0.17710305750370026,53,40,9.344320724887435,159.252685546875,173.02992722811788,13.777241681242884,4833.792948804086,7911.6582823168865,False,False
1918,24,"[53, 39]",-0.8669825792312622,-131.0934600830078,0.17727164924144745,53,40,9.198242340860384,158.8522491455078,173.17270055821987,14.32045141271206,4681.347730602629,7880.567282905975,False,False
1919,24,"[53, 39]",-1.0089319944381714,-131.05172729492188,0.17742811143398285,53,40,9.052371743555454,158.4618377685547,173.3281647387689,14.866326970214203,4528.443625242728,7849.6129475885955,False,False
1920,24,"[53, 39]",-1.1505780220031738,-131.0087432861328,0.177572101354599,53,40,8.90672961091619,158.08120727539062,173.49693840188624,15.415731126495615,4374.985645059788,7818.8930339816825,False,False
1921,24,"[53, 39]",-1.2919145822525024,-130.96453857421875,0.17764435708522797,53,40,8.761340439906586,157.71011352539062,173.6794791598061,15.969365634415482,4220.9015801760615,7788.4921053009675,False,False
1922,24,"[53, 39]",-1.4329367876052856,-130.91917419433594,0.1775914579629898,53,40,8.616231965581008,157.34828186035156,173.87606913311066,16.5277872727591,4066.140055401067,7758.48317193048,False,False
1923,24,"[53, 39]",-1.573639988899231,-130.87265014648438,0.17742405831813812,53,40,8.47142616770266,156.9955291748047,174.0874157334503,17.091886558645626,3910.597990868442,7728.962097437774,False,False
1924,24,"[53, 39]",-1.714020013809204,-130.82501220703125,0.17726920545101166,53,40,8.326950790854058,156.651611328125,174.31395739999252,17.662346071867518,3754.2034367628858,7700.009421796809,False,False
1925,24,"[53, 39]",-1.8540736436843872,-130.77627563476562,0.17712345719337463,53,40,8.182830809912186,156.31629943847656,174.556370096072,18.240070657595425,3596.849884483415,7671.7207807579425,False,False
1926,24,"[53, 39]",-1.993798851966858,-130.7264862060547,0.17698365449905396,53,40,8.039094416061733,155.98939514160156,174.81515508120677,18.825759939605206,3438.4606784922603,7644.175816235105,False,False
1927,24,"[53, 39]",-2.1331944465637207,-130.6756591796875,0.17678803205490112,53,40,7.8957675334746185,155.670654296875,175.09106345130954,19.420409154434537,3278.9141468110724,7617.475194226505,False,False
1928,24,"[53, 39]",-2.27225923538208,-130.6238250732422,0.17653974890708923,53,40,7.752879145655708,155.35992431640625,175.38478227519502,20.024857958788772,3118.111398351123,7591.7076047518285,False,False
1929,24,"[53, 39]",-2.4109926223754883,-130.57101440429688,0.17630033195018768,53,40,7.610459278358554,155.05694580078125,175.697041548393,20.640095747611753,2955.931142097259,7566.9727897478915,False,False
1930,24,"[53, 39]",-2.549394130706787,-130.51724243164062,0.17606623470783234,53,40,7.468538515173901,154.76158142089844,176.02873433758282,21.26715291668438,2792.2451099458613,7543.37267373796,False,False
1931,24,"[53, 39]",-2.687464952468872,-130.46253967285156,0.17583422362804413,53,40,7.32714895237791,154.47361755371094,176.3806926312885,21.90707507757756,2626.922337282349,7521.009883974453,False,False
1932,24,"[53, 39]",-2.8252053260803223,-130.4069366455078,0.1756012737751007,53,40,7.186325629023731,154.19285583496094,176.75380269304642,22.560946858085487,2459.826415614357,7499.990320139946,False,False
1933,24,"[53, 39]",-2.9626169204711914,-130.35044860839844,0.17536459863185883,53,40,7.0461035214625385,153.91912841796875,177.14913160666524,23.230003188696486,2290.797467324719,7480.429990736371,False,False
1934,24,"[53, 39]",-3.099700927734375,-130.2930908203125,0.17512160539627075,53,40,6.906520796729806,153.65225219726562,177.5678185969222,23.91556639965657,2119.6628561768957,7462.451670939561,False,False
1935,24,"[53, 39]",-3.236459732055664,-130.2349090576172,0.17486989498138428,53,40,6.7676184305452045,153.39207458496094,178.01082140161213,24.618746816651196,1946.2815460173365,7446.162373734918,False,False
1936,24,"[53, 39]",-3.3728952407836914,-130.17591857910156,0.17460724711418152,53,40,6.629439255027574,153.13841247558594,178.47942261464937,25.341010139063428,1770.4592458383872,7431.695248499802,False,False
1937,24,"[53, 39]",-3.509009599685669,-130.11611938476562,0.17439042031764984,53,40,6.492028965469205,152.89111328125,178.97512695876085,26.084013677510853,1591.972728134549,7419.197314474373,False,False
1938,24,"[53, 39]",-3.644805431365967,-130.05557250976562,0.1742115616798401,53,40,6.355437538756649,152.64999389648438,179.4989942354585,26.849000338974122,1410.6614283843578,7408.785675221761,False,False
1939,24,"[53, 39]",-3.779888391494751,-129.9944610595703,0.17410165071487427,53,40,6.220114074687284,152.41880798339844,180.05102124297517,27.63221325957673,1227.3108328556368,7400.406525564098,False,False
1940,24,"[53, 39]",-3.9134879112243652,-129.9332275390625,0.17418451607227325,53,40,6.086878343482116,152.2052459716797,180.62854171207132,28.423295740391637,1043.8855685918547,7393.710783797147,False,False
1941,24,"[53, 39]",-4.044917106628418,-129.87225341796875,0.17439548671245575,53,40,5.956452925705659,152.01683044433594,181.228902722757,29.21207227842106,862.2836583615212,7388.323243500841,False,False
1942,24,"[53, 39]",-4.173571586608887,-129.81190490722656,0.17467716336250305,53,40,5.829463767817477,151.86082458496094,181.8490424317481,29.988217846787165,684.3853381087188,7383.817507475254,False,False
1943,24,"[53, 39]",-4.298929214477539,-129.75250244140625,0.17492029070854187,53,40,5.70644049675869,151.74412536621094,182.48579042575582,30.741665059544886,511.9895248651169,7379.743417144886,False,False
1944,24,"[53, 39]",-4.420551300048828,-129.6943359375,0.1749694049358368,53,40,5.587815164667746,151.6732635498047,183.13575273014575,31.462489180341066,346.8284252418134,7375.615971738372,False,False
1945,24,"[53, 39]",-4.538078784942627,-129.6376495361328,0.1748630404472351,53,40,5.4739274034424845,151.6542205810547,183.79550966668307,32.14128908562839,190.50937560287593,7370.942276460899,False,False
1946,24,"[53, 39]",-4.65123176574707,-129.58265686035156,0.17457938194274902,53,40,5.365025341968556,151.6925048828125,184.46152273744045,32.76901785462795,44.53868586519866,7365.207539728446,False,False
1947,24,"[53, 39]",-4.759808540344238,-129.52952575683594,0.17404267191886902,53,40,5.261269100448102,151.79302978515625,185.1303674020116,33.337337616855336,-89.73333585920409,7357.89937150829,False,False
1948,24,"[53, 39]",-4.863682270050049,-129.47840881347656,0.17324651777744293,53,40,5.162733499693466,151.96005249023438,185.7984879972338,33.83843550699942,-211.08498990528233,7348.494060602194,False,False
1949,24,"[53, 39]",-4.96279764175415,-129.42938232421875,0.17224711179733276,53,40,5.069419308937814,152.19715881347656,186.46295315874391,34.26579434526735,-318.53810743674194,7336.513823906234,False,False
1950,24,"[53, 39]",-5.057168006896973,-129.3825225830078,0.17109833657741547,53,39,4.981251496615905,152.50729370117188,187.12071824214937,34.61342454097749,-411.24237566676493,7321.470886805736,True,False
1951,25,"[53, 38]",-5.146871089935303,-129.33782958984375,0.17008739709854126,53,39,14.867881761403881,152.8926239013672,182.55262478484482,29.660000883477636,3638.763626027434,8000.0,False,False
1952,25,"[53, 38]",-5.240907669067383,-129.2908172607422,0.16978800296783447,53,39,14.776120823499488,153.2683563232422,182.7509787281454,29.482622404903225,3670.7995172432006,8000.0,False,False
1953,25,"[53, 38]",-5.338886260986328,-129.24179077148438,0.1701836735010147,53,39,14.680706294402246,153.6346893310547,182.96045189540504,29.325762564350356,3699.0739813085247,8000.0,False,False
1954,25,"[53, 38]",-5.440453052520752,-129.19105529785156,0.1710832715034485,53,39,14.582002566416806,153.9918670654297,183.18014782871336,29.18828076328367,3723.812508907041,8000.0,False,False
1955,25,"[53, 38]",-5.5452880859375,-129.1388397216797,0.17213846743106842,53,39,14.480341623853255,154.3401336669922,183.4094486082648,29.06931494127261,3745.1868127161483,8000.0,False,False
1956,25,"[53, 38]",-5.653103828430176,-129.0854034423828,0.17309480905532837,53,39,14.376018802888723,154.6796875,183.6475979496684,28.96791044966841,3763.3821171183563,8000.0,False,False
1957,25,"[53, 38]",-5.763638973236084,-129.0309295654297,0.17372342944145203,53,39,14.269305266603586,155.01077270507812,183.89412199558043,28.88334929050231,3778.538410253215,8000.0,False,False
1958,25,"[53, 38]",-5.876656532287598,-128.97560119628906,0.17399486899375916,53,39,14.160445742137462,155.33358764648438,184.14853067971873,28.814943033234357,3790.788021192627,8000.0,False,False
1959,25,"[53, 38]",-5.991941452026367,-128.91958618164062,0.17394155263900757,53,39,14.049661857224857,155.6483154296875,184.41037846639728,28.762063036709776,3800.250474531207,8000.0,False,False
1960,25,"[53, 38]",-6.109299659729004,-128.86302185058594,0.17365145683288574,53,39,13.937154489186442,155.9552001953125,184.67932845242825,28.72412825711575,3807.034920966072,8000.0,False,False
1961,25,"[53, 38]",-6.228554725646973,-128.80604553222656,0.17320385575294495,53,39,13.823105013549469,156.25442504882812,184.95502988136877,28.700604832540648,3811.240423606864,8000.0,False,False
1962,25,"[53, 38]",-6.349546432495117,-128.74874877929688,0.17272886633872986,53,39,13.707680774511704,156.54615783691406,185.23730808851667,28.691150251602608,3812.930374255595,8000.0,False,False
1963,25,"[53, 38]",-6.4721293449401855,-128.69126892089844,0.17240245640277863,53,39,13.591028713730054,156.83059692382812,185.52578746478494,28.695190540956816,3812.208219714369,8000.0,False,False
1964,25,"[53, 38]",-6.596172332763672,-128.63365173339844,0.17220653593540192,53,39,13.473288526511082,157.10794067382812,185.82046469713424,28.712524023306116,3809.1096661941256,8000.0,False,False
1965,25,"[53, 38]",-6.721556186676025,-128.5760040283203,0.17212486267089844,53,39,13.354581035396121,157.37832641601562,186.12107300812355,28.74274659210792,3803.705508679048,8000.0,False,False
1966,25,"[53, 38]",-6.84817361831665,-128.51837158203125,0.172142893075943,53,39,13.235020209386715,157.6419677734375,186.4275969422012,28.785629168763705,3796.0342409906975,8000.0,False,False
1967,25,"[53, 38]",-6.975925922393799,-128.46084594726562,0.17224755883216858,53,39,13.114705516214325,157.89903259277344,186.73981876690965,28.840786174136213,3786.1614252144577,8000.0,False,False
1968,25,"[53, 38]",-7.104725360870361,-128.4034423828125,0.1723095327615738,53,39,12.993733268140433,158.149658203125,187.0578457953368,28.90818759221179,3774.0881070462283,8000.0,False,False
1969,25,"[53, 38]",-7.234490871429443,-128.3462371826172,0.17227128148078918,53,39,12.872185314381401,158.39401245117188,187.38151681996447,28.9875043687926,3759.868031089603,8000.0,False,False
1970,25,"[53, 38]",-7.365148544311523,-128.2892608642578,0.17213992774486542,53,39,12.750141163841016,158.63226318359375,187.71086672195574,29.07860353836199,3743.5190372605307,8000.0,False,False
1971,25,"[53, 38]",-7.496632099151611,-128.23252868652344,0.17186303436756134,53,39,12.62767451702523,158.86456298828125,188.04599897985273,29.181435991571476,3725.043109319547,8000.0,False,False
1972,25,"[53, 38]",-7.628879070281982,-128.1761016845703,0.17151111364364624,53,39,12.504848584558488,159.09103393554688,188.38681026223776,29.295776326690884,3704.4731424700617,8000.0,False,False
1973,25,"[53, 38]",-7.761834621429443,-128.11997985839844,0.1710887849330902,53,39,12.381727164094295,159.31185913085938,188.7334725598156,29.42161342895622,3681.802778062526,8000.0,False,False
1974,25,"[53, 38]",-7.895446300506592,-128.064208984375,0.17071782052516937,53,39,12.258364781653956,159.5271453857422,189.08594971349507,29.55880432775288,3657.048657679533,8000.0,False,False
1975,25,"[53, 38]",-8.029667854309082,-128.00877380371094,0.17039018869400024,53,39,12.134819052748547,159.737060546875,189.44448842875917,29.707427881884172,3630.186658511071,8000.0,False,False
1976,25,"[53, 38]",-8.164457321166992,-127.95372772216797,0.1700986623764038,53,39,12.011132366996108,159.9417266845703,189.80902084133623,29.867294156765922,3601.2404753306228,8000.0,False,False
1977,25,"[53, 38]",-8.299775123596191,-127.89905548095703,0.16989557445049286,53,39,11.887355888948358,160.14126586914062,190.17980023576948,30.038534366628852,3517.3544682757706,8000.0,False,False
1978,25,"[53, 38]",-8.435585975646973,-127.84477233886719,0.16976919770240784,53,39,11.763531697494804,160.33580017089844,190.55694303999323,30.22114286909479,3426.3003386137725,8000.0,False,False
1979,25,"[53, 38]",-8.571856498718262,-127.7908935546875,0.1697089970111847,53,39,11.639699960592166,160.5254669189453,190.94056815093094,30.41510123198563,3333.3384032321383,8000.0,False,False
1980,25,"[53, 38]",-8.708558082580566,-127.73741149902344,0.16976428031921387,53,39,11.515900629095755,160.7104034423828,191.33091164805964,30.620508205676828,3238.4781402810495,8000.0,False,False
1981,25,"[53, 38]",-8.845662117004395,-127.6843490600586,0.16992062330245972,53,39,11.392168050186163,160.8907012939453,191.7280651192058,30.837363825260496,3141.743860710373,8000.0,False,False
1982,25,"[53, 38]",-8.98314380645752,-127.6316909790039,0.1701650470495224,53,39,11.268540633468328,161.06649780273438,192.13231400919082,31.065816206456446,3043.134685118644,8000.0,False,False
1983,25,"[53, 38]",-9.120980262756348,-127.57945251464844,0.17048589885234833,53,39,11.145049150729605,161.2378692626953,192.54380068938875,31.305931426693434,2942.660654373153,8000.0,False,False
1984,25,"[53, 38]",-9.259150505065918,-127.52762603759766,0.17087268829345703,53,39,11.021727672320289,161.40496826171875,192.96278832037322,31.55782005865447,2840.3250041063966,8000.0,False,False
1985,25,"[53, 38]",-9.397635459899902,-127.47620391845703,0.17119835317134857,53,39,10.898609108614897,161.56788635253906,193.38954978439574,31.821663431856678,2736.117403190634,8000.0,False,False
1986,25,"[53, 38]",-9.536417007446289,-127.42520141601562,0.17140743136405945,53,39,10.77572070861839,161.72671508789062,193.8242489245868,32.097533836696186,2630.0442485802296,8000.0,False,False
1987,25,"[53, 38]",-9.675477981567383,-127.37460327148438,0.1715088039636612,53,39,10.65309639922593,161.88156127929688,194.267213672385,32.38565239308812,2522.087973941923,8000.0,False,False
1988,25,"[53, 38]",-9.814804077148438,-127.32440948486328,0.1715104579925537,53,39,10.5307644827696,162.0325469970703,194.7187056998731,32.6861587028028,2412.2428227156834,8000.0,False,False
1989,25,"[53, 38]",-9.954380989074707,-127.27462005615234,0.17141960561275482,53,39,10.408753871188939,162.1797332763672,195.1789945480788,32.99926127171162,2300.4906864133504,8000.0,False,False
1990,25,"[53, 38]",-10.094194412231445,-127.22522735595703,0.17118391394615173,53,39,10.287096167957017,162.32322692871094,195.6483986990638,33.32517177035285,2186.813861876843,8000.0,False,False
1991,25,"[53, 38]",-10.234232902526855,-127.17622375488281,0.17087389528751373,53,39,10.165821131840612,162.46315002441406,196.12725083706766,33.6641008126536,2071.193737844921,8000.0,False,False
1992,25,"[53, 38]",-10.374484062194824,-127.12760925292969,0.1704942137002945,53,39,10.044958221555557,162.59954833984375,196.61585101568613,34.01630267584238,1953.6034749428004,8000.0,False,False
1993,25,"[53, 38]",-10.514936447143555,-127.07937622070312,0.17010781168937683,53,39,9.924538974779638,162.73252868652344,197.11455198665973,34.3820233001363,1834.018403062753,8000.0,False,False
1994,25,"[53, 38]",-10.6555814743042,-127.0315170288086,0.16977134346961975,53,39,9.804593246719634,162.8621826171875,197.62372252966819,34.761539912480686,1712.4072089875099,8000.0,False,False
1995,25,"[53, 38]",-10.796408653259277,-126.98402404785156,0.16947698593139648,53,39,9.685153825404033,162.9885711669922,198.14373985619005,35.155168689197865,1588.7326135181265,8000.0,False,False
1996,25,"[53, 38]",-10.937409400939941,-126.93690490722656,0.16921766102313995,53,39,9.566247953798003,163.11180114746094,198.67490981289097,35.563108665430036,1462.975612209667,8000.0,False,False
1997,25,"[53, 38]",-11.078398704528809,-126.89019012451172,0.1689807027578354,53,39,9.448062612887242,163.23355102539062,199.21706406432662,35.983513038935996,1335.554320449346,8000.0,False,False
1998,25,"[53, 38]",-11.21877670288086,-126.84405517578125,0.1687394231557846,53,39,9.331123744082547,163.359375,199.76828219826822,36.408907198268224,1208.0439678773118,8000.0,False,False
1999,25,"[53, 38]",-11.358002662658691,-126.79865264892578,0.16847005486488342,53,39,9.215896203888377,163.4947052001953,200.32667914176355,36.831973941568236,1081.9610912396274,8000.0,False,False
2000,25,"[53, 38]",-11.495596885681152,-126.75411224365234,0.16815175116062164,53,39,9.102783072096342,163.64479064941406,200.8904270570538,37.24563640763975,958.7484237665822,8000.0,False,False
2001,25,"[53, 38]",-11.631141662597656,-126.7105484008789,0.1677665114402771,53,39,8.99212331401594,163.8145751953125,201.45773416937277,37.64315897406027,839.7554948287352,8000.0,False,False
2002,25,"[53, 38]",-11.7642822265625,-126.66806030273438,0.1674167364835739,53,39,8.884192106766314,164.00875854492188,202.02687060041495,38.01811205549308,726.2445921569406,8000.0,False,False
2003,25,"[53, 38]",-11.894725799560547,-126.62673950195312,0.1670781522989273,53,39,8.779200205713096,164.2316436767578,202.59614681895084,38.36450314219303,619.3662951431261,8000.0,False,False
2004,25,"[53, 38]",-12.022241592407227,-126.58663940429688,0.16673028469085693,53,39,8.67730717251706,164.48715209960938,203.16412598635034,38.67697388674097,520.1290025040589,8000.0,False,False
2005,25,"[53, 38]",-12.146657943725586,-126.54781341552734,0.1664150059223175,53,39,8.578611406682404,164.7787628173828,203.72941887837706,38.95065606099425,429.41986235783406,8000.0,False,False
2006,25,"[53, 38]",-12.267863273620605,-126.51029968261719,0.16611288487911224,53,39,8.48315664482077,165.10951232910156,204.29080784188795,39.18129551278639,347.98473943614863,8000.0,False,False
2007,25,"[53, 38]",-12.385802268981934,-126.47411346435547,0.1658668965101242,53,39,8.390940528288832,165.48194885253906,204.84731524111683,39.36536638857777,276.4110233607453,8000.0,False,False
2008,25,"[53, 38]",-12.500472068786621,-126.43927764892578,0.1658351719379425,53,39,8.301907181635382,165.8981475830078,205.3980341308182,39.49988654781038,215.1574066350513,8000.0,False,False
2009,25,"[53, 38]",-12.611921310424805,-126.4057846069336,0.16598540544509888,53,39,8.21596561671911,166.3596649169922,205.94238923821905,39.58272432122686,164.50694676550575,8000.0,False,False
2010,25,"[53, 38]",-12.720244407653809,-126.37361907958984,0.16629043221473694,53,39,8.132987155050133,166.86758422851562,206.48000575335786,39.61242152484223,124.59814879814894,8000.0,False,False
2011,25,"[53, 38]",-12.825580596923828,-126.34276580810547,0.1666688770055771,53,39,8.052804213787784,167.4224395751953,207.0106815884118,39.5882420132165,95.4166445402243,8000.0,False,False
2012,25,"[53, 38]",-12.928107261657715,-126.31319427490234,0.16699065268039703,53,39,7.975224345260212,168.0243377685547,207.53448392918918,39.51014616063449,76.80678134191476,8000.0,False,False
2013,25,"[53, 38]",-13.028033256530762,-126.28488159179688,0.16719931364059448,53,39,7.90002690242323,168.67291259765625,208.05160035923578,39.37868776157953,68.48988376812395,8000.0,False,False
2014,25,"[53, 38]",-13.125601768493652,-126.25777435302734,0.16724587976932526,53,39,7.826979228169544,169.36737060546875,208.56260755085114,39.19523694538239,70.03360359839826,8000.0,False,False
2015,25,"[53, 38]",-13.221074104309082,-126.23186492919922,0.16714680194854736,53,39,7.755815766962732,170.10646057128906,209.06794029176623,38.96147972047717,80.93313583705185,8000.0,False,False
2016,25,"[53, 38]",-13.314736366271973,-126.20709991455078,0.16691851615905762,53,39,7.686276140670927,170.88864135742188,209.56851151963863,38.67987016221676,100.55006455729472,8000.0,False,False
2017,25,"[53, 38]",-13.406885147094727,-126.1834716796875,0.1666361689567566,53,39,7.618074027163788,171.7119598388672,210.0650799051236,38.35312006625642,128.1907748136964,8000.0,False,False
2018,25,"[53, 38]",-13.497830390930176,-126.16094207763672,0.16636879742145538,53,39,7.550932085270766,172.5741729736328,210.55875876406168,37.984585790428866,163.05639853257708,8000.0,False,False
2019,25,"[53, 38]",-13.587882995605469,-126.1395034790039,0.16612109541893005,53,39,7.484562636966067,173.4728240966797,211.05057775307068,37.577753656390996,204.32617495385784,8000.0,False,False
2020,25,"[53, 38]",-13.677355766296387,-126.11915588378906,0.16589848697185516,53,39,7.41867785796867,174.40518188476562,211.541635877838,37.136453993072365,251.12691301902396,8000.0,False,False
2021,25,"[53, 38]",-13.766556739807129,-126.09989166259766,0.16582457721233368,53,39,7.353003462634789,175.368408203125,212.03317733806023,36.66476913493523,302.5571146166217,8000.0,False,False
2022,25,"[53, 38]",-13.855785369873047,-126.08174133300781,0.16595272719860077,53,39,7.287257673674334,176.35946655273438,212.52627420598986,36.16680765325549,357.7181584182913,8000.0,False,False
2023,25,"[53, 38]",-13.94532585144043,-126.0647201538086,0.16627304255962372,53,39,7.22118456439633,177.3752899169922,213.02214886741345,35.64685895042126,415.7042614138627,8000.0,False,False
2024,25,"[53, 38]",-14.035449028015137,-126.04886627197266,0.16665974259376526,53,39,7.15453185290001,178.41273498535156,213.5219276986686,35.10919271331704,475.62817607814304,8000.0,False,False
2025,25,"[53, 38]",-14.12640380859375,-126.03423309326172,0.16711781919002533,53,39,7.087061406413982,179.4686737060547,214.02665044546058,34.55797673940589,536.6402523715528,8000.0,False,False
2026,25,"[53, 38]",-14.218417167663574,-126.0208740234375,0.16765227913856506,53,39,7.018557087074361,180.5399932861328,214.53736705814845,33.997373772015635,597.9165567956034,8000.0,False,False
2027,25,"[53, 38]",-14.311692237854004,-126.00885009765625,0.16826792061328888,53,39,6.9488216799590505,181.6236572265625,215.0550735287867,33.43141630222419,658.6787343010033,8000.0,False,False
2028,25,"[53, 38]",-14.406402587890625,-125.99823760986328,0.16891048848628998,53,39,6.8776765143374865,182.71669006347656,215.5806270301279,32.86393696665135,718.2050725435988,8000.0,False,False
2029,25,"[53, 38]",-14.502696990966797,-125.98912048339844,0.16947247087955475,53,39,6.804961048369012,183.8162841796875,216.11481166917733,32.29852748948983,775.8363214581059,7991.396618898052,False,False
2030,25,"[53, 38]",-14.600693702697754,-125.98157501220703,0.16985708475112915,53,39,6.730545882363971,184.9197998046875,216.6584070082002,31.738607203512686,830.9698225521029,7921.442727492729,False,False
2031,25,"[53, 38]",-14.700480461120605,-125.9756851196289,0.17009468376636505,53,39,6.6543232262447765,186.02474975585938,217.21207491981534,31.18732516395596,883.0699686918938,7850.385283906126,False,False
2032,25,"[53, 38]",-14.802118301391602,-125.9715347290039,0.17015352845191956,53,39,6.576207614754097,187.1288299560547,217.77642085502126,30.64759089896657,931.662316820988,7778.399839908547,False,False
2033,25,"[53, 38]",-14.905635833740234,-125.9692153930664,0.17012231051921844,53,39,6.496135066788895,188.2299346923828,218.35190050435548,30.12196581197267,976.3487583726524,7705.660509951407,False,False
2034,25,"[53, 38]",-15.011035919189453,-125.96880340576172,0.1699039191007614,53,38,6.414071139379118,189.3262176513672,218.9390006408613,29.61278298949412,1016.7907701126423,7632.349987331738,False,False
2035,25,"[53, 38]",-15.118294715881348,-125.97038269042969,0.16970448195934296,53,38,6.32999700968181,190.4160614013672,219.538064772106,29.12200337073881,1052.7235799888845,7558.641578021257,False,False
2036,25,"[53, 38]",-15.227361679077148,-125.97400665283203,0.16953235864639282,53,38,6.243932973197426,191.498046875,220.14954571807536,28.65149884307536,1083.9218853360485,7484.728163006592,False,False
2037,25,"[53, 38]",-15.338164329528809,-125.97975158691406,0.169394388794899,53,38,6.15590035018417,192.57101440429688,220.77364771799208,28.202633313695202,1110.244589864446,7410.7733457891845,False,False
2038,25,"[53, 38]",-15.450605392456055,-125.98765563964844,0.1692371517419815,53,38,6.065962294738974,193.6340789794922,221.41072329262596,27.776644313133772,1131.593872515995,7336.955772286147,False,False
2039,25,"[53, 38]",-15.56457233428955,-125.9977798461914,0.16901172697544098,53,38,5.974176490304026,194.68653869628906,222.06088859072347,27.374349894434403,1147.935621423152,7263.424085433937,False,False
2040,25,"[53, 38]",-15.679931640625,-126.0101547241211,0.16879086196422577,53,38,5.880633975612343,195.7279510498047,222.724351913154,26.996400863349322,1159.2782299530736,7190.332070000248,False,False
2041,25,"[53, 38]",-15.796536445617676,-126.02478790283203,0.16863906383514404,53,38,5.785448735447496,196.75808715820312,223.4013974847392,26.643310326536067,1165.6623663270489,7117.835023333895,False,False
2042,25,"[53, 38]",-15.914224624633789,-126.04170989990234,0.16867224872112274,53,38,5.688727532100656,197.77699279785156,224.09203166113195,26.315038863280392,1167.20663010312,7046.0427383208325,False,False
2043,25,"[53, 38]",-16.032827377319336,-126.06090545654297,0.16881734132766724,53,38,5.590610381741866,198.78485107421875,224.79652234875653,26.011671274537775,1164.0256912937612,6975.088829688821,False,False
2044,25,"[53, 38]",-16.152164459228516,-126.0823745727539,0.16906648874282837,53,38,5.491231859704097,199.78207397460938,225.51491576763536,25.732841793025983,1156.2956789024684,6905.067713246208,False,False
2045,25,"[53, 38]",-16.272048950195312,-126.10608673095703,0.16941162943840027,53,38,5.390749444796036,200.769287109375,226.24738934356643,25.478102234191425,1144.212905083758,6836.075575757215,False,False
2046,25,"[53, 38]",-16.39229393005371,-126.13201141357422,0.1698446273803711,53,38,5.2893174221110435,201.7472381591797,226.9940712779756,25.246833118795905,1127.993746062681,6768.190400456759,False,False
2047,25,"[53, 38]",-16.512706756591797,-126.16011047363281,0.17035725712776184,53,38,5.187096079717912,202.71690368652344,227.75504338345428,25.03813969693084,1107.8935456991821,6701.467642156634,False,False
2048,25,"[53, 38]",-16.633092880249023,-126.19033813476562,0.17088240385055542,53,38,5.084248919993088,203.67930603027344,228.5303591938318,24.851053163558362,1084.1757549931763,6635.9543187339295,False,False
2049,25,"[53, 38]",-16.753265380859375,-126.22261810302734,0.1714177280664444,53,38,4.98095369208578,204.6356964111328,229.32028791462562,24.68459150349281,1057.1086800630574,6571.699352008874,True,False
2050,26,"[52, 38]",-16.87303352355957,-126.25689697265625,0.17190147936344147,53,38,6.994760830165476,205.58740234375,116.55419327650854,-89.03320906724146,8000.0,-8000.0,False,False
2051,26,"[52, 38]",-16.98079490661621,-126.28771209716797,0.17182765901088715,53,38,6.975021348554213,206.38516235351562,115.6491762057252,-90.73598614779043,8000.0,-8000.0,False,False
2052,26,"[52, 38]",-17.077754974365234,-126.31541442871094,0.17125248908996582,53,38,6.958733749484702,207.0328369140625,114.83074846433504,-92.20208844972746,8000.0,-8000.0,False,False
2053,26,"[52, 38]",-17.16499137878418,-126.34032440185547,0.17034409940242767,53,38,6.945285264345299,207.53421020507812,114.09129816565894,-93.44291203941918,8000.0,-8000.0,False,False
2054,26,"[52, 38]",-17.243478775024414,-126.36272430419922,0.16919490694999695,53,38,6.934166845049831,207.8928680419922,113.4236942093538,-94.46917383263839,8000.0,-8000.0,False,False
2055,26,"[52, 38]",-17.3140926361084,-126.38287353515625,0.16800561547279358,53,38,6.924967359721284,208.11241149902344,112.8213136851914,-95.29109781383204,8000.0,-8000.0,False,False
2056,26,"[52, 38]",-17.37761878967285,-126.40099334716797,0.16689801216125488,53,38,6.917340460232203,208.1962890625,112.27810185025643,-95.91818721224357,8000.0,-8000.0,False,False
2057,26,"[52, 38]",-17.43476676940918,-126.41730499267578,0.16598162055015564,53,38,6.911021986388767,208.14791870117188,111.78841015640947,-96.3595085447624,8000.0,-8000.0,False,False
2058,26,"[52, 38]",-17.48617172241211,-126.4319839477539,0.16529619693756104,53,38,6.905776575691139,207.9705810546875,111.3471728205367,-96.6234082341508,8000.0,-8000.0,False,False
2059,26,"[52, 38]",-17.532405853271484,-126.44519805908203,0.16493630409240723,53,38,6.901420063563991,207.66749572753906,110.94973273664688,-96.71776299089218,8000.0,-8000.0,False,False
2060,26,"[52, 38]",-17.573986053466797,-126.45710754394531,0.16492819786071777,53,38,6.897809906256411,207.2418212890625,110.59181096563931,-96.65001032342319,8000.0,-8000.0,False,False
2061,26,"[52, 38]",-17.611377716064453,-126.46784210205078,0.1652367264032364,53,38,6.894816739578663,206.69659423828125,110.26956383044053,-96.42703040784072,8000.0,-8000.0,False,False
2062,26,"[52, 38]",-17.644994735717773,-126.47752380371094,0.16577139496803284,53,38,6.892340997254765,206.03482055664062,109.97952890299526,-96.05529165364537,8000.0,-8000.0,False,False
2063,26,"[52, 38]",-17.67521858215332,-126.48625946044922,0.1663331687450409,53,38,6.890295380390612,205.25938415527344,109.71850947745673,-95.5408746778167,8000.0,-8000.0,False,False
2064,26,"[52, 38]",-17.702383041381836,-126.4941635131836,0.1669193059206009,53,38,6.888628559045324,204.37315368652344,109.48363751005665,-94.88951617646678,8000.0,-8000.0,False,False
2065,26,"[52, 38]",-17.726797103881836,-126.5013198852539,0.16746851801872253,53,38,6.887278973391297,203.37889099121094,109.27230798963397,-94.10658300157696,8000.0,-8000.0,False,False
2066,26,"[52, 38]",-17.748733520507812,-126.50779724121094,0.16774918138980865,53,38,6.886190942342352,202.279296875,109.08222823801647,-93.19706863698353,8000.0,-8000.0,False,False
2067,26,"[52, 38]",-17.76844024658203,-126.51368713378906,0.16767044365406036,53,38,6.885345235350514,201.07701110839844,108.91122800121455,-92.16578310718388,8000.0,-8000.0,False,False
2068,26,"[52, 38]",-17.786142349243164,-126.51905059814453,0.16744448244571686,53,38,6.884706703918704,199.77459716796875,108.75739320448434,-91.0172039634844,8000.0,-8000.0,False,False
2069,26,"[52, 38]",-17.802038192749023,-126.52394104003906,0.16702702641487122,53,38,6.88424598631106,198.3745574951172,108.6190344304149,-89.75552306470229,8000.0,-8000.0,False,False
2070,26,"[52, 38]",-17.816314697265625,-126.52841186523438,0.16655457019805908,53,38,6.883940948578154,196.8793487548828,108.49454790141269,-88.38480085347013,8000.0,-8000.0,False,False
2071,26,"[52, 38]",-17.829132080078125,-126.53252410888672,0.16603229939937592,53,38,6.883788111129812,195.29136657714844,108.38251733956614,-86.9088492375823,8000.0,-8000.0,False,False
2072,26,"[52, 38]",-17.840641021728516,-126.53630828857422,0.1655236929655075,53,38,6.883760399688944,193.6129150390625,108.28167983436272,-85.33123520469978,8000.0,-8000.0,False,False
2073,26,"[52, 38]",-17.850975036621094,-126.53981018066406,0.16537977755069733,53,38,6.883852518201056,191.8462677001953,108.19086588302044,-83.65540181717488,8000.0,-8000.0,False,False
2074,26,"[52, 38]",-17.860254287719727,-126.54306030273438,0.1655636727809906,53,38,6.8840503948213705,189.99365234375,108.10904996606973,-81.88460237768027,8000.0,-8000.0,False,False
2075,26,"[52, 38]",-17.86859130859375,-126.54609680175781,0.1658657342195511,53,38,6.884350829801309,188.05722045898438,108.0352459826236,-80.02197447636078,8000.0,-8000.0,False,False
2076,26,"[52, 38]",-17.87608528137207,-126.54894256591797,0.16639123857021332,53,38,6.884741277905554,186.03907775878906,107.9686120923334,-78.07046566645566,8000.0,-7639.62715415972,False,False
2077,26,"[52, 38]",-17.88282585144043,-126.55162811279297,0.16711731255054474,53,38,6.8852202073476265,183.94129943847656,107.90836162077129,-76.03293781770527,8000.0,-7230.748708259358,False,False
2078,26,"[52, 38]",-17.888896942138672,-126.55416870117188,0.1678469181060791,53,38,6.885773993120344,181.765869140625,107.85379184844778,-73.91207729217722,8000.0,-6806.818874936562,False,False
2079,26,"[52, 38]",-17.894371032714844,-126.55659484863281,0.16846153140068054,53,38,6.886407579935179,179.51473999023438,107.80425131977596,-71.71048867045842,8000.0,-6368.823811791244,False,False
2080,26,"[52, 38]",-17.899316787719727,-126.55891418457031,0.16891320049762726,53,38,6.887105722937163,177.18984985351562,107.75917693833563,-69.43067291518,8000.0,-5917.788716783276,False,False
2081,26,"[52, 38]",-17.903797149658203,-126.56114959716797,0.16904118657112122,53,38,6.887869803226429,174.79302978515625,107.71801188790094,-67.07501789725531,8000.0,-5454.770634673274,False,False
2082,26,"[52, 38]",-17.907867431640625,-126.56330871582031,0.16893598437309265,53,38,6.8886892790104035,172.3260955810547,107.68029841906942,-64.64579716198527,8000.0,-4980.863030735563,False,False
2083,26,"[52, 38]",-17.91158103942871,-126.5654067993164,0.16862018406391144,53,38,6.889561683836191,169.7908172607422,107.64557447872325,-62.14524278201894,8000.0,-4497.205381278885,False,False
2084,26,"[52, 38]",-17.91498374938965,-126.56745147705078,0.16829054057598114,53,38,6.890479785089406,167.18890380859375,107.61345772230253,-59.57544608629122,8000.0,-4004.9650932068394,False,False
2085,26,"[52, 38]",-17.918119430541992,-126.56945037841797,0.16800649464130402,53,38,6.891437076545269,164.52203369140625,107.58358088273798,-56.93845280866827,8000.0,-3505.352805748722,False,False
2086,26,"[52, 38]",-17.9210262298584,-126.5714111328125,0.1678803414106369,53,38,6.892428905211054,161.7918243408203,107.55562205487173,-54.23620228594858,8000.0,-2999.6076083543667,False,False
2087,26,"[52, 38]",-17.92374038696289,-126.57333374023438,0.16795437037944794,53,38,6.893444018865508,158.99984741210938,107.52929359965927,-51.470553812450106,8000.0,-2489.001575098307,False,False
2088,26,"[52, 38]",-17.92629623413086,-126.57523345947266,0.1682078093290329,53,38,6.894486373555945,156.14764404296875,107.50428481350356,-48.643359229465204,8000.0,-1974.8419114692551,False,False
2089,26,"[52, 38]",-17.928722381591797,-126.57709503173828,0.16873963177204132,53,38,6.895532613876547,153.23667907714844,107.48040672587716,-45.756272351271264,8000.0,-1458.4462171283985,False,False
2090,26,"[52, 38]",-17.931230545043945,-126.5788345336914,0.16953137516975403,53,38,6.8964389999078355,150.2702178955078,107.45619010889709,-42.81402778661072,8000.0,-941.7489574364022,False,False
2091,26,"[52, 38]",-17.936058044433594,-126.57915496826172,0.1707468330860138,53,38,6.895298143833241,147.27198791503906,107.41712513555643,-39.85486277948263,8000.0,-433.113134975757,False,False
2092,26,"[52, 38]",-17.945037841796875,-126.57669830322266,0.17242540419101715,53,38,6.8902706799703175,144.2647705078125,107.3519922907215,-36.91277821709099,8000.0,60.236384230123804,False,False
2093,26,"[52, 38]",-17.9596004486084,-126.57005310058594,0.1746695190668106,53,38,6.8795950515882796,141.27015686035156,107.25273480291038,-34.017422057441195,8000.0,532.2498045598472,False,False
2094,26,"[52, 38]",-17.980777740478516,-126.55781555175781,0.17740125954151154,53,38,6.861647276290415,138.30824279785156,107.11416446973315,-31.194078328118394,7946.891910343125,978.0679237744976,False,False
2095,26,"[52, 38]",-18.009227752685547,-126.53866577148438,0.1804370880126953,53,38,6.835007257630294,135.39744567871094,106.9334758409169,-28.463969837794025,7752.8824353696955,1393.9705395890605,False,False
2096,26,"[52, 38]",-18.04526710510254,-126.51136779785156,0.18373125791549683,53,38,6.798447711742182,132.5545196533203,106.70992035638741,-25.8445992969329,7551.007571386315,1777.268671033154,False,False
2097,26,"[52, 38]",-18.087976455688477,-126.47583770751953,0.18732808530330658,53,38,6.752207642551689,129.7823028564453,106.44949970457559,-23.33280315186971,7341.967839886025,2129.3695842721104,False,False
2098,26,"[52, 38]",-18.136138916015625,-126.43242645263672,0.19111615419387817,53,38,6.697020845791956,127.07903289794922,106.15948377964395,-20.91954911830527,7126.294587731013,2452.822457848085,False,False
2099,26,"[52, 38]",-18.18865394592285,-126.38147735595703,0.19481827318668365,53,38,6.6335682533771525,124.44295501708984,105.84629164042386,-18.596663376665987,6904.519600849743,2749.9851265090338,False,False
2100,26,"[52, 38]",-18.24452781677246,-126.3233413696289,0.19841943681240082,53,38,6.562494088602749,121.87236785888672,105.51560172276409,-16.356766136122644,6677.173104253665,3023.0364763618095,False,False
2101,26,"[52, 38]",-18.302854537963867,-126.25836944580078,0.2015526443719864,53,38,6.484403661050306,119.3656234741211,105.17257872794987,-14.19304474617121,6444.761176651572,3274.0045468458693,False,False
2102,26,"[52, 38]",-18.36282730102539,-126.1869125366211,0.20400433242321014,53,38,6.399861028340152,116.92111206054688,104.82181131541343,-12.099300745133462,6207.767375950567,3504.757645498315,False,False
2103,26,"[52, 38]",-18.42371368408203,-126.10930633544922,0.2058752477169037,53,38,6.30938209733015,114.53726959228516,104.4675782382428,-10.069691354042362,5966.625916284496,3717.0352758026365,False,False
2104,26,"[52, 38]",-18.484859466552734,-126.02590942382812,0.2072550356388092,53,38,6.213472074474582,112.21259307861328,104.11374337057052,-8.098849708042763,5721.753467900009,3912.4530771220543,False,False
2105,26,"[52, 38]",-18.54568099975586,-125.93705749511719,0.208282008767128,53,38,6.112585005936383,109.94559478759766,103.76393282153725,-6.181661966060403,5473.508250255808,4092.5117119766396,False,False
2106,26,"[52, 38]",-18.605653762817383,-125.84307861328125,0.20902064442634583,53,38,6.00714317376655,107.7348403930664,103.4216050289162,-4.313235364150216,5222.198262402122,4258.612233373286,False,False
2107,26,"[52, 38]",-18.66431999206543,-125.74430084228516,0.2096453607082367,53,38,5.897544679803117,105.57893371582031,103.08996354090462,-2.4889701749156927,4968.095211236774,4412.053937173183,False,False
2108,26,"[52, 38]",-18.72126579284668,-125.64104461669922,0.21037061512470245,53,38,5.7841633396832135,103.47651672363281,102.7721837686716,-0.7043329549612167,4711.413159130165,4554.063666722175,False,False
2109,26,"[52, 38]",-18.77613067626953,-125.53362274169922,0.2110941857099533,53,38,5.667348301368043,101.42625427246094,102.4713241883242,1.0450699158632801,4452.318078669919,4685.788938770454,False,False
2110,26,"[52, 38]",-18.828601837158203,-125.4223403930664,0.21172277629375458,53,38,5.5474272409999825,99.42686462402344,102.19037607306872,2.763511449045268,4190.930283159822,4808.3046665505335,False,False
2111,26,"[52, 38]",-18.878402709960938,-125.3074722290039,0.21228881180286407,53,38,5.424688188520209,97.47710418701172,101.932425874201,4.455321687189269,3927.296736984866,4922.625155249974,False,False
2112,26,"[52, 38]",-18.925294876098633,-125.18932342529297,0.21287895739078522,53,38,5.299440415330113,95.57572937011719,101.70050717385472,6.124777803737516,3661.438540211808,5029.727034653877,False,False
2113,26,"[52, 38]",-18.969079971313477,-125.06815338134766,0.213511124253273,53,38,5.171941105853072,93.7215576171875,101.49774817544052,7.776190558253006,3393.3036295920306,5130.52127444337,False,False
2114,26,"[52, 38]",-19.00958251953125,-124.94422912597656,0.21431773900985718,52,38,5.0424526210737,91.9134292602539,101.32744389695999,9.4140146367061,3122.786214269947,5225.897270160625,False,False
2115,26,"[52, 38]",-19.046659469604492,-124.81781005859375,0.21524034440517426,52,38,4.911227130522666,90.15020751953125,101.19300136084294,11.042793841311692,2849.726611276953,5316.710433994921,True,False
2116,27,"[51, 38]",-19.08019256591797,-124.68912506103516,0.21622511744499207,52,38,14.717895256269616,88.43079376220703,93.58308368861614,5.152289926409111,7392.159874489901,8000.0,False,False
2117,27,"[51, 38]",-19.110090255737305,-124.55841064453125,0.21734002232551575,52,38,14.58558397349021,86.75411987304688,93.49795800048965,6.743838127442757,7191.35478504725,8000.0,False,False
2118,27,"[51, 38]",-19.136274337768555,-124.42589569091797,0.21864502131938934,52,38,14.451729602536949,85.11913299560547,93.42639571299337,8.307262717387914,6988.129710167519,8000.0,False,False
2119,27,"[51, 38]",-19.158695220947266,-124.29178619384766,0.220075324177742,52,38,14.316527034931045,83.5248031616211,93.36890360196703,9.844100440345926,6782.616200359917,8000.0,False,False
2120,27,"[51, 38]",-19.17731285095215,-124.1562728881836,0.2216303050518036,52,38,14.180157835155798,81.97013854980469,93.32598447380016,11.355845923995474,6574.925475327424,8000.0,False,False
2121,27,"[51, 38]",-19.192102432250977,-124.01956176757812,0.22319075465202332,52,38,14.042820608229425,80.45417022705078,93.2981047795667,12.843934552515918,6365.152209520711,8000.0,False,False
2122,27,"[51, 38]",-19.203060150146484,-123.88182830810547,0.22476591169834137,52,38,13.904685192409174,78.9759521484375,93.2856785675436,14.309726419106084,6153.378516147706,8000.0,False,False
2123,27,"[51, 38]",-19.210186004638672,-123.74324035644531,0.2263043224811554,52,38,13.76591666552924,77.5345458984375,93.2891288050899,15.754582906652388,5939.66437215544,8000.0,False,False
2124,27,"[51, 38]",-19.213497161865234,-123.60395812988281,0.22781744599342346,52,38,13.626674704930718,76.1290512084961,93.30883007467055,17.179778866174445,5724.061605719202,8000.0,False,False
2125,27,"[51, 38]",-19.213016510009766,-123.46414184570312,0.2293146848678589,52,38,13.487121955952324,74.75859832763672,93.34515099378707,18.58655266615034,5506.608089917468,8000.0,False,False
2126,27,"[51, 38]",-19.208778381347656,-123.32392883300781,0.23074477910995483,52,38,13.347400915417193,73.42230987548828,93.39843331671284,19.97612344122456,5287.3261337324875,8000.0,False,False
2127,27,"[51, 38]",-19.20081901550293,-123.18345642089844,0.2320019155740738,52,38,13.207657379252005,72.1193618774414,93.4690243814377,21.349662503996285,5066.227975445894,8000.0,False,False
2128,27,"[51, 38]",-19.189189910888672,-123.04283905029297,0.23310767114162445,52,38,13.068016815586512,70.84893035888672,93.55722332595882,22.70829296707211,4843.317120705677,8000.0,False,False
2129,27,"[51, 38]",-19.173940658569336,-122.90221405029297,0.23408064246177673,52,38,12.92863107351827,69.61019897460938,93.66334039552385,24.05314142091447,4618.58087098927,8000.0,False,False
2130,27,"[51, 38]",-19.155128479003906,-122.76168060302734,0.23487795889377594,52,38,12.789616870753973,68.40240478515625,93.78767003997734,25.385265254821093,4392.0032320765295,8000.0,False,False
2131,27,"[51, 38]",-19.132816314697266,-122.62134552001953,0.2355191707611084,52,38,12.651101544125408,67.22478485107422,93.93048434312765,26.70569949205344,4163.558238374954,8000.0,False,False
2132,27,"[51, 38]",-19.10706901550293,-122.48130798339844,0.23602111637592316,52,38,12.513208010718934,66.07658386230469,94.092051882522,28.015468020217327,3933.2087335156075,8000.0,False,False
2133,27,"[51, 38]",-19.07795524597168,-122.34164428710938,0.23639829456806183,52,38,12.376039359907136,64.95709228515625,94.27263248826252,29.315540203106252,3700.914779512817,8000.0,False,False
2134,27,"[51, 38]",-19.045541763305664,-122.20245361328125,0.23672188818454742,52,38,12.239724862507096,63.86558532714844,94.47248656657956,30.606901239431124,3466.6219734694273,8000.0,False,False
2135,27,"[51, 38]",-19.009906768798828,-122.06379699707031,0.2369965761899948,52,38,12.104358000034246,62.8013801574707,94.69183188321594,31.890451725745237,3230.280267334218,8000.0,False,False
2136,27,"[51, 38]",-18.971118927001953,-121.9257583618164,0.23722591996192932,52,38,11.970058845586664,61.763797760009766,94.93091770554756,33.16711994553779,2978.248525407696,8000.0,False,False
2137,27,"[51, 38]",-18.92925453186035,-121.78839111328125,0.2373538613319397,52,38,11.836919400639253,60.752174377441406,95.18996290192577,34.43778852448435,2678.3339927207758,8000.0,False,False
2138,27,"[51, 38]",-18.884389877319336,-121.6517562866211,0.23727060854434967,52,38,11.70504209768772,59.7658805847168,95.46917505588468,35.70329447116788,2378.5632060810904,8000.0,False,False
2139,27,"[51, 38]",-18.836599349975586,-121.51591491699219,0.23699449002742767,52,38,11.574532277715605,58.80427169799805,95.76876025129079,36.96448855329274,2078.9530399617825,8000.0,False,False
2140,27,"[51, 38]",-18.785961151123047,-121.38090515136719,0.23665916919708252,52,38,11.445474756033438,57.86674499511719,96.08890463418689,38.2221596390697,1779.5107862404693,8000.0,False,False
2141,27,"[51, 38]",-18.7325496673584,-121.24678039550781,0.2362668365240097,52,38,11.317972416051038,56.952701568603516,96.42979144056726,39.477089871963756,1480.2411846641053,8000.0,False,False
2142,27,"[51, 38]",-18.67649269104004,-121.11366271972656,0.23586741089820862,52,38,11.192192396698264,56.06241989135742,96.79127339196417,40.72885350060676,1181.402817541647,8000.0,False,False
2143,27,"[51, 38]",-18.618688583374023,-120.9828109741211,0.2352992743253708,52,38,11.06933413186972,55.20833206176758,97.16846808684961,41.96013602508202,887.0275640039354,8000.0,False,False
2144,27,"[51, 38]",-18.559972763061523,-120.8553237915039,0.23441998660564423,52,38,10.950421592866432,54.40237808227539,97.55652718041505,43.15414909813967,601.01915111769,8000.0,False,False
2145,27,"[51, 38]",-18.501121520996094,-120.73210906982422,0.23310646414756775,52,38,10.83627250402205,53.655818939208984,97.95067164939144,44.294852710182454,327.0830816028383,8000.0,False,False
2146,27,"[51, 38]",-18.442838668823242,-120.61392974853516,0.23131388425827026,52,38,10.727546602935442,52.9791145324707,98.34627823000298,45.36716369753228,68.69011134108769,8000.0,False,False
2147,27,"[51, 38]",-18.385746002197266,-120.50137329101562,0.22906967997550964,52,38,10.624719147661198,52.381778717041016,98.7390100007602,46.35723128371919,-171.00347453038466,8000.0,False,False
2148,27,"[51, 38]",-18.330379486083984,-120.39486694335938,0.2262914776802063,52,38,10.528100086465491,51.87227249145508,99.12489405294589,47.2526215614908,-389.19819410531,8000.0,False,False
2149,27,"[51, 38]",-18.27718162536621,-120.29471588134766,0.2232700139284134,52,38,10.437877094009464,51.457908630371094,99.50039932814101,48.04249069776992,-583.4816007325808,8000.0,False,False
2150,27,"[51, 38]",-18.226499557495117,-120.20105743408203,0.22022122144699097,52,38,10.354075361566832,51.14476013183594,99.86255492312412,48.717794791288185,-751.8949248707559,8000.0,False,False
2151,27,"[51, 38]",-18.178579330444336,-120.1139144897461,0.21723578870296478,52,38,10.276616153256898,50.93764114379883,100.20900030734711,49.27135916354828,-892.9325586294226,8000.0,False,False
2152,27,"[51, 38]",-18.133569717407227,-120.03319549560547,0.21441000699996948,52,38,10.205320859866054,50.840030670166016,100.5380205307628,49.69798986059678,-1005.5683721182395,8000.0,False,False
2153,27,"[51, 38]",-18.091522216796875,-119.95870208740234,0.21178679168224335,52,38,10.139922816008596,50.85409164428711,100.84858711777474,49.99449547348763,-1089.2586650340963,8000.0,False,False
2154,27,"[51, 38]",-18.05239486694336,-119.89012908935547,0.20959627628326416,52,38,10.080070394517282,50.98067092895508,101.14037692085681,50.15970599190172,-1143.9455762972511,8000.0,False,False
2155,27,"[51, 38]",-18.01606559753418,-119.82709503173828,0.20782530307769775,52,38,10.025357473731429,51.21931838989258,101.41369471452059,50.194376324628024,-1170.0255427159454,8000.0,False,False
2156,27,"[51, 38]",-17.98233413696289,-119.76914978027344,0.20641784369945526,52,38,9.975332724490038,51.568363189697266,101.66947184630268,50.10110865660542,-1168.327434452276,8000.0,False,False
2157,27,"[51, 38]",-17.950939178466797,-119.71577453613281,0.2053375393152237,52,38,9.929497725832315,52.02495574951172,101.90918077831525,49.88422502880354,-1140.0827892188636,8000.0,False,False
2158,27,"[51, 38]",-17.92156219482422,-119.66638946533203,0.20468243956565857,52,38,9.887314549738266,52.585174560546875,102.1348096960201,49.54963513547324,-1086.890406292653,8000.0,False,False
2159,27,"[51, 38]",-17.89385223388672,-119.6203842163086,0.20449428260326385,52,38,9.848230850366145,53.24409103393555,102.34868508214728,49.10459404821174,-1010.6511810282436,8000.0,False,False
2160,27,"[51, 38]",-17.867427825927734,-119.57708740234375,0.20476305484771729,52,38,9.811649565172956,53.99591064453125,102.55349393090864,48.557583286377394,-913.5464556436009,8000.0,False,False
2161,27,"[51, 38]",-17.84189796447754,-119.53583526611328,0.20548969507217407,52,38,9.776991286596095,54.83407211303711,102.752073732849,47.91800161981189,-797.944295433861,8000.0,False,False
2162,27,"[51, 38]",-17.81687355041504,-119.49591827392578,0.20656628906726837,52,38,9.743639205140706,55.751373291015625,102.94740771947039,47.196034428454766,-666.3830821217798,8000.0,False,False
2163,27,"[51, 38]",-17.79197883605957,-119.45662689208984,0.2078443169593811,52,38,9.710980879221504,56.74009323120117,103.14249666924326,46.402403438042086,-521.4963971267398,8000.0,False,False
2164,27,"[51, 38]",-17.766860961914062,-119.4172592163086,0.20925503969192505,52,38,9.678413150438066,57.79213333129883,103.34028959016783,45.548156258869,-365.9591672809902,8000.0,False,False
2165,27,"[51, 38]",-17.7412052154541,-119.37711334228516,0.21068257093429565,52,38,9.645330917742223,58.89912796020508,103.54360430164522,44.64447634144014,-202.44477656852268,8000.0,False,False
2166,27,"[51, 38]",-17.714733123779297,-119.33551788330078,0.21208488941192627,52,38,9.611156998248454,60.05258560180664,103.7550967385252,43.702511136718556,-33.57137193336257,8000.0,False,False
2167,27,"[51, 38]",-17.68722152709961,-119.29181671142578,0.21342632174491882,52,38,9.575322556626638,61.24397277832031,103.97717314657493,42.733200368254614,138.13149771858025,8000.0,False,False
2168,27,"[51, 38]",-17.658493041992188,-119.24539947509766,0.21461690962314606,52,38,9.537298689279634,62.46487045288086,104.21200461616658,41.74713416328572,310.2682798694286,8000.0,False,False
2169,27,"[51, 38]",-17.628427505493164,-119.19568634033203,0.2156931459903717,52,38,9.49657850841399,63.707035064697266,104.46148536046759,40.75445029577031,480.59395816510823,8000.0,False,False
2170,27,"[51, 38]",-17.596956253051758,-119.14216613769531,0.21651014685630798,52,38,9.452715003583355,64.96251678466797,104.72721184224474,39.76469505757677,647.0575913747007,8000.0,False,False
2171,27,"[51, 38]",-17.564067840576172,-119.08436584472656,0.21717055141925812,52,38,9.405289378118558,66.22373962402344,105.01049562171517,38.78675599769173,807.8017388403687,8000.0,False,False
2172,27,"[51, 38]",-17.529796600341797,-119.02188110351562,0.21770478785037994,52,38,9.353942670428083,67.48355102539062,105.31238372527324,37.82883269988261,961.178687293127,8000.0,False,False
2173,27,"[51, 38]",-17.494220733642578,-118.95438385009766,0.21807760000228882,52,38,9.298382647890787,68.73529815673828,105.63365320965949,36.898355052921204,1105.7647349624467,8000.0,False,False
2174,27,"[51, 38]",-17.457462310791016,-118.88160705566406,0.21837031841278076,52,38,9.238367918213143,69.972900390625,105.97482885877044,36.00192846814542,1240.357654234203,8000.0,False,False
2175,27,"[51, 38]",-17.4196720123291,-118.80333709716797,0.21847467124462128,52,38,9.17370353621325,71.19084930419922,106.33627980203828,35.14543049783907,1363.9503049930795,8000.0,False,False
2176,27,"[51, 38]",-17.381032943725586,-118.71944427490234,0.21846410632133484,52,38,9.104268059815569,72.38424682617188,106.71813423585944,34.33388740968758,1475.756899312034,8000.0,False,False
2177,27,"[51, 38]",-17.341747283935547,-118.6298828125,0.2183988392353058,52,38,9.030015772962244,73.54883575439453,107.12034110035032,33.571505345955785,1575.2001724188526,8000.0,False,False
2178,27,"[51, 38]",-17.3021297454834,-118.5350112915039,0.21823301911354065,52,38,8.951252518854814,74.68428039550781,107.54145969142974,32.857179295921924,1662.8001266595038,8000.0,False,False
2179,27,"[51, 38]",-17.262502670288086,-118.43527221679688,0.21797272562980652,52,38,8.868354357018282,75.79132843017578,107.97979226383478,32.188463833659,1739.3313478578684,8000.0,False,False
2180,27,"[51, 38]",-17.22314453125,-118.33109283447266,0.217564657330513,52,38,8.781687429584842,76.87066650390625,108.43386268788927,31.563196183983024,1805.5021949813363,8000.0,False,False
2181,27,"[51, 38]",-17.184303283691406,-118.22283935546875,0.2170783430337906,52,38,8.691561140789192,77.92300415039062,108.90242948426194,30.97942533387132,1861.9464789766885,8000.0,False,False
2182,27,"[51, 38]",-17.14619255065918,-118.11087036132812,0.21651752293109894,52,38,8.598280931452763,78.9489974975586,109.38440688686119,30.435409389302606,1909.2490360634115,8000.0,False,False
2183,27,"[51, 38]",-17.109004974365234,-117.99549865722656,0.21588550508022308,52,38,8.502108621745357,79.94932556152344,109.87886688213867,29.929541320615215,1947.940656808892,8000.0,False,False
2184,27,"[51, 38]",-17.072900772094727,-117.87702941894531,0.21518518030643463,52,38,8.403303062304344,80.92462158203125,110.38503474555549,29.460413163524237,1978.5071454803037,8000.0,False,False
2185,27,"[51, 38]",-17.03802490234375,-117.7557144165039,0.21453672647476196,52,38,8.302072186478643,81.87551879882812,110.90229363887762,29.026774840049484,2001.3746085190114,8000.0,False,False
2186,27,"[51, 38]",-17.004497528076172,-117.6318130493164,0.2138718068599701,52,38,8.1986343667112,82.8026123046875,111.43011041126434,28.627498106576837,2016.9450204162686,8000.0,False,False
2187,27,"[51, 38]",-16.972423553466797,-117.50554656982422,0.21324647963047028,52,38,8.093172953261453,83.70650482177734,111.96809095549143,28.261586133714104,2025.5739687803443,8000.0,False,False
2188,27,"[51, 38]",-16.941890716552734,-117.37712860107422,0.2126522958278656,52,38,7.985866188854756,84.58777618408203,112.5159254309596,27.92814924687758,2027.5894487596406,8000.0,False,False
2189,27,"[51, 38]",-16.912975311279297,-117.24675750732422,0.21214042603969574,52,38,7.876878556809867,85.4469985961914,113.07337546327024,27.626376867078818,2023.2928777358634,8000.0,False,False
2190,27,"[51, 38]",-16.8857364654541,-117.11459350585938,0.21169805526733398,52,38,7.766342647361029,86.28471374511719,113.6403871421299,27.35567339701271,2012.929483945139,8000.0,False,False
2191,27,"[51, 38]",-16.8602237701416,-116.9808120727539,0.21131356060504913,52,38,7.654406049373818,87.10147094726562,114.2168973613478,27.11542641408218,1996.7482148368827,8000.0,False,False
2192,27,"[51, 38]",-16.836477279663086,-116.84556579589844,0.21097645163536072,52,38,7.541196660216632,87.89778137207031,114.8029467674736,26.905165395403287,1974.9604568888763,7985.632097764773,False,False
2193,27,"[51, 38]",-16.81452751159668,-116.70897674560547,0.21067722141742706,52,38,7.426816541927596,88.67416381835938,115.39871849191924,26.72455467355985,1947.7388322869938,7918.061650627575,False,False
2194,27,"[51, 38]",-16.794395446777344,-116.5711898803711,0.2103484719991684,52,38,7.311390907039049,89.43111419677734,116.00437468090529,26.573260484127957,1915.2620379781497,7851.785409986282,False,False
2195,27,"[51, 38]",-16.77609634399414,-116.43231201171875,0.20992951095104218,52,38,7.195011646919639,90.16911315917969,116.62023428968143,26.451121130501747,1877.6615528995353,7786.8987314096175,False,False
2196,27,"[51, 38]",-16.759639739990234,-116.29244995117188,0.20942449569702148,52,38,7.077772319215523,90.8886489868164,117.24665767308765,26.358008686271262,1835.060416625754,7723.496075437895,False,False
2197,27,"[51, 38]",-16.74502944946289,-116.1517105102539,0.20883709192276,52,38,6.95976835008409,91.59017181396484,117.88404838204116,26.293876568076314,1787.5663130090766,7661.674719100836,False,False
2198,27,"[51, 38]",-16.73225975036621,-116.01017761230469,0.20822936296463013,52,38,6.841078955144807,92.27413940429688,118.53297465883476,26.25883525453787,1735.251640886515,7601.531742396263,False,False
2199,27,"[51, 38]",-16.72132682800293,-115.8679428100586,0.20759829878807068,52,38,6.721789240290986,92.94097900390625,119.19397886885194,26.252999864945707,1678.187827329809,7543.164290292104,False,False
2200,27,"[51, 38]",-16.712221145629883,-115.72508239746094,0.20705872774124146,52,38,6.601973814925379,93.59113311767578,119.86772795616234,26.276594838486574,1616.4216519678216,7486.669282612793,False,False
2201,27,"[51, 38]",-16.704925537109375,-115.58167266845703,0.20671392977237701,52,38,6.481711617604889,94.22501373291016,120.55497559196218,26.32996185905202,1549.9815746643976,7432.1515121362045,False,False
2202,27,"[51, 38]",-16.699424743652344,-115.4377670288086,0.20642153918743134,52,38,6.361061804637041,94.84302520751953,121.25660095775899,26.41357575023946,1478.8639344955818,7379.71339454819,False,False
2203,27,"[51, 38]",-16.695690155029297,-115.29354858398438,0.2061619758605957,52,38,6.240201932836252,95.44649505615234,121.97300852159228,26.526513465439933,1403.3294818671093,7329.409469662794,False,False
2204,27,"[51, 38]",-16.69366455078125,-115.14942169189453,0.20589445531368256,52,38,6.119509609741168,96.03905487060547,122.70366744977837,26.66461257917291,1324.2154412342675,7281.147067157652,False,False
2205,27,"[51, 38]",-16.693279266357422,-115.00579071044922,0.2055809646844864,52,38,5.999361853324185,96.62443542480469,123.44791739785181,26.823481973047137,1242.3843807035541,7234.8077698749785,False,False
2206,27,"[51, 38]",-16.69446563720703,-114.86302947998047,0.20518642663955688,51,38,5.880103157833562,97.20636749267578,124.20502033145551,26.99865283877972,1158.6868936762075,7190.243829863342,False,False
2207,27,"[51, 38]",-16.6971492767334,-114.72146606445312,0.20467881858348846,51,38,5.7620365061291645,97.78858184814453,124.9742980264748,27.185716178330267,1073.9375900209734,7147.284877375253,False,False
2208,27,"[51, 38]",-16.701251983642578,-114.58142852783203,0.2040291279554367,51,38,5.64546063940359,98.37476348876953,125.75487129269248,27.380107803922954,988.9657040513548,7105.740497388309,False,False
2209,27,"[51, 38]",-16.70669937133789,-114.44319152832031,0.2032703012228012,51,38,5.530622025422063,98.968505859375,126.54590127180981,27.57739541243481,904.549726107602,7065.398994221101,False,False
2210,27,"[51, 38]",-16.71341323852539,-114.3070068359375,0.2024325281381607,51,38,5.417744957591905,99.57329559326172,127.34649477725476,27.77319918399303,821.4441691278703,7026.036419660744,False,False
2211,27,"[51, 38]",-16.721323013305664,-114.173095703125,0.20154383778572083,51,38,5.307018987201703,100.19245910644531,128.15566521600223,27.96320610955692,740.3716719741501,6987.411877101349,False,False
2212,27,"[51, 38]",-16.73035430908203,-114.04165649414062,0.2006893754005432,51,38,5.198612330301956,100.82917785644531,128.97239257932193,28.14321472287662,662.0229902423876,6949.2775055696275,False,False
2213,27,"[51, 38]",-16.74044418334961,-113.91283416748047,0.1998295783996582,51,38,5.09263932986246,101.48641204833984,129.7957238894987,28.30931184115886,587.015578640976,6911.376546347089,False,False
2214,27,"[51, 38]",-16.751527786254883,-113.78675842285156,0.198930561542511,51,38,4.9891994424467905,102.16691589355469,130.62465602200373,28.457740128449046,515.9319374445372,6873.452102799416,True,False
2215,28,"[50, 38]",-16.763547897338867,-113.66352081298828,0.1980224847793579,51,38,14.04159617777778,102.8731918334961,103.32594109066278,0.4527492571666869,7949.17765965154,8000.0,False,False
2216,28,"[50, 38]",-16.77764892578125,-113.53807830810547,0.1975608915090561,51,38,13.916289402060972,103.5617904663086,103.38848892135283,-0.17330154495576267,8000.0,7980.605436836651,False,False
2217,28,"[50, 38]",-16.793792724609375,-113.41070556640625,0.19749581813812256,51,38,13.78864710120639,104.23314666748047,103.44578377725401,-0.7873628902264613,8000.0,7911.295354411641,False,False
2218,28,"[50, 38]",-16.81194496154785,-113.2816390991211,0.19772349298000336,51,38,13.658903033827508,104.88770294189453,103.49761633714479,-1.3900866047497402,8000.0,7842.371452753471,False,False
2219,28,"[50, 38]",-16.832073211669922,-113.15107727050781,0.1982092708349228,51,38,13.527253731304318,105.52587890625,103.54379040807417,-1.9820884981758127,8000.0,7773.812095939806,False,False
2220,28,"[50, 38]",-16.854137420654297,-113.01922607421875,0.19880437850952148,51,38,13.393905290830787,106.1480712890625,103.58411846867901,-2.5639528203834914,8000.0,7705.595015818459,False,False
2221,28,"[50, 38]",-16.878101348876953,-112.8862533569336,0.19937488436698914,51,38,13.259026237509534,106.75469207763672,103.618421092063,-3.1362709855737307,8000.0,7637.693054475019,False,False
2222,28,"[50, 38]",-16.903926849365234,-112.75231170654297,0.1997414529323578,51,38,13.122771156082633,107.34613037109375,103.64652917973524,-3.6996011913585107,8000.0,7570.079119893991,False,False
2223,28,"[50, 38]",-16.931575775146484,-112.6175537109375,0.19991916418075562,51,38,12.985295101462292,107.92276000976562,103.66826113754948,-4.254498872216146,8000.0,7502.722818741803,False,False
2224,28,"[50, 38]",-16.961008071899414,-112.48209381103516,0.19986268877983093,51,38,12.846717006556291,108.48495483398438,103.68347130047636,-4.801483533508019,8000.0,7435.594679769596,False,False
2225,28,"[50, 38]",-16.992183685302734,-112.34606170654297,0.19953122735023499,51,38,12.707171150367248,109.03307342529297,103.69198730133522,-5.341086123957751,8000.0,7368.6605882602325,False,False
2226,28,"[50, 38]",-17.025066375732422,-112.20954895019531,0.19894689321517944,51,38,12.566754379552952,109.56747436523438,103.6936498195396,-5.873824545694788,8000.0,7301.884891667353,False,False
2227,28,"[50, 38]",-17.059614181518555,-112.0726547241211,0.19818828999996185,51,38,12.425572857996132,110.0885009765625,103.68830662699193,-6.400194349570569,8000.0,7235.231757710227,False,False
2228,28,"[50, 38]",-17.09579086303711,-111.93546295166016,0.19732613861560822,51,38,12.283717132109112,110.59647369384766,103.67578686003934,-6.920686833808304,8000.0,7168.66307210931,False,False
2229,28,"[50, 38]",-17.133556365966797,-111.79804229736328,0.19636526703834534,51,38,12.14126439698364,111.09173583984375,103.65594406011384,-7.435791779729925,8000.0,7102.138184469951,False,False
2230,28,"[50, 38]",-17.17287254333496,-111.66047668457031,0.19536873698234558,51,38,11.998306804196883,111.57460021972656,103.62859703733454,-7.946003182392019,8000.0,7034.70489373102,False,False
2231,28,"[50, 38]",-17.213701248168945,-111.52281951904297,0.19439329206943512,51,38,11.85490743965945,112.04537200927734,103.59358935755161,-8.45178265172575,8000.0,6891.307746447389,False,False
2232,28,"[50, 38]",-17.256004333496094,-111.38511657714844,0.19348996877670288,51,38,11.711122563317845,112.50436401367188,103.55076461193737,-8.953599401734493,8000.0,6747.822399475159,False,False
2233,28,"[50, 38]",-17.299747467041016,-111.24742889404297,0.1926458179950714,51,38,11.567022973449308,112.95185852050781,103.49992178581239,-9.451936734695437,8000.0,6604.253001482638,False,False
2234,28,"[50, 38]",-17.344892501831055,-111.10980224609375,0.1918492168188095,51,38,11.422666141236148,113.38814544677734,103.44088594542322,-9.947259501354125,8000.0,6460.596468764763,False,False
2235,28,"[50, 38]",-17.39140510559082,-110.97225952148438,0.19108964502811432,51,38,11.278086997799857,113.81352233886719,103.37348121228254,-10.440041126584646,8000.0,6316.834178141342,False,False
2236,28,"[50, 38]",-17.43924903869629,-110.83485412597656,0.19035764038562775,51,38,11.133351221308398,114.22823333740234,103.29749574873303,-10.93073758866933,8000.0,6172.96404793233,False,False
2237,28,"[50, 38]",-17.48838996887207,-110.6976089477539,0.18976227939128876,51,38,10.98849499010337,114.63257598876953,103.21273416550967,-11.419841823259844,8000.0,6028.96113697933,False,False
2238,28,"[50, 38]",-17.538795471191406,-110.560546875,0.18940167129039764,51,38,10.84355467693598,115.02678680419922,103.11898122283436,-11.907805581364869,8000.0,5884.804283832842,False,False
2239,28,"[50, 38]",-17.590431213378906,-110.42369842529297,0.1891876459121704,51,38,10.698575166764673,115.4111328125,103.01601145018712,-12.395121362312864,8000.0,5740.469397600447,False,False
2240,28,"[50, 38]",-17.643264770507812,-110.2870864868164,0.1890408843755722,51,38,10.553594142716038,115.78585052490234,102.90358747642077,-12.882263048481576,8000.0,5595.929368891765,False,False
2241,28,"[50, 38]",-17.697265625,-110.15071868896484,0.18894881010055542,51,38,10.40863466091047,116.15118408203125,102.78146843118512,-13.369715650846132,8000.0,5451.146190118334,False,False
2242,28,"[50, 38]",-17.752403259277344,-110.0146255493164,0.18890009820461273,51,38,10.263742787206235,116.50736236572266,102.64937282595052,-13.85798953977212,8000.0,5306.088879383394,False,False
2243,28,"[50, 38]",-17.80864715576172,-109.8788070678711,0.18888455629348755,51,38,10.118935535527989,116.8546371459961,102.5070429361057,-14.347594209890389,8000.0,5160.709769495105,False,False
2244,28,"[50, 38]",-17.865968704223633,-109.7432861328125,0.18889299035072327,51,38,9.97425256534089,117.1932144165039,102.35416839393396,-14.83904602256996,8000.0,5014.970739695417,False,False
2245,28,"[50, 38]",-17.924335479736328,-109.60806274414062,0.18885834515094757,51,38,9.829712757554237,117.5233154296875,102.19047329031197,-15.332842139375543,8000.0,4868.824205020916,False,False
2246,28,"[50, 38]",-17.98372459411621,-109.47315979003906,0.1887791007757187,51,38,9.685356107030074,117.84515380859375,102.01558365057483,-15.829570158018925,8000.0,4722.219457277599,False,False
2247,28,"[50, 38]",-18.044105529785156,-109.33857727050781,0.18853622674942017,51,38,9.541202681835355,118.158935546875,101.82917952026264,-16.32975602661236,8000.0,4575.102972533194,False,False
2248,28,"[50, 38]",-18.105451583862305,-109.20431518554688,0.18819911777973175,51,38,9.397272568994614,118.46484375,101.6309009898975,-16.833942760102502,8000.0,4427.417742850874,False,False
2249,28,"[50, 38]",-18.167739868164062,-109.07038116455078,0.18777136504650116,51,38,9.253593445843242,118.76310729980469,101.4203359698751,-17.342771329929576,8000.0,4279.095449459549,False,False
2250,28,"[50, 38]",-18.230939865112305,-108.93678283691406,0.18725618720054626,51,38,9.110195455368158,119.05389404296875,101.19709717959124,-17.856796863377497,8000.0,4130.080435233325,False,False
2251,28,"[50, 38]",-18.295032501220703,-108.80352783203125,0.18665648996829987,51,38,8.96710747461201,119.33740234375,100.96070517504148,-18.376697168708517,8000.0,3980.29750222038,False,False
2252,28,"[50, 38]",-18.359987258911133,-108.67060089111328,0.18597492575645447,51,38,8.82433915961463,119.61380767822266,100.71075478548164,-18.903052892741016,8000.0,3829.6748295016623,False,False
2253,28,"[50, 38]",-18.4257869720459,-108.53802490234375,0.18527264893054962,51,38,8.681936183272855,119.88329315185547,100.44668476586848,-19.436608385986972,8000.0,3678.134145214407,False,False
2254,28,"[50, 38]",-18.492403030395508,-108.4057846069336,0.1845458745956421,51,38,8.539910039392828,120.14604187011719,100.16802493842034,-19.978016931696857,7988.723933606267,3525.592113097016,False,False
2255,28,"[50, 38]",-18.559818267822266,-108.27388763427734,0.18379122018814087,51,38,8.398293874731104,120.4021987915039,99.87417344837378,-20.52802534313014,7957.966682248107,3371.9618032662224,False,False
2256,28,"[50, 38]",-18.628007888793945,-108.14232635498047,0.1830056607723236,51,38,8.257108502631002,120.6519546508789,99.56456425521938,-21.087390395659526,7928.115868080793,3217.14763694238,False,False
2257,28,"[50, 38]",-18.696950912475586,-108.0111083984375,0.18218643963336945,51,38,8.11639049676727,120.89544677734375,99.2385540846702,-21.65689269267355,7899.253888387519,3061.057622937869,False,False
2258,28,"[50, 38]",-18.766626358032227,-107.8802261352539,0.1813899129629135,51,38,7.976162892233305,121.1328353881836,98.89548042255328,-22.237354965630317,7871.458564103692,2903.58578221621,False,False
2259,28,"[50, 38]",-18.837017059326172,-107.74967956542969,0.18060800433158875,51,38,7.83645727909856,121.36428833007812,98.53460507321877,-22.82968325685937,7844.8172807331775,2744.6170884820626,False,False
2260,28,"[50, 38]",-18.908100128173828,-107.61946868896484,0.1799510270357132,51,38,7.697307869132535,121.5899429321289,98.15518829366694,-23.434754638461982,7819.415709836722,2584.0412735080818,False,False
2261,28,"[50, 38]",-18.9798583984375,-107.48958587646484,0.17940063774585724,51,38,7.558742321853562,121.8099594116211,97.75641198460401,-24.053547427017065,7795.342739798158,2421.7286676566114,False,False
2262,28,"[50, 38]",-19.05227279663086,-107.36003112792969,0.1789991408586502,51,38,7.42079814144677,122.02445220947266,97.33741484436935,-24.687037365103322,7772.691049794297,2257.5539671201404,False,False
2263,28,"[50, 38]",-19.12532615661621,-107.23079681396484,0.1788434088230133,51,38,7.283507183846523,122.23358154296875,96.89727667986837,-25.336304863100395,7751.557096383285,2091.3722624613256,False,False
2264,28,"[50, 38]",-19.198999404907227,-107.10189056396484,0.1789029836654663,51,38,7.146919024018103,122.43746948242188,96.43502190765025,-26.002447574771622,7732.046231313705,1923.04368722437,False,False
2265,28,"[50, 38]",-19.27327537536621,-106.97329711914062,0.17920929193496704,51,38,7.011062786187559,122.63624572753906,95.94962264900283,-26.68662307853623,7714.257005126641,1752.4081864493614,False,False
2266,28,"[50, 38]",-19.348140716552734,-106.84502410888672,0.179672971367836,51,38,6.875992697542429,122.8300552368164,95.43993573194143,-27.390119504874974,7698.308230118087,1579.2968013208074,False,False
2267,28,"[50, 38]",-19.42357635498047,-106.71704864501953,0.18027250468730927,51,38,6.741736179805342,123.01900482177734,94.90482180025734,-28.114183021520006,7684.301622804664,1403.53285181187,False,False
2268,28,"[50, 38]",-19.499309539794922,-106.58979034423828,0.1807825267314911,51,38,6.608784133103187,123.19903564453125,94.34496936984141,-28.854066274689842,7672.144833249748,1226.0845570002466,False,False
2269,28,"[50, 38]",-19.574867248535156,-106.46392822265625,0.1809760332107544,51,38,6.477893633274634,123.36266326904297,93.76292560889769,-29.59973766014528,7661.511307130253,1048.866444460204,False,False
2270,28,"[50, 38]",-19.649816513061523,-106.34009552001953,0.18082597851753235,51,38,6.3497590251517515,123.50260162353516,93.16141451341056,-30.341187110124594,7652.05216174429,873.7659020919691,False,False
2271,28,"[50, 38]",-19.72376823425293,-106.21882629394531,0.18036812543869019,51,38,6.224958189632548,123.61181640625,92.54332843350974,-31.068487972740257,7643.373627754516,702.6067958751464,False,False
2272,28,"[50, 38]",-19.79637336730957,-106.10060119628906,0.17957767844200134,51,38,6.103998587950721,123.68365478515625,91.91171598602863,-31.77193879912761,7635.066495666817,537.1472407943661,False,False
2273,28,"[50, 38]",-19.86732292175293,-105.98580169677734,0.1785522997379303,51,38,5.9872719297051065,123.71187591552734,91.26977010683177,-32.44210580869557,7626.685757723075,379.0497559039982,False,False
2274,28,"[50, 38]",-19.936357498168945,-105.87474822998047,0.17738263309001923,51,38,5.8750929468135205,123.69070434570312,90.62067410759303,-33.07003023811009,7617.780349528179,229.86468374762808,False,False
2275,28,"[50, 38]",-20.00325584411621,-105.76768493652344,0.17615343630313873,51,38,5.767685855481406,123.61487579345703,89.96765667527792,-33.64721911817912,7607.883944195209,91.02304496693705,False,False
2276,28,"[50, 38]",-20.067846298217773,-105.66478729248047,0.17494453489780426,51,38,5.665193570323088,123.47974395751953,89.31380994778172,-34.16593400973781,7596.536392245344,-36.206526014280826,False,False
2277,28,"[50, 38]",-20.130001068115234,-105.56615447998047,0.17389042675495148,51,38,5.567672401705918,123.28125762939453,88.66206397022562,-34.6191936591689,7583.279599661069,-150.72249618585465,False,False
2278,28,"[50, 38]",-20.18963050842285,-105.4718246459961,0.17299866676330566,51,38,5.475109559292396,123.01605987548828,88.01516278200553,-35.00089709348276,7567.672085746088,-251.60337579615543,False,False
2279,28,"[50, 38]",-20.2466983795166,-105.38177490234375,0.1723979413509369,51,38,5.387426212019354,122.68138885498047,87.37542198269783,-35.305966872282625,7549.2987351000975,-338.1299691735171,False,False
2280,28,"[50, 38]",-20.301198959350586,-105.29591369628906,0.17203214764595032,51,38,5.304471952198066,122.2752685546875,86.7448755725472,-35.53039298214031,7527.770641028599,-409.79533741409205,False,False
2281,28,"[50, 38]",-20.353172302246094,-105.214111328125,0.17191411554813385,51,38,5.226058516430452,121.79634857177734,86.12504983717405,-35.67129873460328,7502.744294818653,-466.3003308621692,False,False
2282,28,"[50, 38]",-20.40268898010254,-105.13617706298828,0.17200110852718353,51,38,5.151938784289168,121.24400329589844,85.51703973058235,-35.72696356531608,7473.914262580027,-507.56600564164137,False,False
2283,28,"[50, 38]",-20.449851989746094,-105.0618667602539,0.1722591668367386,51,38,5.081816792372773,120.6183090209961,84.92142221645116,-35.69688680454493,7441.022991307022,-533.7380640661195,False,False
2284,28,"[50, 38]",-20.49479103088379,-104.99089813232422,0.1726032793521881,50,38,5.0153646259749065,119.919921875,84.33827265456304,-35.58164922043696,7403.860428890527,-545.1563030940933,False,False
2285,28,"[50, 38]",-20.53765106201172,-104.92296600341797,0.1728435605764389,50,38,4.952238174330009,119.15019989013672,83.76726748191395,-35.38293240822276,7362.27436914548,-542.3486008909167,True,False
2286,29,"[49, 38]",-20.57859992980957,-104.85771179199219,0.17298953235149384,50,38,14.86897365565893,118.31102752685547,87.76987255526446,-30.541154971591027,8000.0,3478.6352743810794,False,False
2287,29,"[49, 38]",-20.62256622314453,-104.78585052490234,0.17366257309913635,50,38,14.798951464443533,117.49283599853516,87.5889544101597,-29.90388158837544,8000.0,3594.6081749840328,False,False
2288,29,"[49, 38]",-20.66905975341797,-104.70792388916016,0.17462880909442902,50,38,14.723133704581093,116.69511413574219,87.3954249939555,-29.2996891417867,8000.0,3703.768730363531,False,False
2289,29,"[49, 38]",-20.717639923095703,-104.62446594238281,0.17585429549217224,50,38,14.642063077283051,115.91732025146484,87.1906814934972,-28.726638757967635,8000.0,3806.586025404641,False,False
2290,29,"[49, 38]",-20.76791763305664,-104.53592681884766,0.17724977433681488,50,38,14.55619682382915,115.15898895263672,86.97593578755776,-28.183053165078945,8000.0,3903.4682149469318,False,False
2291,29,"[49, 38]",-20.819538116455078,-104.44273376464844,0.17873507738113403,50,38,14.465967002618207,114.41961669921875,86.75229250173467,-27.667324197484078,8000.0,3994.7988749004667,False,False
2292,29,"[49, 38]",-20.872196197509766,-104.34528350830078,0.1801793873310089,50,38,14.371773903748863,113.69873046875,86.52068784818019,-27.178042620569812,8000.0,4080.9153486198347,False,False
2293,29,"[49, 38]",-20.925613403320312,-104.24391174316406,0.18140627443790436,50,38,14.273954669938297,112.9958724975586,86.28197080499471,-26.713901692563866,8000.0,4162.127289238366,False,False
2294,29,"[49, 38]",-20.97954559326172,-104.13895416259766,0.18219833076000214,50,38,14.172844964272914,112.31058502197266,86.03688556113748,-26.27369946083519,8000.0,4238.717356189773,False,False
2295,29,"[49, 38]",-21.033775329589844,-104.03068542480469,0.18236002326011658,50,38,14.068717955872712,111.64244079589844,85.78608405305297,-25.856356742845463,8000.0,4310.939134287351,False,False
2296,29,"[49, 38]",-21.088111877441406,-103.91938018798828,0.1820095330476761,50,38,13.961845589877782,110.99099731445312,85.5301394699513,-25.460857844501845,8000.0,4379.028333054528,False,False
2297,29,"[49, 38]",-21.142385482788086,-103.80529022216797,0.1811944544315338,50,38,13.852475688828026,110.35584259033203,85.26956135683842,-25.086281233493594,8000.0,4443.198229424092,False,False
2298,29,"[49, 38]",-21.19644546508789,-103.6886215209961,0.18013408780097961,50,38,13.740809324636116,109.736572265625,85.00479249289683,-24.731779772728174,8000.0,4503.643787271194,False,False
2299,29,"[49, 38]",-21.25016212463379,-103.56958770751953,0.17896701395511627,50,38,13.627054556650679,109.1327896118164,84.7362159184718,-24.396573693344607,8000.0,4560.543465892581,False,False
2300,29,"[49, 38]",-21.30341911315918,-103.4483642578125,0.17775914072990417,50,38,13.5113804844419,108.54411315917969,84.46416797915661,-24.07994518002306,8000.0,4614.060676355305,False,False
2301,29,"[49, 38]",-21.356121063232422,-103.32513427734375,0.17662861943244934,50,38,13.393963858670963,107.97014617919922,84.18892086767146,-23.78122531152775,8000.0,4664.346456201584,False,False
2302,29,"[49, 38]",-21.408178329467773,-103.2000503540039,0.1757994145154953,50,38,13.274949926678493,107.41053771972656,83.91072955405919,-23.49980816566739,8000.0,4711.537508684989,False,False
2303,29,"[49, 38]",-21.459514617919922,-103.07325744628906,0.17535540461540222,50,38,13.15447616505022,106.86492156982422,83.62980650571716,-23.23511506410705,8000.0,4755.762577122586,False,False
2304,29,"[49, 38]",-21.510068893432617,-102.94487762451172,0.1752544790506363,50,38,13.032657625231202,106.33296203613281,83.34630344907372,-22.986658587059082,8000.0,4797.132078061306,False,False
2305,29,"[49, 38]",-21.559785842895508,-102.81503295898438,0.17545877397060394,50,38,12.909608887009439,105.81429290771484,83.06036086507108,-22.753932042643783,8000.0,4835.756840922821,False,False
2306,29,"[49, 38]",-21.608619689941406,-102.68383026123047,0.1758754700422287,50,38,12.785429496210638,105.30860137939453,82.77208226253556,-22.536519116858983,8000.0,4871.730096989215,False,False
2307,29,"[49, 38]",-21.656530380249023,-102.55138397216797,0.17636224627494812,50,38,12.66022640071981,104.81556701660156,82.48156169569695,-22.334005320904623,8000.0,4905.142431873743,False,False
2308,29,"[49, 38]",-21.703489303588867,-102.41776275634766,0.17679111659526825,50,38,12.53406189869735,104.33484649658203,82.18882537606794,-22.146021120514092,8000.0,4936.074826608804,False,False
2309,29,"[49, 38]",-21.749467849731445,-102.28307342529297,0.17716455459594727,50,38,12.407035525393738,103.86616516113281,81.89393017422755,-21.972234986905278,8000.0,4964.60000803971,False,False
2310,29,"[49, 38]",-21.794448852539062,-102.14737701416016,0.1773671805858612,50,38,12.279202539600254,103.4092025756836,81.59685982211478,-21.812342753568828,8000.0,4990.784366022376,False,False
2311,29,"[49, 38]",-21.838415145874023,-102.01074981689453,0.17735403776168823,50,38,12.150632963455486,102.96366882324219,81.29761273407993,-21.666056089162254,8000.0,5014.6899752772515,False,False
2312,29,"[49, 38]",-21.88135528564453,-101.8732681274414,0.17714345455169678,50,38,12.021397328802445,102.5292739868164,80.99616643157991,-21.533107555236484,8000.0,5036.373880774803,False,False
2313,29,"[49, 38]",-21.923261642456055,-101.73497772216797,0.17675194144248962,50,38,11.891536380347212,102.10575866699219,80.69246190216514,-21.413296764827066,8000.0,5001.185095094805,False,False
2314,29,"[49, 38]",-21.964130401611328,-101.595947265625,0.17619438469409943,50,38,11.761113944762622,101.69283294677734,80.38644128400098,-21.306391662776377,8000.0,4952.706355649407,False,False
2315,29,"[49, 38]",-22.00395965576172,-101.45622253417969,0.1755429208278656,50,38,11.630171497212201,101.29022979736328,80.07802143972698,-21.212208357636314,8000.0,4901.796215416959,False,False
2316,29,"[49, 38]",-22.042753219604492,-101.31585693359375,0.17492131888866425,50,38,11.498759013813894,100.897705078125,79.76709790698571,-21.130607171139275,8000.0,4848.5274686467355,False,False
2317,29,"[49, 38]",-22.08051109313965,-101.17489624023438,0.17444084584712982,50,38,11.366918332981966,100.51499938964844,79.45357806380078,-21.061421325847675,8000.0,4792.9716394432,False,False
2318,29,"[49, 38]",-22.11724090576172,-101.03337860107422,0.17414283752441406,50,38,11.2346852384779,100.1418685913086,79.13732342194983,-21.004545169358778,8000.0,4735.185969519172,False,False
2319,29,"[49, 38]",-22.152950286865234,-100.89134216308594,0.17406447231769562,50,38,11.102095705366919,99.778076171875,78.8181923416426,-20.9598838302324,8000.0,4675.2247960425,False,False
2320,29,"[49, 38]",-22.18764877319336,-100.74882507324219,0.17418035864830017,50,38,10.969186278389765,99.42338562011719,78.49603012845563,-20.927355491661558,8000.0,4613.13946833678,False,False
2321,29,"[49, 38]",-22.221343994140625,-100.60585021972656,0.17446765303611755,50,38,10.835978406382074,99.07756805419922,78.1706715509007,-20.906896503298526,8000.0,4548.969701194649,False,False
2322,29,"[49, 38]",-22.254051208496094,-100.46246337890625,0.17484702169895172,50,38,10.702517778797523,98.74040222167969,77.84193100246723,-20.898471219212468,8000.0,4482.7620244986665,False,False
2323,29,"[49, 38]",-22.28577995300293,-100.31868743896484,0.17530587315559387,50,38,10.56882682498871,98.41167449951172,77.50962201249531,-20.90205248701642,8000.0,4414.548915640742,False,False
2324,29,"[49, 38]",-22.316543579101562,-100.17454528808594,0.1758328378200531,50,38,10.434929131201057,98.09117889404297,77.1735303614963,-20.91764853254665,8000.0,4344.357010863223,False,False
2325,29,"[49, 38]",-22.346359252929688,-100.03005981445312,0.17630012333393097,50,38,10.300849558425568,97.77869415283203,76.8334124710105,-20.94528168182154,8000.0,4272.210593221899,False,False
2326,29,"[49, 38]",-22.3752384185791,-99.88525390625,0.17665153741836548,50,38,10.166612136603078,97.47403717041016,76.48904594405576,-20.984991226354396,8000.0,4198.130141438506,False,False
2327,29,"[49, 38]",-22.4031982421875,-99.74015045166016,0.1768365204334259,50,38,10.032242651183664,97.177001953125,76.14016738390596,-21.036834569219025,8000.0,4122.13352123133,False,False
2328,29,"[49, 38]",-22.430253982543945,-99.59476470947266,0.17686837911605835,50,38,9.897759557082228,96.88740539550781,75.78650191719966,-21.10090347830817,8000.0,4044.228933836857,False,False
2329,29,"[49, 38]",-22.456418991088867,-99.44912719726562,0.17675909399986267,50,38,9.763196149309252,96.60505676269531,75.42779487561904,-21.17726188707627,8000.0,3964.435811537567,False,False
2330,29,"[49, 38]",-22.481712341308594,-99.30323791503906,0.17651937901973724,50,38,9.628558139660566,96.32977294921875,75.0637019291114,-21.266071020107347,8000.0,3882.7440660559964,False,False
2331,29,"[49, 38]",-22.506147384643555,-99.1571273803711,0.17615891993045807,50,38,9.4938799536279,96.0613784790039,74.6939413151717,-21.36743716383222,8000.0,3799.166122836314,False,False
2332,29,"[49, 38]",-22.529743194580078,-99.01080322265625,0.17568638920783997,50,38,9.35917599727436,95.7997055053711,74.31814817922452,-21.48155732614657,8000.0,3713.689862282875,False,False
2333,29,"[49, 38]",-22.552515029907227,-98.8642807006836,0.17516838014125824,50,38,9.224467752581388,95.5445785522461,73.93597387678349,-21.6086046754626,8000.0,3626.310010765892,False,False
2334,29,"[49, 38]",-22.574480056762695,-98.71756744384766,0.1747824251651764,50,38,9.089770607705203,95.29584503173828,73.54702682658231,-21.74881820515597,8000.0,3537.007741546559,False,False
2335,29,"[49, 38]",-22.595651626586914,-98.57069396972656,0.17457056045532227,50,38,8.95512157870068,95.05333709716797,73.15095961984976,-21.902377477318225,8000.0,3445.783871261509,False,False
2336,29,"[49, 38]",-22.61604881286621,-98.42365264892578,0.1745118349790573,50,38,8.820523529873554,94.81690216064453,72.74730057797419,-22.069601582670344,8000.0,3352.600334893525,False,False
2337,29,"[49, 38]",-22.63568878173828,-98.2764663696289,0.1745285540819168,50,38,8.686008917896602,94.58638000488281,72.33562166788464,-22.25075833699816,8000.0,3257.441510948657,False,False
2338,29,"[49, 38]",-22.654584884643555,-98.12913513183594,0.174550861120224,50,38,8.551588092361987,94.36164093017578,71.91545013691048,-22.446190793265316,8000.0,3160.2689025934565,False,False
2339,29,"[49, 38]",-22.672752380371094,-97.98167419433594,0.17457467317581177,50,38,8.417287462793913,94.14251708984375,71.4863050333593,-22.656212056484435,8000.0,3061.056383030594,False,False
2340,29,"[49, 38]",-22.69021224975586,-97.83409118652344,0.17459629476070404,50,38,8.283129038443183,93.92889404296875,71.04762438289096,-22.881269660077805,8000.0,2959.754867701083,False,False
2341,29,"[49, 38]",-22.706974029541016,-97.68639373779297,0.17455361783504486,50,38,8.149132290556613,93.72061157226562,70.59888915144577,-23.12172242081985,8000.0,2856.3272982014973,False,False
2342,29,"[49, 38]",-22.72305679321289,-97.53858947753906,0.17444956302642822,50,38,8.015320929939458,93.5175552368164,70.13948514191432,-23.378070094902085,7973.428021760115,2750.7170340088874,False,False
2343,29,"[49, 38]",-22.738473892211914,-97.39067840576172,0.17428675293922424,50,38,7.8817108901379305,93.31957244873047,69.66878106428078,-23.65079138444969,7926.5040671277175,2642.8665585074914,False,False
2344,29,"[49, 38]",-22.75324249267578,-97.24268341064453,0.1741262972354889,50,38,7.74834222335985,93.12654876708984,69.18613907210603,-23.940409694983828,7881.062156945506,2532.7232967363643,False,False
2345,29,"[49, 38]",-22.767375946044922,-97.09459686279297,0.17396444082260132,50,38,7.6152264754437775,92.93836975097656,68.69082954527458,-24.247540205701966,7837.158809960802,2420.2063350910103,False,False
2346,29,"[49, 38]",-22.780887603759766,-96.94642639160156,0.17379772663116455,50,38,7.482391026849869,92.75489807128906,68.18211692911143,-24.572781142177632,7794.8569568859575,2305.244959407909,False,False
2347,29,"[49, 38]",-22.793794631958008,-96.79817962646484,0.17356427013874054,50,38,7.349866303494171,92.5760269165039,67.6591920945889,-24.916834821915018,7754.228188531205,2187.753861260907,False,False
2348,29,"[49, 38]",-22.806106567382812,-96.64986419677734,0.1732672154903412,50,38,7.217681615525177,92.40162658691406,67.12125076457609,-25.280375822337987,7715.34126808092,2067.651101791423,False,False
2349,29,"[49, 38]",-22.817842483520508,-96.5014877319336,0.17296814918518066,50,38,7.085871787607792,92.23160552978516,66.56736656684164,-25.6642389629435,7678.278772576312,1944.832757574979,False,False
2350,29,"[49, 38]",-22.829010009765625,-96.35304260253906,0.17266370356082916,50,38,6.954455258683487,92.06584167480469,65.99658898574194,-26.06925268906275,7643.114464581055,1819.187514711863,False,False
2351,29,"[49, 38]",-22.839628219604492,-96.20454406738281,0.17235082387924194,50,38,6.823478255968099,91.90422821044922,65.40789310092617,-26.496335109523045,7609.941664732727,1690.6035863589732,False,False
2352,29,"[49, 38]",-22.849706649780273,-96.05599212646484,0.17208556830883026,50,38,6.692971584102691,91.74665832519531,64.80020861313555,-26.946449712059746,7578.848932286985,1558.9542865459211,False,False
2353,29,"[49, 38]",-22.8592586517334,-95.90739440917969,0.17197716236114502,50,38,6.562977124988302,91.59304809570312,64.17239113021135,-27.420656965491787,7549.936568459111,1424.1030054799257,False,False
2354,29,"[49, 38]",-22.868288040161133,-95.75912475585938,0.1719328612089157,50,38,6.433863087980945,91.43999481201172,63.524751034142824,-27.91524377786891,7523.121668262662,1286.7963508780467,False,False
2355,29,"[49, 38]",-22.876792907714844,-95.61184692382812,0.17191652953624725,50,38,6.306247959790165,91.28150939941406,62.85902779891332,-28.42248160050076,7498.154529264692,1148.5111946567458,False,False
2356,29,"[49, 38]",-22.884777069091797,-95.46614074707031,0.17189577221870422,50,38,6.180666097205077,91.11175537109375,62.176973894445844,-28.934781476647913,7474.753243568048,1010.6610181271153,False,False
2357,29,"[49, 38]",-22.892240524291992,-95.32254028320312,0.17184188961982727,50,38,6.057597734801876,90.92501831054688,61.4805746676154,-29.444443642931475,7452.600451299915,874.6486050654462,False,False
2358,29,"[49, 38]",-22.89919090270996,-95.18150329589844,0.17172980308532715,50,38,5.937447624675317,90.7158203125,60.771809614563885,-29.944010697936108,7431.35796832205,741.8017708002535,False,False
2359,29,"[49, 38]",-22.905630111694336,-95.04344940185547,0.1715966761112213,50,38,5.8205728425182635,90.47897338867188,60.05291178558028,-30.426061603091597,7410.664801455409,613.4173980816813,False,False
2360,29,"[49, 38]",-22.911561965942383,-94.90870666503906,0.17147710919380188,49,38,5.707240507015731,90.2095718383789,59.32602399485069,-30.88354784352822,7390.140331111679,490.6895206571262,False,False
2361,29,"[49, 38]",-22.916988372802734,-94.77755737304688,0.17128601670265198,49,38,5.597666980074905,89.90312957763672,58.593404726059774,-31.30972485157696,7369.397048462356,374.73738057741684,False,False
2362,29,"[49, 38]",-22.921913146972656,-94.65021514892578,0.1710071861743927,49,38,5.492001217202203,89.55552673339844,57.85723729647668,-31.698289436921755,7348.041587695734,266.5757582631063,False,False
2363,29,"[49, 38]",-22.92633628845215,-94.52684020996094,0.17068658769130707,49,38,5.390336386500483,89.1631088256836,57.11970536128495,-32.04340346439864,7325.680967033701,167.11592385016456,False,False
2364,29,"[49, 38]",-22.930261611938477,-94.40752410888672,0.17030860483646393,49,38,5.292702701344365,88.72267150878906,56.38278169442557,-32.33988981436349,7301.932427017112,77.13169750900761,False,False
2365,29,"[49, 38]",-22.933687210083008,-94.29231262207031,0.1699199229478836,49,38,5.199083408850905,88.23152160644531,55.64838030913859,-32.583141297306724,7276.423805799118,-2.7198265917804747,False,False
2366,29,"[49, 38]",-22.936613082885742,-94.18119049072266,0.1695646345615387,49,38,5.109408020337118,87.68744659423828,54.91813636143411,-32.76931023280417,7248.8035376448515,-71.93063412989795,False,False
2367,29,"[49, 38]",-22.93903350830078,-94.0740966796875,0.16928446292877197,49,38,5.023562651978724,87.08878326416016,54.193503252216104,-32.89528001194407,7218.743330090183,-130.13276045578277,False,False
2368,29,"[49, 38]",-22.940946578979492,-93.97090911865234,0.16906028985977173,49,38,4.941385029423179,86.43437194824219,53.4755012505002,-32.958870697741986,7185.950891220013,-177.1314948878712,True,False
2369,30,"[48, 38]",-22.942338943481445,-93.8714828491211,0.16887708008289337,49,38,14.180105602279138,85.72356414794922,78.02425021920024,-7.699313928748978,8000.0,7067.85681168327,False,False
2370,30,"[48, 38]",-22.94252586364746,-93.76707458496094,0.16902479529380798,49,38,14.07802546830029,85.03052520751953,77.93533434357022,-7.095190863949313,8000.0,7146.19804484101,False,False
2371,30,"[48, 38]",-22.94144630432129,-93.65821075439453,0.1694093495607376,49,38,13.971357391916642,84.35481262207031,77.84634986888608,-6.508462753184233,8000.0,7221.438727726165,False,False
2372,30,"[48, 38]",-22.939048767089844,-93.54535675048828,0.17000488936901093,49,38,13.860544619650803,83.69600677490234,77.75782261379773,-5.93818416110463,8000.0,7293.771192618989,False,False
2373,30,"[48, 38]",-22.9352970123291,-93.42892456054688,0.1707293689250946,49,38,13.745980627203256,83.05366516113281,77.67019761005004,-5.383467551082788,8000.0,7363.373524413257,False,False
2374,30,"[48, 38]",-22.93015480041504,-93.30929565429688,0.1714501827955246,49,38,13.628028396209078,82.42739868164062,77.58391866985455,-4.843480011786085,8000.0,7430.410664033255,False,False
2375,30,"[48, 38]",-22.923603057861328,-93.18681335449219,0.17210684716701508,49,38,13.50701674264712,81.81678771972656,77.49935013561756,-4.317437584109001,8000.0,7495.03573759925,False,False
2376,30,"[48, 38]",-22.91562271118164,-93.06178283691406,0.17270377278327942,49,38,13.383236778622015,81.22145080566406,77.41684452923906,-3.8046062764250053,8000.0,7557.390495882495,False,False
2377,30,"[48, 38]",-22.90620231628418,-92.93448638916016,0.17306849360466003,49,38,13.25695855219231,80.64100646972656,77.33672346916812,-3.304283000558428,8000.0,7617.608132400375,False,False
2378,30,"[48, 38]",-22.895336151123047,-92.80517578125,0.17322230339050293,49,38,13.128423295152832,80.0750732421875,77.25927652672478,-2.8157967154627386,8000.0,7675.81353814547,False,False
2379,30,"[48, 38]",-22.88302230834961,-92.674072265625,0.1731843203306198,49,38,12.99784310663605,79.5232925415039,77.1847670498698,-2.338525491634101,8000.0,7732.121673435447,False,False
2380,30,"[48, 38]",-22.869264602661133,-92.54138946533203,0.17297179996967316,49,38,12.86542378164145,78.98531341552734,77.11344441400557,-1.871869001521759,8000.0,7786.64121731681,False,False
2381,30,"[48, 38]",-22.85407066345215,-92.40731048583984,0.17260020971298218,49,38,12.731342146215752,78.4607925415039,77.04552828267045,-1.4152642588334743,8000.0,7839.473027258292,False,False
2382,30,"[48, 38]",-22.837446212768555,-92.27200317382812,0.17214228212833405,49,38,12.595759719397723,77.94938659667969,76.98124706765026,-0.968139529029429,8000.0,7890.715739311784,False,False
2383,30,"[48, 38]",-22.819406509399414,-92.13561248779297,0.1716046780347824,49,38,12.45881790215751,77.45077514648438,76.92077861127993,-0.5299965352044467,8000.0,7940.456557576399,False,False
2384,30,"[48, 38]",-22.799964904785156,-91.99828338623047,0.17111092805862427,49,38,12.320657761837337,76.96463012695312,76.8643226765469,-0.10030745040620559,8000.0,7988.783290514601,False,False
2385,30,"[48, 38]",-22.779138565063477,-91.8601303100586,0.17065459489822388,49,38,12.181391633774592,76.49064636230469,76.81204297229544,0.3213966099907566,7963.973791638847,8000.0,False,False
2386,30,"[48, 38]",-22.756942749023438,-91.72127532958984,0.17022985219955444,49,38,12.041139010635348,76.02852630615234,76.76413225184072,0.735605945688377,7917.172702690095,8000.0,False,False
2387,30,"[48, 38]",-22.733402252197266,-91.5818099975586,0.16994906961917877,49,38,11.899992045874034,75.57795715332031,76.72071808854128,1.142760935220963,7816.601027547004,8000.0,False,False
2388,30,"[48, 38]",-22.708534240722656,-91.44182586669922,0.16991329193115234,49,38,11.758041371633048,75.13866424560547,76.68197384177618,1.5433095961707295,7693.695300712858,8000.0,False,False
2389,30,"[48, 38]",-22.68235969543457,-91.3014144897461,0.17027221620082855,49,38,11.615378728424433,74.71035766601562,76.64806624849224,1.9377085824766027,7570.763913213562,8000.0,False,False
2390,30,"[48, 38]",-22.654905319213867,-91.16062927246094,0.17080768942832947,49,38,11.472060321115038,74.29277038574219,76.61910140036521,2.3263310146230083,7447.8214585928745,7967.528795507202,False,False
2391,30,"[48, 38]",-22.626190185546875,-91.0195541381836,0.1712646633386612,49,38,11.3281705625852,73.88562774658203,76.5952664165372,2.7096386699551545,7324.885205639887,7930.224294664878,False,False
2392,30,"[48, 38]",-22.596237182617188,-90.87823486328125,0.17164887487888336,49,38,11.183757921607194,73.48866271972656,76.5766960243598,3.0880333046332566,7201.957789571407,7891.831051358177,False,False
2393,30,"[48, 38]",-22.565074920654297,-90.73673248291016,0.17190663516521454,49,38,11.03888734239768,73.10163879394531,76.56352337812913,3.461884584183821,7079.052607783623,7852.445047054566,False,False
2394,30,"[48, 38]",-22.532724380493164,-90.5950927734375,0.17204847931861877,49,38,10.893607467927785,72.72428894042969,76.55591081452626,3.8316218740965837,6956.1652714722295,7812.157814120819,False,False
2395,30,"[48, 38]",-22.499208450317383,-90.45335388183594,0.17208385467529297,49,38,10.747960283562284,72.35639190673828,76.5540115474113,4.197619640673025,6833.292585307101,7771.049813801508,False,False
2396,30,"[48, 38]",-22.464557647705078,-90.31155395507812,0.17208001017570496,49,38,10.601989877723376,71.99768829345703,76.55794835971157,4.560260066254557,6710.429962032187,7729.201839195153,False,False
2397,30,"[48, 38]",-22.428791046142578,-90.16973876953125,0.1719798743724823,49,38,10.455745434273416,71.64796447753906,76.56792265534841,4.919958177809349,6587.5700226206145,7686.699229189494,False,False
2398,30,"[48, 38]",-22.391935348510742,-90.02792358398438,0.1719084531068802,49,38,10.309248571922458,71.3069839477539,76.58406748711644,5.277083539362536,6464.694591341397,7643.6063694491995,False,False
2399,30,"[48, 38]",-22.354015350341797,-89.88614654541016,0.17186060547828674,49,38,10.162543076758395,70.97454833984375,76.60656473394509,5.632016394101356,6341.794836035097,7599.999374958198,False,False
2400,30,"[48, 38]",-22.315053939819336,-89.74443817138672,0.17183168232440948,49,38,10.015665231039403,70.65042114257812,76.63560790823747,5.985186765659364,6218.850434670697,7555.953991887288,False,False
2401,30,"[48, 38]",-22.27507781982422,-89.6028060913086,0.17181748151779175,49,38,9.868630295716297,70.33440399169922,76.67135016144864,6.33694616974941,6095.838263159884,7511.5256255121485,False,False
2402,30,"[48, 38]",-22.234107971191406,-89.46127319335938,0.1718730330467224,49,38,9.721467423507711,70.02629089355469,76.71400785015916,6.687716956604476,5972.732786480382,7466.783094758178,False,False
2403,30,"[48, 38]",-22.192169189453125,-89.31986236572266,0.17198897898197174,49,38,9.574207030934785,69.72589874267578,76.7637884963468,7.037889753671038,5849.512039008023,7421.791701010357,False,False
2404,30,"[48, 38]",-22.1492862701416,-89.17858123779297,0.17221570014953613,49,38,9.426865067973779,69.43301391601562,76.82089130699269,7.387877390977053,5726.142507489656,7376.6101581289895,False,False
2405,30,"[48, 38]",-22.105478286743164,-89.0374526977539,0.1724221557378769,49,38,9.279471433227556,69.14746856689453,76.8855839738467,7.738115406952176,5602.594358040015,7331.3059324479045,False,False
2406,30,"[48, 38]",-22.06077003479004,-88.89647674560547,0.17260795831680298,49,38,9.13203545883323,68.86905670166016,76.95808358793604,8.089026886275889,5478.8273911773185,7285.933342509917,False,False
2407,30,"[48, 38]",-22.01518440246582,-88.75567626953125,0.1727140247821808,49,38,8.984588755907206,68.59761810302734,77.03866607133209,8.441047968304758,5354.810877633912,7240.559093514821,False,False
2408,30,"[48, 38]",-21.968740463256836,-88.61505126953125,0.17280474305152893,49,38,8.83714022681075,68.33296966552734,77.12761584554836,8.794646180021005,5230.497099801316,7195.239914384465,False,False
2409,30,"[48, 38]",-21.92146110534668,-88.474609375,0.17282044887542725,49,38,8.689707523167739,68.074951171875,77.22522298422894,9.150271812353935,5105.844490947424,7150.034834345888,False,False
2410,30,"[48, 38]",-21.87336540222168,-88.3343505859375,0.17276623845100403,49,38,8.542300487547715,67.82339477539062,77.33181057504547,9.508415799654841,4980.801380494026,7105.001858607646,False,False
2411,30,"[48, 38]",-21.82447624206543,-88.19429779052734,0.17258790135383606,49,38,8.39495264058723,67.57811737060547,77.44773243391855,9.869615063313063,4855.322097322258,7060.215265440551,False,False
2412,30,"[48, 38]",-21.774812698364258,-88.054443359375,0.17235425114631653,49,38,8.247667424408858,67.3389892578125,77.57334588488116,10.234356627068678,4729.350695397355,7015.727910957673,False,False
2413,30,"[48, 38]",-21.72439193725586,-87.914794921875,0.17206837236881256,49,38,8.100463332958881,67.10585021972656,77.70906995914635,10.603219739419785,4602.82667275096,6971.60869854719,False,False
2414,30,"[48, 38]",-21.67323875427246,-87.77535247802734,0.1717330366373062,49,38,7.953353637703104,66.8785400390625,77.85528784357624,10.976747804513735,4475.690795305149,6927.91979178289,False,False
2415,30,"[48, 38]",-21.621366500854492,-87.63612365722656,0.17135074734687805,49,38,7.80635727074724,66.65692138671875,78.01250400155186,11.35558261483311,4347.873387938793,6884.734893360423,False,False
2416,30,"[48, 38]",-21.568796157836914,-87.49710083007812,0.1709825098514557,49,38,7.659480546434071,66.44084930419922,78.18118028734042,11.740330983141206,4219.30206540158,6842.1171813019555,False,False
2417,30,"[48, 38]",-21.51554298400879,-87.3582992553711,0.17062442004680634,49,38,7.512751724100369,66.23017883300781,78.36189144378474,12.13171261077693,4089.9006717004922,6800.151282436809,False,False
2418,30,"[48, 38]",-21.46162986755371,-87.2197036743164,0.17033176124095917,49,38,7.366171530358419,66.02479553222656,78.55514915895604,12.530353626729493,3959.5902416076897,6758.89811009591,False,False
2419,30,"[48, 38]",-21.407068252563477,-87.08132934570312,0.17015424370765686,49,38,7.2197691354840625,65.82454681396484,78.76164198370522,12.93709516974036,3828.2778992616913,6718.452700616239,False,False
2420,30,"[48, 38]",-21.351879119873047,-86.94316864013672,0.17007778584957123,49,38,7.073554122230684,65.62930297851562,78.98199969772176,13.352696719206136,3695.8706203625775,6678.891699023594,False,False
2421,30,"[48, 38]",-21.29607582092285,-86.80522155761719,0.16997209191322327,49,38,6.927543069648759,65.43894958496094,79.21697653817428,13.778026953213327,3562.2640249128863,6640.304789867706,False,False
2422,30,"[48, 38]",-21.239675521850586,-86.66748809814453,0.1698376089334488,49,38,6.781754414484094,65.25337219238281,79.46735624498315,14.213984052600324,3427.3501937228593,6602.784709484044,False,False
2423,30,"[48, 38]",-21.182693481445312,-86.52996063232422,0.16985104978084564,49,38,6.636199946562592,65.07243347167969,79.73399140706019,14.6615579353805,3291.0048664025567,6566.428347289491,False,False
2424,30,"[48, 38]",-21.12514305114746,-86.39265441894531,0.1699950248003006,49,38,6.4909149898613245,64.8960189819336,80.01785884834801,15.121839866414405,3153.1018813156634,6531.353332557531,False,False
2425,30,"[48, 38]",-21.06704330444336,-86.25555419921875,0.1701950877904892,49,38,6.345907323064272,64.72402954101562,80.31991891717944,15.595889376163825,3013.504241307828,6497.659369510877,False,False
2426,30,"[48, 38]",-21.008403778076172,-86.11865997314453,0.17044305801391602,49,38,6.201199726391606,64.55634307861328,80.64132751652878,16.084984437915494,2872.0527195653194,6465.472733308357,False,False
2427,30,"[48, 38]",-20.94923973083496,-85.98197174072266,0.1707315593957901,49,38,6.056817809163494,64.3928451538086,80.98328973754911,16.59044458374052,2728.5831349513046,6434.9240291072365,False,False
2428,30,"[48, 38]",-20.88956642150879,-85.8454818725586,0.17093637585639954,49,38,5.9127816415530745,64.23345947265625,81.34710786018657,17.113648387530304,2582.919629394339,6406.145375199425,False,False
2429,30,"[48, 38]",-20.829395294189453,-85.70919799804688,0.1710633486509323,49,38,5.769128039394347,64.07804870605469,81.73426448966694,17.656215783612254,2434.861359523452,6379.297825016246,False,False
2430,30,"[48, 38]",-20.768739700317383,-85.57310485839844,0.17105895280838013,49,38,5.625874020056647,63.92652893066406,82.14632771858972,18.21979878792564,2284.191809322345,6354.533926444579,False,False
2431,30,"[48, 38]",-20.707611083984375,-85.43721771240234,0.17087501287460327,49,38,5.483069386597194,63.778812408447266,82.58508001258579,18.806267604138526,2130.680469180321,6332.040977383365,False,False
2432,30,"[48, 38]",-20.646020889282227,-85.301513671875,0.17052701115608215,49,38,5.340729369895701,63.63478469848633,83.05242216252921,19.417637464042883,1974.0578773436218,6311.999723182346,False,False
2433,30,"[48, 38]",-20.583984375,-85.16600036621094,0.17002886533737183,49,38,5.198903493423943,63.49436569213867,83.55044640671477,20.056080714576098,1814.0491514142464,6294.620588407399,False,False
2434,30,"[48, 38]",-20.52151107788086,-85.03067779541016,0.16939310729503632,49,38,5.057637085199495,63.35746765136719,84.08150717954864,20.724039528181436,1650.3384023391613,6280.133270565955,False,False
2435,30,"[48, 38]",-20.4586124420166,-84.89553833007812,0.16874860227108002,48,38,4.916972738711956,63.22398376464844,84.64816917674533,21.424185412096904,1482.574692883018,6268.783652868031,True,False
2436,31,"[47, 38]",-20.395339965820312,-84.76065826416016,0.16826792061328888,48,38,14.765951580575303,63.094608306884766,88.46579352039195,25.371185213507204,4394.418575531263,8000.0,False,False
2437,31,"[47, 38]",-20.331661224365234,-84.6259536743164,0.16793423891067505,48,38,14.629713601126888,62.968467712402344,88.7009713918893,25.732503679486967,4332.298655902121,8000.0,False,False
2438,31,"[47, 38]",-20.267587661743164,-84.49142456054688,0.1677890568971634,48,38,14.493894885459131,62.845481872558594,88.9421397847251,26.096657912166506,4269.401220876477,8000.0,False,False
2439,31,"[47, 38]",-20.203128814697266,-84.3570556640625,0.16781090199947357,48,38,14.358492562116313,62.72557830810547,89.1894126785476,26.46383437044213,4205.687948338905,8000.0,False,False
2440,31,"[47, 38]",-20.138296127319336,-84.22285461425781,0.16792166233062744,48,38,14.22352696053782,62.608680725097656,89.44290123713995,26.834220512042293,4141.1197420783255,8000.0,False,False
2441,31,"[47, 38]",-20.07309913635254,-84.08881378173828,0.1680510938167572,48,38,14.08900341614814,62.49470520019531,89.70272625632424,27.208021056128928,4075.653867018387,8000.0,False,False
2442,31,"[47, 38]",-20.007545471191406,-83.95494079589844,0.16813598573207855,48,38,13.954942835825806,62.383583068847656,89.96902003255357,27.585436963705916,4009.247579370114,8000.0,False,False
2443,31,"[47, 38]",-19.941646575927734,-83.82121276855469,0.16811950504779816,48,38,13.82133595264076,62.27524185180664,90.2419024372017,27.96666058539506,3941.85899421204,8000.0,False,False
2444,31,"[47, 38]",-19.875410079956055,-83.68765258789062,0.16806812584400177,48,38,13.688219607201129,62.169612884521484,90.52151231954903,28.351899435027548,3873.4428814981493,8000.0,False,False
2445,31,"[47, 38]",-19.808847427368164,-83.55423736572266,0.1680416315793991,48,38,13.555585191070728,62.066627502441406,90.8079768233373,28.741349320895893,3803.95540055144,8000.0,False,False
2446,31,"[47, 38]",-19.74196434020996,-83.42096710205078,0.16803504526615143,48,38,13.423447409516402,61.966224670410156,91.10145065387641,29.135225983466256,3733.348455806435,8000.0,False,False
2447,31,"[47, 38]",-19.674772262573242,-83.28784942626953,0.16804386675357819,48,38,13.291828898101391,61.86832809448242,91.40206714546498,29.533739050982547,3661.5743059709007,8000.0,False,False
2448,31,"[47, 38]",-19.607276916503906,-83.15487670898438,0.16788767278194427,48,38,13.160737541980321,61.772884368896484,91.70998896394225,29.937104595045753,3588.5833030380213,8000.0,False,False
2449,31,"[47, 38]",-19.539485931396484,-83.02204895019531,0.16775695979595184,48,38,13.030189256824501,61.67982864379883,92.02537414985635,30.345545506057533,3514.3237866460345,8000.0,False,False
2450,31,"[47, 38]",-19.47140884399414,-82.88935852050781,0.1677055060863495,48,38,12.900192699351237,61.58910369873047,92.34837761128048,30.759273912550015,3438.7452636001567,8000.0,False,False
2451,31,"[47, 38]",-19.403053283691406,-82.75680541992188,0.16778169572353363,48,38,12.770764656192663,61.50065231323242,92.67916570679202,31.178513393559598,3361.7943575404056,8000.0,False,False
2452,31,"[47, 38]",-19.334426879882812,-82.62438201904297,0.16791145503520966,48,38,12.641914765610387,61.414405822753906,93.0179106962698,31.603504873515874,3283.4136586557715,8000.0,False,False
2453,31,"[47, 38]",-19.265533447265625,-82.49209594726562,0.16802816092967987,48,38,12.513668617666674,61.330326080322266,93.3648032134983,32.03447713317604,3203.5471135161824,8000.0,False,False
2454,31,"[47, 38]",-19.19638442993164,-82.35993194580078,0.16813072562217712,48,38,12.386029052496323,61.24834442138672,93.72000948514264,32.47166506375592,3122.1366602521985,8000.0,False,False
2455,31,"[47, 38]",-19.126981735229492,-82.2279052734375,0.16821810603141785,48,38,12.259030478254939,61.168418884277344,94.08373552123231,32.91531663695497,3039.120882396584,8000.0,False,False
2456,31,"[47, 38]",-19.057334899902344,-82.09599304199219,0.16823065280914307,48,38,12.13266933378082,61.090492248535156,94.45616869713918,33.365676448604006,2954.438039421421,8000.0,False,False
2457,31,"[47, 38]",-18.98744773864746,-81.96420288085938,0.16811467707157135,48,38,12.006973501109007,61.0145149230957,94.83751841264451,33.823003489548796,2868.022704067799,8000.0,False,False
2458,31,"[47, 38]",-18.917327880859375,-81.83253479003906,0.16788069903850555,48,38,11.88196357825798,60.9404411315918,95.22798308119647,34.28754194960467,2726.9856612991175,8000.0,False,False
2459,31,"[47, 38]",-18.846982955932617,-81.70098114013672,0.16753818094730377,48,38,11.757653164885628,60.86821746826172,95.62776907610235,34.75955160784065,2581.889945059077,8000.0,False,False
2460,31,"[47, 38]",-18.776416778564453,-81.56954193115234,0.16727207601070404,48,38,11.634064483080316,60.79779815673828,96.03710300399528,35.23930484725702,2435.834044459192,8000.0,False,False
2461,31,"[47, 38]",-18.70563507080078,-81.4382095336914,0.1670723408460617,48,38,11.511212703558643,60.729148864746094,96.45621134768425,35.72706248293815,2288.777255309686,8000.0,False,False
2462,31,"[47, 38]",-18.634645462036133,-81.30699920654297,0.1669887751340866,48,38,11.38913623024599,60.66221237182617,96.88530319956618,36.22309082774001,2140.6878129496718,8000.0,False,False
2463,31,"[47, 38]",-18.563451766967773,-81.17588806152344,0.16700738668441772,48,38,11.267836739566745,60.59694290161133,97.32463310150258,36.72769019989124,1991.5110809424414,8000.0,False,False
2464,31,"[47, 38]",-18.49205780029297,-81.04488372802734,0.16711558401584625,48,38,11.147347049558492,60.5333137512207,97.77444339375545,37.24112964253476,1841.211782627539,8000.0,False,False
2465,31,"[47, 38]",-18.42047119140625,-80.91397857666016,0.16718445718288422,48,38,11.027685143717807,60.471275329589844,98.23497150098986,37.7636961714,1689.744465766521,8000.0,False,False
2466,31,"[47, 38]",-18.348695755004883,-80.7831802368164,0.16721567511558533,48,38,10.908885448532624,60.41078567504883,98.70646790977155,38.29568223472273,1537.0693982254334,8000.0,False,False
2467,31,"[47, 38]",-18.276737213134766,-80.65248107910156,0.16721072793006897,48,38,10.790967879352218,60.35181427001953,99.18918892356176,38.83737465354221,1383.1413628398222,8000.0,False,False
2468,31,"[47, 38]",-18.204885482788086,-80.52237701416016,0.16715940833091736,48,38,10.674401817339975,60.29937744140625,99.68143798431753,39.38206054291129,1229.4494114564623,8000.0,False,False
2469,31,"[47, 38]",-18.133495330810547,-80.39350128173828,0.1670491099357605,48,38,10.55976839583148,60.25999450683594,100.18087506384173,39.92088055700577,1077.9428634684036,8000.0,False,False
2470,31,"[47, 38]",-18.062883377075195,-80.26638793945312,0.16686893999576569,48,38,10.447542396858708,60.23989486694336,100.68524810961762,40.44535324267426,930.4539897892773,8000.0,False,False
2471,31,"[47, 38]",-17.993331909179688,-80.14149475097656,0.1666097342967987,48,38,10.338115525123598,60.24500274658203,101.19237813594286,40.94737538936084,788.706727017634,8000.0,False,False
2472,31,"[47, 38]",-17.92508316040039,-80.01922607421875,0.16626402735710144,48,38,10.231821490700417,60.280826568603516,101.70019118893018,41.41936462032666,654.2979278450739,8000.0,False,False
2473,31,"[47, 38]",-17.85833740234375,-79.89989471435547,0.1658848375082016,48,38,10.128900929396194,60.35243606567383,102.20679833438155,41.85436226870772,528.661346680562,8000.0,False,False
2474,31,"[47, 38]",-17.793264389038086,-79.78374481201172,0.16552087664604187,48,38,10.029523647873495,60.46438217163086,102.71044087557787,42.24605870394703,413.07017993987483,8000.0,False,False
2475,31,"[47, 38]",-17.72999382019043,-79.67095947265625,0.16521714627742767,48,38,9.933800137819025,60.620670318603516,103.20956361401117,42.58889329540767,308.6207298955351,8000.0,False,False
2476,31,"[47, 38]",-17.668617248535156,-79.56163024902344,0.16519172489643097,48,38,9.841753835209849,60.82472229003906,103.70287638189912,42.87815409186004,216.20071815202937,8000.0,False,False
2477,31,"[47, 38]",-17.609195709228516,-79.45581817626953,0.16540688276290894,48,38,9.753381082447286,61.079345703125,104.18926187586388,43.10991617273888,136.52411470336574,8000.0,False,False
2478,31,"[47, 38]",-17.5517520904541,-79.35347747802734,0.1657712310552597,48,38,9.66858101060133,61.3867301940918,104.66795252227936,43.28122232818757,70.06788625289937,8000.0,False,False
2479,31,"[47, 38]",-17.49628257751465,-79.25454711914062,0.16620390117168427,48,38,9.587243780777182,61.748451232910156,105.13836393277522,43.38991269986508,17.139736387179255,8000.0,False,False
2480,31,"[47, 38]",-17.442752838134766,-79.15888977050781,0.1666334867477417,48,38,9.509194228491731,62.165435791015625,105.60022743253413,43.4347916415185,-22.1758723612229,8000.0,False,False
2481,31,"[47, 38]",-17.391103744506836,-79.06632995605469,0.16711470484733582,48,38,9.434229091133034,62.63800811767578,106.05352187590915,43.415513758233374,-47.98008870373087,8000.0,False,False
2482,31,"[47, 38]",-17.34125518798828,-78.97663116455078,0.16763928532600403,48,38,9.362095440647012,63.1658935546875,106.4985067340573,43.33261317936979,-60.572255572024005,8000.0,False,False
2483,31,"[47, 38]",-17.29311180114746,-78.88954162597656,0.16814227402210236,48,38,9.292534317453834,63.74826431274414,106.9356268299512,43.18736251720708,-60.40382329708973,8000.0,False,False
2484,31,"[47, 38]",-17.246564865112305,-78.80475616455078,0.1683313250541687,48,38,9.225244504035055,64.38372802734375,107.36557741089452,42.98184938355075,-48.104784787489734,8000.0,False,False
2485,31,"[47, 38]",-17.201492309570312,-78.72196197509766,0.1682385355234146,48,38,9.159927182485868,65.07044982910156,107.7892325738193,42.71878274471774,-24.42644787482095,8000.0,False,False
2486,31,"[47, 38]",-17.15777587890625,-78.64081573486328,0.1678939014673233,48,38,9.096259369564393,65.80610656738281,108.20759009351339,42.40148352613056,9.752836408369149,8000.0,False,False
2487,31,"[47, 38]",-17.11528968811035,-78.56094360351562,0.16732552647590637,48,38,9.033897772617177,66.58798217773438,108.62184701888671,42.03386484115234,53.43624356470991,8000.0,False,False
2488,31,"[47, 38]",-17.073917388916016,-78.48197937011719,0.1666184514760971,48,38,8.972509876393653,67.41303253173828,109.03322540529541,41.62019287355713,105.56909502173403,8000.0,False,False
2489,31,"[47, 38]",-17.033546447753906,-78.40355682373047,0.16590893268585205,48,38,8.911768285099225,68.27792358398438,109.44301961808347,41.16509603409909,165.03814776455692,8000.0,False,False
2490,31,"[47, 38]",-16.994075775146484,-78.32528686523438,0.16532044112682343,48,38,8.8513265578672,69.17906188964844,109.85260025262322,40.673538362974796,230.67007161763104,8000.0,False,False
2491,31,"[47, 38]",-16.955421447753906,-78.2468032836914,0.1649060994386673,48,38,8.790860194582796,70.1126937866211,110.2632825631794,40.15058877655832,301.29366683894204,8000.0,False,False
2492,31,"[47, 38]",-16.917509078979492,-78.1677474975586,0.16465559601783752,48,38,8.730054379100313,71.07495880126953,110.67640230150546,39.601443500235916,375.73332945112725,8000.0,False,False
2493,31,"[47, 38]",-16.880285263061523,-78.0877685546875,0.16461917757987976,48,38,8.668599669731153,72.0618896484375,111.09324519027214,39.03135554183464,452.8224785248385,8000.0,False,False
2494,31,"[47, 38]",-16.84371566772461,-78.00654602050781,0.16478383541107178,48,38,8.60621345102924,73.06954193115234,111.5150023472165,38.44546041606415,531.4457585678165,8000.0,False,False
2495,31,"[47, 38]",-16.807783126831055,-77.92376708984375,0.16513842344284058,48,38,8.542618653518101,74.09397888183594,111.94283276628326,37.84885388444732,610.5172672311173,8000.0,False,False
2496,31,"[47, 38]",-16.77248764038086,-77.83916473388672,0.1656145453453064,48,38,8.477578649384949,75.13134765625,112.37776650400286,37.246418847752864,689.027076657786,8000.0,False,False
2497,31,"[47, 38]",-16.73784637451172,-77.75248718261719,0.16609233617782593,48,38,8.410868194956459,76.17792510986328,112.82077425333209,36.64284914346882,766.0246968349888,8000.0,False,False
2498,31,"[47, 38]",-16.703899383544922,-77.66351318359375,0.1664642095565796,48,38,8.342284674410887,77.23013305664062,113.27268900490378,36.04255594826316,840.6398485635409,8000.0,False,False
2499,31,"[47, 38]",-16.67069435119629,-77.57205963134766,0.16675123572349548,48,38,8.271660242287584,78.28459930419922,113.73427436311766,35.449675058918444,912.0854869279856,8000.0,False,False
2500,31,"[47, 38]",-16.638294219970703,-77.47798919677734,0.16697251796722412,48,38,8.198865054298738,79.33816528320312,114.20614580929768,34.867980526094556,979.6728932869273,8000.0,False,False
2501,31,"[47, 38]",-16.606773376464844,-77.38117980957031,0.1672629415988922,48,38,8.123780049944498,80.38792419433594,114.68887150596653,34.30094731163058,1042.787000393319,8000.0,False,False
2502,31,"[47, 38]",-16.576215744018555,-77.28155517578125,0.16762621700763702,48,38,8.046324900813609,81.43123626708984,115.18289037625796,33.7516541091681,1100.913268800488,8000.0,False,False
2503,31,"[47, 38]",-16.546707153320312,-77.1790771484375,0.1680656373500824,48,38,7.966453425969839,82.46574401855469,115.68857031988917,33.222826301334464,1153.626009239244,8000.0,False,False
2504,31,"[47, 38]",-16.518342971801758,-77.07373046875,0.168583944439888,48,38,7.884135869359705,83.4893798828125,116.20619535086682,32.716815468054335,1200.5813861080014,8000.0,False,False
2505,31,"[47, 38]",-16.4912166595459,-76.96554565429688,0.1688893437385559,48,38,7.799383744395598,84.50037384033203,116.73595701733265,32.23558317700062,1241.5287592825089,8000.0,False,False
2506,31,"[47, 38]",-16.46541976928711,-76.85457611083984,0.169071763753891,48,38,7.712228670536337,85.49728393554688,117.27801416713613,31.780730231589246,1276.2936677519842,8000.0,False,False
2507,31,"[47, 38]",-16.441043853759766,-76.74090576171875,0.16909407079219818,48,38,7.622727814846479,86.47894287109375,117.83244477345993,31.35350190236619,1304.7769892855995,8000.0,False,False
2508,31,"[47, 38]",-16.418174743652344,-76.62464904785156,0.1689811646938324,48,38,7.530965885874837,87.44448852539062,118.3992697151645,30.954781189773882,1326.9546480894737,8000.0,False,False
2509,31,"[47, 38]",-16.396892547607422,-76.50594329833984,0.1686960607767105,48,38,7.437047903214021,88.39338684082031,118.97846614690104,30.58507930608073,1342.8735834084155,8000.0,False,False
2510,31,"[47, 38]",-16.377267837524414,-76.38494110107422,0.16832247376441956,48,38,7.341094004657745,89.32534790039062,119.57001021172358,30.244662311332945,1352.6269417825938,8000.0,False,False
2511,31,"[47, 38]",-16.359365463256836,-76.2618179321289,0.16805264353752136,48,38,7.243244000118886,90.2403793334961,120.17381213938485,29.933432805888742,1356.373619917882,8000.0,False,False
2512,31,"[47, 38]",-16.343236923217773,-76.13677215576172,0.1679999828338623,48,38,7.1436607346269,91.13874053955078,120.78975331998042,29.651012780429653,1354.3250130163433,7978.424847504868,False,False
2513,31,"[47, 38]",-16.32893180847168,-76.01001739501953,0.1681482344865799,48,38,7.042517359246505,92.02093505859375,121.41762380014056,29.396688741546825,1346.746467123157,7914.029765989595,False,False
2514,31,"[47, 38]",-16.31648063659668,-75.88175201416016,0.16854077577590942,48,38,6.9399799464151375,92.88770294189453,122.05736104040194,29.169658098507398,1333.9092059540176,7850.473372353794,False,False
2515,31,"[47, 38]",-16.305910110473633,-75.75220489501953,0.16909831762313843,48,38,6.8362388245428924,93.73998260498047,122.70874539380709,28.96876278882661,1316.1463899357714,7787.830113382033,False,False
2516,31,"[47, 38]",-16.29723358154297,-75.62161254882812,0.16963116824626923,48,38,6.73149365288232,94.57891845703125,123.3715473914622,28.79262893443095,1293.823373549993,7726.15841624832,False,False
2517,31,"[47, 38]",-16.29045867919922,-75.49020385742188,0.17014433443546295,48,38,6.625936553180875,95.40579223632812,124.04553697681203,28.639744740483906,1267.3172296811967,7665.497615629012,False,False
2518,31,"[47, 38]",-16.285579681396484,-75.35820007324219,0.1705828309059143,48,38,6.5197566157140585,96.2220687866211,124.73053791728941,28.508469130668317,1237.0174213105943,7605.870554537189,False,False
2519,31,"[47, 38]",-16.2825870513916,-75.225830078125,0.17083771526813507,48,38,6.4131473580385885,97.02932739257812,125.4262810192729,28.396953626694767,1203.3412584797907,7547.281589000987,False,False
2520,31,"[47, 38]",-16.28145980834961,-75.09333038330078,0.17098672688007355,48,38,6.306310771788385,97.8292465209961,126.13244555951269,28.303199038516595,1166.7269564571184,7489.722310945541,False,False
2521,31,"[47, 38]",-16.28217124938965,-74.9609146118164,0.17104043066501617,47,38,6.199429361207243,98.62361145019531,126.84877234953719,28.22516089934186,1127.6042656342133,7433.165732497308,False,False
2522,31,"[47, 38]",-16.28468894958496,-74.82878112792969,0.17106659710407257,47,38,6.0926729259649255,99.41423797607422,127.57503239063034,28.160794414556108,1086.3911511538145,7377.5730072975975,False,False
2523,31,"[47, 38]",-16.288976669311523,-74.69715118408203,0.1710081398487091,47,38,5.9862278111543175,100.2030258178711,128.31079263015718,28.107766812286087,1043.5514724646514,7322.886848556596,False,False
2524,31,"[47, 38]",-16.29499053955078,-74.56619262695312,0.17087207734584808,47,38,5.880238958448823,100.99186706542969,129.05588070625495,28.064013640825266,999.4833365212771,7269.044160290906,False,False
2525,31,"[47, 38]",-16.30268669128418,-74.43610382080078,0.17066438496112823,47,38,5.774871670585453,101.78268432617188,129.80984034007216,28.02715601390028,954.6368224855164,7215.963573367942,False,False
2526,31,"[47, 38]",-16.3120174407959,-74.30703735351562,0.17044895887374878,47,38,5.6702545023634086,102.57735443115234,130.5724191970684,27.995064765916055,909.4019991849036,7163.559496455826,False,False
2527,31,"[47, 38]",-16.322935104370117,-74.17914581298828,0.17022427916526794,47,38,5.56651290961326,103.37776184082031,131.3432691065042,27.965507265683897,864.1783596901237,7111.732648030356,False,False
2528,31,"[47, 38]",-16.335390090942383,-74.05256652832031,0.17004764080047607,47,38,5.463758894023914,104.18571472167969,132.12205883642764,27.936344114747953,819.340644419085,7060.379822306987,False,False
2529,31,"[47, 38]",-16.349332809448242,-73.92742919921875,0.16985289752483368,47,38,5.36209577040984,105.00296783447266,132.90841265904632,27.905444824573664,775.2539384444649,7009.390148651466,False,False
2530,31,"[47, 38]",-16.364715576171875,-73.8038330078125,0.16963937878608704,47,38,5.2616003642856874,105.8311996459961,133.70206773429544,27.870868088299346,732.2387312916085,6958.650424473577,False,False
2531,31,"[47, 38]",-16.381494522094727,-73.68187713623047,0.1694064736366272,47,38,5.162344539056566,106.67201232910156,134.50265108574388,27.830638756642315,690.6144542004354,6908.038828428267,False,False
2532,31,"[47, 38]",-16.399621963500977,-73.56163787841797,0.16915379464626312,47,38,5.0643841069459,107.52689361572266,135.30991636078477,27.783022745062112,650.6539178293792,6857.44077296931,False,False
2533,31,"[47, 38]",-16.41905975341797,-73.44316864013672,0.16882236301898956,47,38,4.967750329275004,108.397216796875,136.12366133170187,27.726444534826868,612.5918406729461,6806.739002328197,True,False
2534,32,"[46, 38]",-16.43977165222168,-73.3265380859375,0.16847693920135498,47,38,13.793906018393306,109.28424835205078,104.95744384817472,-4.326804503876076,8000.0,7493.890876767058,False,False
2535,32,"[46, 38]",-16.4632625579834,-73.20741271972656,0.16833075881004333,47,38,13.672756213834763,110.14911651611328,104.99118354071797,-5.157932975395312,8000.0,7391.458743579873,False,False
2536,32,"[46, 38]",-16.489469528198242,-73.08613586425781,0.16836987435817719,47,38,13.548829324014058,110.99235534667969,105.0167921091048,-5.975563237574875,8000.0,7289.054271860091,False,False
2537,32,"[46, 38]",-16.518327713012695,-72.96299743652344,0.1685226559638977,47,38,13.42241947091837,111.81452178955078,105.03400656905477,-6.7805152204959995,8000.0,7186.65491426171,False,False
2538,32,"[46, 38]",-16.54977035522461,-72.8382568359375,0.1687244325876236,47,38,13.293792656243097,112.61612701416016,105.04258480787364,-7.573542206286504,8000.0,7084.239274500275,False,False
2539,32,"[46, 38]",-16.5837345123291,-72.71215057373047,0.16897551715373993,47,38,13.163192701295806,113.39768981933594,105.04227538820582,-8.3554144311301,8000.0,6981.776930976441,False,False
2540,32,"[46, 38]",-16.620153427124023,-72.58490753173828,0.16915836930274963,47,38,13.030858008534372,114.15972137451172,105.03283339391214,-9.126887980599577,8000.0,6879.232643446855,False,False
2541,32,"[46, 38]",-16.658966064453125,-72.45671844482422,0.16928456723690033,47,38,12.896989655423459,114.90269470214844,105.01401627233821,-9.888678429810227,8000.0,6776.570256546945,False,False
2542,32,"[46, 38]",-16.700109481811523,-72.3277587890625,0.16936425864696503,47,38,12.761775511006999,115.62710571289062,104.9855914759102,-10.641514236980413,8000.0,6673.7459093390335,False,False
2543,32,"[46, 38]",-16.74352264404297,-72.19818878173828,0.16940633952617645,47,38,12.625389274188207,116.33340454101562,104.94732130566317,-11.386083235352459,8000.0,6570.715538164755,False,False
2544,32,"[46, 38]",-16.789140701293945,-72.06814575195312,0.16941852867603302,47,38,12.487984598263699,117.02203369140625,104.89899794172857,-12.123035749677683,8000.0,6467.434954590423,False,False
2545,32,"[46, 38]",-16.8369083404541,-71.93775939941406,0.16940753161907196,47,38,12.349706406428762,117.6934585571289,104.84036780632205,-12.85309075080687,8000.0,6363.845158997461,False,False
2546,32,"[46, 38]",-16.886762619018555,-71.80714416503906,0.16937914490699768,47,38,12.210687954589462,118.34809112548828,104.77121682115288,-13.576874304335405,8000.0,6259.8952189031925,False,False
2547,32,"[46, 38]",-16.938648223876953,-71.67640686035156,0.16927950084209442,47,38,12.07105429801543,118.98635864257812,104.69129411810214,-14.295064524476004,8000.0,6155.522001524636,False,False
2548,32,"[46, 38]",-16.992509841918945,-71.54563903808594,0.16923634707927704,47,38,11.930916890529764,119.60865783691406,104.60035528948018,-15.008302547433885,8000.0,6014.519449080134,False,False
2549,32,"[46, 38]",-17.048288345336914,-71.41493225097656,0.16924670338630676,47,38,11.790389305983867,120.21540832519531,104.49816256343584,-15.717245761759472,8000.0,5835.954897542096,False,False
2550,32,"[46, 38]",-17.10593032836914,-71.28433990478516,0.1693664938211441,47,38,11.649547903287072,120.80696868896484,104.38448740613576,-16.422481282829096,8000.0,5657.132355770603,False,False
2551,32,"[46, 38]",-17.16538429260254,-71.15394592285156,0.16952821612358093,47,38,11.508499287853367,121.38375091552734,104.25904426309904,-17.1247066524283,8000.0,5478.054397219933,False,False
2552,32,"[46, 38]",-17.22659683227539,-71.0238037109375,0.16972966492176056,47,38,11.367322173142815,121.94610595703125,104.12158321101795,-17.824522746013315,8000.0,5298.71909544401,False,False
2553,32,"[46, 38]",-17.289518356323242,-70.89396667480469,0.16996867954730988,47,38,11.226095521260442,122.4944076538086,103.97182540619912,-18.522582247609478,8000.0,5119.112701490543,False,False
2554,32,"[46, 38]",-17.35409927368164,-70.76447296142578,0.17024308443069458,47,38,11.084884699030422,123.02898406982422,103.80949999270952,-19.219484077114714,8000.0,4939.218812326,False,False
2555,32,"[46, 38]",-17.420291900634766,-70.6353759765625,0.17055071890354156,47,38,10.943770650044405,123.5501937866211,103.63429696027465,-19.915896826346454,8000.0,4759.014616620683,False,False
2556,32,"[46, 38]",-17.488048553466797,-70.50669860839844,0.1708306223154068,47,38,10.802805918716762,124.0583724975586,103.44593291636372,-20.612439581194877,8000.0,4578.466941721101,False,False
2557,32,"[46, 38]",-17.55732536315918,-70.37848663330078,0.17108657956123352,47,38,10.66206566191882,124.55381774902344,103.24406535631542,-21.30975239270802,8000.0,4397.547626432868,False,False
2558,32,"[46, 38]",-17.628074645996094,-70.2507553100586,0.1712629646062851,47,38,10.521597517091262,125.03689575195312,103.02839765348898,-22.008498098464145,8000.0,4216.2078530710105,False,False
2559,32,"[46, 38]",-17.70025634765625,-70.12353515625,0.17136837542057037,47,38,10.381463525261026,125.50787353515625,102.79856247155378,-22.709311063602456,8000.0,4034.4076740303412,False,False
2560,32,"[46, 38]",-17.773828506469727,-69.99684143066406,0.17141036689281464,47,38,10.241712655042042,125.96707916259766,102.55420841837204,-23.412870744225614,8000.0,3852.0906476903933,False,False
2561,32,"[46, 38]",-17.84874725341797,-69.87068939208984,0.17139554023742676,47,38,10.102395629492626,126.41478729248047,102.29498186180184,-24.11980543067864,8000.0,3669.2068281420884,False,False
2562,32,"[46, 38]",-17.92497444152832,-69.74510955810547,0.17132967710494995,47,38,9.963578241163626,126.85130310058594,102.02046648935715,-24.83083661122879,8000.0,3485.696224666213,False,False
2563,32,"[46, 38]",-18.002471923828125,-69.6200942993164,0.17127661406993866,47,38,9.825290466079611,127.27689361572266,101.73027782934693,-25.546615786375725,8000.0,3301.4900772959904,False,False
2564,32,"[46, 38]",-18.081199645996094,-69.49566650390625,0.1714112013578415,47,38,9.687593981579361,127.69182586669922,101.42399148828346,-26.267834378415756,8000.0,3116.526575394491,False,False
2565,32,"[46, 38]",-18.161123275756836,-69.37183380126953,0.17153780162334442,47,38,9.550535922427672,128.09637451171875,101.1011540468935,-26.995220464825252,8000.0,2930.72857066899,False,False
2566,32,"[46, 38]",-18.242206573486328,-69.24859619140625,0.17165665328502655,47,38,9.414157914651149,128.49081420898438,100.76131631683278,-27.729497892151585,8000.0,2744.0148664324697,False,False
2567,32,"[46, 38]",-18.32441520690918,-69.1259536743164,0.17170903086662292,47,38,9.278502835296562,128.87538146972656,100.40400173417525,-28.471379735551295,8000.0,2556.3047423498665,False,False
2568,32,"[46, 38]",-18.40771484375,-69.00392150878906,0.17170079052448273,47,38,9.143630272230412,129.25030517578125,100.02870046363849,-29.221604712142778,8000.0,2367.51931933338,False,False
2569,32,"[46, 38]",-18.492074966430664,-68.88249969482422,0.17163702845573425,47,38,9.009585935847298,129.61585998535156,99.63487995293674,-29.980980032414834,8000.0,2177.5597539565833,False,False
2570,32,"[46, 38]",-18.577465057373047,-68.76167297363281,0.17152222990989685,47,38,8.876402365817038,129.97225952148438,99.222005520557,-30.750254000927384,8000.0,1986.3290771507613,False,False
2571,32,"[46, 38]",-18.663850784301758,-68.64146423339844,0.17141911387443542,47,38,8.744152264440245,130.3197479248047,98.78950913363809,-31.530238791166596,8000.0,1793.7366465558562,False,False
2572,32,"[46, 38]",-18.751205444335938,-68.5218505859375,0.17132514715194702,47,38,8.61286394013626,130.65853881835938,98.336803739232,-32.32173507912739,8000.0,1599.671300930666,False,False
2573,32,"[46, 38]",-18.83949851989746,-68.40284729003906,0.1711791753768921,47,38,8.482606101018542,130.98883056640625,97.8632701434686,-33.12556042293767,8000.0,1404.035990507747,False,False
2574,32,"[46, 38]",-18.928390502929688,-68.28480529785156,0.17102567851543427,47,38,8.353822223241323,131.30670166015625,97.37008124462133,-33.93662041553492,8000.0,1207.9075591474984,False,False
2575,32,"[46, 38]",-19.01723861694336,-68.16841888427734,0.17082712054252625,47,38,8.227325628966325,131.60394287109375,96.86041305190113,-34.74352981919262,8000.0,1013.6075744657251,False,False
2576,32,"[46, 38]",-19.105459213256836,-68.0542984008789,0.1706090122461319,47,38,8.103821687916607,131.8726348876953,96.33751265731453,-35.53512223038078,8000.0,823.381736591115,False,False
2577,32,"[46, 38]",-19.192533493041992,-67.9429702758789,0.17027755081653595,47,38,7.9839074996742525,132.10525512695312,95.80463370692969,-36.30062142002345,8000.0,639.3674899224316,False,False
2578,32,"[46, 38]",-19.277996063232422,-67.83486938476562,0.16986724734306335,47,38,7.868066341932151,132.294677734375,95.26508732880578,-37.02959040556922,8000.0,463.5970083258753,False,False
2579,32,"[46, 38]",-19.3614501953125,-67.7303466796875,0.16946962475776672,47,38,7.75667490882672,132.4344024658203,94.72208259217358,-37.71231987364672,8000.0,297.93011167762506,False,False
2580,32,"[46, 38]",-19.442562103271484,-67.62967681884766,0.1691102385520935,47,38,7.650013422783674,132.51846313476562,94.17870779937417,-38.33975533539146,8000.0,144.06745905864318,False,False
2581,32,"[46, 38]",-19.52106285095215,-67.5330581665039,0.16887320578098297,47,38,7.548267757086341,132.5415802001953,93.63785759811933,-38.90372260207599,8000.0,3.509158890858089,False,False
2582,32,"[46, 38]",-19.59674835205078,-67.44059753417969,0.16866040229797363,47,38,7.451516862841727,132.49916076660156,93.10217506867012,-39.39698569793143,8000.0,-122.46347035158942,False,False
2583,32,"[46, 38]",-19.669475555419922,-67.35234832763672,0.16844519972801208,47,38,7.359773932626424,132.3874053955078,92.57399581306807,-39.81340958243976,8000.0,-232.80108112120433,False,False
2584,32,"[46, 38]",-19.739166259765625,-67.26828002929688,0.1682654470205307,47,38,7.272958739352261,132.20323181152344,92.0552678046553,-40.147964006868136,8000.0,-326.70041550843325,False,False
2585,32,"[46, 38]",-19.805801391601562,-67.18832397460938,0.16821707785129547,47,38,7.190946715380931,131.9444122314453,91.5475171815384,-40.3968950499069,8000.0,-403.61462208192825,False,False
2586,32,"[46, 38]",-19.869415283203125,-67.1123275756836,0.1682720184326172,47,38,7.1135262642440695,131.6094512939453,91.05185152186745,-40.55759977207788,8000.0,-463.24963458094726,False,False
2587,32,"[46, 38]",-19.93009376525879,-67.04010772705078,0.16840822994709015,47,38,7.04045479284796,131.19766235351562,90.56891183126695,-40.62875052224868,8000.0,-505.5620749941859,False,False
2588,32,"[46, 38]",-19.98797035217285,-66.9714126586914,0.1684914231300354,47,38,6.971423037672411,130.7091522216797,90.0988676756307,-40.610284546049,8000.0,-530.7709526473664,False,False
2589,32,"[46, 38]",-20.043216705322266,-66.90596008300781,0.16846267879009247,47,38,6.906095304274057,130.1447296142578,89.64145427027084,-40.50327534398696,8000.0,-539.3170385906633,False,False
2590,32,"[46, 38]",-20.096036911010742,-66.84343719482422,0.16833080351352692,47,38,6.844111025383797,129.50592041015625,89.19599634684825,-40.30992406330802,8000.0,-531.8581846429024,False,False
2591,32,"[46, 38]",-20.146663665771484,-66.78347778320312,0.16810652613639832,47,38,6.785063084899646,128.79493713378906,88.76141703166344,-40.033520102125635,8000.0,-509.2682031424474,False,False
2592,32,"[46, 38]",-20.195343017578125,-66.7257080078125,0.1678609848022461,47,38,6.728544203679554,128.01454162597656,88.33635583317407,-39.67818579280248,8000.0,-472.5704383084585,False,False
2593,32,"[46, 38]",-20.24233627319336,-66.66972351074219,0.1677195131778717,47,38,6.674124555254593,127.1680908203125,87.91914305102189,-39.24894776929062,8000.0,-422.9549570754125,False,False
2594,32,"[46, 38]",-20.287906646728516,-66.61509704589844,0.16779714822769165,47,38,6.6213593139086395,126.25936126708984,87.50790776532213,-38.75145350176771,8000.0,-361.72294656236363,False,False
2595,32,"[46, 38]",-20.332311630249023,-66.5614013671875,0.16796435415744781,47,38,6.5698111784836515,125.29258728027344,87.10064996772033,-38.19193731255311,8000.0,-290.2669843800968,False,False
2596,32,"[46, 38]",-20.37579917907715,-66.50819396972656,0.16834165155887604,47,38,6.519034726903996,124.27232360839844,86.69526991985887,-37.577053688539564,8000.0,-210.0449775349307,False,False
2597,32,"[46, 38]",-20.41860580444336,-66.45502471923828,0.16886283457279205,47,38,6.468583689300999,123.20339965820312,86.28958684538321,-36.91381281281991,8000.0,-122.56185882508498,False,False
2598,32,"[46, 38]",-20.4609375,-66.4014663696289,0.16946980357170105,47,38,6.4180398144913475,122.09081268310547,85.88152605994006,-36.20928662316541,8000.0,-29.304417481642304,False,False
2599,32,"[46, 38]",-20.50298500061035,-66.34709167480469,0.17005285620689392,47,38,6.366990391010023,120.93970489501953,85.4689773294916,-35.47072756552794,7992.469840574292,68.23324414068884,False,False
2600,32,"[46, 38]",-20.544898986816406,-66.2914810180664,0.1706320196390152,47,38,6.315033515866994,119.75529479980469,85.05002099282055,-34.70527380698414,7921.835883786041,168.60329833938158,False,False
2601,32,"[46, 38]",-20.586807250976562,-66.23423767089844,0.17116747796535492,47,38,6.261793839392019,118.54276275634766,84.62278924967612,-33.91997350667154,7848.204280994489,270.409466521975,False,False
2602,32,"[46, 38]",-20.628801345825195,-66.17500305175781,0.17156541347503662,47,38,6.2069359447097465,117.30722045898438,84.18560542769143,-33.12161503129295,7771.781986537937,372.34216734937263,False,False
2603,32,"[46, 38]",-20.67093849182129,-66.11341857910156,0.17185965180397034,47,38,6.150125623360193,116.0536880493164,83.73693976374878,-32.31674828556763,7692.789362965474,473.15850061170977,False,False
2604,32,"[46, 38]",-20.713245391845703,-66.04917907714844,0.17208106815814972,47,38,6.091082538958042,114.78697967529297,83.2754282660842,-31.511551409208778,7611.475382556899,571.727228929351,False,False
2605,32,"[46, 38]",-20.75571632385254,-65.98201751708984,0.1723165661096573,47,38,6.029563892762638,113.51168823242188,82.79988904661106,-30.711799185810833,7528.107488827882,667.0256967803575,False,False
2606,32,"[46, 38]",-20.79831314086914,-65.91168975830078,0.17258569598197937,47,38,5.965348243755993,112.232177734375,82.30931517727193,-29.922862557103088,7442.9625775724,758.1309200597134,False,False
2607,32,"[46, 38]",-20.84097671508789,-65.8379898071289,0.17290601134300232,47,38,5.898251166529027,110.95250701904297,81.80279276212936,-29.149714256913626,7356.3326516795105,844.2239822564707,False,False
2608,32,"[46, 38]",-20.88361930847168,-65.76077270507812,0.17323429882526398,47,38,5.828145952348578,109.6764144897461,81.27961980677085,-28.39679468297524,7268.5226543944245,924.6178322409869,False,False
2609,32,"[46, 38]",-20.926136016845703,-65.6799087524414,0.17364896833896637,47,38,5.7549188836819685,108.40728759765625,80.73915020366547,-27.668137393990776,7179.835254181479,998.714032814406,False,False
2610,32,"[46, 38]",-20.968400955200195,-65.5953369140625,0.17410242557525635,47,38,5.678520546049218,107.14817810058594,80.18092545918084,-26.967252641405082,7090.583534736196,1066.0414699725943,False,False
2611,32,"[46, 38]",-21.010278701782227,-65.50701141357422,0.17461000382900238,47,38,5.5989139808101624,105.90174102783203,79.60449945706642,-26.297241570765607,7001.071211343349,1126.2110564353784,False,False
2612,32,"[46, 38]",-21.051624298095703,-65.41494750976562,0.17512589693069458,47,38,5.51611912469829,104.67028045654297,79.00953208939205,-25.660748367150916,6911.607085918215,1178.9408775016732,False,False
2613,32,"[46, 38]",-21.092287063598633,-65.31918334960938,0.175725519657135,47,38,5.430175184657171,103.45569610595703,78.39570514114423,-25.059990964812812,6822.485825516496,1224.030108959516,False,False
2614,32,"[46, 38]",-21.132110595703125,-65.21981048583984,0.17612287402153015,47,38,5.341169900778936,102.25952911376953,77.76280342312874,-24.4967256906408,6733.9961495490825,1261.3751030266649,False,False
2615,32,"[46, 38]",-21.170944213867188,-65.11693572998047,0.1764122098684311,47,38,5.249203903139961,101.08293151855469,77.11053872958988,-23.97239278896481,6646.411865172215,1290.9279131878025,False,False
2616,32,"[46, 38]",-21.20863914489746,-65.0107192993164,0.17661821842193604,47,38,5.154426881731893,99.92669677734375,76.438694367465,-23.48800240987873,6559.997956593057,1312.7278539531007,False,False
2617,32,"[46, 38]",-21.245052337646484,-64.90132141113281,0.1767617017030716,46,38,5.056985950020815,98.79125213623047,75.7469771004241,-23.04427503580638,6474.993937623593,1326.8534818161625,False,False
2618,32,"[46, 38]",-21.280048370361328,-64.7889633178711,0.17680110037326813,46,38,4.957085180867846,97.67669677734375,75.035173633194,-22.641523144149744,6391.631650487892,1333.4668308794217,True,False
2619,33,"[45, 38]",-21.31350326538086,-64.67385864257812,0.1766974776983261,46,38,14.732529256394875,96.58279418945312,84.8849071352248,-11.697887054228318,8000.0,6527.175780954852,False,False
2620,33,"[45, 38]",-21.345396041870117,-64.55542755126953,0.17668592929840088,46,38,14.617474532549593,95.51624298095703,84.71900779108823,-10.797235189868786,8000.0,6652.307586700289,False,False
2621,33,"[45, 38]",-21.375608444213867,-64.43396759033203,0.1767655313014984,46,38,14.499369606660421,94.47635650634766,84.55595105777888,-9.920405448568772,8000.0,6772.264335157478,False,False
2622,33,"[45, 38]",-21.404037475585938,-64.30976867675781,0.17699410021305084,46,38,14.378483953990727,93.46247100830078,84.39622300530235,-9.066248002998435,8000.0,6887.344807680627,False,False
2623,33,"[45, 38]",-21.430599212646484,-64.1830825805664,0.17742350697517395,46,38,14.255049827846655,92.47393035888672,84.24025059790836,-8.233679760978362,8000.0,6997.826898210069,False,False
2624,33,"[45, 38]",-21.455223083496094,-64.05414581298828,0.17804138362407684,46,38,14.129284792779709,91.5101089477539,84.08842996424454,-7.421678983509366,8000.0,7103.969372995258,False,False
2625,33,"[45, 38]",-21.47785186767578,-63.92317581176758,0.17871883511543274,46,38,14.001388175041166,90.57038116455078,83.94112267221773,-6.629258492333065,8000.0,7206.016259942105,False,False
2626,33,"[45, 38]",-21.498443603515625,-63.790374755859375,0.1793396770954132,46,38,13.871545304686151,89.65414428710938,83.79864701066799,-5.855497276441383,8000.0,7304.193540241363,False,False
2627,33,"[45, 38]",-21.51696014404297,-63.65591812133789,0.17991676926612854,46,38,13.739915131299009,88.76080322265625,83.6613172390041,-5.09948598365213,8000.0,7398.716851255065,False,False
2628,33,"[45, 38]",-21.533376693725586,-63.519981384277344,0.18046140670776367,46,38,13.606657955430007,87.8897933959961,83.52941463357864,-4.36037876241744,8000.0,7489.785550551862,False,False
2629,33,"[45, 38]",-21.547679901123047,-63.38271713256836,0.18092472851276398,46,38,13.471912667720161,87.04056549072266,83.40318254527035,-3.637382945452316,8000.0,7577.584809121532,False,False
2630,33,"[45, 38]",-21.559856414794922,-63.2442626953125,0.18114493787288666,46,38,13.335803177057734,86.21255493164062,83.2828758117414,-2.9296791198992196,8000.0,7662.295830405045,False,False
2631,33,"[45, 38]",-21.569908142089844,-63.104759216308594,0.18115262687206268,46,38,13.198459216591345,85.40524291992188,83.16870442439648,-2.2365384955253944,8000.0,7744.082113477136,False,False
2632,33,"[45, 38]",-21.577835083007812,-62.964317321777344,0.1809162050485611,46,38,13.059980366329283,84.61810302734375,83.06088761777104,-1.5572154095727058,8000.0,7823.1028598023295,False,False
2633,33,"[45, 38]",-21.58364486694336,-62.823055267333984,0.18040703237056732,46,38,12.920475124920827,83.85063171386719,82.95963149413848,-0.8910002197287099,8000.0,7899.5070192796675,False,False
2634,33,"[45, 38]",-21.587352752685547,-62.68107223510742,0.17965786159038544,46,38,12.780034498915514,83.10235595703125,82.86511342592195,-0.2372425311093025,8000.0,7973.4311746487565,False,False
2635,33,"[45, 38]",-21.58897590637207,-62.53846740722656,0.17899185419082642,46,38,12.638750308203488,82.37276458740234,82.77751601563901,0.4047514282366649,7954.589218116981,8000.0,False,False
2636,33,"[45, 38]",-21.58853530883789,-62.395320892333984,0.178640678524971,46,38,12.496696541540729,81.66142272949219,82.6970072371262,1.035584507634013,7883.017405929603,8000.0,False,False
2637,33,"[45, 38]",-21.5860538482666,-62.2517204284668,0.17857725918293,46,38,12.353955652620416,80.96784973144531,82.62376331052297,1.6559135790776622,7811.691805904593,8000.0,False,False
2638,33,"[45, 38]",-21.581558227539062,-62.107730865478516,0.1787182092666626,46,38,12.210588566402423,80.29161834716797,82.55794163829381,2.2663232911258433,7740.591744653044,8000.0,False,False
2639,33,"[45, 38]",-21.575075149536133,-61.96342849731445,0.17910577356815338,46,38,12.06666826995098,79.63229370117188,82.4997179735892,2.867424272417338,7669.689319057166,8000.0,False,False
2640,33,"[45, 38]",-21.566633224487305,-61.81886672973633,0.17960134148597717,46,38,11.922246031488184,78.98944854736328,82.44925669610895,3.459808148745651,7556.914767827535,8000.0,False,False
2641,33,"[45, 38]",-21.55626678466797,-61.674102783203125,0.1799623668193817,46,38,11.777378405139734,78.3626708984375,82.40670807503601,4.044037176598522,7408.071388107496,8000.0,False,False
2642,33,"[45, 38]",-21.544004440307617,-61.52919006347656,0.180146723985672,46,38,11.6321181747546,77.75155639648438,82.37225805509156,4.6207016586071745,7259.239699025465,8000.0,False,False
2643,33,"[45, 38]",-21.529882431030273,-61.38417434692383,0.18017511069774628,46,38,11.486512343350075,77.15572357177734,82.34606158312073,5.1903380113433855,7110.432340052109,8000.0,False,False
2644,33,"[45, 38]",-21.513933181762695,-61.23910140991211,0.18012461066246033,46,38,11.340608192735099,76.57478332519531,82.32830268329948,5.753519358104171,6961.653351853782,8000.0,False,False
2645,33,"[45, 38]",-21.49619483947754,-61.09400939941406,0.17994679510593414,46,38,11.194446996255186,76.00836944580078,82.31914244995896,6.310773004158193,6812.9052149672225,8000.0,False,False
2646,33,"[45, 38]",-21.476699829101562,-60.948936462402344,0.17959778010845184,46,38,11.048070059652598,75.45611572265625,82.31878130771055,6.8626655850542875,6664.181752203991,8000.0,False,False
2647,33,"[45, 38]",-21.455486297607422,-60.80391311645508,0.17921428382396698,46,38,10.901512692761177,74.91767120361328,82.32739639546415,7.4097251918508675,6515.474878895199,8000.0,False,False
2648,33,"[45, 38]",-21.43259048461914,-60.658973693847656,0.17886021733283997,46,38,10.754814535953544,74.39269256591797,82.34518812667119,7.952495560753221,6366.773555103998,8000.0,False,False
2649,33,"[45, 38]",-21.40804672241211,-60.51414489746094,0.17853406071662903,46,38,10.608008224794103,73.88084411621094,82.37237326865423,8.491529152443292,6218.0587086341275,8000.0,False,False
2650,33,"[45, 38]",-21.381895065307617,-60.36945343017578,0.17829303443431854,46,38,10.461127970353187,73.38179016113281,82.40914999224277,9.027359831109948,6069.311580477505,8000.0,False,False
2651,33,"[45, 38]",-21.354167938232422,-60.224918365478516,0.17812952399253845,46,38,10.314200230053538,72.89522552490234,82.45576420295734,9.560538678054996,5920.504263920266,8000.0,False,False
2652,33,"[45, 38]",-21.324901580810547,-60.080562591552734,0.17809532582759857,46,38,10.167256579876732,72.42082977294922,82.51245736944223,10.091627596493026,5771.6075419110975,8000.0,False,False
2653,33,"[45, 38]",-21.29413414001465,-59.93640899658203,0.17817796766757965,46,38,10.020329681188528,71.95829010009766,82.57947379086036,10.621183690762706,5622.590928854495,7995.386139900031,False,False
2654,33,"[45, 38]",-21.261898040771484,-59.79246520996094,0.17830723524093628,46,38,9.873437170185376,71.50733947753906,82.65709305810755,11.149753580568472,5473.415048448169,7964.293906265088,False,False
2655,33,"[45, 38]",-21.228229522705078,-59.64875793457031,0.17847855389118195,46,38,9.726616957626012,71.06765747070312,82.74560288332393,11.6779454126208,5324.040857756227,7932.918903431757,False,False
2656,33,"[45, 38]",-21.19316291809082,-59.50529098510742,0.1786288321018219,46,38,9.57988488765243,70.63897705078125,82.84530119416385,12.206324143382602,5174.421315613357,7901.340302719955,False,False
2657,33,"[45, 38]",-21.156728744506836,-59.36207580566406,0.17870108783245087,46,38,9.433264799599806,70.22103118896484,82.95653202933866,12.735500840373817,5024.505444752537,7869.643640656895,False,False
2658,33,"[45, 38]",-21.11896514892578,-59.21913146972656,0.1787026822566986,46,38,9.286789976122705,69.81354522705078,83.07961838423795,13.26607315718718,4874.247226070621,7837.916415233572,False,False
2659,33,"[45, 38]",-21.07990074157715,-59.07646179199219,0.17864003777503967,46,38,9.140478339406144,69.41625213623047,83.21494944058146,13.79869730435098,4723.5827075858615,7806.2412733073415,False,False
2660,33,"[45, 38]",-21.03957176208496,-58.93407440185547,0.17851878702640533,46,38,8.994353499080052,69.0289077758789,83.36289219942373,14.33398442354482,4572.4554969893115,7774.698352930925,False,False
2661,33,"[45, 38]",-20.998004913330078,-58.7919807434082,0.1783437877893448,46,38,8.848442755620429,68.65125274658203,83.52389934176875,14.872646595186723,4420.795539029259,7743.376679144876,False,False
2662,33,"[45, 38]",-20.955236434936523,-58.650184631347656,0.1781780868768692,46,38,8.702767996622304,68.2830581665039,83.69838261201575,15.415324445511828,4268.538358756306,7712.354894274394,False,False
2663,33,"[45, 38]",-20.911293029785156,-58.50869369506836,0.1779606193304062,46,38,8.55735492910228,67.924072265625,83.88684465284582,15.96277238722081,4115.604110667367,7681.721690231378,False,False
2664,33,"[45, 38]",-20.866207122802734,-58.36750793457031,0.17769508063793182,46,38,8.412223476269002,67.57408905029297,84.0897746363611,16.515685586068116,3961.9168610626602,7651.556434836202,False,False
2665,33,"[45, 38]",-20.820005416870117,-58.22663116455078,0.17738467454910278,46,38,8.267397970416962,67.23286437988281,84.30773418396824,17.074869804085438,3807.3860321855927,7621.948559297914,False,False
2666,33,"[45, 38]",-20.772716522216797,-58.08607482910156,0.17709092795848846,46,38,8.122911852626292,66.90018463134766,84.54131180431888,17.64112717297121,3651.9249134400998,7592.990550961851,False,False
2667,33,"[45, 38]",-20.72437286376953,-57.945831298828125,0.17686906456947327,46,38,7.978781302630266,66.5758285522461,84.79109236694363,18.21526381469755,3495.4360545681143,7564.7650489470525,False,False
2668,33,"[45, 38]",-20.674997329711914,-57.805912017822266,0.17682740092277527,46,38,7.8350420436076975,66.25959777832031,85.05778030795405,18.79818252963372,3337.817037741871,7537.371322964079,False,False
2669,33,"[45, 38]",-20.624618530273438,-57.66630935668945,0.17694568634033203,46,38,7.6917129081125495,65.95130157470703,85.34207043856838,19.390768863861354,3178.958010129588,7510.897353074622,False,False
2670,33,"[45, 38]",-20.573261260986328,-57.52703094482422,0.17720554769039154,46,38,7.548829268018254,65.65071868896484,85.64474151961879,19.994022830653932,3018.7399075171356,7485.447480174131,False,False
2671,33,"[45, 38]",-20.520952224731445,-57.38807678222656,0.17753155529499054,46,38,7.406420846841465,65.357666015625,85.96660364585803,20.608937630233015,2857.040516511473,7461.121373928738,False,False
2672,33,"[45, 38]",-20.467716217041016,-57.24943923950195,0.17785575985908508,46,38,7.264511528445242,65.07195281982422,86.30853168858232,21.2365788687581,2693.7229909478247,7438.02024687463,False,False
2673,33,"[45, 38]",-20.413576126098633,-57.111122131347656,0.1781756728887558,46,38,7.123138576429717,64.79340362548828,86.67148124392386,21.878077618435583,2528.6465245994655,7416.255976741297,False,False
2674,33,"[45, 38]",-20.358556747436523,-56.973121643066406,0.1784302145242691,46,38,6.982334021667352,64.52183532714844,87.05645302865376,22.53461770150534,2361.6587108272597,7395.940625316411,False,False
2675,33,"[45, 38]",-20.30267906188965,-56.83544158935547,0.17856431007385254,46,38,6.842139748353348,64.25707244873047,87.46455133234102,23.20747888361055,2192.596723656369,7377.197269013963,False,False
2676,33,"[45, 38]",-20.2459659576416,-56.69807434082031,0.1785283088684082,46,38,6.702588986911998,63.99893569946289,87.89693560052011,23.897999901057233,2021.283379609817,7360.147800918334,False,False
2677,33,"[45, 38]",-20.188440322875977,-56.56101989746094,0.17833630740642548,46,38,6.563725455117995,63.74728012084961,88.35484908851876,24.607568967669152,1847.5380544504246,7344.921726737259,False,False
2678,33,"[45, 38]",-20.130123138427734,-56.424278259277344,0.17800083756446838,46,38,6.425595939971469,63.50192642211914,88.83963816155583,25.337711739436685,1671.1597989589036,7331.658932071093,False,False
2679,33,"[45, 38]",-20.071033477783203,-56.287841796875,0.17753314971923828,46,38,6.288243015142958,63.262718200683594,89.35275958113566,26.090041380452078,1491.9309892481378,7320.502177349967,False,False
2680,33,"[45, 38]",-20.011213302612305,-56.15174865722656,0.1770588606595993,46,38,6.1517588769265235,63.02985763549805,89.89556234522264,26.865704709724582,1309.7262791775133,7311.582318259003,False,False
2681,33,"[45, 38]",-19.951087951660156,-56.016807556152344,0.176588773727417,46,38,6.017006361658988,62.811100006103516,90.46576065140954,27.654660645306024,1126.4698350910176,7304.580321904327,False,False
2682,33,"[45, 38]",-19.89105224609375,-55.88373565673828,0.17613264918327332,46,38,5.884744250301339,62.61403274536133,91.0608112888666,28.446778543505275,944.05678099856,7299.128104772564,False,False
2683,33,"[45, 38]",-19.83147430419922,-55.7531852722168,0.17581745982170105,46,38,5.755653019996723,62.44605255126953,91.67786197236794,29.231809421098404,764.3688416389,7294.817746773808,False,False
2684,33,"[45, 38]",-19.77268409729004,-55.62571334838867,0.17558202147483826,46,38,5.63030400581206,62.31421661376953,92.31386844232894,29.999651828559422,589.2179025784872,7291.204447990319,False,False
2685,33,"[45, 38]",-19.71497917175293,-55.501800537109375,0.17525514960289001,46,38,5.509178343698055,62.2252311706543,92.96555734209076,30.740326171436465,420.35683437263924,7287.811616178069,False,False
2686,33,"[45, 38]",-19.65862274169922,-55.3818473815918,0.17486116290092468,46,38,5.392663504357697,62.18535232543945,93.62947984615255,31.444127520713096,259.45243865289603,7284.137951016481,False,False
2687,33,"[45, 38]",-19.603843688964844,-55.26616668701172,0.1744242161512375,46,38,5.28104643022242,62.20034408569336,94.30206907951526,32.101724993821904,108.06487567069871,7279.659073583641,False,False
2688,33,"[45, 38]",-19.550832748413086,-55.155006408691406,0.1740862876176834,46,38,5.17453788212509,62.2754020690918,94.97973289031542,32.70433082122361,-32.36909325626311,7273.848538638943,False,False
2689,33,"[45, 38]",-19.499738693237305,-55.048526763916016,0.17386052012443542,46,38,5.073251803431428,62.41511154174805,95.6589969226032,33.24388538085515,-160.57597260466082,7266.179304854942,False,False
2690,33,"[45, 38]",-19.45067596435547,-54.94682312011719,0.17376196384429932,45,38,4.977229739309081,62.6234245300293,96.33649650235232,33.71307197232301,-275.4385022651518,7256.134065784194,True,False
2691,34,"[44, 38]",-19.403722763061523,-54.849910736083984,0.1736900806427002,45,38,14.861877250635377,62.903621673583984,92.29939602723746,29.39577435365348,3686.4605975577765,8000.0,False,False
2692,34,"[44, 38]",-19.354679107666016,-54.749385833740234,0.1741165667772293,45,38,14.763496250096718,63.176822662353516,92.50522958547782,29.328406923124305,3698.5977605744506,8000.0,False,False
2693,34,"[44, 38]",-19.303823471069336,-54.64558029174805,0.1749286949634552,45,38,14.66211730417789,63.443199157714844,92.72150188414926,29.27830272643442,3707.6184640355777,8000.0,False,False
2694,34,"[44, 38]",-19.251394271850586,-54.538795471191406,0.1757310926914215,45,38,14.558055649342528,63.70292282104492,92.94756903075898,29.244646209714062,3713.674949598176,8000.0,False,False
2695,34,"[44, 38]",-19.19761085510254,-54.429298400878906,0.17640328407287598,45,38,14.45159093945908,63.956172943115234,93.18284439289086,29.22667144977561,3716.9085185502713,8000.0,False,False
2696,34,"[44, 38]",-19.142669677734375,-54.31732940673828,0.17689576745033264,45,38,14.342975166349861,64.20309448242188,93.42681392480965,29.22371944238779,3717.439504152911,8000.0,False,False
2697,34,"[44, 38]",-19.086740493774414,-54.20311737060547,0.1772228628396988,45,38,14.232448347663384,64.44384765625,93.6790500844798,29.235202428229798,3715.3739240736645,8000.0,False,False
2698,34,"[44, 38]",-19.029979705810547,-54.08685302734375,0.17722105979919434,45,38,14.12021131517242,64.6785888671875,93.93916747094768,29.260578603760166,3710.8082176535604,8000.0,False,False
2699,34,"[44, 38]",-18.97252655029297,-53.968719482421875,0.17691977322101593,45,38,14.006456570754978,64.90747833251953,94.20683270717899,29.29935437465946,3703.8289987359885,8000.0,False,False
2700,34,"[44, 38]",-18.91450309753418,-53.848880767822266,0.17640426754951477,45,38,13.891357098808609,65.1306381225586,94.48176949615778,29.351131373599173,3694.5047177151514,8000.0,False,False
2701,34,"[44, 38]",-18.85601806640625,-53.72748565673828,0.17575129866600037,45,38,13.775070131231425,65.34822845458984,94.76374446856788,29.41551601397805,3682.9020418492437,8000.0,False,False
2702,34,"[44, 38]",-18.797168731689453,-53.60466384887695,0.17497116327285767,45,38,13.657733395441756,65.56038665771484,95.05256292473278,29.492176267017953,3669.0757173046236,8000.0,False,False
2703,34,"[44, 38]",-18.738040924072266,-53.48053741455078,0.17413198947906494,45,38,13.539476714202063,65.76724243164062,95.3480670977567,29.580824666116087,3653.071687748547,8000.0,False,False
2704,34,"[44, 38]",-18.678712844848633,-53.355220794677734,0.1732950508594513,45,38,13.420421834687634,65.96891784667969,95.65012159847994,29.68120375180024,3634.929767603955,8000.0,False,False
2705,34,"[44, 38]",-18.61924934387207,-53.22880554199219,0.17257432639598846,45,38,13.300667969776592,66.16556549072266,95.95864591676552,29.793080426042877,3614.6847045216073,8000.0,False,False
2706,34,"[44, 38]",-18.55971336364746,-53.10139083862305,0.1720723658800125,45,38,13.180321221473005,66.35730743408203,96.27355496008816,29.916247526006146,3592.3659293591813,8000.0,False,False
2707,34,"[44, 38]",-18.500154495239258,-52.973052978515625,0.17194026708602905,45,38,13.059465537361174,66.54424285888672,96.59482269983056,30.05057984094384,3567.987405799991,8000.0,False,False
2708,34,"[44, 38]",-18.44061851501465,-52.84386444091797,0.17207874357700348,45,38,12.93818087647534,66.72650909423828,96.922435053214,30.19592595897572,3541.567234241793,8000.0,False,False
2709,34,"[44, 38]",-18.381149291992188,-52.713897705078125,0.17245729267597198,45,38,12.81654682315046,66.90422821044922,97.25637992336594,30.352151712916736,3513.1198109181855,8000.0,False,False
2710,34,"[44, 38]",-18.32177734375,-52.58320617675781,0.17293089628219604,45,38,12.694625200089476,67.0774917602539,97.596709514228,30.51921775397409,3482.6416721510736,8000.0,False,False
2711,34,"[44, 38]",-18.262537002563477,-52.45185089111328,0.17348673939704895,45,38,12.572484570759261,67.24642944335938,97.9434511894276,30.69702174606823,3450.140228864243,8000.0,False,False
2712,34,"[44, 38]",-18.203453063964844,-52.31987762451172,0.1739368587732315,45,38,12.450179339122863,67.41114044189453,98.29668100596423,30.885540564069686,3415.6078306752847,8000.0,False,False
2713,34,"[44, 38]",-18.144548416137695,-52.18733215332031,0.17422981560230255,45,38,12.327764014427444,67.57173156738281,98.65648211559022,31.08475054820741,3379.0362868626007,8000.0,False,False
2714,34,"[44, 38]",-18.08584213256836,-52.05426025390625,0.1743193119764328,45,38,12.205293548717066,67.72830963134766,99.02295368907465,31.294644057726998,3340.413830393296,8000.0,False,False
2715,34,"[44, 38]",-18.02735137939453,-51.920692443847656,0.17422254383563995,45,38,12.08280807267844,67.88096618652344,99.39621428230869,31.51524809578524,3299.7216544711982,8000.0,False,False
2716,34,"[44, 38]",-17.969091415405273,-51.78666687011719,0.17401377856731415,45,38,11.960355579417305,68.0298080444336,99.77638629164672,31.746578247213108,3238.6811782997293,8000.0,False,False
2717,34,"[44, 38]",-17.91107177734375,-51.65221405029297,0.17370101809501648,45,38,11.837977588813668,68.17491912841797,100.16362588291008,31.988706754492114,3137.6117115229,8000.0,False,False
2718,34,"[44, 38]",-17.85330581665039,-51.51736831665039,0.17329147458076477,45,38,11.715718879275368,68.31639862060547,100.55806948916023,32.24167086855476,3034.7720189298448,8000.0,False,False
2719,34,"[44, 38]",-17.795801162719727,-51.38214874267578,0.17285047471523285,45,38,11.5936104175819,68.454345703125,100.95989619734637,32.50555049422138,2930.1679374360997,8000.0,False,False
2720,34,"[44, 38]",-17.738561630249023,-51.246585845947266,0.17243675887584686,45,38,11.471695458407329,68.58883666992188,101.36929659870387,32.780459928781994,2823.804303594892,8000.0,False,False
2721,34,"[44, 38]",-17.681594848632812,-51.11069869995117,0.17204439640045166,45,38,11.350005640834837,68.71995544433594,101.78645689601369,33.066501451677766,2715.6825936529135,8000.0,False,False
2722,34,"[44, 38]",-17.624902725219727,-50.97450637817383,0.1717856228351593,45,38,11.22857414408645,68.8478012084961,102.21159583346893,33.363794624972854,2605.8015495950044,8000.0,False,False
2723,34,"[44, 38]",-17.568490982055664,-50.838035583496094,0.17170263826847076,45,38,11.107441263111507,68.9724349975586,102.64490937745997,33.67247437990136,2494.16003933741,8000.0,False,False
2724,34,"[44, 38]",-17.512357711791992,-50.7012939453125,0.17177458107471466,45,38,10.986630796475447,69.09394836425781,103.08665751420284,33.99270914994503,2380.7430506558894,8000.0,False,False
2725,34,"[44, 38]",-17.456504821777344,-50.56430435180664,0.17198272049427032,45,38,10.86618121325255,69.2124252319336,103.53706990498439,34.324644673050784,2265.5461366993163,8000.0,False,False
2726,34,"[44, 38]",-17.40093231201172,-50.42707443237305,0.17213377356529236,45,38,10.746117162258768,69.32792663574219,103.99640989667826,34.66848326093606,2148.5479734396686,8000.0,False,False
2727,34,"[44, 38]",-17.345640182495117,-50.28961944580078,0.172171488404274,45,38,10.626471398361081,69.44053649902344,104.46493840976757,35.02440191074413,2029.7353094826349,8000.0,False,False
2728,34,"[44, 38]",-17.290626525878906,-50.15195083618164,0.17216286063194275,45,38,10.507274166144143,69.55032348632812,104.94293794978098,35.392614463452844,1909.0867350822132,8000.0,False,False
2729,34,"[44, 38]",-17.235889434814453,-50.01408386230469,0.17210933566093445,45,38,10.388560189835815,69.65735626220703,105.43069285602974,35.773336593822705,1786.5822272131818,8000.0,False,False
2730,34,"[44, 38]",-17.181425094604492,-49.87602615356445,0.17201226949691772,45,38,10.270358176968044,69.76171112060547,105.92851585678758,36.166804736182115,1662.1950128257918,8000.0,False,False
2731,34,"[44, 38]",-17.127233505249023,-49.73778533935547,0.1718728095293045,45,38,10.152696718051322,69.86344909667969,106.4367077836016,36.57325868692192,1535.8973984650938,8000.0,False,False
2732,34,"[44, 38]",-17.07331085205078,-49.5993766784668,0.17169204354286194,45,38,10.035613682471837,69.96263122558594,106.95558565109766,36.992954425511726,1407.6624629842581,8000.0,False,False
2733,34,"[44, 38]",-17.01980972290039,-49.46123504638672,0.17145344614982605,45,38,9.919501131140384,70.0633316040039,107.48388321958102,37.4205516155771,1278.6483612337024,8000.0,False,False
2734,34,"[44, 38]",-16.96692657470703,-49.323936462402344,0.17113539576530457,45,38,9.804862342640734,70.17110443115234,108.01968959700785,37.848585165855525,1150.4504722481606,8000.0,False,False
2735,34,"[44, 38]",-16.914840698242188,-49.187992095947266,0.17077775299549103,45,38,9.692131172885157,70.29135131835938,108.56110721950215,38.26975590114279,1024.600234389779,8000.0,False,False
2736,34,"[44, 38]",-16.86370277404785,-49.0538444519043,0.1703583151102066,45,38,9.58167311322993,70.42919921875,109.10634265127706,38.67714343252706,902.5262029909445,8000.0,False,False
2737,34,"[44, 38]",-16.813650131225586,-48.921878814697266,0.16991691291332245,45,38,9.47379264446835,70.58951568603516,109.65362231153388,39.06410662549871,785.575099144502,8000.0,False,False
2738,34,"[44, 38]",-16.76479148864746,-48.79241943359375,0.16954948008060455,45,38,9.368735966402562,70.77681732177734,110.20130886731083,39.4244915455335,674.9738403453539,8000.0,False,False
2739,34,"[44, 38]",-16.717222213745117,-48.66572189331055,0.16922618448734283,45,38,9.266680415668292,70.99520874023438,110.7478575259461,39.75264878571173,571.8211186100543,8000.0,False,False
2740,34,"[44, 38]",-16.6710147857666,-48.541988372802734,0.16903944313526154,45,38,9.16775370075362,71.24840545654297,111.29186621656743,40.04346076002446,477.0896460124404,8000.0,False,False
2741,34,"[44, 38]",-16.626224517822266,-48.421348571777344,0.16895662248134613,45,38,9.072015915523954,71.53963470458984,111.83211341355627,40.29247870896643,391.592709896634,8000.0,False,False
2742,34,"[44, 38]",-16.5828857421875,-48.30387878417969,0.16895030438899994,45,38,8.979480648305612,71.87166595458984,112.36756807338924,40.49590211879939,315.9962889614744,8000.0,False,False
2743,34,"[44, 38]",-16.541019439697266,-48.18960952758789,0.1689978539943695,45,38,8.890120962670338,72.24674224853516,112.89735244771398,40.65061019917883,250.81542378458016,8000.0,False,False
2744,34,"[44, 38]",-16.500627517700195,-48.0785026550293,0.16902218759059906,45,38,8.803852163524356,72.66664123535156,113.42085821211226,40.75421697676069,196.3970480476455,8000.0,False,False
2745,34,"[44, 38]",-16.461700439453125,-47.97048568725586,0.16901491582393646,45,38,8.720562245114515,73.13257598876953,113.93764162092465,40.805065632155106,152.93396687966924,8000.0,False,False
2746,34,"[44, 38]",-16.424217224121094,-47.86542892456055,0.16897061467170715,45,38,8.640092281196187,73.64529418945312,114.44750338496083,40.802209195507714,120.46106425692324,8000.0,False,False
2747,34,"[44, 38]",-16.388145446777344,-47.76317596435547,0.16888654232025146,45,38,8.562265726265549,74.20503234863281,114.95042800586275,40.74539565722995,98.87110061966087,8000.0,False,False
2748,34,"[44, 38]",-16.353445053100586,-47.66352081298828,0.16876231133937836,45,38,8.486867162378656,74.8115463256836,115.44663977405344,40.635093448369844,87.90279944264785,8000.0,False,False
2749,34,"[44, 38]",-16.320068359375,-47.56623458862305,0.16859965026378632,45,38,8.413667614646348,75.46415710449219,115.9365439086374,40.47238680414523,87.17200769974897,8000.0,False,False
2750,34,"[44, 38]",-16.28797149658203,-47.47105407714844,0.1684020459651947,45,38,8.342410001544142,76.1617202758789,116.42070099188363,40.258980716004714,96.16680153089601,8000.0,False,False
2751,34,"[44, 38]",-16.257104873657227,-47.37770462036133,0.16817452013492584,45,38,8.272834423104415,76.90274047851562,116.89982673059406,39.99708625207842,114.28079465301107,8000.0,False,False
2752,34,"[44, 38]",-16.227420806884766,-47.285884857177734,0.16792339086532593,45,38,8.204661596944618,77.68534088134766,117.37479863537149,39.689457754023834,140.80201568832035,8000.0,False,False
2753,34,"[44, 38]",-16.19887924194336,-47.19528579711914,0.16765597462654114,45,38,8.137607555022146,78.50732421875,117.84656783519911,39.339243616449096,174.94822343729993,8000.0,False,False
2754,34,"[44, 38]",-16.17144203186035,-47.1055908203125,0.16743917763233185,45,38,8.071386313460337,79.36622619628906,118.3161973780192,38.94997118173012,215.8731973980266,8000.0,False,False
2755,34,"[44, 38]",-16.145084381103516,-47.01648712158203,0.16733461618423462,45,38,8.005714581231244,80.25935363769531,118.78475486956796,38.52540123187265,262.6969087697762,8000.0,False,False
2756,34,"[44, 38]",-16.119789123535156,-46.92765426635742,0.16739898920059204,45,38,7.940304155384494,81.18382263183594,119.25338759524068,38.06956496340473,314.4980486970517,8000.0,False,False
2757,34,"[44, 38]",-16.095544815063477,-46.838783264160156,0.1676255762577057,45,38,7.874879480051409,82.13658905029297,119.72327059627534,37.58668154598237,370.3382254585922,8000.0,False,False
2758,34,"[44, 38]",-16.07236099243164,-46.74958038330078,0.1678917557001114,45,38,7.809173037166693,83.11453247070312,120.1954940734983,37.080961602795185,429.2960412721786,8000.0,False,False
2759,34,"[44, 38]",-16.050249099731445,-46.659767150878906,0.16826435923576355,45,38,7.742934242139604,84.11446380615234,120.67118041363868,36.55671660748635,490.45339643066836,8000.0,False,False
2760,34,"[44, 38]",-16.029239654541016,-46.56907272338867,0.16868659853935242,45,38,7.675913897786935,85.1331787109375,121.1514024461292,36.0182237351917,552.9134049868394,8000.0,False,False
2761,34,"[44, 38]",-16.009370803833008,-46.47726058959961,0.1691666543483734,45,38,7.607892357734873,86.1675033569336,121.63715175262666,35.46964839569307,615.8265727994176,8000.0,False,False
2762,34,"[44, 38]",-15.990691184997559,-46.38410949707031,0.1695946604013443,45,38,7.538661104243885,87.21431732177734,122.12938768505904,34.9150703632817,678.3787599416733,8000.0,False,False
2763,34,"[44, 38]",-15.973258972167969,-46.289432525634766,0.16993077099323273,45,38,7.468038885794467,88.27058410644531,122.62896331149277,34.35837920504747,739.8160084171786,8000.0,False,False
2764,34,"[44, 38]",-15.957141876220703,-46.19306564331055,0.17013917863368988,45,38,7.39586126636795,89.33342742919922,123.136663686496,33.80323625729676,799.445790994901,8000.0,False,False
2765,34,"[44, 38]",-15.942411422729492,-46.094871520996094,0.1702464371919632,45,38,7.321986337043066,90.40007019042969,123.65322147442185,33.25315128399217,856.6261357317971,8000.0,False,False
2766,34,"[44, 38]",-15.929144859313965,-45.994747161865234,0.1702173501253128,45,38,7.246299408052444,91.46795654296875,124.17926393893356,32.71130739596481,910.7957398080725,8000.0,False,False
2767,34,"[44, 38]",-15.9174222946167,-45.89262008666992,0.17013758420944214,45,38,7.168710637647374,92.5346908569336,124.71533739292279,32.18064653598918,961.4574201050473,8000.0,False,False
2768,34,"[44, 38]",-15.90732479095459,-45.7884407043457,0.17002493143081665,45,38,7.089149184102495,93.5981216430664,125.26194495417325,31.663823311106853,1008.1815201044546,8000.0,False,False
2769,34,"[44, 38]",-15.898932456970215,-45.682193756103516,0.16995364427566528,45,38,7.0075731087441495,94.65628814697266,125.81949757309611,31.163209426123444,1050.608047272251,8000.0,False,False
2770,34,"[44, 38]",-15.892322540283203,-45.57389450073242,0.16993103921413422,45,38,6.923966639027124,95.7074966430664,126.38833093656928,30.68083429350287,1088.4531491193839,7942.6173178286745,False,False
2771,34,"[44, 38]",-15.887568473815918,-45.46358108520508,0.17002178728580475,45,38,6.8383339588063,96.75027465820312,126.9687366324974,30.218461974294257,1121.4920527837262,7872.36125393753,False,False
2772,34,"[44, 38]",-15.88473892211914,-45.35131072998047,0.17022442817687988,45,38,6.750696280231042,97.78339385986328,127.56097812053649,29.777584260673223,1149.557073312707,7801.933247889209,False,False
2773,34,"[44, 38]",-15.883893013000488,-45.237178802490234,0.17053675651550293,45,38,6.661109407424505,98.8058853149414,128.16521288175286,29.35932756681146,1172.5586450687983,7731.495377387459,False,False
2774,34,"[44, 38]",-15.88508415222168,-45.121280670166016,0.1709558218717575,45,38,6.569630745857277,99.8170166015625,128.78165172334818,28.964635121785676,1190.4395931041872,7661.201186882732,False,False
2775,34,"[44, 38]",-15.88835620880127,-45.003753662109375,0.1714191883802414,45,38,6.476354327611797,100.81629943847656,129.4103515126146,28.594052074138034,1203.2234885807884,7591.196034890196,False,False
2776,34,"[44, 38]",-15.893744468688965,-44.88473129272461,0.17192848026752472,44,38,6.38137401274565,101.803466796875,130.05144269499516,28.24797589812016,1210.9569757791865,7521.615362290535,False,False
2777,34,"[44, 38]",-15.901270866394043,-44.76437759399414,0.1724252998828888,44,38,6.284812993942114,102.77849578857422,130.70496183152528,27.926466042951063,1213.7518420923757,7452.584237559746,False,False
2778,34,"[44, 38]",-15.910951614379883,-44.64285659790039,0.17291484773159027,44,38,6.186795138729718,103.74156188964844,131.37096035745748,27.62939846780904,1211.7464937981822,7384.2133559901085,False,False
2779,34,"[44, 38]",-15.922788619995117,-44.52034378051758,0.17340080440044403,44,38,6.087459283749277,104.69306182861328,132.04949038081875,27.35642855220547,1205.1175357805423,7316.602333509451,False,False
2780,34,"[44, 38]",-15.936775207519531,-44.39703369140625,0.17382661998271942,44,38,5.986960914987638,105.63355255126953,132.74050338649698,27.10695083522745,1194.08577622131,7249.836717033418,False,False
2781,34,"[44, 38]",-15.952896118164062,-44.27310562133789,0.17414040863513947,44,38,5.885446583011436,106.56381225585938,133.44405810422674,26.880245848367366,1178.8811721953025,7183.985732829504,False,False
2782,34,"[44, 38]",-15.971124649047852,-44.14876174926758,0.17435337603092194,44,38,5.783084008182448,107.4847412109375,134.1600883578704,26.675347146932893,1159.776728311072,7119.106479689692,False,False
2783,34,"[44, 38]",-15.991426467895508,-44.02419662475586,0.17447462677955627,44,38,5.680036992571892,108.39740753173828,134.8885644521497,26.491156920411413,1137.0586959100883,7055.239955732944,False,False
2784,34,"[44, 38]",-16.01375961303711,-43.899600982666016,0.17451150715351105,44,38,5.576468438596583,109.3030014038086,135.62946643911312,26.326465035304523,1111.0250014967778,6992.413741045311,False,False
2785,34,"[44, 38]",-16.03807258605957,-43.77516555786133,0.17446979880332947,44,38,5.472544547337658,110.20281982421875,136.3827659280823,26.179946103863557,1081.9875941264781,6930.643690217108,False,False
2786,34,"[44, 38]",-16.064308166503906,-43.65108108520508,0.17441275715827942,44,38,5.368432108073095,111.0982894897461,137.14839058276274,26.05010109301665,1050.2795367849594,6869.927979031541,False,False
2787,34,"[44, 38]",-16.0924072265625,-43.52752685546875,0.17433780431747437,44,38,5.26428789097578,111.99087524414062,137.9262791517734,25.935403907632775,1016.228362706106,6810.253207797886,False,False
2788,34,"[44, 38]",-16.122303009033203,-43.404685974121094,0.17424200475215912,44,38,5.16027330052681,112.88214111328125,138.71629982709118,25.834158713809927,980.1839994109623,6751.590451107177,False,False
2789,34,"[44, 38]",-16.15392303466797,-43.28271484375,0.1741221696138382,44,38,5.056532880208952,113.77367401123047,139.5184835145928,25.74480950336232,942.4635777882381,6693.909224282941,False,False
2790,34,"[44, 38]",-16.187198638916016,-43.161781311035156,0.17397497594356537,44,38,4.953212621914698,114.6670913696289,140.33263938240438,25.665548012775474,903.4171658611021,6637.155625401834,True,False
2791,35,"[43, 38]",-16.2220516204834,-43.042030334472656,0.17379704117774963,44,38,13.578197568292966,115.56407928466797,106.15497382098484,-9.409105463683147,8000.0,6841.36237862003,False,False
2792,35,"[43, 38]",-16.259794235229492,-42.920738220214844,0.17372485995292664,44,38,13.451193825015801,116.43864440917969,106.14430633199458,-10.294338077185103,8000.0,6721.33301769856,False,False
2793,35,"[43, 38]",-16.30034065246582,-42.79816436767578,0.17380937933921814,44,38,13.322180394734305,117.29132080078125,106.12338362215174,-11.16793717862953,8000.0,6601.039008821481,False,False
2794,35,"[43, 38]",-16.343610763549805,-42.67453384399414,0.17403745651245117,44,38,13.191398349340442,118.1227035522461,106.09195858904643,-12.030744963199652,8000.0,6480.440043739411,False,False
2795,35,"[43, 38]",-16.389524459838867,-42.5500602722168,0.174338236451149,44,38,13.059079081710784,118.93328857421875,106.04978158136169,-12.883506992857065,8000.0,6359.5017999407355,False,False
2796,35,"[43, 38]",-16.438003540039062,-42.424922943115234,0.1747065931558609,44,38,12.92542180832508,119.7236099243164,105.99662155105669,-13.726988373259701,8000.0,6238.180305095195,False,False
2797,35,"[43, 38]",-16.488969802856445,-42.299293518066406,0.17502011358737946,44,38,12.7906197695344,120.49417114257812,105.9322432720139,-14.561927870564205,8000.0,6116.428667712058,False,False
2798,35,"[43, 38]",-16.54235076904297,-42.17332077026367,0.17522725462913513,44,38,12.654844004572741,121.24546813964844,105.85640238316613,-15.389065756482296,8000.0,5994.1933761382315,False,False
2799,35,"[43, 38]",-16.598073959350586,-42.047142028808594,0.17534025013446808,44,38,12.518255942755564,121.97798156738281,105.76885659945842,-16.209124967924396,8000.0,5871.417292194001,False,False
2800,35,"[43, 38]",-16.65606689453125,-41.920875549316406,0.1753111481666565,44,38,12.3810000596131,122.69216918945312,105.66937635631896,-17.02279283313416,8000.0,5748.042765243997,False,False
2801,35,"[43, 38]",-16.71626091003418,-41.79463195800781,0.17521415650844574,44,38,12.243213852409374,123.38851165771484,105.55771455046758,-17.830797107247264,8000.0,5624.000371360615,False,False
2802,35,"[43, 38]",-16.778589248657227,-41.66851043701172,0.1751158982515335,44,38,12.105024702474516,124.06742858886719,105.43361995135811,-18.633808637509077,8000.0,5499.223885775198,False,False
2803,35,"[43, 38]",-16.84298324584961,-41.542598724365234,0.17507609724998474,44,38,11.966550885602093,124.7293701171875,105.29685524755793,-19.432514869629586,8000.0,5356.553169459317,False,False
2804,35,"[43, 38]",-16.909381866455078,-41.416969299316406,0.1750895082950592,44,38,11.827895350776911,125.374755859375,105.14715871918567,-20.227597140189346,8000.0,5159.6945404454,False,False
2805,35,"[43, 38]",-16.97772216796875,-41.291690826416016,0.17515122890472412,44,38,11.689159294549592,126.0040054321289,104.98427352941886,-21.01973190271005,8000.0,4962.560982775158,False,False
2806,35,"[43, 38]",-17.047941207885742,-41.166831970214844,0.1752566695213318,44,38,11.550445331809133,126.61752319335938,104.80793492826716,-21.809588265092202,8000.0,4765.15562833455,False,False
2807,35,"[43, 38]",-17.119985580444336,-41.04243850708008,0.17540155351161957,44,38,11.41183294828195,127.21568298339844,104.6178536155136,-22.597829367884856,8000.0,4567.4658044995795,False,False
2808,35,"[43, 38]",-17.19379234313965,-40.918556213378906,0.17558182775974274,44,38,11.273405483621033,127.79888153076172,104.41377819342657,-23.385103337335153,8000.0,4369.478519440514,False,False
2809,35,"[43, 38]",-17.269309997558594,-40.79523468017578,0.17573492228984833,44,38,11.135248523921833,128.36749267578125,104.19538930045307,-24.172103375328163,8000.0,4171.169964926282,False,False
2810,35,"[43, 38]",-17.346485137939453,-40.67250442504883,0.17586316168308258,44,38,10.997431146675254,128.92189025878906,103.9623928334236,-24.95949742536544,8000.0,3972.507937455913,False,False
2811,35,"[43, 38]",-17.425262451171875,-40.55039978027344,0.17590969800949097,44,38,10.86002803720779,129.46241760253906,103.71449207852815,-25.747925524010896,8000.0,3773.4636649452073,False,False
2812,35,"[43, 38]",-17.505596160888672,-40.42893981933594,0.175882026553154,44,38,10.72309825880114,129.9894256591797,103.4513533240516,-26.538072335128106,8000.0,3573.9895203540996,False,False
2813,35,"[43, 38]",-17.587432861328125,-40.30815887451172,0.17590437829494476,44,38,10.58671901869385,130.50323486328125,103.17265521689094,-27.330579646390305,8000.0,3374.0503220516307,False,False
2814,35,"[43, 38]",-17.670724868774414,-40.188072204589844,0.17597071826457977,44,38,10.450949137895664,131.0041961669922,102.8780635032105,-28.126132663781675,8000.0,3173.5912234512443,False,False
2815,35,"[43, 38]",-17.755428314208984,-40.06869125366211,0.17613433301448822,44,38,10.315844396569124,131.4926300048828,102.56722041303799,-28.92540959184481,8000.0,2972.553901675163,False,False
2816,35,"[43, 38]",-17.84149742126465,-39.950035095214844,0.1762665957212448,44,38,10.181470020503632,131.9688262939453,102.23976128711287,-29.729065006832457,8000.0,2770.8855382499983,False,False
2817,35,"[43, 38]",-17.928890228271484,-39.832115173339844,0.17619287967681885,44,38,10.047884576783758,132.43310546875,101.89530258578772,-30.537802882962296,8000.0,2568.5187144221286,False,False
2818,35,"[43, 38]",-18.01756477355957,-39.71493148803711,0.1759323626756668,44,38,9.915137076424454,132.8857879638672,101.53346645723201,-31.352321506635178,8000.0,2365.3797015511627,False,False
2819,35,"[43, 38]",-18.107481002807617,-39.5984992980957,0.17556098103523254,44,38,9.783292744790874,133.32713317871094,101.15383902266575,-32.17329415604519,8000.0,2161.4039959574507,False,False
2820,35,"[43, 38]",-18.198596954345703,-39.48281478881836,0.1751469373703003,44,38,9.652400180883756,133.75743103027344,100.75603237772965,-33.0013986525438,8000.0,1956.516085381712,False,False
2821,35,"[43, 38]",-18.290876388549805,-39.367889404296875,0.17475149035453796,44,38,9.522523584132212,134.1769561767578,100.3396016698362,-33.8373545069216,8000.0,1750.637823150424,False,False
2822,35,"[43, 38]",-18.384279251098633,-39.253719329833984,0.17448842525482178,44,38,9.393714652562824,134.5859832763672,99.90413500714321,-34.68184826922396,8000.0,1543.6887285107077,False,False
2823,35,"[43, 38]",-18.47877311706543,-39.14030456542969,0.17428357899188995,44,38,9.266029288653128,134.9847869873047,99.44916474848374,-35.53562223882096,8000.0,1335.5780535046388,False,False
2824,35,"[43, 38]",-18.573745727539062,-39.02822494506836,0.17403429746627808,44,38,9.140188559787356,135.366455078125,98.97723997810724,-36.389215100017765,8000.0,1128.3240865894595,False,False
2825,35,"[43, 38]",-18.668479919433594,-38.91814422607422,0.17375658452510834,44,38,9.01699740279504,135.72244262695312,98.49179568703134,-37.23064693992177,8000.0,924.4432988970575,False,False
2826,35,"[43, 38]",-18.7623348236084,-38.810638427734375,0.17334821820259094,44,38,8.89714361989971,136.0445556640625,97.99624194533705,-38.04831371872547,8000.0,726.3455841385103,False,False
2827,35,"[43, 38]",-18.854738235473633,-38.7061882019043,0.1728362739086151,44,38,8.78119226052269,136.32501220703125,97.49398604289027,-38.83102616414098,8000.0,536.3208574760547,False,False
2828,35,"[43, 38]",-18.9451904296875,-38.60518264770508,0.1723058819770813,44,38,8.669590049707507,136.556640625,96.98836332167326,-39.56827730332674,8000.0,356.48855443401317,False,False
2829,35,"[43, 38]",-19.03326988220215,-38.507930755615234,0.17171844840049744,44,38,8.562677902560687,136.73281860351562,96.48254051021064,-40.250278093304985,8000.0,188.79188225912367,False,False
2830,35,"[43, 38]",-19.118629455566406,-38.41465377807617,0.17115965485572815,44,38,8.46068627485305,136.84768676757812,95.97949083085405,-40.86819593672408,8000.0,34.948432728396256,False,False
2831,35,"[43, 38]",-19.20099639892578,-38.32549285888672,0.1707686185836792,44,38,8.36374545869871,136.8960723876953,95.48192852822059,-41.414143859474734,8000.0,-103.54747852536548,False,False
2832,35,"[43, 38]",-19.280176162719727,-38.24052047729492,0.1704387217760086,44,38,8.271899666547814,136.8736572265625,94.9922146020742,-41.8814426244883,8000.0,-225.46985275900897,False,False
2833,35,"[43, 38]",-19.356048583984375,-38.159732818603516,0.17013663053512573,44,38,8.185103120742205,136.7769012451172,94.5123275051593,-42.26457373995788,8000.0,-329.8566755143156,False,False
2834,35,"[43, 38]",-19.42856216430664,-38.08305740356445,0.1698949784040451,44,38,8.103231342457157,136.60313415527344,94.0438403850065,-42.55929377026695,8000.0,-416.0277465615618,False,False
2835,35,"[43, 38]",-19.49773597717285,-38.0103759765625,0.16962957382202148,44,38,8.026106928923646,136.35055541992188,93.58784462105211,-42.76271079886976,8000.0,-483.589100635656,False,False
2836,35,"[43, 38]",-19.56364631652832,-37.94150161743164,0.16944505274295807,44,38,7.953480525955205,136.01820373535156,93.14501098614946,-42.873192749202104,8000.0,-532.42395783765,False,False
2837,35,"[43, 38]",-19.626432418823242,-37.87620544433594,0.1693219542503357,44,38,7.8850596027609905,135.6059112548828,92.71549765319584,-42.89041360168699,8000.0,-562.6887086417364,False,False
2838,35,"[43, 38]",-19.686277389526367,-37.814212799072266,0.1692466288805008,44,38,7.820507882836458,135.1144256591797,92.29905861636975,-42.81536704280995,8000.0,-574.8137780811676,False,False
2839,35,"[43, 38]",-19.743412017822266,-37.75520706176758,0.16921061277389526,44,38,7.759450622530423,134.54518127441406,91.89499099469141,-42.650190279722665,8000.0,-569.4671064253316,False,False
2840,35,"[43, 38]",-19.798095703125,-37.6988410949707,0.16926859319210052,44,38,7.701488138711003,133.9003448486328,91.502253773423,-42.398091075209805,8000.0,-547.5324026812559,False,False
2841,35,"[43, 38]",-19.85062026977539,-37.644737243652344,0.16941435635089874,44,38,7.646196559616239,133.1827850341797,91.11942879839725,-42.063356235782436,8000.0,-510.1062975695759,False,False
2842,35,"[43, 38]",-19.901287078857422,-37.59248733520508,0.16958658397197723,44,38,7.59312901089202,132.39590454101562,90.74488304914999,-41.651021491865635,8000.0,-458.4344501944188,False,False
2843,35,"[43, 38]",-19.950414657592773,-37.54167556762695,0.16985054314136505,44,38,7.541838573817591,131.54371643066406,90.37670539965879,-41.16701103100527,8000.0,-393.92220683491814,False,False
2844,35,"[43, 38]",-19.998313903808594,-37.49186325073242,0.1700322926044464,44,38,7.491863440466287,130.63064575195312,90.0128948154493,-40.617750936503825,8000.0,-318.06683194769903,False,False
2845,35,"[43, 38]",-20.0452938079834,-37.44260787963867,0.17009514570236206,44,38,7.442745701627947,129.66151428222656,89.65131684484234,-40.01019743738422,8000.0,-232.44975953851554,False,False
2846,35,"[43, 38]",-20.091644287109375,-37.39345169067383,0.17006690800189972,44,38,7.394019649533497,128.64144897460938,89.28983616958354,-39.35161280502584,8000.0,-138.6969659273509,False,False
2847,35,"[43, 38]",-20.137638092041016,-37.343955993652344,0.17015066742897034,44,38,7.345245665128082,127.57575225830078,88.92630638785803,-38.64944587044275,8000.0,-38.439407277748614,False,False
2848,35,"[43, 38]",-20.183517456054688,-37.29367446899414,0.1702953577041626,44,38,7.2959828615707245,126.46997833251953,88.55867468851778,-37.91130364400175,8000.0,66.6850332986678,False,False
2849,35,"[43, 38]",-20.229496002197266,-37.242183685302734,0.17045624554157257,44,38,7.245818997648894,125.32965087890625,88.18497373248375,-37.14467714642251,8000.0,175.09496011812553,False,False
2850,35,"[43, 38]",-20.275754928588867,-37.189064025878906,0.1705351620912552,44,38,7.194350724619094,124.16034698486328,87.80335079700939,-36.356996187853895,8000.0,285.25060596560934,False,False
2851,35,"[43, 38]",-20.32243537902832,-37.13392639160156,0.1705620288848877,44,38,7.1412093047633345,122.96759033203125,87.41213729836376,-35.555453033667504,8000.0,395.69700800799,False,False
2852,35,"[43, 38]",-20.36964225769043,-37.07640838623047,0.17056427896022797,44,38,7.086056099649747,121.75675201416016,87.00982351925967,-34.74692849490049,8000.0,505.0756799690371,False,False
2853,35,"[43, 38]",-20.417442321777344,-37.01617431640625,0.17056681215763092,44,38,7.028581658500494,120.53302764892578,86.59507877176506,-33.93794887716072,8000.0,612.1315988746014,False,False
2854,35,"[43, 38]",-20.465864181518555,-36.95292663574219,0.17065085470676422,44,38,6.968516214922308,119.30137634277344,86.16676303922385,-33.1346133035496,8000.0,715.729211944054,False,False
2855,35,"[43, 38]",-20.51490592956543,-36.88640213012695,0.17083056271076202,44,38,6.90562541802831,118.06652069091797,85.72387143408059,-32.342649256837376,8000.0,814.8401674116631,False,False
2856,35,"[43, 38]",-20.56452751159668,-36.81637191772461,0.17111831903457642,44,38,6.839708870419428,116.83282470703125,85.26560536240436,-31.567219344626892,7960.756248781128,908.5717590149088,False,False
2857,35,"[43, 38]",-20.614662170410156,-36.74266052246094,0.17158354818820953,44,38,6.770618915940147,115.60431671142578,84.79130279317269,-30.81301391825309,7879.8509186295205,996.1575383241716,False,False
2858,35,"[43, 38]",-20.66521644592285,-36.665122985839844,0.17222923040390015,44,38,6.698236882665233,114.38469696044922,84.30043639413977,-30.084260566309467,7797.8300822542515,1076.9417634063252,False,False
2859,35,"[43, 38]",-20.716073989868164,-36.58366394042969,0.1730571836233139,44,38,6.622491437478788,113.17721557617188,83.79260986397169,-29.384605712200198,7714.9867528527075,1150.402828651405,False,False
2860,35,"[43, 38]",-20.767101287841797,-36.498233795166016,0.17406807839870453,44,38,6.543354402937858,111.98477172851562,83.26752488785289,-28.71724684066274,7631.621160884031,1216.1266395719763,False,False
2861,35,"[43, 38]",-20.818151473999023,-36.4088134765625,0.17508497834205627,44,38,6.4608251804065935,110.8098373413086,82.72495041830922,-28.084886922999374,7548.026490435499,1273.8025306705294,False,False
2862,35,"[43, 38]",-20.869062423706055,-36.31543731689453,0.17612378299236298,44,38,6.374952391972966,109.65447235107422,82.1647816693489,-27.489690681725335,7464.492028664914,1323.2361854532442,False,False
2863,35,"[43, 38]",-20.9196720123291,-36.21816635131836,0.17690350115299225,44,38,6.2858085703375775,108.52033996582031,81.58689700136024,-26.933442964460085,7381.298534410731,1364.309623973219,False,False
2864,35,"[43, 38]",-20.96980857849121,-36.11711120605469,0.1774638295173645,44,38,6.1935109740885235,107.40868377685547,80.99128925784352,-26.417394519011964,7298.713724697588,1397.0111435127883,False,False
2865,35,"[43, 38]",-21.019309997558594,-36.01240539550781,0.17783892154693604,44,38,6.098197398498539,106.32036590576172,80.3778800573317,-25.94248584843001,7216.993719290143,1421.3867534387732,False,False
2866,35,"[43, 38]",-21.06800651550293,-35.90422058105469,0.17805787920951843,44,38,6.000038215453837,105.25585174560547,79.74671570122557,-25.509136044379886,7136.3705014792895,1437.5748110653194,False,False
2867,35,"[43, 38]",-21.115741729736328,-35.792755126953125,0.17814524471759796,44,38,5.899228048509121,104.21525573730469,79.09777861641408,-25.117477120890612,7057.062859850832,1445.7646127610774,False,False
2868,35,"[43, 38]",-21.162363052368164,-35.67823028564453,0.1781214028596878,44,38,5.7959802486138114,103.19832611083984,78.43108637428357,-24.76723973655629,6979.263141298126,1446.2086768670192,False,False
2869,35,"[43, 38]",-21.207733154296875,-35.560890197753906,0.17794421315193176,44,38,5.690528900151845,102.2044906616211,77.74660013466062,-24.457890526960455,6903.147140605284,1439.2019529215609,False,False
2870,35,"[43, 38]",-21.251720428466797,-35.44099044799805,0.17763280868530273,44,38,5.583115714925411,101.23287963867188,77.04430887898803,-24.18857075968384,6828.861741697748,1425.0831675139516,False,False
2871,35,"[43, 38]",-21.294208526611328,-35.31881332397461,0.17732034623622894,44,38,5.474006840116598,100.28231048583984,76.324186156015,-23.95812432982484,6756.534406708779,1404.238059091455,False,False
2872,35,"[43, 38]",-21.33509063720703,-35.19464111328125,0.1771249771118164,44,38,5.3634656058699335,99.35134887695312,75.58620237563224,-23.765146501320885,6686.262957850051,1377.0782709142372,False,False
2873,35,"[43, 38]",-21.37427520751953,-35.06876754760742,0.17709261178970337,44,38,5.251765112577009,98.43833923339844,74.83030481119481,-23.608034422203616,6618.125549111888,1344.040037539277,False,False
2874,35,"[43, 38]",-21.411685943603516,-34.94149398803711,0.1772042065858841,43,38,5.139184763868161,97.54139709472656,74.0564209150234,-23.484976179703153,6552.178021904279,1305.5839855745571,False,False
2875,35,"[43, 38]",-21.447256088256836,-34.8131217956543,0.17738239467144012,43,38,5.026001552407134,96.65845489501953,73.2645092765215,-23.393945618498037,6488.449183095197,1262.1915693314586,False,False
2876,35,"[43, 38]",-21.480932235717773,-34.68394470214844,0.17761506140232086,43,38,4.912483919523042,95.78726196289062,72.45450332785984,-23.332758635030785,6426.942520019842,1214.3542095631997,True,False
2877,36,"[42, 38]",-21.51267433166504,-34.554256439208984,0.17789001762866974,43,38,14.632654035817783,94.92546844482422,84.06635519508158,-10.85911324974262,8000.0,6643.772629720589,False,False
2878,36,"[42, 38]",-21.542593002319336,-34.422672271728516,0.17821623384952545,43,38,14.504932562011144,94.08522033691406,83.8950747148931,-10.190145622020964,8000.0,6735.558212518531,False,False
2879,36,"[42, 38]",-21.570650100708008,-34.28936004638672,0.17853452265262604,43,38,14.3754218120418,93.26597595214844,83.72737444698205,-9.538601505166383,8000.0,6823.921435504739,False,False
2880,36,"[42, 38]",-21.596820831298828,-34.15447998046875,0.1788502037525177,43,38,14.244266926899414,92.46721649169922,83.56345855142355,-8.903757940275682,8000.0,6909.038423569371,False,False
2881,36,"[42, 38]",-21.62108612060547,-34.01818084716797,0.1791090965270996,43,38,14.111602122874872,91.68843078613281,83.40352001692217,-8.284910769210626,8000.0,6991.076760074054,False,False
2882,36,"[42, 38]",-21.6434326171875,-33.88059616088867,0.1793210208415985,43,38,13.977547014727337,90.92910766601562,83.24773750438442,-7.681370161631207,8000.0,7070.1964231962065,False,False
2883,36,"[42, 38]",-21.66385841369629,-33.74184799194336,0.1794946789741516,43,38,13.84221120538571,90.18877410888672,83.09625203638412,-7.092522072502618,8000.0,7146.542170118484,False,False
2884,36,"[42, 38]",-21.682357788085938,-33.602054595947266,0.179637610912323,43,38,13.70570016300749,89.46694946289062,82.94923160455807,-6.51771785833256,8000.0,7220.258341635568,False,False
2885,36,"[42, 38]",-21.69894027709961,-33.46131896972656,0.1796976625919342,43,38,13.56810622267793,88.76316833496094,82.80678612248525,-5.956382212475688,8000.0,7291.475176710653,False,False
2886,36,"[42, 38]",-21.713611602783203,-33.319740295410156,0.17974525690078735,43,38,13.429517722627505,88.07698822021484,82.66905047045361,-5.407937749761231,8000.0,7360.318893717825,False,False
2887,36,"[42, 38]",-21.72638702392578,-33.177406311035156,0.17984355986118317,43,38,13.290013139289535,87.407958984375,82.53612400936437,-4.871834975010643,8000.0,7426.908125363803,False,False
2888,36,"[42, 38]",-21.737279891967773,-33.03439712524414,0.17999036610126495,43,38,13.14966348777064,86.75566101074219,82.40811959175574,-4.347541418986452,8000.0,7491.355573058039,False,False
2889,36,"[42, 38]",-21.74631118774414,-32.89079284667969,0.18018348515033722,43,38,13.008541154966169,86.11967468261719,82.28512658496693,-3.83454809765027,8000.0,7553.767467930434,False,False
2890,36,"[42, 38]",-21.753501892089844,-32.74666213989258,0.18036195635795593,43,38,12.866707605060956,85.49958801269531,82.1672361318107,-3.33235188088463,8000.0,7614.245955167524,False,False
2891,36,"[42, 38]",-21.758872985839844,-32.60206604003906,0.18052947521209717,43,38,12.724217172691723,84.89500427246094,82.05454288723925,-2.840461385221687,8000.0,7672.888548724121,False,False
2892,36,"[42, 38]",-21.762451171875,-32.457069396972656,0.18057163059711456,43,38,12.581129205847791,84.3055419921875,81.9471261932272,-2.3584157989602943,8000.0,7729.786102823745,False,False
2893,36,"[42, 38]",-21.76426124572754,-32.31171798706055,0.1803264319896698,43,38,12.437484373300187,83.73081970214844,81.84506903635011,-1.8857506657983265,8000.0,7785.027074090809,False,False
2894,36,"[42, 38]",-21.764333724975586,-32.16606903076172,0.17982438206672668,43,38,12.29333596524335,83.17047119140625,81.74844251282238,-1.422028678583871,8000.0,7838.69405105889,False,False
2895,36,"[42, 38]",-21.762693405151367,-32.02016830444336,0.1791514754295349,43,38,12.148725616611351,82.62413024902344,81.65734317230776,-0.9667870767156614,8000.0,7890.8699981421005,False,False
2896,36,"[42, 38]",-21.759374618530273,-31.874055862426758,0.17844370007514954,43,38,12.003691168651407,82.09146118164062,81.57182586564339,-0.5196353159972205,8000.0,7941.627168110274,False,False
2897,36,"[42, 38]",-21.754405975341797,-31.727773666381836,0.17782318592071533,43,38,11.858272028259186,81.57211303710938,81.49197925367214,-0.08013378343724753,7932.173962272412,7914.2719032252435,False,False
2898,36,"[42, 38]",-21.747819900512695,-31.581357955932617,0.17739959061145782,43,38,11.712502999276966,81.06575775146484,81.41787608291413,0.35211833144927596,7804.792329293228,7883.456319570585,False,False
2899,36,"[42, 38]",-21.739646911621094,-31.43484115600586,0.17709501087665558,43,38,11.566415332340364,80.57205963134766,81.34960130708411,0.7775416757364724,7677.574385113868,7851.278862721235,False,False
2900,36,"[42, 38]",-21.729917526245117,-31.28825569152832,0.17683914303779602,43,38,11.420040770721071,80.0907211303711,81.28724604346198,1.196524913090883,7550.526415141544,7817.8326463809035,False,False
2901,36,"[42, 38]",-21.718664169311523,-31.141626358032227,0.17656856775283813,43,38,11.273404296346056,79.62141418457031,81.23089234108207,1.6094781565117557,7423.6460222743,7783.206893571051,False,False
2902,36,"[42, 38]",-21.70591926574707,-30.994979858398438,0.176343634724617,43,38,11.126533270872574,79.16386413574219,81.18062950461511,2.016765368872939,7296.934981042928,7747.484688908921,False,False
2903,36,"[42, 38]",-21.691713333129883,-30.848339080810547,0.17621849477291107,43,38,10.979451480549054,78.7177505493164,81.13655973171761,2.418809182401219,7170.384066274018,7710.751224166796,False,False
2904,36,"[42, 38]",-21.67608070373535,-30.70172882080078,0.17618286609649658,43,38,10.832185664924326,78.28279876708984,81.09877356157823,2.8159747944883975,7043.990163962317,7673.084971219831,False,False
2905,36,"[42, 38]",-21.65904998779297,-30.555164337158203,0.17628610134124756,43,38,10.684752736793314,77.8587417602539,81.0673899757293,3.2086482154753924,6917.740420598239,7634.559312096301,False,False
2906,36,"[42, 38]",-21.640655517578125,-30.408666610717773,0.1765136867761612,43,38,10.537176620918459,77.4452896118164,81.04250956998719,3.597219958170797,6791.623335160331,7595.2499871735545,False,False
2907,36,"[42, 38]",-21.620925903320312,-30.262250900268555,0.17673476040363312,43,38,10.389475170773428,77.04219055175781,81.02426570791813,3.982075156160306,6665.622965051846,7555.227093523715,False,False
2908,36,"[42, 38]",-21.599891662597656,-30.115930557250977,0.1768902838230133,43,38,10.241665117117117,76.64917755126953,81.01278788153898,4.363610330269466,6539.719702841778,7514.559607318442,False,False
2909,36,"[42, 38]",-21.57758331298828,-29.9697208404541,0.17698577046394348,43,38,10.093765538489782,76.26600646972656,81.00821539595484,4.7422089262282725,6413.895191773401,7473.314834399298,False,False
2910,36,"[42, 38]",-21.554031372070312,-29.823631286621094,0.17702603340148926,43,38,9.945790323592165,75.89241790771484,81.0106911245711,5.118273216856267,6288.124493880113,7431.557705410142,False,False
2911,36,"[42, 38]",-21.529264450073242,-29.677675247192383,0.1770152747631073,43,38,9.797757291767232,75.52818298339844,81.0203814006116,5.49219841721316,6162.384232758457,7389.353135839301,False,False
2912,36,"[42, 38]",-21.503311157226562,-29.531862258911133,0.17701593041419983,43,38,9.649680956295722,75.17308044433594,81.03745944668412,5.864379002348187,6036.648020953954,7346.7628648041455,False,False
2913,36,"[42, 38]",-21.476200103759766,-29.386199951171875,0.1770252138376236,43,38,9.501574410050118,74.82685852050781,81.06210761560716,6.235249095099334,5910.882549732547,7303.850567543497,False,False
2914,36,"[42, 38]",-21.447961807250977,-29.240699768066406,0.17704053223133087,43,38,9.353455275928784,74.48931121826172,81.09451191626351,6.605200698001795,5785.060972320476,7260.676971490511,False,False
2915,36,"[42, 38]",-21.418621063232422,-29.095365524291992,0.17700059711933136,43,38,9.205333222731594,74.16020965576172,81.13489805308193,6.974688397320222,5659.143253225262,7217.303596698981,False,False
2916,36,"[42, 38]",-21.38820457458496,-28.950204849243164,0.1769677698612213,43,38,9.057222465210538,73.83935546875,81.18349814463063,7.344142675880619,5533.093726096929,7173.7909476053255,False,False
2917,36,"[42, 38]",-21.356740951538086,-28.80522346496582,0.1769392341375351,43,38,8.909136112865554,73.52653503417969,81.24054543059921,7.714010396419525,5406.873074966026,7130.199538333625,False,False
2918,36,"[42, 38]",-21.32425308227539,-28.660425186157227,0.1769123524427414,43,38,8.761085014479788,73.22154998779297,81.30632360425767,8.084773616464702,5280.435359532598,7086.59112126928,False,False
2919,36,"[42, 38]",-21.290769577026367,-28.51581573486328,0.17682582139968872,43,38,8.613083288295886,72.92420196533203,81.38109965896054,8.456897693628491,5153.737588331403,7043.02666683549,False,False
2920,36,"[42, 38]",-21.25631332397461,-28.37139892578125,0.1766832172870636,43,38,8.465142830606439,72.6343002319336,81.4651949307085,8.830894698774898,5026.728769722616,6999.569581121462,False,False
2921,36,"[42, 38]",-21.22090721130371,-28.227176666259766,0.17654643952846527,43,38,8.317274211931608,72.35166931152344,81.55895091593113,9.207281604407683,4899.355729454686,6956.282182641504,False,False
2922,36,"[42, 38]",-21.18457794189453,-28.08315086364746,0.17641231417655945,43,38,8.169489138551308,72.07611846923828,81.66270651538326,9.586588046144982,4771.563490735382,6913.227816336151,False,False
2923,36,"[42, 38]",-21.147348403930664,-27.939327239990234,0.17627786099910736,43,38,8.021803125460833,71.8074722290039,81.77685542045445,9.96938319145056,4643.293263988527,6870.474845861071,False,False
2924,36,"[42, 38]",-21.10923957824707,-27.795703887939453,0.17608153820037842,43,38,7.874224504697846,71.5455551147461,81.90182532928505,10.356270214538938,4514.477279497109,6828.0902519121355,False,False
2925,36,"[42, 38]",-21.070274353027344,-27.652284622192383,0.17588546872138977,43,38,7.7267682202710155,71.29019927978516,82.03806731053733,10.747868030752159,4385.048530065514,6786.145294308258,False,False
2926,36,"[42, 38]",-21.030475616455078,-27.50906753540039,0.17568671703338623,43,38,7.579444257154516,71.04124450683594,82.18605983194271,11.144815325106777,4254.934112636889,6744.709753594783,False,False
2927,36,"[42, 38]",-20.9898624420166,-27.366056442260742,0.17548249661922455,43,38,7.432268507305562,70.79853057861328,82.34635266830884,11.547822089695558,4124.054291795554,6703.862508111963,False,False
2928,36,"[42, 38]",-20.948457717895508,-27.223249435424805,0.17527030408382416,43,38,7.285252531587378,70.5618896484375,82.51950201824474,11.957612369807237,3992.3245064912494,6663.680750079577,False,False
2929,36,"[42, 38]",-20.906278610229492,-27.080646514892578,0.17504778504371643,43,38,7.138409906149962,70.33118438720703,82.70615513918943,12.374970751982403,3859.6526652813955,6624.2476663705675,False,False
2930,36,"[42, 38]",-20.863346099853516,-26.938249588012695,0.1748715341091156,43,38,6.991757563995667,70.10626983642578,82.90698182739003,12.80071199096426,3725.943819933098,6585.650326708714,False,False
2931,36,"[42, 38]",-20.81968116760254,-26.796056747436523,0.17479245364665985,43,38,6.845309673849661,69.8869857788086,83.12270197206462,13.235716193256025,3591.092279330147,6547.979657657797,False,False
2932,36,"[42, 38]",-20.77530288696289,-26.654067993164062,0.1748562455177307,43,38,6.699083177882136,69.6731948852539,83.35411297732922,13.68091809207533,3454.985917980008,6511.332355130411,False,False
2933,36,"[42, 38]",-20.730226516723633,-26.512283325195312,0.1750451922416687,43,38,6.553095823604538,69.46475982666016,83.60211223135377,14.137352404693615,3317.4990650517634,6475.813906352774,False,False
2934,36,"[42, 38]",-20.684471130371094,-26.370698928833008,0.17522567510604858,43,38,6.407363386771934,69.26155853271484,83.86763637038412,14.606077837669261,3178.5010973425724,6441.530205437324,False,False
2935,36,"[42, 38]",-20.63805389404297,-26.22931480407715,0.1755126565694809,43,38,6.261906714412002,69.06344604492188,84.15172495226165,15.08827890733977,3037.8465363779133,6408.600397399244,False,False
2936,36,"[42, 38]",-20.590991973876953,-26.088130950927734,0.1758919209241867,43,38,6.116748318251391,68.87030029296875,84.45550966761742,15.585209374648684,2895.3807000030465,6377.149892966963,False,False
2937,36,"[42, 38]",-20.543302536010742,-25.947141647338867,0.17611543834209442,43,38,5.971906849503613,68.68199157714844,84.78021933976623,16.098227762617796,2750.931998551905,6347.310599430506,False,False
2938,36,"[42, 38]",-20.494998931884766,-25.806346893310547,0.17607763409614563,43,38,5.8274083594702795,68.4984130859375,85.12723919092917,16.628826104991674,2604.3138308208618,6319.229239124081,False,False
2939,36,"[42, 38]",-20.44609832763672,-25.665742874145508,0.17574231326580048,43,38,5.683277754416976,68.31942749023438,85.4980432593724,17.17861576913802,2455.321885863458,6293.061484026358,False,False
2940,36,"[42, 38]",-20.396615982055664,-25.52532958984375,0.1752532720565796,43,38,5.539546128847098,68.14493560791016,85.89426983991136,17.749334232001218,2303.7368976956595,6268.976224228271,False,False
2941,36,"[42, 38]",-20.346567153930664,-25.385103225708008,0.17462223768234253,43,38,5.396243651255417,67.97480773925781,86.31771423197439,18.342906492716565,2149.3124550485336,6247.157097395406,False,False
2942,36,"[42, 38]",-20.29596519470215,-25.245065689086914,0.17409496009349823,43,38,5.253409319604923,67.80895233154297,86.77037544133835,18.961423109795362,1991.7827619235213,6227.805342783315,False,False
2943,36,"[42, 38]",-20.244827270507812,-25.105213165283203,0.17365726828575134,43,38,5.111080302183213,67.64725494384766,87.25440836799716,19.607153424149487,1830.8551005030386,6211.135218200176,False,False
2944,36,"[42, 38]",-20.193164825439453,-24.96554183959961,0.17329637706279755,42,38,4.969297577183452,67.48960876464844,87.77225691234104,20.282648147692612,1666.19841579477,6197.385503164565,True,False
2945,37,"[41, 38]",-20.1409912109375,-24.826053619384766,0.1730596125125885,42,38,14.82672399575961,67.33590698242188,89.4551511791078,22.11924419668594,4940.474424104343,8000.0,False,False
2946,37,"[41, 38]",-20.088319778442383,-24.686742782592773,0.17298947274684906,42,38,14.687008338845086,67.1860580444336,89.65545188410492,22.46939383967134,4882.815192948451,8000.0,False,False
2947,37,"[41, 38]",-20.03516387939453,-24.547609329223633,0.17288899421691895,42,38,14.547651827498777,67.03997039794922,89.86150728197205,22.821536884022834,4824.549249744241,8000.0,False,False
2948,37,"[41, 38]",-19.981536865234375,-24.408645629882812,0.1727573722600937,42,38,14.408657459141933,66.89754486083984,90.07341835914598,23.175873498306146,4765.639215037774,8000.0,False,False
2949,37,"[41, 38]",-19.927446365356445,-24.269853591918945,0.172593891620636,42,38,14.270038036554144,66.7586898803711,90.29131211515313,23.532622234782025,4706.044001015185,8000.0,False,False
2950,37,"[41, 38]",-19.872909545898438,-24.131227493286133,0.17233906686306,42,38,14.131798981394038,66.62330627441406,90.5152808078592,23.891974533445136,4645.726387589834,8000.0,False,False
2951,37,"[41, 38]",-19.817934036254883,-23.992767333984375,0.17205700278282166,42,38,13.9939517534603,66.49131774902344,90.74545816741023,24.254140418386783,4584.645400025663,8000.0,False,False
2952,37,"[41, 38]",-19.762531280517578,-23.854469299316406,0.17174655199050903,42,38,13.856504283492049,66.36263275146484,90.98196639038362,24.61933363891876,4522.758751893747,8000.0,False,False
2953,37,"[41, 38]",-19.706714630126953,-23.716331481933594,0.17140665650367737,42,38,13.719466667129018,66.23717498779297,91.22492327393927,24.987748286146314,4460.026813894473,8000.0,False,False
2954,37,"[41, 38]",-19.65049171447754,-23.578350067138672,0.1711539924144745,42,38,13.582847513957212,66.11486053466797,91.47447434348041,25.35961380881244,4396.403251202347,8000.0,False,False
2955,37,"[41, 38]",-19.593875885009766,-23.44052505493164,0.17103469371795654,42,38,13.446659456869641,65.99561309814453,91.73074487072046,25.735131772575926,4331.845768310488,8000.0,False,False
2956,37,"[41, 38]",-19.536876678466797,-23.302854537963867,0.17103147506713867,42,38,13.310913645170032,65.87934875488281,91.99388028049488,26.11453152561205,4266.306576090148,8000.0,False,False
2957,37,"[41, 38]",-19.479503631591797,-23.16533088684082,0.1711287796497345,42,38,13.175615880463843,65.76599884033203,92.2640313504621,26.498032510130088,4199.738824463213,8000.0,False,False
2958,37,"[41, 38]",-19.421764373779297,-23.027957916259766,0.17137140035629272,42,38,13.040783868589585,65.65548706054688,92.54136002205996,26.885872961513087,4132.0916155692485,8000.0,False,False
2959,37,"[41, 38]",-19.363670349121094,-22.890727996826172,0.1717408448457718,42,38,12.90642412571142,65.54773712158203,92.82601827332509,27.278281151743045,4063.3149654717804,8000.0,False,False
2960,37,"[41, 38]",-19.30522918701172,-22.75364112854004,0.17222049832344055,42,38,12.77255137073907,65.44268035888672,93.11817829239274,27.675497933506023,3993.355854341162,8000.0,False,False
2961,37,"[41, 38]",-19.246450424194336,-22.6166934967041,0.17267777025699615,42,38,12.639176862160465,65.34026336669922,93.4180097310481,28.077746364348883,3922.1635491401553,8000.0,False,False
2962,37,"[41, 38]",-19.187341690063477,-22.479881286621094,0.17299345135688782,42,38,12.506312424406495,65.24040985107422,93.72569620749631,28.48528635642208,3849.6799243682985,8000.0,False,False
2963,37,"[41, 38]",-19.127912521362305,-22.343202590942383,0.17317786812782288,42,38,12.373972150099718,65.14305877685547,94.04141766614114,28.898358889285674,3775.8492828932835,8000.0,False,False
2964,37,"[41, 38]",-19.06817054748535,-22.206653594970703,0.17312271893024445,42,38,12.24216884854089,65.04812622070312,94.36536896198417,29.317242741281063,3700.608209278132,8000.0,False,False
2965,37,"[41, 38]",-19.00812339782715,-22.070232391357422,0.1729069948196411,42,38,12.110917767671939,64.9555892944336,94.69775027674997,29.742160982316364,3623.9023072992672,8000.0,False,False
2966,37,"[41, 38]",-18.947778701782227,-21.933937072753906,0.1725429892539978,42,38,11.98023471042505,64.8653564453125,95.03876777274682,30.173411327434337,3536.4071312852825,8000.0,False,False
2967,37,"[41, 38]",-18.887144088745117,-21.79776382446289,0.17210052907466888,42,38,11.850134156920765,64.77738189697266,95.38863459389418,30.611252696921525,3395.9619217124755,8000.0,False,False
2968,37,"[41, 38]",-18.82622528076172,-21.661712646484375,0.17158368229866028,42,38,11.720635176503725,64.69160461425781,95.74757781057968,31.055973196321872,3254.691842476892,8000.0,False,False
2969,37,"[41, 38]",-18.765033721923828,-21.525781631469727,0.17117248475551605,42,38,11.591754997596794,64.60797882080078,96.115803869078,31.507825048277198,3112.561691652326,8000.0,False,False
2970,37,"[41, 38]",-18.703575134277344,-21.38996696472168,0.17085254192352295,42,38,11.463510146980077,64.52643585205078,96.49355442149685,31.967118569446086,2969.5251705349497,8000.0,False,False
2971,37,"[41, 38]",-18.641855239868164,-21.2542667388916,0.17061088979244232,42,38,11.335919769458293,64.44694519042969,96.88107726035804,32.43413206992835,2825.5428410842014,8000.0,False,False
2972,37,"[41, 38]",-18.579879760742188,-21.118680953979492,0.1704946905374527,42,38,11.209005649491662,64.36943054199219,97.27862605996789,32.90919551797572,2680.5668029080302,8000.0,False,False
2973,37,"[41, 38]",-18.517658233642578,-20.983205795288086,0.17054638266563416,42,38,11.082786051076573,64.29386138916016,97.68644446828853,33.39258307912837,2534.5575551509846,8000.0,False,False
2974,37,"[41, 38]",-18.4551944732666,-20.847837448120117,0.17062775790691376,42,38,10.957280749176013,64.22016906738281,98.1048125639319,33.884643496549074,2387.4623867097766,8000.0,False,False
2975,37,"[41, 38]",-18.39249610900879,-20.712575912475586,0.17061448097229004,42,38,10.832513625198171,64.14832305908203,98.53399560301264,34.38567254393061,2239.239927860497,8000.0,False,False
2976,37,"[41, 38]",-18.329566955566406,-20.577415466308594,0.1705123484134674,42,38,10.708504307457693,64.0782699584961,98.97429040712386,34.89602044862778,2089.836625424966,8000.0,False,False
2977,37,"[41, 38]",-18.26641273498535,-20.442354202270508,0.1703265905380249,42,38,10.585276854721256,64.00997161865234,99.42598885575454,35.41601723710221,1939.2043620892964,8000.0,False,False
2978,37,"[41, 38]",-18.203041076660156,-20.307392120361328,0.1700619012117386,42,38,10.462857816823158,63.94337463378906,99.88937820824431,35.94600357445523,1787.2938614558207,8000.0,False,False
2979,37,"[41, 38]",-18.13945770263672,-20.172527313232422,0.16984015703201294,42,38,10.341273112085256,63.878440856933594,100.36476459634522,36.48632373941163,1634.0545765864535,8000.0,False,False
2980,37,"[41, 38]",-18.075668334960938,-20.037757873535156,0.16965337097644806,42,38,10.220549666470442,63.81512451171875,100.85246147852551,37.03733696680678,1479.433292789442,8000.0,False,False
2981,37,"[41, 38]",-18.011720657348633,-19.903173446655273,0.16949085891246796,42,38,10.100796951674269,63.75428009033203,101.3524539329512,37.59817384261919,1323.6403107725791,8000.0,False,False
2982,37,"[41, 38]",-17.94795799255371,-19.769460678100586,0.16931988298892975,42,38,9.982646860491348,63.70261001586914,101.86233635326067,38.15972633739153,1168.6422185769688,8000.0,False,False
2983,37,"[41, 38]",-17.884689331054688,-19.637237548828125,0.16911153495311737,42,38,9.86665529947695,63.66659927368164,102.37973313727686,38.7131338635952,1016.328090925942,8000.0,False,False
2984,37,"[41, 38]",-17.822193145751953,-19.507038116455078,0.1688406765460968,42,38,9.753287468445677,63.6524772644043,102.90231601093693,39.249838746532646,868.4920976327376,8000.0,False,False
2985,37,"[41, 38]",-17.760709762573242,-19.379323959350586,0.16854465007781982,42,38,9.642932059383327,63.66609573364258,103.42786000135321,39.761764267710646,726.805065014416,8000.0,False,False
2986,37,"[41, 38]",-17.700448989868164,-19.25448226928711,0.16819965839385986,42,38,9.535899376605641,63.71291732788086,103.95423152878189,40.24131420090103,592.8120858263746,8000.0,False,False
2987,37,"[41, 38]",-17.641590118408203,-19.13282012939453,0.16778597235679626,42,38,9.432417541938214,63.797916412353516,104.47942874201667,40.68151232966315,467.903157710698,8000.0,False,False
2988,37,"[41, 38]",-17.58427619934082,-19.014572143554688,0.16734646260738373,42,38,9.332643377544404,63.925567626953125,105.00163952146316,41.07607189451005,353.30298862955624,8000.0,False,False
2989,37,"[41, 38]",-17.52861785888672,-18.89990234375,0.16692177951335907,42,38,9.236665600513012,64.09976959228516,105.51925214806194,41.41948255577677,250.0544503347155,8000.0,False,False
2990,37,"[41, 38]",-17.474695205688477,-18.788902282714844,0.16649176180362701,42,38,9.144504778241572,64.32383728027344,106.03088302516835,41.70704574489491,159.0106700770566,8000.0,False,False
2991,37,"[41, 38]",-17.422557830810547,-18.681602478027344,0.16609938442707062,42,38,9.056126640126372,64.60047912597656,106.5353924118863,41.934913285909744,80.8323101566275,8000.0,False,False
2992,37,"[41, 38]",-17.372222900390625,-18.57796287536621,0.16584442555904388,42,38,8.97143575891799,64.93175506591797,107.03194580663198,42.10019074071403,15.965279170419308,8000.0,False,False
2993,37,"[41, 38]",-17.323684692382812,-18.477895736694336,0.16576014459133148,42,38,8.890296943749748,65.31912994384766,107.5199456050135,42.20081566116585,-35.327899303563754,8000.0,False,False
2994,37,"[41, 38]",-17.276914596557617,-18.381250381469727,0.16587889194488525,42,38,8.812522457919039,65.76342010498047,107.99908532039059,42.23566521541011,-72.9927554009455,8000.0,False,False
2995,37,"[41, 38]",-17.231855392456055,-18.287832260131836,0.1661144644021988,42,38,8.737893804593678,66.26483154296875,108.46937310256443,42.20454155959567,-97.17025744650527,8000.0,False,False
2996,37,"[41, 38]",-17.188438415527344,-18.197402954101562,0.1664503961801529,42,38,8.666157956972365,66.82299041748047,108.93104500561348,42.10805458813303,-108.17500209627269,8000.0,False,False
2997,37,"[41, 38]",-17.14657974243164,-18.109682083129883,0.16687411069869995,42,38,8.597031502544311,67.43695068359375,109.38460117159964,41.94765048800588,-106.49681291603338,8000.0,False,False
2998,37,"[41, 38]",-17.106184005737305,-18.024364471435547,0.16731758415699005,42,38,8.530216654873877,68.10523986816406,109.83075815754712,41.72551828938305,-92.774571011435,8000.0,False,False
2999,37,"[41, 38]",-17.06715202331543,-17.941110610961914,0.16778045892715454,42,38,8.465390421585687,68.8259048461914,110.27043146211261,41.444526615921205,-67.78614632154859,8000.0,False,False
3000,37,"[41, 38]",-17.029376983642578,-17.85956382751465,0.16826429963111877,42,38,8.40222260262659,69.5965576171875,110.70472887273786,41.10817125555036,-32.428414195328514,8000.0,False,False
3001,37,"[41, 38]",-16.99276351928711,-17.77935218811035,0.16859586536884308,42,38,8.340371197829732,70.4144058227539,111.13482898073772,40.72042315798382,12.311826081325307,8000.0,False,False
3002,37,"[41, 38]",-16.957212448120117,-17.700092315673828,0.16873852908611298,42,38,8.279491394752114,71.27632904052734,111.56207227594963,40.285743235422274,65.36216613630222,8000.0,False,False
3003,37,"[41, 38]",-16.922637939453125,-17.621400833129883,0.1687195897102356,42,38,8.219240105443214,72.1789321899414,111.98782466462048,39.808892474679055,125.6040949883718,8000.0,False,False
3004,37,"[41, 38]",-16.888965606689453,-17.542892456054688,0.16856496036052704,42,38,8.159274575596035,73.11856079101562,112.41349408738,39.29493329636438,191.87533279034506,8000.0,False,False
3005,37,"[41, 38]",-16.85613250732422,-17.464189529418945,0.1682990938425064,42,38,8.099260962741656,74.09144592285156,112.84050553451854,38.74905961166698,263.0066733968706,8000.0,False,False
3006,37,"[41, 38]",-16.824094772338867,-17.38492774963379,0.16788624227046967,42,38,8.038876282316856,75.09364318847656,113.27023414231549,38.17659095383891,337.8264205045589,8000.0,False,False
3007,37,"[41, 38]",-16.792823791503906,-17.304759979248047,0.16735391318798065,42,38,7.977812832272221,76.12118530273438,113.7040164845981,37.582831181863725,415.1893862529432,8000.0,False,False
3008,37,"[41, 38]",-16.762310028076172,-17.223358154296875,0.1668451726436615,42,38,7.915777875834015,77.17007446289062,114.14311709153478,36.97304262864415,493.9829195973207,8000.0,False,False
3009,37,"[41, 38]",-16.732555389404297,-17.14042091369629,0.1664304882287979,42,38,7.8525031109871115,78.23636627197266,114.58875280629972,36.35238653432708,573.1426038109662,8000.0,False,False
3010,37,"[41, 38]",-16.703588485717773,-17.055673599243164,0.166291281580925,42,38,7.7877377209655325,79.3161849975586,115.04198678172908,35.72580178417047,651.6707528775928,8000.0,False,False
3011,37,"[41, 38]",-16.675445556640625,-16.968873977661133,0.16647346317768097,42,38,7.72126069779949,80.40579223632812,115.50383149679455,35.09803926046641,728.6358707821009,8000.0,False,False
3012,37,"[41, 38]",-16.648181915283203,-16.87980842590332,0.16695962846279144,42,38,7.652871908647427,81.50160217285156,115.97517837131454,34.47357619846298,803.1829329105526,8000.0,False,False
3013,37,"[41, 38]",-16.62186622619629,-16.78830337524414,0.16773414611816406,42,38,7.582404005858848,82.60022735595703,116.45679145291449,33.85656409695747,874.5463504143986,8000.0,False,False
3014,37,"[41, 38]",-16.596574783325195,-16.694215774536133,0.16854755580425262,42,38,7.509715576607834,83.69850158691406,116.94936804458517,33.25086645767112,942.0391861598514,8000.0,False,False
3015,37,"[41, 38]",-16.5723934173584,-16.597442626953125,0.16935153305530548,42,38,7.434698117698269,84.79350280761719,117.45348477425851,32.65998196664134,1005.0673383264261,8000.0,False,False
3016,37,"[41, 38]",-16.549415588378906,-16.49791145324707,0.1699845939874649,42,38,7.357267565880823,85.88258361816406,117.96963251279792,32.08704889463385,1063.1227928748758,8000.0,False,False
3017,37,"[41, 38]",-16.52773666381836,-16.395593643188477,0.17035971581935883,42,38,7.277378011659427,86.96337890625,118.49819630883857,31.534817402588573,1115.7920338179442,8000.0,False,False
3018,37,"[41, 38]",-16.507455825805664,-16.290485382080078,0.17039796710014343,42,38,7.1950032071474395,88.03379821777344,119.03949890400142,31.005700686227982,1162.736807050232,8000.0,False,False
3019,37,"[41, 38]",-16.48866844177246,-16.1826229095459,0.17020398378372192,42,38,7.110152976796381,89.09207916259766,119.59378451158376,30.501705348986093,1203.7104111535,8000.0,False,False
3020,37,"[41, 38]",-16.471466064453125,-16.072071075439453,0.16981229186058044,42,38,7.022862584409178,90.13674926757812,120.16124810375874,30.024498836180612,1238.539436453998,7946.076856646731,False,False
3021,37,"[41, 38]",-16.4559383392334,-15.958921432495117,0.16931185126304626,42,38,6.933189575798818,91.16663360595703,120.74201686672178,29.57538326076474,1267.124071124434,7874.32810875082,False,False
3022,37,"[41, 38]",-16.442167282104492,-15.843297958374023,0.16884052753448486,42,38,6.841220993277863,92.18085479736328,121.33615201209925,29.15529721473598,1289.438845914553,7802.7947600863945,False,False
3023,37,"[41, 38]",-16.430221557617188,-15.725341796875,0.16846251487731934,42,38,6.7470628290201144,93.1788558959961,121.94373990864493,28.76488401264885,1305.5148851010204,7731.651652781029,False,False
3024,37,"[41, 38]",-16.420167922973633,-15.605218887329102,0.16811689734458923,42,38,6.650840283345993,94.16032409667969,122.56476482398008,28.404440727300397,1315.4461050826185,7661.059069933367,False,False
3025,37,"[41, 38]",-16.412059783935547,-15.483113288879395,0.16798299551010132,42,38,6.552697637823559,95.12525939941406,123.19920557256033,28.073946173146282,1319.3830243292082,7591.162797117237,False,False
3026,37,"[41, 38]",-16.40593910217285,-15.359221458435059,0.1681033819913864,42,38,6.4527922930961354,96.07389068603516,123.84703669191597,27.773146005880818,1317.5154157548477,7522.095786183427,False,False
3027,37,"[41, 38]",-16.401836395263672,-15.233755111694336,0.16845647990703583,42,38,6.35129702467423,97.00672912597656,124.50820307840328,27.50147395242672,1310.084291112254,7453.9725422649535,False,False
3028,37,"[41, 38]",-16.39977264404297,-15.106935501098633,0.16896291077136993,42,38,6.248393971810908,97.9244613647461,125.18262122910411,27.25815986435802,1297.3615350197288,7386.892897170364,False,False
3029,37,"[41, 38]",-16.399757385253906,-14.978987693786621,0.16949144005775452,41,38,6.144270936401845,98.82804107666016,125.87021278030628,27.04217170364612,1279.6561839305114,7320.935327844355,False,False
3030,37,"[41, 38]",-16.40178871154785,-14.85014533996582,0.1700405329465866,41,38,6.039125292220441,99.71858215332031,126.57086982078148,26.852287667461155,1257.3048057601404,7256.163448830417,False,False
3031,37,"[41, 38]",-16.405855178833008,-14.720640182495117,0.17060774564743042,41,38,5.933154365774502,100.59738159179688,127.28448814009637,26.687106548299482,1230.664956373752,7192.621783232826,False,False
3032,37,"[41, 38]",-16.411935806274414,-14.590707778930664,0.1711311936378479,41,38,5.826560097504371,101.46588897705078,128.01092748830354,26.545038511252756,1200.1185386908246,7130.337061443522,False,False
3033,37,"[41, 38]",-16.419998168945312,-14.460576057434082,0.1714954674243927,41,38,5.719541229374005,102.32569122314453,128.75008638806364,26.424395164919105,1166.0545293102223,7069.32106980185,False,False
3034,37,"[41, 38]",-16.43000602722168,-14.330473899841309,0.17171351611614227,41,38,5.612295534171407,103.17847442626953,129.50178637415587,26.32331194788634,1128.8815507063314,7009.565883764619,False,False
3035,37,"[41, 38]",-16.44191551208496,-14.200620651245117,0.17179623246192932,41,38,5.505013994424408,104.02603149414062,130.26586042304524,26.239828928904615,1089.0131226790381,6951.047170287904,False,False
3036,37,"[41, 38]",-16.455673217773438,-14.071228981018066,0.17175275087356567,41,38,5.39788456296445,104.8702163696289,131.04214849894186,26.17193212931295,1046.8636034295005,6893.729360421517,False,False
3037,37,"[41, 38]",-16.471223831176758,-13.942501068115234,0.1715906858444214,41,38,5.29108456951357,105.71295928955078,131.8304608814534,26.117501591902624,1002.852282137062,6837.558140358646,False,False
3038,37,"[41, 38]",-16.488506317138672,-13.814630508422852,0.17131638526916504,41,38,5.184784836477344,106.55618286132812,132.6305945323457,26.07441167101757,957.390947859993,6782.470425360065,False,False
3039,37,"[41, 38]",-16.50745964050293,-13.687797546386719,0.17093512415885925,41,38,5.079142536477179,107.40186309814453,133.44232172792053,26.040458629775998,910.8911746401031,6728.385469922821,False,False
3040,37,"[41, 38]",-16.528017044067383,-13.56217098236084,0.17062772810459137,41,38,4.974306761133675,108.251953125,134.26542549464114,26.013472369641136,863.7510673161019,6675.216574219259,True,False
3041,38,"[40, 38]",-16.550113677978516,-13.437906265258789,0.17038021981716156,41,38,13.873681574432661,109.10839080810547,104.39847364603376,-4.70991716207169,8000.0,7446.882718464681,False,False
3042,38,"[40, 38]",-16.57481575012207,-13.311923027038574,0.17037931084632874,41,38,13.745514971197395,109.94341278076172,104.42932480694304,-5.514087973818675,8000.0,7347.051274139403,False,False
3043,38,"[40, 38]",-16.602066040039062,-13.184467315673828,0.1706627607345581,41,38,13.615290433711918,110.75756072998047,104.45192039462094,-6.305640335359527,8000.0,7247.25439910939,False,False
3044,38,"[40, 38]",-16.63180923461914,-13.05575942993164,0.17120549082756042,41,38,13.4832326733705,111.55135345458984,104.46602529976533,-7.085328154824509,8000.0,7147.4696985553,False,False
3045,38,"[40, 38]",-16.663991928100586,-12.926002502441406,0.17192593216896057,41,38,13.34955020024643,112.3252944946289,104.47139742885246,-7.853897065776437,8000.0,7047.6691737584915,False,False
3046,38,"[40, 38]",-16.69855308532715,-12.79537582397461,0.17275048792362213,41,38,13.21443128580102,113.07989501953125,104.4678357576495,-8.612059261881768,8000.0,6947.822834188482,False,False
3047,38,"[40, 38]",-16.735441207885742,-12.664041519165039,0.1735539585351944,41,38,13.078046173121827,113.81562042236328,104.45510337975907,-9.360517042604215,8000.0,6847.896022786738,False,False
3048,38,"[40, 38]",-16.774599075317383,-12.532149314880371,0.1742822825908661,41,38,12.940555535810665,114.532958984375,104.43298671698055,-10.099972267394435,8000.0,6747.848388122637,False,False
3049,38,"[40, 38]",-16.815969467163086,-12.399829864501953,0.1749454140663147,41,38,12.80210260475334,115.23234558105469,104.40128030004455,-10.831065281010126,8000.0,6647.642474284759,False,False
3050,38,"[40, 38]",-16.8594970703125,-12.267204284667969,0.17555207014083862,41,38,12.66282194509391,115.91426086425781,104.35976888829384,-11.55449197596397,8000.0,6547.22805617678,False,False
3051,38,"[40, 38]",-16.905126571655273,-12.134380340576172,0.1761099249124527,41,38,12.522836251713734,116.5791244506836,104.30824046362794,-12.27088398705564,8000.0,6446.558734606408,False,False
3052,38,"[40, 38]",-16.952804565429688,-12.001453399658203,0.1765080690383911,41,38,12.382256810478193,117.22734832763672,104.24647740360969,-12.980870924027045,8000.0,6345.583711384988,False,False
3053,38,"[40, 38]",-17.002477645874023,-11.868512153625488,0.17670534551143646,41,38,12.241189525705453,117.859375,104.17425879895407,-13.685116201045929,8000.0,6244.242735901564,False,False
3054,38,"[40, 38]",-17.054094314575195,-11.735631942749023,0.17666448652744293,41,38,12.099727988805757,118.47559356689453,104.09135983852877,-14.384233728365757,8000.0,6142.478129099708,False,False
3055,38,"[40, 38]",-17.10759925842285,-11.602884292602539,0.17641060054302216,41,38,11.957964122600417,119.0763931274414,103.9975674650681,-15.078825662373305,8000.0,6018.2442514858,False,False
3056,38,"[40, 38]",-17.16294288635254,-11.470331192016602,0.17596609890460968,41,38,11.815980311453073,119.66217803955078,103.89264352468264,-15.769534514868155,8000.0,5841.501429922685,False,False
3057,38,"[40, 38]",-17.220075607299805,-11.338028907775879,0.17546851933002472,41,38,11.67385451094415,120.2332992553711,103.77634635281929,-16.45695290255179,8000.0,5664.578712087938,False,False
3058,38,"[40, 38]",-17.278945922851562,-11.206027030944824,0.17498263716697693,41,38,11.531659772514631,120.7901382446289,103.64844134938308,-17.141696895245843,8000.0,5487.468951284685,False,False
3059,38,"[40, 38]",-17.339506149291992,-11.074369430541992,0.17456655204296112,41,38,11.389463807123585,121.33306121826172,103.50867270878199,-17.824388509479718,8000.0,5310.157274095431,False,False
3060,38,"[40, 38]",-17.401708602905273,-10.943096160888672,0.17421352863311768,41,38,11.24733176227468,121.86239624023438,103.35677906393389,-18.50561717630049,8000.0,5132.628654001784,False,False
3061,38,"[40, 38]",-17.46550750732422,-10.812240600585938,0.17391736805438995,41,38,11.105323002974243,122.37848663330078,103.19248738419004,-19.18599924911075,8000.0,4954.857445738959,False,False
3062,38,"[40, 38]",-17.53085708618164,-10.681833267211914,0.17373108863830566,41,38,10.963495276478875,122.88166809082031,103.01551763403334,-19.866150456786954,8000.0,4776.813900123062,False,False
3063,38,"[40, 38]",-17.597715377807617,-10.551899909973145,0.17364346981048584,41,38,10.821902010095695,123.37226867675781,102.82556534286488,-20.546703333892935,8000.0,4598.460259819251,False,False
3064,38,"[40, 38]",-17.66603660583496,-10.422463417053223,0.17364421486854553,41,38,10.680595901218018,123.8505859375,102.62233791181224,-21.228248025687776,8000.0,4419.762048394035,False,False
3065,38,"[40, 38]",-17.73577880859375,-10.293543815612793,0.17384153604507446,41,38,10.5396272176749,124.31693267822266,102.40551543413635,-21.911417244086294,8000.0,4240.674106494546,False,False
3066,38,"[40, 38]",-17.806900024414062,-10.165157318115234,0.17421503365039825,41,38,10.399043744736664,124.7716064453125,102.17477085845584,-22.596835586856656,8000.0,4061.1486367490656,False,False
3067,38,"[40, 38]",-17.879364013671875,-10.03731918334961,0.17474617063999176,41,38,10.258892404882113,125.21491241455078,101.92973525889067,-23.285177155660108,8000.0,3881.126983536073,False,False
3068,38,"[40, 38]",-17.9531307220459,-9.910039901733398,0.17535936832427979,41,38,10.119217593024691,125.64712524414062,101.67005270536023,-23.97707253878039,8000.0,3700.5537507265803,False,False
3069,38,"[40, 38]",-18.028162002563477,-9.783329010009766,0.1758689135313034,41,38,9.980063707523772,126.06852722167969,101.39534493557807,-24.67318228610162,8000.0,3519.366495068648,False,False
3070,38,"[40, 38]",-18.104421615600586,-9.65719223022461,0.17610760033130646,41,38,9.841472409294905,126.4793701171875,101.10521362113859,-25.374156496048897,8000.0,3337.5009721362094,False,False
3071,38,"[40, 38]",-18.18187713623047,-9.531636238098145,0.17610126733779907,41,38,9.703487008451512,126.87993621826172,100.79922283407802,-26.080713384183696,8000.0,3154.880623377948,False,False
3072,38,"[40, 38]",-18.260488510131836,-9.40666675567627,0.1758730411529541,41,38,9.56615281478027,127.27046966552734,100.47696675616397,-26.793502909363383,8000.0,2971.4389894126853,False,False
3073,38,"[40, 38]",-18.340227127075195,-9.282285690307617,0.175443634390831,41,38,9.429510784032574,127.6512451171875,100.13796191027996,-27.513283206907545,8000.0,2787.087879984149,False,False
3074,38,"[40, 38]",-18.421056747436523,-9.15849494934082,0.17489033937454224,41,38,9.29360487280996,128.02247619628906,99.78175331016351,-28.240722886125553,8000.0,2601.7534282149904,False,False
3075,38,"[40, 38]",-18.502944946289062,-9.035295486450195,0.17422382533550262,41,38,9.158479041921138,128.38442993164062,99.40784826619145,-28.976581665449174,8000.0,2415.344986550249,False,False
3076,38,"[40, 38]",-18.585861206054688,-8.912687301635742,0.17345355451107025,41,38,9.024177716849337,128.7373046875,99.01572637027486,-29.721578317225124,8000.0,2227.777181383098,False,False
3077,38,"[40, 38]",-18.669776916503906,-8.790669441223145,0.1727643609046936,41,38,8.890745901032167,129.0813446044922,98.60483840005342,-30.47650620443875,8000.0,2038.950813916384,False,False
3078,38,"[40, 38]",-18.754657745361328,-8.669241905212402,0.1723812073469162,41,38,8.758232272683758,129.41677856445312,98.17465284329641,-31.242125721156697,8000.0,1848.7722248524083,False,False
3079,38,"[40, 38]",-18.840478897094727,-8.548399925231934,0.17227120697498322,41,38,8.62668131263628,129.7438201904297,97.72456387703204,-32.01925631339765,8000.0,1657.1342518703077,False,False
3080,38,"[40, 38]",-18.92721176147461,-8.428139686584473,0.17240463197231293,41,38,8.496141075882546,130.0626678466797,97.25397005680401,-32.80869778987568,8000.0,1463.933071538061,False,False
3081,38,"[40, 38]",-19.01471519470215,-8.30859661102295,0.17274725437164307,41,38,8.366813239953002,130.37196350097656,96.76290460338602,-33.60905889759056,8000.0,1269.5050301769575,False,False
3082,38,"[40, 38]",-19.102346420288086,-8.190491676330566,0.1731768250465393,41,38,8.23953492918198,130.66351318359375,96.25448516468767,-34.4090280189061,8000.0,1076.1627492815742,False,False
3083,38,"[40, 38]",-19.18952178955078,-8.074461936950684,0.17352500557899475,41,38,8.115036075143372,130.92938232421875,95.73189428979754,-35.19748803442121,8000.0,886.1476992041316,False,False
3084,38,"[40, 38]",-19.275718688964844,-7.961058616638184,0.17370010912418365,41,38,7.993937560117909,131.1619415283203,95.19834557923728,-35.963595949083015,8000.0,701.6132544544712,False,False
3085,38,"[40, 38]",-19.36046600341797,-7.850746154785156,0.1736210137605667,41,38,7.876751800054265,131.35403442382812,94.65711998464273,-36.69691443918538,8000.0,524.5993953078614,False,False
3086,38,"[40, 38]",-19.443361282348633,-7.7439069747924805,0.17327529191970825,41,38,7.763887035256772,131.49899291992188,94.11139881217284,-37.38759410774904,8000.0,356.9998848337045,False,False
3087,38,"[40, 38]",-19.52406120300293,-7.640838623046875,0.1726539134979248,41,38,7.6556471053681605,131.59068298339844,93.5642813905538,-38.02640159284465,8000.0,200.5538336392965,False,False
3088,38,"[40, 38]",-19.602279663085938,-7.5417609214782715,0.1718100607395172,41,38,7.552240678310764,131.6237030029297,93.01873892732979,-38.604964075599895,8000.0,56.804249104044175,False,False
3089,38,"[40, 38]",-19.67780113220215,-7.446816444396973,0.17073556780815125,41,38,7.453783419643436,131.59326171875,92.47745179274668,-39.11580992600332,8000.0,-72.91112255789267,False,False
3090,38,"[40, 38]",-19.75046730041504,-7.356077194213867,0.16966131329536438,41,38,7.360308298936636,131.49530029296875,91.94284127547319,-39.55245901749555,8000.0,-187.47354707201794,False,False
3091,38,"[40, 38]",-19.820180892944336,-7.2695441246032715,0.16862183809280396,41,38,7.2717677830645995,131.32655334472656,91.41697679707616,-39.9095765476504,8000.0,-286.01090329601357,False,False
3092,38,"[40, 38]",-19.886903762817383,-7.187156677246094,0.16788679361343384,41,38,7.188046456593612,131.0845184326172,90.90152512186143,-40.18299331075576,8000.0,-367.8971883515105,False,False
3093,38,"[40, 38]",-19.950653076171875,-7.108792781829834,0.16752581298351288,41,38,7.108964054901899,130.7674560546875,90.39772224924424,-40.369733805443275,8000.0,-432.75668165008074,False,False
3094,38,"[40, 38]",-20.011499404907227,-7.034276485443115,0.167428657412529,41,38,7.03428588486217,130.3744354248047,89.90633481886483,-40.46810060593987,8000.0,-480.47397882379346,False,False
3095,38,"[40, 38]",-20.06955337524414,-6.963381767272949,0.1674995720386505,41,38,6.963729123738027,129.9053192138672,89.42772312892362,-40.47759608494357,8000.0,-511.1769499612715,False,False
3096,38,"[40, 38]",-20.124971389770508,-6.895838260650635,0.16777341067790985,41,38,6.8969705788349085,129.36062622070312,88.96175792115744,-40.39886829954568,8000.0,-525.2226254670109,False,False
3097,38,"[40, 38]",-20.177942276000977,-6.83133602142334,0.1682259887456894,41,38,6.833653143903668,128.74166870117188,88.50789999395174,-40.23376870722012,8000.0,-523.2020617091421,False,False
3098,38,"[40, 38]",-20.228681564331055,-6.769530296325684,0.16872110962867737,41,38,6.773391742010513,128.05038452148438,88.06522648868203,-39.98515803280236,8000.0,-505.9016386925937,False,False
3099,38,"[40, 38]",-20.27742576599121,-6.710047245025635,0.16913911700248718,41,38,6.715779856882738,127.28935241699219,87.63246411130396,-39.65688830568823,8000.0,-474.29376035519454,False,False
3100,38,"[40, 38]",-20.324420928955078,-6.652488708496094,0.1695515215396881,41,38,6.660394504517889,126.461669921875,87.20807708277623,-39.25359283909876,8000.0,-429.4951515896714,False,False
3101,38,"[40, 38]",-20.369922637939453,-6.596438407897949,0.1699075847864151,41,38,6.606802738636239,125.57096099853516,86.79026348705627,-38.78069751147888,8000.0,-372.761725716261,False,False
3102,38,"[40, 38]",-20.4141788482666,-6.541464805603027,0.17016394436359406,41,38,6.554563747595601,124.62126159667969,86.37710125254095,-38.24416034413872,8000.0,-305.43930915625606,False,False
3103,38,"[40, 38]",-20.457435607910156,-6.487130641937256,0.17040126025676727,41,38,6.503238524069789,123.61698150634766,85.96650342093515,-37.65047808541249,8000.0,-228.95608435596841,False,False
3104,38,"[40, 38]",-20.499919891357422,-6.4329938888549805,0.17057634890079498,41,38,6.452389500938419,122.56278228759766,85.55636952725646,-37.00641276034119,8000.0,-144.77269655070813,False,False
3105,38,"[40, 38]",-20.541841506958008,-6.378615856170654,0.17071077227592468,41,38,6.401588276299424,121.4636001586914,85.14457672860605,-36.31902343008534,8000.0,-54.38001054724873,False,False
3106,38,"[40, 38]",-20.583383560180664,-6.32356595993042,0.1706489622592926,41,38,6.350419106474768,120.32445526123047,84.72907080100894,-35.59538446022151,7992.837794485076,40.75258048072601,False,False
3107,38,"[40, 38]",-20.624706268310547,-6.267426013946533,0.17042848467826843,41,38,6.298482893678463,119.15049743652344,84.30783896242212,-34.84265847410131,7923.0948470164585,139.17023234802446,False,False
3108,38,"[40, 38]",-20.66593360900879,-6.209796905517578,0.17014294862747192,41,38,6.2454019229656605,117.94686889648438,83.87903949392502,-34.06782940255937,7850.306896116248,239.4807574616084,False,False
3109,38,"[40, 38]",-20.707162857055664,-6.150301933288574,0.16981856524944305,41,38,6.190823303649709,116.7186508178711,83.44092407202488,-33.27772674584622,7774.669500056187,340.35398909305286,False,False
3110,38,"[40, 38]",-20.748455047607422,-6.0885910987854,0.16947954893112183,41,38,6.134421450022637,115.47085571289062,82.99193414431844,-32.47892156857219,7696.401455852095,440.5407343341931,False,False
3111,38,"[40, 38]",-20.78984260559082,-6.0243449211120605,0.1692068725824356,41,38,6.075901831838231,114.20831298828125,82.5306419565944,-31.677671031686856,7615.743234675803,538.8836011837752,False,False
3112,38,"[40, 38]",-20.831323623657227,-5.957279205322266,0.16907364130020142,41,38,6.015004114496986,112.9356460571289,82.05581721415135,-30.87982884297756,7532.951967614948,634.3319898578984,False,False
3113,38,"[40, 38]",-20.872867584228516,-5.887145042419434,0.16908691823482513,41,38,5.951501875164003,111.65727233886719,81.56638429578358,-30.090888043083623,7448.30303261693,725.9341212466561,False,False
3114,38,"[40, 38]",-20.914419174194336,-5.81373405456543,0.1692529171705246,41,38,5.885207395100705,110.37728881835938,81.06140431902446,-29.315884499334913,7362.083915593013,812.8524577016383,False,False
3115,38,"[40, 38]",-20.95589828491211,-5.73687744140625,0.16969458758831024,41,38,5.81596976512205,109.09952545166016,80.54008727746513,-28.55943817419501,7274.593875399314,894.3541485582159,False,False
3116,38,"[40, 38]",-20.997201919555664,-5.6564483642578125,0.17040447890758514,41,38,5.743676502544375,107.82744598388672,80.00179327559013,-27.825652708296587,7186.1346973549225,969.8242170188873,False,False
3117,38,"[40, 38]",-21.0382137298584,-5.572360992431641,0.1713753342628479,41,38,5.668253238771203,106.56419372558594,79.44595543027634,-27.118238295309595,7097.0163510324455,1038.7437674347898,False,False
3118,38,"[40, 38]",-21.078798294067383,-5.484570503234863,0.17259986698627472,41,38,5.589661829148219,105.31253051757812,78.87215448157463,-26.4403760360035,7007.54279457448,1100.7060932155318,False,False
3119,38,"[40, 38]",-21.118818283081055,-5.393073081970215,0.1738942563533783,41,38,5.5079026514661775,104.07485961914062,78.27996817784035,-25.79489144130028,6918.022734098291,1155.3886752797894,False,False
3120,38,"[40, 38]",-21.158123016357422,-5.297903537750244,0.17515087127685547,41,38,5.423009387445624,102.85318756103516,77.66910142290111,-25.184086138134035,6828.750986374798,1202.5721420061286,False,False
3121,38,"[40, 38]",-21.196561813354492,-5.199133396148682,0.17627179622650146,41,38,5.335049038586873,101.649169921875,77.03926929454985,-24.609900627325146,6740.017700067294,1242.113130013639,False,False
3122,38,"[40, 38]",-21.233985900878906,-5.096868991851807,0.1771676242351532,41,38,5.244120014231976,100.4640884399414,76.39019279124032,-24.07389564870107,6652.103141282445,1273.9432327849117,False,False
3123,38,"[40, 38]",-21.270248413085938,-4.991250038146973,0.17781542241573334,40,38,5.150350276850061,99.298828125,75.72161669067944,-23.57721143432056,6565.270714120978,1298.0711241337954,False,False
3124,38,"[40, 38]",-21.305206298828125,-4.882444381713867,0.17813430726528168,40,38,5.053892225110259,98.1539535522461,75.03329801667167,-23.12065553557443,6479.7689507591695,1314.5649275242667,False,False
3125,38,"[40, 38]",-21.338727951049805,-4.77064847946167,0.17816759645938873,40,38,4.954924766483539,97.02967071533203,74.32494522688211,-22.704725488449924,6395.832334098863,1323.5479752517726,True,False
3126,39,"[39, 38]",-21.370691299438477,-4.6560797691345215,0.17795273661613464,40,38,14.720036305579905,95.92583465576172,84.65702638925906,-11.268808266502674,8000.0,6587.031523079876,False,False
3127,39,"[39, 38]",-21.40106964111328,-4.538110256195068,0.17761951684951782,40,38,14.605466304111399,94.849609375,84.495279666238,-10.354329708762009,8000.0,6713.130667136011,False,False
3128,39,"[39, 38]",-21.42974090576172,-4.417054176330566,0.17730456590652466,40,38,14.487774507523886,93.80028533935547,84.33648890570089,-9.46379643365458,8000.0,6834.001340000693,False,False
3129,39,"[39, 38]",-21.456605911254883,-4.293201446533203,0.17707191407680511,40,38,14.367230365379456,92.7771987915039,84.18113258146731,-8.59606621003661,8000.0,6949.943351878033,False,False
3130,39,"[39, 38]",-21.48158073425293,-4.1668171882629395,0.17692017555236816,40,38,14.244079146009113,91.77969360351562,84.02964992023198,-7.75004368328365,8000.0,7061.238168132677,False,False
3131,39,"[39, 38]",-21.50459098815918,-4.038146495819092,0.17696557939052582,40,38,14.118546351509693,90.80712127685547,83.88246329468414,-6.924657982171311,8000.0,7168.15265965946,False,False
3132,39,"[39, 38]",-21.525583267211914,-3.907412052154541,0.17725369334220886,40,38,13.990836797476067,89.8588638305664,83.73992887720908,-6.118934953357325,8000.0,7270.930581224186,False,False
3133,39,"[39, 38]",-21.544511795043945,-3.774819850921631,0.17764894664287567,40,38,13.861139152695008,88.93431854248047,83.60238996950734,-5.3319285729731405,8000.0,7369.802416024891,False,False
3134,39,"[39, 38]",-21.56134033203125,-3.6405582427978516,0.17814674973487854,40,38,13.729625370256388,88.03287506103516,83.47016706930472,-4.562707991730434,8000.0,7464.987555597763,False,False
3135,39,"[39, 38]",-21.576047897338867,-3.504800319671631,0.17868401110172272,40,38,13.596453899782443,87.15397644042969,83.34353295018758,-3.8104434902421076,8000.0,7556.684350898077,False,False
3136,39,"[39, 38]",-21.5886173248291,-3.3677055835723877,0.17920373380184174,40,38,13.461770224373153,86.29703521728516,83.22275858214616,-3.0742766351390003,8000.0,7645.086794041157,False,False
3137,39,"[39, 38]",-21.59903907775879,-3.2294206619262695,0.1797131896018982,40,38,13.325708124613918,85.4615249633789,83.10809619852733,-2.3534287648515715,8000.0,7730.371783571339,False,False
3138,39,"[39, 38]",-21.607311248779297,-3.0900793075561523,0.1800423413515091,40,38,13.188389808030477,84.64689636230469,82.99977746133945,-1.6471189009652392,8000.0,7812.709571434218,False,False
3139,39,"[39, 38]",-21.613435745239258,-2.949805736541748,0.18021436035633087,40,38,13.049928870234709,83.85263061523438,82.89802994879389,-0.9546006664404842,8000.0,7892.259762145756,False,False
3140,39,"[39, 38]",-21.61742401123047,-2.80871319770813,0.18019108474254608,40,38,12.910429668033796,83.07821655273438,82.80305021335042,-0.27516633938395785,8000.0,7969.171366777777,False,False
3141,39,"[39, 38]",-21.61928939819336,-2.6669070720672607,0.18005546927452087,40,38,12.769989542967098,82.32316589355469,82.71503705556148,0.39187116200679384,7956.040459928715,8000.0,False,False
3142,39,"[39, 38]",-21.619050979614258,-2.5244839191436768,0.17982318997383118,40,38,12.628698409395897,81.58698272705078,82.63417327173228,1.0471905446814844,7881.691546989462,8000.0,False,False
3143,39,"[39, 38]",-21.61672592163086,-2.3815319538116455,0.1795080155134201,40,38,12.486638307764503,80.86920166015625,82.56065909235613,1.6914574321998828,7807.576568371825,8000.0,False,False
3144,39,"[39, 38]",-21.61233901977539,-2.238132953643799,0.17918096482753754,40,38,12.343886555933368,80.16936492919922,82.49466982068739,2.325304891488173,7733.673537085298,8000.0,False,False
3145,39,"[39, 38]",-21.605918884277344,-2.0943620204925537,0.1789056360721588,40,38,12.200515077061759,79.48702239990234,82.43637146585696,2.949349065954607,7659.957834109751,8000.0,False,False
3146,39,"[39, 38]",-21.59749412536621,-1.950287938117981,0.17879778146743774,40,38,12.056590284342738,78.82173919677734,82.38593785705294,3.5641986602755935,7586.4013349818815,8000.0,False,False
3147,39,"[39, 38]",-21.587095260620117,-1.8059736490249634,0.17884373664855957,40,38,11.91217382209287,78.17308807373047,82.34354182728536,4.170453753554909,7465.526194426453,8000.0,False,False
3148,39,"[39, 38]",-21.574752807617188,-1.6614763736724854,0.17897213995456696,40,38,11.76732244900342,77.54065704345703,82.30936397633911,4.768706932882083,7314.0402276595905,8000.0,False,False
3149,39,"[39, 38]",-21.560501098632812,-1.5168489217758179,0.17917734384536743,40,38,11.62208986223403,76.92403411865234,82.28357495795842,5.359540839306078,7162.55250120572,8000.0,False,False
3150,39,"[39, 38]",-21.544376373291016,-1.37213933467865,0.179454043507576,40,38,11.476526104606954,76.32282257080078,82.26634366320613,5.943521092405348,7011.073792914613,8000.0,False,False
3151,39,"[39, 38]",-21.526409149169922,-1.227391242980957,0.17967963218688965,40,38,11.330676900063612,75.73664855957031,82.25787520758415,6.521226648013851,6859.606521206244,8000.0,False,False
3152,39,"[39, 38]",-21.506637573242188,-1.082643985748291,0.17968477308750153,40,38,11.184585575333038,75.16513061523438,82.25834526060838,7.093214645374019,6708.150444221339,8000.0,False,False
3153,39,"[39, 38]",-21.485097885131836,-0.9379347562789917,0.17949332296848297,40,38,11.038293910792511,74.60791015625,82.26794833369303,7.6600381774430275,6556.7011802489915,8000.0,False,False
3154,39,"[39, 38]",-21.46182632446289,-0.7932976484298706,0.17918525636196136,40,38,10.891841457278675,74.06461334228516,82.28688812098395,8.22227477869879,6405.246372091168,8000.0,False,False
3155,39,"[39, 38]",-21.436859130859375,-0.64876389503479,0.17883235216140747,40,38,10.74526577866413,73.53490447998047,82.3153780026043,8.780473522623822,6253.772842362532,8000.0,False,False
3156,39,"[39, 38]",-21.410232543945312,-0.5043616890907288,0.17849893867969513,40,38,10.598602281585977,73.0184555053711,82.3536413047116,9.335185799340508,6102.26278681221,8000.0,False,False
3157,39,"[39, 38]",-21.381986618041992,-0.36011648178100586,0.1781838834285736,40,38,10.451885022737171,72.5149154663086,82.40189122172153,9.886975755412948,5950.692997970243,8000.0,False,False
3158,39,"[39, 38]",-21.352155685424805,-0.21605120599269867,0.177885964512825,40,38,10.305145668116074,72.02396392822266,82.46038255390258,10.43641862567992,5799.034659561226,8000.0,False,False
3159,39,"[39, 38]",-21.320777893066406,-0.07218661159276962,0.1776038557291031,40,38,10.158415101853318,71.54530334472656,82.52936139735789,10.984058052631326,5647.260099740382,8000.0,False,False
3160,39,"[39, 38]",-21.287885665893555,0.07145820558071136,0.17739498615264893,40,38,10.011722711498988,71.07862091064453,82.60911875254052,11.530497841895993,5495.330257877435,8000.0,False,False
3161,39,"[39, 38]",-21.25351905822754,0.21486607193946838,0.17731082439422607,40,38,9.865097871760877,70.62360382080078,82.69991651187065,12.076312691069859,5343.207582567533,8000.0,False,False
3162,39,"[39, 38]",-21.217710494995117,0.35802194476127625,0.17733865976333618,40,38,9.718567778604335,70.17997741699219,82.80207405672957,12.622096639737379,5190.848506374876,8000.0,False,False
3163,39,"[39, 38]",-21.180496215820312,0.5009128451347351,0.1774080991744995,40,38,9.572159008880512,69.74745178222656,82.91590453749724,13.168452755270664,5038.205778987955,7980.066361039695,False,False
3164,39,"[39, 38]",-21.141908645629883,0.6435266733169556,0.17751441895961761,40,38,9.425897753948721,69.32574462890625,83.0417610269659,13.71601639805965,4885.225471005626,7949.412944972653,False,False
3165,39,"[39, 38]",-21.10198402404785,0.7858529686927795,0.1776532083749771,40,38,9.279810035976187,68.91459655761719,83.17999204398639,14.265395486369187,4731.855461955848,7918.775402260234,False,False
3166,39,"[39, 38]",-21.060752868652344,0.9278823733329773,0.17782030999660492,40,38,9.133921112010803,68.51374053955078,83.33100067953407,14.81726013998329,4578.032775171694,7888.240462432164,False,False
3167,39,"[39, 38]",-21.018251419067383,1.0696067810058594,0.17801184952259064,40,38,8.988256727435486,68.12291717529297,83.49517615323825,15.372258977945279,4423.695968092336,7857.891585812701,False,False
3168,39,"[39, 38]",-20.974506378173828,1.2110193967819214,0.17816534638404846,40,38,8.842841326454133,67.74187469482422,83.6729904856567,15.931115790832479,4268.770692280783,7827.816120331818,False,False
3169,39,"[39, 38]",-20.929553985595703,1.352115273475647,0.1781069040298462,40,38,8.69769974506996,67.37037658691406,83.86487986167177,16.494503274757705,4113.188453267716,7798.09585327423,False,False
3170,39,"[39, 38]",-20.883420944213867,1.4928892850875854,0.17785626649856567,40,38,8.552857141356526,67.0081787109375,84.07136964559575,17.06319093465825,3956.8656980329706,7768.81914067278,False,False
3171,39,"[39, 38]",-20.836139678955078,1.6333370208740234,0.17743109166622162,40,38,8.408339846188442,66.65503692626953,84.29297751986788,17.63794059359833,3799.719089360357,7740.0728382173675,False,False
3172,39,"[39, 38]",-20.78774070739746,1.7734544277191162,0.17690591514110565,40,38,8.264174942176941,66.31075286865234,84.53026507678338,18.21951220813105,3641.6645894938947,7711.942684075518,False,False
3173,39,"[39, 38]",-20.738248825073242,1.9132376909255981,0.17646527290344238,40,38,8.120390136636809,65.97508239746094,84.78386796505343,18.80878556759251,3482.5998784306207,7684.522905068441,False,False
3174,39,"[39, 38]",-20.687698364257812,2.0526840686798096,0.1762162148952484,40,38,7.9770144510599055,65.64781951904297,85.05439217495055,19.40657265590758,3322.4317670565783,7657.901711032104,False,False
3175,39,"[39, 38]",-20.6361141204834,2.1917920112609863,0.1761961728334427,40,38,7.83407640821087,65.3287582397461,85.3425494424959,20.013791202749815,3161.050230937778,7632.174100309429,False,False
3176,39,"[39, 38]",-20.583524703979492,2.3305606842041016,0.17637984454631805,40,38,7.691605846559625,65.0176773071289,85.64906756959876,20.631390262469836,2998.3400629715593,7607.436886574704,False,False
3177,39,"[39, 38]",-20.529953002929688,2.4689903259277344,0.17668558657169342,40,38,7.549632898113936,64.71440124511719,85.974762937419,21.260361692301814,2834.1786876947017,7583.789077397617,False,False
3178,39,"[39, 38]",-20.475427627563477,2.607081651687622,0.17703983187675476,40,38,7.408189598941462,64.41871643066406,86.32046006291284,21.90174363224878,2668.436455289903,7561.332945663578,False,False
3179,39,"[39, 38]",-20.419971466064453,2.744835138320923,0.17743510007858276,40,38,7.2673099013631655,64.13043975830078,86.68708143928139,22.55664168098059,2500.9734833753964,7540.175602104352,False,False
3180,39,"[39, 38]",-20.363609313964844,2.8822526931762695,0.17768816649913788,40,38,7.127028725703191,63.84938430786133,87.07559374092368,23.226209433062365,2331.6419947385507,7520.426985006759,False,False
3181,39,"[39, 38]",-20.306364059448242,3.019336700439453,0.17775169014930725,40,38,6.9873828461558585,63.57537841796875,87.48704243153941,23.911664013570658,2160.284418336248,7502.2014316796085,False,False
3182,39,"[39, 38]",-20.248260498046875,3.156087636947632,0.17770063877105713,40,38,6.848413663618132,63.3082275390625,87.92252677717808,24.614299238115564,1986.7327146605703,7485.619943796549,False,False
3183,39,"[39, 38]",-20.189321517944336,3.292508363723755,0.17748470604419708,40,38,6.710162940486059,63.04777145385742,88.38323395299024,25.335462499132802,1810.809611729344,7470.8062597347,False,False
3184,39,"[39, 38]",-20.129566192626953,3.428600788116455,0.17711740732192993,40,38,6.57267639551922,62.793853759765625,88.87046365290291,26.076609893137288,1632.3220242737384,7457.892589308905,False,False
3185,39,"[39, 38]",-20.069019317626953,3.5643677711486816,0.1766107976436615,40,38,6.436002319082513,62.546287536621094,89.38555158783672,26.839264051215622,1451.0665331108657,7447.015672385934,False,False
3186,39,"[39, 38]",-20.0078125,3.699592351913452,0.17625759541988373,40,38,6.300412491831286,62.30705261230469,89.9289533196855,27.621900707380803,1267.4068546125454,7438.198701047691,False,False
3187,39,"[39, 38]",-19.946378707885742,3.833486795425415,0.17599409818649292,40,38,6.166746333777701,62.08391571044922,90.49820639271975,28.41429068227052,1083.3003266579708,7431.113792569862,False,False
3188,39,"[39, 38]",-19.885120391845703,3.965344190597534,0.17582197487354279,40,38,6.03574917158795,61.88445281982422,91.09058776071795,29.20613494089372,900.6774983557311,7425.390669560273,False,False
3189,39,"[39, 38]",-19.824403762817383,4.094542503356934,0.17562583088874817,40,38,5.908067559123752,61.71601486206055,91.703163516602,29.987148654541443,721.4257937632278,7420.619103289448,False,False
3190,39,"[39, 38]",-19.764562606811523,4.220541000366211,0.17536185681819916,40,38,5.784252509578,61.58560562133789,92.33276409161694,30.747158470279032,547.374362658145,7416.355494675197,False,False
3191,39,"[39, 38]",-19.70589256286621,4.34288215637207,0.17510980367660522,40,38,5.664757848423084,61.499820709228516,92.97606624279547,31.476245533566953,380.2692031962315,7412.129948500586,False,False
3192,39,"[39, 38]",-19.64865493774414,4.461190700531006,0.17482583224773407,40,38,5.549941604076189,61.46480178833008,93.62959848186154,32.16479669353146,221.76355844334648,7407.448109313228,False,False
3193,39,"[39, 38]",-19.593074798583984,4.575170516967773,0.1745317280292511,40,38,5.4400701318570475,61.48616027832031,94.2898148945669,32.803654616246604,73.39438389018869,7401.801164569104,False,False
3194,39,"[39, 38]",-19.539335250854492,4.684604644775391,0.17419107258319855,40,38,5.3353200272756505,61.56892776489258,94.95322700422,33.38429923932742,-63.44702408219109,7394.6770104432735,False,False
3195,39,"[39, 38]",-19.487579345703125,4.789351940155029,0.17383292317390442,40,38,5.235783430444407,61.71751022338867,95.61646860204894,33.89895837866027,-187.53179342354088,7385.568196389456,False,False
3196,39,"[39, 38]",-19.437911987304688,4.889343738555908,0.17348679900169373,40,38,5.141473558879153,61.935638427734375,96.27636606885642,34.340727641122044,-297.81127644689286,7373.980913866137,False,False
3197,39,"[39, 38]",-19.390399932861328,4.984580993652344,0.17312395572662354,40,38,5.052330160538678,62.22637176513672,96.93003360944591,34.70366184430918,-393.430126923638,7359.442342604978,False,False
3198,39,"[39, 38]",-19.345067977905273,5.075131416320801,0.1727222502231598,39,38,4.9682256913384535,62.59203338623047,97.57501446259774,34.98298107636725,-473.7562313432122,7341.516753558912,True,False
3199,40,"[38, 38]",-19.301908493041992,5.161123275756836,0.1723243147134781,39,38,14.85528842498093,63.03424072265625,92.69348072349717,29.659240000840924,3638.9011895450267,8000.0,False,False
3200,40,"[38, 38]",-19.256301879882812,5.251836776733398,0.17243897914886475,39,38,14.766902361496784,63.46540451049805,92.88677990274935,29.42137539225132,3681.845693651606,8000.0,False,False
3201,40,"[38, 38]",-19.208593368530273,5.346848011016846,0.17301097512245178,39,38,14.67450808949231,63.88579559326172,93.09150188859267,29.20570629533097,3720.679176331674,8000.0,False,False
3202,40,"[38, 38]",-19.159090042114258,5.445773601531982,0.1738142967224121,39,38,14.578499086501832,64.29568481445312,93.30674294627437,29.011058131821244,3755.642680729345,8000.0,False,False
3203,40,"[38, 38]",-19.108070373535156,5.5482659339904785,0.17464570701122284,39,38,14.479231884779864,64.6953353881836,93.5316913905581,28.836356002374487,3786.954642719409,8000.0,False,False
3204,40,"[38, 38]",-19.05577850341797,5.654012203216553,0.17538124322891235,39,38,14.377027512669898,65.08499908447266,93.765651406449,28.68065232197634,3814.806593450759,8000.0,False,False
3205,40,"[38, 38]",-19.00243377685547,5.762728691101074,0.17585065960884094,39,38,14.27217687294953,65.46492767333984,94.00800637463396,28.54307870129412,3839.372349183997,8000.0,False,False
3206,40,"[38, 38]",-18.948232650756836,5.874156951904297,0.17607727646827698,39,38,14.164944630190677,65.83536529541016,94.258212289732,28.422846994321844,3860.80828001216,8000.0,False,False
3207,40,"[38, 38]",-18.89334487915039,5.988064765930176,0.17602334916591644,39,38,14.05556880955979,66.19654083251953,94.51581594903953,28.319275116520004,3879.249116891281,8000.0,False,False
3208,40,"[38, 38]",-18.837928771972656,6.104240417480469,0.17571380734443665,39,38,13.944265628357499,66.54869079589844,94.78039426743635,28.231703471537912,3894.8231795608117,8000.0,False,False
3209,40,"[38, 38]",-18.782119750976562,6.22249174118042,0.17528873682022095,39,38,13.831231547581115,66.89205169677734,95.05160255098326,28.159550854205918,3907.6426945356,8000.0,False,False
3210,40,"[38, 38]",-18.726036071777344,6.342644691467285,0.17475663125514984,39,38,13.716644564685607,67.22682189941406,95.32915370772753,28.102331808313465,3917.800977097157,8000.0,False,False
3211,40,"[38, 38]",-18.669790267944336,6.464542388916016,0.17412516474723816,39,38,13.600664346740823,67.55322265625,95.61277283745854,28.05955018120852,3925.3915398500235,8000.0,False,False
3212,40,"[38, 38]",-18.61347198486328,6.588040351867676,0.17351892590522766,39,38,13.483438787634581,67.87146759033203,95.90226901048814,28.03080142015611,3930.490099604165,8000.0,False,False
3213,40,"[38, 38]",-18.55716896057129,6.713008403778076,0.17305003106594086,39,38,13.365100339556415,68.18175506591797,96.19745069791213,28.015695631994163,3933.1683813178033,8000.0,False,False
3214,40,"[38, 38]",-18.50094985961914,6.839328765869141,0.17276054620742798,39,38,13.24576984007556,68.48429870605469,96.49819947580822,28.013900769753548,3933.486580790753,8000.0,False,False
3215,40,"[38, 38]",-18.444883346557617,6.966893196105957,0.17262957990169525,39,38,13.125557541206508,68.77925872802734,96.80438979654056,28.02513106851322,3931.4955200595814,8000.0,False,False
3216,40,"[38, 38]",-18.389020919799805,7.09560489654541,0.17269714176654816,39,38,13.004563298431266,69.06685638427734,97.1159653799728,28.049108995695462,3927.2434776708274,8000.0,False,False
3217,40,"[38, 38]",-18.333412170410156,7.225375175476074,0.17288169264793396,39,38,12.882878343021016,69.34725189208984,97.43287395965842,28.08562206756858,3920.7661839049306,8000.0,False,False
3218,40,"[38, 38]",-18.278100967407227,7.356123924255371,0.17310982942581177,39,38,12.76058535088541,69.62064361572266,97.75508534666653,28.134441730943877,3912.1012648582782,8000.0,False,False
3219,40,"[38, 38]",-18.223121643066406,7.4877777099609375,0.17325681447982788,39,38,12.63776100939915,69.88719177246094,98.0826090793502,28.195417306889283,3901.271620239983,8000.0,False,False
3220,40,"[38, 38]",-18.16850471496582,7.620269775390625,0.1733279824256897,39,38,12.514475434999637,70.14708709716797,98.41547087280595,28.26838377563797,3888.301822866072,8000.0,False,False
3221,40,"[38, 38]",-18.11427879333496,7.753539085388184,0.17326940596103668,39,38,12.39079292871853,70.40046691894531,98.75370459850727,28.35323767956197,3873.2046618725376,8000.0,False,False
3222,40,"[38, 38]",-18.060462951660156,7.8875298500061035,0.1730913370847702,39,38,12.266773703642535,70.64752197265625,99.09738804350947,28.449866070853204,3855.9937869319665,8000.0,False,False
3223,40,"[38, 38]",-18.007080078125,8.02219009399414,0.17286184430122375,39,38,12.142473387222982,70.88838195800781,99.44658220962445,28.558200251616654,3836.674159123469,8000.0,False,False
3224,40,"[38, 38]",-17.95414161682129,8.15747356414795,0.17264214158058167,39,38,12.017943622262392,71.12322235107422,99.80140411292173,28.678181761847497,3815.2481045833274,8000.0,False,False
3225,40,"[38, 38]",-17.901660919189453,8.293335914611816,0.17242851853370667,39,38,11.893233828785778,71.35218811035156,100.16196352468754,28.809775414335974,3741.0394586914517,8000.0,False,False
3226,40,"[38, 38]",-17.84964942932129,8.429738998413086,0.17221763730049133,39,38,11.768387622000784,71.5754165649414,100.52838481071527,28.95296824577386,3656.284591516808,8000.0,False,False
3227,40,"[38, 38]",-17.798112869262695,8.566646575927734,0.17206530272960663,39,38,11.6434478337068,71.7930679321289,100.90082287518943,29.107754943060513,3569.542652276454,8000.0,False,False
3228,40,"[38, 38]",-17.74705696105957,8.704026222229004,0.1719629019498825,39,38,11.518453712404288,72.0052719116211,101.2794387064733,29.274166794852192,3480.8368914054413,8000.0,False,False
3229,40,"[38, 38]",-17.696483612060547,8.841845512390137,0.17196150124073029,39,38,11.393445454245779,72.21216583251953,101.66441505229973,29.452249219780185,3390.1880256693303,8000.0,False,False
3230,40,"[38, 38]",-17.646398544311523,8.98007869720459,0.17198941111564636,39,38,11.268456208905594,72.41387176513672,102.0559264503658,29.642054685229084,3297.611754529536,8000.0,False,False
3231,40,"[38, 38]",-17.5968017578125,9.118699073791504,0.17204098403453827,39,38,11.14352150973645,72.61053466796875,102.45417927845206,29.843644610483295,3203.1229045940804,8000.0,False,False
3232,40,"[38, 38]",-17.54768943786621,9.257683753967285,0.17211109399795532,39,38,11.018674394995585,72.8022689819336,102.85940882134352,30.057139839409928,3106.724219094153,8000.0,False,False
3233,40,"[38, 38]",-17.499061584472656,9.397011756896973,0.17219512164592743,39,38,10.89394568747437,72.98920440673828,103.27183987890201,30.282635472163747,3008.421619434984,8000.0,False,False
3234,40,"[38, 38]",-17.45091438293457,9.536661148071289,0.17223012447357178,39,38,10.769368477928996,73.17145538330078,103.69172228385291,30.520266900552144,2908.214628118391,8000.0,False,False
3235,40,"[38, 38]",-17.40324592590332,9.676616668701172,0.1720418781042099,39,38,10.644969475121862,73.34915161132812,104.11931190969229,30.770160298364146,2806.101106192668,8000.0,False,False
3236,40,"[38, 38]",-17.35605239868164,9.816859245300293,0.17176763713359833,39,38,10.520780130225287,73.52239227294922,104.5548779323795,31.03248565943028,2702.073095547808,8000.0,False,False
3237,40,"[38, 38]",-17.309326171875,9.957372665405273,0.17147204279899597,39,38,10.396830739744974,73.69129180908203,104.99872215516419,31.307430346082157,2596.1187531703067,8000.0,False,False
3238,40,"[38, 38]",-17.263063430786133,10.098142623901367,0.17115448415279388,39,38,10.27314953071837,73.85595703125,105.45113861715359,31.59518158590359,2488.225030538645,8000.0,False,False
3239,40,"[38, 38]",-17.217260360717773,10.239153861999512,0.17099076509475708,39,38,10.149766363308647,74.0165023803711,105.9124297056309,31.895927325259805,2378.3792411795257,8000.0,False,False
3240,40,"[38, 38]",-17.171907424926758,10.380393981933594,0.1709626466035843,39,38,10.026710704712878,74.17301940917969,106.38294363443093,32.20992422525126,2266.5561420556105,8000.0,False,False
3241,40,"[38, 38]",-17.126998901367188,10.5218505859375,0.17099487781524658,39,38,9.904011895592546,74.32561492919922,106.86301957472152,32.537404645522315,2152.734457932421,8000.0,False,False
3242,40,"[38, 38]",-17.082529067993164,10.663514137268066,0.17101982235908508,39,38,9.781697444927342,74.4743881225586,107.3530132570351,32.87862513447652,2036.887557839451,8000.0,False,False
3243,40,"[38, 38]",-17.038490295410156,10.805375099182129,0.17103534936904907,39,38,9.659796415925126,74.61943817138672,107.85330384287623,33.233865671489525,1918.9851395938877,8000.0,False,False
3244,40,"[38, 38]",-16.994874954223633,10.94742202758789,0.17103958129882812,39,38,9.538340761754812,74.7608413696289,108.36428031109776,33.60343894146885,1798.9921827837802,8000.0,False,False
3245,40,"[38, 38]",-16.951677322387695,11.089648246765137,0.17097201943397522,39,38,9.417358414822123,74.8987045288086,108.8863432253506,33.98763869654201,1676.8749032727997,8000.0,False,False
3246,40,"[38, 38]",-16.908885955810547,11.232044219970703,0.17083698511123657,39,38,9.296883058032646,75.0331039428711,109.41993506922522,34.38683112635414,1552.5890626674318,8000.0,False,False
3247,40,"[38, 38]",-16.866497039794922,11.374601364135742,0.17069721221923828,39,38,9.176946247482492,75.16414642333984,109.96547080809559,34.80132438475573,1426.099370236735,8000.0,False,False
3248,40,"[38, 38]",-16.824594497680664,11.516955375671387,0.17065440118312836,39,38,9.05788309719829,75.29509735107422,110.52207086645167,35.22697351537744,1298.2891649887533,8000.0,False,False
3249,40,"[38, 38]",-16.783321380615234,11.658517837524414,0.17061401903629303,39,38,8.940209505783715,75.4315185546875,111.0878536746045,35.656335119917,1170.7002207773198,8000.0,False,False
3250,40,"[38, 38]",-16.742801666259766,11.798757553100586,0.17055010795593262,39,38,8.824382055313837,75.57880401611328,111.66095344161691,36.082149425503644,1044.8120942377177,8000.0,False,False
3251,40,"[38, 38]",-16.703149795532227,11.937207221984863,0.1704399287700653,39,38,8.710789209475353,75.74214172363281,112.2394960403558,36.497354316722976,922.0357944041698,8000.0,False,False
3252,40,"[38, 38]",-16.66445541381836,12.07346248626709,0.17032267153263092,39,38,8.599758987496147,75.92645263671875,112.82171178740936,36.895259150690606,803.686215132374,8000.0,False,False
3253,40,"[38, 38]",-16.62680435180664,12.207178115844727,0.17017589509487152,39,38,8.49155591156061,76.13636779785156,113.40582390968481,37.26945611183325,690.9958664318583,8000.0,False,False
3254,40,"[38, 38]",-16.590261459350586,12.33807373046875,0.16998068988323212,39,38,8.386383670887176,76.37610626220703,113.99019597773606,37.61408971552902,585.0678604651821,8000.0,False,False
3255,40,"[38, 38]",-16.554882049560547,12.465930938720703,0.16972149908542633,39,38,8.284384968877655,76.6495361328125,114.57328582235556,37.92374968954306,486.89401771258963,8000.0,False,False
3256,40,"[38, 38]",-16.52070426940918,12.590587615966797,0.16938596963882446,39,38,8.185651510880005,76.96007537841797,115.15370886327497,38.193633484857,397.32986280430214,8000.0,False,False
3257,40,"[38, 38]",-16.48775863647461,12.711944580078125,0.16896475851535797,39,38,8.090215769651099,77.3106689453125,115.73023029109075,38.41956134577825,317.08794185218085,8000.0,False,False
3258,40,"[38, 38]",-16.4560604095459,12.829955101013184,0.1685100644826889,39,38,7.99806549574801,77.70380401611328,116.30181543524645,38.59801141913317,246.73752834852894,8000.0,False,False
3259,40,"[38, 38]",-16.425617218017578,12.944626808166504,0.16801203787326813,39,38,7.909140480998879,78.14147186279297,116.86761832097756,38.72614645818459,186.6984815997539,8000.0,False,False
3260,40,"[38, 38]",-16.396425247192383,13.056015968322754,0.1674637347459793,39,38,7.823341052981204,78.62516021728516,117.42701821865772,38.80185800137258,137.237345357903,8000.0,False,False
3261,40,"[38, 38]",-16.368473052978516,13.164225578308105,0.16691970825195312,39,38,7.740529691900958,79.1558609008789,117.97961679735401,38.82375589647512,98.47043613340975,8000.0,False,False
3262,40,"[38, 38]",-16.34174346923828,13.269400596618652,0.16648989915847778,39,38,7.660535828103549,79.73408508300781,118.52523511624479,38.79115003323699,70.36993618655288,8000.0,False,False
3263,40,"[38, 38]",-16.31621742248535,13.371724128723145,0.166157528758049,39,38,7.583158649543831,80.35986328125,119.06389772135104,38.704034440101054,52.76902641263496,8000.0,False,False
3264,40,"[38, 38]",-16.291866302490234,13.471412658691406,0.16590948402881622,39,38,7.508176089550794,81.03277587890625,119.59588553293563,38.563109654029375,45.36334339362202,8000.0,False,False
3265,40,"[38, 38]",-16.268667221069336,13.568710327148438,0.1657358556985855,39,38,7.435343378973803,81.75194549560547,120.12163060187464,38.36968510626917,47.72909394346152,8000.0,False,False
3266,40,"[38, 38]",-16.246593475341797,13.663885116577148,0.16568833589553833,39,38,7.364401697034142,82.51612854003906,120.6417779689407,38.125649428901625,59.333834300655326,8000.0,False,False
3267,40,"[38, 38]",-16.225627899169922,13.757225036621094,0.16575634479522705,39,38,7.295075325102199,83.32369232177734,121.15709304842746,37.8334007266501,79.54941311407947,8000.0,False,False
3268,40,"[38, 38]",-16.205751419067383,13.849029541015625,0.16593201458454132,39,38,7.227085158015479,84.17266845703125,121.66851220251422,37.49584374548297,107.66057792212905,8000.0,False,False
3269,40,"[38, 38]",-16.18695640563965,13.939608573913574,0.1661509871482849,39,38,7.160142854013065,85.06082153320312,122.17705507415809,37.116233540954966,142.89149143826035,8000.0,False,False
3270,40,"[38, 38]",-16.169240951538086,14.029273986816406,0.1664155274629593,39,38,7.093961094612802,85.98562622070312,122.6838313189096,36.69820509820647,184.4074630829573,8000.0,False,False
3271,40,"[38, 38]",-16.152612686157227,14.118337631225586,0.16667017340660095,39,38,7.028253080458569,86.94436645507812,123.19000863889771,36.2456421838196,231.33923034204463,8000.0,False,False
3272,40,"[38, 38]",-16.137088775634766,14.20710563659668,0.1669837385416031,39,38,6.962737122201072,87.93416595458984,123.69678874947572,35.762622794885885,282.7961964883425,8000.0,False,False
3273,40,"[38, 38]",-16.12270164489746,14.295872688293457,0.1673603504896164,39,38,6.8971378790508,88.95201110839844,124.20534154385234,35.253330435453904,337.88362579337854,8000.0,False,False
3274,40,"[38, 38]",-16.10948371887207,14.38492202758789,0.16774579882621765,39,38,6.831194446799856,89.99480438232422,124.71690781216208,34.72210342983786,395.69982606430085,8000.0,False,False
3275,40,"[38, 38]",-16.097490310668945,14.474517822265625,0.16815082728862762,39,38,6.764653366713108,91.05943298339844,125.23260389130795,34.17317090790951,455.3778600995124,8000.0,False,False
3276,40,"[38, 38]",-16.086776733398438,14.56490421295166,0.16852685809135437,39,38,6.6972817283329515,92.14274597167969,125.75356997066282,33.610823998983136,516.0642531129747,8000.0,False,False
3277,40,"[38, 38]",-16.077411651611328,14.656301498413086,0.16883069276809692,39,38,6.628862121569342,93.24164581298828,126.28085450595883,33.03920869297053,576.951262059777,7957.981328566889,False,False
3278,40,"[38, 38]",-16.06947135925293,14.748907089233398,0.16908252239227295,39,38,6.5591944744180495,94.35311126708984,126.81545267857666,32.46234141148682,637.2752775105928,7889.431956383532,False,False
3279,40,"[38, 38]",-16.063034057617188,14.842886924743652,0.16930069029331207,39,38,6.488105740696754,95.47419738769531,127.35829539379115,31.884098006095826,696.3229932870672,7819.298855494188,False,False
3280,40,"[38, 38]",-16.058189392089844,14.93838119506836,0.16950175166130066,39,38,6.4154388622346525,96.60211944580078,127.9102035394242,31.30808409362342,753.4465103425846,7747.7396293825,False,False
3281,40,"[38, 38]",-16.055023193359375,15.035502433776855,0.16964173316955566,38,38,6.341062851759789,97.73421478271484,128.47197701971956,30.737762237004716,808.047052356254,7674.9290457119005,False,False
3282,40,"[38, 38]",-16.053627014160156,15.134328842163086,0.16973964869976044,38,38,6.264871551721751,98.8680191040039,129.04428055922915,30.176261455225244,859.6033456061205,7601.044860311221,False,False
3283,40,"[38, 38]",-16.054088592529297,15.234915733337402,0.16975349187850952,38,38,6.186779849324109,100.00125885009766,129.62776420240684,29.62650535230918,907.6484630041969,7526.273285500426,False,False
3284,40,"[38, 38]",-16.056495666503906,15.33728313446045,0.16970384120941162,38,38,6.106730303238342,101.13185119628906,130.2229540608967,29.09110286460765,951.7884527031488,7450.803211407247,False,False
3285,40,"[38, 38]",-16.060930252075195,15.441428184509277,0.16966746747493744,38,38,6.024686504375374,102.25794982910156,130.83035240600518,28.572402576903613,991.6891978674371,7374.825200072626,False,False
3286,40,"[38, 38]",-16.06746482849121,15.547320365905762,0.16959527134895325,38,38,5.940638753453308,103.3779525756836,131.450425377613,28.072472801929393,1027.0805250049157,7298.5311435038075,False,False
3287,40,"[38, 38]",-16.076169967651367,15.654901504516602,0.16955991089344025,38,38,5.854598454054144,104.49047088623047,132.08353325462156,27.593062368391088,1057.757709328982,7222.107008997065,False,False
3288,40,"[38, 38]",-16.08710289001465,15.764093399047852,0.16956722736358643,38,38,5.766599390049712,105.59435272216797,132.7300475836727,27.13569486150473,1083.5661901928097,7145.738608109793,False,False
3289,40,"[38, 38]",-16.100317001342773,15.874796867370605,0.16962161660194397,38,38,5.676691675216436,106.68869018554688,133.39026352522663,26.701573339679754,1104.4113069497585,7069.600046023677,False,False
3290,40,"[38, 38]",-16.115846633911133,15.986889839172363,0.16990254819393158,38,38,5.584953046735262,107.77284240722656,134.0644831039158,26.291640696689228,1120.2530891781516,6993.861996807756,False,False
3291,40,"[38, 38]",-16.13372230529785,16.100236892700195,0.17045295238494873,38,38,5.491471160409384,108.84635162353516,134.7529550801369,25.906603456601744,1131.092784876258,6918.683547452185,False,False
3292,40,"[38, 38]",-16.153959274291992,16.21468734741211,0.17107528448104858,38,38,5.396352577588547,109.90902709960938,135.455933393763,25.546906294153615,1136.979618731354,6844.213263933832,False,False
3293,40,"[38, 38]",-16.176557540893555,16.330080032348633,0.17170844972133636,38,38,5.299719313988634,110.96088409423828,136.17370012238175,25.212816028143465,1137.9957330395705,6770.592896440567,False,False
3294,40,"[38, 38]",-16.201515197753906,16.44624137878418,0.1722964644432068,38,38,5.201700407632134,112.00215148925781,136.9064388179905,24.904287328732693,1134.2704654105028,6697.941655798841,False,False
3295,40,"[38, 38]",-16.22880744934082,16.56298828125,0.17278796434402466,38,38,5.1024447874496515,113.03324890136719,137.6543990957009,24.621150194333723,1125.958636563575,6626.37638400889,False,False
3296,40,"[38, 38]",-16.258403778076172,16.68013572692871,0.1732533574104309,38,38,5.002103665412165,114.05479431152344,138.41781887934488,24.36302456782144,1113.2435742921757,6555.995503287411,False,False
3297,40,"[38, 38]",-16.29026222229004,16.79749298095703,0.17369619011878967,38,38,4.900837233206988,115.06757354736328,139.19692666794435,24.129353120581072,1096.3350617905976,6486.884288421101,True,False
3298,41,"[37, 38]",-16.324331283569336,16.91486930847168,0.1740599423646927,38,38,13.59158510723909,116.07255554199219,105.69027786359551,-10.38227767839669,8000.0,6709.306537434854,False,False
3299,41,"[37, 38]",-16.361486434936523,17.033971786499023,0.17438113689422607,38,38,13.46687300736345,117.05241394042969,105.67512760696215,-11.377286333467538,8000.0,6571.940555040381,False,False
3300,41,"[37, 38]",-16.401649475097656,17.154512405395508,0.1746678650379181,38,38,13.339965443853401,118.00778198242188,105.64892191558998,-12.35886006683188,8000.0,6434.111779278335,False,False
3301,41,"[37, 38]",-16.44474220275879,17.27623176574707,0.17492717504501343,38,38,13.211136820267525,118.93925476074219,105.61135301892654,-13.327901741815651,8000.0,6295.792913405697,False,False
3302,41,"[37, 38]",-16.49068260192871,17.398893356323242,0.17516523599624634,38,38,13.080642080789474,119.84745025634766,105.5621367689637,-14.285313487383974,8000.0,6156.947266461236,False,False
3303,41,"[37, 38]",-16.53939437866211,17.522287368774414,0.17532861232757568,38,38,12.948710506219603,120.73294067382812,105.50097922497726,-15.231961448850882,8000.0,6017.5342690376865,False,False
3304,41,"[37, 38]",-16.590801239013672,17.646223068237305,0.1753690093755722,38,38,12.81555463769176,121.5962905883789,105.42759296970996,-16.168697618668944,8000.0,5877.506848778323,False,False
3305,41,"[37, 38]",-16.644824981689453,17.770530700683594,0.17536039650440216,38,38,12.681368961843896,122.43805694580078,105.3417093163783,-17.096347629422496,8000.0,5736.813694080369,False,False
3306,41,"[37, 38]",-16.701391220092773,17.895051956176758,0.17531034350395203,38,38,12.546337594156359,123.25877380371094,105.24304373334229,-18.015730070368647,8000.0,5595.396775649857,False,False
3307,41,"[37, 38]",-16.76042366027832,18.019651412963867,0.1752254217863083,38,38,12.410624767826285,124.05899047851562,105.13133552008743,-18.927654958428207,8000.0,5453.191875344128,False,False
3308,41,"[37, 38]",-16.821853637695312,18.14420509338379,0.17511136829853058,38,38,12.274383372209678,124.83918762207031,105.00629297700827,-19.832894645062026,8000.0,5310.133506617105,False,False
3309,41,"[37, 38]",-16.885604858398438,18.26860237121582,0.17497314512729645,38,38,12.137757100167828,125.5998764038086,104.86766451013462,-20.73221189367399,8000.0,5166.150969302291,False,False
3310,41,"[37, 38]",-16.95161247253418,18.392742156982422,0.17481502890586853,38,38,12.000879182455853,126.34153747558594,104.71514913946895,-21.626388336116975,8000.0,5021.163977453803,False,False
3311,41,"[37, 38]",-17.019804000854492,18.516536712646484,0.17464065551757812,38,38,11.863873619746583,127.06466674804688,104.54848818642827,-22.516178561618602,8000.0,4806.97581563259,False,False
3312,41,"[37, 38]",-17.090112686157227,18.639909744262695,0.17451192438602448,38,38,11.726853576205373,127.76970672607422,104.36740294440251,-23.40230378167172,8000.0,4592.063434571931,False,False
3313,41,"[37, 38]",-17.1624755859375,18.762786865234375,0.17442551255226135,38,38,11.589931140285081,128.45712280273438,104.1715915531965,-24.285531249537883,8000.0,4376.872903679447,False,False
3314,41,"[37, 38]",-17.236825942993164,18.88511085510254,0.17443706095218658,38,38,11.45320442377045,129.12733459472656,103.96078426546252,-25.166550329264055,8000.0,4161.407014367231,False,False
3315,41,"[37, 38]",-17.31310272216797,19.006824493408203,0.17447882890701294,38,38,11.316771832123816,129.78079223632812,103.73467778306002,-26.046114453268103,8000.0,3945.651802650717,False,False
3316,41,"[37, 38]",-17.391246795654297,19.127880096435547,0.17454849183559418,38,38,11.180723790464834,130.4179229736328,103.49296485593213,-26.92495811770067,8000.0,3729.5866151395185,False,False
3317,41,"[37, 38]",-17.4711971282959,19.248239517211914,0.17464381456375122,38,38,11.045143613515506,131.03909301757812,103.23535362681135,-27.803739390766793,8000.0,3513.1949683313223,False,False
3318,41,"[37, 38]",-17.55289649963379,19.367862701416016,0.174762561917305,38,38,10.910117280645762,131.64474487304688,102.96152611589594,-28.68321875715094,8000.0,3296.4389311538325,False,False
3319,41,"[37, 38]",-17.636289596557617,19.48672103881836,0.17490258812904358,38,38,10.775720921913589,132.23524475097656,102.67116354267343,-29.56408120830315,8000.0,3079.2839127690363,False,False
3320,41,"[37, 38]",-17.721323013305664,19.604785919189453,0.17506179213523865,38,38,10.642031976815904,132.81097412109375,102.36393287886348,-30.447041242230284,8000.0,2861.686225489101,False,False
3321,41,"[37, 38]",-17.807941436767578,19.722036361694336,0.17523813247680664,38,38,10.509122574933361,133.37229919433594,102.03951627119498,-31.33278292314094,8000.0,2643.6006324604414,False,False
3322,41,"[37, 38]",-17.89609718322754,19.83845329284668,0.175429567694664,38,38,10.377063098202767,133.91958618164062,101.69755433556321,-32.222031846077414,8000.0,2424.9696175133167,False,False
3323,41,"[37, 38]",-17.985736846923828,19.954021453857422,0.17563417553901672,38,38,10.24592314042016,134.45318603515625,101.33771961286048,-33.11546642229575,8000.0,2205.7396919802036,False,False
3324,41,"[37, 38]",-18.076812744140625,20.068727493286133,0.17579123377799988,38,38,10.115770995021123,134.9734344482422,100.95965392484091,-34.013780523401294,8000.0,1985.850293155599,False,False
3325,41,"[37, 38]",-18.169281005859375,20.18256378173828,0.17596358060836792,38,38,9.98667041286255,135.4806671142578,100.56298205228678,-34.91768506197104,8000.0,1765.232150721637,False,False
3326,41,"[37, 38]",-18.263093948364258,20.295520782470703,0.17620761692523956,38,38,9.858689543527928,135.97520446777344,100.14734668802816,-35.82785777974527,8000.0,1543.820493813671,False,False
3327,41,"[37, 38]",-18.35820770263672,20.407594680786133,0.17639751732349396,38,38,9.731891992606776,136.45738220214844,99.71237502651422,-36.745007175634214,8000.0,1321.5396530391217,False,False
3328,41,"[37, 38]",-18.45393943786621,20.51816749572754,0.1763223260641098,38,38,9.607052144173217,136.9197235107422,99.26086672020757,-37.65885679053463,8000.0,1100.6278637953128,False,False
3329,41,"[37, 38]",-18.549501419067383,20.626548767089844,0.17595939338207245,38,38,9.485016296719394,137.35317993164062,98.79648789369581,-38.5566920379448,8000.0,883.8166770278358,False,False
3330,41,"[37, 38]",-18.64418601989746,20.732149124145508,0.1752893179655075,38,38,9.366498353478656,137.7490692138672,98.32288500646219,-39.426184207405015,8000.0,673.7251829015631,False,False
3331,41,"[37, 38]",-18.73736572265625,20.834476470947266,0.1743549108505249,38,38,9.25208446134938,138.0991668701172,97.84364590548518,-40.25552096463201,8000.0,472.8328629429079,False,False
3332,41,"[37, 38]",-18.8284912109375,20.933135986328125,0.17319677770137787,38,38,9.142234731468491,138.3959197998047,97.36226749533111,-41.03365230447358,8000.0,283.4293030634626,False,False
3333,41,"[37, 38]",-18.917104721069336,21.027822494506836,0.1719716489315033,38,38,9.03729115250847,138.63246154785156,96.88201486350961,-41.750446684341966,8000.0,107.58280225026829,False,False
3334,41,"[37, 38]",-19.002822875976562,21.11832618713379,0.17088229954242706,38,38,8.937476821498842,138.80264282226562,96.40597441519836,-42.39666840706727,8000.0,-52.860960153753695,False,False
3335,41,"[37, 38]",-19.085355758666992,21.204511642456055,0.16999705135822296,38,38,8.84291747874505,138.9011688232422,95.93685833956825,-42.964310483673955,8000.0,-196.33675854180728,False,False
3336,41,"[37, 38]",-19.16449546813965,21.28632926940918,0.16932229697704315,38,38,8.753634983474827,138.92359924316406,95.47702382872609,-43.44657541443797,8000.0,-321.5628472097869,False,False
3337,41,"[37, 38]",-19.2401180267334,21.363801956176758,0.16880905628204346,38,38,8.669563845167296,138.86639404296875,95.02839249879239,-43.838001544176365,8000.0,-427.5608341974721,False,False
3338,41,"[37, 38]",-19.31218147277832,21.437015533447266,0.1683586835861206,38,38,8.590564434355453,138.7269744873047,94.59240221763542,-44.13457226966926,8000.0,-513.6728444727523,False,False
3339,41,"[37, 38]",-19.38071060180664,21.506120681762695,0.1680043488740921,38,38,8.516425613571347,138.50360107421875,94.1700609819967,-44.33354009222205,8000.0,-579.5285900928593,False,False
3340,41,"[37, 38]",-19.445810317993164,21.57132339477539,0.16783906519412994,38,38,8.446876080487003,138.19557189941406,93.76181132562627,-44.433760573787794,8000.0,-625.103080565601,False,False
3341,41,"[37, 38]",-19.507640838623047,21.632877349853516,0.16795077919960022,38,38,8.381596446166215,137.8030242919922,93.36765813088185,-44.43536616111032,8000.0,-650.6499537330774,False,False
3342,41,"[37, 38]",-19.566417694091797,21.69108009338379,0.16830523312091827,38,38,8.320224974756382,137.32691955566406,92.9871420436668,-44.33977751199728,8000.0,-656.699353784803,False,False
3343,41,"[37, 38]",-19.62240982055664,21.746273040771484,0.16887564957141876,38,38,8.262359412486706,136.76910400390625,92.61933186381637,-44.14977214008988,8000.0,-644.0668750175773,False,False
3344,41,"[37, 38]",-19.675914764404297,21.798830032348633,0.16946527361869812,38,38,8.207570899982397,136.13218688964844,92.26297708143866,-43.869209808209774,8000.0,-613.793399047484,False,False
3345,41,"[37, 38]",-19.727264404296875,21.849149703979492,0.17001821100711823,38,38,8.155412022289317,135.41946411132812,91.9164590020956,-43.503005109232504,8000.0,-567.1323516934553,False,False
3346,41,"[37, 38]",-19.77680778503418,21.897661209106445,0.1704285740852356,38,38,8.105412305813923,134.63482666015625,91.57790721431937,-43.05691944583688,8000.0,-505.50806523056326,False,False
3347,41,"[37, 38]",-19.82489776611328,21.944807052612305,0.1707216054201126,38,38,8.057095891942494,133.78277587890625,91.24528850556283,-42.537487373343424,8000.0,-430.4898157219559,False,False
3348,41,"[37, 38]",-19.871889114379883,21.991044998168945,0.17098136246204376,38,38,8.0099795642916,132.86825561523438,90.91642256723047,-41.95183304800389,8000.0,-343.7532358585213,False,False
3349,41,"[37, 38]",-19.91813087463379,22.036842346191406,0.17110934853553772,38,38,7.963578490421163,131.8965606689453,90.58903644777439,-41.30752422117092,8000.0,-247.04572822425143,False,False
3350,41,"[37, 38]",-19.963951110839844,22.08266830444336,0.17113648355007172,38,38,7.91741376333683,130.8733673095703,90.26087512958617,-40.612492179984145,8000.0,-142.163133152113,False,False
3351,41,"[37, 38]",-20.00965118408203,22.128992080688477,0.1710333526134491,38,38,7.871013836299546,129.8044891357422,89.92974573984122,-39.874743395900964,8000.0,-30.892214848688127,False,False
3352,41,"[37, 38]",-20.055505752563477,22.17626953125,0.17083366215229034,38,38,7.823927360105967,128.69590759277344,89.59351973865084,-39.10238785412258,8000.0,84.99428251628797,False,False
3353,41,"[37, 38]",-20.10175323486328,22.224952697753906,0.17068634927272797,38,38,7.775713103823301,127.55364227294922,89.25020416292928,-38.303438110019954,8000.0,203.77313412376498,False,False
3354,41,"[37, 38]",-20.14859390258789,22.275463104248047,0.1706673949956894,38,38,7.725965985022165,126.38369750976562,88.89795936532384,-37.48573814444177,8000.0,323.79716586639915,False,False
3355,41,"[37, 38]",-20.196186065673828,22.328210830688477,0.1707281470298767,38,38,7.674297233670987,125.19196319580078,88.53512863645238,-36.6568345593484,8000.0,443.5114120782887,False,False
3356,41,"[37, 38]",-20.244647979736328,22.383569717407227,0.17070746421813965,38,38,7.620358448497373,123.98420715332031,88.16023014447653,-35.82397700884377,8000.0,561.4644645782423,False,False
3357,41,"[37, 38]",-20.294052124023438,22.441883087158203,0.170636847615242,38,38,7.563834868625036,122.76592254638672,87.77200418870407,-34.993918357682645,8000.0,676.3397846428388,False,False
3358,41,"[37, 38]",-20.34443473815918,22.503461837768555,0.17054450511932373,38,38,7.504446662255866,121.54237365722656,87.36934739778131,-34.17302625944524,8000.0,786.9362014146864,False,False
3359,41,"[37, 38]",-20.395790100097656,22.568571090698242,0.170514315366745,38,38,7.441961128448685,120.3185043334961,86.9513672695636,-33.36713706393249,8000.0,892.1961433169708,False,False
3360,41,"[37, 38]",-20.448076248168945,22.637435913085938,0.17062121629714966,38,38,7.376186159397677,119.09884643554688,86.51734745283233,-32.58149898271455,8000.0,991.209126084666,False,False
3361,41,"[37, 38]",-20.501218795776367,22.710241317749023,0.17087316513061523,38,38,7.30696940781149,117.88764953613281,86.06672912297391,-31.820920413158888,8000.0,1083.183438845077,False,False
3362,41,"[37, 38]",-20.555118560791016,22.787124633789062,0.17127645015716553,38,38,7.234205392786912,116.68863677978516,85.59906779583288,-31.08956898395229,8000.0,1167.4783877260002,False,False
3363,41,"[37, 38]",-20.60964584350586,22.868173599243164,0.17189456522464752,38,38,7.157835976399303,115.50521087646484,85.11409533289539,-30.39111554356947,8000.0,1243.5766819843175,False,False
3364,41,"[37, 38]",-20.664655685424805,22.95343780517578,0.1727246344089508,38,38,7.077839073170105,114.34025573730469,84.61160968482486,-29.72864605247983,7952.532191238732,1311.0889173086453,False,False
3365,41,"[37, 38]",-20.719985961914062,23.042917251586914,0.17376281321048737,38,38,6.994239068949552,113.19624328613281,84.09151422103466,-29.104729065098155,7871.801874019575,1369.7429929078457,False,False
3366,41,"[37, 38]",-20.775463104248047,23.136573791503906,0.17494545876979828,38,38,6.90709507285958,112.07518768310547,83.55378271515323,-28.521404967952236,7791.118934484459,1419.3759074708992,False,False
3367,41,"[37, 38]",-20.83090591430664,23.234323501586914,0.1761549860239029,38,38,6.816508132439139,110.97868347167969,82.99845411213894,-27.980229359540743,7710.769401931371,1459.926166255591,False,False
3368,41,"[37, 38]",-20.886133193969727,23.336050033569336,0.17710763216018677,38,38,6.722608213524438,109.90786743164062,82.42557685823476,-27.482290573405862,7631.023726357005,1491.4210832116273,False,False
3369,41,"[37, 38]",-20.94095802307129,23.441598892211914,0.1778404265642166,38,38,6.625558624887279,108.86345672607422,81.83528146597018,-27.028175260104035,7552.132951893951,1513.9806434793554,False,False
3370,41,"[37, 38]",-20.995182037353516,23.550716400146484,0.1783820241689682,38,38,6.52561462536753,107.84516906738281,81.22793760974605,-26.617231457636763,7474.300525218989,1527.953943443998,False,False
3371,41,"[37, 38]",-21.048608779907227,23.663127899169922,0.17869767546653748,38,38,6.423046659925268,106.85234832763672,80.60399187846036,-26.248356449176356,7397.69688353881,1533.757769616056,False,False
3372,41,"[37, 38]",-21.101076126098633,23.778579711914062,0.1788148730993271,38,38,6.318104069772172,105.88436889648438,79.96363518737064,-25.920733709113733,7322.494392448341,1531.7469011623657,False,False
3373,41,"[37, 38]",-21.152435302734375,23.89683723449707,0.17881719768047333,38,38,6.211014640878722,104.94058227539062,79.30697305948884,-25.6336092159018,7248.851577388244,1522.2483135540233,False,False
3374,41,"[37, 38]",-21.202560424804688,24.01768684387207,0.17866215109825134,38,38,6.101985109231893,104.02041625976562,78.63392297570522,-25.386493284060407,7176.928912236906,1505.5318774556931,False,False
3375,41,"[37, 38]",-21.251344680786133,24.140926361083984,0.1783115118741989,38,38,5.991210847263875,103.12325286865234,77.94424696927398,-25.179005899378353,7106.882788744498,1481.8388806071753,False,False
3376,41,"[37, 38]",-21.298675537109375,24.26628303527832,0.17778559029102325,38,38,5.878951299528133,102.24774169921875,77.2379483463716,-25.00979335284717,7038.819439631056,1451.5779772236956,False,False
3377,41,"[37, 38]",-21.34444236755371,24.393444061279297,0.17721745371818542,38,38,5.765500392305754,101.39202880859375,76.51519645549847,-24.876832353095267,6972.8013225368795,1415.2636325764183,False,False
3378,41,"[37, 38]",-21.38855743408203,24.522098541259766,0.17672529816627502,38,38,5.651149983800896,100.55403900146484,75.77606374772778,-24.777975253737054,6908.870517925738,1373.4177159367578,False,False
3379,41,"[37, 38]",-21.430938720703125,24.651927947998047,0.17641399800777435,38,38,5.536195471243034,99.73151397705078,75.02072174752017,-24.710792229530625,6847.039464608995,1326.5954942852863,False,False
3380,41,"[37, 38]",-21.471521377563477,24.782621383666992,0.17625901103019714,38,38,5.420923794962925,98.92204284667969,74.24930393627328,-24.672738910406395,6787.29842644569,1275.355649210363,False,False
3381,41,"[37, 38]",-21.510250091552734,24.91387176513672,0.1762370765209198,38,38,5.305615493089235,98.1230697631836,73.46199663778476,-24.661073125398843,6729.610391250935,1220.2737754007162,False,False
3382,41,"[37, 38]",-21.54708480834961,25.045379638671875,0.17632614076137543,37,38,5.190542777890708,97.3319320678711,72.65897739025066,-24.672954677620453,6673.918473442323,1161.9274933487154,False,False
3383,41,"[37, 38]",-21.581993103027344,25.176856994628906,0.1765054613351822,37,38,5.075964009750876,96.54592895507812,71.84048596653766,-24.705442988540483,6620.143551293195,1100.894612876822,False,False
3384,41,"[37, 38]",-21.614959716796875,25.308027267456055,0.17675556242465973,37,38,4.9621268635346825,95.76226043701172,71.0067258147343,-24.755534622277423,6568.189361001492,1037.749844199036,True,False
3385,42,"[36, 38]",-21.64596939086914,25.438627243041992,0.17705826461315155,37,38,14.65410494717289,94.97814178466797,83.55084927885542,-11.427292505812545,8000.0,6564.9744596347155,False,False
3386,42,"[36, 38]",-21.675241470336914,25.57103157043457,0.1774614006280899,37,38,14.525892878764196,94.213623046875,83.37745885234814,-10.836164194526873,8000.0,6646.939105165085,False,False
3387,42,"[36, 38]",-21.70275115966797,25.705074310302734,0.1780177652835846,37,38,14.39598075803512,93.46822357177734,83.2071749482947,-10.261048623482623,8000.0,6725.880792661883,False,False
3388,42,"[36, 38]",-21.728479385375977,25.840608596801758,0.1785394698381424,37,38,14.264501599938008,92.74146270751953,83.04016737954883,-9.701295327970684,8000.0,6801.952188224491,False,False
3389,42,"[36, 38]",-21.75241470336914,25.977493286132812,0.17903369665145874,37,38,14.131583486397933,92.03288269042969,82.8765874188667,-9.156295271562982,8000.0,6875.295472447384,False,False
3390,42,"[36, 38]",-21.77455711364746,26.1156005859375,0.17933030426502228,37,38,13.9973426063241,91.34201049804688,82.7165470442042,-8.625463453842656,8000.0,6946.045098539286,False,False
3391,42,"[36, 38]",-21.79490089416504,26.25481605529785,0.17945243418216705,37,38,13.861881217698128,90.66840362548828,82.56018652942116,-8.108217096067108,8000.0,7014.330978376311,False,False
3392,42,"[36, 38]",-21.813453674316406,26.395029067993164,0.17942070960998535,37,38,13.725299570123875,90.01165771484375,82.4076012057429,-7.604056509100843,8000.0,7080.268128125706,False,False
3393,42,"[36, 38]",-21.830224990844727,26.536142349243164,0.17931225895881653,37,38,13.587685099271177,89.37133026123047,82.25888131018213,-7.11244895104835,8000.0,7143.972298145359,False,False
3394,42,"[36, 38]",-21.84522247314453,26.678062438964844,0.1791962832212448,37,38,13.449121397158885,88.74700927734375,82.11413248636839,-6.632876790975359,8000.0,7205.553752612802,False,False
3395,42,"[36, 38]",-21.85846519470215,26.820709228515625,0.17907603085041046,37,38,13.309680616726027,88.13829040527344,81.97341354230302,-6.164876862970402,8000.0,7265.112503530927,False,False
3396,42,"[36, 38]",-21.86996841430664,26.964000701904297,0.1790718287229538,37,38,13.169436569969733,87.54480743408203,81.83680831049297,-5.7079991235890475,8000.0,7322.743931230643,False,False
3397,42,"[36, 38]",-21.87975311279297,27.107872009277344,0.17911531031131744,37,38,13.028447178932316,86.9661636352539,81.70437328128465,-5.261790353969275,8000.0,7378.540994088923,False,False
3398,42,"[36, 38]",-21.887840270996094,27.25225257873535,0.179203599691391,37,38,12.886776369796834,86.40199279785156,81.5761751831217,-4.825817614729857,8000.0,7432.591419742621,False,False
3399,42,"[36, 38]",-21.89425277709961,27.3970890045166,0.17927506566047668,37,38,12.744471709083353,85.8519287109375,81.45226789828081,-4.399660812656691,8000.0,7484.978821277733,False,False
3400,42,"[36, 38]",-21.899015426635742,27.542320251464844,0.1793329119682312,37,38,12.601588959637729,85.31562042236328,81.33270775171961,-3.982912670643657,8000.0,7535.782859549489,False,False
3401,42,"[36, 38]",-21.90215301513672,27.687902450561523,0.17932100594043732,37,38,12.458167287361437,84.79273223876953,81.21754513508995,-3.575187103679582,8000.0,7585.078386058231,False,False
3402,42,"[36, 38]",-21.90369415283203,27.833786010742188,0.17924746870994568,37,38,12.314252484821779,84.28292083740234,81.10682215422547,-3.1760986831768605,8000.0,7632.9380808699525,False,False
3403,42,"[36, 38]",-21.90366554260254,27.97992706298828,0.17906059324741364,37,38,12.16988479440844,83.78585815429688,81.00059047143426,-2.78526768286261,8000.0,7679.431933180009,False,False
3404,42,"[36, 38]",-21.9020938873291,28.12628936767578,0.17877249419689178,37,38,12.025097310890418,83.30123138427734,80.89890106708498,-2.402330317192366,8000.0,7724.626136910049,False,False
3405,42,"[36, 38]",-21.899009704589844,28.272836685180664,0.1783938854932785,37,38,11.879924127306994,82.82872772216797,80.8017914783061,-2.0269362438618828,8000.0,7703.583121615671,False,False
3406,42,"[36, 38]",-21.89444351196289,28.41953468322754,0.1779930293560028,37,38,11.734397861543139,82.36804962158203,80.70930175823841,-1.6587478633436206,8000.0,7667.556229092543,False,False
3407,42,"[36, 38]",-21.88842010498047,28.56635284423828,0.17763115465641022,37,38,11.588546836223793,81.91888427734375,80.62150081753086,-1.2973834598128917,7920.054948597885,7630.216701754359,False,False
3408,42,"[36, 38]",-21.880971908569336,28.7132625579834,0.17724557220935822,37,38,11.442399110581942,81.48097229003906,80.53842360226346,-0.9425486877755986,7802.208289708932,7591.640891794869,False,False
3409,42,"[36, 38]",-21.872127532958984,28.860240936279297,0.17683850228786469,37,38,11.295976872205902,81.05401611328125,80.46012281004336,-0.5938933032379055,7684.583382106957,7551.906344704761,False,False
3410,42,"[36, 38]",-21.86191749572754,29.007261276245117,0.17641180753707886,37,38,11.149306768119553,80.63774108886719,80.38664893354286,-0.25109215532432927,7567.1826994376215,7511.088173532488,False,False
3411,42,"[36, 38]",-21.850370407104492,29.15430450439453,0.17596697807312012,37,38,11.002407983113732,80.23188781738281,80.31805971658768,0.086171899204885,7450.0037272698455,7469.254714326767,False,False
3412,42,"[36, 38]",-21.837514877319336,29.30135154724121,0.17550520598888397,37,38,10.855300071397748,79.836181640625,80.25441720239391,0.41823556176890975,7333.040228898971,7426.474950201954,False,False
3413,42,"[36, 38]",-21.823381423950195,29.448381423950195,0.17508621513843536,37,38,10.708005154632955,79.45038604736328,80.19577963446075,0.7453935870974533,7216.290431548944,7382.812957220646,False,False
3414,42,"[36, 38]",-21.80799674987793,29.595378875732422,0.1748811900615692,37,38,10.560539426900705,79.07424926757812,80.1422246664715,1.0679753988933953,7099.743927127511,7338.3319212521765,False,False
3415,42,"[36, 38]",-21.79138946533203,29.742328643798828,0.17486755549907684,37,38,10.412919757125403,78.70752716064453,80.09382489555368,1.3862977349091352,6983.390646352903,7293.092532907834,False,False
3416,42,"[36, 38]",-21.773590087890625,29.889217376708984,0.17496608197689056,37,38,10.265161813401065,78.34999084472656,80.05064559681111,1.7006547520845459,6867.2211113058465,7247.151029559455,False,False
3417,42,"[36, 38]",-21.754623413085938,30.03603172302246,0.17516416311264038,37,38,10.117280620125355,78.00139617919922,80.01278850740194,2.011392328202703,6751.218269507339,7200.56762856643,False,False
3418,42,"[36, 38]",-21.734519958496094,30.182764053344727,0.17550911009311676,37,38,9.969286891183428,77.66154479980469,79.98032395133032,2.318779151525632,6635.370453951848,7153.390688457099,False,False
3419,42,"[36, 38]",-21.713302612304688,30.32939910888672,0.17592576146125793,37,38,9.821197861591582,77.33018493652344,79.95337862052294,2.6231936839994887,6519.655645409025,7105.682739211404,False,False
3420,42,"[36, 38]",-21.69099998474121,30.475933074951172,0.1764051914215088,37,38,9.673020817779925,77.00714111328125,79.93204229035463,2.924901177073366,6404.058560103989,7057.487754796955,False,False
3421,42,"[36, 38]",-21.66763687133789,30.62235450744629,0.17688041925430298,37,38,9.524770218680269,76.69218444824219,79.91644134172094,3.2242568934787528,6288.556269152035,7008.862172785039,False,False
3422,42,"[36, 38]",-21.643238067626953,30.768657684326172,0.17734992504119873,37,38,9.376455209515406,76.38510131835938,79.90670440695669,3.521603088597317,6173.123498024023,6959.857179232661,False,False
3423,42,"[36, 38]",-21.617830276489258,30.914836883544922,0.17769457399845123,37,38,9.22808558998675,76.08572387695312,79.90295702515162,3.817233148198511,6057.740233437097,6910.518303866956,False,False
3424,42,"[36, 38]",-21.59143829345703,31.060884475708008,0.1779247373342514,37,38,9.079673022665492,75.79383850097656,79.90534714457556,4.111508643598995,5942.378540264251,6860.89838736836,False,False
3425,42,"[36, 38]",-21.564083099365234,31.206796646118164,0.17804962396621704,37,38,8.931225065154205,75.50927734375,79.91405253432679,4.4047751905768,5827.009343192127,6811.045565729419,False,False
3426,42,"[36, 38]",-21.535791397094727,31.352569580078125,0.17801861464977264,37,38,8.782750598917197,75.2318344116211,79.9292263601953,4.697391948574193,5711.60189849647,6761.009332215406,False,False
3427,42,"[36, 38]",-21.50658416748047,31.49819564819336,0.17778606712818146,37,38,8.63426158337244,74.96134185791016,79.95107419783092,4.989732339920749,5596.124677462055,6710.841581460237,False,False
3428,42,"[36, 38]",-21.476482391357422,31.6436767578125,0.17736968398094177,37,38,8.48576091932312,74.6976318359375,79.9798047735903,5.282172937652803,5480.540190766318,6660.588951365135,False,False
3429,42,"[36, 38]",-21.445512771606445,31.78900718688965,0.17672644555568695,37,38,8.337260350368531,74.4405288696289,80.01561207498452,5.575083205355611,5364.8159483667005,6610.301490844711,False,False
3430,42,"[36, 38]",-21.413692474365234,31.93418312072754,0.17593522369861603,37,38,8.188768426450553,74.18986511230469,80.05876740677743,5.868902294472747,5248.908635886482,6560.033992896393,False,False
3431,42,"[36, 38]",-21.381044387817383,32.07920455932617,0.17512565851211548,37,38,8.04029128913382,73.94548034667969,80.10951707812423,6.164036731444526,5132.777008465225,6509.836031538204,False,False
3432,42,"[36, 38]",-21.347591400146484,32.224063873291016,0.17441432178020477,37,38,7.8918429551282046,73.70722198486328,80.16813518654196,6.460913201678693,5016.381048833743,6459.762911935973,False,False
3433,42,"[36, 38]",-21.313350677490234,32.3687629699707,0.17384719848632812,37,38,7.7434274459411325,73.47493743896484,80.23494607007912,6.76000863111426,4899.668642145196,6409.869065520283,False,False
3434,42,"[36, 38]",-21.278343200683594,32.513301849365234,0.17340679466724396,37,38,7.5950517139419125,73.24847412109375,80.31027317872524,7.061799057631504,4782.588828386899,6360.209880161652,False,False
3435,42,"[36, 38]",-21.242589950561523,32.65767288208008,0.17325371503829956,37,38,7.446730644502912,73.0276870727539,80.3944750657949,7.366787993040987,4665.091018071162,6310.847251990526,False,False
3436,42,"[36, 38]",-21.20610809326172,32.801883697509766,0.17335595190525055,37,38,7.298463881996478,72.81243896484375,80.4879482097349,7.6755092448911455,4547.112189641706,6261.837413201569,False,False
3437,42,"[36, 38]",-21.168914794921875,32.945926666259766,0.17368467152118683,37,38,7.150266596118799,72.60257720947266,80.5911416734912,7.988564464018538,4428.588739362194,6213.2511701454205,False,False
3438,42,"[36, 38]",-21.131031036376953,33.08980941772461,0.1740962713956833,37,38,7.002140036347133,72.39797973632812,80.70449028048478,8.306510544156652,4309.454691796736,6165.146958640376,False,False
3439,42,"[36, 38]",-21.092470169067383,33.23352813720703,0.17457909882068634,37,38,6.854096041074349,72.1985092163086,80.82854413043131,8.630034914122717,4189.633003159506,6117.601307972402,False,False
3440,42,"[36, 38]",-21.053251266479492,33.37708282470703,0.17512266337871552,37,38,6.706144208196783,72.00404357910156,80.96384710146683,8.959803522365263,4069.047627329776,6070.6869463321345,False,False
3441,42,"[36, 38]",-21.013391494750977,33.520477294921875,0.1755998581647873,37,38,6.558290692494238,71.81444549560547,81.11100204602546,9.296556550420007,3947.6109097590406,6024.481577313286,False,False
3442,42,"[36, 38]",-20.9729061126709,33.66371154785156,0.17583748698234558,37,38,6.410545815521642,71.62960815429688,81.27068818418431,9.641080029887434,3825.231188423095,5979.06914003665,False,False
3443,42,"[36, 38]",-20.931808471679688,33.80678939819336,0.17573854327201843,37,38,6.2629166197726285,71.44940185546875,81.4436590187017,9.99425716323293,3701.8023078179126,5934.540788322784,False,False
3444,42,"[36, 38]",-20.89011573791504,33.949710845947266,0.17527447640895844,37,38,6.115415347671177,71.27371215820312,81.63070892801186,10.356996769808745,3577.2171395444097,5890.992425964632,False,False
3445,42,"[36, 38]",-20.84784507751465,34.092472076416016,0.17459599673748016,37,38,5.968058934309406,71.10243225097656,81.83271341217801,10.730281161201447,3451.3612363842794,5848.529056258657,False,False
3446,42,"[36, 38]",-20.805007934570312,34.23508071899414,0.17389746010303497,37,38,5.820853209902675,70.93544006347656,82.05067316034553,11.115233096868963,3324.095850056787,5807.262757794506,False,False
3447,42,"[36, 38]",-20.761621475219727,34.377532958984375,0.17329488694667816,37,38,5.673817312781834,70.77262878417969,82.28564858068174,11.51301979650205,3195.2830470362333,5767.316356428211,False,False
3448,42,"[36, 38]",-20.717697143554688,34.51982879638672,0.17277498543262482,37,38,5.526967125899954,70.61390686035156,82.53886158558578,11.924954725234215,3064.7638653918357,5728.824321156223,False,False
3449,42,"[36, 38]",-20.67325210571289,34.66197204589844,0.1724434196949005,37,38,5.38031698291249,70.45915985107422,82.81159684069209,12.352436989617871,2932.366861521311,5691.927771780108,False,False
3450,42,"[36, 38]",-20.6282958984375,34.80396270751953,0.172277569770813,37,38,5.23388567708936,70.30828857421875,83.10536547951844,12.79707690529969,2797.8951096223,5656.789530465899,False,False
3451,42,"[36, 38]",-20.582843780517578,34.945804595947266,0.1721983104944229,37,38,5.087690837190857,70.16120910644531,83.42177641818446,13.260567311739152,2661.1395582219448,5623.578729705869,False,False
3452,42,"[36, 38]",-20.536907196044922,35.08749771118164,0.17219319939613342,36,38,4.941755566072692,70.01780700683594,83.76266981829453,13.744862811458574,2521.8593564423354,5592.491181016758,True,False
3453,43,"[35, 38]",-20.49049949645996,35.22904586791992,0.1721922755241394,36,38,14.77909590360794,69.87799835205078,88.09807629306499,18.22007794101421,5563.698102680853,8000.0,False,False
3454,43,"[35, 38]",-20.44363021850586,35.370452880859375,0.17219135165214539,36,38,14.63627195299156,69.74169921875,88.26308004626154,18.521380827511535,5516.783359666389,8000.0,False,False
3455,43,"[35, 38]",-20.39631462097168,35.511714935302734,0.17218665778636932,36,38,14.493704474520161,69.60881805419922,88.43311378506846,18.82429573086924,5469.406155256476,8000.0,False,False
3456,43,"[35, 38]",-20.348560333251953,35.65283966064453,0.1721160113811493,36,38,14.351393803707404,69.47925567626953,88.60828848868793,19.129032812418416,5421.53039485836,8000.0,False,False
3457,43,"[35, 38]",-20.300378799438477,35.793827056884766,0.17198222875595093,36,38,14.20934822969905,69.35295104980469,88.78870450114853,19.435753451343828,5373.127107007224,8000.0,False,False
3458,43,"[35, 38]",-20.25178337097168,35.9346809387207,0.17172907292842865,36,38,14.067572468677197,69.22980499267578,88.97445740049582,19.74465240782004,5324.161557008221,8000.0,False,False
3459,43,"[35, 38]",-20.202781677246094,36.07539749145508,0.17148232460021973,36,38,13.926078968238055,69.1097412109375,89.16567004133952,20.055928830402024,5274.597749818704,8000.0,False,False
3460,43,"[35, 38]",-20.15338706970215,36.21598434448242,0.17135514318943024,36,38,13.78486906665078,68.99269104003906,89.36244493512436,20.369753895085296,5224.403595096037,8000.0,False,False
3461,43,"[35, 38]",-20.103607177734375,36.35643768310547,0.1713317185640335,36,38,13.643955699952361,68.87857055664062,89.56491275740838,20.68634220076774,5173.539504262279,8000.0,False,False
3462,43,"[35, 38]",-20.053451538085938,36.49676513671875,0.17145663499832153,36,38,13.503340654810495,68.7673110961914,89.77320015713636,21.005889060944952,5121.968368918615,8000.0,False,False
3463,43,"[35, 38]",-20.002933502197266,36.636966705322266,0.17171116173267365,36,38,13.363033616664325,68.6588363647461,89.98742222003872,21.32858585529263,5069.653127512782,8000.0,False,False
3464,43,"[35, 38]",-19.952056884765625,36.777042388916016,0.17207850515842438,36,38,13.223044525631085,68.5530776977539,90.20773916119208,21.654661463438174,5016.550007647057,8000.0,False,False
3465,43,"[35, 38]",-19.900833129882812,36.91699981689453,0.17242592573165894,36,38,13.08337601153718,68.44996643066406,90.4342837449389,21.984317314274847,4962.619026723985,8000.0,False,False
3466,43,"[35, 38]",-19.849271774291992,37.05683517456055,0.17275160551071167,36,38,12.944042440308907,68.34943389892578,90.6672016419368,22.317767743011018,4907.817434929082,8000.0,False,False
3467,43,"[35, 38]",-19.797380447387695,37.196556091308594,0.1729363352060318,36,38,12.805047075513151,68.25141906738281,90.90665263877884,22.655233571396025,4852.100717204425,8000.0,False,False
3468,43,"[35, 38]",-19.745166778564453,37.33616256713867,0.17293168604373932,36,38,12.666401165946349,68.1558609008789,91.15280205078693,22.996941149908025,4795.4227147431775,8000.0,False,False
3469,43,"[35, 38]",-19.69264030456543,37.47565460205078,0.17281168699264526,36,38,12.528116284162971,68.06269836425781,91.40581233679468,23.343113972536855,4737.736990153218,8000.0,False,False
3470,43,"[35, 38]",-19.639806747436523,37.61503982543945,0.1725841462612152,36,38,12.390196838817497,67.97185516357422,91.66587031661203,23.69401515303781,4678.989695705859,8000.0,False,False
3471,43,"[35, 38]",-19.5866756439209,37.75431442260742,0.17231489717960358,36,38,12.252658988304898,67.88329315185547,91.93315058531793,24.049857433462478,4619.134573765365,8000.0,False,False
3472,43,"[35, 38]",-19.533252716064453,37.89348220825195,0.17200437188148499,36,38,12.115511795585576,67.79694366455078,92.20785298993123,24.41090932538043,4558.11515841519,8000.0,False,False
3473,43,"[35, 38]",-19.47954750061035,38.03254699707031,0.17165297269821167,36,38,11.978764635030265,67.71275329589844,92.49016676055862,24.777413464660185,4485.434829121682,8000.0,False,False
3474,43,"[35, 38]",-19.425567626953125,38.1715087890625,0.1713198572397232,36,38,11.842431206404786,67.63066864013672,92.78029655723968,25.149627917102976,4355.109146912244,8000.0,False,False
3475,43,"[35, 38]",-19.37131690979004,38.31037139892578,0.17099948227405548,36,38,11.706522082111679,67.55064392089844,93.0784740776961,25.527830156797677,4224.074333923396,8000.0,False,False
3476,43,"[35, 38]",-19.31680679321289,38.44913101196289,0.1707456409931183,36,38,11.57105558437075,67.47261047363281,93.38490004151954,25.912289567886717,4092.296129840431,8000.0,False,False
3477,43,"[35, 38]",-19.262039184570312,38.58779525756836,0.17048917710781097,36,38,11.436039666260731,67.39653015136719,93.69983320906574,26.303303057698542,3959.730397928302,8000.0,False,False
3478,43,"[35, 38]",-19.20702362060547,38.72636413574219,0.17022666335105896,36,38,11.301490040616665,67.32234954833984,94.02350158065248,26.70115203231262,3826.33933304787,8000.0,False,False
3479,43,"[35, 38]",-19.151763916015625,38.86484146118164,0.16995501518249512,36,38,11.167419582821832,67.2500228881836,94.35617209480208,27.106149206618483,3692.07827892029,8000.0,False,False
3480,43,"[35, 38]",-19.096267700195312,39.00322723388672,0.1697303205728531,36,38,11.033845355960043,67.17951202392578,94.69810069390313,27.518588669977362,3556.907684340351,8000.0,False,False
3481,43,"[35, 38]",-19.040542602539062,39.14152145385742,0.16954421997070312,36,38,10.90078505588387,67.11074829101562,95.0495526061077,27.938804315092057,3420.7813332173932,8000.0,False,False
3482,43,"[35, 38]",-18.98459243774414,39.279727935791016,0.16938918828964233,36,38,10.768253602518188,67.04370880126953,95.41082478059391,28.36711597932438,3283.653961353364,8000.0,False,False
3483,43,"[35, 38]",-18.928421020507812,39.417850494384766,0.16925853490829468,36,38,10.636266716685993,66.97834777832031,95.7822256602781,28.80387788195779,3145.4746388448907,8000.0,False,False
3484,43,"[35, 38]",-18.872037887573242,39.555885314941406,0.16914618015289307,36,38,10.504847932346609,66.91461181640625,96.16404011402187,29.249428297615623,3006.198748604552,8000.0,False,False
3485,43,"[35, 38]",-18.815446853637695,39.693843841552734,0.16904671490192413,36,38,10.37400698471219,66.85247039794922,96.55660354562067,29.704133147671456,2865.770211549235,8000.0,False,False
3486,43,"[35, 38]",-18.758651733398438,39.83171844482422,0.16895529627799988,36,38,10.24377348950682,66.79188537597656,96.96025253775511,30.168367161778548,2724.140646647758,8000.0,False,False
3487,43,"[35, 38]",-18.70166015625,39.969512939453125,0.1688675731420517,36,38,10.11416615552993,66.73280334472656,97.37532150862633,30.64251816389975,2581.2540552400187,8000.0,False,False
3488,43,"[35, 38]",-18.64447593688965,40.10723114013672,0.16883844137191772,36,38,9.985205115587354,66.6751937866211,97.80217902796336,31.126985241342254,2437.0529669987623,8000.0,False,False
3489,43,"[35, 38]",-18.58710289001465,40.244873046875,0.16885849833488464,36,38,9.856915344822173,66.61902618408203,98.24120437979153,31.622178195709495,2291.4800874795537,8000.0,False,False
3490,43,"[35, 38]",-18.5295467376709,40.382442474365234,0.16874291002750397,36,38,9.729318863907597,66.56426239013672,98.69278258517038,32.12852019503367,2144.4741896503538,8000.0,False,False
3491,43,"[35, 38]",-18.471813201904297,40.51994323730469,0.16856065392494202,36,38,9.602438810729236,66.51085662841797,99.15731279367606,32.64645616525809,1995.9705272370143,8000.0,False,False
3492,43,"[35, 38]",-18.413904190063477,40.65736770629883,0.1683737337589264,36,38,9.476311418141883,66.45877838134766,99.63521981300904,33.176441431661374,1845.908214526556,8000.0,False,False
3493,43,"[35, 38]",-18.355825424194336,40.79472732543945,0.1681792140007019,36,38,9.350954766692908,66.40801239013672,100.1269389303703,33.71892654023358,1694.218613736568,8000.0,False,False
3494,43,"[35, 38]",-18.297582626342773,40.9320182800293,0.16803321242332458,36,38,9.226403274724815,66.3584976196289,100.63290501426795,34.27440739463904,1540.8322322603108,8000.0,False,False
3495,43,"[35, 38]",-18.239179611206055,41.069244384765625,0.16792747378349304,36,38,9.102685554309385,66.31022644042969,101.15358720653848,34.84336076610879,1385.6799182871205,8000.0,False,False
3496,43,"[35, 38]",-18.18084716796875,41.20587921142578,0.1678953617811203,36,38,8.980304976464916,66.26811218261719,101.68736715221102,35.41925496959385,1230.135780480212,8000.0,False,False
3497,43,"[35, 38]",-18.122875213623047,41.34126663208008,0.16790194809436798,36,38,8.85986800129441,66.23875427246094,102.23185935620948,35.99310508374856,1076.052132573408,8000.0,False,False
3498,43,"[35, 38]",-18.06553077697754,41.474822998046875,0.16797521710395813,36,38,8.74189991303101,66.228515625,102.7846387417726,36.556123116772596,925.2114326659594,8000.0,False,False
3499,43,"[35, 38]",-18.009048461914062,41.60604476928711,0.16808241605758667,36,38,8.62684023511616,66.24346160888672,103.34333479148914,37.09987318260244,779.2959688830488,8000.0,False,False
3500,43,"[35, 38]",-17.953630447387695,41.734493255615234,0.16813644766807556,36,38,8.515059018428982,66.28929901123047,103.90563968801577,37.616340676785285,639.8813117357058,8000.0,False,False
3501,43,"[35, 38]",-17.899456024169922,41.85981369018555,0.16811907291412354,36,38,8.406837583353605,66.37128448486328,104.46930907128159,38.09802458641832,508.4100374346881,8000.0,False,False
3502,43,"[35, 38]",-17.84667205810547,41.98172378540039,0.16807426512241364,36,38,8.302383674521286,66.49424743652344,105.03224535409791,38.53799791757447,386.1859456713819,8000.0,False,False
3503,43,"[35, 38]",-17.79539680480957,42.10001754760742,0.1679844856262207,36,38,8.20182894215397,66.66243743896484,105.59252113312266,38.930083694157815,274.34023671295927,8000.0,False,False
3504,43,"[35, 38]",-17.7457218170166,42.21455001831055,0.1678358018398285,36,38,8.105245310517335,66.87959289550781,106.14838094558446,39.26878805007664,173.84884859170143,8000.0,False,False
3505,43,"[35, 38]",-17.697708129882812,42.32525634765625,0.16761764883995056,36,38,8.012629904369623,67.14883422851562,106.6983454551924,39.54951122667677,85.48766007378708,8000.0,False,False
3506,43,"[35, 38]",-17.651391983032227,42.43212127685547,0.1673225462436676,36,38,7.923935132595988,67.47270202636719,107.2411555396908,39.76845351332361,9.861019669937377,8000.0,False,False
3507,43,"[35, 38]",-17.60678482055664,42.53520584106445,0.16694584488868713,36,38,7.839045269061556,67.85310363769531,107.77586551472699,39.92276187703169,-52.63426502261245,8000.0,False,False
3508,43,"[35, 38]",-17.563875198364258,42.63461685180664,0.16654430329799652,36,38,7.757807226841583,68.29134368896484,108.30180362516153,40.010459936196696,-101.78354025975932,8000.0,False,False
3509,43,"[35, 38]",-17.522628784179688,42.73051452636719,0.1661122590303421,36,38,7.680025207792843,68.78810119628906,108.8186198616559,40.030518665366856,-137.5683443971384,8000.0,False,False
3510,43,"[35, 38]",-17.48299789428711,42.82311248779297,0.16570553183555603,36,38,7.605459484017803,69.34346771240234,109.32624948657649,39.98278177417416,-160.15260732248225,8000.0,False,False
3511,43,"[35, 38]",-17.444913864135742,42.91265106201172,0.16537636518478394,36,38,7.533855595277186,69.95696258544922,109.82492626403754,39.867963678588325,-169.86855923312123,8000.0,False,False
3512,43,"[35, 38]",-17.40830421447754,42.999427795410156,0.16511493921279907,36,38,7.464911133856235,70.6275405883789,110.31515665992401,39.68761607154511,-167.22255495019635,8000.0,False,False
3513,43,"[35, 38]",-17.37308692932129,43.08375549316406,0.1649731695652008,36,38,7.398318076376612,71.3536605834961,110.79767055224342,39.44400996874731,-152.85448510574315,8000.0,False,False
3514,43,"[35, 38]",-17.33917236328125,43.16597366333008,0.16499949991703033,36,38,7.333752087616843,72.13331604003906,111.2734471979616,39.14013115792255,-127.53862527088495,8000.0,False,False
3515,43,"[35, 38]",-17.30647850036621,43.2464485168457,0.16518045961856842,36,38,7.270867603292268,72.96406555175781,111.74361522248587,38.779549670728045,-92.16008489861906,8000.0,False,False
3516,43,"[35, 38]",-17.274919509887695,43.32555389404297,0.16544674336910248,36,38,7.209319974790666,73.84309387207031,112.20948846242712,38.366394590356805,-47.69797312802439,8000.0,False,False
3517,43,"[35, 38]",-17.24442481994629,43.4036750793457,0.1657962203025818,36,38,7.148754928781162,74.76726531982422,112.6724404810585,37.9051751612343,4.80406388215124,8000.0,False,False
3518,43,"[35, 38]",-17.21492576599121,43.48119354248047,0.16616955399513245,36,38,7.088827556058758,75.7331771850586,113.1339581981325,37.400781013073924,64.24902026314794,8000.0,False,False
3519,43,"[35, 38]",-17.186370849609375,43.55849838256836,0.1665145605802536,36,38,7.029185734016588,76.73719024658203,113.59556535924597,36.858375112663936,129.50080147372682,8000.0,False,False
3520,43,"[35, 38]",-17.158721923828125,43.63595962524414,0.1668441891670227,36,38,6.969495749167055,77.77554321289062,114.05876541541424,36.28322220252363,199.42684975193697,8000.0,False,False
3521,43,"[35, 38]",-17.131956100463867,43.71393585205078,0.16711224615573883,36,38,6.909434005893606,78.84432220458984,114.52504757737324,35.6807253727834,272.8909287573424,8000.0,False,False
3522,43,"[35, 38]",-17.106069564819336,43.79277420043945,0.16739560663700104,36,38,6.84868494606045,79.9395980834961,114.99585643447305,35.056258350976975,348.7822073368111,8000.0,False,False
3523,43,"[35, 38]",-17.081073760986328,43.87279510498047,0.16770535707473755,36,38,6.786955887167221,81.05741119384766,115.4725647890124,34.415153595164725,426.0252550624141,8000.0,False,False
3524,43,"[35, 38]",-17.05699348449707,43.954288482666016,0.16793443262577057,36,38,6.723980599400736,82.19383239746094,115.95646771748079,33.762635320019854,503.5939094569003,8000.0,False,False
3525,43,"[35, 38]",-17.03387451171875,44.03752517700195,0.16816335916519165,36,38,6.659504968623214,83.34504699707031,116.44876028149979,33.10371328442949,580.5226864044653,7975.963216957818,False,False
3526,43,"[35, 38]",-17.011775970458984,44.122737884521484,0.16840612888336182,36,38,6.593306668490806,84.50733947753906,116.95051867032761,32.443179192788534,655.9160819978797,7903.791880124933,False,False
3527,43,"[35, 38]",-16.990768432617188,44.21012496948242,0.168675497174263,36,38,6.525191759262263,85.67716217041016,117.46271917853969,31.78555700812953,728.9546214861143,7829.9162134505095,False,False
3528,43,"[35, 38]",-16.97093391418457,44.29985809326172,0.1689242720603943,36,38,6.454987150195664,86.8511734008789,117.98626034716114,31.13508694628223,798.892997748811,7754.538183122657,False,False
3529,43,"[35, 38]",-16.952363967895508,44.392066955566406,0.16905109584331512,36,38,6.3825542234306045,88.0262222290039,118.52190658823034,30.49568435922643,865.0714692289039,7677.872745612116,False,False
3530,43,"[35, 38]",-16.935155868530273,44.48684310913086,0.16914102435112,36,38,6.307786335438314,89.19941711425781,119.07031941764224,29.870902303384412,926.9188420125588,7600.142467428444,False,False
3531,43,"[35, 38]",-16.919410705566406,44.58424377441406,0.16927030682563782,36,38,6.2306055801945694,90.36811828613281,119.63207546061129,29.26395717447849,983.9449272263846,7521.575709399394,False,False
3532,43,"[35, 38]",-16.90523338317871,44.684295654296875,0.1694483757019043,36,38,6.150958714177699,91.52996826171875,120.20767074236448,28.677702480645735,1035.7404654758407,7442.400691966894,False,False
3533,43,"[35, 38]",-16.892723083496094,44.786991119384766,0.16962437331676483,36,38,6.068824550537881,92.68289947509766,120.79756665851454,28.114667183416884,1081.9724423718985,7362.849376170621,False,False
3534,43,"[35, 38]",-16.88197898864746,44.89228057861328,0.16981080174446106,36,38,5.984216967561169,93.82511138916016,121.40209015620833,27.57697876704816,1122.3949111865454,7283.1510998272715,False,False
3535,43,"[35, 38]",-16.873096466064453,45.000099182128906,0.17001818120479584,35,38,5.897163207770889,94.95513916015625,122.02157714909755,27.06643798894129,1156.8248476636945,7203.5251317455895,False,False
3536,43,"[35, 38]",-16.866159439086914,45.1103401184082,0.17025521397590637,35,38,5.807730229519304,96.07179260253906,122.65628822516068,26.584495622621603,1185.1560238283078,7124.189349866925,False,False
3537,43,"[35, 38]",-16.86124610900879,45.222877502441406,0.17041131854057312,35,38,5.716001692170229,97.1741714477539,123.30645882504548,26.13228737729156,1207.3406013101612,7045.349635692131,False,False
3538,43,"[35, 38]",-16.85842514038086,45.33756637573242,0.17038607597351074,35,38,5.6220796774229305,98.26167297363281,123.97231864187675,25.710645668243956,1223.3862277878625,6967.199600261139,False,False
3539,43,"[35, 38]",-16.85775375366211,45.4542350769043,0.17008817195892334,35,38,5.5260917662188564,99.33397674560547,124.65404943751825,25.3200726919128,1233.361611028281,6889.920143101013,False,False
3540,43,"[35, 38]",-16.85927391052246,45.572696685791016,0.1695520579814911,35,38,5.428183398258641,100.39102935791016,125.35186472282396,24.960835364913805,1237.377357946853,6813.681500871477,False,False
3541,43,"[35, 38]",-16.863018035888672,45.692745208740234,0.16892531514167786,35,38,5.328517587471207,101.43303680419922,126.06592328586434,24.63288648166514,1235.5959618809507,6738.635621081699,False,False
3542,43,"[35, 38]",-16.86900520324707,45.81416702270508,0.16833962500095367,35,38,5.227267558782847,102.46045684814453,126.79641602599325,24.335959177848736,1228.2133204294068,6664.918783269634,False,False
3543,43,"[35, 38]",-16.877243041992188,45.93674087524414,0.1677948236465454,35,38,5.124615666925469,103.4739761352539,127.54353947947769,24.06956334422378,1215.4578453816662,6592.649907769408,False,False
3544,43,"[35, 38]",-16.887723922729492,46.06023406982422,0.1674073040485382,35,38,5.020758704192439,104.4744873046875,128.307490808245,23.833003503557507,1197.5898231520036,6521.933909890213,False,False
3545,43,"[35, 38]",-16.900428771972656,46.184410095214844,0.16728071868419647,35,38,4.915899522886257,105.46310424804688,129.0884715053269,23.625367257280033,1174.8983586416898,6452.856062736396,True,False
3546,44,"[34, 38]",-16.91533088684082,46.30903244018555,0.1674485057592392,35,38,14.034164608610302,106.44108581542969,102.69711778985251,-3.743968025577175,8000.0,7564.7211831892455,False,False
3547,44,"[34, 38]",-16.932891845703125,46.435550689697266,0.16800643503665924,35,38,13.906884536873337,107.3946304321289,102.74110589324233,-4.653524538886586,8000.0,7453.824506564811,False,False
3548,44,"[34, 38]",-16.95308494567871,46.56370544433594,0.1688619703054428,35,38,13.777434548377192,108.32432556152344,102.77673797065061,-5.5475875908728085,8000.0,7342.85851347511,False,False
3549,44,"[34, 38]",-16.975879669189453,46.69325256347656,0.1698140949010849,35,38,13.646055514860135,109.23078918457031,102.80369102045518,-6.427098164115137,8000.0,7231.806952739844,False,False
3550,44,"[34, 38]",-17.001239776611328,46.82398223876953,0.17074055969715118,35,38,13.512957001398282,110.11458587646484,102.82167586020677,-7.292910016258077,8000.0,7120.655399636455,False,False
3551,44,"[34, 38]",-17.029125213623047,46.955692291259766,0.17153115570545197,35,38,13.378342969016387,110.97628784179688,102.83040673322746,-8.145881108569426,8000.0,7009.38042613492,False,False
3552,44,"[34, 38]",-17.059494018554688,47.08821105957031,0.17214535176753998,35,38,13.242389099747752,111.81643676757812,102.82961652238782,-8.986820245190302,8000.0,6897.956936408025,False,False
3553,44,"[34, 38]",-17.092304229736328,47.221378326416016,0.1726052612066269,35,38,13.105261026358827,112.63558959960938,102.81903213575153,-9.816557463857862,8000.0,6786.349365183245,False,False
3554,44,"[34, 38]",-17.127506256103516,47.35504150390625,0.1729305386543274,35,38,12.96711979109694,113.43426513671875,102.79840429762123,-10.635860839097518,8000.0,6674.523128249875,False,False
3555,44,"[34, 38]",-17.165054321289062,47.48907470703125,0.17313866317272186,35,38,12.828100743581922,114.21296691894531,102.76747880473982,-11.445488114205489,8000.0,6562.438243490218,False,False
3556,44,"[34, 38]",-17.204898834228516,47.623355865478516,0.17330396175384521,35,38,12.688337580608508,114.97219848632812,102.72600776994092,-12.246190716387218,8000.0,6450.049054204639,False,False
3557,44,"[34, 38]",-17.246992111206055,47.75777816772461,0.17343422770500183,35,38,12.547949945166419,115.71245574951172,102.67373685965944,-13.038718889852277,8000.0,6337.303734162558,False,False
3558,44,"[34, 38]",-17.291282653808594,47.89224624633789,0.17353631556034088,35,38,12.40704842502346,116.4342041015625,102.61042750328453,-13.82377659827796,8000.0,6224.151010699109,False,False
3559,44,"[34, 38]",-17.337718963623047,48.026668548583984,0.17361612617969513,35,38,12.265741166440792,117.13790130615234,102.53583331640246,-14.602067989749884,8000.0,6110.533925098801,False,False
3560,44,"[34, 38]",-17.38625144958496,48.160972595214844,0.17367877066135406,35,38,12.124118581408327,117.82400512695312,102.44970719388927,-15.374297933063872,8000.0,5996.389892890792,False,False
3561,44,"[34, 38]",-17.436830520629883,48.295082092285156,0.17372862994670868,35,38,11.982276119599234,118.49295806884766,102.35178695457735,-16.14117111427032,8000.0,5872.428984347951,False,False
3562,44,"[34, 38]",-17.489404678344727,48.42893600463867,0.17382821440696716,35,38,11.840296062762308,119.14518737792969,102.24182404418349,-16.9033633337462,8000.0,5683.47940970271,False,False
3563,44,"[34, 38]",-17.543922424316406,48.562477111816406,0.17397476732730865,35,38,11.698258283842915,119.78108978271484,102.11956364620751,-17.661526136507348,8000.0,5494.3723889697685,False,False
3564,44,"[34, 38]",-17.60033416748047,48.69565963745117,0.17410679161548615,35,38,11.556232393825951,120.40110778808594,101.98474353670696,-18.41636425137898,8000.0,5305.095374985923,False,False
3565,44,"[34, 38]",-17.658592224121094,48.828433990478516,0.1742275357246399,35,38,11.414292684088752,121.00562286376953,101.83707803391596,-19.168544829853573,8000.0,5115.63887178557,False,False
3566,44,"[34, 38]",-17.71864891052246,48.960758209228516,0.17433975636959076,35,38,11.272507356776307,121.5949935913086,101.67627882668678,-19.918714764621825,8000.0,4925.988671190962,False,False
3567,44,"[34, 38]",-17.780452728271484,49.09260559082031,0.17444568872451782,35,38,11.130931806854349,122.16964721679688,101.50208219732997,-20.667565019466906,8000.0,4736.112705304009,False,False
3568,44,"[34, 38]",-17.84395980834961,49.223934173583984,0.17454718053340912,35,38,10.989636208868015,122.72992706298828,101.31416054240435,-21.41576652058393,8000.0,4545.985298899213,False,False
3569,44,"[34, 38]",-17.909120559692383,49.3547248840332,0.17470450699329376,35,38,10.848670846169266,123.27619171142578,101.11222824069173,-22.163963470734046,8000.0,4355.570996369561,False,False
3570,44,"[34, 38]",-17.97589111328125,49.484954833984375,0.17491284012794495,35,38,10.708090008430187,123.80878448486328,100.89595611752544,-22.912828367337852,8000.0,4164.828218491569,False,False
3571,44,"[34, 38]",-18.044227600097656,49.61459732055664,0.17505013942718506,35,38,10.567953183772582,124.32805633544922,100.66500009325075,-23.66305624219848,8000.0,3973.7107860292335,False,False
3572,44,"[34, 38]",-18.114084243774414,49.74363708496094,0.1751827895641327,35,38,10.428310432882622,124.8343505859375,100.41902696988971,-24.415323616047772,8000.0,3782.167412895253,False,False
3573,44,"[34, 38]",-18.1854190826416,49.87206268310547,0.17531152069568634,35,38,10.289208822868067,125.32796478271484,100.15767592674977,-25.170288855965055,8000.0,3590.1452087238454,False,False
3574,44,"[34, 38]",-18.258190155029297,49.99985885620117,0.1754368543624878,35,38,10.150700686747442,125.80923461914062,99.88057075103218,-25.92866386810846,8000.0,3397.5821636562473,False,False
3575,44,"[34, 38]",-18.332355499267578,50.12701416015625,0.17555905878543854,35,38,10.012836140403891,126.27847290039062,99.5873275093939,-26.691145390996724,8000.0,3204.4147696522678,False,False
3576,44,"[34, 38]",-18.40787696838379,50.25352478027344,0.17567825317382812,35,38,9.875658710007485,126.73595428466797,99.27753619798003,-27.458418086687942,8000.0,3010.5756591048635,False,False
3577,44,"[34, 38]",-18.48471450805664,50.37937927246094,0.1757943481206894,35,38,9.73922139111994,127.1820068359375,98.9507779033435,-28.23122893259398,8000.0,2815.989101201719,False,False
3578,44,"[34, 38]",-18.56283187866211,50.50457763671875,0.17578953504562378,35,38,9.603566944947673,127.61688995361328,98.60660987316705,-29.01028008044625,8000.0,2620.579435740284,False,False
3579,44,"[34, 38]",-18.642189025878906,50.629112243652344,0.17561648786067963,35,38,9.468747962825395,128.04087829589844,98.24459193701472,-29.79628635888372,8000.0,2424.2712629966586,False,False
3580,44,"[34, 38]",-18.722753524780273,50.752986907958984,0.1752912849187851,35,38,9.334806354865597,128.4542694091797,97.86423591124544,-30.590033497934257,8000.0,2226.969872708882,False,False
3581,44,"[34, 38]",-18.804487228393555,50.876197814941406,0.17494584619998932,35,38,9.201794232602362,128.85731506347656,97.4650678212984,-31.392247242178144,8000.0,2028.5932903043022,False,False
3582,44,"[34, 38]",-18.88735580444336,50.998741149902344,0.17463991045951843,35,38,9.069765046150163,129.25027465820312,97.046578249448,-32.20369640875512,8000.0,1829.0506790040517,False,False
3583,44,"[34, 38]",-18.97132682800293,51.12062454223633,0.17436832189559937,35,38,8.938762610939074,129.63339233398438,96.6082417382655,-33.025150595718856,8000.0,1628.2445413363162,False,False
3584,44,"[34, 38]",-19.056367874145508,51.24184799194336,0.17394988238811493,35,38,8.808840342813077,130.00692749023438,96.14951331765876,-33.8574141725756,8000.0,1426.0737885119834,False,False
3585,44,"[34, 38]",-19.142213821411133,51.36213302612305,0.17344124615192413,35,38,8.68035385146091,130.36788940429688,95.67118250988705,-34.69670689440983,8000.0,1223.3644292090794,False,False
3586,44,"[34, 38]",-19.22819709777832,51.480735778808594,0.1728077232837677,35,38,8.55415352857019,130.7078399658203,95.17658089623488,-35.53125906958542,8000.0,1022.5537242035484,False,False
3587,44,"[34, 38]",-19.313720703125,51.59701156616211,0.17207740247249603,35,38,8.430966367655172,131.01852416992188,94.66903300299177,-36.34949116693011,8000.0,826.0029719276472,False,False
3588,44,"[34, 38]",-19.39824104309082,51.71040344238281,0.17139407992362976,35,38,8.31140932274901,131.29220581054688,94.15193631598419,-37.14026949456269,8000.0,635.9557225217213,False,False
3589,44,"[34, 38]",-19.481277465820312,51.82044982910156,0.17077100276947021,35,38,8.195981580366713,131.52154541015625,93.62866717283212,-37.89287823732411,8000.0,454.53539471095337,False,False
3590,44,"[34, 38]",-19.562416076660156,51.9267692565918,0.1702807992696762,35,38,8.085080972153394,131.6997528076172,93.10250056718579,-38.5972522404314,8000.0,283.7076535334836,False,False
3591,44,"[34, 38]",-19.641307830810547,52.029083251953125,0.16987349092960358,35,38,7.978983260825403,131.8207244873047,92.57657839787527,-39.24414608942942,8000.0,125.23782081967147,False,False
3592,44,"[34, 38]",-19.717668533325195,52.12718200683594,0.16956563293933868,35,38,7.877878788770653,131.8789825439453,92.05383539488496,-39.82514714906034,8000.0,-19.2996106563578,False,False
3593,44,"[34, 38]",-19.79128646850586,52.220943450927734,0.16931630671024323,35,38,7.781855956768466,131.86985778808594,91.53688769206234,-40.33297009602359,8000.0,-148.58316845523132,False,False
3594,44,"[34, 38]",-19.86200523376465,52.31032180786133,0.16909198462963104,35,38,7.690916281832837,131.7893829345703,91.02808842321839,-40.761294511351934,8000.0,-261.5121669439068,False,False
3595,44,"[34, 38]",-19.92974090576172,52.39533615112305,0.1689835637807846,35,38,7.604988402012143,131.63449096679688,90.52933766965772,-41.10515329713917,8000.0,-357.2714056475834,False,False
3596,44,"[34, 38]",-19.99446678161621,52.476078033447266,0.168958842754364,35,38,7.523924001163252,131.40284729003906,90.04213626945771,-41.360711020581334,8000.0,-435.29502131672507,False,False
3597,44,"[34, 38]",-20.056215286254883,52.55268859863281,0.16893374919891357,35,38,7.447523566081709,131.09298706054688,89.56751674514369,-41.5254703154032,8000.0,-495.292761910614,False,False
3598,44,"[34, 38]",-20.11507225036621,52.62538146972656,0.16889512538909912,35,38,7.375516259209026,130.7042999267578,89.10603928362814,-41.59826064312966,8000.0,-537.2557298475558,False,False
3599,44,"[34, 38]",-20.171171188354492,52.69440841674805,0.16889360547065735,35,38,7.307596592382783,130.2368927001953,88.65779622575333,-41.579096474442,8000.0,-561.4153267742922,False,False
3600,44,"[34, 38]",-20.224681854248047,52.76006317138672,0.16897828876972198,35,38,7.243422341541275,129.69171142578125,88.22247183170013,-41.4692395940811,8000.0,-568.2530829119169,False,False
3601,44,"[34, 38]",-20.27581787109375,52.82269287109375,0.16907915472984314,35,38,7.182604897992314,129.0703887939453,87.79925435256412,-41.27113444138121,8000.0,-558.4904181156462,False,False
3602,44,"[34, 38]",-20.32480812072754,52.882659912109375,0.1691952645778656,35,38,7.124747731813772,128.3752899169922,87.38705319207749,-40.988236724914714,8000.0,-533.0396853011835,False,False
3603,44,"[34, 38]",-20.371912002563477,52.94036865234375,0.1693287491798401,35,38,7.0694210019252335,127.60932159423828,86.98435986602551,-40.62496172821278,8000.0,-493.00153463858487,False,False
3604,44,"[34, 38]",-20.417388916015625,52.996246337890625,0.16948436200618744,35,38,7.016179791505003,126.77600860595703,86.58948998421778,-40.18651862173925,8000.0,-439.62440269111767,False,False
3605,44,"[34, 38]",-20.461509704589844,53.05072784423828,0.16961005330085754,35,38,6.96458000903685,125.8793716430664,86.20049615323117,-39.678875489835235,8000.0,-374.28708249658075,False,False
3606,44,"[34, 38]",-20.50453758239746,53.104270935058594,0.1697200983762741,35,38,6.914162097400462,124.923828125,85.81531494526101,-39.10851317973899,8000.0,-298.458194806964,False,False
3607,44,"[34, 38]",-20.546728134155273,53.15733337402344,0.16988816857337952,35,38,6.864473629269063,123.91411590576172,85.43177965880669,-38.482336246955015,8000.0,-213.66680689698615,False,False
3608,44,"[34, 38]",-20.588314056396484,53.21037292480469,0.17006471753120422,35,38,6.815067809580397,122.85531616210938,85.0477500510029,-37.807566111106496,8000.0,-121.48004045883954,False,False
3609,44,"[34, 38]",-20.629512786865234,53.26384735107422,0.17026546597480774,35,38,6.765503592376303,121.75262451171875,84.6610514858773,-37.091573025841456,8000.0,-23.470249873572357,False,False
3610,44,"[34, 38]",-20.670509338378906,53.31819534301758,0.17044708132743835,35,38,6.715362704048479,120.61140441894531,84.26963542591628,-36.341768993029035,8000.0,78.81408075396985,False,False
3611,44,"[34, 38]",-20.71146011352539,53.37385559082031,0.17063042521476746,35,38,6.6642302799678825,119.43706512451172,83.871536187806,-35.56552893670573,8000.0,183.85638762127246,False,False
3612,44,"[34, 38]",-20.752492904663086,53.43122863769531,0.17065873742103577,35,38,6.611732207357044,118.23499298095703,83.46490583913803,-34.770087141819005,8000.0,290.20803939274765,False,False
3613,44,"[34, 38]",-20.7936954498291,53.49069595336914,0.17056797444820404,35,38,6.557514135597748,117.01050567626953,83.04810167159094,-33.9624040046786,7983.776644613261,396.5027659041498,False,False
3614,44,"[34, 38]",-20.835124969482422,53.552616119384766,0.17044979333877563,35,38,6.501245466729445,115.76876068115234,82.61961170873292,-33.149148972419425,7907.0527997627305,501.4618390867113,False,False
3615,44,"[34, 38]",-20.87680435180664,53.617305755615234,0.17032811045646667,35,38,6.44263701357212,114.51475524902344,82.17811365485674,-32.33664159416668,7827.986670942189,603.9116007910666,False,False
3616,44,"[34, 38]",-20.91872215270996,53.68504333496094,0.17022459208965302,35,38,6.3814362078768205,113.25324249267578,81.72248120332037,-31.53076128935541,7746.834649029328,702.794966986135,False,False
3617,44,"[34, 38]",-20.96084213256836,53.756072998046875,0.1702173948287964,35,38,6.317423684496541,111.98870849609375,81.25170449356206,-30.737004002531705,7663.871931513249,797.1593293647206,False,False
3618,44,"[34, 38]",-21.003093719482422,53.83060073852539,0.1703178584575653,35,38,6.2504147268440144,110.7253189086914,80.76498949810468,-29.960329410586723,7579.380756740486,886.1789238210563,False,False
3619,44,"[34, 38]",-21.045387268066406,53.90877914428711,0.17059454321861267,35,38,6.180275564512235,109.4668960571289,80.2616577218023,-29.205238335326612,7493.660261169496,969.1473935711952,False,False
3620,44,"[34, 38]",-21.087614059448242,53.990726470947266,0.1710498034954071,35,38,6.1069036908472185,108.21693420410156,79.74113331857507,-28.475800885526496,7407.016263778571,1045.4612865657164,False,False
3621,44,"[34, 38]",-21.129640579223633,54.076515197753906,0.17174383997917175,35,38,6.030237146304376,106.97852325439453,79.2030293386352,-27.77549391575934,7319.750557749103,1114.645659219144,False,False
3622,44,"[34, 38]",-21.17133140563965,54.16617202758789,0.17267116904258728,35,38,5.950257647659951,105.75436401367188,78.64695651796575,-27.107407495706127,7232.173408466397,1176.320448724155,False,False
3623,44,"[34, 38]",-21.21253204345703,54.259681701660156,0.1737082600593567,35,38,5.866982880720322,104.54679870605469,78.07269637954698,-26.474102326507705,7144.585996451193,1230.2147694758278,False,False
3624,44,"[34, 38]",-21.25309181213379,54.356998443603516,0.1747428923845291,35,38,5.780458948485829,103.35772705078125,77.4799832126301,-25.87774383815116,7057.282960460074,1276.139498528395,False,False
3625,44,"[34, 38]",-21.292850494384766,54.458030700683594,0.1757904440164566,35,38,5.69077201400623,102.18870544433594,76.86868064163157,-25.32002480270438,6970.5488633821715,1314.001029861287,False,False
3626,44,"[34, 38]",-21.331655502319336,54.562652587890625,0.1766870617866516,35,38,5.598040126404051,101.04084014892578,76.23861625179842,-24.802223897127362,6884.655416322399,1343.7854154047432,False,False
3627,44,"[34, 38]",-21.369354248046875,54.67070770263672,0.17740146815776825,35,38,5.502407422881336,99.91490936279297,75.58966663322255,-24.32524272957042,6799.858650771937,1365.547265455887,False,False
3628,44,"[34, 38]",-21.40580177307129,54.78200912475586,0.17790408432483673,35,38,5.4040454660653525,98.81130981445312,74.92170322080891,-23.889606593644203,6716.397118514353,1379.4077800793016,False,False
3629,44,"[34, 38]",-21.44086456298828,54.89634704589844,0.17810791730880737,35,38,5.303146628633326,97.73008728027344,74.23455239297706,-23.495534887296373,6634.492101885355,1385.5392276387433,False,False
3630,44,"[34, 38]",-21.474416732788086,55.01348114013672,0.17805072665214539,34,38,5.199930292003701,96.67093658447266,73.52807544210415,-23.142861142368503,6554.342448136533,1384.1776447293437,False,False
3631,44,"[34, 38]",-21.50634765625,55.13316345214844,0.1777648776769638,34,38,5.0946227774972295,95.63324737548828,72.80204034861467,-22.831207026873614,6476.1272727355445,1375.5866669958946,False,False
3632,44,"[34, 38]",-21.53655433654785,55.25511932373047,0.17733663320541382,34,38,4.987473494786716,94.61610412597656,72.05627654824636,-22.559827577730204,6400.000234306899,1360.086379412703,True,False
3633,45,"[33, 38]",-21.56495475769043,55.37907028198242,0.17690080404281616,34,38,14.704443859351754,93.61833953857422,83.89059239072141,-9.727747147852824,8000.0,6798.374275176662,False,False
3634,45,"[33, 38]",-21.591522216796875,55.50552749633789,0.1765548288822174,34,38,14.581586886411744,92.64552307128906,83.73391011372836,-8.911612957560692,8000.0,6907.991183078563,False,False
3635,45,"[33, 38]",-21.616188049316406,55.634254455566406,0.17629621922969818,34,38,14.456372603740084,91.69702911376953,83.58104912999936,-8.11597998377016,8000.0,7013.310905555152,False,False
3636,45,"[33, 38]",-21.63889503479004,55.76502990722656,0.17629891633987427,34,38,14.329003820126983,90.77224731445312,83.43236139860328,-7.339885915849834,8000.0,7114.572853328989,False,False
3637,45,"[33, 38]",-21.65960121154785,55.89765548706055,0.17660170793533325,34,38,14.199661860164296,89.8705825805664,83.28815206383649,-6.582430516729914,8000.0,7211.999164765982,False,False
3638,45,"[33, 38]",-21.67827033996582,56.031951904296875,0.17712166905403137,34,38,14.068509478188679,88.99147033691406,83.14871652019416,-5.842753816719892,8000.0,7305.798327831672,False,False
3639,45,"[33, 38]",-21.69487762451172,56.16773986816406,0.17772527039051056,34,38,13.935710621164908,88.13433837890625,83.01432504980592,-5.120013329100345,8000.0,7396.168653870041,False,False
3640,45,"[33, 38]",-21.709409713745117,56.30487060546875,0.17840974032878876,34,38,13.801400316721491,87.29862976074219,82.8852057521365,-4.413424008605688,8000.0,7483.293807434092,False,False
3641,45,"[33, 38]",-21.721853256225586,56.44320297241211,0.17911361157894135,34,38,13.665706139208119,86.48382568359375,82.76160051449114,-3.7222251691026145,8000.0,7567.347545588284,False,False
3642,45,"[33, 38]",-21.732206344604492,56.58259963989258,0.17978137731552124,34,38,13.528753499258489,85.68937683105469,82.64371907997786,-3.045657751076817,8000.0,7648.496862352394,False,False
3643,45,"[33, 38]",-21.740474700927734,56.72294616699219,0.18036289513111115,34,38,13.39064638727933,84.91480255126953,82.53174256536127,-2.383059985908261,8000.0,7726.890983387044,False,False
3644,45,"[33, 38]",-21.746662139892578,56.86412811279297,0.18075402081012726,34,38,13.25148893023158,84.15957641601562,82.42587464368512,-1.7337017723305053,8000.0,7802.681551790416,False,False
3645,45,"[33, 38]",-21.750783920288086,57.00604248046875,0.18086087703704834,34,38,13.11137583760461,83.4232406616211,82.3262779134041,-1.0969627482169813,8000.0,7876.00191193315,False,False
3646,45,"[33, 38]",-21.75285530090332,57.14860153198242,0.18071632087230682,34,38,12.97038720662068,82.70530700683594,82.23311878165092,-0.4721882251850218,8000.0,7946.984398442968,False,False
3647,45,"[33, 38]",-21.752897262573242,57.291709899902344,0.18034973740577698,34,38,12.828612009152701,82.00533294677734,82.14655546015115,0.14122251337380476,7984.200992946394,8000.0,False,False
3648,45,"[33, 38]",-21.75092887878418,57.43529510498047,0.17984610795974731,34,38,12.686116862046013,81.32284545898438,82.06675256753445,0.7439071085500757,7916.230489461067,8000.0,False,False
3649,45,"[33, 38]",-21.746980667114258,57.579280853271484,0.17928163707256317,34,38,12.54297435113296,80.65741729736328,81.99383704107855,1.3364197437152825,7848.544372024786,8000.0,False,False
3650,45,"[33, 38]",-21.741077423095703,57.72359848022461,0.17878346145153046,34,38,12.399249367117232,80.00863647460938,81.92796692826799,1.919330453658631,7781.12051587477,8000.0,False,False
3651,45,"[33, 38]",-21.733247756958008,57.868186950683594,0.17852450907230377,34,38,12.255000434539518,79.37606811523438,81.86928852773336,2.4932204124989994,7713.931614081377,8000.0,False,False
3652,45,"[33, 38]",-21.723526000976562,58.01298904418945,0.17854252457618713,34,38,12.110283792329737,78.75932312011719,81.8179288622987,3.0586057421814985,7646.954298060053,8000.0,False,False
3653,45,"[33, 38]",-21.711942672729492,58.157955169677734,0.17875362932682037,34,38,11.965148284834354,78.15799713134766,81.77403674149318,3.6160396101455206,7561.3169622617515,8000.0,False,False
3654,45,"[33, 38]",-21.698528289794922,58.303035736083984,0.17914092540740967,34,38,11.819643452429602,77.57170104980469,81.7377706855581,4.166069635753416,7416.071952345328,8000.0,False,False
3655,45,"[33, 38]",-21.683319091796875,58.448184967041016,0.17957141995429993,34,38,11.673816587582017,77.00006866455078,81.7092687724001,4.709200107849313,7270.884795172257,8000.0,False,False
3656,45,"[33, 38]",-21.666349411010742,58.5933723449707,0.17998401820659637,34,38,11.527700326606993,76.4427261352539,81.68867632752644,5.245950192272517,7125.755457814569,8000.0,False,False
3657,45,"[33, 38]",-21.64765167236328,58.73855209350586,0.180323526263237,34,38,11.3813428462604,75.89932250976562,81.67616825227428,5.7768457425086694,6980.687755778413,8000.0,False,False
3658,45,"[33, 38]",-21.627262115478516,58.88370132446289,0.18048129975795746,34,38,11.23477094720759,75.36951446533203,81.67189372783152,6.302379262499471,6835.674658865254,8000.0,False,False
3659,45,"[33, 38]",-21.60521697998047,59.02878189086914,0.18041817843914032,34,38,11.088027252443897,74.85295104980469,81.67602226977422,6.823071219969535,6690.710918438235,8000.0,False,False
3660,45,"[33, 38]",-21.58155059814453,59.173770904541016,0.18015749752521515,34,38,10.941139735962338,74.34931182861328,81.68873160627797,7.339419777664688,6545.783138269951,8000.0,False,False
3661,45,"[33, 38]",-21.556297302246094,59.31863784790039,0.17966125905513763,34,38,10.794144649636879,73.85826873779297,81.7102155709219,7.85194683312892,6400.876457920911,8000.0,False,False
3662,45,"[33, 38]",-21.529495239257812,59.4633674621582,0.17901268601417542,34,38,10.647064427550852,73.37950134277344,81.74064688593144,8.361145543157988,6255.969569500805,8000.0,False,False
3663,45,"[33, 38]",-21.501176834106445,59.607933044433594,0.17828641831874847,34,38,10.499932737700423,72.9127197265625,81.78024799932713,8.867528272764616,6111.042183786852,8000.0,False,False
3664,45,"[33, 38]",-21.47138023376465,59.752315521240234,0.17754942178726196,34,38,10.352777258713099,72.45761108398438,81.82921648635454,9.371605402370164,5966.06864801654,8000.0,False,False
3665,45,"[33, 38]",-21.44013786315918,59.89649963378906,0.1768617480993271,34,38,10.205621819121518,72.0138931274414,81.88778977294527,9.873896645503862,5821.017764359809,8000.0,False,False
3666,45,"[33, 38]",-21.40748405456543,60.040470123291016,0.17633605003356934,34,38,10.058491274983282,71.5812759399414,81.95620795097452,10.37493201103311,5675.855380451628,7993.637438219109,False,False
3667,45,"[33, 38]",-21.373455047607422,60.184207916259766,0.17607344686985016,34,38,9.911415287385337,71.15947723388672,82.03471677891886,10.875239545032144,5530.548139736279,7960.099973386213,False,False
3668,45,"[33, 38]",-21.33808135986328,60.32770538330078,0.17604714632034302,34,38,9.764412162431606,70.74824523925781,82.12359973225549,11.375354492997673,5385.0537825336205,7926.332367933169,False,False
3669,45,"[33, 38]",-21.30139923095703,60.47095489501953,0.1761740893125534,34,38,9.617501784303853,70.34729766845703,82.22312284834392,11.875825179886874,5239.327356356915,7892.412166344418,False,False
3670,45,"[33, 38]",-21.263437271118164,60.61394119262695,0.17637938261032104,34,38,9.47071136047951,69.95638275146484,82.33361930633095,12.377236554866101,5093.321113230935,7858.422299542786,False,False
3671,45,"[33, 38]",-21.224225997924805,60.756656646728516,0.17665424942970276,34,38,9.324061649327673,69.57526397705078,82.4554236114019,12.880159634351116,4946.98413194298,7824.4394126072475,False,False
3672,45,"[33, 38]",-21.183801651000977,60.89909744262695,0.17699067294597626,34,38,9.177571231415852,69.20367431640625,82.5888513047577,13.385176988351446,4800.261257066778,7790.538497500845,False,False
3673,45,"[33, 38]",-21.142189025878906,61.041255950927734,0.17732249200344086,34,38,9.031261855777737,68.84139251708984,82.73431150244251,13.892918985352651,4653.090980178088,7756.798871470678,False,False
3674,45,"[33, 38]",-21.09942054748535,61.183128356933594,0.17753122746944427,34,38,8.885153409510806,68.4881820678711,82.89218593772001,14.404003869848907,4505.411081196764,7723.296431582277,False,False
3675,45,"[33, 38]",-21.055526733398438,61.32470703125,0.17762772738933563,34,38,8.739270265792332,68.14381408691406,83.06289466362408,14.91908057671003,4357.156131157385,7690.110722311619,False,False
3676,45,"[33, 38]",-21.01053237915039,61.46599197387695,0.17762166261672974,34,38,8.59362954049358,67.80807495117188,83.24691482068668,15.438839869514823,4208.2497862503,7657.319717913729,False,False
3677,45,"[33, 38]",-20.964468002319336,61.60697555541992,0.17746277153491974,34,38,8.448257681606107,67.4807357788086,83.44472072877618,15.963984949967596,4058.617601509761,7625.006070191448,False,False
3678,45,"[33, 38]",-20.917360305786133,61.74766159057617,0.1771644949913025,34,38,8.303170427871743,67.1615982055664,83.65683303001735,16.49523482445096,3908.176155887877,7593.246985664493,False,False
3679,45,"[33, 38]",-20.86923599243164,61.88804244995117,0.17679762840270996,34,38,8.158396074249692,66.85044860839844,83.88381431418037,17.033365705781932,3756.839361100542,7562.129783656478,False,False
3680,45,"[33, 38]",-20.82012176513672,62.02811813354492,0.17648454010486603,34,38,8.013956588500232,66.5470962524414,84.126256751729,17.579160499287582,3604.5157669151913,7531.737916663654,False,False
3681,45,"[33, 38]",-20.770044326782227,62.167884826660156,0.17627638578414917,34,38,7.8698790558476635,66.2513427734375,84.38479342728321,18.133450653845728,3451.108601134727,7502.160359951065,False,False
3682,45,"[33, 38]",-20.71902847290039,62.30734634399414,0.1761602759361267,34,38,7.726184195066914,65.96299743652344,84.66010694864354,18.697109512120107,3296.5107671648598,7473.485123548175,False,False
3683,45,"[33, 38]",-20.667097091674805,62.446502685546875,0.17612451314926147,34,38,7.582897876746829,65.681884765625,84.95294234363419,19.27105757800919,3140.610026044101,7445.805611038205,False,False
3684,45,"[33, 38]",-20.614276885986328,62.585350036621094,0.17615845799446106,34,38,7.440051758697104,65.40780639648438,85.26406755051909,19.856261154034712,2983.2894592011976,7419.220777905257,False,False
3685,45,"[33, 38]",-20.56058692932129,62.72389221191406,0.17631128430366516,34,38,7.297671015411061,65.1406021118164,85.59435634922687,20.453754237410465,2824.418002316118,7393.830557024016,False,False
3686,45,"[33, 38]",-20.506053924560547,62.86213302612305,0.17650946974754333,34,38,7.155783361123117,64.88008880615234,85.94468200805322,21.06459320190089,2663.86160022097,7369.736889390701,False,False
3687,45,"[33, 38]",-20.45069694519043,63.00007247924805,0.1766868531703949,34,38,7.014421788870738,64.62610626220703,86.31604217892578,21.689935916718753,2501.4730681723313,7347.051260726787,False,False
3688,45,"[33, 38]",-20.39453887939453,63.1377067565918,0.176842600107193,34,38,6.873625643419909,64.37848663330078,86.70947400462795,22.330987371327183,2337.1003967579654,7325.890858849907,False,False
3689,45,"[33, 38]",-20.33759880065918,63.275047302246094,0.17697584629058838,34,38,6.733421250540771,64.13706970214844,87.12611182863414,22.989042126485685,2170.5707777785083,7306.372083210239,False,False
3690,45,"[33, 38]",-20.27989959716797,63.41209030151367,0.17702701687812805,34,38,6.593853045064396,63.901710510253906,87.56714540782342,23.665434897569526,2001.7133788346628,7288.62227968529,False,False
3691,45,"[33, 38]",-20.221458435058594,63.54884338378906,0.17688357830047607,34,38,6.4549566633201145,63.67224884033203,88.03389474833186,24.361645907999844,1830.3302877084147,7272.774221143305,False,False
3692,45,"[33, 38]",-20.162296295166016,63.685306549072266,0.1765618622303009,34,38,6.316778725475052,63.44853973388672,88.52774388291046,25.079204149023724,1656.2204366612686,7258.968419768938,False,False
3693,45,"[33, 38]",-20.102432250976562,63.82147979736328,0.1760764867067337,34,38,6.179369244545127,63.230438232421875,89.0501935965219,25.81975536410002,1479.1656328465024,7247.354345333065,False,False
3694,45,"[33, 38]",-20.04193115234375,63.957279205322266,0.17567075788974762,34,38,6.042866275532463,63.01870346069336,89.60242420901085,26.58372074831749,1299.1711692662343,7238.031386723784,False,False
3695,45,"[33, 38]",-19.981210708618164,64.09190368652344,0.17523150146007538,34,38,5.908126190831234,62.82099533081055,90.18221494872473,27.361219617914173,1118.1264909443994,7230.681623025899,False,False
3696,45,"[33, 38]",-19.920658111572266,64.22465515136719,0.17477461695671082,34,38,5.775889823731824,62.64482498168945,90.78708189822794,28.142256916538486,937.8893025193129,7224.929841856831,False,False
3697,45,"[33, 38]",-19.86063003540039,64.35489654541016,0.17437374591827393,34,38,5.646823620413044,62.49747848510742,91.41426795679969,28.916789471692255,760.2946025503256,7220.367375504713,False,False
3698,45,"[33, 38]",-19.801448822021484,64.48207092285156,0.17415492236614227,34,38,5.521500146764181,62.38592529296875,92.06078011082785,29.674854817859114,587.1243405223563,7216.550537296036,False,False
3699,45,"[33, 38]",-19.743408203125,64.605712890625,0.1740565299987793,34,38,5.400386353641084,62.316810607910156,92.72335408489707,30.40654347698691,420.10421737840124,7212.991229528498,False,False
3700,45,"[33, 38]",-19.68675994873047,64.72542572021484,0.17402492463588715,34,38,5.283867254453924,62.29631423950195,93.398620943415,31.10230670391303,260.866446255312,7209.188455194673,False,False
3701,45,"[33, 38]",-19.63172721862793,64.84090423583984,0.17401406168937683,34,38,5.172223307754102,62.33013153076172,94.08303055980566,31.75289902904393,110.945552290053,7204.611281699681,False,False
3702,45,"[33, 38]",-19.578493118286133,64.951904296875,0.1738673895597458,34,38,5.065662669310031,62.423404693603516,94.77302232247617,32.349617628872636,-28.244946050329418,7198.728998078035,False,False
3703,45,"[33, 38]",-19.527202606201172,65.05826568603516,0.17362332344055176,33,38,4.96430009219835,62.58069610595703,95.46510390268129,32.88440779672425,-155.4403768442662,7191.006837508787,True,False
3704,46,"[32, 38]",-19.47796630859375,65.15989685058594,0.1733195185661316,33,38,14.849282159761541,62.80592727661133,92.01467595923053,29.208748682619216,3720.1320501195846,8000.0,False,False
3705,46,"[32, 38]",-19.426851272583008,65.26465606689453,0.1734522581100464,33,38,14.746486371018957,63.02553939819336,92.2274646199386,29.201925221745228,3721.3591163882716,8000.0,False,False
3706,46,"[32, 38]",-19.374094009399414,65.37225341796875,0.1738562136888504,33,38,14.641131389930102,63.23966598510742,92.45013195083973,29.21046596573231,3719.823214667863,8000.0,False,False
3707,46,"[32, 38]",-19.319910049438477,65.48242950439453,0.17432385683059692,33,38,14.533491508778239,63.44845962524414,92.68211660476015,29.233656979516013,3715.6519384891326,8000.0,False,False
3708,46,"[32, 38]",-19.264490127563477,65.59495544433594,0.17478615045547485,33,38,14.423809601596883,63.65203094482422,92.92293764624374,29.270906701419506,3708.9495841726525,8000.0,False,False
3709,46,"[32, 38]",-19.208003997802734,65.70960235595703,0.17500463128089905,33,38,14.312327640616857,63.85052490234375,93.17217579335544,29.3216508910117,3699.814420192993,8000.0,False,False
3710,46,"[32, 38]",-19.150606155395508,65.8261947631836,0.17499999701976776,33,38,14.19923324670935,64.0440673828125,93.4294636344833,29.385396251670784,3688.330982449519,8000.0,False,False
3711,46,"[32, 38]",-19.092430114746094,65.9445571899414,0.17479091882705688,33,38,14.084713546375289,64.23277282714844,93.69450012430195,29.461727297153516,3674.568939223403,8000.0,False,False
3712,46,"[32, 38]",-19.033599853515625,66.06452178955078,0.17439422011375427,33,38,13.96894706830225,64.4167709350586,93.9670072184776,29.550236283418997,3658.5958063943185,8000.0,False,False
3713,46,"[32, 38]",-18.97422218322754,66.18595886230469,0.17382511496543884,33,38,13.85207394881073,64.59617614746094,94.24677117519309,29.65059502773215,3640.4640684194997,8000.0,False,False
3714,46,"[32, 38]",-18.914396286010742,66.30873107910156,0.17315608263015747,33,38,13.734241154435392,64.7710952758789,94.5335933332453,29.7624980573664,3620.2214818900093,8000.0,False,False
3715,46,"[32, 38]",-18.854204177856445,66.43273162841797,0.17251119017601013,33,38,13.615565325485818,64.941650390625,94.82734259865278,29.885692208027763,3597.9057655301717,8000.0,False,False
3716,46,"[32, 38]",-18.793724060058594,66.55784606933594,0.1719432771205902,33,38,13.496169972957098,65.10794830322266,95.1278899513452,30.01994164812254,3573.5509536962827,8000.0,False,False
3717,46,"[32, 38]",-18.733022689819336,66.68399047851562,0.17144107818603516,33,38,13.376148215415943,65.27008819580078,95.435155061753,30.165066865952213,3547.1803435119414,8000.0,False,False
3718,46,"[32, 38]",-18.672161102294922,66.81106567382812,0.17122973501682281,33,38,13.255608050871656,65.42818450927734,95.74906695221141,30.320882442934078,3518.817798483339,8000.0,False,False
3719,46,"[32, 38]",-18.61119270324707,66.93900299072266,0.1712765395641327,33,38,13.134627082025052,65.58232879638672,96.06959147479418,30.48726267840746,3488.475825297572,8000.0,False,False
3720,46,"[32, 38]",-18.550161361694336,67.0677261352539,0.1715521514415741,33,38,13.013290874714164,65.73262023925781,96.39672588776516,30.66410564850736,3456.1620833971374,8000.0,False,False
3721,46,"[32, 38]",-18.489110946655273,67.19718170166016,0.17203012108802795,33,38,12.891661728102488,65.879150390625,96.73047269237007,30.851322301745085,3421.8813704203485,8000.0,False,False
3722,46,"[32, 38]",-18.42807388305664,67.32730102539062,0.17268674075603485,33,38,12.769817971223949,66.02201843261719,97.07087242958168,31.04885399696451,3385.632401795323,8000.0,False,False
3723,46,"[32, 38]",-18.36708641052246,67.45803833007812,0.17344185709953308,33,38,12.647814408841153,66.16132354736328,97.41795675482153,31.256633207458265,3347.4150066997336,8000.0,False,False
3724,46,"[32, 38]",-18.306171417236328,67.58934020996094,0.17404700815677643,33,38,12.525714817601413,66.2971420288086,97.77180985552928,31.47466782672069,3307.2146045887894,8000.0,False,False
3725,46,"[32, 38]",-18.2453556060791,67.72117614746094,0.17451386153697968,33,38,12.403559656437352,66.4295654296875,98.13251089062722,31.702945460939702,3265.0197612706047,8000.0,False,False
3726,46,"[32, 38]",-18.18465805053711,67.8534927368164,0.17479415237903595,33,38,12.28141299232509,66.55867004394531,98.50015814984606,31.94148810590076,3220.812099265482,8000.0,False,False
3727,46,"[32, 38]",-18.12409782409668,67.98626708984375,0.1749032586812973,33,38,12.159308673198906,66.68455505371094,98.87486948249983,32.190314428788895,3174.57323949079,8000.0,False,False
3728,46,"[32, 38]",-18.063688278198242,68.11945343017578,0.174855038523674,33,38,12.037304095259408,66.80728912353516,99.25677373291,32.44948460937485,3126.276446907561,8000.0,False,False
3729,46,"[32, 38]",-18.003446578979492,68.25303649902344,0.17466196417808533,33,38,11.915426012370025,66.92694091796875,99.64600511654537,32.71906419857663,3037.3511487702376,8000.0,False,False
3730,46,"[32, 38]",-17.943382263183594,68.38697814941406,0.1743352860212326,33,38,11.79372515440199,67.04360961914062,100.04271783841762,32.99910821927699,2929.6891302032127,8000.0,False,False
3731,46,"[32, 38]",-17.883502960205078,68.52125549316406,0.17388512194156647,33,38,11.672237796270124,67.15735626220703,100.44708918398472,33.28973292177767,2820.342064834157,8000.0,False,False
3732,46,"[32, 38]",-17.82381820678711,68.65585327148438,0.17332056164741516,33,38,11.550992693063357,67.26826477050781,100.85929730543675,33.59103253492896,2709.310648374161,8000.0,False,False
3733,46,"[32, 38]",-17.764331817626953,68.79074096679688,0.1726498305797577,33,38,11.430035008481866,67.37638854980469,101.27953751827091,33.90314896846621,2596.59386421803,8000.0,False,False
3734,46,"[32, 38]",-17.705053329467773,68.9259033203125,0.1718803197145462,33,38,11.309394214176667,67.48180389404297,101.7079945560361,34.226190661993144,2482.189613457215,8000.0,False,False
3735,46,"[32, 38]",-17.645984649658203,69.06132507324219,0.1711363047361374,33,38,11.189101725470406,67.58457946777344,102.14489518674802,34.56031571897458,2366.0871986469656,8000.0,False,False
3736,46,"[32, 38]",-17.587127685546875,69.19699096679688,0.17047074437141418,33,38,11.069189535703266,67.68478393554688,102.59047137523604,34.90568743968916,2248.2749953625053,8000.0,False,False
3737,46,"[32, 38]",-17.528486251831055,69.33287811279297,0.16987255215644836,33,38,10.949697236175956,67.78247833251953,103.04494152194887,35.262463189429354,2128.74562330121,8000.0,False,False
3738,46,"[32, 38]",-17.47005844116211,69.46898651123047,0.1693904995918274,33,38,10.83064399709366,67.87772369384766,103.508584844264,35.630861150416365,2007.4710730388874,8000.0,False,False
3739,46,"[32, 38]",-17.411849975585938,69.60528564453125,0.16906850039958954,33,38,10.712077626710078,67.9705810546875,103.98161064043367,36.01102958574617,1884.4487949395425,8000.0,False,False
3740,46,"[32, 38]",-17.353857040405273,69.74178314208984,0.1689460575580597,33,38,10.594011783386163,68.06111145019531,104.46433043442003,36.403218984224736,1759.6418918467384,8000.0,False,False
3741,46,"[32, 38]",-17.29608154296875,69.87844848632812,0.16899989545345306,33,38,10.476496554964722,68.14937591552734,104.95698301223405,36.807607096706704,1633.042744080526,8000.0,False,False
3742,46,"[32, 38]",-17.238521575927734,70.01528930664062,0.1692679077386856,33,38,10.359546839350731,68.23542022705078,105.45988474788227,37.224464520831475,1504.6107831413283,8000.0,False,False
3743,46,"[32, 38]",-17.18117332458496,70.15229034423828,0.16966654360294342,33,38,10.24320112514706,68.3193130493164,105.97333815668964,37.65402510737323,1374.3222936689335,8000.0,False,False
3744,46,"[32, 38]",-17.124267578125,70.28886413574219,0.17015661299228668,33,38,10.127980881513224,68.40654754638672,106.49545954042368,38.08891199403695,1243.781703236903,8000.0,False,False
3745,46,"[32, 38]",-17.068016052246094,70.4244384765625,0.1707022339105606,33,38,10.01438507143715,68.50271606445312,107.02429826345501,38.5215821990019,1114.6116407397403,8000.0,False,False
3746,46,"[32, 38]",-17.012605667114258,70.55854034423828,0.17121291160583496,33,38,9.90281199112323,68.61318969726562,107.55801396789377,38.944824270628146,988.3266145919733,8000.0,False,False
3747,46,"[32, 38]",-16.958202362060547,70.69072723388672,0.17149047553539276,33,38,9.793625084925011,68.74308776855469,108.09476327799966,39.35167550944499,866.3761819534002,8000.0,False,False
3748,46,"[32, 38]",-16.90494728088379,70.82064056396484,0.17153415083885193,33,38,9.687104365600502,68.89722442626953,108.63283248364063,39.73560805737111,750.0889476252696,8000.0,False,False
3749,46,"[32, 38]",-16.85296058654785,70.9479751586914,0.1713445782661438,33,38,9.583475924605283,69.08002471923828,109.17058888358987,40.090564164351576,640.6776329785498,8000.0,False,False
3750,46,"[32, 38]",-16.802337646484375,71.07249450683594,0.17092382907867432,33,38,9.482900339957475,69.2955322265625,109.70655646791232,40.41102424134982,539.2206244553117,8000.0,False,False
3751,46,"[32, 38]",-16.753154754638672,71.19401550292969,0.17027547955513,33,38,9.385487041702637,69.54732513427734,110.23938168932551,40.69205655504817,446.6578241367706,8000.0,False,False
3752,46,"[32, 38]",-16.70546531677246,71.31242370605469,0.1694633513689041,33,38,9.291283046065798,69.83850860595703,110.76791376814927,40.92940516219224,363.7688949411022,8000.0,False,False
3753,46,"[32, 38]",-16.6593074798584,71.42766571044922,0.16860562562942505,33,38,9.200279435209463,70.17169952392578,111.29117507613724,41.11947555221144,291.1781981647291,8000.0,False,False
3754,46,"[32, 38]",-16.61469268798828,71.53972625732422,0.16769300401210785,33,38,9.112438608724302,70.54899597167969,111.80840224838954,41.25940627670985,229.3523725974028,8000.0,False,False
3755,46,"[32, 38]",-16.571622848510742,71.6486587524414,0.16683682799339294,33,38,9.027661409580396,70.97196197509766,112.3190399606618,41.34707798556414,178.58538586450322,8000.0,False,False
3756,46,"[32, 38]",-16.530080795288086,71.75456237792969,0.1660805344581604,33,38,8.945813594451938,71.44168090820312,112.82276929098651,41.38108838278339,139.0145073470303,8000.0,False,False
3757,46,"[32, 38]",-16.49003791809082,71.85757446289062,0.16546531021595,33,38,8.866731497221009,71.95867919921875,113.31946430029697,41.36078510107822,110.61736045396265,8000.0,False,False
3758,46,"[32, 38]",-16.451452255249023,71.95787048339844,0.16503028571605682,33,38,8.790224016404322,72.52301025390625,113.80922006266864,41.28620980876241,93.22431133983537,8000.0,False,False
3759,46,"[32, 38]",-16.414278030395508,72.05567169189453,0.16481272876262665,33,38,8.71606300518016,73.13426208496094,114.29233246508278,41.15807038012184,86.52122666067135,8000.0,False,False
3760,46,"[32, 38]",-16.378459930419922,72.15121459960938,0.16484810411930084,33,38,8.644014387826937,73.7915267944336,114.76926509223856,40.97773829780496,90.06450644210418,8000.0,False,False
3761,46,"[32, 38]",-16.34393882751465,72.2447738647461,0.1651114523410797,33,38,8.573815702817516,74.49352264404297,115.24068639141427,40.7471637473713,103.28968211022584,8000.0,False,False
3762,46,"[32, 38]",-16.31066131591797,72.3366470336914,0.16552330553531647,33,38,8.50518657126902,75.23854064941406,115.70738112342916,40.46884047401511,125.52441570809242,8000.0,False,False
3763,46,"[32, 38]",-16.2785701751709,72.42713165283203,0.16607266664505005,33,38,8.437853693011398,76.02454376220703,116.17024723206475,40.14570346985772,156.01985512801548,8000.0,False,False
3764,46,"[32, 38]",-16.24761390686035,72.51654052734375,0.16663363575935364,33,38,8.371533137417329,76.84918975830078,116.63028479608379,39.78109503778302,193.95205609531604,8000.0,False,False
3765,46,"[32, 38]",-16.21775245666504,72.60520935058594,0.16715316474437714,33,38,8.30592109447983,77.7098617553711,117.08859021506294,39.37872845969184,238.42723557089812,8000.0,False,False
3766,46,"[32, 38]",-16.188947677612305,72.69345092773438,0.1676436811685562,33,38,8.24073899291819,78.60372161865234,117.54627606260303,38.942554443950684,288.5269961347567,8000.0,False,False
3767,46,"[32, 38]",-16.161176681518555,72.78158569335938,0.16799990832805634,33,38,8.175699943908835,79.52778625488281,118.00448209523812,38.47669584035532,343.3082196444366,8000.0,False,False
3768,46,"[32, 38]",-16.13442611694336,72.86992645263672,0.1682458072900772,33,38,8.11052465850263,80.47891235351562,118.46436322807845,37.985450874562844,401.8112241552617,8000.0,False,False
3769,46,"[32, 38]",-16.10869598388672,72.9587631225586,0.1684625744819641,33,38,8.04495268538356,81.4538803100586,118.9270127923766,37.47313248231802,463.0947149862477,8000.0,False,False
3770,46,"[32, 38]",-16.083993911743164,73.04837799072266,0.16866524517536163,33,38,7.978731242693526,82.4494400024414,119.39354602198405,36.94410601954263,526.2258699819595,8000.0,False,False
3771,46,"[32, 38]",-16.060346603393555,73.13903045654297,0.16880916059017181,33,38,7.911622587158571,83.46234893798828,119.86497433536806,36.40262539737978,590.3130619003477,8000.0,False,False
3772,46,"[32, 38]",-16.03778839111328,73.23095703125,0.168913334608078,33,38,7.843408923827732,84.48937225341797,120.34227167611282,35.85289942269486,654.4971329229134,8000.0,False,False
3773,46,"[32, 38]",-16.016366958618164,73.32437896728516,0.16893644630908966,33,38,7.7738824522122725,85.52738952636719,120.82636285731297,35.298973330945785,717.9677667461178,8000.0,False,False
3774,46,"[32, 38]",-15.996133804321289,73.41947174072266,0.16895902156829834,33,38,7.702875871000806,86.57337188720703,121.31806470388489,34.744692816677855,779.9828055315284,8000.0,False,False
3775,46,"[32, 38]",-15.977155685424805,73.51640319824219,0.1690535694360733,33,38,7.630223054870291,87.62442016601562,121.81814997390558,34.19372980788995,839.8460717387675,8000.0,False,False
3776,46,"[32, 38]",-15.959502220153809,73.61528778076172,0.16922640800476074,33,38,7.5558038904826414,88.67782592773438,122.32724263701355,33.649416709279194,896.954184846762,8000.0,False,False
3777,46,"[32, 38]",-15.94325065612793,73.71623229980469,0.16936539113521576,33,38,7.479502105690215,89.73104858398438,122.84595812835916,33.11490954437477,950.7491990998419,8000.0,False,False
3778,46,"[32, 38]",-15.928478240966797,73.81929779052734,0.16948683559894562,33,38,7.40124106055606,90.78174591064453,123.37479187136213,32.5930459607176,1000.7569792874306,8000.0,False,False
3779,46,"[32, 38]",-15.915266036987305,73.92452239990234,0.16960497200489044,33,38,7.320961659364007,91.82782745361328,123.91417692130935,32.08634946769607,1046.5747542273507,8000.0,False,False
3780,46,"[32, 38]",-15.903693199157715,74.03191375732422,0.16967323422431946,33,38,7.238631279920443,92.86742401123047,124.46447971912552,31.597055707895038,1087.8690271916857,8000.0,False,False
3781,46,"[32, 38]",-15.89383602142334,74.1414566040039,0.16964900493621826,33,38,7.1542374395689405,93.8989028930664,125.02602950463935,31.127126611572947,1124.3686129450493,8000.0,False,False
3782,46,"[32, 38]",-15.885767936706543,74.25309753417969,0.16961084306240082,33,38,7.06779975821921,94.92088317871094,125.5990376596427,30.678154480931767,1155.8836998763313,8000.0,False,False
3783,46,"[32, 38]",-15.879557609558105,74.36677551269531,0.16956974565982819,33,38,6.979345500641136,95.9322280883789,126.1837386911089,30.25151060272998,1182.2687783248616,7940.5211139359,False,False
3784,46,"[32, 38]",-15.875264167785645,74.48238372802734,0.16953474283218384,33,38,6.888942953043704,96.93207550048828,126.7802305319498,29.848155031461516,1203.4666480275446,7871.608484119897,False,False
3785,46,"[32, 38]",-15.872941970825195,74.59981536865234,0.16957178711891174,33,38,6.796661094156428,97.9197769165039,127.38864955099135,29.46887263448744,1219.4504235307868,7802.859758860852,False,False
3786,46,"[32, 38]",-15.872634887695312,74.71894073486328,0.1697392612695694,33,38,6.702591269960915,98.89495849609375,128.00908987284424,29.114131376750493,1230.2545578403406,7734.4139355361585,False,False
3787,46,"[32, 38]",-15.874378204345703,74.839599609375,0.17002983391284943,33,38,6.606851549137489,99.85745239257812,128.64153435170763,28.78408195912951,1235.9753568936585,7666.400986982745,False,False
3788,46,"[32, 38]",-15.878196716308594,74.96163177490234,0.17037713527679443,33,38,6.5095634785385545,100.80734252929688,129.28601444262102,28.47867191332415,1236.7409465935998,7598.937317572667,False,False
3789,46,"[32, 38]",-15.884106636047363,75.08486938476562,0.17077919840812683,32,38,6.410856974558362,101.7448959350586,129.9425526112757,28.197656676217093,1232.7109190274368,7532.1278834683835,False,False
3790,46,"[32, 38]",-15.89211368560791,75.2091293334961,0.17123323678970337,32,38,6.310877254006562,102.67060852050781,130.6111225909194,27.94051407041158,1224.0918318024696,7466.062586727076,False,False
3791,46,"[32, 38]",-15.902212142944336,75.33421325683594,0.1717357337474823,32,38,6.209785121412685,103.58513641357422,131.2916407166458,27.70650430307157,1211.127278870672,7400.819749994842,False,False
3792,46,"[32, 38]",-15.914389610290527,75.4599380493164,0.172223761677742,32,38,6.107730738379591,104.48932647705078,131.98410707521592,27.494780598165136,1194.0679877526236,7336.460929211025,False,False
3793,46,"[32, 38]",-15.928622245788574,75.58609008789062,0.17269857227802277,32,38,6.004891133876206,105.38419342041016,132.6883521446712,27.304158724261043,1173.224094211423,7273.031700297693,False,False
3794,46,"[32, 38]",-15.944880485534668,75.71248626708984,0.17310163378715515,32,38,5.901420870137185,106.2708511352539,133.4043688550786,27.13351771982468,1148.8807642012043,7210.566803998517,False,False
3795,46,"[32, 38]",-15.96312427520752,75.83892822265625,0.1734381914138794,32,38,5.797489452653234,107.15058135986328,134.13205527102727,26.981473911163988,1121.3650102371298,7149.084137158903,False,False
3796,46,"[32, 38]",-15.983307838439941,75.96522521972656,0.17371225357055664,32,38,5.693261231339081,108.02473449707031,134.8713208412377,26.846586344167378,1091.0050779131452,7088.5900331345,False,False
3797,46,"[32, 38]",-16.005380630493164,76.09117889404297,0.17392666637897491,32,38,5.588905648301314,108.894775390625,135.62196777593084,26.72719238530584,1058.1597011647505,7029.071789965312,False,False
3798,46,"[32, 38]",-16.029285430908203,76.21661376953125,0.1740245819091797,32,38,5.4845770628279435,109.7622299194336,136.3839175045471,26.621687585113506,1023.1669365619755,6970.509026770345,False,False
3799,46,"[32, 38]",-16.054962158203125,76.34136199951172,0.17401307821273804,32,38,5.380423365482147,110.62869262695312,137.15708150987868,26.528388882925555,986.3687490324319,6912.867709115779,False,False
3800,46,"[32, 38]",-16.08234405517578,76.46524047851562,0.17389805614948273,32,38,5.276604303597248,111.49576568603516,137.9412041629203,26.44543847688513,948.1339344233961,6856.101595930466,False,False
3801,46,"[32, 38]",-16.11136817932129,76.5881118774414,0.17374317348003387,32,38,5.173242503271177,112.36510467529297,138.73626436802098,26.371159692728014,908.7825446406573,6800.156166494353,False,False
3802,46,"[32, 38]",-16.141963958740234,76.7098159790039,0.17354658246040344,32,38,5.070478575803013,113.23836517333984,139.54201768776431,26.30365251442447,868.6717624368712,6744.964135904932,False,False
3803,46,"[32, 38]",-16.17406463623047,76.83021545410156,0.17330636084079742,32,38,4.968431892977789,114.11717224121094,140.35827751916906,26.241105277958127,828.1316152640607,6690.4508019883,True,False
3804,47,"[31, 38]",-16.207599639892578,76.94918823242188,0.173020601272583,32,38,13.590658125495564,115.0031509399414,106.2031943680105,-8.79995657193092,8000.0,6922.863395469397,False,False
3805,47,"[31, 38]",-16.2440242767334,77.0698471069336,0.17284174263477325,32,38,13.464628010897352,115.86699676513672,106.19762603693826,-9.669370728198459,8000.0,6806.26811940094,False,False
3806,47,"[31, 38]",-16.28325080871582,77.1919174194336,0.17287956178188324,32,38,13.336461447532482,116.70923614501953,106.18208346224891,-10.527152682770634,8000.0,6689.453239384119,False,False
3807,47,"[31, 38]",-16.3251953125,77.3151626586914,0.1731150597333908,32,38,13.20641086240803,117.53043365478516,106.15633290143315,-11.374100753352025,8000.0,6572.384118961681,False,False
3808,47,"[31, 38]",-16.369779586791992,77.43936920166016,0.17353089153766632,32,38,13.074706356193074,118.3310775756836,106.12012791382003,-12.210949661863566,8000.0,6455.027756290274,False,False
3809,47,"[31, 38]",-16.416921615600586,77.5643310546875,0.17405247688293457,32,38,12.94157304295579,119.1117172241211,106.07323185452417,-13.038485369596913,8000.0,6337.337174687536,False,False
3810,47,"[31, 38]",-16.4665470123291,77.68988800048828,0.17455367743968964,32,38,12.807191239948077,119.87284851074219,106.01541773491446,-13.857430775827709,8000.0,6219.267698351977,False,False
3811,47,"[31, 38]",-16.518577575683594,77.81587982177734,0.17503845691680908,32,38,12.671743629584116,120.61492919921875,105.94646205730653,-14.668467141912231,8000.0,6100.774593973465,False,False
3812,47,"[31, 38]",-16.57294464111328,77.94215393066406,0.1753925383090973,32,38,12.535404272087689,121.33847045898438,105.86609725886281,-15.47237320012158,8000.0,5981.792907705198,False,False
3813,47,"[31, 38]",-16.629575729370117,78.06859588623047,0.17563052475452423,32,38,12.398312945321532,122.04391479492188,105.7741081149634,-16.269806679958492,8000.0,5862.269650009708,False,False
3814,47,"[31, 38]",-16.688398361206055,78.1950912475586,0.17570655047893524,32,38,12.260610754262222,122.73171997070312,105.67026932580723,-17.0614506448959,8000.0,5742.142732144628,False,False
3815,47,"[31, 38]",-16.74934959411621,78.321533203125,0.17563799023628235,32,38,12.122430234362424,123.4023208618164,105.55431242794162,-17.84800843387478,8000.0,5621.3416412837505,False,False
3816,47,"[31, 38]",-16.812360763549805,78.44783020019531,0.17544026672840118,32,38,11.983892146764182,124.05615997314453,105.42600411203185,-18.630155861112684,8000.0,5491.526955321462,False,False
3817,47,"[31, 38]",-16.877368927001953,78.57390594482422,0.17530344426631927,32,38,11.845102370844089,124.69363403320312,105.2850953851652,-19.408538648037904,8000.0,5298.295649535063,False,False
3818,47,"[31, 38]",-16.944311141967773,78.6996841430664,0.17522196471691132,32,38,11.706168154591284,125.31517791748047,105.13132834681689,-20.183849570663597,8000.0,5104.779885527831,False,False
3819,47,"[31, 38]",-17.013126373291016,78.82510375976562,0.17519062757492065,32,38,11.567182891349738,125.92117309570312,104.96444716838866,-20.956725927314466,8000.0,4910.983441886454,False,False
3820,47,"[31, 38]",-17.083757400512695,78.95011138916016,0.1752045899629593,32,38,11.428232987257154,126.51200866699219,104.7841792105048,-21.72782945648737,8000.0,4716.897786864836,False,False
3821,47,"[31, 38]",-17.15614891052246,79.07464599609375,0.1752592921257019,32,38,11.28941314372864,127.08806610107422,104.59022422500891,-22.49784187606531,8000.0,4522.510609784999,False,False
3822,47,"[31, 38]",-17.230243682861328,79.19867706298828,0.17535053193569183,32,38,11.150790431442294,127.64971160888672,104.38232201978629,-23.267389589100446,8000.0,4327.800247975269,False,False
3823,47,"[31, 38]",-17.305988311767578,79.32215881347656,0.17547428607940674,32,38,11.012447111380338,128.1973114013672,104.16016614289832,-24.037145258468854,8000.0,4132.741034209915,False,False
3824,47,"[31, 38]",-17.383331298828125,79.44506072998047,0.17562684416770935,32,38,10.874451622288497,128.73121643066406,103.9234518097237,-24.80776462094036,8000.0,3937.299224784846,False,False
3825,47,"[31, 38]",-17.462223052978516,79.56735229492188,0.175745889544487,32,38,10.736873379671827,129.2517547607422,103.67185615618556,-25.579898604556632,8000.0,3741.4386865779034,False,False
3826,47,"[31, 38]",-17.542613983154297,79.68900299072266,0.17589280009269714,32,38,10.599783269535049,129.75927734375,103.4050480819417,-26.354229261808314,8000.0,3545.1152862919757,False,False
3827,47,"[31, 38]",-17.62445640563965,79.81000518798828,0.17606386542320251,32,38,10.463230936834579,130.2541046142578,103.12270711089086,-27.13139750336694,8000.0,3348.2781225886565,False,False
3828,47,"[31, 38]",-17.707706451416016,79.93032836914062,0.17631441354751587,32,38,10.327288921406907,130.73654174804688,102.82445531260177,-27.912086435445104,8000.0,3150.8772150516347,False,False
3829,47,"[31, 38]",-17.79231834411621,80.04997253417969,0.1764000654220581,32,38,10.192002004724312,131.2069091796875,102.50995414056706,-28.69695503912044,8000.0,2952.85030888745,False,False
3830,47,"[31, 38]",-17.878252029418945,80.16890716552734,0.1762772649526596,32,38,10.05744504189232,131.66551208496094,102.17878775799943,-29.486724326961507,8000.0,2754.1361093694904,False,False
3831,47,"[31, 38]",-17.965463638305664,80.28713989257812,0.175906702876091,32,38,9.923658079226819,132.11264038085938,101.8305989398462,-30.282041441013178,8000.0,2554.66665686684,False,False
3832,47,"[31, 38]",-18.053913116455078,80.40465545654297,0.1753704845905304,32,38,9.790704319197685,132.54856872558594,101.46497304206368,-31.083595683522276,8000.0,2354.375218257517,False,False
3833,47,"[31, 38]",-18.1435604095459,80.52144622802734,0.17474238574504852,32,38,9.658641186066623,132.97360229492188,101.0814963124195,-31.892105982502358,8000.0,2153.184654083933,False,False
3834,47,"[31, 38]",-18.2343692779541,80.63751983642578,0.17408862709999084,32,38,9.527512091829276,133.3879852294922,100.67974181245178,-32.70824341704042,8000.0,1951.0172872586895,False,False
3835,47,"[31, 38]",-18.326303482055664,80.75286102294922,0.17352750897407532,32,38,9.397384705069319,133.79200744628906,100.25924788155905,-33.532759564730014,8000.0,1747.7902568114414,False,False
3836,47,"[31, 38]",-18.419322967529297,80.86746978759766,0.17310653626918793,32,38,9.268314191988853,134.1859130859375,99.81958573404737,-34.366327351890135,8000.0,1543.4263614596075,False,False
3837,47,"[31, 38]",-18.513397216796875,80.98135375976562,0.17286834120750427,32,38,9.140348343554576,134.56996154785156,99.36026962090192,-35.20969192694963,8000.0,1337.8302994415394,False,False
3838,47,"[31, 38]",-18.607925415039062,81.09393310546875,0.17275746166706085,32,38,9.014205410348694,134.93736267089844,98.88380938766085,-36.05355328323759,8000.0,1132.978988354077,False,False
3839,47,"[31, 38]",-18.702207565307617,81.20455169677734,0.17277377843856812,32,38,8.890679167431871,135.27963256835938,98.39358403228562,-36.88604853607376,8000.0,931.3480709146215,False,False
3840,47,"[31, 38]",-18.79561424255371,81.31262969970703,0.17285926640033722,32,38,8.770458812807448,135.58865356445312,97.89296953513006,-37.69568402932305,8000.0,735.3129977364833,False,False
3841,47,"[31, 38]",-18.887582778930664,81.41768646240234,0.1729631870985031,32,38,8.654107564120267,135.8567657470703,97.3853543807857,-38.4714113662846,8000.0,547.122251952741,False,False
3842,47,"[31, 38]",-18.97762680053711,81.51933288574219,0.17298293113708496,32,38,8.542070104010731,136.0767822265625,96.87402837241133,-39.20275385415118,8000.0,368.8739661467407,False,False
3843,47,"[31, 38]",-19.065330505371094,81.61726379394531,0.1728285700082779,32,38,8.434682766084922,136.24221801757812,96.36216301532772,-39.8800550022504,8000.0,202.47144675724212,False,False
3844,47,"[31, 38]",-19.15035057067871,81.71125030517578,0.17236311733722687,32,38,8.33218312665982,136.34719848632812,95.85273870608933,-40.4944597802388,8000.0,49.62626247823937,False,False
3845,47,"[31, 38]",-19.232423782348633,81.80115509033203,0.17158403992652893,32,38,8.234696782680729,136.38658142089844,95.34844387147771,-41.038137549420725,8000.0,-88.19099519855081,False,False
3846,47,"[31, 38]",-19.31135368347168,81.88689422607422,0.1706687957048416,32,38,8.142279720580465,136.35606384277344,94.85167803305129,-41.50438580972215,8000.0,-209.75516303845416,False,False
3847,47,"[31, 38]",-19.387020111083984,81.96846771240234,0.16972187161445618,32,38,8.054890143939838,136.2520751953125,94.36444791790602,-41.887627277406466,8000.0,-314.1000919684366,False,False
3848,47,"[31, 38]",-19.459367752075195,82.04593658447266,0.16889981925487518,32,38,7.972415446132167,136.0719451904297,93.88837441533975,-42.18357077508995,8000.0,-400.53825316945677,False,False
3849,47,"[31, 38]",-19.528411865234375,82.11942291259766,0.16828854382038116,32,38,7.894674825434074,135.81385803222656,93.4246001695684,-42.389257862658155,8000.0,-468.6689381769893,False,False
3850,47,"[31, 38]",-19.594228744506836,82.1891098022461,0.16791045665740967,32,38,7.82142288801421,135.47674560546875,92.97380954801032,-42.50293605745844,8000.0,-518.3539652619065,False,False
3851,47,"[31, 38]",-19.65694808959961,82.25521850585938,0.1679072082042694,32,38,7.752375442740918,135.0604705810547,92.5362351446374,-42.524235436417285,8000.0,-549.7382290622054,False,False
3852,47,"[31, 38]",-19.716747283935547,82.31802368164062,0.16817480325698853,32,38,7.6871966448759546,134.56564331054688,92.11167485710136,-42.4539684534455,8000.0,-563.2171750929638,False,False
3853,47,"[31, 38]",-19.773849487304688,82.37782287597656,0.16862338781356812,32,38,7.625531336528527,133.99365234375,91.69947109585338,-42.29418124789663,8000.0,-559.4305486843523,False,False
3854,47,"[31, 38]",-19.828510284423828,82.43497467041016,0.16917558014392853,32,38,7.566968809231629,133.34657287597656,91.29860165453,-42.04797122144657,8000.0,-539.241044535197,False,False
3855,47,"[31, 38]",-19.88100814819336,82.48985290527344,0.16970622539520264,32,38,7.511089697588906,132.6271514892578,90.90772662695186,-41.71942486230597,8000.0,-503.700714343604,False,False
3856,47,"[31, 38]",-19.931640625,82.5428466796875,0.17022334039211273,32,38,7.45746663732384,131.8387908935547,90.5252130141524,-41.31357787940229,8000.0,-454.03902645454036,False,False
3857,47,"[31, 38]",-19.980712890625,82.5943832397461,0.17061935365200043,32,38,7.405641875782383,130.9853515625,90.14922018023267,-40.836131382267325,8000.0,-391.616992445056,False,False
3858,47,"[31, 38]",-20.028532028198242,82.64488983154297,0.1708587110042572,32,38,7.355165509135271,130.07113647460938,89.777738666151,-40.293397808458394,8000.0,-317.89732286530943,False,False
3859,47,"[31, 38]",-20.075397491455078,82.69481658935547,0.17091169953346252,32,38,7.305572492616426,129.1009063720703,89.4086658173089,-39.69224055476141,8000.0,-234.43799123161443,False,False
3860,47,"[31, 38]",-20.121591567993164,82.74459838867188,0.17087115347385406,32,38,7.256420402035,128.0796661376953,89.03988339428219,-39.03978274341313,8000.0,-142.82096597041436,False,False
3861,47,"[31, 38]",-20.167381286621094,82.79468536376953,0.17088104784488678,32,38,7.207258528885165,127.01270294189453,88.66924385294476,-38.34345908894977,8000.0,-44.66921569946862,False,False
3862,47,"[31, 38]",-20.213003158569336,82.84552001953125,0.1708371937274933,32,38,7.157650042890379,125.90538024902344,88.29469393381798,-37.61068631520544,8000.0,58.42333506014711,False,False
3863,47,"[31, 38]",-20.258665084838867,82.89752197265625,0.1707058548927307,32,38,7.107186627281956,124.7632064819336,87.91426731594505,-36.848939165988554,8000.0,164.88871402257337,False,False
3864,47,"[31, 38]",-20.30454444885254,82.95110321044922,0.17045758664608002,32,38,7.055472576026798,123.59166717529297,87.52609986711421,-36.06556730817874,8000.0,273.2123602800143,False,False
3865,47,"[31, 38]",-20.35077667236328,83.00665283203125,0.1701842099428177,32,38,7.002138879343282,122.39619445800781,87.12852901418319,-35.267665443824626,8000.0,381.9629426578831,False,False
3866,47,"[31, 38]",-20.3974666595459,83.06454467773438,0.1699688732624054,32,38,6.946835270293456,121.18211364746094,86.72000203967968,-34.46211160778125,8000.0,489.7837093313037,False,False
3867,47,"[31, 38]",-20.444677352905273,83.12509155273438,0.16982786357402802,32,38,6.889274570408055,119.95457458496094,86.29919524281156,-33.65537934214939,8000.0,595.4437270616472,False,False
3868,47,"[31, 38]",-20.4924373626709,83.18860626220703,0.16977594792842865,32,38,6.829171194764379,118.71849060058594,85.86493153083988,-32.85355906974604,8000.0,697.8063278105428,False,False
3869,47,"[31, 38]",-20.54074478149414,83.25535583496094,0.16982628405094147,32,38,6.766286265870564,117.47852325439453,85.41617550970184,-32.06234774469269,7958.646862187585,795.849626164982,False,False
3870,47,"[31, 38]",-20.589557647705078,83.32554626464844,0.17010805010795593,32,38,6.700441096324627,116.23902130126953,84.95213782260834,-31.286883478661196,7878.2542650805735,888.6974088827506,False,False
3871,47,"[31, 38]",-20.638811111450195,83.39937591552734,0.1706194132566452,32,38,6.631464238057288,115.00399780273438,84.47210692267237,-30.531890880062008,7796.458628677248,975.5687379033457,False,False
3872,47,"[31, 38]",-20.688413619995117,83.47698211669922,0.1713581085205078,32,38,6.559243524832462,113.7771224975586,83.975529582965,-29.801592914593584,7713.552581105571,1055.8128217625772,False,False
3873,47,"[31, 38]",-20.738250732421875,83.55846405029297,0.17226245999336243,32,38,6.483702610028432,112.56166076660156,83.4619785708872,-29.099682195714365,7629.8304778916845,1128.8990782220685,False,False
3874,47,"[31, 38]",-20.788190841674805,83.64386749267578,0.17333491146564484,32,38,6.4048157860756385,111.36051177978516,82.93113490404289,-28.429376875742264,7545.595330457833,1194.4115765757042,False,False
3875,47,"[31, 38]",-20.838085174560547,83.73322296142578,0.17445890605449677,32,38,6.3225691938498585,110.17613983154297,82.38276623943932,-27.79337359210365,7461.133258596288,1252.0340020324206,False,False
3876,47,"[31, 38]",-20.887779235839844,83.82649230957031,0.1755872368812561,32,38,6.2370144440575785,109.01063537597656,81.81670120066191,-27.193934175314666,7376.741213442218,1301.5580079401398,False,False
3877,47,"[31, 38]",-20.937110900878906,83.92361450195312,0.17661726474761963,32,38,6.148222309043521,107.86566925048828,81.2328155431827,-26.63285370730557,7292.699100373255,1342.862474524161,False,False
3878,47,"[31, 38]",-20.98591423034668,84.02448272705078,0.17739646136760712,32,38,6.056305272103988,106.74252319335938,80.6310453988609,-26.111477794498455,7209.278317122484,1375.918188157551,False,False
3879,47,"[31, 38]",-21.034025192260742,84.12897491455078,0.17796246707439423,32,38,5.96138772872591,105.64208984375,80.01131021615879,-25.63077962759121,7126.729929015368,1400.7588012770925,False,False
3880,47,"[31, 38]",-21.081279754638672,84.2369155883789,0.17834755778312683,32,38,5.863642881627556,104.56487274169922,79.37360821428169,-25.19126452741753,7045.292638077972,1417.5101261510695,False,False
3881,47,"[31, 38]",-21.12752342224121,84.34811401367188,0.1785791665315628,32,38,5.763256394622295,103.5110092163086,78.71788756737028,-24.793121648938325,6965.184130788926,1426.3475916342463,False,False
3882,47,"[31, 38]",-21.172609329223633,84.46234130859375,0.17862148582935333,32,38,5.660448429364009,102.48030853271484,78.04412215197358,-24.436186380741276,6886.607095164627,1427.510660285498,False,False
3883,47,"[31, 38]",-21.216400146484375,84.57937622070312,0.1784406453371048,32,38,5.5554290089106475,101.47223663330078,77.35221920481338,-24.120017428487415,6809.731675884576,1421.2680628859025,False,False
3884,47,"[31, 38]",-21.258766174316406,84.69894409179688,0.1780632585287094,32,38,5.4484572149828265,100.48595428466797,76.6421818733383,-23.843772411329667,6734.713523382907,1407.9636395571083,False,False
3885,47,"[31, 38]",-21.29959487915039,84.8207778930664,0.17768801748752594,32,38,5.339783561424899,99.52035522460938,75.91390122920544,-23.60645399540394,6661.683970367409,1387.9515295306842,False,False
3886,47,"[31, 38]",-21.338783264160156,84.94459533691406,0.17743319272994995,32,38,5.229670824817405,98.57402038574219,75.16729337476718,-23.406727010975004,6590.745120407251,1361.6321161575902,False,False
3887,47,"[31, 38]",-21.376243591308594,85.07010650634766,0.1772860586643219,31,38,5.118388054981146,97.6453628540039,74.40223617967695,-23.24312667432696,6521.983334559617,1329.4189963180143,False,False
3888,47,"[31, 38]",-21.411901473999023,85.19701385498047,0.1772923618555069,31,38,5.006210311356305,96.7325210571289,73.61860135580328,-23.113919701325642,6455.457727033384,1291.7585036130085,False,False
3889,47,"[31, 38]",-21.44569206237793,85.32501220703125,0.17737425863742828,31,38,4.89341766086131,95.8334732055664,72.81631237500766,-23.017160830558737,6391.2042095124225,1249.1211252970934,True,False
3890,48,"[31, 39]",-21.47756576538086,85.45381164550781,0.17751912772655487,31,38,12.345134444515503,94.94601440429688,21.608192901583926,-73.33782150271296,8000.0,-5898.087774800706,False,False
3891,48,"[31, 39]",-21.506380081176758,85.56966400146484,0.17713560163974762,31,38,12.329828045533226,93.95062255859375,21.058352066258085,-72.89227049233567,8000.0,-5788.790650568832,False,False
3892,48,"[31, 39]",-21.532451629638672,85.67388916015625,0.17627643048763275,31,38,12.31716995046221,92.84998321533203,20.56232361254725,-72.28765960278479,8000.0,-5640.703170127464,False,False
3893,48,"[31, 39]",-21.556060791015625,85.76764678955078,0.17510657012462616,31,38,12.30671990026784,91.646728515625,20.115020294049955,-71.53170822157504,8000.0,-5455.930152833143,False,False
3894,48,"[31, 39]",-21.57746124267578,85.85200500488281,0.17371566593647003,31,38,12.298108444194867,90.34341430664062,19.711683700341315,-70.63173060629931,8000.0,-5236.53026764223,False,False
3895,48,"[31, 39]",-21.596879959106445,85.92791748046875,0.17230187356472015,31,38,12.291032537252379,88.94254302978516,19.348012631387665,-69.5945303983975,8000.0,-4984.491491172488,False,False
3896,48,"[31, 39]",-21.614524841308594,85.99623107910156,0.1711023598909378,31,38,12.285249401673807,87.446533203125,19.020140420519787,-68.4263927826052,8000.0,-4701.731671523571,False,False
3897,48,"[31, 39]",-21.63057518005371,86.05772399902344,0.17021287977695465,31,38,12.280546367599333,85.8577651977539,18.724498246073733,-67.13326695168017,8000.0,-4390.145670728178,False,False
3898,48,"[31, 39]",-21.645198822021484,86.11308288574219,0.16966083645820618,31,38,12.276757725780891,84.17854309082031,18.4579018383254,-65.72064125249491,8000.0,-4051.578154800917,False,False
3899,48,"[31, 39]",-21.658540725708008,86.1629409790039,0.16952969133853912,31,38,12.273735934245925,82.41111755371094,18.217409732726587,-64.19370782098434,8000.0,-3687.8662348785206,False,False
3900,48,"[31, 39]",-21.67073631286621,86.20784759521484,0.16977699100971222,31,38,12.271369359023133,80.55767059326172,18.000445418255538,-62.55722517500618,8000.0,-3300.8093990565458,False,False
3901,48,"[31, 39]",-21.681900024414062,86.24832153320312,0.17036454379558563,31,38,12.269550908596152,78.62034606933594,17.80458266196747,-60.815763407368465,8000.0,-2892.23013947838,False,False
3902,48,"[31, 39]",-21.692136764526367,86.2848129272461,0.17137561738491058,31,38,12.268197793724505,76.60121154785156,17.627701843053508,-58.97350970479806,8000.0,-2463.929660841586,False,False
3903,48,"[31, 39]",-21.70154571533203,86.31773376464844,0.17276757955551147,31,38,12.26724324190303,74.50228881835938,17.467852346410403,-57.034436471948965,8000.0,-2017.7287368764173,False,False
3904,48,"[31, 39]",-21.710205078125,86.34745025634766,0.17438450455665588,31,38,12.266622297992194,72.3255615234375,17.323310217098474,-55.00225130633902,8000.0,-1555.4564467028185,False,False
3905,48,"[31, 39]",-21.718189239501953,86.37429809570312,0.17596851289272308,31,38,12.266281969350018,70.07292175292969,17.19248757127189,-52.88043418165779,8000.0,-1078.9586497039227,False,False
3906,48,"[31, 39]",-21.724842071533203,86.40055084228516,0.17753413319587708,31,38,12.264907494203497,67.7645263671875,17.0661407447799,-50.69838562240761,8000.0,-595.8426191151793,False,False
3907,48,"[31, 39]",-21.729291915893555,86.42848205566406,0.17912016808986664,31,38,12.260996259479061,65.42269897460938,16.935262528011894,-48.487436446597485,8000.0,-113.8245571717589,False,False
3908,48,"[31, 39]",-21.73057746887207,86.46002960205078,0.1808272898197174,31,38,12.253074641556944,63.069149017333984,16.79239114819237,-46.27675786914162,8000.0,360.24154809273114,False,False
3909,48,"[31, 39]",-21.72767448425293,86.49681854248047,0.18280957639217377,31,38,12.239715239044815,60.7247428894043,16.63144645600861,-44.09329643339569,8000.0,820.3932280606423,False,False
3910,48,"[31, 39]",-21.71953010559082,86.54015350341797,0.18503166735172272,31,38,12.21957133764358,58.40919876098633,16.447685131471832,-41.96151362951451,8000.0,1261.6069163450766,False,False
3911,48,"[31, 39]",-21.70510482788086,86.59101867675781,0.18757925927639008,31,38,12.191416353069641,56.14094924926758,16.23761201360721,-39.90333723566036,8000.0,1679.776759698012,False,False
3912,48,"[31, 39]",-21.68389320373535,86.64933776855469,0.19034649431705475,31,38,12.154846678816119,53.92914962768555,16.00163018466674,-37.92751944301881,8000.0,2073.7670122185145,False,False
3913,48,"[31, 39]",-21.65610122680664,86.71403503417969,0.19309665262699127,31,38,12.11041954542293,51.772403717041016,15.743645297222171,-36.02875841981884,8000.0,2445.3239846605857,False,False
3914,48,"[31, 39]",-21.621932983398438,86.78413391113281,0.19549822807312012,31,38,12.058653364788725,49.669342041015625,15.467120138200514,-34.2022219028151,8000.0,2796.045354941748,False,False
3915,48,"[31, 39]",-21.58159828186035,86.8587417602539,0.19754600524902344,31,38,12.000038420403635,47.618629455566406,15.17515411674807,-32.44347533881833,8000.0,3127.3978502139803,False,False
3916,48,"[31, 39]",-21.535310745239258,86.93704986572266,0.1991167813539505,31,38,11.935034876962106,45.61895751953125,14.870500415918944,-30.74845710361231,8000.0,3410.4832958612496,False,False
3917,48,"[31, 39]",-21.483285903930664,87.0183334350586,0.20009882748126984,31,38,11.86407141987531,43.669071197509766,14.55557753677011,-29.113493660739664,8000.0,3672.927195336003,False,False
3918,48,"[31, 39]",-21.425735473632812,87.10191345214844,0.2005670815706253,31,38,11.787550074221082,41.767730712890625,14.232660166518583,-27.535070546372026,8000.0,3916.0853173921178,False,False
3919,48,"[31, 39]",-21.36287498474121,87.18721008300781,0.20064681768417358,31,38,11.70584106486973,39.913734436035156,13.903623579680382,-26.01011085635477,8000.0,4141.178122004254,False,False
3920,48,"[31, 39]",-21.294919967651367,87.273681640625,0.2005086988210678,31,38,11.61929554113823,38.10591506958008,13.570234821426634,-24.535680248153454,8000.0,4349.366709278896,False,False
3921,48,"[31, 39]",-21.222082138061523,87.36083221435547,0.2003641426563263,31,38,11.528240720690357,36.343116760253906,13.234123561155887,-23.108993199098023,8000.0,4541.747897945588,False,False
3922,48,"[31, 39]",-21.144569396972656,87.44822692871094,0.20040248334407806,31,38,11.43297742721884,34.62424087524414,12.896707255255551,-21.727533619988606,8000.0,4719.332857161404,False,False
3923,48,"[31, 39]",-21.062591552734375,87.53548431396484,0.20049919188022614,31,38,11.33378883821925,32.94819641113281,12.559216756550473,-20.38897965458233,8000.0,4883.065377476269,False,False
3924,48,"[31, 39]",-20.976348876953125,87.62223815917969,0.20065897703170776,31,38,11.230938787129567,31.31391143798828,12.222893560892693,-19.091017877095595,8000.0,5033.851126150778,False,False
3925,48,"[31, 39]",-20.88604164123535,87.70818328857422,0.2009439766407013,31,38,11.124671970601225,29.72037124633789,11.888751131689691,-17.83162011464819,8000.0,5172.514473678229,False,False
3926,48,"[31, 39]",-20.7918643951416,87.79304504394531,0.20140929520130157,31,38,11.015216171332241,28.16655921936035,11.557726236674041,-16.608832982686295,8000.0,5299.834398138828,False,False
3927,48,"[31, 39]",-20.694007873535156,87.87657165527344,0.20204487442970276,31,38,10.90278644817095,26.65149688720703,11.230712678033598,-15.420784209173434,8000.0,5416.546192903779,False,False
3928,48,"[31, 39]",-20.592655181884766,87.95853424072266,0.20278210937976837,31,38,10.787582039021164,25.17422103881836,10.908563177207817,-14.26565786161055,8000.0,5523.344237136975,False,False
3929,48,"[31, 39]",-20.487991333007812,88.03875732421875,0.20361725986003876,31,38,10.669790768077533,23.73380470275879,10.591916053297657,-13.141888649461123,8000.0,5620.85765287695,False,False
3930,48,"[31, 39]",-20.380186080932617,88.1170654296875,0.20442867279052734,31,38,10.549583198916684,22.329328536987305,10.28148478357693,-12.047843753410376,8000.0,5709.694515739109,False,False
3931,48,"[31, 39]",-20.269411087036133,88.19330596923828,0.2050473839044571,31,38,10.427125557665962,20.95990753173828,9.977920305229306,-10.981987226508977,8000.0,5790.425661277104,False,False
3932,48,"[31, 39]",-20.155832290649414,88.2673568725586,0.20549704134464264,31,38,10.30257160726715,19.624671936035156,9.68177258734014,-9.942899348695022,8000.0,5863.579368701851,False,False
3933,48,"[31, 39]",-20.03960418701172,88.339111328125,0.20579829812049866,31,38,10.176060308991193,18.32278060913086,9.393572915718616,-8.929207693412252,7924.455008905182,5929.650863696194,False,False
3934,48,"[31, 39]",-19.92088508605957,88.40847778320312,0.20591028034687042,31,38,10.047731279117553,17.053401947021484,9.113816817791399,-7.939585129230096,7762.832131640556,5989.1117892732655,False,False
3935,48,"[31, 39]",-19.799819946289062,88.47537231445312,0.2059132158756256,31,38,9.917709441157315,15.8157320022583,8.843020470456189,-6.972711531802105,7600.12653574535,6042.407828267284,False,False
3936,48,"[31, 39]",-19.67655372619629,88.53973388671875,0.20581988990306854,31,38,9.786116141634578,14.608988761901855,8.581619740745317,-6.027369021156545,7436.480583368342,6089.953419824156,False,False
3937,48,"[31, 39]",-19.551223754882812,88.60151672363281,0.2056412398815155,31,38,9.653063280125973,13.43239974975586,8.330015191911755,-5.102384557844118,7272.0208840156265,6132.137232978252,False,False
3938,48,"[31, 39]",-19.42395782470703,88.6606674194336,0.20544537901878357,31,38,9.51865499129071,12.285221099853516,8.088705797807835,-4.196515302045668,7106.848340621472,6169.3378237444,False,False
3939,48,"[31, 39]",-19.29488754272461,88.71717071533203,0.20523422956466675,31,38,9.382994479668996,11.16672134399414,7.8580063565832425,-3.3087149874108945,6941.069725912619,6201.895702995462,False,False
3940,48,"[31, 39]",-19.16412925720215,88.77098846435547,0.20506790280342102,31,38,9.246174041053722,10.076189041137695,7.638423752055679,-2.437765289082023,6774.755292707079,6230.153299935077,False,False
3941,48,"[31, 39]",-19.031801223754883,88.8221206665039,0.20494115352630615,31,38,9.108283760934187,9.012928009033203,7.430274612421438,-1.5826533966117609,6607.98349190093,6254.415329484969,False,False
3942,48,"[31, 39]",-18.898014068603516,88.87055969238281,0.20484881103038788,31,38,8.969408552047147,7.976263523101807,7.233967447568366,-0.7422960755334316,6440.811291179292,6274.980756232848,False,False
3943,48,"[31, 39]",-18.76287078857422,88.91630554199219,0.20466825366020203,31,38,8.829626160578046,6.96553373336792,7.049910146710297,0.084376413342369,6273.2824218617525,6292.132293527006,False,False
3944,48,"[31, 39]",-18.626474380493164,88.95936584472656,0.20434752106666565,31,38,8.689014885614283,5.9800920486450195,6.878502319266254,0.8984102706212411,6105.433355152556,6306.1401360303025,False,False
3945,48,"[31, 39]",-18.488920211791992,88.99974822998047,0.2040747106075287,31,38,8.547647042642659,5.019309997558594,6.720190570786952,1.7008805732283463,5937.284455554225,6317.264822735577,False,False
3946,48,"[31, 39]",-18.350297927856445,89.0374755859375,0.20384225249290466,31,38,8.405589136499001,4.082574367523193,6.575366173778208,2.4927918062550134,5768.851959505633,6325.746994204981,False,False
3947,48,"[31, 39]",-18.210697174072266,89.07256317138672,0.2036430537700653,31,38,8.262910332043216,3.169285535812378,6.444512163803153,3.275226627990776,5600.136067531367,6331.828719146478,False,False
3948,48,"[31, 39]",-18.07019805908203,89.10504150390625,0.2034703493118286,31,38,8.119670401102606,2.2788596153259277,6.32805756718346,4.049197951857536,5431.131985525894,6335.731490484933,False,False
3949,48,"[31, 39]",-17.92888069152832,89.13493347167969,0.20337659120559692,31,38,7.975931865237488,1.4107266664505005,6.226526944186406,4.815800277735917,5261.819246819955,6337.679355171304,False,False
3950,48,"[31, 39]",-17.78681755065918,89.16227722167969,0.20340867340564728,31,38,7.831749933480419,0.5643308758735657,6.140387863690333,5.57605698781677,5092.174781631375,6337.877869199247,False,False
3951,48,"[31, 39]",-17.644081115722656,89.18710327148438,0.20354971289634705,31,38,7.687182656538033,359.7391300499439,6.070207801945435,6.3310777520015336,4922.159997405226,6336.5363426492295,False,False
3952,48,"[31, 39]",-17.500736236572266,89.20944213867188,0.20366665720939636,31,38,7.542282534003615,358.9345953464508,6.016611283098507,7.082015936647679,4751.721468073786,6333.859013970902,False,False
3953,48,"[31, 39]",-17.35684585571289,89.22933197021484,0.20369839668273926,31,38,7.397101469957868,358.15021073818207,5.980220856060991,7.830010117878942,4580.801125059156,6330.042174933805,False,False
3954,48,"[31, 39]",-17.212467193603516,89.24681854248047,0.20364852249622345,31,38,7.2516870676249,357.38547253608704,5.9616589853724875,8.576186449285444,4409.334498468992,6325.272940772387,False,False
3955,48,"[31, 39]",-17.067657470703125,89.26193237304688,0.20346127450466156,31,38,7.106090763925121,356.63989067077637,5.961725687413926,9.321835016637579,4237.233201662141,6319.751132772876,False,False
3956,48,"[31, 39]",-16.922468185424805,89.27472686767578,0.20320390164852142,31,38,6.960358244709102,355.9129858016968,5.981108584210655,10.068122782513854,4064.4160877750537,6313.656306014026,False,False
3957,48,"[31, 39]",-16.776952743530273,89.28524017333984,0.20287790894508362,31,38,6.814541077567128,355.20429134368896,6.0206820305002,10.816390686811246,3890.7782367922846,6307.183109328695,False,False
3958,48,"[31, 39]",-16.631155014038086,89.29351043701172,0.20248451828956604,31,38,6.668683852366508,354.5133514404297,6.081406127957304,11.568054687527592,3716.1965134367656,6300.524735492705,False,False
3959,48,"[31, 39]",-16.485118865966797,89.2995834350586,0.2020246684551239,31,38,6.522832978864535,353.8397226333618,6.164259656635389,12.324537023273592,3540.54332250063,6293.871320453464,False,False
3960,48,"[31, 39]",-16.338884353637695,89.30350494384766,0.2014990597963333,31,38,6.377033809855287,353.1829710006714,6.270312585119235,13.08734158444787,3363.675566052697,6287.415738619568,False,False
3961,48,"[31, 39]",-16.192493438720703,89.30531311035156,0.20090821385383606,31,38,6.23133732542609,352.5426745414734,6.400799150427091,13.858124608953688,3185.4288907927466,6281.363643789783,False,False
3962,48,"[31, 39]",-16.045982360839844,89.30506134033203,0.20031127333641052,31,38,6.085790207383725,351.918420791626,6.556929273701818,14.63850848207585,3005.636972767513,6275.911156362276,False,False
3963,48,"[31, 39]",-15.899381637573242,89.30278778076172,0.19970253109931946,31,38,5.940438416850353,351.3098077774048,6.740176509356442,15.43036873195166,2824.095609449928,6271.273070817465,False,False
3964,48,"[31, 39]",-15.752725601196289,89.29853057861328,0.1990768015384674,31,38,5.795335295890982,350.7164468765259,6.952148011945072,16.23570113541922,2640.584246307408,6267.674693447852,False,False
3965,48,"[31, 39]",-15.606042861938477,89.29235076904297,0.19842927157878876,31,38,5.650529533058422,350.1379499435425,7.1943797196987305,17.05642977615628,2454.8855705232077,6265.328555856027,False,False
3966,48,"[31, 39]",-15.45936107635498,89.28427124023438,0.1977555751800537,31,38,5.506077643801934,349.5739517211914,7.4689486187771985,17.89499689758577,2266.712584445426,6264.493262807566,False,False
3967,48,"[31, 39]",-15.312705039978027,89.27435302734375,0.19705171883106232,31,38,5.36203304453946,349.0240821838379,7.777735409498168,18.753653225660287,2075.79834368929,6265.404686921638,False,False
3968,48,"[31, 39]",-15.166099548339844,89.26262664794922,0.19637282192707062,31,38,5.218458010147418,348.4879903793335,8.123136685086704,19.63514630575321,1881.808810399716,6268.342597871008,False,False
3969,48,"[31, 39]",-15.019566535949707,89.24913787841797,0.19570963084697723,31,38,5.075415464220916,347.9653310775757,8.50762423766226,20.542293160086558,1684.396196686036,6273.588536569826,False,False
3970,48,"[31, 39]",-14.873126029968262,89.23392486572266,0.19505378603935242,31,39,4.932973587534427,347.45576763153076,8.934011509915488,21.478243878384717,1483.1650071506087,6281.450744419471,True,False
3971,49,"[31, 40]",-14.726879119873047,89.21705627441406,0.19445008039474487,31,39,14.747676748857328,346.95970249176025,3.0432230849387394,16.08352059317849,5890.324511204496,8000.0,False,False
3972,49,"[31, 40]",-14.580753326416016,89.19854736328125,0.19389283657073975,31,39,14.602763228057048,346.47606468200684,3.1461811402040354,16.670116458197185,5801.708055871369,8000.0,False,False
3973,49,"[31, 40]",-14.434764862060547,89.1784439086914,0.19342930614948273,31,39,14.45812543292332,346.004545211792,3.2574807262200003,17.25293551442803,5712.866606300987,8000.0,False,False
3974,49,"[31, 40]",-14.28892993927002,89.15676879882812,0.19304315745830536,31,39,14.313789074455332,345.5448360443115,3.37727329468375,17.83243725037221,5623.747038883339,8000.0,False,False
3975,49,"[31, 40]",-14.143261909484863,89.13357543945312,0.1926608830690384,31,39,14.169775896583694,345.0966444015503,3.505592270785707,18.40894786923542,5534.314428130423,8000.0,False,False
3976,49,"[31, 40]",-13.997772216796875,89.10890197753906,0.19221635162830353,31,39,14.026107183355057,344.6596794128418,3.6425334181996325,18.982854005357808,5444.522542382272,8000.0,False,False
3977,49,"[31, 40]",-13.852473258972168,89.08277893066406,0.19170884788036346,31,39,13.882806268207185,344.2336587905884,3.788225772369968,19.55456698178159,5354.3191418631595,8000.0,False,False
3978,49,"[31, 40]",-13.707375526428223,89.05525207519531,0.19113774597644806,31,39,13.739894194059362,343.81830978393555,3.942738736834446,20.12442895289888,5263.660846392429,8000.0,False,False
3979,49,"[31, 40]",-13.562487602233887,89.0263442993164,0.19056126475334167,31,39,13.597392227343505,343.41336250305176,4.1062392829777234,20.69287677992594,5172.487229325048,8000.0,False,False
3980,49,"[31, 40]",-13.41781997680664,88.99610137939453,0.18997298181056976,31,39,13.455322566569889,343.01855659484863,4.278801373301447,21.26024477845283,5080.752253424744,8000.0,False,False
3981,49,"[31, 40]",-13.2733793258667,88.96455383300781,0.18930836021900177,31,39,13.313705250345762,342.633638381958,4.460566393966435,21.82692801200841,4988.398243573034,8000.0,False,False
3982,49,"[31, 40]",-13.129172325134277,88.93173217773438,0.18862691521644592,31,39,13.172560953860108,342.25836181640625,4.651679295088189,22.393317478681922,4895.366207726937,8000.0,False,False
3983,49,"[31, 40]",-12.985204696655273,88.89767456054688,0.18792341649532318,31,39,13.031909391509124,341.8924789428711,4.852255531625989,22.95977658875489,4801.59979479248,8000.0,False,False
3984,49,"[31, 40]",-12.841482162475586,88.86241149902344,0.1872519999742508,31,39,12.891771473569205,341.53575706481934,5.062446574467789,23.526689509648463,4707.037395575222,8000.0,False,False
3985,49,"[31, 40]",-12.698009490966797,88.82597351074219,0.18660254776477814,31,39,12.752167785524227,341.1879692077637,5.282407908933934,24.094438701170247,4611.615818384458,8000.0,False,False
3986,49,"[31, 40]",-12.554791450500488,88.78839874267578,0.18596599996089935,31,39,12.61311880433661,340.84888458251953,5.51226422115892,24.663379638639412,4515.2746117575025,8000.0,False,False
3987,49,"[31, 40]",-12.411829948425293,88.74970245361328,0.18539302051067352,31,39,12.474644949782245,340.51828956604004,5.75224832516199,25.233958759121947,4417.93605265053,8000.0,False,False
3988,49,"[31, 40]",-12.269128799438477,88.70992279052734,0.1849292367696762,31,39,12.336767028018782,340.19597244262695,6.002493309818783,25.806520867191807,4319.537804512594,8000.0,False,False
3989,49,"[31, 40]",-12.126689910888672,88.6690902709961,0.18455688655376434,31,39,12.199505272821778,339.8817195892334,6.263171137701064,26.38145154846768,4220.008823645395,8000.0,False,False
3990,49,"[31, 40]",-11.984515190124512,88.62722778320312,0.18420124053955078,31,39,12.062881409577672,339.5753364562988,6.534493720361436,26.959157264062583,4119.272593699073,8000.0,False,False
3991,49,"[31, 40]",-11.842604637145996,88.58435821533203,0.1838539093732834,31,39,11.926916041217435,339.2766170501709,6.816679544465467,27.540062494294546,3982.146067975009,8000.0,False,False
3992,49,"[31, 40]",-11.700960159301758,88.54051971435547,0.18350733816623688,31,39,11.791630563825855,338.98537254333496,7.109878123232978,28.124505579898027,3814.325160015693,8000.0,False,False
3993,49,"[31, 40]",-11.55958080291748,88.49573516845703,0.18315482139587402,31,39,11.657045981834136,338.70141792297363,7.414317490661116,28.712899567687487,3646.118014361672,8000.0,False,False
3994,49,"[31, 40]",-11.418466567993164,88.45001983642578,0.1827315241098404,31,39,11.523186072950967,338.4245662689209,7.7302684867102975,29.305702217789417,3477.465728723737,8000.0,False,False
3995,49,"[31, 40]",-11.277618408203125,88.40341186523438,0.1822967529296875,31,39,11.390073337477522,338.1546401977539,8.057894650346118,29.903254452592194,3308.328539190174,8000.0,False,False
3996,49,"[31, 40]",-11.137035369873047,88.35592651367188,0.18196271359920502,31,39,11.257732207609594,337.89146614074707,8.397478464345474,30.506012323598384,3138.646207120765,8000.0,False,False
3997,49,"[31, 40]",-10.99671745300293,88.30758666992188,0.18177159130573273,31,39,11.126187919543932,337.63487815856934,8.749270293602535,31.1143921350332,2968.364990705335,8000.0,False,False
3998,49,"[31, 40]",-10.856661796569824,88.25841522216797,0.1816437542438507,31,39,10.995463742083595,337.3847064971924,9.113528469996995,31.72882197280461,2797.4272323116643,8000.0,False,False
3999,49,"[31, 40]",-10.71686840057373,88.20844268798828,0.18150761723518372,31,39,10.865585392303464,337.14079093933105,9.490475171943165,32.349684232612105,2625.7838005200892,8000.0,False,False
4000,49,"[31, 40]",-10.5773344039917,88.15767669677734,0.18135757744312286,31,39,10.736580379593107,336.9029769897461,9.880459226537422,32.97748223679133,2453.363720870561,8000.0,False,False
4001,49,"[31, 40]",-10.438056945800781,88.10615539550781,0.18112990260124207,31,39,10.608472094969382,336.67111015319824,10.28367654459556,33.61256639139731,2280.1209586637037,8000.0,False,False
4002,49,"[31, 40]",-10.29903507232666,88.05388641357422,0.18088486790657043,31,39,10.481291977246205,336.4450378417969,10.700487227052452,34.25544938525559,2105.9829234360614,8000.0,False,False
4003,49,"[31, 40]",-10.160265922546387,88.00088500976562,0.18061789870262146,31,39,10.355069500541132,336.2246208190918,11.131220589038856,34.906599769947036,1930.8832182981205,8000.0,False,False
4004,49,"[31, 40]",-10.021748542785645,87.94718933105469,0.1803250014781952,31,39,10.229832623135234,336.0097141265869,11.576085257997772,35.56637113141085,1754.774981788224,8000.0,False,False
4005,49,"[31, 40]",-9.883478164672852,87.8927993774414,0.18000254034996033,31,39,10.105614038507326,335.80017852783203,12.035506921556294,36.235328393724274,1577.5740135369415,8000.0,False,False
4006,49,"[31, 40]",-9.745453834533691,87.8377456665039,0.17964734137058258,31,39,9.982445303819603,335.59588050842285,12.50974596981655,36.9138654613937,1399.2260613106437,8000.0,False,False
4007,49,"[31, 40]",-9.60813045501709,87.78224182128906,0.17928488552570343,31,39,9.860761744402213,335.4010696411133,12.997432372013392,37.596362730900125,1220.9592586458275,8000.0,False,False
4008,49,"[31, 40]",-9.472270011901855,87.7266616821289,0.17885644733905792,31,39,9.741250755723113,335.2232437133789,13.495696190850941,38.27245247747203,1044.990291178282,8000.0,False,False
4009,49,"[31, 40]",-9.338541030883789,87.67134094238281,0.17836947739124298,31,39,9.624500069724277,335.0696277618408,14.001728685498852,38.93210092365803,873.436917403521,8000.0,False,False
4010,49,"[31, 40]",-9.20752239227295,87.61656951904297,0.1778915524482727,31,39,9.51100465049633,334.9470634460449,14.512850141584368,39.56578669553943,708.2856603842301,8000.0,False,False
4011,49,"[31, 40]",-9.07970142364502,87.56261444091797,0.1774861067533493,31,39,9.401160902046247,334.8619499206543,15.02641379825294,40.16446387759862,551.3935443048485,8000.0,False,False
4012,49,"[31, 40]",-8.955473899841309,87.50971984863281,0.1771545261144638,31,39,9.29526804363555,334.82015800476074,15.539840772906361,40.71968276814562,404.4635794734031,8000.0,False,False
4013,49,"[31, 40]",-8.8351469039917,87.45806121826172,0.17684286832809448,31,39,9.193545213094849,334.8269901275635,16.050928424604002,41.22393829704055,268.98416516370435,8000.0,False,False
4014,49,"[31, 40]",-8.718939781188965,87.40780639648438,0.17650650441646576,31,39,9.096118874888719,334.88711166381836,16.557532486239964,41.67042082242159,146.26758551308558,8000.0,False,False
4015,49,"[31, 40]",-8.606990814208984,87.35907745361328,0.17605072259902954,31,39,9.003041862164784,335.00451850891113,17.057825102973144,42.05330659406201,37.40150444415394,8000.0,False,False
4016,49,"[31, 40]",-8.499359130859375,87.31196594238281,0.1755123883485794,31,39,8.91429373143114,335.18250465393066,17.550243434223496,42.367738780292825,-56.749202855738986,8000.0,False,False
4017,49,"[31, 40]",-8.396027565002441,87.26651000976562,0.17498809099197388,31,39,8.829793111902019,335.423641204834,18.033666211507015,42.61002500667303,-135.57546940021984,8000.0,False,False
4018,49,"[31, 40]",-8.29690933227539,87.22274017333984,0.17445184290409088,31,39,8.749392928242443,335.7297763824463,18.507159033850108,42.7773826514038,-198.67908557739702,8000.0,False,False
4019,49,"[31, 40]",-8.201855659484863,87.1806411743164,0.17400258779525757,31,39,8.67290150105395,336.10201835632324,18.970226273566865,42.86820791724364,-245.91423200627287,8000.0,False,False
4020,49,"[31, 40]",-8.110655784606934,87.14017486572266,0.17367523908615112,31,39,8.600077735405787,336.54076385498047,19.42269997474818,42.881936119767715,-277.3625952191569,8000.0,False,False
4021,49,"[31, 40]",-8.023046493530273,87.10128021240234,0.17344702780246735,31,39,8.5306419127964,337.04571533203125,19.864744205179445,42.81902887314817,-293.3252416999221,8000.0,False,False
4022,49,"[31, 40]",-7.938720703125,87.06387329101562,0.1733607053756714,31,39,8.464285348063173,337.61591148376465,20.296855818531224,42.68094433476659,-294.3111562514141,8000.0,False,False
4023,49,"[31, 40]",-7.857328414916992,87.02786254882812,0.1734589785337448,31,39,8.400667285907733,338.24975967407227,20.719781185067966,42.47002151099571,-281.0144633454838,8000.0,False,False
4024,49,"[31, 40]",-7.778487682342529,86.99313354492188,0.17366665601730347,31,39,8.339431425644587,338.94508934020996,21.134599327554074,42.18950998734414,-254.31005889396602,8000.0,False,False
4025,49,"[31, 40]",-7.701789855957031,86.95958709716797,0.17403742671012878,31,39,8.280197920643571,339.69920349121094,21.542473626905426,41.84327013569447,-215.1983498772097,8000.0,False,False
4026,49,"[31, 40]",-7.626806259155273,86.9271011352539,0.1745641976594925,31,39,8.222583605391184,340.5089340209961,21.944884435015773,41.43595041401966,-164.82560173960246,8000.0,False,False
4027,49,"[31, 40]",-7.553094863891602,86.89557647705078,0.17518483102321625,31,39,8.166191733775673,341.37070083618164,22.34332124645736,40.97262041027574,-104.4172233729596,8000.0,False,False
4028,49,"[31, 40]",-7.480208396911621,86.86490631103516,0.17590494453907013,31,39,8.110630684466797,342.28057861328125,22.73945912975994,40.4588805164787,-35.28593993679533,8000.0,False,False
4029,49,"[31, 40]",-7.407697677612305,86.83499908447266,0.17667314410209656,31,39,8.055508405941344,343.23435974121094,23.135002161416153,39.9006424202052,41.20974000929891,8000.0,False,False
4030,49,"[31, 40]",-7.335121154785156,86.80579376220703,0.1773863285779953,31,39,8.00043472849646,344.2276277542114,23.531555936338567,39.30392818212715,123.70586570172418,8000.0,False,False
4031,49,"[31, 40]",-7.262049198150635,86.77722930908203,0.17795339226722717,31,39,7.945036782960803,345.25581455230713,23.93081276875863,38.67499821645151,210.82014305607208,8000.0,False,False
4032,49,"[31, 40]",-7.188070774078369,86.749267578125,0.17841117084026337,31,39,7.888955744063273,346.3142604827881,24.334380905885077,38.02012042309701,301.194700487571,8000.0,False,False
4033,49,"[31, 40]",-7.112796306610107,86.72189331054688,0.1787349134683609,31,39,7.831848745140813,347.398286819458,24.743772681595978,37.34548586213799,393.51397548956356,8000.0,False,False
4034,49,"[31, 40]",-7.0358662605285645,86.69512176513672,0.17890289425849915,31,39,7.77339270739085,348.50324630737305,25.160323808341204,36.65707750096817,486.5306569380805,8000.0,False,False
4035,49,"[31, 40]",-6.9569501876831055,86.6689682006836,0.178954616189003,31,39,7.7132955837282084,349.6245765686035,25.585394644048513,35.96081807544499,579.0462266288632,8000.0,False,False
4036,49,"[31, 40]",-6.875754356384277,86.64348602294922,0.1789255440235138,31,39,7.65128643088694,350.75785064697266,26.020087268856383,35.262236621883744,669.9643476023557,8000.0,False,False
4037,49,"[31, 40]",-6.792022705078125,86.61873626708984,0.178788423538208,31,39,7.587128367029932,351.89882373809814,26.465439020985166,34.56661528288703,758.2708796704292,8000.0,False,False
4038,49,"[31, 40]",-6.705539226531982,86.59479522705078,0.17863573133945465,31,39,7.520616721006015,353.0434708595276,26.922356577077775,33.87888571755019,843.0498293245496,8000.0,False,False
4039,49,"[31, 40]",-6.616127967834473,86.5717544555664,0.1784910261631012,31,39,7.4515781415543305,354.18801736831665,27.391607149946562,33.20358978162989,923.4878975396746,8000.0,False,False
4040,49,"[31, 40]",-6.523655414581299,86.54972076416016,0.17831562459468842,31,39,7.379871731504787,355.3289747238159,27.873799817206695,32.544825093390784,998.8817353094778,8000.0,False,False
4041,49,"[31, 40]",-6.4280314445495605,86.52879333496094,0.17813228070735931,31,39,7.305399644340446,356.4631600379944,28.369527192228947,31.906367154234545,1068.620247521495,8000.0,False,False
4042,49,"[31, 40]",-6.329204559326172,86.50910186767578,0.17790120840072632,31,39,7.228084125413864,357.5877146720886,28.879108199783694,31.29139352769505,1132.2162436115095,8000.0,False,False
4043,49,"[31, 40]",-6.227165222167969,86.4907455444336,0.17764391005039215,31,39,7.147898539996977,358.70011842250824,29.402983194082108,30.702864771573843,1189.255795488285,8000.0,False,False
4044,49,"[31, 40]",-6.121942043304443,86.4738540649414,0.17743679881095886,31,39,7.064834006323774,359.79819898307323,29.941291201993177,30.143092218919946,1239.4494706617902,7973.480906852978,False,False
4045,49,"[31, 40]",-6.0136003494262695,86.45853424072266,0.17728810012340546,31,39,6.978923189629874,0.8801353573799133,30.49423088652901,29.614095529149097,1282.582658449775,7898.435099842212,False,False
4046,49,"[31, 40]",-5.902238845825195,86.44488525390625,0.17720332741737366,31,39,6.890229622520658,1.944458246231079,31.061953709712782,29.117495463481703,1318.5250852755848,7823.436007160615,False,False
4047,49,"[31, 40]",-5.787986755371094,86.43301391601562,0.17718558013439178,31,39,6.798836694883132,2.9900481700897217,31.644450914443787,28.65440274435406,1347.2399773941825,7748.694992837093,False,False
4048,49,"[31, 40]",-5.67100191116333,86.4229965209961,0.1772945523262024,31,39,6.704865141464382,4.016125679016113,32.241817100342516,28.225691421326417,1368.7469410426975,7674.4269276547175,False,False
4049,49,"[31, 40]",-5.551467418670654,86.4149169921875,0.17752321064472198,31,39,6.6084499448409035,5.02224588394165,32.8539761650645,27.831730281122844,1383.1504499614948,7600.818673098784,False,False
4050,49,"[31, 40]",-5.429585933685303,86.40882873535156,0.17774571478366852,31,39,6.509755330525869,6.008281707763672,33.48096679229097,27.472685084527313,1390.5981689023915,7528.054925235681,False,False
4051,49,"[31, 40]",-5.30557918548584,86.40480041503906,0.17790581285953522,31,39,6.408949254687845,6.974411487579346,34.12259657673474,27.14818508915539,1391.318008491201,7456.280770047578,False,False
4052,49,"[31, 40]",-5.179684638977051,86.4028549194336,0.17800985276699066,31,39,6.306233875293393,7.921102046966553,34.778890006703406,26.857787959736868,1385.5603724065227,7385.647792565225,False,False
4053,49,"[31, 40]",-5.052150726318359,86.40301513671875,0.17806179821491241,31,39,6.201816432958457,8.849088668823242,35.44976388249061,26.60067521366736,1373.6295112099178,7316.277392581329,False,False
4054,49,"[31, 40]",-4.923234462738037,86.4052963256836,0.1780635416507721,31,40,6.095911095253552,9.759356498718262,36.13508095089685,26.375724452178588,1355.8722764187164,7248.26567532168,False,False
4055,49,"[31, 40]",-4.793198108673096,86.40969848632812,0.17801520228385925,31,40,5.988740524355842,10.653119087219238,36.834712604789495,26.181593517570263,1332.6655499855237,7181.689681830707,False,False
4056,49,"[31, 40]",-4.662306785583496,86.41619873046875,0.17791542410850525,31,40,5.880538759534853,11.531797409057617,37.54860114934802,26.016803740290413,1304.4049799704567,7116.6147222199725,False,False
4057,49,"[31, 40]",-4.530826091766357,86.42477416992188,0.17776156961917877,31,40,5.771535741021503,12.396992683410645,38.27658886324481,25.879596179834152,1271.5185642170982,7053.075843252651,False,False
4058,49,"[31, 40]",-4.399018287658691,86.43538665771484,0.17760886251926422,31,40,5.6619634558298735,13.250473022460938,39.01854843040322,25.76807540794229,1234.448193083902,6991.091492549808,False,False
4059,49,"[31, 40]",-4.267141342163086,86.44799041748047,0.17744700610637665,31,40,5.5520507299832875,14.094138145446777,39.77432317665004,25.68018503120328,1193.6508032152333,6930.659204058241,False,False
4060,49,"[31, 40]",-4.135446071624756,86.46253204345703,0.17726576328277588,31,40,5.442021109375166,14.930004119873047,40.54373874076736,25.61373462089432,1149.5935110194869,6871.756747712831,False,False
4061,49,"[31, 40]",-4.004174709320068,86.47894287109375,0.17705506086349487,31,40,5.33209699909707,15.760177612304688,41.32666962665438,25.566492014349706,1102.7424477132809,6814.351584804349,False,False
4062,49,"[31, 40]",-3.8735599517822266,86.4971694946289,0.17692266404628754,31,40,5.2224791286715,16.586837768554688,42.12279671605527,25.535958947500575,1053.585494795107,6758.37347928139,False,False
4063,49,"[31, 40]",-3.743821144104004,86.51712799072266,0.17684733867645264,31,40,5.113374051646115,17.412202835083008,42.93200144175686,25.519798606673845,1002.5840762785524,6703.761805972248,False,False
4064,49,"[31, 40]",-3.6151654720306396,86.53874206542969,0.17680953443050385,31,40,5.004970317573169,18.238521575927734,43.754051054342916,25.515529478415175,950.2062225765926,6650.430219863201,False,False
4065,49,"[31, 40]",-3.487785577774048,86.56193542480469,0.17679128050804138,31,40,4.897441807693234,19.068042755126953,44.58867798201084,25.520635226883883,896.912554126849,6598.277186569394,True,False
4066,50,"[31, 41]",-3.3618595600128174,86.58663177490234,0.1767762303352356,31,40,13.790952597323082,19.903003692626953,14.330085012003835,-5.572918680623104,8000.0,7339.686305830392,False,False
4067,50,"[31, 41]",-3.234471321105957,86.61388397216797,0.1769220232963562,31,40,13.660783758742287,20.71708106994629,14.351581491006808,-6.3654995789394775,8000.0,7239.645748896826,False,False
4068,50,"[31, 41]",-3.1058409214019775,86.64363098144531,0.17715318500995636,31,40,13.528794449092956,21.510799407958984,14.364562445156036,-7.146236962802959,8000.0,7139.61262929479,False,False
4069,50,"[31, 41]",-2.976167917251587,86.67581939697266,0.17740169167518616,31,40,13.39518982688385,22.284669876098633,14.36879090766012,-7.915878968438506,8000.0,7039.558502631022,False,False
4070,50,"[31, 41]",-2.845632553100586,86.71038818359375,0.1776650846004486,31,40,13.260159184260084,23.0391845703125,14.364066131410583,-8.675118438901904,8000.0,6939.455816767565,False,False
4071,50,"[31, 41]",-2.7143969535827637,86.74728393554688,0.17788219451904297,31,40,13.123873349328928,23.774829864501953,14.350160672443867,-9.424669192058076,8000.0,6839.268336891956,False,False
4072,50,"[31, 41]",-2.582608222961426,86.78645324707031,0.1780567318201065,31,40,12.98648961135385,24.492074966430664,14.32684915454177,-10.165225811888888,8000.0,6738.956607893859,False,False
4073,50,"[31, 41]",-2.4503982067108154,86.82784271240234,0.1781918853521347,31,40,12.848151515409786,25.191381454467773,14.293909492618868,-10.897471961848908,8000.0,6638.477139350056,False,False
4074,50,"[31, 41]",-2.317885637283325,86.87138366699219,0.17823165655136108,31,40,12.708994717614532,25.873197555541992,14.251188121703267,-11.622009433838713,8000.0,6537.792572687975,False,False
4075,50,"[31, 41]",-2.185178279876709,86.91703033447266,0.17818434536457062,31,40,12.569139655161006,26.537960052490234,14.19843360672291,-12.33952644576732,8000.0,6436.84870164887,False,False
4076,50,"[31, 41]",-2.0523722171783447,86.9647216796875,0.178116112947464,31,40,12.428700275699448,27.186092376708984,14.13546302998583,-13.050629346723156,8000.0,6335.597963398823,False,False
4077,50,"[31, 41]",-1.9195541143417358,87.01441955566406,0.17802757024765015,31,40,12.287776889019517,27.81801414489746,14.061991457444694,-13.75602268745277,8000.0,6233.974156974418,False,False
4078,50,"[31, 41]",-1.786801815032959,87.06604766845703,0.1779780089855194,31,40,12.14647164038309,28.434127807617188,13.97790509451862,-14.456222713098555,8000.0,6131.933724497955,False,False
4079,50,"[31, 41]",-1.6541849374771118,87.11956787109375,0.17802061140537262,31,40,12.004870503514553,29.034828186035156,13.882918024519338,-15.151910161515815,8000.0,6029.405124050199,False,False
4080,50,"[31, 41]",-1.5217652320861816,87.1749267578125,0.17814435064792633,31,40,11.863056641820174,29.620500564575195,13.77681215372911,-15.843688410846084,8000.0,5854.964154107208,False,False
4081,50,"[31, 41]",-1.3895983695983887,87.23207092285156,0.1783980131149292,31,40,11.72110841161714,30.19152069091797,13.659367330053822,-16.532153360864157,8000.0,5677.801114477125,False,False
4082,50,"[31, 41]",-1.2577332258224487,87.29096221923828,0.17876657843589783,31,40,11.57909508905515,30.74825668334961,13.53028908629299,-17.217967597056628,8000.0,5500.446309271455,False,False
4083,50,"[31, 41]",-1.1262127161026,87.35153198242188,0.17911885678768158,31,40,11.437088451354102,31.291061401367188,13.389426292250452,-17.90163510911674,8000.0,5322.9048457330155,False,False
4084,50,"[31, 41]",-0.9950749278068542,87.41374969482422,0.17939552664756775,31,40,11.29514777721428,31.82028579711914,13.236440594978294,-18.58384520214085,8000.0,5145.143483522885,False,False
4085,50,"[31, 41]",-0.8643538951873779,87.4775619506836,0.17960192263126373,31,40,11.153334894663224,32.33626937866211,13.071098807070642,-19.265170571591455,8000.0,4967.144469403109,False,False
4086,50,"[31, 41]",-0.7340794205665588,87.54292297363281,0.17974278330802917,31,40,11.011706884971643,32.83934020996094,12.893125887131335,-19.946214322829604,8000.0,4788.879648141279,False,False
4087,50,"[31, 41]",-0.6042771935462952,87.60979461669922,0.17976349592208862,31,40,10.870316305054152,33.32982635498047,12.702202305712655,-20.62762404926781,8000.0,4610.30842828296,False,False
4088,50,"[31, 41]",-0.4749697744846344,87.67813110351562,0.17967359721660614,31,40,10.729215579380826,33.80803298950195,12.498039725309136,-21.309993264192826,8000.0,4431.395586519493,False,False
4089,50,"[31, 41]",-0.3461766242980957,87.74788665771484,0.179481640458107,31,40,10.588455281469113,34.27427673339844,12.280343281218931,-21.993933452179505,8000.0,4252.099371509105,False,False
4090,50,"[31, 41]",-0.21791471540927887,87.81903076171875,0.17925404012203217,31,40,10.448081543982443,34.728851318359375,12.04872902021408,-22.680122298145307,8000.0,4072.362587354713,False,False
4091,50,"[31, 41]",-0.09019840508699417,87.8915023803711,0.17905043065547943,31,40,10.308145617229167,35.172054290771484,11.802967149069605,-23.36908714170187,8000.0,3892.152069583381,False,False
4092,50,"[31, 41]",0.03696068376302719,87.96528625488281,0.17886562645435333,31,40,10.168687842659567,35.604164123535156,11.542572805594281,-24.061591317940866,8000.0,3711.389049821255,False,False
4093,50,"[31, 41]",0.16355235874652863,88.04032897949219,0.17881248891353607,31,40,10.029756363329028,36.025455474853516,11.26725629456861,-24.75819918028492,8000.0,3530.0282887597446,False,False
4094,50,"[31, 41]",0.28956907987594604,88.11659240722656,0.17887486517429352,31,40,9.891394887224852,36.43620300292969,10.976636129369014,-25.459566873560675,8000.0,3348.005479518828,False,False
4095,50,"[31, 41]",0.4150053858757019,88.19405364990234,0.17897938191890717,31,40,9.753643625446998,36.836673736572266,10.670231920781346,-26.166441815790904,8000.0,3165.2376032267803,False,False
4096,50,"[31, 41]",0.5398575663566589,88.27267456054688,0.179001122713089,31,40,9.616545535617314,37.22711944580078,10.347635937677984,-26.879483508122803,8000.0,2981.6552807336484,False,False
4097,50,"[31, 41]",0.6641227602958679,88.35240936279297,0.17894531786441803,31,40,9.48014550218708,37.607791900634766,10.008473140435983,-27.5993187601988,8000.0,2797.1936467976857,False,False
4098,50,"[31, 41]",0.7877992391586304,88.43323516845703,0.17881657183170319,31,40,9.344484731402058,37.97893524169922,9.65222046077966,-28.32671478091956,8000.0,2611.7611178148163,False,False
4099,50,"[31, 41]",0.9108866453170776,88.51512145996094,0.17861898243427277,31,40,9.209606172521385,38.340789794921875,9.278383616176894,-29.062406178744993,8000.0,2425.270472877853,False,False
4100,50,"[31, 41]",1.0333857536315918,88.59803771972656,0.17829740047454834,31,40,9.07555338690079,38.69358444213867,8.886452583119427,-29.80713185901925,8000.0,2237.6323290957216,False,False
4101,50,"[31, 41]",1.1552983522415161,88.68194580078125,0.17780214548110962,31,40,8.942371839167718,39.03755187988281,8.475949648653126,-30.5616022312297,8000.0,2048.7613176260006,False,False
4102,50,"[31, 41]",1.2766268253326416,88.7668228149414,0.1771472990512848,31,40,8.810105874179667,39.37289810180664,8.046285424243129,-31.326612677563503,8000.0,1858.555686268292,False,False
4103,50,"[31, 41]",1.397373914718628,88.8526382446289,0.17640426754951477,31,40,8.678802599486392,39.699859619140625,7.596900646002239,-32.102958973138385,8000.0,1666.9132258516665,False,False
4104,50,"[31, 41]",1.5175426006317139,88.93936920166016,0.17569606006145477,31,40,8.548509883160035,40.01863098144531,7.127168662078933,-32.89146231936638,8000.0,1473.7261265342877,False,False
4105,50,"[31, 41]",1.637035846710205,89.02689361572266,0.17518597841262817,31,40,8.419388663337227,40.328285217285156,6.637034755143427,-33.69125046214174,8000.0,1279.224426832221,False,False
4106,50,"[31, 41]",1.755125880241394,89.11457824707031,0.17480547726154327,31,40,8.292280803930023,40.620601654052734,6.12953516809,-34.49106648596273,8000.0,1085.7173896702675,False,False
4107,50,"[31, 41]",1.8711713552474976,89.20182800292969,0.17449356615543365,31,40,8.167921012880575,40.88761901855469,5.6079124117251276,-35.27970660682956,8000.0,895.4673765793636,False,False
4108,50,"[31, 41]",1.9846165180206299,89.28811645507812,0.17425532639026642,31,40,8.046934232657694,41.1217041015625,5.075388073010938,-36.04631602855156,8000.0,710.6357431084889,False,False
4109,50,"[31, 41]",2.09499192237854,89.37297821044922,0.17403815686702728,31,40,7.929836633363388,41.315670013427734,4.53518095075085,-36.78048906267688,8000.0,533.2629083153734,False,False
4110,50,"[31, 41]",2.2019131183624268,89.45600891113281,0.17379683256149292,31,40,7.817038142310355,41.46281051635742,3.990463535983861,-37.47234698037357,8000.0,365.25263912602077,False,False
4111,50,"[31, 41]",2.30507755279541,89.53684997558594,0.17343437671661377,31,40,7.708848124954066,41.557010650634766,3.444422800515435,-38.112587850119326,8000.0,208.362490352426,False,False
4112,50,"[31, 41]",2.4042630195617676,89.61522674560547,0.17304283380508423,31,40,7.605476364652925,41.5927848815918,2.899923394960349,-38.69286148663144,8000.0,64.13611524760927,False,False
4113,50,"[31, 41]",2.4993231296539307,89.69091033935547,0.17259059846401215,31,40,7.507042688813076,41.56532669067383,2.359722896578345,-39.20560379409548,8000.0,-66.06711314313816,False,False
4114,50,"[31, 41]",2.5901854038238525,89.76375579833984,0.17211146652698517,31,40,7.413579680054915,41.4705696105957,1.8261201987885587,-39.64444941180716,8000.0,-181.1449121301539,False,False
4115,50,"[31, 41]",2.676844835281372,89.83364868164062,0.17163953185081482,31,40,7.325044322573415,41.30521011352539,1.3012955968167332,-40.00391451670865,8000.0,-280.1942950730354,False,False
4116,50,"[31, 41]",2.759361982345581,89.90055084228516,0.17115046083927155,31,40,7.241320945633657,41.06670379638672,0.786900095870544,-40.27980370051617,8000.0,-362.5821170338895,False,False
4117,50,"[31, 41]",2.8378560543060303,89.96449279785156,0.1706850528717041,31,40,7.1622319607958245,40.753318786621094,0.28404848796923904,-40.46927029865185,8000.0,-427.9515931384217,False,False
4118,50,"[31, 41]",2.912501335144043,90.02552795410156,0.17028388381004333,31,40,7.0875446383621155,40.364078521728516,359.79363132555034,-40.57044719617818,8000.0,-476.1555190881754,False,False
4119,50,"[31, 41]",2.983522415161133,90.08377075195312,0.16992858052253723,31,40,7.016977642648511,39.8987922668457,359.3159698096894,-40.58282245715628,8000.0,-507.3176373273486,False,False
4120,50,"[31, 41]",3.051187753677368,90.13937377929688,0.16978275775909424,31,40,6.950209830285622,39.3580207824707,358.8509606438257,-40.50706013864499,8000.0,-521.7963937046388,False,False
4121,50,"[31, 41]",3.115806818008423,90.1925277709961,0.1698208600282669,31,40,6.886884833477618,38.74300765991211,358.39804696592046,-40.34496069399165,8000.0,-520.173903427391,False,False
4122,50,"[31, 41]",3.1777231693267822,90.24343872070312,0.16984696686267853,31,40,6.826618750529296,38.05569076538086,357.9563866627512,-40.099304102629674,8000.0,-503.222990156773,False,False
4123,50,"[31, 41]",3.2373106479644775,90.2923583984375,0.16992327570915222,31,40,6.769005887519346,37.29861068725586,357.524582640501,-39.774028046754836,8000.0,-471.93157627487653,False,False
4124,50,"[31, 41]",3.294966220855713,90.33951568603516,0.17004992067813873,31,40,6.713624124161989,36.47488784790039,357.1012501359719,-39.373637711928495,8000.0,-427.3960076809385,False,False
4125,50,"[31, 41]",3.351107120513916,90.38517761230469,0.17022977769374847,31,40,6.660040413984099,35.588104248046875,356.6844986758095,-38.90360557223738,8000.0,-370.8823771053512,False,False
4126,50,"[31, 41]",3.4061636924743652,90.4295883178711,0.17035029828548431,31,40,6.607815325301897,34.64229965209961,356.2724489187324,-38.36985073336723,8000.0,-303.7319594977271,False,False
4127,50,"[31, 41]",3.4605746269226074,90.47299194335938,0.17043006420135498,31,40,6.556508643213343,33.641868591308594,355.8630415573852,-37.77882703392339,8000.0,-227.36928293440587,False,False
4128,50,"[31, 41]",3.5147814750671387,90.51561737060547,0.17037002742290497,31,40,6.505683714184272,32.59149169921875,355.45417247537466,-37.13731922384409,8000.0,-143.26161502604646,False,False
4129,50,"[31, 41]",3.569223165512085,90.55767822265625,0.17025920748710632,31,40,6.454912524195153,31.496063232421875,355.04369843917385,-36.45236479324802,8000.0,-52.899519009709365,False,False
4130,50,"[31, 41]",3.624330759048462,90.59934997558594,0.17029662430286407,31,40,6.403778467690026,30.36064338684082,354.6296459505325,-35.730997436308314,8000.0,42.25031516119225,False,False
4131,50,"[31, 41]",3.6805224418640137,90.64080047607422,0.17054490745067596,31,40,6.351883331573505,29.190359115600586,354.2099491033159,-34.980410012284665,7955.423407417955,140.7248037448985,False,False
4132,50,"[31, 41]",3.738198757171631,90.68215942382812,0.17082609236240387,31,40,6.298848806266461,27.990354537963867,353.78272672229053,-34.207627815673334,7883.178692132215,241.12128822443083,False,False
4133,50,"[31, 41]",3.7977373600006104,90.7235107421875,0.17109829187393188,31,40,6.244319790785295,26.765731811523438,353.3463639017106,-33.41936790981282,7808.081503464612,342.1230527565267,False,False
4134,50,"[31, 41]",3.8594892024993896,90.76492309570312,0.1713830977678299,31,40,6.187970604047957,25.521495819091797,352.89924615710305,-32.62224966198875,7730.350060593805,442.46953567462515,False,False
4135,50,"[31, 41]",3.923774480819702,90.80643463134766,0.17170009016990662,31,40,6.12950678069408,24.26248550415039,352.4399057031644,-31.822579800985977,7650.224812368693,540.9922490938493,False,False
4136,50,"[31, 41]",3.9908788204193115,90.84803771972656,0.17206700146198273,31,40,6.068665860381855,22.993350982666016,351.967176117972,-31.026174864694042,7567.95636091569,636.6423681039487,False,False
4137,50,"[31, 41]",4.061051845550537,90.88970947265625,0.1724407821893692,31,40,6.005221738368447,21.718494415283203,351.47992238390555,-30.238572031377657,7483.820358819219,728.4585277918882,False,False
4138,50,"[31, 41]",4.134503364562988,90.93138885498047,0.17278240621089935,31,40,5.938984423241464,20.44204330444336,350.97726990366374,-29.46477340077962,7398.098277870568,815.6047201406336,False,False
4139,50,"[31, 41]",4.2114033699035645,90.9729995727539,0.1731150597333908,31,40,5.869802306257263,19.167821884155273,350.45840348156605,-28.709418402589222,7311.088001810315,897.3423703500548,False,False
4140,50,"[31, 41]",4.291880130767822,91.01443481445312,0.17351776361465454,31,40,5.797560731402278,17.89931869506836,349.92273023013576,-27.976588464932547,7223.086539038939,973.0566870256384,False,False
4141,50,"[31, 41]",4.376019477844238,91.05558776855469,0.17394325137138367,31,40,5.722186859122101,16.63967514038086,349.3696035978322,-27.270071542548635,7134.408455015339,1042.2159984152413,False,False
4142,50,"[31, 41]",4.463868141174316,91.0963134765625,0.17428924143314362,31,40,5.643638825899234,15.39167308807373,348.7987068350963,-26.592966252977476,7045.348251825968,1104.4225688026559,False,False
4143,50,"[31, 41]",4.555429458618164,91.13648223876953,0.17458030581474304,31,40,5.561918756968812,14.157716751098633,348.2095574531961,-25.94815929790252,6956.218726103773,1159.3442994749194,False,False
4144,50,"[31, 41]",4.650670528411865,91.17594146728516,0.17477858066558838,31,40,5.4770579812598434,12.939840316772461,347.601889079126,-25.337951237646394,6867.312482236843,1206.7598447110604,False,False
4145,50,"[31, 41]",4.749519348144531,91.21454620361328,0.1748487502336502,31,40,5.389125119740686,11.739696502685547,346.9753736493799,-24.764322853305657,6778.922869483282,1246.5200430249074,False,False
4146,50,"[31, 41]",4.851869106292725,91.25213623046875,0.17493407428264618,31,40,5.298216382745777,10.558568954467773,346.3298678969216,-24.228701057546232,6691.317852280341,1278.5740835044821,False,False
4147,50,"[31, 41]",4.957581520080566,91.28856658935547,0.17504443228244781,31,40,5.204458471525754,9.397369384765625,345.66511353332544,-23.732255851440186,6604.761977834889,1302.925132608374,False,False
4148,50,"[31, 41]",5.066487789154053,91.3237075805664,0.17518724501132965,31,41,5.108007879145748,8.256656646728516,344.98074717676445,-23.275909469964063,6519.514871444059,1319.6267863624453,False,False
4149,50,"[31, 41]",5.1783928871154785,91.35741424560547,0.17536762356758118,31,41,5.009038688729733,7.136642932891846,344.27663741495576,-22.860005517936088,6435.79591853716,1328.8216681428376,False,False
4150,50,"[31, 41]",5.293079376220703,91.38957214355469,0.17558865249156952,31,41,4.907750248403239,6.037208080291748,343.5524011023389,-22.48480697795287,6353.826934654303,1330.6728426136788,True,False
4151,51,"[31, 42]",5.410307884216309,91.4200668334961,0.17591023445129395,31,41,14.658639290362405,4.957918643951416,354.44070895782716,-10.51720968612426,8000.0,6690.817409562556,False,False
4152,51,"[31, 42]",5.5306925773620605,91.44886016845703,0.1763654500246048,31,41,14.54166610394238,3.9056150913238525,354.28184243702793,-9.623772654295863,8000.0,6812.428340601772,False,False
4153,51,"[31, 42]",5.653937339782715,91.47586822509766,0.1768871545791626,31,41,14.421778699894599,2.879622459411621,354.1262919944774,-8.753330464934152,8000.0,6929.064932250657,False,False
4154,51,"[31, 42]",5.7797722816467285,91.50098419189453,0.17741483449935913,31,41,14.299224800881339,1.8792824745178223,353.9745837652604,-7.904698709257445,8000.0,7041.022186230135,False,False
4155,51,"[31, 42]",5.9079484939575195,91.5241470336914,0.17777638137340546,31,41,14.174235070340286,0.9039530754089355,353.8270840374688,-7.076869037940128,8000.0,7148.560191943913,False,False
4156,51,"[31, 42]",6.038238048553467,91.54529571533203,0.17799325287342072,31,41,14.047018745509087,359.9530086107552,353.684176986793,-6.268831623962228,8000.0,7251.928809309934,False,False
4157,51,"[31, 42]",6.170430660247803,91.56438446044922,0.1780845671892166,31,41,13.917768745855385,359.0258393883705,353.5462034624374,-5.47963592593311,8000.0,7351.360400255668,False,False
4158,51,"[31, 42]",6.304332733154297,91.58138275146484,0.17806744575500488,31,41,13.786662877244055,358.12185072898865,353.4134584684714,-4.7083922605172575,8000.0,7447.070531562512,False,False
4159,51,"[31, 42]",6.439767360687256,91.59625244140625,0.17801588773727417,31,41,13.653861398482778,357.2404627799988,353.28628338029574,-3.954179399703037,8000.0,7539.27005708793,False,False
4160,51,"[31, 42]",6.576571464538574,91.6089859008789,0.17799636721611023,31,41,13.51951438757573,356.3811116218567,353.16490805703296,-3.2162035648237293,8000.0,7628.146114614508,False,False
4161,51,"[31, 42]",6.71459436416626,91.61956787109375,0.17800965905189514,31,41,13.383758926315208,355.54324436187744,353.04960731479497,-2.4936370470824727,8000.0,7713.882544739592,False,False
4162,51,"[31, 42]",6.853699684143066,91.62800598144531,0.1781151443719864,31,41,13.24672093275622,354.7263255119324,352.94057027619425,-1.7857552357381223,8000.0,7796.643935664243,False,False
4163,51,"[31, 42]",6.993760108947754,91.63429260253906,0.17824843525886536,31,41,13.108515873824642,353.92983055114746,352.83806332758377,-1.0917672235636928,8000.0,7876.596112715156,False,False
4164,51,"[31, 42]",7.134660243988037,91.63844299316406,0.17841020226478577,31,41,12.969250652195383,353.1532497406006,352.74226464846873,-0.4109850921318525,8000.0,7953.886715277361,False,False
4165,51,"[31, 42]",7.2762932777404785,91.64046478271484,0.17860092222690582,31,41,12.829023246428381,352.3960847854614,352.6533957904304,0.25731100496898307,7971.177411408255,8000.0,False,False
4166,51,"[31, 42]",7.418560981750488,91.640380859375,0.17882077395915985,31,41,12.68792564345075,351.65785026550293,352.57162085809244,0.9137705925895148,7896.9134729065145,8000.0,False,False
4167,51,"[31, 42]",7.561373233795166,91.6382064819336,0.17906975746154785,31,41,12.54604145961572,350.9380741119385,352.49714659127085,1.5590724793323716,7822.8883725044225,8000.0,False,False
4168,51,"[31, 42]",7.704647541046143,91.63397216796875,0.179288849234581,31,41,12.403449404726057,350.23629570007324,352.4301196285414,2.1938239284681345,7749.083903403091,8000.0,False,False
4169,51,"[31, 42]",7.848308563232422,91.62770080566406,0.17942479252815247,31,41,12.260220825383609,349.55206298828125,352.3707287921391,2.8186658038578685,7675.473368329972,8000.0,False,False
4170,51,"[31, 42]",7.9922871589660645,91.61941528320312,0.17942947149276733,31,41,12.116421647177978,348.8849391937256,352.3191718560747,3.4342326623491317,7602.026256207045,8000.0,False,False
4171,51,"[31, 42]",8.136518478393555,91.60914611816406,0.17931817471981049,31,41,11.972115311969729,348.2344961166382,352.2756206495742,4.04112453293601,7513.645204269542,8000.0,False,False
4172,51,"[31, 42]",8.28094482421875,91.59693908691406,0.17910447716712952,31,41,11.827361018431764,347.6003189086914,352.2401805721721,4.639861663480701,7362.298883811176,8000.0,False,False
4173,51,"[31, 42]",8.425511360168457,91.58280944824219,0.17874158918857574,31,41,11.682211820671382,346.98200035095215,352.2131113275079,5.231110976555726,7210.941282821947,8000.0,False,False
4174,51,"[31, 42]",8.570170402526855,91.56681060791016,0.17824605107307434,31,41,11.536719642443119,346.3791437149048,352.194495460803,5.8153517458982265,7059.595674831693,8000.0,False,False
4175,51,"[31, 42]",8.714874267578125,91.54895782470703,0.17780892550945282,31,41,11.39093205753118,345.7913627624512,352.1846117784697,6.393249016018501,6908.255504989834,8000.0,False,False
4176,51,"[31, 42]",8.859582901000977,91.529296875,0.17742547392845154,31,41,11.24489404447879,345.21828269958496,352.1835958133662,6.965313113781235,6756.927966047009,8000.0,False,False
4177,51,"[31, 42]",9.004258155822754,91.50786590576172,0.1770913004875183,31,41,11.098648489503082,344.65953636169434,352.19162919712466,7.532092835430319,6605.61050911069,8000.0,False,False
4178,51,"[31, 42]",9.148866653442383,91.48470306396484,0.17674344778060913,31,41,10.95223438814753,344.1147651672363,352.208900845564,8.094135678327689,6454.295041029425,8000.0,False,False
4179,51,"[31, 42]",9.293375968933105,91.4598388671875,0.1763838678598404,31,41,10.805689596724978,343.58362007141113,352.23564998800254,8.652029916591403,6302.964108865033,8000.0,False,False
4180,51,"[31, 42]",9.437758445739746,91.43330383300781,0.17607295513153076,31,41,10.659048106104828,343.06576347351074,352.2721259441876,9.20636247067688,6151.594997995981,8000.0,False,False
4181,51,"[31, 42]",9.581987380981445,91.4051513671875,0.1759236752986908,31,41,10.512346897564726,342.56085777282715,352.31846775512895,9.757609982301801,6000.17810072892,8000.0,False,False
4182,51,"[31, 42]",9.72603988647461,91.37541198730469,0.17591983079910278,31,41,10.365616940111769,342.0685863494873,352.374944701209,10.306358351721713,5848.683413584382,8000.0,False,False
4183,51,"[31, 42]",9.869893074035645,91.34412384033203,0.17604674398899078,31,41,10.218891095888042,341.5886287689209,352.4417987064736,10.853169937552707,5697.082327972661,8000.0,False,False
4184,51,"[31, 42]",10.013530731201172,91.31130981445312,0.17623218894004822,31,41,10.072194492072942,341.1206817626953,352.5193661355797,11.398684372884361,5545.329107516511,8000.0,False,False
4185,51,"[31, 42]",10.15693473815918,91.27702331542969,0.1764698475599289,31,41,9.925559042039321,340.66444396972656,352.6078291179306,11.943385148204015,5393.400327880203,8000.0,False,False
4186,51,"[31, 42]",10.300089836120605,91.24128723144531,0.1766950935125351,31,41,9.779010746403745,340.2196216583252,352.7075545619007,12.487932903575484,5241.243159222721,8000.0,False,False
4187,51,"[31, 42]",10.44298267364502,91.20414733886719,0.1768495887517929,31,41,9.632577588057634,339.78593254089355,352.8187937408227,13.03286119992913,5088.821017064867,8000.0,False,False
4188,51,"[31, 42]",10.585601806640625,91.1656265258789,0.17693956196308136,31,41,9.486283705485556,339.363094329834,352.9419473416442,13.578853011810224,4936.072727167535,7969.617606533127,False,False
4189,51,"[31, 42]",10.727935791015625,91.12576293945312,0.17697040736675262,31,41,9.340156149196607,338.9508399963379,353.0773462165984,14.126506220260524,4782.948418569429,7938.840199011098,False,False
4190,51,"[31, 42]",10.869974136352539,91.0845947265625,0.17700567841529846,31,41,9.194221989475714,338.54890632629395,353.2253390254849,14.676432699190968,4629.394541692403,7908.141076709888,False,False
4191,51,"[31, 42]",11.011709213256836,91.04215240478516,0.17704357206821442,31,41,9.04850556179591,338.15703201293945,353.38633991375593,15.22930790081648,4475.345512762741,7877.605553328932,False,False
4192,51,"[31, 42]",11.153133392333984,90.99845886230469,0.1770823746919632,31,41,8.903031442915989,337.7749671936035,353.56083582282093,15.785868629217418,4320.725509663214,7847.3224103624525,False,False
4193,51,"[31, 42]",11.294240951538086,90.95355987548828,0.1771203875541687,31,41,8.757826045658689,337.40246772766113,353.7491923131095,16.346724585448385,4165.476061427037,7817.369385366615,False,False
4194,51,"[31, 42]",11.435027122497559,90.90747833251953,0.17715594172477722,31,41,8.612913404670042,337.03929328918457,353.95194623712234,16.912652947937772,4009.5122620553107,7787.835195669893,False,False
4195,51,"[31, 42]",11.575486183166504,90.86024475097656,0.1771874725818634,31,41,8.468320617548747,336.6852111816406,354.16961614616855,17.484404964527926,3852.752967685878,7758.806527788978,False,False
4196,51,"[31, 42]",11.715615272521973,90.8118896484375,0.1772133708000183,31,41,8.32407322854089,336.3399963378906,354.40274954369903,18.062753205808406,3695.111786828121,7730.369584159546,False,False
4197,51,"[31, 42]",11.855412483215332,90.76244354248047,0.17723216116428375,31,41,8.180197184300315,336.00342750549316,354.65192640246397,18.648498896970807,3536.4970909569524,7702.611731682346,False,False
4198,51,"[31, 42]",11.994874000549316,90.7119369506836,0.17724235355854034,31,41,8.036721750118636,335.67528533935547,354.91776329203424,19.24247795267877,3376.8126592370268,7675.623494650303,False,False
4199,51,"[31, 42]",12.133999824523926,90.66038513183594,0.17718371748924255,31,41,7.8936726105748525,335.35536003112793,355.2010224396917,19.845662408563783,3215.939348369836,7649.502884609275,False,False
4200,51,"[31, 42]",12.272788047790527,90.60783386230469,0.17706076800823212,31,41,7.751081637973708,335.04344749450684,355.50229113368005,20.45884363917321,3053.786225292252,7624.335763266925,False,False
4201,51,"[31, 42]",12.411239624023438,90.55429077148438,0.1768774688243866,31,41,7.608976429411823,334.7393493652344,355.82247650178203,21.08312713654766,2890.213088259195,7600.2288981705005,False,False
4202,51,"[31, 42]",12.549352645874023,90.49979400634766,0.17669612169265747,31,41,7.467391783234991,334.44286727905273,356.16231327040384,21.719445991351108,2725.1073352376816,7577.278141742138,False,False
4203,51,"[31, 42]",12.687129020690918,90.44436645507812,0.17651382088661194,31,41,7.326359498852051,334.15381050109863,356.5226987693528,22.36888826825418,2558.330878236974,7555.588481971606,False,False
4204,51,"[31, 42]",12.824569702148438,90.38803100585938,0.17626914381980896,31,41,7.185914557022954,333.8719997406006,356.90458917532914,23.03258943472855,2389.7389465138244,7535.268813983557,False,False
4205,51,"[31, 42]",12.961675643920898,90.330810546875,0.17596550285816193,31,41,7.04609433369296,333.5972442626953,357.3090030546133,23.711758791917987,2219.175711433025,7516.433469611353,False,False
4206,51,"[31, 42]",13.098448753356934,90.27273559570312,0.1756058931350708,31,41,6.90693812880961,333.3293743133545,357.73696216046454,24.40758784711005,2046.4876476513286,7499.195108794685,False,False
4207,51,"[31, 42]",13.234890937805176,90.21382141113281,0.1752517819404602,31,41,6.768487291799354,333.06821632385254,358.1896836735052,25.121467349652676,1871.4911634696568,7483.680836220925,False,False
4208,51,"[31, 42]",13.371004104614258,90.15408325195312,0.17489953339099884,31,41,6.63078639601469,332.8135986328125,358.6684664198981,25.854867787085595,1693.9907484839769,7470.023651555515,False,False
4209,51,"[31, 42]",13.506790161132812,90.09355926513672,0.1746046543121338,31,41,6.4938838415585,332.5653610229492,359.17449455163427,26.60913352868505,1513.8101989483962,7458.347686031546,False,False
4210,51,"[31, 42]",13.642252922058105,90.03226470947266,0.17435820400714874,31,41,6.357828946940619,332.32334327697754,359.7092341378894,27.385890860911843,1330.729773669244,7448.796514337868,False,False
4211,51,"[31, 42]",13.776644706726074,89.9706039428711,0.17411258816719055,31,41,6.223424719115298,332.09474182128906,0.2706349553266067,28.17589313403755,1146.5388792906515,7441.093821742098,False,False
4212,51,"[31, 42]",13.909229278564453,89.90898895263672,0.17405705153942108,31,41,6.091450647574734,331.88720703125,0.8560757082143755,28.968868676964348,963.178544305878,7434.885923389162,False,False
4213,51,"[31, 42]",14.03935718536377,89.84780883789062,0.17412716150283813,31,41,5.962585421903717,331.7081775665283,1.4625968024408298,29.754419235912508,782.567688277727,7429.768746650959,False,False
4214,51,"[31, 42]",14.166460037231445,89.78740692138672,0.17426590621471405,31,41,5.837412467377307,331.5647773742676,2.0871200164089183,30.522342642141325,606.554969553014,7425.311763501577,False,False
4215,51,"[31, 42]",14.290053367614746,89.72808074951172,0.17442341148853302,31,41,5.716417639000303,331.46375846862793,2.726481491754179,31.262723023126227,436.9015701943704,7421.060928819497,False,False
4216,51,"[31, 42]",14.409733772277832,89.67012023925781,0.1744978129863739,31,41,5.59999081725661,331.41142082214355,3.377088794680391,31.965667972536835,275.31988392176163,7416.518651538634,False,False
4217,51,"[31, 42]",14.52518081665039,89.6137466430664,0.17439965903759003,31,41,5.488427529458265,331.41356468200684,4.0355814022683,32.622016720261456,123.36330165409026,7411.191786891906,False,False
4218,51,"[31, 42]",14.636150360107422,89.55916595458984,0.17410977184772491,31,41,5.381934374829224,331.4754180908203,4.698358938475184,33.222940847654854,-17.512511994343186,7404.563711837888,False,False
4219,51,"[31, 42]",14.742476463317871,89.50653076171875,0.1736137419939041,31,41,5.28063117703712,331.6016044616699,5.362051853349553,33.760447391679634,-146.02816832334702,7396.128169995262,False,False
4220,51,"[31, 42]",14.84406566619873,89.45597076416016,0.1729016900062561,31,41,5.184556554221318,331.7960948944092,6.023286004007316,34.22719110959815,-261.0511337523194,7385.376751966965,False,False
4221,51,"[31, 42]",14.940896987915039,89.40754699707031,0.17202679812908173,31,41,5.093674886323972,332.0621700286865,6.6792765487762695,34.61710652008975,-361.691524047802,7371.844300453481,False,False
4222,51,"[31, 42]",15.033014297485352,89.3613052368164,0.17121678590774536,31,42,5.007881585012078,332.40240478515625,7.327340755321607,34.924935970165336,-447.2282204067492,7355.077363306342,False,False
4223,51,"[31, 42]",15.120526313781738,89.3172607421875,0.1705625057220459,31,42,4.927006834646649,332.8186626434326,7.965152796397374,35.14649015296476,-517.1480062487549,7334.653256970452,True,False
