step,policy_name,clue_acquisition_mode,anomaly_conditional_alpha,anomaly_conditional_triggered,anomaly_gate_reason,anomaly_top_mass_ratio,anomaly_entropy_norm,anomaly_hotspot_stability,anomaly_pre_first_alpha_capped,mode,robot_cell,viewpoint_cell,segment_endpoint_cell,anchor_cell,anchor_source,anchor_centroid_cell,anchor_cluster_size,anchor_cluster_peak,anchor_cluster_mean,viewpoint_rule,replanned_this_step,replan_reason,commit_remaining,planned_commit_window,commit_policy,path_length_current,planned_segment_length,planned_viewpoint_path_length,segment_path_length,fraction_of_path_executed_before_replan,switch_count,explore_utility_raw,explore_utility_norm,focus_utility_raw,focus_utility_norm,recency_utility_raw,recency_utility_norm,search_info_gain_raw,search_info_gain_norm,recency_bias_raw,recency_bias_norm,exec_cost_raw,exec_cost_norm,clearance_penalty_raw,segment_min_clearance_cells,segment_mean_clearance_cells,near_obstacle_step_flag,near_obstacle_step_ratio,path_safety_mode,planner_adaptation_mode,safe_nav_lambda_clearance,marginal_information_gain_raw,marginal_information_gain_norm,execution_cost_raw,execution_cost_norm,continuity_bonus_raw,continuity_bonus_anchor_raw,continuity_bonus_viewpoint_raw,marginal_information_gain_score_term,recency_bias_score_term,execution_cost_score_term,continuity_bonus_score_term,maneuver_penalty_raw,maneuver_penalty_score_term,segment_turn_count,alpha_focus,kappa_commit,same_anchor_cluster,viewpoint_drift_norm,anchor_retention_bonus,viewpoint_retention_bonus,anchor_info_clue_share,anchor_info_intensity_share,candidate_pool_size,reachable_pool_size,a_star_checked_pool_size,selected_viewpoint_rank,sampling_priority_raw,sampling_priority_norm,viewpoint_sampling_mode,selected_by_final_score,sssp_build_time_ms,path_reconstruct_time_ms,sampling_pool_build_time_ms,priority_feature_time_ms,tree_depth,tree_first_layer_top_m,tree_second_layer_top_n,tree_discount_gamma,tree_root_rank,tree_child_rank,tree_root_score_raw,tree_child_score_raw,tree_total_score,tree_conditional_gain_lvl2,tree_redundant_visible_ratio_lvl2,tree_unique_visible_count_lvl1,tree_unique_visible_count_lvl2,tree_expansion_count,tree_planning_time_ms,tree_child_oracle_score_raw,tree_child_budget_score_raw,tree_child_oracle_gap_raw,tree_child_oracle_rank_of_budgeted,tree_child_budget_matches_oracle,tree_child_oracle_viewpoint_cell,tree_child_budget_viewpoint_cell,tree_child_full_candidate_count,u_turn_penalty_term,u_turn_penalty_applied,planned_first_move_dir,current_viewpoint_score,best_alternative_score,total_score,anchor_switch_count,focus_anchor_active,focus_on_anchor_cluster_steps,time_since_last_detection,remaining_intensity_mass,peak_intensity_ratio,known_free_observation_ratio,search_info_map_peak,search_info_map_mean,anomaly_viewpoint_prob,anomaly_viewpoint_weight,anomaly_viewpoint_acq,anomaly_visible_mean,selected_in_anomaly_top_band,effective_observation_gain,stale_refresh_ratio,detected_count_this_step,collision_this_step,collision_cell,path_invalidations_per_episode
1,marine_knownmap_path_v2_infosampled,ucb,0.0,False,mode_not_conditional,0.0,0.0,1.0,False,SEARCH,"(1, 2)","(20, 28)","(2, 8)","(22, 31)",search_info,"(20, 31)",1940,1.0,0.9698676051521666,simple_ring_priority,True,initial_plan|commit_expired|segment_empty,4,4,adaptive_knownmap_soft,8,8,46,8,0.0,1,44.26863961953124,0.0,4.865773674994838,0.0,0.0,0.0,49.134413294526084,0.0,0.0,0.0,8.625,0.0,0.125,1.0,1.875,True,0.125,soft_clearance_astar_v1,adaptive,1.0,49.134413294526084,0.0,8.625,0.0,0.0,0.0,0.0,0.0,0.0,-0.0,0.0,0.0,-0.0,2,0.0,0.0,False,0.0,0.0,0.0,0.5263427650399383,0.4736572349600618,24,24,24,1,0.023774173001462007,1.0,simple_ring,True,5.19220000023779,0.08230000094044954,0.17780000052880496,0.17320000370091293,1,0,0,0.0,0,0,0.0,0.0,0.0,0.0,0.0,0,0,0,0.0,0.0,0.0,0.0,0,False,,,0,0.0,False,"(0, 1)",0.0,0.0,0.0,0,True,1,21,3.0,1.1125780291607739,0.015841584158415842,1.0,0.9087343585343062,0.49999999742858664,1.6249999967857334,0.8128655411682015,0.6202407525301765,False,0.1935483870967742,0.0,0,False,,0
2,marine_knownmap_path_v2_infosampled,ucb,0.0,False,mode_not_conditional,0.0,0.0,1.0,False,SEARCH,"(2, 2)","(20, 28)","(2, 8)","(22, 31)",search_info,"(20, 31)",1940,1.0,0.9698676051521666,simple_ring_priority,False,,3,4,adaptive_knownmap_soft,7,8,46,8,0.125,1,44.26863961953124,0.0,4.865773674994838,0.0,0.0,0.0,49.134413294526084,0.0,0.0,0.0,8.625,0.0,0.125,1.0,1.875,True,0.125,soft_clearance_astar_v1,adaptive,1.0,49.134413294526084,0.0,8.625,0.0,0.0,0.0,0.0,0.0,0.0,-0.0,0.0,0.0,-0.0,2,0.0,0.0,False,0.0,0.0,0.0,0.5263427650399383,0.4736572349600618,24,24,24,1,0.023774173001462007,1.0,simple_ring,True,5.19220000023779,0.08230000094044954,0.17780000052880496,0.17320000370091293,1,0,0,0.0,0,0,0.0,0.0,0.0,0.0,0.0,0,0,0,0.0,0.0,0.0,0.0,0,False,,,0,0.0,False,"(0, 1)",0.0,0.0,0.0,0,True,2,22,3.0,1.1740747319592582,0.01881188118811881,1.0,0.8857138923047677,0.49999999742858664,1.6249999967857334,0.8128655411682015,0.6202407525301765,False,0.16216216216216217,0.0,0,False,,0
3,marine_knownmap_path_v2_infosampled,ucb,0.0,False,mode_not_conditional,0.0,0.0,1.0,False,SEARCH,"(2, 3)","(20, 28)","(2, 8)","(22, 31)",search_info,"(20, 31)",1940,1.0,0.9698676051521666,simple_ring_priority,False,,2,4,adaptive_knownmap_soft,6,8,46,8,0.25,1,44.26863961953124,0.0,4.865773674994838,0.0,0.0,0.0,49.134413294526084,0.0,0.0,0.0,8.625,0.0,0.125,1.0,1.875,True,0.125,soft_clearance_astar_v1,adaptive,1.0,49.134413294526084,0.0,8.625,0.0,0.0,0.0,0.0,0.0,0.0,-0.0,0.0,0.0,-0.0,2,0.0,0.0,False,0.0,0.0,0.0,0.5263427650399383,0.4736572349600618,24,24,24,1,0.023774173001462007,1.0,simple_ring,True,5.19220000023779,0.08230000094044954,0.17780000052880496,0.17320000370091293,1,0,0,0.0,0,0,0.0,0.0,0.0,0.0,0.0,0,0,0,0.0,0.0,0.0,0.0,0,False,,,0,0.0,False,"(0, 1)",0.0,0.0,0.0,0,True,3,23,3.0,1.1804469359942658,0.02178217821782178,1.0,0.908864646327033,0.49999999742858664,1.6249999967857334,0.8128655411682015,0.6202407525301765,False,0.13953488372093023,0.0,0,False,,0
4,marine_knownmap_path_v2_infosampled,ucb,0.0,False,mode_not_conditional,0.0,0.0,1.0,False,SEARCH,"(2, 4)","(20, 28)","(2, 8)","(22, 31)",search_info,"(20, 31)",1940,1.0,0.9698676051521666,simple_ring_priority,False,,1,4,adaptive_knownmap_soft,5,8,46,8,0.375,1,44.26863961953124,0.0,4.865773674994838,0.0,0.0,0.0,49.134413294526084,0.0,0.0,0.0,8.625,0.0,0.125,1.0,1.875,True,0.125,soft_clearance_astar_v1,adaptive,1.0,49.134413294526084,0.0,8.625,0.0,0.0,0.0,0.0,0.0,0.0,-0.0,0.0,0.0,-0.0,2,0.0,0.0,False,0.0,0.0,0.0,0.5263427650399383,0.4736572349600618,24,24,24,1,0.023774173001462007,1.0,simple_ring,True,5.19220000023779,0.08230000094044954,0.17780000052880496,0.17320000370091293,1,0,0,0.0,0,0,0.0,0.0,0.0,0.0,0.0,0,0,0,0.0,0.0,0.0,0.0,0,False,,,0,0.0,False,"(0, 1)",0.0,0.0,0.0,0,True,4,24,3.0,1.1873636520295359,0.02524752475247525,1.0,0.8907090588574557,0.49999999742858664,1.6249999967857334,0.8128655411682015,0.6202407525301765,False,0.14285714285714285,0.0,0,False,,0
5,marine_knownmap_path_v2_infosampled,ucb,0.0,False,mode_not_conditional,0.0,0.0,1.0,False,SEARCH,"(2, 5)","(20, 28)","(2, 8)","(22, 31)",search_info,"(20, 31)",1940,1.0,0.9698676051521666,simple_ring_priority,False,,0,4,adaptive_knownmap_soft,4,8,46,8,0.5,1,44.26863961953124,0.0,4.865773674994838,0.0,0.0,0.0,49.134413294526084,0.0,0.0,0.0,8.625,0.0,0.125,1.0,1.875,True,0.125,soft_clearance_astar_v1,adaptive,1.0,49.134413294526084,0.0,8.625,0.0,0.0,0.0,0.0,0.0,0.0,-0.0,0.0,0.0,-0.0,2,0.0,0.0,False,0.0,0.0,0.0,0.5263427650399383,0.4736572349600618,24,24,24,1,0.023774173001462007,1.0,simple_ring,True,5.19220000023779,0.08230000094044954,0.17780000052880496,0.17320000370091293,1,0,0,0.0,0,0,0.0,0.0,0.0,0.0,0.0,0,0,0,0.0,0.0,0.0,0.0,0,False,,,0,0.0,False,"(0, 1)",0.0,0.0,0.0,0,True,5,25,3.0,1.1861569681368362,0.028712871287128714,1.0,0.8075375128311568,0.49999999742858664,1.6249999967857334,0.8128655411682015,0.6202407525301765,False,0.12962962962962962,0.0,0,False,,0
6,marine_knownmap_path_v2_infosampled,ucb,0.0,False,mode_not_conditional,0.0,0.0,1.0,False,SEARCH,"(3, 5)","(12, 5)","(10, 5)","(15, 8)",search_info,"(15, 8)",12,0.8663384141677632,0.8579058388086157,simple_ring_priority,True,commit_expired,4,4,adaptive_knownmap_soft,8,8,10,8,0.625,2,61.108703617968736,1.0,4.554529584841446,0.3423230735031442,0.01023391812865497,0.04484862128731,65.66323320281018,1.0,0.01023391812865497,0.04484862128731,8.0,0.0,0.0,3.0,4.625,False,0.0,soft_clearance_astar_v1,adaptive,1.0,65.66323320281018,1.0,8.0,0.0,0.0,0.0,0.0,6.5,0.08969724257462,-0.0,0.0,0.0,-0.0,0,0.0,0.0,False,1.0,0.0,0.0,0.460652309364882,0.539347690635118,24,24,24,5,1.2646865656565067,0.8398049428111362,simple_ring,True,4.297800000131247,0.2477000016369857,0.8101999992504716,0.831899998956942,1,0,0,0.0,0,0,0.0,0.0,0.0,0.0,0.0,0,0,0,0.0,0.0,0.0,0.0,0,False,,,0,0.0,False,"(1, 0)",1.474521684212892,6.58969724257462,6.58969724257462,1,True,6,26,3.0,1.1860915577235103,0.031683168316831684,0.9998787472262517,0.7775427593578477,0.496118408578679,1.6201480107233488,0.49106425023472555,0.6345911626063666,False,0.09523809523809523,0.0,0,False,,0
7,marine_knownmap_path_v2_infosampled,ucb,0.0,False,mode_not_conditional,0.0,0.0,1.0,False,SEARCH,"(4, 5)","(12, 5)","(10, 5)","(15, 8)",search_info,"(15, 8)",12,0.8663384141677632,0.8579058388086157,simple_ring_priority,False,,3,4,adaptive_knownmap_soft,7,8,10,8,0.125,2,61.108703617968736,1.0,4.554529584841446,0.3423230735031442,0.01023391812865497,0.04484862128731,65.66323320281018,1.0,0.01023391812865497,0.04484862128731,8.0,0.0,0.0,3.0,4.625,False,0.0,soft_clearance_astar_v1,adaptive,1.0,65.66323320281018,1.0,8.0,0.0,0.0,0.0,0.0,6.5,0.08969724257462,-0.0,0.0,0.0,-0.0,0,0.0,0.0,False,1.0,0.0,0.0,0.460652309364882,0.539347690635118,24,24,24,5,1.2646865656565067,0.8398049428111362,simple_ring,True,4.297800000131247,0.2477000016369857,0.8101999992504716,0.831899998956942,1,0,0,0.0,0,0,0.0,0.0,0.0,0.0,0.0,0,0,0,0.0,0.0,0.0,0.0,0,False,,,0,0.0,False,"(1, 0)",1.474521684212892,6.58969724257462,6.58969724257462,1,True,7,27,3.0,1.1853403498591764,0.03663366336633663,0.9998304671623806,0.7762519329205787,0.496118408578679,1.6201480107233488,0.49106425023472555,0.6345911626063666,False,0.1388888888888889,0.0,0,False,,0
8,marine_knownmap_path_v2_infosampled,ucb,0.0,False,mode_not_conditional,0.0,0.0,1.0,False,SEARCH,"(5, 5)","(12, 5)","(10, 5)","(15, 8)",search_info,"(15, 8)",12,0.8663384141677632,0.8579058388086157,simple_ring_priority,False,,2,4,adaptive_knownmap_soft,6,8,10,8,0.25,2,61.108703617968736,1.0,4.554529584841446,0.3423230735031442,0.01023391812865497,0.04484862128731,65.66323320281018,1.0,0.01023391812865497,0.04484862128731,8.0,0.0,0.0,3.0,4.625,False,0.0,soft_clearance_astar_v1,adaptive,1.0,65.66323320281018,1.0,8.0,0.0,0.0,0.0,0.0,6.5,0.08969724257462,-0.0,0.0,0.0,-0.0,0,0.0,0.0,False,1.0,0.0,0.0,0.460652309364882,0.539347690635118,24,24,24,5,1.2646865656565067,0.8398049428111362,simple_ring,True,4.297800000131247,0.2477000016369857,0.8101999992504716,0.831899998956942,1,0,0,0.0,0,0,0.0,0.0,0.0,0.0,0.0,0,0,0,0.0,0.0,0.0,0.0,0,False,,,0,0.0,False,"(1, 0)",1.474521684212892,6.58969724257462,6.58969724257462,1,True,8,28,3.0,1.1856210355562484,0.041584158415841586,0.9997164084072891,0.7362474203933125,0.496118408578679,1.6201480107233488,0.49106425023472555,0.6345911626063666,False,0.12658227848101267,0.0,0,False,,0
9,marine_knownmap_path_v2_infosampled,ucb,0.0,False,mode_not_conditional,0.0,0.0,1.0,False,SEARCH,"(6, 5)","(12, 5)","(10, 5)","(15, 8)",search_info,"(15, 8)",12,0.8663384141677632,0.8579058388086157,simple_ring_priority,False,,1,4,adaptive_knownmap_soft,5,8,10,8,0.375,2,61.108703617968736,1.0,4.554529584841446,0.3423230735031442,0.01023391812865497,0.04484862128731,65.66323320281018,1.0,0.01023391812865497,0.04484862128731,8.0,0.0,0.0,3.0,4.625,False,0.0,soft_clearance_astar_v1,adaptive,1.0,65.66323320281018,1.0,8.0,0.0,0.0,0.0,0.0,6.5,0.08969724257462,-0.0,0.0,0.0,-0.0,0,0.0,0.0,False,1.0,0.0,0.0,0.460652309364882,0.539347690635118,24,24,24,5,1.2646865656565067,0.8398049428111362,simple_ring,True,4.297800000131247,0.2477000016369857,0.8101999992504716,0.831899998956942,1,0,0,0.0,0,0,0.0,0.0,0.0,0.0,0.0,0,0,0,0.0,0.0,0.0,0.0,0,False,,,0,0.0,False,"(1, 0)",1.474521684212892,6.58969724257462,6.58969724257462,1,True,9,29,3.0,1.1861775608287868,0.046534653465346534,0.9989250757867527,0.767333047612057,0.496118408578679,1.6201480107233488,0.49106425023472555,0.6345911626063666,False,0.125,0.0,0,False,,0
10,marine_knownmap_path_v2_infosampled,ucb,0.0,False,mode_not_conditional,0.0,0.0,1.0,False,SEARCH,"(7, 5)","(12, 5)","(10, 5)","(15, 8)",search_info,"(15, 8)",12,0.8663384141677632,0.8579058388086157,simple_ring_priority,False,,0,4,adaptive_knownmap_soft,4,8,10,8,0.5,2,61.108703617968736,1.0,4.554529584841446,0.3423230735031442,0.01023391812865497,0.04484862128731,65.66323320281018,1.0,0.01023391812865497,0.04484862128731,8.0,0.0,0.0,3.0,4.625,False,0.0,soft_clearance_astar_v1,adaptive,1.0,65.66323320281018,1.0,8.0,0.0,0.0,0.0,0.0,6.5,0.08969724257462,-0.0,0.0,0.0,-0.0,0,0.0,0.0,False,1.0,0.0,0.0,0.460652309364882,0.539347690635118,24,24,24,5,1.2646865656565067,0.8398049428111362,simple_ring,True,4.297800000131247,0.2477000016369857,0.8101999992504716,0.831899998956942,1,0,0,0.0,0,0,0.0,0.0,0.0,0.0,0.0,0,0,0,0.0,0.0,0.0,0.0,0,False,,,0,0.0,False,"(1, 0)",1.474521684212892,6.58969724257462,6.58969724257462,1,True,10,30,2.9999999999999996,1.187242240400398,0.05148514851485148,0.9985237865964356,0.7242023670634106,0.496118408578679,1.6201480107233488,0.49106425023472555,0.6345911626063666,False,0.125,0.0,0,False,,0
11,marine_knownmap_path_v2_infosampled,ucb,0.0,False,mode_not_conditional,0.0,0.0,1.0,False,SEARCH,"(8, 5)","(17, 5)","(15, 5)","(15, 8)",search_info,"(15, 8)",1,0.0,0.0,simple_ring_priority,True,commit_expired,4,4,adaptive_knownmap_soft,8,8,10,8,0.625,3,63.60603874218749,1.0,4.876415609270466,0.7855931178953278,0.0,0.0,68.48245435145796,1.0,0.0,0.0,8.0,0.8571428571428571,0.0,5.0,5.0,False,0.0,soft_clearance_astar_v1,adaptive,1.0,68.48245435145796,1.0,8.0,0.8571428571428571,0.0,0.0,0.0,6.5,0.0,-0.3,0.0,0.0,-0.0,0,0.0,0.0,True,1.0,0.0,0.0,0.34880317944029887,0.6511968205597012,24,24,24,1,1.3647656750043013,1.0,simple_ring,True,4.288800000722404,0.09040000441018492,0.7272999991982942,0.5873999962204834,1,0,0,0.0,0,0,0.0,0.0,0.0,0.0,0.0,0,0,0,0.0,0.0,0.0,0.0,0,False,,,0,0.0,False,"(1, 0)",3.7279247932192723,6.2,6.2,1,True,11,31,3.0,1.1884802033668072,0.05594059405940594,0.9983586354421977,0.7110239450464696,0.5361877537767219,1.6702346922209024,0.895035134647066,0.36390494615481456,True,0.11392405063291139,0.0,0,False,,0
12,marine_knownmap_path_v2_infosampled,ucb,0.0,False,mode_not_conditional,0.0,0.0,1.0,False,SEARCH,"(9, 5)","(17, 5)","(15, 5)","(15, 8)",search_info,"(15, 8)",1,0.0,0.0,simple_ring_priority,False,,3,4,adaptive_knownmap_soft,7,8,10,8,0.125,3,63.60603874218749,1.0,4.876415609270466,0.7855931178953278,0.0,0.0,68.48245435145796,1.0,0.0,0.0,8.0,0.8571428571428571,0.0,5.0,5.0,False,0.0,soft_clearance_astar_v1,adaptive,1.0,68.48245435145796,1.0,8.0,0.8571428571428571,0.0,0.0,0.0,6.5,0.0,-0.3,0.0,0.0,-0.0,0,0.0,0.0,True,1.0,0.0,0.0,0.34880317944029887,0.6511968205597012,24,24,24,1,1.3647656750043013,1.0,simple_ring,True,4.288800000722404,0.09040000441018492,0.7272999991982942,0.5873999962204834,1,0,0,0.0,0,0,0.0,0.0,0.0,0.0,0.0,0,0,0,0.0,0.0,0.0,0.0,0,False,,,0,0.0,False,"(1, 0)",3.7279247932192723,6.2,6.2,1,True,12,32,3.0,1.1901034354409354,0.060396039603960394,0.9981033908580008,0.7332530654475704,0.5361877537767219,1.6702346922209024,0.895035134647066,0.36390494615481456,True,0.11392405063291139,0.0,0,False,,0
13,marine_knownmap_path_v2_infosampled,ucb,0.0,False,mode_not_conditional,0.0,0.0,1.0,False,SEARCH,"(10, 5)","(17, 5)","(15, 5)","(15, 8)",search_info,"(15, 8)",1,0.0,0.0,simple_ring_priority,False,,2,4,adaptive_knownmap_soft,6,8,10,8,0.25,3,63.60603874218749,1.0,4.876415609270466,0.7855931178953278,0.0,0.0,68.48245435145796,1.0,0.0,0.0,8.0,0.8571428571428571,0.0,5.0,5.0,False,0.0,soft_clearance_astar_v1,adaptive,1.0,68.48245435145796,1.0,8.0,0.8571428571428571,0.0,0.0,0.0,6.5,0.0,-0.3,0.0,0.0,-0.0,0,0.0,0.0,True,1.0,0.0,0.0,0.34880317944029887,0.6511968205597012,24,24,24,1,1.3647656750043013,1.0,simple_ring,True,4.288800000722404,0.09040000441018492,0.7272999991982942,0.5873999962204834,1,0,0,0.0,0,0,0.0,0.0,0.0,0.0,0.0,0,0,0,0.0,0.0,0.0,0.0,0,False,,,0,0.0,False,"(1, 0)",3.7279247932192723,6.2,6.2,1,True,13,33,3.0,1.1920365978814322,0.06485148514851485,0.9972622540059709,0.7780131453852596,0.5361877537767219,1.6702346922209024,0.895035134647066,0.36390494615481456,True,0.11392405063291139,0.0,0,False,,0
14,marine_knownmap_path_v2_infosampled,ucb,0.0,False,mode_not_conditional,0.0,0.0,1.0,False,SEARCH,"(11, 5)","(17, 5)","(15, 5)","(15, 8)",search_info,"(15, 8)",1,0.0,0.0,simple_ring_priority,False,,1,4,adaptive_knownmap_soft,5,8,10,8,0.375,3,63.60603874218749,1.0,4.876415609270466,0.7855931178953278,0.0,0.0,68.48245435145796,1.0,0.0,0.0,8.0,0.8571428571428571,0.0,5.0,5.0,False,0.0,soft_clearance_astar_v1,adaptive,1.0,68.48245435145796,1.0,8.0,0.8571428571428571,0.0,0.0,0.0,6.5,0.0,-0.3,0.0,0.0,-0.0,0,0.0,0.0,True,1.0,0.0,0.0,0.34880317944029887,0.6511968205597012,24,24,24,1,1.3647656750043013,1.0,simple_ring,True,4.288800000722404,0.09040000441018492,0.7272999991982942,0.5873999962204834,1,0,0,0.0,0,0,0.0,0.0,0.0,0.0,0.0,0,0,0,0.0,0.0,0.0,0.0,0,False,,,0,0.0,False,"(1, 0)",3.7279247932192723,6.2,6.2,1,True,14,34,2.9999999999999996,1.1942877560117438,0.06930693069306931,0.9966240190079159,0.7514783743256719,0.5361877537767219,1.6702346922209024,0.895035134647066,0.36390494615481456,True,0.11392405063291139,0.0,0,False,,0
15,marine_knownmap_path_v2_infosampled,ucb,0.0,False,mode_not_conditional,0.0,0.0,1.0,False,SEARCH,"(12, 5)","(17, 5)","(15, 5)","(15, 8)",search_info,"(15, 8)",1,0.0,0.0,simple_ring_priority,False,,0,4,adaptive_knownmap_soft,4,8,10,8,0.5,3,63.60603874218749,1.0,4.876415609270466,0.7855931178953278,0.0,0.0,68.48245435145796,1.0,0.0,0.0,8.0,0.8571428571428571,0.0,5.0,5.0,False,0.0,soft_clearance_astar_v1,adaptive,1.0,68.48245435145796,1.0,8.0,0.8571428571428571,0.0,0.0,0.0,6.5,0.0,-0.3,0.0,0.0,-0.0,0,0.0,0.0,True,1.0,0.0,0.0,0.34880317944029887,0.6511968205597012,24,24,24,1,1.3647656750043013,1.0,simple_ring,True,4.288800000722404,0.09040000441018492,0.7272999991982942,0.5873999962204834,1,0,0,0.0,0,0,0.0,0.0,0.0,0.0,0.0,0,0,0,0.0,0.0,0.0,0.0,0,False,,,0,0.0,False,"(1, 0)",3.7279247932192723,6.2,6.2,1,True,15,35,3.0,1.1969968086915932,0.07425742574257425,0.9965352977270658,0.7946248134990844,0.5361877537767219,1.6702346922209024,0.895035134647066,0.36390494615481456,True,0.125,0.0,0,False,,0
16,marine_knownmap_path_v2_infosampled,ucb,0.0,False,mode_not_conditional,0.0,0.0,1.0,False,SEARCH,"(12, 6)","(19, 8)","(17, 8)","(15, 8)",search_info,"(15, 8)",1,0.0,0.0,simple_ring_priority,True,commit_expired,4,4,adaptive_knownmap_soft,8,8,10,8,0.625,4,53.17475103828124,1.0,5.2617732751999595,0.924939051183504,0.1566898148148148,0.5230217661739593,58.43652431348119,1.0,0.1566898148148148,0.5230217661739593,8.25,0.8666666666666667,0.0,3.0,5.25,False,0.0,soft_clearance_astar_v1,adaptive,1.0,58.43652431348119,1.0,8.25,0.8666666666666667,0.0,0.0,0.0,6.5,1.0460435323479187,-0.30333333333333334,0.0,0.0,-0.0,1,0.0,0.0,True,0.7211102550927978,0.0,0.0,0.5774538940804771,0.4225461059195229,24,24,24,6,1.357056959754812,0.9478430198134998,simple_ring,True,3.7350000002334127,0.06949999624339398,0.4029000010632444,0.32500000452273525,1,0,0,0.0,0,0,0.0,0.0,0.0,0.0,0.0,0,0,0,0.0,0.0,0.0,0.0,0,False,,,0,0.0,False,"(0, 1)",1.2176057498379462,7.242710199014585,7.242710199014585,1,True,16,36,3.0,1.1982637247078753,0.07722772277227723,0.9968689789078184,0.784684400216733,0.5884227744158844,1.7355284680198555,0.5641159947715962,0.6284493876111952,True,0.07692307692307693,0.0,0,False,,0
17,marine_knownmap_path_v2_infosampled,ucb,0.0,False,mode_not_conditional,0.0,0.0,1.0,False,SEARCH,"(12, 7)","(19, 8)","(17, 8)","(15, 8)",search_info,"(15, 8)",1,0.0,0.0,simple_ring_priority,False,,3,4,adaptive_knownmap_soft,7,8,10,8,0.125,4,53.17475103828124,1.0,5.2617732751999595,0.924939051183504,0.1566898148148148,0.5230217661739593,58.43652431348119,1.0,0.1566898148148148,0.5230217661739593,8.25,0.8666666666666667,0.0,3.0,5.25,False,0.0,soft_clearance_astar_v1,adaptive,1.0,58.43652431348119,1.0,8.25,0.8666666666666667,0.0,0.0,0.0,6.5,1.0460435323479187,-0.30333333333333334,0.0,0.0,-0.0,1,0.0,0.0,True,0.7211102550927978,0.0,0.0,0.5774538940804771,0.4225461059195229,24,24,24,6,1.357056959754812,0.9478430198134998,simple_ring,True,3.7350000002334127,0.06949999624339398,0.4029000010632444,0.32500000452273525,1,0,0,0.0,0,0,0.0,0.0,0.0,0.0,0.0,0,0,0,0.0,0.0,0.0,0.0,0,False,,,0,0.0,False,"(0, 1)",1.2176057498379462,7.242710199014585,7.242710199014585,1,True,17,37,3.0,1.1992058781315045,0.0801980198019802,0.9961373873404842,0.6516637484926402,0.5884227744158844,1.7355284680198555,0.5641159947715962,0.6284493876111952,True,0.08108108108108109,0.0,0,False,,0
18,marine_knownmap_path_v2_infosampled,ucb,0.0,False,mode_not_conditional,0.0,0.0,1.0,False,SEARCH,"(12, 8)","(19, 8)","(17, 8)","(15, 8)",search_info,"(15, 8)",1,0.0,0.0,simple_ring_priority,False,,2,4,adaptive_knownmap_soft,6,8,10,8,0.25,4,53.17475103828124,1.0,5.2617732751999595,0.924939051183504,0.1566898148148148,0.5230217661739593,58.43652431348119,1.0,0.1566898148148148,0.5230217661739593,8.25,0.8666666666666667,0.0,3.0,5.25,False,0.0,soft_clearance_astar_v1,adaptive,1.0,58.43652431348119,1.0,8.25,0.8666666666666667,0.0,0.0,0.0,6.5,1.0460435323479187,-0.30333333333333334,0.0,0.0,-0.0,1,0.0,0.0,True,0.7211102550927978,0.0,0.0,0.5774538940804771,0.4225461059195229,24,24,24,6,1.357056959754812,0.9478430198134998,simple_ring,True,3.7350000002334127,0.06949999624339398,0.4029000010632444,0.32500000452273525,1,0,0,0.0,0,0,0.0,0.0,0.0,0.0,0.0,0,0,0,0.0,0.0,0.0,0.0,0,False,,,0,0.0,False,"(0, 1)",1.2176057498379462,7.242710199014585,7.242710199014585,1,True,18,38,3.0,1.2002179342738641,0.08316831683168317,0.970374008443533,0.593652373195557,0.5884227744158844,1.7355284680198555,0.5641159947715962,0.6284493876111952,True,0.08571428571428572,0.0,0,False,,0
19,marine_knownmap_path_v2_infosampled,ucb,0.0,False,mode_not_conditional,0.0,0.0,1.0,False,SEARCH,"(13, 8)","(19, 8)","(17, 8)","(15, 8)",search_info,"(15, 8)",1,0.0,0.0,simple_ring_priority,False,,1,4,adaptive_knownmap_soft,5,8,10,8,0.375,4,53.17475103828124,1.0,5.2617732751999595,0.924939051183504,0.1566898148148148,0.5230217661739593,58.43652431348119,1.0,0.1566898148148148,0.5230217661739593,8.25,0.8666666666666667,0.0,3.0,5.25,False,0.0,soft_clearance_astar_v1,adaptive,1.0,58.43652431348119,1.0,8.25,0.8666666666666667,0.0,0.0,0.0,6.5,1.0460435323479187,-0.30333333333333334,0.0,0.0,-0.0,1,0.0,0.0,True,0.7211102550927978,0.0,0.0,0.5774538940804771,0.4225461059195229,24,24,24,6,1.357056959754812,0.9478430198134998,simple_ring,True,3.7350000002334127,0.06949999624339398,0.4029000010632444,0.32500000452273525,1,0,0,0.0,0,0,0.0,0.0,0.0,0.0,0.0,0,0,0,0.0,0.0,0.0,0.0,0,False,,,0,0.0,False,"(0, 1)",1.2176057498379462,7.242710199014585,7.242710199014585,1,True,19,39,3.0,1.2020047309968676,0.08613861386138613,0.9870564898802172,0.626961224038977,0.5884227744158844,1.7355284680198555,0.5641159947715962,0.6284493876111952,True,0.0821917808219178,0.0,0,False,,0
20,marine_knownmap_path_v2_infosampled,ucb,0.0,False,mode_not_conditional,0.0,0.0,1.0,False,SEARCH,"(14, 8)","(19, 8)","(17, 8)","(15, 8)",search_info,"(15, 8)",1,0.0,0.0,simple_ring_priority,False,,0,4,adaptive_knownmap_soft,4,8,10,8,0.5,4,53.17475103828124,1.0,5.2617732751999595,0.924939051183504,0.1566898148148148,0.5230217661739593,58.43652431348119,1.0,0.1566898148148148,0.5230217661739593,8.25,0.8666666666666667,0.0,3.0,5.25,False,0.0,soft_clearance_astar_v1,adaptive,1.0,58.43652431348119,1.0,8.25,0.8666666666666667,0.0,0.0,0.0,6.5,1.0460435323479187,-0.30333333333333334,0.0,0.0,-0.0,1,0.0,0.0,True,0.7211102550927978,0.0,0.0,0.5774538940804771,0.4225461059195229,24,24,24,6,1.357056959754812,0.9478430198134998,simple_ring,True,3.7350000002334127,0.06949999624339398,0.4029000010632444,0.32500000452273525,1,0,0,0.0,0,0,0.0,0.0,0.0,0.0,0.0,0,0,0,0.0,0.0,0.0,0.0,0,False,,,0,0.0,False,"(0, 1)",1.2176057498379462,7.242710199014585,7.242710199014585,1,True,20,40,3.0,1.2047367406449794,0.09108910891089109,0.9973367157237624,0.5984365941940297,0.5884227744158844,1.7355284680198555,0.5641159947715962,0.6284493876111952,True,0.13157894736842105,0.0,0,False,,0
21,marine_knownmap_path_v2_infosampled,ucb,0.0,False,mode_not_conditional,0.0,0.0,1.0,False,SEARCH,"(14, 9)","(21, 9)","(21, 9)","(21, 13)",search_info,"(21, 13)",53,0.9729757327533988,0.9451264816126037,simple_ring_priority,True,commit_expired,4,4,adaptive_knownmap_soft,8,8,8,8,0.625,5,64.43763011640623,1.0,5.580060878228063,0.9557941262528704,0.004901960784313725,0.0,70.0176909946343,1.0,0.004901960784313725,0.0,8.25,1.0,0.0,4.0,7.125,False,0.0,soft_clearance_astar_v1,adaptive,1.0,70.0176909946343,1.0,8.25,1.0,0.0,0.0,0.0,6.5,0.0,-0.35,0.0,0.0,-0.0,1,0.0,0.0,False,0.447213595499958,0.0,0.0,0.5157082532602271,0.484291746739773,24,24,24,1,1.4972939292712946,1.0,simple_ring,True,4.1739000007510185,0.07130000267352443,0.6942999989405507,0.5082000043330481,1,0,0,0.0,0,0,0.0,0.0,0.0,0.0,0.0,0,0,0,0.0,0.0,0.0,0.0,0,False,,,0,0.0,False,"(0, 1)",4.644723734088709,6.15,6.15,2,True,21,41,2.9999999999999996,1.2070421157715616,0.09405940594059406,0.9974803807261288,0.5656733149249858,0.9815457759212947,2.2269322199016184,3.0673670826577544,0.5166190607327014,True,0.08108108108108109,0.0,0,False,,0
22,marine_knownmap_path_v2_infosampled,ucb,0.0,False,mode_not_conditional,0.0,0.0,1.0,False,SEARCH,"(15, 9)","(21, 9)","(21, 9)","(21, 13)",search_info,"(21, 13)",53,0.9729757327533988,0.9451264816126037,simple_ring_priority,False,,3,4,adaptive_knownmap_soft,7,8,8,8,0.125,5,64.43763011640623,1.0,5.580060878228063,0.9557941262528704,0.004901960784313725,0.0,70.0176909946343,1.0,0.004901960784313725,0.0,8.25,1.0,0.0,4.0,7.125,False,0.0,soft_clearance_astar_v1,adaptive,1.0,70.0176909946343,1.0,8.25,1.0,0.0,0.0,0.0,6.5,0.0,-0.35,0.0,0.0,-0.0,1,0.0,0.0,False,0.447213595499958,0.0,0.0,0.5157082532602271,0.484291746739773,24,24,24,1,1.4972939292712946,1.0,simple_ring,True,4.1739000007510185,0.07130000267352443,0.6942999989405507,0.5082000043330481,1,0,0,0.0,0,0,0.0,0.0,0.0,0.0,0.0,0,0,0,0.0,0.0,0.0,0.0,0,False,,,0,0.0,False,"(0, 1)",4.644723734088709,6.15,6.15,2,True,22,42,3.0,1.2100923897037728,0.09801980198019802,0.9977038480763751,0.6064021859945337,0.9815457759212947,2.2269322199016184,3.0673670826577544,0.5166190607327014,True,0.10256410256410256,0.0,0,False,,0
23,marine_knownmap_path_v2_infosampled,ucb,0.0,False,mode_not_conditional,0.0,0.0,1.0,False,SEARCH,"(16, 9)","(21, 9)","(21, 9)","(21, 13)",search_info,"(21, 13)",53,0.9729757327533988,0.9451264816126037,simple_ring_priority,False,,2,4,adaptive_knownmap_soft,6,8,8,8,0.25,5,64.43763011640623,1.0,5.580060878228063,0.9557941262528704,0.004901960784313725,0.0,70.0176909946343,1.0,0.004901960784313725,0.0,8.25,1.0,0.0,4.0,7.125,False,0.0,soft_clearance_astar_v1,adaptive,1.0,70.0176909946343,1.0,8.25,1.0,0.0,0.0,0.0,6.5,0.0,-0.35,0.0,0.0,-0.0,1,0.0,0.0,False,0.447213595499958,0.0,0.0,0.5157082532602271,0.484291746739773,24,24,24,1,1.4972939292712946,1.0,simple_ring,True,4.1739000007510185,0.07130000267352443,0.6942999989405507,0.5082000043330481,1,0,0,0.0,0,0,0.0,0.0,0.0,0.0,0.0,0,0,0,0.0,0.0,0.0,0.0,0,False,,,0,0.0,False,"(0, 1)",4.644723734088709,6.15,6.15,2,True,23,43,3.0,1.2138979272483084,0.10297029702970296,0.9977187188027938,0.5643567245017721,0.9815457759212947,2.2269322199016184,3.0673670826577544,0.5166190607327014,True,0.12345679012345678,0.0,0,False,,0
24,marine_knownmap_path_v2_infosampled,ucb,0.0,False,mode_not_conditional,0.0,0.0,1.0,False,SEARCH,"(17, 9)","(21, 9)","(21, 9)","(21, 13)",search_info,"(21, 13)",53,0.9729757327533988,0.9451264816126037,simple_ring_priority,False,,1,4,adaptive_knownmap_soft,5,8,8,8,0.375,5,64.43763011640623,1.0,5.580060878228063,0.9557941262528704,0.004901960784313725,0.0,70.0176909946343,1.0,0.004901960784313725,0.0,8.25,1.0,0.0,4.0,7.125,False,0.0,soft_clearance_astar_v1,adaptive,1.0,70.0176909946343,1.0,8.25,1.0,0.0,0.0,0.0,6.5,0.0,-0.35,0.0,0.0,-0.0,1,0.0,0.0,False,0.447213595499958,0.0,0.0,0.5157082532602271,0.484291746739773,24,24,24,1,1.4972939292712946,1.0,simple_ring,True,4.1739000007510185,0.07130000267352443,0.6942999989405507,0.5082000043330481,1,0,0,0.0,0,0,0.0,0.0,0.0,0.0,0.0,0,0,0,0.0,0.0,0.0,0.0,0,False,,,0,0.0,False,"(0, 1)",4.644723734088709,6.15,6.15,2,True,24,44,3.0,1.2182937289749773,0.10792079207920792,0.9976624381502561,0.566871144614466,0.9815457759212947,2.2269322199016184,3.0673670826577544,0.5166190607327014,True,0.12345679012345678,0.0,0,False,,0
25,marine_knownmap_path_v2_infosampled,ucb,0.0,False,mode_not_conditional,0.0,0.0,1.0,False,SEARCH,"(18, 9)","(21, 9)","(21, 9)","(21, 13)",search_info,"(21, 13)",53,0.9729757327533988,0.9451264816126037,simple_ring_priority,False,,0,4,adaptive_knownmap_soft,4,8,8,8,0.5,5,64.43763011640623,1.0,5.580060878228063,0.9557941262528704,0.004901960784313725,0.0,70.0176909946343,1.0,0.004901960784313725,0.0,8.25,1.0,0.0,4.0,7.125,False,0.0,soft_clearance_astar_v1,adaptive,1.0,70.0176909946343,1.0,8.25,1.0,0.0,0.0,0.0,6.5,0.0,-0.35,0.0,0.0,-0.0,1,0.0,0.0,False,0.447213595499958,0.0,0.0,0.5157082532602271,0.484291746739773,24,24,24,1,1.4972939292712946,1.0,simple_ring,True,4.1739000007510185,0.07130000267352443,0.6942999989405507,0.5082000043330481,1,0,0,0.0,0,0,0.0,0.0,0.0,0.0,0.0,0,0,0,0.0,0.0,0.0,0.0,0,False,,,0,0.0,False,"(0, 1)",4.644723734088709,6.15,6.15,2,True,25,45,3.0000000000000004,1.2231256429474224,0.11336633663366337,0.9976418250938708,0.5606259233842771,0.9815457759212947,2.2269322199016184,3.0673670826577544,0.5166190607327014,True,0.13580246913580246,0.0,0,False,,0
26,marine_knownmap_path_v2_infosampled,ucb,0.0,False,mode_not_conditional,0.0,0.0,1.0,False,SEARCH,"(19, 9)","(27, 9)","(26, 9)","(25, 6)",search_info,"(25, 6)",44,0.9840344998303943,0.9246759718651152,simple_ring_priority,True,commit_expired,4,4,adaptive_knownmap_soft,8,8,9,8,0.625,6,74.04750511640623,1.0,5.469400836270169,1.0,0.0,0.0,79.5169059526764,1.0,0.0,0.0,8.0,0.9230769230769231,0.0,9.0,9.0,False,0.0,soft_clearance_astar_v1,adaptive,1.0,79.5169059526764,1.0,8.0,0.9230769230769231,0.0,0.0,0.0,6.5,0.0,-0.3230769230769231,0.0,0.0,-0.0,0,0.0,0.0,False,1.0,0.0,0.0,0.5121304454196673,0.48786955458033265,24,24,24,2,1.4839749568320402,0.8970272562056419,simple_ring,True,4.4928000006621005,0.10540000585024245,0.9802000004128786,0.7616000057169003,1,0,0,0.0,0,0,0.0,0.0,0.0,0.0,0.0,0,0,0,0.0,0.0,0.0,0.0,0,False,,,0,0.0,False,"(1, 0)",2.554831775456194,6.176923076923077,6.176923076923077,3,True,26,46,3.0,1.2282753674827194,0.1188118811881188,0.9976111572574481,0.5671766281931975,0.6796231159230168,1.849528894903771,2.1134620883253383,0.5548507844740098,True,0.13580246913580246,0.0,0,False,,0
27,marine_knownmap_path_v2_infosampled,ucb,0.0,False,mode_not_conditional,0.0,0.0,1.0,False,SEARCH,"(20, 9)","(27, 9)","(26, 9)","(25, 6)",search_info,"(25, 6)",44,0.9840344998303943,0.9246759718651152,simple_ring_priority,False,,3,4,adaptive_knownmap_soft,7,8,9,8,0.125,6,74.04750511640623,1.0,5.469400836270169,1.0,0.0,0.0,79.5169059526764,1.0,0.0,0.0,8.0,0.9230769230769231,0.0,9.0,9.0,False,0.0,soft_clearance_astar_v1,adaptive,1.0,79.5169059526764,1.0,8.0,0.9230769230769231,0.0,0.0,0.0,6.5,0.0,-0.3230769230769231,0.0,0.0,-0.0,0,0.0,0.0,False,1.0,0.0,0.0,0.5121304454196673,0.48786955458033265,24,24,24,2,1.4839749568320402,0.8970272562056419,simple_ring,True,4.4928000006621005,0.10540000585024245,0.9802000004128786,0.7616000057169003,1,0,0,0.0,0,0,0.0,0.0,0.0,0.0,0.0,0,0,0,0.0,0.0,0.0,0.0,0,False,,,0,0.0,False,"(1, 0)",2.554831775456194,6.176923076923077,6.176923076923077,3,True,27,47,3.0000000000000004,1.2336670293387453,0.12425742574257426,0.997472512474641,0.5643265870789085,0.6796231159230168,1.849528894903771,2.1134620883253383,0.5548507844740098,True,0.13580246913580246,0.0,0,False,,0
28,marine_knownmap_path_v2_infosampled,ucb,0.0,False,mode_not_conditional,0.0,0.0,1.0,False,SEARCH,"(21, 9)","(27, 9)","(26, 9)","(25, 6)",search_info,"(25, 6)",44,0.9840344998303943,0.9246759718651152,simple_ring_priority,False,,2,4,adaptive_knownmap_soft,6,8,9,8,0.25,6,74.04750511640623,1.0,5.469400836270169,1.0,0.0,0.0,79.5169059526764,1.0,0.0,0.0,8.0,0.9230769230769231,0.0,9.0,9.0,False,0.0,soft_clearance_astar_v1,adaptive,1.0,79.5169059526764,1.0,8.0,0.9230769230769231,0.0,0.0,0.0,6.5,0.0,-0.3230769230769231,0.0,0.0,-0.0,0,0.0,0.0,False,1.0,0.0,0.0,0.5121304454196673,0.48786955458033265,24,24,24,2,1.4839749568320402,0.8970272562056419,simple_ring,True,4.4928000006621005,0.10540000585024245,0.9802000004128786,0.7616000057169003,1,0,0,0.0,0,0,0.0,0.0,0.0,0.0,0.0,0,0,0,0.0,0.0,0.0,0.0,0,False,,,0,0.0,False,"(1, 0)",2.554831775456194,6.176923076923077,6.176923076923077,3,True,28,48,3.0,1.2392560421368932,0.1297029702970297,0.9973086273149748,0.5622643555975306,0.6796231159230168,1.849528894903771,2.1134620883253383,0.5548507844740098,True,0.13580246913580246,0.0,0,False,,0
29,marine_knownmap_path_v2_infosampled,ucb,0.0,False,mode_not_conditional,0.0,0.0,1.0,False,SEARCH,"(22, 9)","(27, 9)","(26, 9)","(25, 6)",search_info,"(25, 6)",44,0.9840344998303943,0.9246759718651152,simple_ring_priority,False,,1,4,adaptive_knownmap_soft,5,8,9,8,0.375,6,74.04750511640623,1.0,5.469400836270169,1.0,0.0,0.0,79.5169059526764,1.0,0.0,0.0,8.0,0.9230769230769231,0.0,9.0,9.0,False,0.0,soft_clearance_astar_v1,adaptive,1.0,79.5169059526764,1.0,8.0,0.9230769230769231,0.0,0.0,0.0,6.5,0.0,-0.3230769230769231,0.0,0.0,-0.0,0,0.0,0.0,False,1.0,0.0,0.0,0.5121304454196673,0.48786955458033265,24,24,24,2,1.4839749568320402,0.8970272562056419,simple_ring,True,4.4928000006621005,0.10540000585024245,0.9802000004128786,0.7616000057169003,1,0,0,0.0,0,0,0.0,0.0,0.0,0.0,0.0,0,0,0,0.0,0.0,0.0,0.0,0,False,,,0,0.0,False,"(1, 0)",2.554831775456194,6.176923076923077,6.176923076923077,3,True,29,0,1.9999999999999998,1.2389713470712362,0.13514851485148516,0.9972999156480331,0.5314589557766022,0.6796231159230168,1.849528894903771,2.1134620883253383,0.5548507844740098,True,0.13580246913580246,0.0,1,False,,0
30,marine_knownmap_path_v2_infosampled,ucb,0.0,False,mode_not_conditional,0.0,0.0,1.0,False,SEARCH,"(23, 9)","(27, 9)","(26, 9)","(25, 6)",search_info,"(25, 6)",44,0.9840344998303943,0.9246759718651152,simple_ring_priority,False,,0,4,adaptive_knownmap_soft,4,8,9,8,0.5,6,74.04750511640623,1.0,5.469400836270169,1.0,0.0,0.0,79.5169059526764,1.0,0.0,0.0,8.0,0.9230769230769231,0.0,9.0,9.0,False,0.0,soft_clearance_astar_v1,adaptive,1.0,79.5169059526764,1.0,8.0,0.9230769230769231,0.0,0.0,0.0,6.5,0.0,-0.3230769230769231,0.0,0.0,-0.0,0,0.0,0.0,False,1.0,0.0,0.0,0.5121304454196673,0.48786955458033265,24,24,24,2,1.4839749568320402,0.8970272562056419,simple_ring,True,4.4928000006621005,0.10540000585024245,0.9802000004128786,0.7616000057169003,1,0,0,0.0,0,0,0.0,0.0,0.0,0.0,0.0,0,0,0,0.0,0.0,0.0,0.0,0,False,,,0,0.0,False,"(1, 0)",2.554831775456194,6.176923076923077,6.176923076923077,3,True,30,1,1.9999999999999998,1.2476812129485855,0.1405940594059406,0.9971431040063088,0.5354090945906095,0.6796231159230168,1.849528894903771,2.1134620883253383,0.5548507844740098,True,0.13580246913580246,0.0,0,False,,0
31,marine_knownmap_path_v2_infosampled,ucb,0.0,False,mode_not_conditional,0.0,0.0,1.0,False,SEARCH,"(24, 9)","(30, 9)","(30, 9)","(34, 9)",search_info,"(34, 9)",15,0.9237424723167069,0.8848610208707789,simple_ring_priority,True,commit_expired,4,4,adaptive_knownmap_soft,7,7,7,7,0.625,7,66.36579485937499,1.0,4.455324824197864,0.8850773433207878,0.0,0.0,70.82111968357285,1.0,0.0,0.0,7.0,0.7058823529411765,0.0,9.0,9.0,False,0.0,soft_clearance_astar_v1,adaptive,1.0,70.82111968357285,1.0,7.0,0.7058823529411765,0.0,0.0,0.0,6.5,0.0,-0.24705882352941178,0.0,0.0,-0.0,0,0.0,0.0,False,0.6,0.0,0.0,0.47776439576967983,0.5222356042303201,24,24,24,4,1.248663221035073,0.8314738267536428,simple_ring,True,4.323499999372871,0.17390000357409008,1.432000000932021,1.0426999942865223,1,0,0,0.0,0,0,0.0,0.0,0.0,0.0,0.0,0,0,0,0.0,0.0,0.0,0.0,0,False,,,0,0.0,False,"(1, 0)",3.939299623472629,6.252941176470588,6.252941176470588,4,True,31,2,1.9999999999999996,1.2550809597711143,0.14603960396039603,0.9970027937878203,0.526959740105241,0.0017917038136799296,1.0022396297671,0.1638628748980636,0.3099590194636966,False,0.13580246913580246,0.0,0,False,,0
32,marine_knownmap_path_v2_infosampled,ucb,0.0,False,mode_not_conditional,0.0,0.0,1.0,False,SEARCH,"(25, 9)","(30, 9)","(30, 9)","(34, 9)",search_info,"(34, 9)",15,0.9237424723167069,0.8848610208707789,simple_ring_priority,False,,3,4,adaptive_knownmap_soft,6,7,7,7,0.14285714285714285,7,66.36579485937499,1.0,4.455324824197864,0.8850773433207878,0.0,0.0,70.82111968357285,1.0,0.0,0.0,7.0,0.7058823529411765,0.0,9.0,9.0,False,0.0,soft_clearance_astar_v1,adaptive,1.0,70.82111968357285,1.0,7.0,0.7058823529411765,0.0,0.0,0.0,6.5,0.0,-0.24705882352941178,0.0,0.0,-0.0,0,0.0,0.0,False,0.6,0.0,0.0,0.47776439576967983,0.5222356042303201,24,24,24,4,1.248663221035073,0.8314738267536428,simple_ring,True,4.323499999372871,0.17390000357409008,1.432000000932021,1.0426999942865223,1,0,0,0.0,0,0,0.0,0.0,0.0,0.0,0.0,0,0,0,0.0,0.0,0.0,0.0,0,False,,,0,0.0,False,"(1, 0)",3.939299623472629,6.252941176470588,6.252941176470588,4,True,32,3,2.0,1.2618786771194308,0.15148514851485148,0.9970605163256896,0.5251710886800598,0.0017917038136799296,1.0022396297671,0.1638628748980636,0.3099590194636966,False,0.13580246913580246,0.0,0,False,,0
33,marine_knownmap_path_v2_infosampled,ucb,0.0,False,mode_not_conditional,0.0,0.0,1.0,False,SEARCH,"(26, 9)","(30, 9)","(30, 9)","(34, 9)",search_info,"(34, 9)",15,0.9237424723167069,0.8848610208707789,simple_ring_priority,False,,2,4,adaptive_knownmap_soft,5,7,7,7,0.2857142857142857,7,66.36579485937499,1.0,4.455324824197864,0.8850773433207878,0.0,0.0,70.82111968357285,1.0,0.0,0.0,7.0,0.7058823529411765,0.0,9.0,9.0,False,0.0,soft_clearance_astar_v1,adaptive,1.0,70.82111968357285,1.0,7.0,0.7058823529411765,0.0,0.0,0.0,6.5,0.0,-0.24705882352941178,0.0,0.0,-0.0,0,0.0,0.0,False,0.6,0.0,0.0,0.47776439576967983,0.5222356042303201,24,24,24,4,1.248663221035073,0.8314738267536428,simple_ring,True,4.323499999372871,0.17390000357409008,1.432000000932021,1.0426999942865223,1,0,0,0.0,0,0,0.0,0.0,0.0,0.0,0.0,0,0,0,0.0,0.0,0.0,0.0,0,False,,,0,0.0,False,"(1, 0)",3.939299623472629,6.252941176470588,6.252941176470588,4,True,33,4,2.0,1.2684716244929237,0.15693069306930693,0.9967615284888793,0.5178413189956416,0.0017917038136799296,1.0022396297671,0.1638628748980636,0.3099590194636966,False,0.13580246913580246,0.0,0,False,,0
34,marine_knownmap_path_v2_infosampled,ucb,0.0,False,mode_not_conditional,0.0,0.0,1.0,False,SEARCH,"(27, 9)","(30, 9)","(30, 9)","(34, 9)",search_info,"(34, 9)",15,0.9237424723167069,0.8848610208707789,simple_ring_priority,False,,1,4,adaptive_knownmap_soft,4,7,7,7,0.42857142857142855,7,66.36579485937499,1.0,4.455324824197864,0.8850773433207878,0.0,0.0,70.82111968357285,1.0,0.0,0.0,7.0,0.7058823529411765,0.0,9.0,9.0,False,0.0,soft_clearance_astar_v1,adaptive,1.0,70.82111968357285,1.0,7.0,0.7058823529411765,0.0,0.0,0.0,6.5,0.0,-0.24705882352941178,0.0,0.0,-0.0,0,0.0,0.0,False,0.6,0.0,0.0,0.47776439576967983,0.5222356042303201,24,24,24,4,1.248663221035073,0.8314738267536428,simple_ring,True,4.323499999372871,0.17390000357409008,1.432000000932021,1.0426999942865223,1,0,0,0.0,0,0,0.0,0.0,0.0,0.0,0.0,0,0,0,0.0,0.0,0.0,0.0,0,False,,,0,0.0,False,"(1, 0)",3.939299623472629,6.252941176470588,6.252941176470588,4,True,34,5,2.0000000000000004,1.2750694620969232,0.16237623762376238,0.9947646491342081,0.5086722345296006,0.0017917038136799296,1.0022396297671,0.1638628748980636,0.3099590194636966,False,0.13580246913580246,0.0,0,False,,0
35,marine_knownmap_path_v2_infosampled,ucb,0.0,False,mode_not_conditional,0.0,0.0,1.0,False,SEARCH,"(28, 9)","(30, 9)","(30, 9)","(34, 9)",search_info,"(34, 9)",15,0.9237424723167069,0.8848610208707789,simple_ring_priority,False,,0,4,adaptive_knownmap_soft,3,7,7,7,0.5714285714285714,7,66.36579485937499,1.0,4.455324824197864,0.8850773433207878,0.0,0.0,70.82111968357285,1.0,0.0,0.0,7.0,0.7058823529411765,0.0,9.0,9.0,False,0.0,soft_clearance_astar_v1,adaptive,1.0,70.82111968357285,1.0,7.0,0.7058823529411765,0.0,0.0,0.0,6.5,0.0,-0.24705882352941178,0.0,0.0,-0.0,0,0.0,0.0,False,0.6,0.0,0.0,0.47776439576967983,0.5222356042303201,24,24,24,4,1.248663221035073,0.8314738267536428,simple_ring,True,4.323499999372871,0.17390000357409008,1.432000000932021,1.0426999942865223,1,0,0,0.0,0,0,0.0,0.0,0.0,0.0,0.0,0,0,0,0.0,0.0,0.0,0.0,0,False,,,0,0.0,False,"(1, 0)",3.939299623472629,6.252941176470588,6.252941176470588,4,True,35,6,2.0,1.281767384686609,0.16782178217821783,1.0,0.5397041240320025,0.0017917038136799296,1.0022396297671,0.1638628748980636,0.3099590194636966,False,0.13580246913580246,0.0,0,False,,0
36,marine_knownmap_path_v2_infosampled,ucb,0.0,False,mode_not_conditional,0.0,0.0,1.0,False,SEARCH,"(28, 10)","(30, 15)","(30, 15)","(29, 18)",search_info,"(29, 18)",12,0.9864770376394439,0.9189728665731316,simple_ring_priority,True,commit_expired,4,4,adaptive_knownmap_soft,8,8,8,8,0.7142857142857143,8,57.293779696875,0.9486745155218581,4.530865642888798,0.9332421478560686,0.7642873263888887,0.33205387627551,61.8246453397638,0.9479722412782171,0.7642873263888887,0.33205387627551,8.25,1.0,0.0,5.0,6.875,False,0.0,soft_clearance_astar_v1,adaptive,1.0,61.8246453397638,0.9479722412782171,8.25,1.0,0.0,0.0,0.0,6.161819568308411,0.66410775255102,-0.35,0.0,0.0,-0.0,1,0.0,0.0,False,1.0,0.0,0.0,0.5068541698613256,0.4931458301386744,24,24,24,5,1.0270203812863614,0.8497578658524175,simple_ring,True,4.28970000029949,0.17380000099365134,1.251100000445149,1.0984999880747637,1,0,0,0.0,0,0,0.0,0.0,0.0,0.0,0.0,0,0,0,0.0,0.0,0.0,0.0,0,False,,,0,0.0,False,"(0, 1)",2.180374828733248,6.475927320859432,6.475927320859432,5,True,36,7,1.9999999999999998,1.286647679913614,0.1707920792079208,1.0,0.5372902787085309,0.3030938167276972,1.3788672709096215,1.0113048794280977,0.1595373719260566,False,0.07407407407407407,0.0,0,False,,0
37,marine_knownmap_path_v2_infosampled,ucb,0.0,False,mode_not_conditional,0.0,0.0,1.0,False,SEARCH,"(28, 11)","(30, 15)","(30, 15)","(29, 18)",search_info,"(29, 18)",12,0.9864770376394439,0.9189728665731316,simple_ring_priority,False,,3,4,adaptive_knownmap_soft,7,8,8,8,0.125,8,57.293779696875,0.9486745155218581,4.530865642888798,0.9332421478560686,0.7642873263888887,0.33205387627551,61.8246453397638,0.9479722412782171,0.7642873263888887,0.33205387627551,8.25,1.0,0.0,5.0,6.875,False,0.0,soft_clearance_astar_v1,adaptive,1.0,61.8246453397638,0.9479722412782171,8.25,1.0,0.0,0.0,0.0,6.161819568308411,0.66410775255102,-0.35,0.0,0.0,-0.0,1,0.0,0.0,False,1.0,0.0,0.0,0.5068541698613256,0.4931458301386744,24,24,24,5,1.0270203812863614,0.8497578658524175,simple_ring,True,4.28970000029949,0.17380000099365134,1.251100000445149,1.0984999880747637,1,0,0,0.0,0,0,0.0,0.0,0.0,0.0,0.0,0,0,0,0.0,0.0,0.0,0.0,0,False,,,0,0.0,False,"(0, 1)",2.180374828733248,6.475927320859432,6.475927320859432,5,True,37,8,1.9999999999999996,1.2916657962111604,0.17524752475247524,1.0,0.5385522479332328,0.3030938167276972,1.3788672709096215,1.0113048794280977,0.1595373719260566,False,0.1111111111111111,0.0,0,False,,0
38,marine_knownmap_path_v2_infosampled,ucb,0.0,False,mode_not_conditional,0.0,0.0,1.0,False,SEARCH,"(28, 12)","(30, 15)","(30, 15)","(29, 18)",search_info,"(29, 18)",12,0.9864770376394439,0.9189728665731316,simple_ring_priority,False,,2,4,adaptive_knownmap_soft,6,8,8,8,0.25,8,57.293779696875,0.9486745155218581,4.530865642888798,0.9332421478560686,0.7642873263888887,0.33205387627551,61.8246453397638,0.9479722412782171,0.7642873263888887,0.33205387627551,8.25,1.0,0.0,5.0,6.875,False,0.0,soft_clearance_astar_v1,adaptive,1.0,61.8246453397638,0.9479722412782171,8.25,1.0,0.0,0.0,0.0,6.161819568308411,0.66410775255102,-0.35,0.0,0.0,-0.0,1,0.0,0.0,False,1.0,0.0,0.0,0.5068541698613256,0.4931458301386744,24,24,24,5,1.0270203812863614,0.8497578658524175,simple_ring,True,4.28970000029949,0.17380000099365134,1.251100000445149,1.0984999880747637,1,0,0,0.0,0,0,0.0,0.0,0.0,0.0,0.0,0,0,0,0.0,0.0,0.0,0.0,0,False,,,0,0.0,False,"(0, 1)",2.180374828733248,6.475927320859432,6.475927320859432,5,True,38,9,2.0,1.2972839631607436,0.1801980198019802,1.0,0.5547788824420565,0.3030938167276972,1.3788672709096215,1.0113048794280977,0.1595373719260566,False,0.12345679012345678,0.0,0,False,,0
39,marine_knownmap_path_v2_infosampled,ucb,0.0,False,mode_not_conditional,0.0,0.0,1.0,False,SEARCH,"(28, 13)","(30, 15)","(30, 15)","(29, 18)",search_info,"(29, 18)",12,0.9864770376394439,0.9189728665731316,simple_ring_priority,False,,1,4,adaptive_knownmap_soft,5,8,8,8,0.375,8,57.293779696875,0.9486745155218581,4.530865642888798,0.9332421478560686,0.7642873263888887,0.33205387627551,61.8246453397638,0.9479722412782171,0.7642873263888887,0.33205387627551,8.25,1.0,0.0,5.0,6.875,False,0.0,soft_clearance_astar_v1,adaptive,1.0,61.8246453397638,0.9479722412782171,8.25,1.0,0.0,0.0,0.0,6.161819568308411,0.66410775255102,-0.35,0.0,0.0,-0.0,1,0.0,0.0,False,1.0,0.0,0.0,0.5068541698613256,0.4931458301386744,24,24,24,5,1.0270203812863614,0.8497578658524175,simple_ring,True,4.28970000029949,0.17380000099365134,1.251100000445149,1.0984999880747637,1,0,0,0.0,0,0,0.0,0.0,0.0,0.0,0.0,0,0,0,0.0,0.0,0.0,0.0,0,False,,,0,0.0,False,"(0, 1)",2.180374828733248,6.475927320859432,6.475927320859432,5,True,39,10,2.0,1.3034987544688827,0.18514851485148515,1.0,0.5298842488667173,0.3030938167276972,1.3788672709096215,1.0113048794280977,0.1595373719260566,False,0.12345679012345678,0.0,0,False,,0
40,marine_knownmap_path_v2_infosampled,ucb,0.0,False,mode_not_conditional,0.0,0.0,1.0,False,SEARCH,"(28, 14)","(30, 15)","(30, 15)","(29, 18)",search_info,"(29, 18)",12,0.9864770376394439,0.9189728665731316,simple_ring_priority,False,,0,4,adaptive_knownmap_soft,4,8,8,8,0.5,8,57.293779696875,0.9486745155218581,4.530865642888798,0.9332421478560686,0.7642873263888887,0.33205387627551,61.8246453397638,0.9479722412782171,0.7642873263888887,0.33205387627551,8.25,1.0,0.0,5.0,6.875,False,0.0,soft_clearance_astar_v1,adaptive,1.0,61.8246453397638,0.9479722412782171,8.25,1.0,0.0,0.0,0.0,6.161819568308411,0.66410775255102,-0.35,0.0,0.0,-0.0,1,0.0,0.0,False,1.0,0.0,0.0,0.5068541698613256,0.4931458301386744,24,24,24,5,1.0270203812863614,0.8497578658524175,simple_ring,True,4.28970000029949,0.17380000099365134,1.251100000445149,1.0984999880747637,1,0,0,0.0,0,0,0.0,0.0,0.0,0.0,0.0,0,0,0,0.0,0.0,0.0,0.0,0,False,,,0,0.0,False,"(0, 1)",2.180374828733248,6.475927320859432,6.475927320859432,5,True,40,11,2.0,1.3101382333885945,0.1900990099009901,0.9838054178405515,0.5365051936566387,0.3030938167276972,1.3788672709096215,1.0113048794280977,0.1595373719260566,False,0.13580246913580246,0.012345679012345678,0,False,,0
41,marine_knownmap_path_v2_infosampled,ucb,0.0,False,mode_not_conditional,0.0,0.0,1.0,False,SEARCH,"(28, 15)","(33, 17)","(33, 17)","(29, 18)",search_info,"(29, 18)",1,0.0,0.0,simple_ring_priority,True,commit_expired,4,4,adaptive_knownmap_soft,8,8,8,8,0.625,9,46.498559867968744,1.0,4.079398051020547,0.9082613492924505,0.1842650701822916,0.04246343318604394,50.57795791898929,1.0,0.1842650701822916,0.04246343318604394,8.25,1.0,0.0,3.0,3.375,False,0.0,soft_clearance_astar_v1,adaptive,1.0,50.57795791898929,1.0,8.25,1.0,0.0,0.0,0.0,6.5,0.08492686637208788,-0.35,0.0,0.0,-0.0,1,0.0,0.0,True,0.7211102550927978,0.0,0.0,0.00634135291887986,0.9936586470811202,24,24,24,4,0.8471189666352482,0.8060150994299711,simple_ring,True,4.4732999995176215,0.08610000077169389,0.6484000005002599,0.5355000103008933,1,0,0,0.0,0,0,0.0,0.0,0.0,0.0,0.0,0,0,0,0.0,0.0,0.0,0.0,0,False,,,0,0.0,False,"(0, 1)",1.299948725675076,6.2349268663720885,6.2349268663720885,5,True,41,12,2.0,1.3165180126882055,0.19504950495049506,0.9144029308071229,0.5231580400465631,9.963568367904915e-13,1.0000000000012454,0.08996428947831372,0.04947752258990741,False,0.125,0.0,0,False,,0
42,marine_knownmap_path_v2_infosampled,ucb,0.0,False,mode_not_conditional,0.0,0.0,1.0,False,SEARCH,"(28, 16)","(33, 17)","(33, 17)","(29, 18)",search_info,"(29, 18)",1,0.0,0.0,simple_ring_priority,False,,3,4,adaptive_knownmap_soft,7,8,8,8,0.125,9,46.498559867968744,1.0,4.079398051020547,0.9082613492924505,0.1842650701822916,0.04246343318604394,50.57795791898929,1.0,0.1842650701822916,0.04246343318604394,8.25,1.0,0.0,3.0,3.375,False,0.0,soft_clearance_astar_v1,adaptive,1.0,50.57795791898929,1.0,8.25,1.0,0.0,0.0,0.0,6.5,0.08492686637208788,-0.35,0.0,0.0,-0.0,1,0.0,0.0,True,0.7211102550927978,0.0,0.0,0.00634135291887986,0.9936586470811202,24,24,24,4,0.8471189666352482,0.8060150994299711,simple_ring,True,4.4732999995176215,0.08610000077169389,0.6484000005002599,0.5355000103008933,1,0,0,0.0,0,0,0.0,0.0,0.0,0.0,0.0,0,0,0,0.0,0.0,0.0,0.0,0,False,,,0,0.0,False,"(0, 1)",1.299948725675076,6.2349268663720885,6.2349268663720885,5,True,42,13,2.0,1.3211863570257278,0.19752475247524753,0.9828544421328256,0.5264785219098697,9.963568367904915e-13,1.0000000000012454,0.08996428947831372,0.04947752258990741,False,0.06756756756756757,0.0,0,False,,0
43,marine_knownmap_path_v2_infosampled,ucb,0.0,False,mode_not_conditional,0.0,0.0,1.0,False,SEARCH,"(28, 17)","(33, 17)","(33, 17)","(29, 18)",search_info,"(29, 18)",1,0.0,0.0,simple_ring_priority,False,,2,4,adaptive_knownmap_soft,6,8,8,8,0.25,9,46.498559867968744,1.0,4.079398051020547,0.9082613492924505,0.1842650701822916,0.04246343318604394,50.57795791898929,1.0,0.1842650701822916,0.04246343318604394,8.25,1.0,0.0,3.0,3.375,False,0.0,soft_clearance_astar_v1,adaptive,1.0,50.57795791898929,1.0,8.25,1.0,0.0,0.0,0.0,6.5,0.08492686637208788,-0.35,0.0,0.0,-0.0,1,0.0,0.0,True,0.7211102550927978,0.0,0.0,0.00634135291887986,0.9936586470811202,24,24,24,4,0.8471189666352482,0.8060150994299711,simple_ring,True,4.4732999995176215,0.08610000077169389,0.6484000005002599,0.5355000103008933,1,0,0,0.0,0,0,0.0,0.0,0.0,0.0,0.0,0,0,0,0.0,0.0,0.0,0.0,0,False,,,0,0.0,False,"(0, 1)",1.299948725675076,6.2349268663720885,6.2349268663720885,5,True,43,14,2.0,1.3244194264398739,0.19950495049504952,1.0,0.6107680870337987,9.963568367904915e-13,1.0000000000012454,0.08996428947831372,0.04947752258990741,False,0.05970149253731343,0.0,0,False,,0
44,marine_knownmap_path_v2_infosampled,ucb,0.0,False,mode_not_conditional,0.0,0.0,1.0,False,SEARCH,"(29, 17)","(33, 17)","(33, 17)","(29, 18)",search_info,"(29, 18)",1,0.0,0.0,simple_ring_priority,False,,1,4,adaptive_knownmap_soft,5,8,8,8,0.375,9,46.498559867968744,1.0,4.079398051020547,0.9082613492924505,0.1842650701822916,0.04246343318604394,50.57795791898929,1.0,0.1842650701822916,0.04246343318604394,8.25,1.0,0.0,3.0,3.375,False,0.0,soft_clearance_astar_v1,adaptive,1.0,50.57795791898929,1.0,8.25,1.0,0.0,0.0,0.0,6.5,0.08492686637208788,-0.35,0.0,0.0,-0.0,1,0.0,0.0,True,0.7211102550927978,0.0,0.0,0.00634135291887986,0.9936586470811202,24,24,24,4,0.8471189666352482,0.8060150994299711,simple_ring,True,4.4732999995176215,0.08610000077169389,0.6484000005002599,0.5355000103008933,1,0,0,0.0,0,0,0.0,0.0,0.0,0.0,0.0,0,0,0,0.0,0.0,0.0,0.0,0,False,,,0,0.0,False,"(0, 1)",1.299948725675076,6.2349268663720885,6.2349268663720885,5,True,44,15,2.0,1.326723934662908,0.200990099009901,0.8976976354387219,0.5066138374772813,9.963568367904915e-13,1.0000000000012454,0.08996428947831372,0.04947752258990741,False,0.046153846153846156,0.0,0,False,,0
45,marine_knownmap_path_v2_infosampled,ucb,0.0,False,mode_not_conditional,0.0,0.0,1.0,False,SEARCH,"(30, 17)","(33, 17)","(33, 17)","(29, 18)",search_info,"(29, 18)",1,0.0,0.0,simple_ring_priority,False,,0,4,adaptive_knownmap_soft,4,8,8,8,0.5,9,46.498559867968744,1.0,4.079398051020547,0.9082613492924505,0.1842650701822916,0.04246343318604394,50.57795791898929,1.0,0.1842650701822916,0.04246343318604394,8.25,1.0,0.0,3.0,3.375,False,0.0,soft_clearance_astar_v1,adaptive,1.0,50.57795791898929,1.0,8.25,1.0,0.0,0.0,0.0,6.5,0.08492686637208788,-0.35,0.0,0.0,-0.0,1,0.0,0.0,True,0.7211102550927978,0.0,0.0,0.00634135291887986,0.9936586470811202,24,24,24,4,0.8471189666352482,0.8060150994299711,simple_ring,True,4.4732999995176215,0.08610000077169389,0.6484000005002599,0.5355000103008933,1,0,0,0.0,0,0,0.0,0.0,0.0,0.0,0.0,0,0,0,0.0,0.0,0.0,0.0,0,False,,,0,0.0,False,"(0, 1)",1.299948725675076,6.2349268663720885,6.2349268663720885,5,True,45,16,2.0,1.3300176260503063,0.20445544554455444,1.0,0.7654436699211966,9.963568367904915e-13,1.0000000000012454,0.08996428947831372,0.04947752258990741,False,0.1076923076923077,0.0,0,False,,0
46,marine_knownmap_path_v2_infosampled,ucb,0.0,False,mode_not_conditional,0.0,0.0,1.0,False,SEARCH,"(29, 17)","(16, 37)","(22, 17)","(17, 41)",search_info,"(18, 41)",1290,0.9862605753940658,0.9530790001599634,simple_ring_priority,True,commit_expired,4,4,adaptive_knownmap_soft,8,8,34,8,0.625,10,34.68785599374999,1.0,2.4602938178044336,0.6998476729729577,3.4847996078926275,1.0,37.148149811554426,1.0,3.4847996078926275,1.0,8.0,1.0,0.0,3.0,4.25,False,0.0,soft_clearance_astar_v1,adaptive,1.0,37.148149811554426,1.0,8.0,1.0,0.0,0.0,0.0,6.5,2.0,-0.35,0.0,2.0,-2.0,0,0.0,0.0,False,1.0,0.0,0.0,0.5516081992778347,0.4483918007221654,24,24,24,1,0.5603231572647744,1.0,simple_ring,True,4.032599999845843,0.09960000170394778,0.504400000863825,0.5057999878772534,1,0,0,0.0,0,0,0.0,0.0,0.0,0.0,0.0,0,0,0,0.0,0.0,0.0,0.0,0,False,,,0,2.0,True,"(-1, 0)",3.6142719910463734,6.15,6.15,6,True,46,17,2.0,1.3306973760573089,0.20445544554455444,0.9857543673206404,0.7534349941264975,0.48967975609948994,1.6120996951243625,0.806437030805394,0.4077509509252367,False,0.0,0.0,0,False,,0
47,marine_knownmap_path_v2_infosampled,ucb,0.0,False,mode_not_conditional,0.0,0.0,1.0,False,SEARCH,"(28, 17)","(16, 37)","(22, 17)","(17, 41)",search_info,"(18, 41)",1290,0.9862605753940658,0.9530790001599634,simple_ring_priority,False,,3,4,adaptive_knownmap_soft,7,8,34,8,0.125,10,34.68785599374999,1.0,2.4602938178044336,0.6998476729729577,3.4847996078926275,1.0,37.148149811554426,1.0,3.4847996078926275,1.0,8.0,1.0,0.0,3.0,4.25,False,0.0,soft_clearance_astar_v1,adaptive,1.0,37.148149811554426,1.0,8.0,1.0,0.0,0.0,0.0,6.5,2.0,-0.35,0.0,2.0,-2.0,0,0.0,0.0,False,1.0,0.0,0.0,0.5516081992778347,0.4483918007221654,24,24,24,1,0.5603231572647744,1.0,simple_ring,True,4.032599999845843,0.09960000170394778,0.504400000863825,0.5057999878772534,1,0,0,0.0,0,0,0.0,0.0,0.0,0.0,0.0,0,0,0,0.0,0.0,0.0,0.0,0,False,,,0,2.0,True,"(-1, 0)",3.6142719910463734,6.15,6.15,6,True,47,18,2.0,1.331692404270406,0.20445544554455444,0.985757181442981,0.7180091056033094,0.48967975609948994,1.6120996951243625,0.806437030805394,0.4077509509252367,False,0.0,0.0,0,False,,0
48,marine_knownmap_path_v2_infosampled,ucb,0.0,False,mode_not_conditional,0.0,0.0,1.0,False,SEARCH,"(27, 17)","(16, 37)","(22, 17)","(17, 41)",search_info,"(18, 41)",1290,0.9862605753940658,0.9530790001599634,simple_ring_priority,False,,2,4,adaptive_knownmap_soft,6,8,34,8,0.25,10,34.68785599374999,1.0,2.4602938178044336,0.6998476729729577,3.4847996078926275,1.0,37.148149811554426,1.0,3.4847996078926275,1.0,8.0,1.0,0.0,3.0,4.25,False,0.0,soft_clearance_astar_v1,adaptive,1.0,37.148149811554426,1.0,8.0,1.0,0.0,0.0,0.0,6.5,2.0,-0.35,0.0,2.0,-2.0,0,0.0,0.0,False,1.0,0.0,0.0,0.5516081992778347,0.4483918007221654,24,24,24,1,0.5603231572647744,1.0,simple_ring,True,4.032599999845843,0.09960000170394778,0.504400000863825,0.5057999878772534,1,0,0,0.0,0,0,0.0,0.0,0.0,0.0,0.0,0,0,0,0.0,0.0,0.0,0.0,0,False,,,0,2.0,True,"(-1, 0)",3.6142719910463734,6.15,6.15,6,True,48,19,2.0,1.3337642119608093,0.20693069306930692,0.9967313022467108,0.7671651435977771,0.48967975609948994,1.6120996951243625,0.806437030805394,0.4077509509252367,False,0.10144927536231885,0.028985507246376812,0,False,,0
49,marine_knownmap_path_v2_infosampled,ucb,0.0,False,mode_not_conditional,0.0,0.0,1.0,False,SEARCH,"(26, 17)","(16, 37)","(22, 17)","(17, 41)",search_info,"(18, 41)",1290,0.9862605753940658,0.9530790001599634,simple_ring_priority,False,,1,4,adaptive_knownmap_soft,5,8,34,8,0.375,10,34.68785599374999,1.0,2.4602938178044336,0.6998476729729577,3.4847996078926275,1.0,37.148149811554426,1.0,3.4847996078926275,1.0,8.0,1.0,0.0,3.0,4.25,False,0.0,soft_clearance_astar_v1,adaptive,1.0,37.148149811554426,1.0,8.0,1.0,0.0,0.0,0.0,6.5,2.0,-0.35,0.0,2.0,-2.0,0,0.0,0.0,False,1.0,0.0,0.0,0.5516081992778347,0.4483918007221654,24,24,24,1,0.5603231572647744,1.0,simple_ring,True,4.032599999845843,0.09960000170394778,0.504400000863825,0.5057999878772534,1,0,0,0.0,0,0,0.0,0.0,0.0,0.0,0.0,0,0,0,0.0,0.0,0.0,0.0,0,False,,,0,2.0,True,"(-1, 0)",3.6142719910463734,6.15,6.15,6,True,49,20,1.9999999999999998,1.336947968838808,0.2103960396039604,0.9863467938685233,0.7600636504376476,0.48967975609948994,1.6120996951243625,0.806437030805394,0.4077509509252367,False,0.14084507042253522,0.04225352112676056,0,False,,0
50,marine_knownmap_path_v2_infosampled,ucb,0.0,False,mode_not_conditional,0.0,0.0,1.0,False,SEARCH,"(25, 17)","(16, 37)","(22, 17)","(17, 41)",search_info,"(18, 41)",1290,0.9862605753940658,0.9530790001599634,simple_ring_priority,False,,0,4,adaptive_knownmap_soft,4,8,34,8,0.5,10,34.68785599374999,1.0,2.4602938178044336,0.6998476729729577,3.4847996078926275,1.0,37.148149811554426,1.0,3.4847996078926275,1.0,8.0,1.0,0.0,3.0,4.25,False,0.0,soft_clearance_astar_v1,adaptive,1.0,37.148149811554426,1.0,8.0,1.0,0.0,0.0,0.0,6.5,2.0,-0.35,0.0,2.0,-2.0,0,0.0,0.0,False,1.0,0.0,0.0,0.5516081992778347,0.4483918007221654,24,24,24,1,0.5603231572647744,1.0,simple_ring,True,4.032599999845843,0.09960000170394778,0.504400000863825,0.5057999878772534,1,0,0,0.0,0,0,0.0,0.0,0.0,0.0,0.0,0,0,0,0.0,0.0,0.0,0.0,0,False,,,0,2.0,True,"(-1, 0)",3.6142719910463734,6.15,6.15,6,True,50,21,2.0,1.3412036680577657,0.21435643564356435,0.9865768497598306,0.7613217737155447,0.48967975609948994,1.6120996951243625,0.806437030805394,0.4077509509252367,False,0.14864864864864866,0.04054054054054054,0,False,,0
51,marine_knownmap_path_v2_infosampled,ucb,0.0,False,mode_not_conditional,0.0,0.0,1.0,False,SEARCH,"(24, 17)","(16, 37)","(17, 17)","(17, 41)",search_info,"(19, 41)",1280,0.9868019729855542,0.9477369266910415,simple_ring_priority,True,commit_expired,4,4,adaptive_knownmap_soft,8,8,29,8,0.625,10,54.55106828984374,1.0,3.7002545202699997,1.0,5.772032550689338,1.0,58.25132281011374,1.0,5.772032550689338,1.0,8.0,0.0,0.0,5.0,7.0,False,0.0,soft_clearance_astar_v1,adaptive,1.0,58.25132281011374,1.0,8.0,0.0,0.0,0.0,0.0,6.5,2.0,-0.0,0.0,0.0,-0.0,0,0.0,0.0,True,0.0,0.0,0.0,0.5473236273698466,0.4526763726301533,24,24,24,1,0.7983959974073795,1.0,simple_ring,True,4.332800001066062,0.15920000078040175,0.4920999999740161,0.559300013264874,1,0,0,0.0,0,0,0.0,0.0,0.0,0.0,0.0,0,0,0,0.0,0.0,0.0,0.0,0,False,,,0,0.0,False,"(-1, 0)",8.5,8.5,8.5,6,True,51,22,1.9999999999999996,1.3461217923124371,0.21831683168316832,0.982114295575794,0.7347792785214257,0.4894747237967117,1.6118434047458896,0.8062841529655667,0.40665456165995434,False,0.14473684210526316,0.039473684210526314,0,False,,0
52,marine_knownmap_path_v2_infosampled,ucb,0.0,False,mode_not_conditional,0.0,0.0,1.0,False,SEARCH,"(23, 17)","(16, 37)","(17, 17)","(17, 41)",search_info,"(19, 41)",1280,0.9868019729855542,0.9477369266910415,simple_ring_priority,False,,3,4,adaptive_knownmap_soft,7,8,29,8,0.125,10,54.55106828984374,1.0,3.7002545202699997,1.0,5.772032550689338,1.0,58.25132281011374,1.0,5.772032550689338,1.0,8.0,0.0,0.0,5.0,7.0,False,0.0,soft_clearance_astar_v1,adaptive,1.0,58.25132281011374,1.0,8.0,0.0,0.0,0.0,0.0,6.5,2.0,-0.0,0.0,0.0,-0.0,0,0.0,0.0,True,0.0,0.0,0.0,0.5473236273698466,0.4526763726301533,24,24,24,1,0.7983959974073795,1.0,simple_ring,True,4.332800001066062,0.15920000078040175,0.4920999999740161,0.559300013264874,1,0,0,0.0,0,0,0.0,0.0,0.0,0.0,0.0,0,0,0,0.0,0.0,0.0,0.0,0,False,,,0,0.0,False,"(-1, 0)",8.5,8.5,8.5,6,True,52,23,2.0,1.3514799830647524,0.22227722772277228,0.9869325139310144,0.7569838221527074,0.4894747237967117,1.6118434047458896,0.8062841529655667,0.40665456165995434,False,0.14102564102564102,0.038461538461538464,0,False,,0
53,marine_knownmap_path_v2_infosampled,ucb,0.0,False,mode_not_conditional,0.0,0.0,1.0,False,SEARCH,"(22, 17)","(16, 37)","(17, 17)","(17, 41)",search_info,"(19, 41)",1280,0.9868019729855542,0.9477369266910415,simple_ring_priority,False,,2,4,adaptive_knownmap_soft,6,8,29,8,0.25,10,54.55106828984374,1.0,3.7002545202699997,1.0,5.772032550689338,1.0,58.25132281011374,1.0,5.772032550689338,1.0,8.0,0.0,0.0,5.0,7.0,False,0.0,soft_clearance_astar_v1,adaptive,1.0,58.25132281011374,1.0,8.0,0.0,0.0,0.0,0.0,6.5,2.0,-0.0,0.0,0.0,-0.0,0,0.0,0.0,True,0.0,0.0,0.0,0.5473236273698466,0.4526763726301533,24,24,24,1,0.7983959974073795,1.0,simple_ring,True,4.332800001066062,0.15920000078040175,0.4920999999740161,0.559300013264874,1,0,0,0.0,0,0,0.0,0.0,0.0,0.0,0.0,0,0,0,0.0,0.0,0.0,0.0,0,False,,,0,0.0,False,"(-1, 0)",8.5,8.5,8.5,6,True,53,24,2.0,1.3571466001844412,0.22623762376237624,1.0,0.7573182114490815,0.4894747237967117,1.6118434047458896,0.8062841529655667,0.40665456165995434,False,0.1375,0.0375,0,False,,0
54,marine_knownmap_path_v2_infosampled,ucb,0.0,False,mode_not_conditional,0.0,0.0,1.0,False,SEARCH,"(21, 17)","(16, 37)","(17, 17)","(17, 41)",search_info,"(19, 41)",1280,0.9868019729855542,0.9477369266910415,simple_ring_priority,False,,1,4,adaptive_knownmap_soft,5,8,29,8,0.375,10,54.55106828984374,1.0,3.7002545202699997,1.0,5.772032550689338,1.0,58.25132281011374,1.0,5.772032550689338,1.0,8.0,0.0,0.0,5.0,7.0,False,0.0,soft_clearance_astar_v1,adaptive,1.0,58.25132281011374,1.0,8.0,0.0,0.0,0.0,0.0,6.5,2.0,-0.0,0.0,0.0,-0.0,0,0.0,0.0,True,0.0,0.0,0.0,0.5473236273698466,0.4526763726301533,24,24,24,1,0.7983959974073795,1.0,simple_ring,True,4.332800001066062,0.15920000078040175,0.4920999999740161,0.559300013264874,1,0,0,0.0,0,0,0.0,0.0,0.0,0.0,0.0,0,0,0,0.0,0.0,0.0,0.0,0,False,,,0,0.0,False,"(-1, 0)",8.5,8.5,8.5,6,True,54,25,2.0000000000000004,1.363001542048867,0.2301980198019802,0.9978659261373323,0.7621863621522886,0.4894747237967117,1.6118434047458896,0.8062841529655667,0.40665456165995434,False,0.13580246913580246,0.037037037037037035,0,False,,0
55,marine_knownmap_path_v2_infosampled,ucb,0.0,False,mode_not_conditional,0.0,0.0,1.0,False,SEARCH,"(20, 17)","(16, 37)","(17, 17)","(17, 41)",search_info,"(19, 41)",1280,0.9868019729855542,0.9477369266910415,simple_ring_priority,False,,0,4,adaptive_knownmap_soft,4,8,29,8,0.5,10,54.55106828984374,1.0,3.7002545202699997,1.0,5.772032550689338,1.0,58.25132281011374,1.0,5.772032550689338,1.0,8.0,0.0,0.0,5.0,7.0,False,0.0,soft_clearance_astar_v1,adaptive,1.0,58.25132281011374,1.0,8.0,0.0,0.0,0.0,0.0,6.5,2.0,-0.0,0.0,0.0,-0.0,0,0.0,0.0,True,0.0,0.0,0.0,0.5473236273698466,0.4526763726301533,24,24,24,1,0.7983959974073795,1.0,simple_ring,True,4.332800001066062,0.15920000078040175,0.4920999999740161,0.559300013264874,1,0,0,0.0,0,0,0.0,0.0,0.0,0.0,0.0,0,0,0,0.0,0.0,0.0,0.0,0,False,,,0,0.0,False,"(-1, 0)",8.5,8.5,8.5,6,True,55,26,2.0,1.3689886533774518,0.23415841584158417,0.9888317734859058,0.7451275037290026,0.4894747237967117,1.6118434047458896,0.8062841529655667,0.40665456165995434,False,0.13580246913580246,0.037037037037037035,0,False,,0
56,marine_knownmap_path_v2_infosampled,ucb,0.0,False,mode_not_conditional,0.0,0.0,1.0,False,SEARCH,"(19, 17)","(16, 37)","(16, 21)","(17, 41)",search_info,"(19, 41)",1220,0.9889219424565692,0.9371137672941153,simple_ring_priority,True,commit_expired,4,4,adaptive_knownmap_soft,8,8,24,8,0.625,10,53.74514143046874,1.0,4.088492170610451,1.0,2.7509708904109584,0.0,57.83363360107919,1.0,2.7509708904109584,0.0,8.25,1.0,0.0,5.0,5.75,False,0.0,soft_clearance_astar_v1,adaptive,1.0,57.83363360107919,1.0,8.25,1.0,0.0,0.0,0.0,6.5,0.0,-0.35,0.0,0.0,-0.0,1,0.0,0.0,True,0.0,0.0,0.0,0.5396047282575122,0.4603952717424879,24,24,24,1,1.022718950919176,1.0,simple_ring,True,4.1234000000258675,0.13610000132757705,0.45450000106939115,0.5284999933792278,1,0,0,0.0,0,0,0.0,0.0,0.0,0.0,0.0,0,0,0,0.0,0.0,0.0,0.0,0,False,,,0,0.0,False,"(-1, 0)",6.15,6.15,6.15,6,True,56,27,2.0,1.3750884105087091,0.2381188118811881,0.997825194641988,0.7559424537428318,0.48251589684101,1.6031448710512626,0.8019316012822323,0.38619829674627293,False,0.13580246913580246,0.037037037037037035,0,False,,0
57,marine_knownmap_path_v2_infosampled,ucb,0.0,False,mode_not_conditional,0.0,0.0,1.0,False,SEARCH,"(18, 17)","(16, 37)","(16, 21)","(17, 41)",search_info,"(19, 41)",1220,0.9889219424565692,0.9371137672941153,simple_ring_priority,False,,3,4,adaptive_knownmap_soft,7,8,24,8,0.125,10,53.74514143046874,1.0,4.088492170610451,1.0,2.7509708904109584,0.0,57.83363360107919,1.0,2.7509708904109584,0.0,8.25,1.0,0.0,5.0,5.75,False,0.0,soft_clearance_astar_v1,adaptive,1.0,57.83363360107919,1.0,8.25,1.0,0.0,0.0,0.0,6.5,0.0,-0.35,0.0,0.0,-0.0,1,0.0,0.0,True,0.0,0.0,0.0,0.5396047282575122,0.4603952717424879,24,24,24,1,1.022718950919176,1.0,simple_ring,True,4.1234000000258675,0.13610000132757705,0.45450000106939115,0.5284999933792278,1,0,0,0.0,0,0,0.0,0.0,0.0,0.0,0.0,0,0,0,0.0,0.0,0.0,0.0,0,False,,,0,0.0,False,"(-1, 0)",6.15,6.15,6.15,6,True,57,28,2.0,1.3812884154114808,0.24207920792079207,0.9939017308198708,0.7483382745547578,0.48251589684101,1.6031448710512626,0.8019316012822323,0.38619829674627293,False,0.13580246913580246,0.037037037037037035,0,False,,0
58,marine_knownmap_path_v2_infosampled,ucb,0.0,False,mode_not_conditional,0.0,0.0,1.0,False,SEARCH,"(17, 17)","(16, 37)","(16, 21)","(17, 41)",search_info,"(19, 41)",1220,0.9889219424565692,0.9371137672941153,simple_ring_priority,False,,2,4,adaptive_knownmap_soft,6,8,24,8,0.25,10,53.74514143046874,1.0,4.088492170610451,1.0,2.7509708904109584,0.0,57.83363360107919,1.0,2.7509708904109584,0.0,8.25,1.0,0.0,5.0,5.75,False,0.0,soft_clearance_astar_v1,adaptive,1.0,57.83363360107919,1.0,8.25,1.0,0.0,0.0,0.0,6.5,0.0,-0.35,0.0,0.0,-0.0,1,0.0,0.0,True,0.0,0.0,0.0,0.5396047282575122,0.4603952717424879,24,24,24,1,1.022718950919176,1.0,simple_ring,True,4.1234000000258675,0.13610000132757705,0.45450000106939115,0.5284999933792278,1,0,0,0.0,0,0,0.0,0.0,0.0,0.0,0.0,0,0,0,0.0,0.0,0.0,0.0,0,False,,,0,0.0,False,"(-1, 0)",6.15,6.15,6.15,6,True,58,29,2.0,1.3875239629237397,0.24653465346534653,0.9932011335397035,0.7343007514679094,0.48251589684101,1.6031448710512626,0.8019316012822323,0.38619829674627293,False,0.13580246913580246,0.024691358024691357,0,False,,0
59,marine_knownmap_path_v2_infosampled,ucb,0.0,False,mode_not_conditional,0.0,0.0,1.0,False,SEARCH,"(16, 17)","(16, 37)","(16, 21)","(17, 41)",search_info,"(19, 41)",1220,0.9889219424565692,0.9371137672941153,simple_ring_priority,False,,1,4,adaptive_knownmap_soft,5,8,24,8,0.375,10,53.74514143046874,1.0,4.088492170610451,1.0,2.7509708904109584,0.0,57.83363360107919,1.0,2.7509708904109584,0.0,8.25,1.0,0.0,5.0,5.75,False,0.0,soft_clearance_astar_v1,adaptive,1.0,57.83363360107919,1.0,8.25,1.0,0.0,0.0,0.0,6.5,0.0,-0.35,0.0,0.0,-0.0,1,0.0,0.0,True,0.0,0.0,0.0,0.5396047282575122,0.4603952717424879,24,24,24,1,1.022718950919176,1.0,simple_ring,True,4.1234000000258675,0.13610000132757705,0.45450000106939115,0.5284999933792278,1,0,0,0.0,0,0,0.0,0.0,0.0,0.0,0.0,0,0,0,0.0,0.0,0.0,0.0,0,False,,,0,0.0,False,"(-1, 0)",6.15,6.15,6.15,6,True,59,30,2.0,1.3932353276983676,0.2504950495049505,0.9812332911655073,0.7216014101303531,0.48251589684101,1.6031448710512626,0.8019316012822323,0.38619829674627293,False,0.125,0.025,0,False,,0
60,marine_knownmap_path_v2_infosampled,ucb,0.0,False,mode_not_conditional,0.0,0.0,1.0,False,SEARCH,"(16, 18)","(16, 37)","(16, 21)","(17, 41)",search_info,"(19, 41)",1220,0.9889219424565692,0.9371137672941153,simple_ring_priority,False,,0,4,adaptive_knownmap_soft,4,8,24,8,0.5,10,53.74514143046874,1.0,4.088492170610451,1.0,2.7509708904109584,0.0,57.83363360107919,1.0,2.7509708904109584,0.0,8.25,1.0,0.0,5.0,5.75,False,0.0,soft_clearance_astar_v1,adaptive,1.0,57.83363360107919,1.0,8.25,1.0,0.0,0.0,0.0,6.5,0.0,-0.35,0.0,0.0,-0.0,1,0.0,0.0,True,0.0,0.0,0.0,0.5396047282575122,0.4603952717424879,24,24,24,1,1.022718950919176,1.0,simple_ring,True,4.1234000000258675,0.13610000132757705,0.45450000106939115,0.5284999933792278,1,0,0,0.0,0,0,0.0,0.0,0.0,0.0,0.0,0,0,0,0.0,0.0,0.0,0.0,0,False,,,0,0.0,False,"(-1, 0)",6.15,6.15,6.15,6,True,60,31,2.0,1.3983269773648253,0.252970297029703,0.9954357159375897,0.6998665593573185,0.48251589684101,1.6031448710512626,0.8019316012822323,0.38619829674627293,False,0.0625,0.0,0,False,,0
61,marine_knownmap_path_v2_infosampled,ucb,0.0,False,mode_not_conditional,0.0,0.0,1.0,False,SEARCH,"(16, 19)","(23, 37)","(16, 26)","(23, 41)",search_info,"(20, 41)",997,0.9952957447671977,0.9046384437005642,simple_ring_priority,True,commit_expired,4,4,adaptive_knownmap_soft,8,8,26,8,0.625,11,62.64279333671874,1.0,4.442009844125808,1.0,0.8207476851851851,0.14816285450453387,67.08480318084455,1.0,0.8207476851851851,0.14816285450453387,8.0,0.0,0.0,5.0,5.25,False,0.0,soft_clearance_astar_v1,adaptive,1.0,67.08480318084455,1.0,8.0,0.0,0.0,0.0,0.0,6.5,0.29632570900906774,-0.0,0.0,0.0,-0.0,0,0.0,0.0,True,1.0,0.0,0.0,0.45628365363901,0.54371634636099,24,24,24,1,0.8433655369647288,1.0,simple_ring,True,4.3863999999302905,0.1812999980757013,0.589600000239443,0.6662000050710049,1,0,0,0.0,0,0,0.0,0.0,0.0,0.0,0.0,0,0,0,0.0,0.0,0.0,0.0,0,False,,,0,0.0,False,"(0, 1)",6.796325709009068,6.796325709009068,6.796325709009068,6,True,61,32,1.9999999999999998,1.4040076149831318,0.25693069306930694,0.991986270070687,0.6907870506493866,0.461063319914057,1.5763291498925713,0.7885053651387621,0.21497043687105272,False,0.1,0.0,0,False,,0
62,marine_knownmap_path_v2_infosampled,ucb,0.0,False,mode_not_conditional,0.0,0.0,1.0,False,SEARCH,"(16, 20)","(23, 37)","(16, 26)","(23, 41)",search_info,"(20, 41)",997,0.9952957447671977,0.9046384437005642,simple_ring_priority,False,,3,4,adaptive_knownmap_soft,7,8,26,8,0.125,11,62.64279333671874,1.0,4.442009844125808,1.0,0.8207476851851851,0.14816285450453387,67.08480318084455,1.0,0.8207476851851851,0.14816285450453387,8.0,0.0,0.0,5.0,5.25,False,0.0,soft_clearance_astar_v1,adaptive,1.0,67.08480318084455,1.0,8.0,0.0,0.0,0.0,0.0,6.5,0.29632570900906774,-0.0,0.0,0.0,-0.0,0,0.0,0.0,True,1.0,0.0,0.0,0.45628365363901,0.54371634636099,24,24,24,1,0.8433655369647288,1.0,simple_ring,True,4.3863999999302905,0.1812999980757013,0.589600000239443,0.6662000050710049,1,0,0,0.0,0,0,0.0,0.0,0.0,0.0,0.0,0,0,0,0.0,0.0,0.0,0.0,0,False,,,0,0.0,False,"(0, 1)",6.796325709009068,6.796325709009068,6.796325709009068,6,True,62,33,2.0000000000000004,1.410509372666719,0.2613861386138614,0.9892292698551448,0.7114779225891651,0.461063319914057,1.5763291498925713,0.7885053651387621,0.21497043687105272,False,0.1125,0.0,0,False,,0
63,marine_knownmap_path_v2_infosampled,ucb,0.0,False,mode_not_conditional,0.0,0.0,1.0,False,SEARCH,"(16, 21)","(23, 37)","(16, 26)","(23, 41)",search_info,"(20, 41)",997,0.9952957447671977,0.9046384437005642,simple_ring_priority,False,,2,4,adaptive_knownmap_soft,6,8,26,8,0.25,11,62.64279333671874,1.0,4.442009844125808,1.0,0.8207476851851851,0.14816285450453387,67.08480318084455,1.0,0.8207476851851851,0.14816285450453387,8.0,0.0,0.0,5.0,5.25,False,0.0,soft_clearance_astar_v1,adaptive,1.0,67.08480318084455,1.0,8.0,0.0,0.0,0.0,0.0,6.5,0.29632570900906774,-0.0,0.0,0.0,-0.0,0,0.0,0.0,True,1.0,0.0,0.0,0.45628365363901,0.54371634636099,24,24,24,1,0.8433655369647288,1.0,simple_ring,True,4.3863999999302905,0.1812999980757013,0.589600000239443,0.6662000050710049,1,0,0,0.0,0,0,0.0,0.0,0.0,0.0,0.0,0,0,0,0.0,0.0,0.0,0.0,0,False,,,0,0.0,False,"(0, 1)",6.796325709009068,6.796325709009068,6.796325709009068,6,True,63,34,2.0,1.4177319749250157,0.26584158415841586,0.9870345179128437,0.7234925558531795,0.461063319914057,1.5763291498925713,0.7885053651387621,0.21497043687105272,False,0.1125,0.0,0,False,,0
64,marine_knownmap_path_v2_infosampled,ucb,0.0,False,mode_not_conditional,0.0,0.0,1.0,False,SEARCH,"(16, 22)","(23, 37)","(16, 26)","(23, 41)",search_info,"(20, 41)",997,0.9952957447671977,0.9046384437005642,simple_ring_priority,False,,1,4,adaptive_knownmap_soft,5,8,26,8,0.375,11,62.64279333671874,1.0,4.442009844125808,1.0,0.8207476851851851,0.14816285450453387,67.08480318084455,1.0,0.8207476851851851,0.14816285450453387,8.0,0.0,0.0,5.0,5.25,False,0.0,soft_clearance_astar_v1,adaptive,1.0,67.08480318084455,1.0,8.0,0.0,0.0,0.0,0.0,6.5,0.29632570900906774,-0.0,0.0,0.0,-0.0,0,0.0,0.0,True,1.0,0.0,0.0,0.45628365363901,0.54371634636099,24,24,24,1,0.8433655369647288,1.0,simple_ring,True,4.3863999999302905,0.1812999980757013,0.589600000239443,0.6662000050710049,1,0,0,0.0,0,0,0.0,0.0,0.0,0.0,0.0,0,0,0,0.0,0.0,0.0,0.0,0,False,,,0,0.0,False,"(0, 1)",6.796325709009068,6.796325709009068,6.796325709009068,6,True,64,35,2.0,1.4255838932304232,0.2702970297029703,0.988147003201934,0.7074728981281911,0.461063319914057,1.5763291498925713,0.7885053651387621,0.21497043687105272,False,0.125,0.0125,0,False,,0
65,marine_knownmap_path_v2_infosampled,ucb,0.0,False,mode_not_conditional,0.0,0.0,1.0,False,SEARCH,"(16, 23)","(23, 37)","(16, 26)","(23, 41)",search_info,"(20, 41)",997,0.9952957447671977,0.9046384437005642,simple_ring_priority,False,,0,4,adaptive_knownmap_soft,4,8,26,8,0.5,11,62.64279333671874,1.0,4.442009844125808,1.0,0.8207476851851851,0.14816285450453387,67.08480318084455,1.0,0.8207476851851851,0.14816285450453387,8.0,0.0,0.0,5.0,5.25,False,0.0,soft_clearance_astar_v1,adaptive,1.0,67.08480318084455,1.0,8.0,0.0,0.0,0.0,0.0,6.5,0.29632570900906774,-0.0,0.0,0.0,-0.0,0,0.0,0.0,True,1.0,0.0,0.0,0.45628365363901,0.54371634636099,24,24,24,1,0.8433655369647288,1.0,simple_ring,True,4.3863999999302905,0.1812999980757013,0.589600000239443,0.6662000050710049,1,0,0,0.0,0,0,0.0,0.0,0.0,0.0,0.0,0,0,0,0.0,0.0,0.0,0.0,0,False,,,0,0.0,False,"(0, 1)",6.796325709009068,6.796325709009068,6.796325709009068,6,True,65,36,1.9999999999999998,1.4339474101438323,0.27524752475247527,0.9897007735920007,0.6689430276667307,0.461063319914057,1.5763291498925713,0.7885053651387621,0.21497043687105272,False,0.125,0.0,0,False,,0
66,marine_knownmap_path_v2_infosampled,ucb,0.0,False,mode_not_conditional,0.0,0.0,1.0,False,SEARCH,"(16, 24)","(16, 37)","(16, 31)","(16, 41)",search_info,"(18, 41)",939,0.9896455129360275,0.8819277660925323,simple_ring_priority,True,commit_expired,4,4,adaptive_knownmap_soft,8,8,14,8,0.625,12,58.171801807031244,1.0,5.646859732073045,1.0,0.0,0.0,63.81866153910429,1.0,0.0,0.0,8.0,0.0,0.0,2.0,4.125,False,0.0,soft_clearance_astar_v1,adaptive,1.0,63.81866153910429,1.0,8.0,0.0,0.0,0.0,0.0,6.5,0.0,-0.0,0.0,0.0,-0.0,0,0.0,0.0,True,1.0,0.0,0.0,0.443659433558629,0.556340566441371,24,24,24,1,1.5324287905741394,1.0,simple_ring,True,4.073500000231434,0.1401999998051906,0.5337000002327841,0.5390999958763132,1,0,0,0.0,0,0,0.0,0.0,0.0,0.0,0.0,0,0,0,0.0,0.0,0.0,0.0,0,False,,,0,0.0,False,"(0, 1)",5.81009633559368,6.5,6.5,6,True,66,37,2.0,1.442735517022699,0.2801980198019802,0.9891374194774063,0.6002254262493649,0.5325693605528119,1.665711700691015,1.0859123421788113,0.49919303166202134,True,0.125,0.0,0,False,,0
67,marine_knownmap_path_v2_infosampled,ucb,0.0,False,mode_not_conditional,0.0,0.0,1.0,False,SEARCH,"(16, 25)","(16, 37)","(16, 31)","(16, 41)",search_info,"(18, 41)",939,0.9896455129360275,0.8819277660925323,simple_ring_priority,False,,3,4,adaptive_knownmap_soft,7,8,14,8,0.125,12,58.171801807031244,1.0,5.646859732073045,1.0,0.0,0.0,63.81866153910429,1.0,0.0,0.0,8.0,0.0,0.0,2.0,4.125,False,0.0,soft_clearance_astar_v1,adaptive,1.0,63.81866153910429,1.0,8.0,0.0,0.0,0.0,0.0,6.5,0.0,-0.0,0.0,0.0,-0.0,0,0.0,0.0,True,1.0,0.0,0.0,0.443659433558629,0.556340566441371,24,24,24,1,1.5324287905741394,1.0,simple_ring,True,4.073500000231434,0.1401999998051906,0.5337000002327841,0.5390999958763132,1,0,0,0.0,0,0,0.0,0.0,0.0,0.0,0.0,0,0,0,0.0,0.0,0.0,0.0,0,False,,,0,0.0,False,"(0, 1)",5.81009633559368,6.5,6.5,6,True,67,38,1.9999999999999998,1.451950193036725,0.2856435643564356,0.9896003617195044,0.49983505405680756,0.5325693605528119,1.665711700691015,1.0859123421788113,0.49919303166202134,True,0.13580246913580246,0.0,0,False,,0
68,marine_knownmap_path_v2_infosampled,ucb,0.0,False,mode_not_conditional,0.0,0.0,1.0,False,SEARCH,"(16, 26)","(16, 37)","(16, 31)","(16, 41)",search_info,"(18, 41)",939,0.9896455129360275,0.8819277660925323,simple_ring_priority,False,,2,4,adaptive_knownmap_soft,6,8,14,8,0.25,12,58.171801807031244,1.0,5.646859732073045,1.0,0.0,0.0,63.81866153910429,1.0,0.0,0.0,8.0,0.0,0.0,2.0,4.125,False,0.0,soft_clearance_astar_v1,adaptive,1.0,63.81866153910429,1.0,8.0,0.0,0.0,0.0,0.0,6.5,0.0,-0.0,0.0,0.0,-0.0,0,0.0,0.0,True,1.0,0.0,0.0,0.443659433558629,0.556340566441371,24,24,24,1,1.5324287905741394,1.0,simple_ring,True,4.073500000231434,0.1401999998051906,0.5337000002327841,0.5390999958763132,1,0,0,0.0,0,0,0.0,0.0,0.0,0.0,0.0,0,0,0,0.0,0.0,0.0,0.0,0,False,,,0,0.0,False,"(0, 1)",5.81009633559368,6.5,6.5,6,True,68,39,2.0,1.460578499744068,0.2900990099009901,0.9902970015170763,0.5313483110392968,0.5325693605528119,1.665711700691015,1.0859123421788113,0.49919303166202134,True,0.11392405063291139,0.0,0,False,,0
69,marine_knownmap_path_v2_infosampled,ucb,0.0,False,mode_not_conditional,0.0,0.0,1.0,False,SEARCH,"(16, 27)","(16, 37)","(16, 31)","(16, 41)",search_info,"(18, 41)",939,0.9896455129360275,0.8819277660925323,simple_ring_priority,False,,1,4,adaptive_knownmap_soft,5,8,14,8,0.375,12,58.171801807031244,1.0,5.646859732073045,1.0,0.0,0.0,63.81866153910429,1.0,0.0,0.0,8.0,0.0,0.0,2.0,4.125,False,0.0,soft_clearance_astar_v1,adaptive,1.0,63.81866153910429,1.0,8.0,0.0,0.0,0.0,0.0,6.5,0.0,-0.0,0.0,0.0,-0.0,0,0.0,0.0,True,1.0,0.0,0.0,0.443659433558629,0.556340566441371,24,24,24,1,1.5324287905741394,1.0,simple_ring,True,4.073500000231434,0.1401999998051906,0.5337000002327841,0.5390999958763132,1,0,0,0.0,0,0,0.0,0.0,0.0,0.0,0.0,0,0,0,0.0,0.0,0.0,0.0,0,False,,,0,0.0,False,"(0, 1)",5.81009633559368,6.5,6.5,6,True,69,40,2.0,1.468487271784766,0.29405940594059404,0.9907855764961864,0.473339528191589,0.5325693605528119,1.665711700691015,1.0859123421788113,0.49919303166202134,True,0.10526315789473684,0.0,0,False,,0
70,marine_knownmap_path_v2_infosampled,ucb,0.0,False,mode_not_conditional,0.0,0.0,1.0,False,SEARCH,"(16, 28)","(16, 37)","(16, 31)","(16, 41)",search_info,"(18, 41)",939,0.9896455129360275,0.8819277660925323,simple_ring_priority,False,,0,4,adaptive_knownmap_soft,4,8,14,8,0.5,12,58.171801807031244,1.0,5.646859732073045,1.0,0.0,0.0,63.81866153910429,1.0,0.0,0.0,8.0,0.0,0.0,2.0,4.125,False,0.0,soft_clearance_astar_v1,adaptive,1.0,63.81866153910429,1.0,8.0,0.0,0.0,0.0,0.0,6.5,0.0,-0.0,0.0,0.0,-0.0,0,0.0,0.0,True,1.0,0.0,0.0,0.443659433558629,0.556340566441371,24,24,24,1,1.5324287905741394,1.0,simple_ring,True,4.073500000231434,0.1401999998051906,0.5337000002327841,0.5390999958763132,1,0,0,0.0,0,0,0.0,0.0,0.0,0.0,0.0,0,0,0,0.0,0.0,0.0,0.0,0,False,,,0,0.0,False,"(0, 1)",5.81009633559368,6.5,6.5,6,True,70,41,2.0,1.4759301157657474,0.298019801980198,0.9871245374924754,0.4299775375259602,0.5325693605528119,1.665711700691015,1.0859123421788113,0.49919303166202134,True,0.1095890410958904,0.0,0,False,,0
71,marine_knownmap_path_v2_infosampled,ucb,0.0,False,mode_not_conditional,0.0,0.0,1.0,False,SEARCH,"(17, 28)","(24, 28)","(24, 28)","(26, 31)",search_info,"(26, 31)",62,0.9870772480192969,0.9570475551712966,simple_ring_priority,True,commit_expired,4,4,adaptive_knownmap_soft,8,8,8,8,0.625,13,57.09874261640625,0.934001117903703,5.1520091036959945,0.9159940837855697,0.7653486862562188,0.295597700120509,62.250751720102244,1.0,0.7653486862562188,0.295597700120509,8.0,0.0,0.0,2.0,2.875,False,0.0,soft_clearance_astar_v1,adaptive,1.0,62.250751720102244,1.0,8.0,0.0,0.0,0.0,0.0,6.5,0.591195400241018,-0.0,0.0,0.0,-0.0,0,0.0,0.0,False,1.0,0.0,0.0,0.5071604919196866,0.4928395080803133,24,24,24,2,1.453894455994198,0.9893556359348902,simple_ring,True,3.765499999644817,0.04890000673185568,0.427399998443434,0.31570000101055484,1,0,0,0.0,0,0,0.0,0.0,0.0,0.0,0.0,0,0,0,0.0,0.0,0.0,0.0,0,False,,,0,0.0,False,"(1, 0)",1.938432212000885,7.091195400241018,7.091195400241018,7,True,71,0,1.0,1.477231184965351,0.2995049504950495,0.9878123800363781,0.42183476221528315,0.9999999999998168,2.249999999999771,8.129632012402855,0.6387442400627364,True,0.04285714285714286,0.0,1,False,,0
72,marine_knownmap_path_v2_infosampled,ucb,0.0,False,mode_not_conditional,0.0,0.0,1.0,False,SEARCH,"(18, 28)","(24, 28)","(24, 28)","(26, 31)",search_info,"(26, 31)",62,0.9870772480192969,0.9570475551712966,simple_ring_priority,False,,3,4,adaptive_knownmap_soft,7,8,8,8,0.125,13,57.09874261640625,0.934001117903703,5.1520091036959945,0.9159940837855697,0.7653486862562188,0.295597700120509,62.250751720102244,1.0,0.7653486862562188,0.295597700120509,8.0,0.0,0.0,2.0,2.875,False,0.0,soft_clearance_astar_v1,adaptive,1.0,62.250751720102244,1.0,8.0,0.0,0.0,0.0,0.0,6.5,0.591195400241018,-0.0,0.0,0.0,-0.0,0,0.0,0.0,False,1.0,0.0,0.0,0.5071604919196866,0.4928395080803133,24,24,24,2,1.453894455994198,0.9893556359348902,simple_ring,True,3.765499999644817,0.04890000673185568,0.427399998443434,0.31570000101055484,1,0,0,0.0,0,0,0.0,0.0,0.0,0.0,0.0,0,0,0,0.0,0.0,0.0,0.0,0,False,,,0,0.0,False,"(1, 0)",1.938432212000885,7.091195400241018,7.091195400241018,7,True,72,1,0.9999999999999998,1.4833600737930732,0.30297029702970296,0.9872077532561665,0.4085942029064789,0.9999999999998168,2.249999999999771,8.129632012402855,0.6387442400627364,True,0.10294117647058823,0.0,0,False,,0
73,marine_knownmap_path_v2_infosampled,ucb,0.0,False,mode_not_conditional,0.0,0.0,1.0,False,SEARCH,"(19, 28)","(24, 28)","(24, 28)","(26, 31)",search_info,"(26, 31)",62,0.9870772480192969,0.9570475551712966,simple_ring_priority,False,,2,4,adaptive_knownmap_soft,6,8,8,8,0.25,13,57.09874261640625,0.934001117903703,5.1520091036959945,0.9159940837855697,0.7653486862562188,0.295597700120509,62.250751720102244,1.0,0.7653486862562188,0.295597700120509,8.0,0.0,0.0,2.0,2.875,False,0.0,soft_clearance_astar_v1,adaptive,1.0,62.250751720102244,1.0,8.0,0.0,0.0,0.0,0.0,6.5,0.591195400241018,-0.0,0.0,0.0,-0.0,0,0.0,0.0,False,1.0,0.0,0.0,0.5071604919196866,0.4928395080803133,24,24,24,2,1.453894455994198,0.9893556359348902,simple_ring,True,3.765499999644817,0.04890000673185568,0.427399998443434,0.31570000101055484,1,0,0,0.0,0,0,0.0,0.0,0.0,0.0,0.0,0,0,0,0.0,0.0,0.0,0.0,0,False,,,0,0.0,False,"(1, 0)",1.938432212000885,7.091195400241018,7.091195400241018,7,True,73,2,1.0,1.4900485715783747,0.3074257425742574,0.9876997062148909,0.41913616845855434,0.9999999999998168,2.249999999999771,8.129632012402855,0.6387442400627364,True,0.1323529411764706,0.0,0,False,,0
74,marine_knownmap_path_v2_infosampled,ucb,0.0,False,mode_not_conditional,0.0,0.0,1.0,False,SEARCH,"(20, 28)","(24, 28)","(24, 28)","(26, 31)",search_info,"(26, 31)",62,0.9870772480192969,0.9570475551712966,simple_ring_priority,False,,1,4,adaptive_knownmap_soft,5,8,8,8,0.375,13,57.09874261640625,0.934001117903703,5.1520091036959945,0.9159940837855697,0.7653486862562188,0.295597700120509,62.250751720102244,1.0,0.7653486862562188,0.295597700120509,8.0,0.0,0.0,2.0,2.875,False,0.0,soft_clearance_astar_v1,adaptive,1.0,62.250751720102244,1.0,8.0,0.0,0.0,0.0,0.0,6.5,0.591195400241018,-0.0,0.0,0.0,-0.0,0,0.0,0.0,False,1.0,0.0,0.0,0.5071604919196866,0.4928395080803133,24,24,24,2,1.453894455994198,0.9893556359348902,simple_ring,True,3.765499999644817,0.04890000673185568,0.427399998443434,0.31570000101055484,1,0,0,0.0,0,0,0.0,0.0,0.0,0.0,0.0,0,0,0,0.0,0.0,0.0,0.0,0,False,,,0,0.0,False,"(1, 0)",1.938432212000885,7.091195400241018,7.091195400241018,7,True,74,3,1.0,1.4976210663091076,0.3118811881188119,0.9876623990850253,0.42001159472618194,0.9999999999998168,2.249999999999771,8.129632012402855,0.6387442400627364,True,0.1323529411764706,0.0,0,False,,0
75,marine_knownmap_path_v2_infosampled,ucb,0.0,False,mode_not_conditional,0.0,0.0,1.0,False,SEARCH,"(21, 28)","(24, 28)","(24, 28)","(26, 31)",search_info,"(26, 31)",62,0.9870772480192969,0.9570475551712966,simple_ring_priority,False,,0,4,adaptive_knownmap_soft,4,8,8,8,0.5,13,57.09874261640625,0.934001117903703,5.1520091036959945,0.9159940837855697,0.7653486862562188,0.295597700120509,62.250751720102244,1.0,0.7653486862562188,0.295597700120509,8.0,0.0,0.0,2.0,2.875,False,0.0,soft_clearance_astar_v1,adaptive,1.0,62.250751720102244,1.0,8.0,0.0,0.0,0.0,0.0,6.5,0.591195400241018,-0.0,0.0,0.0,-0.0,0,0.0,0.0,False,1.0,0.0,0.0,0.5071604919196866,0.4928395080803133,24,24,24,2,1.453894455994198,0.9893556359348902,simple_ring,True,3.765499999644817,0.04890000673185568,0.427399998443434,0.31570000101055484,1,0,0,0.0,0,0,0.0,0.0,0.0,0.0,0.0,0,0,0,0.0,0.0,0.0,0.0,0,False,,,0,0.0,False,"(1, 0)",1.938432212000885,7.091195400241018,7.091195400241018,7,True,75,4,1.0,1.5059677552919,0.31633663366336634,0.9878056894925296,0.4109508077345757,0.9999999999998168,2.249999999999771,8.129632012402855,0.6387442400627364,True,0.14705882352941177,0.014705882352941176,0,False,,0
76,marine_knownmap_path_v2_infosampled,ucb,0.0,False,mode_not_conditional,0.0,0.0,1.0,False,SEARCH,"(22, 28)","(29, 28)","(29, 28)","(26, 31)",search_info,"(26, 31)",1,0.0,0.0,simple_ring_priority,True,commit_expired,4,4,adaptive_knownmap_soft,8,8,8,8,0.625,14,71.02578874218749,1.0,3.8124777994853867,0.862616115568746,0.0,0.0,74.83826654167288,1.0,0.0,0.0,8.0,0.8695652173913043,0.0,3.0,4.75,False,0.0,soft_clearance_astar_v1,adaptive,1.0,74.83826654167288,1.0,8.0,0.8695652173913043,0.0,0.0,0.0,6.5,0.0,-0.3043478260869565,0.0,0.0,-0.0,0,0.0,0.0,True,1.0,0.0,0.0,0.010048455859643951,0.9899515441403561,24,24,24,6,0.9740959697172692,0.9274189841273556,simple_ring,True,4.4251999988773605,0.059399992096587084,0.5500999996002065,0.4129999997530831,1,0,0,0.0,0,0,0.0,0.0,0.0,0.0,0.0,0,0,0,0.0,0.0,0.0,0.0,0,False,,,0,0.0,False,"(1, 0)",1.592536237234771,6.195652173913044,6.195652173913044,7,True,76,5,1.0000000000000002,1.515221015523697,0.3217821782178218,0.9879431850400009,0.4095050990381958,0.005990185272185401,1.0074877315902317,0.15943199086188037,0.046540097488181276,False,0.15714285714285714,0.0,0,False,,0
77,marine_knownmap_path_v2_infosampled,ucb,0.0,False,mode_not_conditional,0.0,0.0,1.0,False,SEARCH,"(23, 28)","(29, 28)","(29, 28)","(26, 31)",search_info,"(26, 31)",1,0.0,0.0,simple_ring_priority,False,,3,4,adaptive_knownmap_soft,7,8,8,8,0.125,14,71.02578874218749,1.0,3.8124777994853867,0.862616115568746,0.0,0.0,74.83826654167288,1.0,0.0,0.0,8.0,0.8695652173913043,0.0,3.0,4.75,False,0.0,soft_clearance_astar_v1,adaptive,1.0,74.83826654167288,1.0,8.0,0.8695652173913043,0.0,0.0,0.0,6.5,0.0,-0.3043478260869565,0.0,0.0,-0.0,0,0.0,0.0,True,1.0,0.0,0.0,0.010048455859643951,0.9899515441403561,24,24,24,6,0.9740959697172692,0.9274189841273556,simple_ring,True,4.4251999988773605,0.059399992096587084,0.5500999996002065,0.4129999997530831,1,0,0,0.0,0,0,0.0,0.0,0.0,0.0,0.0,0,0,0,0.0,0.0,0.0,0.0,0,False,,,0,0.0,False,"(1, 0)",1.592536237234771,6.195652173913044,6.195652173913044,7,True,77,6,1.0,1.5249951000106492,0.32722772277227724,0.9879884374942467,0.4068551169213395,0.005990185272185401,1.0074877315902317,0.15943199086188037,0.046540097488181276,False,0.1506849315068493,0.0,0,False,,0
78,marine_knownmap_path_v2_infosampled,ucb,0.0,False,mode_not_conditional,0.0,0.0,1.0,False,SEARCH,"(24, 28)","(29, 28)","(29, 28)","(26, 31)",search_info,"(26, 31)",1,0.0,0.0,simple_ring_priority,False,,2,4,adaptive_knownmap_soft,6,8,8,8,0.25,14,71.02578874218749,1.0,3.8124777994853867,0.862616115568746,0.0,0.0,74.83826654167288,1.0,0.0,0.0,8.0,0.8695652173913043,0.0,3.0,4.75,False,0.0,soft_clearance_astar_v1,adaptive,1.0,74.83826654167288,1.0,8.0,0.8695652173913043,0.0,0.0,0.0,6.5,0.0,-0.3043478260869565,0.0,0.0,-0.0,0,0.0,0.0,True,1.0,0.0,0.0,0.010048455859643951,0.9899515441403561,24,24,24,6,0.9740959697172692,0.9274189841273556,simple_ring,True,4.4251999988773605,0.059399992096587084,0.5500999996002065,0.4129999997530831,1,0,0,0.0,0,0,0.0,0.0,0.0,0.0,0.0,0,0,0,0.0,0.0,0.0,0.0,0,False,,,0,0.0,False,"(1, 0)",1.592536237234771,6.195652173913044,6.195652173913044,7,True,78,7,1.0,1.5351544346939079,0.3326732673267327,0.9880218465524211,0.40459900092481493,0.005990185272185401,1.0074877315902317,0.15943199086188037,0.046540097488181276,False,0.14473684210526316,0.0,0,False,,0
79,marine_knownmap_path_v2_infosampled,ucb,0.0,False,mode_not_conditional,0.0,0.0,1.0,False,SEARCH,"(25, 28)","(29, 28)","(29, 28)","(26, 31)",search_info,"(26, 31)",1,0.0,0.0,simple_ring_priority,False,,1,4,adaptive_knownmap_soft,5,8,8,8,0.375,14,71.02578874218749,1.0,3.8124777994853867,0.862616115568746,0.0,0.0,74.83826654167288,1.0,0.0,0.0,8.0,0.8695652173913043,0.0,3.0,4.75,False,0.0,soft_clearance_astar_v1,adaptive,1.0,74.83826654167288,1.0,8.0,0.8695652173913043,0.0,0.0,0.0,6.5,0.0,-0.3043478260869565,0.0,0.0,-0.0,0,0.0,0.0,True,1.0,0.0,0.0,0.010048455859643951,0.9899515441403561,24,24,24,6,0.9740959697172692,0.9274189841273556,simple_ring,True,4.4251999988773605,0.059399992096587084,0.5500999996002065,0.4129999997530831,1,0,0,0.0,0,0,0.0,0.0,0.0,0.0,0.0,0,0,0,0.0,0.0,0.0,0.0,0,False,,,0,0.0,False,"(1, 0)",1.592536237234771,6.195652173913044,6.195652173913044,7,True,79,8,0.9999999999999998,1.5455821378977614,0.33811881188118814,0.9880553900591993,0.40443501899255413,0.005990185272185401,1.0074877315902317,0.15943199086188037,0.046540097488181276,False,0.13924050632911392,0.0,0,False,,0
80,marine_knownmap_path_v2_infosampled,ucb,0.0,False,mode_not_conditional,0.0,0.0,1.0,False,SEARCH,"(26, 28)","(29, 28)","(29, 28)","(26, 31)",search_info,"(26, 31)",1,0.0,0.0,simple_ring_priority,False,,0,4,adaptive_knownmap_soft,4,8,8,8,0.5,14,71.02578874218749,1.0,3.8124777994853867,0.862616115568746,0.0,0.0,74.83826654167288,1.0,0.0,0.0,8.0,0.8695652173913043,0.0,3.0,4.75,False,0.0,soft_clearance_astar_v1,adaptive,1.0,74.83826654167288,1.0,8.0,0.8695652173913043,0.0,0.0,0.0,6.5,0.0,-0.3043478260869565,0.0,0.0,-0.0,0,0.0,0.0,True,1.0,0.0,0.0,0.010048455859643951,0.9899515441403561,24,24,24,6,0.9740959697172692,0.9274189841273556,simple_ring,True,4.4251999988773605,0.059399992096587084,0.5500999996002065,0.4129999997530831,1,0,0,0.0,0,0,0.0,0.0,0.0,0.0,0.0,0,0,0,0.0,0.0,0.0,0.0,0,False,,,0,0.0,False,"(1, 0)",1.592536237234771,6.195652173913044,6.195652173913044,7,True,80,9,0.9999999999999998,1.556101176230936,0.3430693069306931,0.9880835063169287,0.40097049042922817,0.005990185272185401,1.0074877315902317,0.15943199086188037,0.046540097488181276,False,0.125,0.0,0,False,,0
81,marine_knownmap_path_v2_infosampled,ucb,0.0,False,mode_not_conditional,0.0,0.0,1.0,False,SEARCH,"(26, 29)","(27, 35)","(27, 35)","(26, 31)",search_info,"(26, 31)",1,0.0,0.0,simple_ring_priority,True,commit_expired,4,4,adaptive_knownmap_soft,8,8,8,8,0.625,15,59.5725645578125,1.0,3.763911616728964,0.9836201821595372,0.32555555555555554,0.14155367646014158,63.33647617454146,1.0,0.32555555555555554,0.14155367646014158,8.25,1.0,0.0,5.0,5.25,False,0.0,soft_clearance_astar_v1,adaptive,1.0,63.33647617454146,1.0,8.25,1.0,0.0,0.0,0.0,6.5,0.28310735292028316,-0.35,0.0,0.0,-0.0,1,0.0,0.0,True,1.0,0.0,0.0,0.001541627373562561,0.9984583726264374,24,24,24,2,0.8907060537788959,0.9624771918980043,simple_ring,True,6.199100000230828,0.08339999840245582,0.5461000000650529,0.3682000078697456,1,0,0,0.0,0,0,0.0,0.0,0.0,0.0,0.0,0,0,0,0.0,0.0,0.0,0.0,0,False,,,0,0.0,False,"(0, 1)",3.0765835623784668,6.433107352920284,6.433107352920284,7,True,81,10,1.0,1.5646489204923237,0.346039603960396,0.9881062490739346,0.40019285157246304,0.005442147071358841,1.0068026838391986,0.13655955374733567,0.037753918057370814,False,0.07407407407407407,0.0,0,False,,0
82,marine_knownmap_path_v2_infosampled,ucb,0.0,False,mode_not_conditional,0.0,0.0,1.0,False,SEARCH,"(26, 30)","(27, 35)","(27, 35)","(26, 31)",search_info,"(26, 31)",1,0.0,0.0,simple_ring_priority,False,,3,4,adaptive_knownmap_soft,7,8,8,8,0.125,15,59.5725645578125,1.0,3.763911616728964,0.9836201821595372,0.32555555555555554,0.14155367646014158,63.33647617454146,1.0,0.32555555555555554,0.14155367646014158,8.25,1.0,0.0,5.0,5.25,False,0.0,soft_clearance_astar_v1,adaptive,1.0,63.33647617454146,1.0,8.25,1.0,0.0,0.0,0.0,6.5,0.28310735292028316,-0.35,0.0,0.0,-0.0,1,0.0,0.0,True,1.0,0.0,0.0,0.001541627373562561,0.9984583726264374,24,24,24,2,0.8907060537788959,0.9624771918980043,simple_ring,True,6.199100000230828,0.08339999840245582,0.5461000000650529,0.3682000078697456,1,0,0,0.0,0,0,0.0,0.0,0.0,0.0,0.0,0,0,0,0.0,0.0,0.0,0.0,0,False,,,0,0.0,False,"(0, 1)",3.0765835623784668,6.433107352920284,6.433107352920284,7,True,82,11,0.9999999999999998,1.5734122642117967,0.3504950495049505,0.9881272769618394,0.3991310864993875,0.005442147071358841,1.0068026838391986,0.13655955374733567,0.037753918057370814,False,0.1125,0.0,0,False,,0
83,marine_knownmap_path_v2_infosampled,ucb,0.0,False,mode_not_conditional,0.0,0.0,1.0,False,SEARCH,"(26, 31)","(27, 35)","(27, 35)","(26, 31)",search_info,"(26, 31)",1,0.0,0.0,simple_ring_priority,False,,2,4,adaptive_knownmap_soft,6,8,8,8,0.25,15,59.5725645578125,1.0,3.763911616728964,0.9836201821595372,0.32555555555555554,0.14155367646014158,63.33647617454146,1.0,0.32555555555555554,0.14155367646014158,8.25,1.0,0.0,5.0,5.25,False,0.0,soft_clearance_astar_v1,adaptive,1.0,63.33647617454146,1.0,8.25,1.0,0.0,0.0,0.0,6.5,0.28310735292028316,-0.35,0.0,0.0,-0.0,1,0.0,0.0,True,1.0,0.0,0.0,0.001541627373562561,0.9984583726264374,24,24,24,2,0.8907060537788959,0.9624771918980043,simple_ring,True,6.199100000230828,0.08339999840245582,0.5461000000650529,0.3682000078697456,1,0,0,0.0,0,0,0.0,0.0,0.0,0.0,0.0,0,0,0,0.0,0.0,0.0,0.0,0,False,,,0,0.0,False,"(0, 1)",3.0765835623784668,6.433107352920284,6.433107352920284,7,True,83,12,0.9999999999999999,1.5829378885222447,0.35544554455445543,0.9883646337876959,0.39914815300516526,0.005442147071358841,1.0068026838391986,0.13655955374733567,0.037753918057370814,False,0.125,0.0,0,False,,0
84,marine_knownmap_path_v2_infosampled,ucb,0.0,False,mode_not_conditional,0.0,0.0,1.0,False,SEARCH,"(26, 32)","(27, 35)","(27, 35)","(26, 31)",search_info,"(26, 31)",1,0.0,0.0,simple_ring_priority,False,,1,4,adaptive_knownmap_soft,5,8,8,8,0.375,15,59.5725645578125,1.0,3.763911616728964,0.9836201821595372,0.32555555555555554,0.14155367646014158,63.33647617454146,1.0,0.32555555555555554,0.14155367646014158,8.25,1.0,0.0,5.0,5.25,False,0.0,soft_clearance_astar_v1,adaptive,1.0,63.33647617454146,1.0,8.25,1.0,0.0,0.0,0.0,6.5,0.28310735292028316,-0.35,0.0,0.0,-0.0,1,0.0,0.0,True,1.0,0.0,0.0,0.001541627373562561,0.9984583726264374,24,24,24,2,0.8907060537788959,0.9624771918980043,simple_ring,True,6.199100000230828,0.08339999840245582,0.5461000000650529,0.3682000078697456,1,0,0,0.0,0,0,0.0,0.0,0.0,0.0,0.0,0,0,0,0.0,0.0,0.0,0.0,0,False,,,0,0.0,False,"(0, 1)",3.0765835623784668,6.433107352920284,6.433107352920284,7,True,84,13,1.0,1.593165320098355,0.3603960396039604,0.9883356245262835,0.39911405683156886,0.005442147071358841,1.0068026838391986,0.13655955374733567,0.037753918057370814,False,0.125,0.0,0,False,,0
85,marine_knownmap_path_v2_infosampled,ucb,0.0,False,mode_not_conditional,0.0,0.0,1.0,False,SEARCH,"(26, 33)","(27, 35)","(27, 35)","(26, 31)",search_info,"(26, 31)",1,0.0,0.0,simple_ring_priority,False,,0,4,adaptive_knownmap_soft,4,8,8,8,0.5,15,59.5725645578125,1.0,3.763911616728964,0.9836201821595372,0.32555555555555554,0.14155367646014158,63.33647617454146,1.0,0.32555555555555554,0.14155367646014158,8.25,1.0,0.0,5.0,5.25,False,0.0,soft_clearance_astar_v1,adaptive,1.0,63.33647617454146,1.0,8.25,1.0,0.0,0.0,0.0,6.5,0.28310735292028316,-0.35,0.0,0.0,-0.0,1,0.0,0.0,True,1.0,0.0,0.0,0.001541627373562561,0.9984583726264374,24,24,24,2,0.8907060537788959,0.9624771918980043,simple_ring,True,6.199100000230828,0.08339999840245582,0.5461000000650529,0.3682000078697456,1,0,0,0.0,0,0,0.0,0.0,0.0,0.0,0.0,0,0,0,0.0,0.0,0.0,0.0,0,False,,,0,0.0,False,"(0, 1)",3.0765835623784668,6.433107352920284,6.433107352920284,7,True,85,14,1.0,1.6039110055944705,0.36534653465346534,0.9882450976110153,0.39579177474226157,0.005442147071358841,1.0068026838391986,0.13655955374733567,0.037753918057370814,False,0.125,0.0,0,False,,0
86,marine_knownmap_path_v2_infosampled,ucb,0.0,False,mode_not_conditional,0.0,0.0,1.0,False,SEARCH,"(26, 34)","(29, 34)","(29, 34)","(26, 31)",search_info,"(26, 31)",1,0.0,0.0,simple_ring_priority,True,commit_expired,4,4,adaptive_knownmap_soft,4,4,4,4,0.625,16,32.396249999999995,1.0,2.0002780054078193,0.8496644670677336,0.1603125,0.07592405402297062,34.396528005407816,1.0,0.1603125,0.07592405402297062,4.25,0.34615384615384615,0.0,5.0,6.5,False,0.0,soft_clearance_astar_v1,adaptive,1.0,34.396528005407816,1.0,4.25,0.34615384615384615,0.0,0.0,0.0,6.5,0.15184810804594123,-0.12115384615384614,0.0,0.0,-0.0,1,0.0,0.0,True,0.447213595499958,0.0,0.0,0.8642853472680381,0.13571465273196187,24,24,24,5,0.7403900722747181,0.9422470339299065,simple_ring,True,4.083699999682722,0.06519999988086056,0.5597999988822266,0.377800004571327,1,0,0,0.0,0,0,0.0,0.0,0.0,0.0,0.0,0,0,0,0.0,0.0,0.0,0.0,0,False,,,0,0.0,False,"(0, 1)",4.78149099771768,6.530694261892095,6.530694261892095,7,True,86,15,0.9999999999999999,1.6150261790096991,0.3702970297029703,0.9881370839246906,0.36392613651433875,8.973063699810567e-196,1.0,0.019105127779161523,0.001065752374568275,False,0.125,0.0,0,False,,0
87,marine_knownmap_path_v2_infosampled,ucb,0.0,False,mode_not_conditional,0.0,0.0,1.0,False,SEARCH,"(27, 34)","(29, 34)","(29, 34)","(26, 31)",search_info,"(26, 31)",1,0.0,0.0,simple_ring_priority,False,,3,4,adaptive_knownmap_soft,3,4,4,4,0.25,16,32.396249999999995,1.0,2.0002780054078193,0.8496644670677336,0.1603125,0.07592405402297062,34.396528005407816,1.0,0.1603125,0.07592405402297062,4.25,0.34615384615384615,0.0,5.0,6.5,False,0.0,soft_clearance_astar_v1,adaptive,1.0,34.396528005407816,1.0,4.25,0.34615384615384615,0.0,0.0,0.0,6.5,0.15184810804594123,-0.12115384615384614,0.0,0.0,-0.0,1,0.0,0.0,True,0.447213595499958,0.0,0.0,0.8642853472680381,0.13571465273196187,24,24,24,5,0.7403900722747181,0.9422470339299065,simple_ring,True,4.083699999682722,0.06519999988086056,0.5597999988822266,0.377800004571327,1,0,0,0.0,0,0,0.0,0.0,0.0,0.0,0.0,0,0,0,0.0,0.0,0.0,0.0,0,False,,,0,0.0,False,"(0, 1)",4.78149099771768,6.530694261892095,6.530694261892095,7,True,87,16,0.9999999999999998,1.6242665143490118,0.37326732673267327,0.9906609858157178,0.5979965217748461,8.973063699810567e-196,1.0,0.019105127779161523,0.001065752374568275,False,0.07407407407407407,0.0,0,False,,0
88,marine_knownmap_path_v2_infosampled,ucb,0.0,False,mode_not_conditional,0.0,0.0,1.0,False,SEARCH,"(28, 34)","(29, 34)","(29, 34)","(26, 31)",search_info,"(26, 31)",1,0.0,0.0,simple_ring_priority,False,,2,4,adaptive_knownmap_soft,2,4,4,4,0.5,16,32.396249999999995,1.0,2.0002780054078193,0.8496644670677336,0.1603125,0.07592405402297062,34.396528005407816,1.0,0.1603125,0.07592405402297062,4.25,0.34615384615384615,0.0,5.0,6.5,False,0.0,soft_clearance_astar_v1,adaptive,1.0,34.396528005407816,1.0,4.25,0.34615384615384615,0.0,0.0,0.0,6.5,0.15184810804594123,-0.12115384615384614,0.0,0.0,-0.0,1,0.0,0.0,True,0.447213595499958,0.0,0.0,0.8642853472680381,0.13571465273196187,24,24,24,5,0.7403900722747181,0.9422470339299065,simple_ring,True,4.083699999682722,0.06519999988086056,0.5597999988822266,0.377800004571327,1,0,0,0.0,0,0,0.0,0.0,0.0,0.0,0.0,0,0,0,0.0,0.0,0.0,0.0,0,False,,,0,0.0,False,"(0, 1)",4.78149099771768,6.530694261892095,6.530694261892095,7,True,88,17,0.9999999999999999,1.6338962249119169,0.3777227722772277,0.9914658997873695,0.679063871184355,8.973063699810567e-196,1.0,0.019105127779161523,0.001065752374568275,False,0.1111111111111111,0.0,0,False,,0
89,marine_knownmap_path_v2_infosampled,ucb,0.0,False,mode_not_conditional,0.0,0.0,1.0,False,SEARCH,"(29, 34)","(29, 34)","(29, 34)","(26, 31)",search_info,"(26, 31)",1,0.0,0.0,simple_ring_priority,False,,1,4,adaptive_knownmap_soft,1,4,4,4,0.75,16,32.396249999999995,1.0,2.0002780054078193,0.8496644670677336,0.1603125,0.07592405402297062,34.396528005407816,1.0,0.1603125,0.07592405402297062,4.25,0.34615384615384615,0.0,5.0,6.5,False,0.0,soft_clearance_astar_v1,adaptive,1.0,34.396528005407816,1.0,4.25,0.34615384615384615,0.0,0.0,0.0,6.5,0.15184810804594123,-0.12115384615384614,0.0,0.0,-0.0,1,0.0,0.0,True,0.447213595499958,0.0,0.0,0.8642853472680381,0.13571465273196187,24,24,24,5,0.7403900722747181,0.9422470339299065,simple_ring,True,4.083699999682722,0.06519999988086056,0.5597999988822266,0.377800004571327,1,0,0,0.0,0,0,0.0,0.0,0.0,0.0,0.0,0,0,0,0.0,0.0,0.0,0.0,0,False,,,0,0.0,False,"(0, 1)",4.78149099771768,6.530694261892095,6.530694261892095,7,True,89,18,1.0,1.6445279424871968,0.3826732673267327,0.9888203125790662,0.6801478119487318,8.973063699810567e-196,1.0,0.019105127779161523,0.001065752374568275,False,0.12345679012345678,0.0,0,False,,0
90,marine_knownmap_path_v2_infosampled,ucb,0.0,False,mode_not_conditional,0.0,0.0,1.0,False,SEARCH,"(29, 33)","(36, 27)","(30, 27)","(37, 23)",search_info,"(37, 23)",18,0.9069568033774107,0.8744293433133008,simple_ring_priority,True,segment_empty,4,4,adaptive_knownmap_soft,8,8,14,8,1.0,17,24.279962653124997,1.0,2.3270596629209543,1.0,2.736850259269593,0.8463892681145403,26.607022316045953,1.0,2.736850259269593,0.8463892681145403,8.25,1.0,0.0,4.0,6.25,False,0.0,soft_clearance_astar_v1,adaptive,1.0,26.607022316045953,1.0,8.25,1.0,0.0,0.0,0.0,6.5,1.6927785362290806,-0.35,0.0,0.0,-0.0,1,0.0,0.0,False,1.0,0.0,0.0,0.4883187506348921,0.5116812493651078,24,24,24,3,1.088215914687595,0.9284580030320505,simple_ring,True,3.835800000160816,0.16939999113674276,0.933099998292164,0.7683000003453344,1,0,0,0.0,0,0,0.0,0.0,0.0,0.0,0.0,0,0,0,0.0,0.0,0.0,0.0,0,False,,,0,0.0,False,"(0, -1)",0.0,7.842778536229082,7.842778536229082,8,True,90,19,1.0,1.650821854355549,0.38415841584158417,0.9764993610203725,0.6857437075960148,0.49076841918361475,1.6134605239795183,0.5571153654264294,0.47262675376105856,False,0.04938271604938271,0.012345679012345678,0,False,,0
91,marine_knownmap_path_v2_infosampled,ucb,0.0,False,mode_not_conditional,0.0,0.0,1.0,False,SEARCH,"(29, 32)","(36, 27)","(30, 27)","(37, 23)",search_info,"(37, 23)",18,0.9069568033774107,0.8744293433133008,simple_ring_priority,False,,3,4,adaptive_knownmap_soft,7,8,14,8,0.125,17,24.279962653124997,1.0,2.3270596629209543,1.0,2.736850259269593,0.8463892681145403,26.607022316045953,1.0,2.736850259269593,0.8463892681145403,8.25,1.0,0.0,4.0,6.25,False,0.0,soft_clearance_astar_v1,adaptive,1.0,26.607022316045953,1.0,8.25,1.0,0.0,0.0,0.0,6.5,1.6927785362290806,-0.35,0.0,0.0,-0.0,1,0.0,0.0,False,1.0,0.0,0.0,0.4883187506348921,0.5116812493651078,24,24,24,3,1.088215914687595,0.9284580030320505,simple_ring,True,3.835800000160816,0.16939999113674276,0.933099998292164,0.7683000003453344,1,0,0,0.0,0,0,0.0,0.0,0.0,0.0,0.0,0,0,0,0.0,0.0,0.0,0.0,0,False,,,0,0.0,False,"(0, -1)",0.0,7.842778536229082,7.842778536229082,8,True,91,20,1.0,1.655917361729415,0.38564356435643565,0.9952926778472944,0.7019686587163417,0.49076841918361475,1.6134605239795183,0.5571153654264294,0.47262675376105856,False,0.09876543209876543,0.06172839506172839,0,False,,0
92,marine_knownmap_path_v2_infosampled,ucb,0.0,False,mode_not_conditional,0.0,0.0,1.0,False,SEARCH,"(29, 31)","(36, 27)","(30, 27)","(37, 23)",search_info,"(37, 23)",18,0.9069568033774107,0.8744293433133008,simple_ring_priority,False,,2,4,adaptive_knownmap_soft,6,8,14,8,0.25,17,24.279962653124997,1.0,2.3270596629209543,1.0,2.736850259269593,0.8463892681145403,26.607022316045953,1.0,2.736850259269593,0.8463892681145403,8.25,1.0,0.0,4.0,6.25,False,0.0,soft_clearance_astar_v1,adaptive,1.0,26.607022316045953,1.0,8.25,1.0,0.0,0.0,0.0,6.5,1.6927785362290806,-0.35,0.0,0.0,-0.0,1,0.0,0.0,False,1.0,0.0,0.0,0.4883187506348921,0.5116812493651078,24,24,24,3,1.088215914687595,0.9284580030320505,simple_ring,True,3.835800000160816,0.16939999113674276,0.933099998292164,0.7683000003453344,1,0,0,0.0,0,0,0.0,0.0,0.0,0.0,0.0,0,0,0,0.0,0.0,0.0,0.0,0,False,,,0,0.0,False,"(0, -1)",0.0,7.842778536229082,7.842778536229082,8,True,92,21,1.0,1.660881694325817,0.38762376237623763,0.977406706751074,0.6907002231429892,0.49076841918361475,1.6134605239795183,0.5571153654264294,0.47262675376105856,False,0.12345679012345678,0.07407407407407407,0,False,,0
93,marine_knownmap_path_v2_infosampled,ucb,0.0,False,mode_not_conditional,0.0,0.0,1.0,False,SEARCH,"(29, 30)","(36, 27)","(30, 27)","(37, 23)",search_info,"(37, 23)",18,0.9069568033774107,0.8744293433133008,simple_ring_priority,False,,1,4,adaptive_knownmap_soft,5,8,14,8,0.375,17,24.279962653124997,1.0,2.3270596629209543,1.0,2.736850259269593,0.8463892681145403,26.607022316045953,1.0,2.736850259269593,0.8463892681145403,8.25,1.0,0.0,4.0,6.25,False,0.0,soft_clearance_astar_v1,adaptive,1.0,26.607022316045953,1.0,8.25,1.0,0.0,0.0,0.0,6.5,1.6927785362290806,-0.35,0.0,0.0,-0.0,1,0.0,0.0,False,1.0,0.0,0.0,0.4883187506348921,0.5116812493651078,24,24,24,3,1.088215914687595,0.9284580030320505,simple_ring,True,3.835800000160816,0.16939999113674276,0.933099998292164,0.7683000003453344,1,0,0,0.0,0,0,0.0,0.0,0.0,0.0,0.0,0,0,0,0.0,0.0,0.0,0.0,0,False,,,0,0.0,False,"(0, -1)",0.0,7.842778536229082,7.842778536229082,8,True,93,22,1.0,1.6660828764514042,0.3896039603960396,0.9723321453835826,0.6812327521533698,0.49076841918361475,1.6134605239795183,0.5571153654264294,0.47262675376105856,False,0.12345679012345678,0.07407407407407407,0,False,,0
94,marine_knownmap_path_v2_infosampled,ucb,0.0,False,mode_not_conditional,0.0,0.0,1.0,False,SEARCH,"(29, 29)","(36, 27)","(30, 27)","(37, 23)",search_info,"(37, 23)",18,0.9069568033774107,0.8744293433133008,simple_ring_priority,False,,0,4,adaptive_knownmap_soft,4,8,14,8,0.5,17,24.279962653124997,1.0,2.3270596629209543,1.0,2.736850259269593,0.8463892681145403,26.607022316045953,1.0,2.736850259269593,0.8463892681145403,8.25,1.0,0.0,4.0,6.25,False,0.0,soft_clearance_astar_v1,adaptive,1.0,26.607022316045953,1.0,8.25,1.0,0.0,0.0,0.0,6.5,1.6927785362290806,-0.35,0.0,0.0,-0.0,1,0.0,0.0,False,1.0,0.0,0.0,0.4883187506348921,0.5116812493651078,24,24,24,3,1.088215914687595,0.9284580030320505,simple_ring,True,3.835800000160816,0.16939999113674276,0.933099998292164,0.7683000003453344,1,0,0,0.0,0,0,0.0,0.0,0.0,0.0,0.0,0,0,0,0.0,0.0,0.0,0.0,0,False,,,0,0.0,False,"(0, -1)",0.0,7.842778536229082,7.842778536229082,8,True,94,23,1.0,1.6715678237862508,0.3915841584158416,0.9866622596958732,0.6993249236046752,0.49076841918361475,1.6134605239795183,0.5571153654264294,0.47262675376105856,False,0.13580246913580246,0.08641975308641975,0,False,,0
95,marine_knownmap_path_v2_infosampled,ucb,0.0,False,mode_not_conditional,0.0,0.0,1.0,False,SEARCH,"(29, 28)","(36, 27)","(35, 27)","(37, 23)",current_viewpoint,"(37, 23)",1,0.0,0.0,current_viewpoint,True,commit_expired,4,4,adaptive_knownmap_soft,8,8,9,8,0.625,17,41.072760887499996,1.0,4.205058344881945,1.0,1.3391340837673609,0.0,45.277819232381944,1.0,1.3391340837673609,0.0,8.25,0.0,0.0,4.0,4.25,False,0.0,soft_clearance_astar_v1,adaptive,1.0,45.277819232381944,1.0,8.25,0.0,0.0,0.0,0.0,6.5,0.0,-0.0,0.0,0.0,-0.0,1,0.0,0.0,False,0.0,0.0,0.0,0.5056363146317003,0.4943636853682996,0,0,0,0,0.0,0.0,current_viewpoint,True,4.49789999947825,0.17470000057073776,0.746299998354516,0.721399997928529,1,0,0,0.0,0,0,0.0,0.0,0.0,0.0,0.0,0,0,0,0.0,0.0,0.0,0.0,0,False,,,0,0.0,False,"(0, -1)",6.5,6.5,6.5,9,False,94,24,1.0,1.6768432880264152,0.3940594059405941,0.9737000439744499,0.6884579252593028,0.5003521849019937,1.625440231127492,0.2589313733355684,0.4728702181349772,True,0.125,0.0625,0,False,,0
96,marine_knownmap_path_v2_infosampled,ucb,0.0,False,mode_not_conditional,0.0,0.0,1.0,False,SEARCH,"(29, 27)","(36, 27)","(35, 27)","(37, 23)",current_viewpoint,"(37, 23)",1,0.0,0.0,current_viewpoint,False,,3,4,adaptive_knownmap_soft,7,8,9,8,0.125,17,41.072760887499996,1.0,4.205058344881945,1.0,1.3391340837673609,0.0,45.277819232381944,1.0,1.3391340837673609,0.0,8.25,0.0,0.0,4.0,4.25,False,0.0,soft_clearance_astar_v1,adaptive,1.0,45.277819232381944,1.0,8.25,0.0,0.0,0.0,0.0,6.5,0.0,-0.0,0.0,0.0,-0.0,1,0.0,0.0,False,0.0,0.0,0.0,0.5056363146317003,0.4943636853682996,0,0,0,0,0.0,0.0,current_viewpoint,True,4.49789999947825,0.17470000057073776,0.746299998354516,0.721399997928529,1,0,0,0.0,0,0,0.0,0.0,0.0,0.0,0.0,0,0,0,0.0,0.0,0.0,0.0,0,False,,,0,0.0,False,"(0, -1)",6.5,6.5,6.5,9,False,94,25,1.0,1.680668189479765,0.39504950495049507,0.9999427665588023,0.7070204435226479,0.5003521849019937,1.625440231127492,0.2589313733355684,0.4728702181349772,True,0.0547945205479452,0.0273972602739726,0,False,,0
97,marine_knownmap_path_v2_infosampled,ucb,0.0,False,mode_not_conditional,0.0,0.0,1.0,False,SEARCH,"(30, 27)","(36, 27)","(35, 27)","(37, 23)",current_viewpoint,"(37, 23)",1,0.0,0.0,current_viewpoint,False,,2,4,adaptive_knownmap_soft,6,8,9,8,0.25,17,41.072760887499996,1.0,4.205058344881945,1.0,1.3391340837673609,0.0,45.277819232381944,1.0,1.3391340837673609,0.0,8.25,0.0,0.0,4.0,4.25,False,0.0,soft_clearance_astar_v1,adaptive,1.0,45.277819232381944,1.0,8.25,0.0,0.0,0.0,0.0,6.5,0.0,-0.0,0.0,0.0,-0.0,1,0.0,0.0,False,0.0,0.0,0.0,0.5056363146317003,0.4943636853682996,0,0,0,0,0.0,0.0,current_viewpoint,True,4.49789999947825,0.17470000057073776,0.746299998354516,0.721399997928529,1,0,0,0.0,0,0,0.0,0.0,0.0,0.0,0.0,0,0,0,0.0,0.0,0.0,0.0,0,False,,,0,0.0,False,"(0, -1)",6.5,6.5,6.5,9,False,94,26,1.0,1.6858005974861798,0.39702970297029705,0.9987288120082105,0.7071003994956554,0.5003521849019937,1.625440231127492,0.2589313733355684,0.4728702181349772,True,0.0547945205479452,0.0,0,False,,0
98,marine_knownmap_path_v2_infosampled,ucb,0.0,False,mode_not_conditional,0.0,0.0,1.0,False,SEARCH,"(31, 27)","(36, 27)","(35, 27)","(37, 23)",current_viewpoint,"(37, 23)",1,0.0,0.0,current_viewpoint,False,,1,4,adaptive_knownmap_soft,5,8,9,8,0.375,17,41.072760887499996,1.0,4.205058344881945,1.0,1.3391340837673609,0.0,45.277819232381944,1.0,1.3391340837673609,0.0,8.25,0.0,0.0,4.0,4.25,False,0.0,soft_clearance_astar_v1,adaptive,1.0,45.277819232381944,1.0,8.25,0.0,0.0,0.0,0.0,6.5,0.0,-0.0,0.0,0.0,-0.0,1,0.0,0.0,False,0.0,0.0,0.0,0.5056363146317003,0.4943636853682996,0,0,0,0,0.0,0.0,current_viewpoint,True,4.49789999947825,0.17470000057073776,0.746299998354516,0.721399997928529,1,0,0,0.0,0,0,0.0,0.0,0.0,0.0,0.0,0,0,0,0.0,0.0,0.0,0.0,0,False,,,0,0.0,False,"(0, -1)",6.5,6.5,6.5,9,False,94,27,1.0000000000000002,1.6931105317735247,0.400990099009901,1.0,0.705032801714196,0.5003521849019937,1.625440231127492,0.2589313733355684,0.4728702181349772,True,0.10810810810810811,0.0,0,False,,0
99,marine_knownmap_path_v2_infosampled,ucb,0.0,False,mode_not_conditional,0.0,0.0,1.0,False,SEARCH,"(32, 27)","(36, 27)","(35, 27)","(37, 23)",current_viewpoint,"(37, 23)",1,0.0,0.0,current_viewpoint,False,,0,4,adaptive_knownmap_soft,4,8,9,8,0.5,17,41.072760887499996,1.0,4.205058344881945,1.0,1.3391340837673609,0.0,45.277819232381944,1.0,1.3391340837673609,0.0,8.25,0.0,0.0,4.0,4.25,False,0.0,soft_clearance_astar_v1,adaptive,1.0,45.277819232381944,1.0,8.25,0.0,0.0,0.0,0.0,6.5,0.0,-0.0,0.0,0.0,-0.0,1,0.0,0.0,False,0.0,0.0,0.0,0.5056363146317003,0.4943636853682996,0,0,0,0,0.0,0.0,current_viewpoint,True,4.49789999947825,0.17470000057073776,0.746299998354516,0.721399997928529,1,0,0,0.0,0,0,0.0,0.0,0.0,0.0,0.0,0,0,0,0.0,0.0,0.0,0.0,0,False,,,0,0.0,False,"(0, -1)",6.5,6.5,6.5,9,False,94,28,1.0,1.7024580229497668,0.4054455445544555,0.905535544273,0.6334972215504597,0.5003521849019937,1.625440231127492,0.2589313733355684,0.4728702181349772,True,0.12,0.0,0,False,,0
100,marine_knownmap_path_v2_infosampled,ucb,0.0,False,mode_not_conditional,0.0,0.0,1.0,False,SEARCH,"(32, 26)","(35, 20)","(35, 22)","(37, 23)",fallback_local,"(37, 23)",1,0.0,0.0,simple_ring_priority,True,commit_expired,4,4,adaptive_knownmap_soft,8,8,10,8,0.625,18,29.914966325781247,1.0,3.6708169345455435,1.0,3.1857591546674673,0.8055814372855208,33.58578326032679,1.0,3.1857591546674673,0.8055814372855208,9.0,1.0,0.0,2.0,2.375,False,0.0,soft_clearance_astar_v1,adaptive,1.0,33.58578326032679,1.0,9.0,1.0,0.0,0.0,0.0,6.5,1.6111628745710416,-0.35,0.0,0.0,-0.0,4,0.0,0.0,False,1.0,0.0,0.0,0.09730075427911561,0.9026992457208843,24,24,24,1,0.9328092468154561,1.0,simple_ring,True,4.109099998458987,0.1201999984914437,0.5209000009926967,0.5082000061520375,1,0,0,0.0,0,0,0.0,0.0,0.0,0.0,0.0,0,0,0,0.0,0.0,0.0,0.0,0,False,,,0,0.0,False,"(0, -1)",4.7982418969603975,7.761162874571042,7.761162874571042,10,False,94,29,1.0,1.708623953655717,0.4074257425742574,0.9722412313690652,0.6805596577104912,0.48115212225989856,1.6014401528248732,0.26971246235847784,0.2778011922687517,False,0.057971014492753624,0.0,0,False,,0
101,marine_knownmap_path_v2_infosampled,ucb,0.0,False,mode_not_conditional,0.0,0.0,1.0,False,SEARCH,"(32, 25)","(35, 20)","(35, 22)","(37, 23)",fallback_local,"(37, 23)",1,0.0,0.0,simple_ring_priority,False,,3,4,adaptive_knownmap_soft,7,8,10,8,0.125,18,29.914966325781247,1.0,3.6708169345455435,1.0,3.1857591546674673,0.8055814372855208,33.58578326032679,1.0,3.1857591546674673,0.8055814372855208,9.0,1.0,0.0,2.0,2.375,False,0.0,soft_clearance_astar_v1,adaptive,1.0,33.58578326032679,1.0,9.0,1.0,0.0,0.0,0.0,6.5,1.6111628745710416,-0.35,0.0,0.0,-0.0,4,0.0,0.0,False,1.0,0.0,0.0,0.09730075427911561,0.9026992457208843,24,24,24,1,0.9328092468154561,1.0,simple_ring,True,4.109099998458987,0.1201999984914437,0.5209000009926967,0.5082000061520375,1,0,0,0.0,0,0,0.0,0.0,0.0,0.0,0.0,0,0,0,0.0,0.0,0.0,0.0,0,False,,,0,0.0,False,"(0, -1)",4.7982418969603975,7.761162874571042,7.761162874571042,10,False,94,30,0.9999999999999998,1.7134519606107512,0.4094059405940594,0.9082984546872053,0.6354130812466052,0.48115212225989856,1.6014401528248732,0.26971246235847784,0.2778011922687517,False,0.06349206349206349,0.0,0,False,,0
102,marine_knownmap_path_v2_infosampled,ucb,0.0,False,mode_not_conditional,0.0,0.0,1.0,False,SEARCH,"(33, 25)","(35, 20)","(35, 22)","(37, 23)",fallback_local,"(37, 23)",1,0.0,0.0,simple_ring_priority,False,,2,4,adaptive_knownmap_soft,6,8,10,8,0.25,18,29.914966325781247,1.0,3.6708169345455435,1.0,3.1857591546674673,0.8055814372855208,33.58578326032679,1.0,3.1857591546674673,0.8055814372855208,9.0,1.0,0.0,2.0,2.375,False,0.0,soft_clearance_astar_v1,adaptive,1.0,33.58578326032679,1.0,9.0,1.0,0.0,0.0,0.0,6.5,1.6111628745710416,-0.35,0.0,0.0,-0.0,4,0.0,0.0,False,1.0,0.0,0.0,0.09730075427911561,0.9026992457208843,24,24,24,1,0.9328092468154561,1.0,simple_ring,True,4.109099998458987,0.1201999984914437,0.5209000009926967,0.5082000061520375,1,0,0,0.0,0,0,0.0,0.0,0.0,0.0,0.0,0,0,0,0.0,0.0,0.0,0.0,0,False,,,0,0.0,False,"(0, -1)",4.7982418969603975,7.761162874571042,7.761162874571042,10,False,94,31,0.9999999999999999,1.7206071807807597,0.41237623762376235,0.8882728798630966,0.6123572345336354,0.48115212225989856,1.6014401528248732,0.26971246235847784,0.2778011922687517,False,0.09090909090909091,0.0,0,False,,0
103,marine_knownmap_path_v2_infosampled,ucb,0.0,False,mode_not_conditional,0.0,0.0,1.0,False,SEARCH,"(34, 25)","(35, 20)","(35, 22)","(37, 23)",fallback_local,"(37, 23)",1,0.0,0.0,simple_ring_priority,False,,1,4,adaptive_knownmap_soft,5,8,10,8,0.375,18,29.914966325781247,1.0,3.6708169345455435,1.0,3.1857591546674673,0.8055814372855208,33.58578326032679,1.0,3.1857591546674673,0.8055814372855208,9.0,1.0,0.0,2.0,2.375,False,0.0,soft_clearance_astar_v1,adaptive,1.0,33.58578326032679,1.0,9.0,1.0,0.0,0.0,0.0,6.5,1.6111628745710416,-0.35,0.0,0.0,-0.0,4,0.0,0.0,False,1.0,0.0,0.0,0.09730075427911561,0.9026992457208843,24,24,24,1,0.9328092468154561,1.0,simple_ring,True,4.109099998458987,0.1201999984914437,0.5209000009926967,0.5082000061520375,1,0,0,0.0,0,0,0.0,0.0,0.0,0.0,0.0,0,0,0,0.0,0.0,0.0,0.0,0,False,,,0,0.0,False,"(0, -1)",4.7982418969603975,7.761162874571042,7.761162874571042,10,False,94,32,1.0000000000000002,1.7290526440801695,0.4163366336633663,0.8556819794498711,0.5903458833456842,0.48115212225989856,1.6014401528248732,0.26971246235847784,0.2778011922687517,False,0.13043478260869565,0.014492753623188406,0,False,,0
104,marine_knownmap_path_v2_infosampled,ucb,0.0,False,mode_not_conditional,0.0,0.0,1.0,False,SEARCH,"(34, 24)","(35, 20)","(35, 22)","(37, 23)",fallback_local,"(37, 23)",1,0.0,0.0,simple_ring_priority,False,,0,4,adaptive_knownmap_soft,4,8,10,8,0.5,18,29.914966325781247,1.0,3.6708169345455435,1.0,3.1857591546674673,0.8055814372855208,33.58578326032679,1.0,3.1857591546674673,0.8055814372855208,9.0,1.0,0.0,2.0,2.375,False,0.0,soft_clearance_astar_v1,adaptive,1.0,33.58578326032679,1.0,9.0,1.0,0.0,0.0,0.0,6.5,1.6111628745710416,-0.35,0.0,0.0,-0.0,4,0.0,0.0,False,1.0,0.0,0.0,0.09730075427911561,0.9026992457208843,24,24,24,1,0.9328092468154561,1.0,simple_ring,True,4.109099998458987,0.1201999984914437,0.5209000009926967,0.5082000061520375,1,0,0,0.0,0,0,0.0,0.0,0.0,0.0,0.0,0,0,0,0.0,0.0,0.0,0.0,0,False,,,0,0.0,False,"(0, -1)",4.7982418969603975,7.761162874571042,7.761162874571042,10,False,94,33,1.0,1.735121957922544,0.4183168316831683,0.8951569141700072,0.6013826706962117,0.48115212225989856,1.6014401528248732,0.26971246235847784,0.2778011922687517,False,0.07692307692307693,0.015384615384615385,0,False,,0
105,marine_knownmap_path_v2_infosampled,ucb,0.0,False,mode_not_conditional,0.0,0.0,1.0,False,SEARCH,"(35, 24)","(35, 7)","(35, 17)","(36, 3)",search_info,"(36, 3)",17,0.8057733435513025,0.7825850690473781,simple_ring_priority,True,commit_expired,4,4,adaptive_knownmap_soft,8,8,18,8,0.625,19,24.72220279296875,1.0,3.1942694405814005,0.8060219961671229,5.41770248532986,1.0,27.916472233550152,1.0,5.41770248532986,1.0,8.25,0.8571428571428571,0.0,2.0,2.75,False,0.0,soft_clearance_astar_v1,adaptive,1.0,27.916472233550152,1.0,8.25,0.8571428571428571,0.0,0.0,0.0,6.5,2.0,-0.3,0.0,0.0,-0.0,1,0.0,0.0,False,1.0,0.0,0.0,0.4679163301900927,0.5320836698099074,24,24,24,2,0.9478285968467838,0.9607602227092711,simple_ring,True,4.080700000486104,0.11469999299151823,0.5030999982409412,0.5425000017567072,1,0,0,0.0,0,0,0.0,0.0,0.0,0.0,0.0,0,0,0,0.0,0.0,0.0,0.0,0,False,,,0,0.0,False,"(1, 0)",4.226184499815101,8.2,8.2,11,True,95,34,1.0,1.7397285183123514,0.4193069306930693,0.8800277521032821,0.6065309842598222,0.4836950613512818,1.6046188266891024,0.8194066133142758,0.33476315805849743,False,0.03225806451612903,0.0,0,False,,0
106,marine_knownmap_path_v2_infosampled,ucb,0.0,False,mode_not_conditional,0.0,0.0,1.0,False,SEARCH,"(35, 23)","(35, 7)","(35, 17)","(36, 3)",search_info,"(36, 3)",17,0.8057733435513025,0.7825850690473781,simple_ring_priority,False,,3,4,adaptive_knownmap_soft,7,8,18,8,0.125,19,24.72220279296875,1.0,3.1942694405814005,0.8060219961671229,5.41770248532986,1.0,27.916472233550152,1.0,5.41770248532986,1.0,8.25,0.8571428571428571,0.0,2.0,2.75,False,0.0,soft_clearance_astar_v1,adaptive,1.0,27.916472233550152,1.0,8.25,0.8571428571428571,0.0,0.0,0.0,6.5,2.0,-0.3,0.0,0.0,-0.0,1,0.0,0.0,False,1.0,0.0,0.0,0.4679163301900927,0.5320836698099074,24,24,24,2,0.9478285968467838,0.9607602227092711,simple_ring,True,4.080700000486104,0.11469999299151823,0.5030999982409412,0.5425000017567072,1,0,0,0.0,0,0,0.0,0.0,0.0,0.0,0.0,0,0,0,0.0,0.0,0.0,0.0,0,False,,,0,0.0,False,"(1, 0)",4.226184499815101,8.2,8.2,11,True,96,35,1.0,1.7442493446956144,0.4212871287128713,0.9771215453340355,0.6312106880955599,0.4836950613512818,1.6046188266891024,0.8194066133142758,0.33476315805849743,False,0.1,0.03333333333333333,0,False,,0
107,marine_knownmap_path_v2_infosampled,ucb,0.0,False,mode_not_conditional,0.0,0.0,1.0,False,SEARCH,"(35, 22)","(35, 7)","(35, 17)","(36, 3)",search_info,"(36, 3)",17,0.8057733435513025,0.7825850690473781,simple_ring_priority,False,,2,4,adaptive_knownmap_soft,6,8,18,8,0.25,19,24.72220279296875,1.0,3.1942694405814005,0.8060219961671229,5.41770248532986,1.0,27.916472233550152,1.0,5.41770248532986,1.0,8.25,0.8571428571428571,0.0,2.0,2.75,False,0.0,soft_clearance_astar_v1,adaptive,1.0,27.916472233550152,1.0,8.25,0.8571428571428571,0.0,0.0,0.0,6.5,2.0,-0.3,0.0,0.0,-0.0,1,0.0,0.0,False,1.0,0.0,0.0,0.4679163301900927,0.5320836698099074,24,24,24,2,0.9478285968467838,0.9607602227092711,simple_ring,True,4.080700000486104,0.11469999299151823,0.5030999982409412,0.5425000017567072,1,0,0,0.0,0,0,0.0,0.0,0.0,0.0,0.0,0,0,0,0.0,0.0,0.0,0.0,0,False,,,0,0.0,False,"(1, 0)",4.226184499815101,8.2,8.2,11,True,97,36,1.0,1.7494218786511568,0.42277227722772276,0.988111019446507,0.6691691394816223,0.4836950613512818,1.6046188266891024,0.8194066133142758,0.33476315805849743,False,0.13333333333333333,0.08333333333333333,0,False,,0
108,marine_knownmap_path_v2_infosampled,ucb,0.0,False,mode_not_conditional,0.0,0.0,1.0,False,SEARCH,"(35, 21)","(35, 7)","(35, 17)","(36, 3)",search_info,"(36, 3)",17,0.8057733435513025,0.7825850690473781,simple_ring_priority,False,,1,4,adaptive_knownmap_soft,5,8,18,8,0.375,19,24.72220279296875,1.0,3.1942694405814005,0.8060219961671229,5.41770248532986,1.0,27.916472233550152,1.0,5.41770248532986,1.0,8.25,0.8571428571428571,0.0,2.0,2.75,False,0.0,soft_clearance_astar_v1,adaptive,1.0,27.916472233550152,1.0,8.25,0.8571428571428571,0.0,0.0,0.0,6.5,2.0,-0.3,0.0,0.0,-0.0,1,0.0,0.0,False,1.0,0.0,0.0,0.4679163301900927,0.5320836698099074,24,24,24,2,0.9478285968467838,0.9607602227092711,simple_ring,True,4.080700000486104,0.11469999299151823,0.5030999982409412,0.5425000017567072,1,0,0,0.0,0,0,0.0,0.0,0.0,0.0,0.0,0,0,0,0.0,0.0,0.0,0.0,0,False,,,0,0.0,False,"(1, 0)",4.226184499815101,8.2,8.2,11,True,98,37,1.0000000000000002,1.7551181965118472,0.42475247524752474,0.9932015494456905,0.6926765523085567,0.4836950613512818,1.6046188266891024,0.8194066133142758,0.33476315805849743,False,0.13333333333333333,0.06666666666666667,0,False,,0
109,marine_knownmap_path_v2_infosampled,ucb,0.0,False,mode_not_conditional,0.0,0.0,1.0,False,SEARCH,"(35, 20)","(35, 7)","(35, 17)","(36, 3)",search_info,"(36, 3)",17,0.8057733435513025,0.7825850690473781,simple_ring_priority,False,,0,4,adaptive_knownmap_soft,4,8,18,8,0.5,19,24.72220279296875,1.0,3.1942694405814005,0.8060219961671229,5.41770248532986,1.0,27.916472233550152,1.0,5.41770248532986,1.0,8.25,0.8571428571428571,0.0,2.0,2.75,False,0.0,soft_clearance_astar_v1,adaptive,1.0,27.916472233550152,1.0,8.25,0.8571428571428571,0.0,0.0,0.0,6.5,2.0,-0.3,0.0,0.0,-0.0,1,0.0,0.0,False,1.0,0.0,0.0,0.4679163301900927,0.5320836698099074,24,24,24,2,0.9478285968467838,0.9607602227092711,simple_ring,True,4.080700000486104,0.11469999299151823,0.5030999982409412,0.5425000017567072,1,0,0,0.0,0,0,0.0,0.0,0.0,0.0,0.0,0,0,0,0.0,0.0,0.0,0.0,0,False,,,0,0.0,False,"(1, 0)",4.226184499815101,8.2,8.2,11,True,99,38,0.9999999999999998,1.761105615325276,0.4267326732673267,0.9885178332700301,0.6903681247761325,0.4836950613512818,1.6046188266891024,0.8194066133142758,0.33476315805849743,False,0.13333333333333333,0.06666666666666667,0,False,,0
110,marine_knownmap_path_v2_infosampled,ucb,0.0,False,mode_not_conditional,0.0,0.0,1.0,False,SEARCH,"(35, 19)","(35, 8)","(35, 12)","(36, 4)",search_info,"(36, 4)",31,0.9193336894108461,0.8818406082202483,simple_ring_priority,True,commit_expired,4,4,adaptive_knownmap_soft,8,8,12,8,0.625,20,32.4062941671875,1.0,3.8208123293464533,1.0,5.817798270770473,1.0,36.22710649653395,1.0,5.817798270770473,1.0,8.0,0.0,0.0,3.0,3.875,False,0.0,soft_clearance_astar_v1,adaptive,1.0,36.22710649653395,1.0,8.0,0.0,0.0,0.0,0.0,6.5,2.0,-0.0,0.0,0.0,-0.0,0,0.0,0.0,True,0.2,0.0,0.0,0.5490889714243824,0.4509110285756176,24,24,24,1,1.2983117879098476,1.0,simple_ring,True,3.839999999399879,0.137699993501883,0.5008999996789498,0.4881000077148201,1,0,0,0.0,0,0,0.0,0.0,0.0,0.0,0.0,0,0,0,0.0,0.0,0.0,0.0,0,False,,,0,0.0,False,"(0, -1)",8.493187708777533,8.5,8.5,11,True,100,39,0.9999999999999998,1.7673366779471462,0.4287128712871287,0.9509644857900572,0.6556167833477841,0.5035185328590809,1.6293981660738512,0.7959820346292967,0.4665076100964848,True,0.14516129032258066,0.08064516129032258,0,False,,0
111,marine_knownmap_path_v2_infosampled,ucb,0.0,False,mode_not_conditional,0.0,0.0,1.0,False,SEARCH,"(35, 18)","(35, 8)","(35, 12)","(36, 4)",search_info,"(36, 4)",31,0.9193336894108461,0.8818406082202483,simple_ring_priority,False,,3,4,adaptive_knownmap_soft,7,8,12,8,0.125,20,32.4062941671875,1.0,3.8208123293464533,1.0,5.817798270770473,1.0,36.22710649653395,1.0,5.817798270770473,1.0,8.0,0.0,0.0,3.0,3.875,False,0.0,soft_clearance_astar_v1,adaptive,1.0,36.22710649653395,1.0,8.0,0.0,0.0,0.0,0.0,6.5,2.0,-0.0,0.0,0.0,-0.0,0,0.0,0.0,True,0.2,0.0,0.0,0.5490889714243824,0.4509110285756176,24,24,24,1,1.2983117879098476,1.0,simple_ring,True,3.839999999399879,0.137699993501883,0.5008999996789498,0.4881000077148201,1,0,0,0.0,0,0,0.0,0.0,0.0,0.0,0.0,0,0,0,0.0,0.0,0.0,0.0,0,False,,,0,0.0,False,"(0, -1)",8.493187708777533,8.5,8.5,11,True,101,40,1.0,1.773695665146886,0.4306930693069307,0.9775125220401195,0.6740806189414658,0.5035185328590809,1.6293981660738512,0.7959820346292967,0.4665076100964848,True,0.13846153846153847,0.07692307692307693,0,False,,0
112,marine_knownmap_path_v2_infosampled,ucb,0.0,False,mode_not_conditional,0.0,0.0,1.0,False,SEARCH,"(35, 17)","(35, 8)","(35, 12)","(36, 4)",search_info,"(36, 4)",31,0.9193336894108461,0.8818406082202483,simple_ring_priority,False,,2,4,adaptive_knownmap_soft,6,8,12,8,0.25,20,32.4062941671875,1.0,3.8208123293464533,1.0,5.817798270770473,1.0,36.22710649653395,1.0,5.817798270770473,1.0,8.0,0.0,0.0,3.0,3.875,False,0.0,soft_clearance_astar_v1,adaptive,1.0,36.22710649653395,1.0,8.0,0.0,0.0,0.0,0.0,6.5,2.0,-0.0,0.0,0.0,-0.0,0,0.0,0.0,True,0.2,0.0,0.0,0.5490889714243824,0.4509110285756176,24,24,24,1,1.2983117879098476,1.0,simple_ring,True,3.839999999399879,0.137699993501883,0.5008999996789498,0.4881000077148201,1,0,0,0.0,0,0,0.0,0.0,0.0,0.0,0.0,0,0,0,0.0,0.0,0.0,0.0,0,False,,,0,0.0,False,"(0, -1)",8.493187708777533,8.5,8.5,11,True,102,41,0.9999999999999998,1.7801988472478145,0.43316831683168316,0.9739438830878452,0.6735407737137021,0.5035185328590809,1.6293981660738512,0.7959820346292967,0.4665076100964848,True,0.1323529411764706,0.058823529411764705,0,False,,0
113,marine_knownmap_path_v2_infosampled,ucb,0.0,False,mode_not_conditional,0.0,0.0,1.0,False,SEARCH,"(35, 16)","(35, 8)","(35, 12)","(36, 4)",search_info,"(36, 4)",31,0.9193336894108461,0.8818406082202483,simple_ring_priority,False,,1,4,adaptive_knownmap_soft,5,8,12,8,0.375,20,32.4062941671875,1.0,3.8208123293464533,1.0,5.817798270770473,1.0,36.22710649653395,1.0,5.817798270770473,1.0,8.0,0.0,0.0,3.0,3.875,False,0.0,soft_clearance_astar_v1,adaptive,1.0,36.22710649653395,1.0,8.0,0.0,0.0,0.0,0.0,6.5,2.0,-0.0,0.0,0.0,-0.0,0,0.0,0.0,True,0.2,0.0,0.0,0.5490889714243824,0.4509110285756176,24,24,24,1,1.2983117879098476,1.0,simple_ring,True,3.839999999399879,0.137699993501883,0.5008999996789498,0.4881000077148201,1,0,0,0.0,0,0,0.0,0.0,0.0,0.0,0.0,0,0,0,0.0,0.0,0.0,0.0,0,False,,,0,0.0,False,"(0, -1)",8.493187708777533,8.5,8.5,11,True,103,42,1.0,1.7868987906554539,0.43564356435643564,0.9415330553835102,0.6497318167150303,0.5035185328590809,1.6293981660738512,0.7959820346292967,0.4665076100964848,True,0.1267605633802817,0.056338028169014086,0,False,,0
114,marine_knownmap_path_v2_infosampled,ucb,0.0,False,mode_not_conditional,0.0,0.0,1.0,False,SEARCH,"(35, 15)","(35, 8)","(35, 12)","(36, 4)",search_info,"(36, 4)",31,0.9193336894108461,0.8818406082202483,simple_ring_priority,False,,0,4,adaptive_knownmap_soft,4,8,12,8,0.5,20,32.4062941671875,1.0,3.8208123293464533,1.0,5.817798270770473,1.0,36.22710649653395,1.0,5.817798270770473,1.0,8.0,0.0,0.0,3.0,3.875,False,0.0,soft_clearance_astar_v1,adaptive,1.0,36.22710649653395,1.0,8.0,0.0,0.0,0.0,0.0,6.5,2.0,-0.0,0.0,0.0,-0.0,0,0.0,0.0,True,0.2,0.0,0.0,0.5490889714243824,0.4509110285756176,24,24,24,1,1.2983117879098476,1.0,simple_ring,True,3.839999999399879,0.137699993501883,0.5008999996789498,0.4881000077148201,1,0,0,0.0,0,0,0.0,0.0,0.0,0.0,0.0,0,0,0,0.0,0.0,0.0,0.0,0,False,,,0,0.0,False,"(0, -1)",8.493187708777533,8.5,8.5,11,True,104,43,1.0,1.7938348592408861,0.4381188118811881,0.9460295749105807,0.6606542513712633,0.5035185328590809,1.6293981660738512,0.7959820346292967,0.4665076100964848,True,0.1232876712328767,0.0547945205479452,0,False,,0
115,marine_knownmap_path_v2_infosampled,ucb,0.0,False,mode_not_conditional,0.0,0.0,1.0,False,SEARCH,"(35, 14)","(35, 7)","(35, 7)","(36, 4)",search_info,"(36, 4)",1,0.0,0.0,simple_ring_priority,True,commit_expired,4,4,adaptive_knownmap_soft,8,8,8,8,0.625,21,41.345095665624996,1.0,4.722401016438671,1.0,5.790414903630514,1.0,46.06749668206367,1.0,5.790414903630514,1.0,8.0,0.8,0.0,4.0,4.0,False,0.0,soft_clearance_astar_v1,adaptive,1.0,46.06749668206367,1.0,8.0,0.8,0.0,0.0,0.0,6.5,2.0,-0.27999999999999997,0.0,0.0,-0.0,0,0.0,0.0,True,0.2,0.0,0.0,0.5541020695142718,0.44589793048572834,24,24,24,5,1.2094895153879301,0.8794497277740587,simple_ring,True,4.342500000348082,0.13380000382312573,0.5815000004076865,0.5836999971506884,1,0,0,0.0,0,0,0.0,0.0,0.0,0.0,0.0,0,0,0,0.0,0.0,0.0,0.0,0,False,,,0,0.0,False,"(0, -1)",5.5582722616396865,8.22,8.22,11,True,105,44,1.0000000000000002,1.8010582390958947,0.4405940594059406,0.9166504295751201,0.6118345680448766,0.5940490937598648,1.742561367199831,0.6629309744997379,0.3743454197912591,True,0.1232876712328767,0.0547945205479452,0,False,,0
116,marine_knownmap_path_v2_infosampled,ucb,0.0,False,mode_not_conditional,0.0,0.0,1.0,False,SEARCH,"(35, 13)","(35, 7)","(35, 7)","(36, 4)",search_info,"(36, 4)",1,0.0,0.0,simple_ring_priority,False,,3,4,adaptive_knownmap_soft,7,8,8,8,0.125,21,41.345095665624996,1.0,4.722401016438671,1.0,5.790414903630514,1.0,46.06749668206367,1.0,5.790414903630514,1.0,8.0,0.8,0.0,4.0,4.0,False,0.0,soft_clearance_astar_v1,adaptive,1.0,46.06749668206367,1.0,8.0,0.8,0.0,0.0,0.0,6.5,2.0,-0.27999999999999997,0.0,0.0,-0.0,0,0.0,0.0,True,0.2,0.0,0.0,0.5541020695142718,0.44589793048572834,24,24,24,5,1.2094895153879301,0.8794497277740587,simple_ring,True,4.342500000348082,0.13380000382312573,0.5815000004076865,0.5836999971506884,1,0,0,0.0,0,0,0.0,0.0,0.0,0.0,0.0,0,0,0,0.0,0.0,0.0,0.0,0,False,,,0,0.0,False,"(0, -1)",5.5582722616396865,8.22,8.22,11,True,106,45,1.0,1.8086235103447101,0.4430693069306931,0.9549876415938359,0.6580703749709254,0.5940490937598648,1.742561367199831,0.6629309744997379,0.3743454197912591,True,0.1232876712328767,0.0547945205479452,0,False,,0
117,marine_knownmap_path_v2_infosampled,ucb,0.0,False,mode_not_conditional,0.0,0.0,1.0,False,SEARCH,"(35, 12)","(35, 7)","(35, 7)","(36, 4)",search_info,"(36, 4)",1,0.0,0.0,simple_ring_priority,False,,2,4,adaptive_knownmap_soft,6,8,8,8,0.25,21,41.345095665624996,1.0,4.722401016438671,1.0,5.790414903630514,1.0,46.06749668206367,1.0,5.790414903630514,1.0,8.0,0.8,0.0,4.0,4.0,False,0.0,soft_clearance_astar_v1,adaptive,1.0,46.06749668206367,1.0,8.0,0.8,0.0,0.0,0.0,6.5,2.0,-0.27999999999999997,0.0,0.0,-0.0,0,0.0,0.0,True,0.2,0.0,0.0,0.5541020695142718,0.44589793048572834,24,24,24,5,1.2094895153879301,0.8794497277740587,simple_ring,True,4.342500000348082,0.13380000382312573,0.5815000004076865,0.5836999971506884,1,0,0,0.0,0,0,0.0,0.0,0.0,0.0,0.0,0,0,0,0.0,0.0,0.0,0.0,0,False,,,0,0.0,False,"(0, -1)",5.5582722616396865,8.22,8.22,11,True,107,46,1.0,1.81657453163251,0.44603960396039605,0.9559496063998152,0.6585487091591773,0.5940490937598648,1.742561367199831,0.6629309744997379,0.3743454197912591,True,0.1232876712328767,0.0410958904109589,0,False,,0
118,marine_knownmap_path_v2_infosampled,ucb,0.0,False,mode_not_conditional,0.0,0.0,1.0,False,SEARCH,"(35, 11)","(35, 7)","(35, 7)","(36, 4)",search_info,"(36, 4)",1,0.0,0.0,simple_ring_priority,False,,1,4,adaptive_knownmap_soft,5,8,8,8,0.375,21,41.345095665624996,1.0,4.722401016438671,1.0,5.790414903630514,1.0,46.06749668206367,1.0,5.790414903630514,1.0,8.0,0.8,0.0,4.0,4.0,False,0.0,soft_clearance_astar_v1,adaptive,1.0,46.06749668206367,1.0,8.0,0.8,0.0,0.0,0.0,6.5,2.0,-0.27999999999999997,0.0,0.0,-0.0,0,0.0,0.0,True,0.2,0.0,0.0,0.5541020695142718,0.44589793048572834,24,24,24,5,1.2094895153879301,0.8794497277740587,simple_ring,True,4.342500000348082,0.13380000382312573,0.5815000004076865,0.5836999971506884,1,0,0,0.0,0,0,0.0,0.0,0.0,0.0,0.0,0,0,0,0.0,0.0,0.0,0.0,0,False,,,0,0.0,False,"(0, -1)",5.5582722616396865,8.22,8.22,11,True,108,47,0.9999999999999999,1.82494161469705,0.449009900990099,0.9823111811931978,0.6771430832732147,0.5940490937598648,1.742561367199831,0.6629309744997379,0.3743454197912591,True,0.1232876712328767,0.0410958904109589,0,False,,0
119,marine_knownmap_path_v2_infosampled,ucb,0.0,False,mode_not_conditional,0.0,0.0,1.0,False,SEARCH,"(35, 10)","(35, 7)","(35, 7)","(36, 4)",search_info,"(36, 4)",1,0.0,0.0,simple_ring_priority,False,,0,4,adaptive_knownmap_soft,4,8,8,8,0.5,21,41.345095665624996,1.0,4.722401016438671,1.0,5.790414903630514,1.0,46.06749668206367,1.0,5.790414903630514,1.0,8.0,0.8,0.0,4.0,4.0,False,0.0,soft_clearance_astar_v1,adaptive,1.0,46.06749668206367,1.0,8.0,0.8,0.0,0.0,0.0,6.5,2.0,-0.27999999999999997,0.0,0.0,-0.0,0,0.0,0.0,True,0.2,0.0,0.0,0.5541020695142718,0.44589793048572834,24,24,24,5,1.2094895153879301,0.8794497277740587,simple_ring,True,4.342500000348082,0.13380000382312573,0.5815000004076865,0.5836999971506884,1,0,0,0.0,0,0,0.0,0.0,0.0,0.0,0.0,0,0,0,0.0,0.0,0.0,0.0,0,False,,,0,0.0,False,"(0, -1)",5.5582722616396865,8.22,8.22,11,True,109,48,1.0,1.833739788740902,0.451980198019802,0.9678553060178745,0.667211343340357,0.5940490937598648,1.742561367199831,0.6629309744997379,0.3743454197912591,True,0.1232876712328767,0.0410958904109589,0,False,,0
120,marine_knownmap_path_v2_infosampled,ucb,0.0,False,mode_not_conditional,0.0,0.0,1.0,False,SEARCH,"(34, 10)","(33, 3)","(33, 4)","(36, 4)",search_info,"(36, 4)",1,0.0,0.0,simple_ring_priority,True,commit_expired,4,4,adaptive_knownmap_soft,8,8,9,8,0.625,22,34.52192359140624,1.0,3.4531549692846273,1.0,5.08551419660799,0.8948054396755332,37.97507856069087,1.0,5.08551419660799,0.8948054396755332,8.25,1.0,0.0,4.0,5.5,False,0.0,soft_clearance_astar_v1,adaptive,1.0,37.97507856069087,1.0,8.25,1.0,0.0,0.0,0.0,6.5,1.7896108793510663,-0.35,0.0,0.0,-0.0,1,0.0,0.0,True,0.894427190999916,0.0,0.0,0.1289972069176195,0.8710027930823805,24,24,24,4,0.8147491812621743,0.8720773573497108,simple_ring,True,4.093499999726191,0.10680000013962854,0.3890999996656319,0.3635000011854572,1,0,0,0.0,0,0,0.0,0.0,0.0,0.0,0.0,0,0,0,0.0,0.0,0.0,0.0,0,False,,,0,0.0,False,"(-1, 0)",3.4509556270531694,7.939610879351067,7.939610879351067,11,True,110,49,1.0,1.8403781432707265,0.4524752475247525,0.9875563276354363,0.6813362392262076,0.46058790134584704,1.5757348766823087,0.22673351768044742,0.39452029597120913,False,0.075,0.0625,0,False,,0
121,marine_knownmap_path_v2_infosampled,ucb,0.0,False,mode_not_conditional,0.0,0.0,1.0,False,SEARCH,"(33, 10)","(33, 3)","(33, 4)","(36, 4)",search_info,"(36, 4)",1,0.0,0.0,simple_ring_priority,False,,3,4,adaptive_knownmap_soft,7,8,9,8,0.125,22,34.52192359140624,1.0,3.4531549692846273,1.0,5.08551419660799,0.8948054396755332,37.97507856069087,1.0,5.08551419660799,0.8948054396755332,8.25,1.0,0.0,4.0,5.5,False,0.0,soft_clearance_astar_v1,adaptive,1.0,37.97507856069087,1.0,8.25,1.0,0.0,0.0,0.0,6.5,1.7896108793510663,-0.35,0.0,0.0,-0.0,1,0.0,0.0,True,0.894427190999916,0.0,0.0,0.1289972069176195,0.8710027930823805,24,24,24,4,0.8147491812621743,0.8720773573497108,simple_ring,True,4.093499999726191,0.10680000013962854,0.3890999996656319,0.3635000011854572,1,0,0,0.0,0,0,0.0,0.0,0.0,0.0,0.0,0,0,0,0.0,0.0,0.0,0.0,0,False,,,0,0.0,False,"(-1, 0)",3.4509556270531694,7.939610879351067,7.939610879351067,11,True,111,50,1.0,1.846155307359376,0.452970297029703,0.9517365548123864,0.6523999797349332,0.46058790134584704,1.5757348766823087,0.22673351768044742,0.39452029597120913,False,0.1111111111111111,0.09876543209876543,0,False,,0
122,marine_knownmap_path_v2_infosampled,ucb,0.0,False,mode_not_conditional,0.0,0.0,1.0,False,SEARCH,"(33, 9)","(33, 3)","(33, 4)","(36, 4)",search_info,"(36, 4)",1,0.0,0.0,simple_ring_priority,False,,2,4,adaptive_knownmap_soft,6,8,9,8,0.25,22,34.52192359140624,1.0,3.4531549692846273,1.0,5.08551419660799,0.8948054396755332,37.97507856069087,1.0,5.08551419660799,0.8948054396755332,8.25,1.0,0.0,4.0,5.5,False,0.0,soft_clearance_astar_v1,adaptive,1.0,37.97507856069087,1.0,8.25,1.0,0.0,0.0,0.0,6.5,1.7896108793510663,-0.35,0.0,0.0,-0.0,1,0.0,0.0,True,0.894427190999916,0.0,0.0,0.1289972069176195,0.8710027930823805,24,24,24,4,0.8147491812621743,0.8720773573497108,simple_ring,True,4.093499999726191,0.10680000013962854,0.3890999996656319,0.3635000011854572,1,0,0,0.0,0,0,0.0,0.0,0.0,0.0,0.0,0,0,0,0.0,0.0,0.0,0.0,0,False,,,0,0.0,False,"(-1, 0)",3.4509556270531694,7.939610879351067,7.939610879351067,11,True,112,51,1.0000000000000002,1.8530813147065182,0.45445544554455447,0.9458660669506644,0.6475996770216242,0.46058790134584704,1.5757348766823087,0.22673351768044742,0.39452029597120913,False,0.08641975308641975,0.04938271604938271,0,False,,0
123,marine_knownmap_path_v2_infosampled,ucb,0.0,False,mode_not_conditional,0.0,0.0,1.0,False,SEARCH,"(33, 8)","(33, 3)","(33, 4)","(36, 4)",search_info,"(36, 4)",1,0.0,0.0,simple_ring_priority,False,,1,4,adaptive_knownmap_soft,5,8,9,8,0.375,22,34.52192359140624,1.0,3.4531549692846273,1.0,5.08551419660799,0.8948054396755332,37.97507856069087,1.0,5.08551419660799,0.8948054396755332,8.25,1.0,0.0,4.0,5.5,False,0.0,soft_clearance_astar_v1,adaptive,1.0,37.97507856069087,1.0,8.25,1.0,0.0,0.0,0.0,6.5,1.7896108793510663,-0.35,0.0,0.0,-0.0,1,0.0,0.0,True,0.894427190999916,0.0,0.0,0.1289972069176195,0.8710027930823805,24,24,24,4,0.8147491812621743,0.8720773573497108,simple_ring,True,4.093499999726191,0.10680000013962854,0.3890999996656319,0.3635000011854572,1,0,0,0.0,0,0,0.0,0.0,0.0,0.0,0.0,0,0,0,0.0,0.0,0.0,0.0,0,False,,,0,0.0,False,"(-1, 0)",3.4509556270531694,7.939610879351067,7.939610879351067,11,True,113,52,1.0,1.861600608436073,0.45841584158415843,0.9574836355553542,0.6558531992481682,0.46058790134584704,1.5757348766823087,0.22673351768044742,0.39452029597120913,False,0.12345679012345678,0.024691358024691357,0,False,,0
124,marine_knownmap_path_v2_infosampled,ucb,0.0,False,mode_not_conditional,0.0,0.0,1.0,False,SEARCH,"(33, 7)","(33, 3)","(33, 4)","(36, 4)",search_info,"(36, 4)",1,0.0,0.0,simple_ring_priority,False,,0,4,adaptive_knownmap_soft,4,8,9,8,0.5,22,34.52192359140624,1.0,3.4531549692846273,1.0,5.08551419660799,0.8948054396755332,37.97507856069087,1.0,5.08551419660799,0.8948054396755332,8.25,1.0,0.0,4.0,5.5,False,0.0,soft_clearance_astar_v1,adaptive,1.0,37.97507856069087,1.0,8.25,1.0,0.0,0.0,0.0,6.5,1.7896108793510663,-0.35,0.0,0.0,-0.0,1,0.0,0.0,True,0.894427190999916,0.0,0.0,0.1289972069176195,0.8710027930823805,24,24,24,4,0.8147491812621743,0.8720773573497108,simple_ring,True,4.093499999726191,0.10680000013962854,0.3890999996656319,0.3635000011854572,1,0,0,0.0,0,0,0.0,0.0,0.0,0.0,0.0,0,0,0,0.0,0.0,0.0,0.0,0,False,,,0,0.0,False,"(-1, 0)",3.4509556270531694,7.939610879351067,7.939610879351067,11,True,114,53,1.0,1.8715226629256925,0.4628712871287129,0.9701344694876713,0.6651321059931287,0.46058790134584704,1.5757348766823087,0.22673351768044742,0.39452029597120913,False,0.12345679012345678,0.012345679012345678,0,False,,0
125,marine_knownmap_path_v2_infosampled,ucb,0.0,False,mode_not_conditional,0.0,0.0,1.0,False,SEARCH,"(33, 6)","(33, 2)","(33, 2)","(36, 4)",search_info,"(36, 4)",1,0.0,0.0,simple_ring_priority,True,commit_expired,4,4,adaptive_knownmap_soft,5,5,5,5,0.625,23,23.601262499999994,1.0,2.3733917898794568,0.8620149826058683,1.8721759259259259,0.33663945389579586,25.97465428987945,1.0,1.8721759259259259,0.33663945389579586,5.0,0.5714285714285714,0.0,2.0,4.0,False,0.0,soft_clearance_astar_v1,adaptive,1.0,25.97465428987945,1.0,5.0,0.5714285714285714,0.0,0.0,0.0,6.5,0.6732789077915917,-0.19999999999999998,0.0,0.0,-0.0,0,0.0,0.0,True,0.2,0.0,0.0,0.09670066654670882,0.9032993334532913,24,24,24,1,0.7588572842139278,1.0,simple_ring,True,4.138500000408385,0.09709999721962959,0.37089999932504725,0.3386000007594703,1,0,0,0.0,0,0,0.0,0.0,0.0,0.0,0.0,0,0,0,0.0,0.0,0.0,0.0,0,False,,,0,0.0,False,"(0, -1)",6.218718741020287,6.973278907791592,6.973278907791592,11,True,115,54,1.0,1.8823996454715004,0.46732673267326735,0.9388642811095229,0.6397305416609783,0.8305400132673844,2.0381750165842307,0.17566512498443065,0.4191705364833986,True,0.12345679012345678,0.012345679012345678,0,False,,0
126,marine_knownmap_path_v2_infosampled,ucb,0.0,False,mode_not_conditional,0.0,0.0,1.0,False,SEARCH,"(33, 5)","(33, 2)","(33, 2)","(36, 4)",search_info,"(36, 4)",1,0.0,0.0,simple_ring_priority,False,,3,4,adaptive_knownmap_soft,4,5,5,5,0.2,23,23.601262499999994,1.0,2.3733917898794568,0.8620149826058683,1.8721759259259259,0.33663945389579586,25.97465428987945,1.0,1.8721759259259259,0.33663945389579586,5.0,0.5714285714285714,0.0,2.0,4.0,False,0.0,soft_clearance_astar_v1,adaptive,1.0,25.97465428987945,1.0,5.0,0.5714285714285714,0.0,0.0,0.0,6.5,0.6732789077915917,-0.19999999999999998,0.0,0.0,-0.0,0,0.0,0.0,True,0.2,0.0,0.0,0.09670066654670882,0.9032993334532913,24,24,24,1,0.7588572842139278,1.0,simple_ring,True,4.138500000408385,0.09709999721962959,0.37089999932504725,0.3386000007594703,1,0,0,0.0,0,0,0.0,0.0,0.0,0.0,0.0,0,0,0,0.0,0.0,0.0,0.0,0,False,,,0,0.0,False,"(0, -1)",6.218718741020287,6.973278907791592,6.973278907791592,11,True,116,55,1.0,1.8929174357163436,0.47178217821782176,0.8714653070213139,0.5923775014528464,0.8305400132673844,2.0381750165842307,0.17566512498443065,0.4191705364833986,True,0.125,0.0125,0,False,,0
127,marine_knownmap_path_v2_infosampled,ucb,0.0,False,mode_not_conditional,0.0,0.0,1.0,False,SEARCH,"(33, 4)","(33, 2)","(33, 2)","(36, 4)",search_info,"(36, 4)",1,0.0,0.0,simple_ring_priority,False,,2,4,adaptive_knownmap_soft,3,5,5,5,0.4,23,23.601262499999994,1.0,2.3733917898794568,0.8620149826058683,1.8721759259259259,0.33663945389579586,25.97465428987945,1.0,1.8721759259259259,0.33663945389579586,5.0,0.5714285714285714,0.0,2.0,4.0,False,0.0,soft_clearance_astar_v1,adaptive,1.0,25.97465428987945,1.0,5.0,0.5714285714285714,0.0,0.0,0.0,6.5,0.6732789077915917,-0.19999999999999998,0.0,0.0,-0.0,0,0.0,0.0,True,0.2,0.0,0.0,0.09670066654670882,0.9032993334532913,24,24,24,1,0.7588572842139278,1.0,simple_ring,True,4.138500000408385,0.09709999721962959,0.37089999932504725,0.3386000007594703,1,0,0,0.0,0,0,0.0,0.0,0.0,0.0,0.0,0,0,0,0.0,0.0,0.0,0.0,0,False,,,0,0.0,False,"(0, -1)",6.218718741020287,6.973278907791592,6.973278907791592,11,True,117,56,1.0,1.9003663588900273,0.47326732673267324,0.89087151158718,0.605535703781269,0.8305400132673844,2.0381750165842307,0.17566512498443065,0.4191705364833986,True,0.0547945205479452,0.0136986301369863,0,False,,0
128,marine_knownmap_path_v2_infosampled,ucb,0.0,False,mode_not_conditional,0.0,0.0,1.0,False,SEARCH,"(33, 3)","(33, 2)","(33, 2)","(36, 4)",search_info,"(36, 4)",1,0.0,0.0,simple_ring_priority,False,,1,4,adaptive_knownmap_soft,2,5,5,5,0.6,23,23.601262499999994,1.0,2.3733917898794568,0.8620149826058683,1.8721759259259259,0.33663945389579586,25.97465428987945,1.0,1.8721759259259259,0.33663945389579586,5.0,0.5714285714285714,0.0,2.0,4.0,False,0.0,soft_clearance_astar_v1,adaptive,1.0,25.97465428987945,1.0,5.0,0.5714285714285714,0.0,0.0,0.0,6.5,0.6732789077915917,-0.19999999999999998,0.0,0.0,-0.0,0,0.0,0.0,True,0.2,0.0,0.0,0.09670066654670882,0.9032993334532913,24,24,24,1,0.7588572842139278,1.0,simple_ring,True,4.138500000408385,0.09709999721962959,0.37089999932504725,0.3386000007594703,1,0,0,0.0,0,0,0.0,0.0,0.0,0.0,0.0,0,0,0,0.0,0.0,0.0,0.0,0,False,,,0,0.0,False,"(0, -1)",6.218718741020287,6.973278907791592,6.973278907791592,11,True,118,57,1.0,1.904884916453033,0.47425742574257423,0.9916760448117695,0.6807417763666993,0.8305400132673844,2.0381750165842307,0.17566512498443065,0.4191705364833986,True,0.03125,0.0,0,False,,0
129,marine_knownmap_path_v2_infosampled,ucb,0.0,False,mode_not_conditional,0.0,0.0,1.0,False,SEARCH,"(33, 2)","(33, 2)","(33, 2)","(36, 4)",search_info,"(36, 4)",1,0.0,0.0,simple_ring_priority,False,,0,4,adaptive_knownmap_soft,1,5,5,5,0.8,23,23.601262499999994,1.0,2.3733917898794568,0.8620149826058683,1.8721759259259259,0.33663945389579586,25.97465428987945,1.0,1.8721759259259259,0.33663945389579586,5.0,0.5714285714285714,0.0,2.0,4.0,False,0.0,soft_clearance_astar_v1,adaptive,1.0,25.97465428987945,1.0,5.0,0.5714285714285714,0.0,0.0,0.0,6.5,0.6732789077915917,-0.19999999999999998,0.0,0.0,-0.0,0,0.0,0.0,True,0.2,0.0,0.0,0.09670066654670882,0.9032993334532913,24,24,24,1,0.7588572842139278,1.0,simple_ring,True,4.138500000408385,0.09709999721962959,0.37089999932504725,0.3386000007594703,1,0,0,0.0,0,0,0.0,0.0,0.0,0.0,0.0,0,0,0,0.0,0.0,0.0,0.0,0,False,,,0,0.0,False,"(0, -1)",6.218718741020287,6.973278907791592,6.973278907791592,11,True,119,58,0.9999999999999999,1.9075083100057124,0.4752475247524752,0.998532188032203,0.690091971975603,0.8305400132673844,2.0381750165842307,0.17566512498443065,0.4191705364833986,True,0.03636363636363636,0.0,0,False,,0
130,marine_knownmap_path_v2_infosampled,ucb,0.0,False,mode_not_conditional,0.0,0.0,1.0,False,SEARCH,"(32, 2)","(21, 46)","(25, 2)","(17, 46)",search_info,"(17, 46)",919,0.998532188032203,0.9575741292362672,simple_ring_priority,True,commit_expired|segment_empty,4,4,adaptive_knownmap_soft,8,8,56,8,1.0,24,19.194774122656245,1.0,2.502220589586271,1.0,4.863903454112617,1.0,21.696994712242514,1.0,4.863903454112617,1.0,8.0,1.0,0.0,2.0,2.0,False,0.0,soft_clearance_astar_v1,adaptive,1.0,21.696994712242514,1.0,8.0,1.0,0.0,0.0,0.0,6.5,2.0,-0.35,0.0,0.0,-0.0,0,0.0,0.0,False,1.0,0.0,0.0,0.5039159960623396,0.49608400393766044,24,24,24,1,-0.5202239456851179,1.0,simple_ring,True,4.371099999843864,0.11479999739094637,0.3909999995812541,0.38670000503771007,1,0,0,0.0,0,0,0.0,0.0,0.0,0.0,0.0,0,0,0,0.0,0.0,0.0,0.0,0,False,,,0,0.0,False,"(-1, 0)",0.0,8.15,8.15,12,True,120,59,1.0000000000000002,1.9097653996816568,0.4762376237623762,0.99974157075788,0.6938379806034537,0.4967611146445497,1.6209513933056872,0.8108403286925796,0.524585029297514,False,0.03636363636363636,0.0,0,False,,0
131,marine_knownmap_path_v2_infosampled,ucb,0.0,False,mode_not_conditional,0.0,0.0,1.0,False,SEARCH,"(31, 2)","(21, 46)","(25, 2)","(17, 46)",search_info,"(17, 46)",919,0.998532188032203,0.9575741292362672,simple_ring_priority,False,,3,4,adaptive_knownmap_soft,7,8,56,8,0.125,24,19.194774122656245,1.0,2.502220589586271,1.0,4.863903454112617,1.0,21.696994712242514,1.0,4.863903454112617,1.0,8.0,1.0,0.0,2.0,2.0,False,0.0,soft_clearance_astar_v1,adaptive,1.0,21.696994712242514,1.0,8.0,1.0,0.0,0.0,0.0,6.5,2.0,-0.35,0.0,0.0,-0.0,0,0.0,0.0,False,1.0,0.0,0.0,0.5039159960623396,0.49608400393766044,24,24,24,1,-0.5202239456851179,1.0,simple_ring,True,4.371099999843864,0.11479999739094637,0.3909999995812541,0.38670000503771007,1,0,0,0.0,0,0,0.0,0.0,0.0,0.0,0.0,0,0,0,0.0,0.0,0.0,0.0,0,False,,,0,0.0,False,"(-1, 0)",0.0,8.15,8.15,12,True,121,60,1.0,1.9126104357076843,0.4777227722772277,0.964812950608493,0.6655157325475833,0.4967611146445497,1.6209513933056872,0.8108403286925796,0.524585029297514,False,0.09090909090909091,0.03636363636363636,0,False,,0
132,marine_knownmap_path_v2_infosampled,ucb,0.0,False,mode_not_conditional,0.0,0.0,1.0,False,SEARCH,"(30, 2)","(21, 46)","(25, 2)","(17, 46)",search_info,"(17, 46)",919,0.998532188032203,0.9575741292362672,simple_ring_priority,False,,2,4,adaptive_knownmap_soft,6,8,56,8,0.25,24,19.194774122656245,1.0,2.502220589586271,1.0,4.863903454112617,1.0,21.696994712242514,1.0,4.863903454112617,1.0,8.0,1.0,0.0,2.0,2.0,False,0.0,soft_clearance_astar_v1,adaptive,1.0,21.696994712242514,1.0,8.0,1.0,0.0,0.0,0.0,6.5,2.0,-0.35,0.0,0.0,-0.0,0,0.0,0.0,False,1.0,0.0,0.0,0.5039159960623396,0.49608400393766044,24,24,24,1,-0.5202239456851179,1.0,simple_ring,True,4.371099999843864,0.11479999739094637,0.3909999995812541,0.38670000503771007,1,0,0,0.0,0,0,0.0,0.0,0.0,0.0,0.0,0,0,0,0.0,0.0,0.0,0.0,0,False,,,0,0.0,False,"(-1, 0)",0.0,8.15,8.15,12,True,122,61,1.0,1.9160332571093908,0.4792079207920792,0.994022153391297,0.6886675366835552,0.4967611146445497,1.6209513933056872,0.8108403286925796,0.524585029297514,False,0.10909090909090909,0.05454545454545454,0,False,,0
133,marine_knownmap_path_v2_infosampled,ucb,0.0,False,mode_not_conditional,0.0,0.0,1.0,False,SEARCH,"(29, 2)","(21, 46)","(25, 2)","(17, 46)",search_info,"(17, 46)",919,0.998532188032203,0.9575741292362672,simple_ring_priority,False,,1,4,adaptive_knownmap_soft,5,8,56,8,0.375,24,19.194774122656245,1.0,2.502220589586271,1.0,4.863903454112617,1.0,21.696994712242514,1.0,4.863903454112617,1.0,8.0,1.0,0.0,2.0,2.0,False,0.0,soft_clearance_astar_v1,adaptive,1.0,21.696994712242514,1.0,8.0,1.0,0.0,0.0,0.0,6.5,2.0,-0.35,0.0,0.0,-0.0,0,0.0,0.0,False,1.0,0.0,0.0,0.5039159960623396,0.49608400393766044,24,24,24,1,-0.5202239456851179,1.0,simple_ring,True,4.371099999843864,0.11479999739094637,0.3909999995812541,0.38670000503771007,1,0,0,0.0,0,0,0.0,0.0,0.0,0.0,0.0,0,0,0,0.0,0.0,0.0,0.0,0,False,,,0,0.0,False,"(-1, 0)",0.0,8.15,8.15,12,True,123,62,1.0000000000000002,1.9197987549581,0.4806930693069307,0.99745306551747,0.6881913004421404,0.4967611146445497,1.6209513933056872,0.8108403286925796,0.524585029297514,False,0.10909090909090909,0.05454545454545454,0,False,,0
134,marine_knownmap_path_v2_infosampled,ucb,0.0,False,mode_not_conditional,0.0,0.0,1.0,False,SEARCH,"(28, 2)","(21, 46)","(25, 2)","(17, 46)",search_info,"(17, 46)",919,0.998532188032203,0.9575741292362672,simple_ring_priority,False,,0,4,adaptive_knownmap_soft,4,8,56,8,0.5,24,19.194774122656245,1.0,2.502220589586271,1.0,4.863903454112617,1.0,21.696994712242514,1.0,4.863903454112617,1.0,8.0,1.0,0.0,2.0,2.0,False,0.0,soft_clearance_astar_v1,adaptive,1.0,21.696994712242514,1.0,8.0,1.0,0.0,0.0,0.0,6.5,2.0,-0.35,0.0,0.0,-0.0,0,0.0,0.0,False,1.0,0.0,0.0,0.5039159960623396,0.49608400393766044,24,24,24,1,-0.5202239456851179,1.0,simple_ring,True,4.371099999843864,0.11479999739094637,0.3909999995812541,0.38670000503771007,1,0,0,0.0,0,0,0.0,0.0,0.0,0.0,0.0,0,0,0,0.0,0.0,0.0,0.0,0,False,,,0,0.0,False,"(-1, 0)",0.0,8.15,8.15,12,True,124,63,1.0,1.923690303186602,0.48217821782178216,0.9527029599273062,0.6571548698000379,0.4967611146445497,1.6209513933056872,0.8108403286925796,0.524585029297514,False,0.12727272727272726,0.07272727272727272,0,False,,0
135,marine_knownmap_path_v2_infosampled,ucb,0.0,False,mode_not_conditional,0.0,0.0,1.0,False,SEARCH,"(27, 2)","(16, 42)","(20, 2)","(16, 46)",search_info,"(16, 46)",905,0.9527029599273062,0.9121241893301121,simple_ring_priority,True,commit_expired,4,4,adaptive_knownmap_soft,8,8,52,8,0.625,25,18.063007639843747,1.0,2.474718566708624,1.0,5.808514451141826,0.0,20.53772620655237,1.0,5.808514451141826,0.0,8.0,0.0,0.0,2.0,2.0,False,0.0,soft_clearance_astar_v1,adaptive,1.0,20.53772620655237,1.0,8.0,0.0,0.0,0.0,0.0,6.5,0.0,-0.0,0.0,0.0,-0.0,0,0.0,0.0,True,1.0,0.0,0.0,0.4799917221581497,0.5200082778418503,24,24,24,1,-0.39901341353658193,1.0,simple_ring,True,4.047000000355183,0.2181999989261385,0.45259999933477957,0.3712999987328658,1,0,0,0.0,0,0,0.0,0.0,0.0,0.0,0.0,0,0,0,0.0,0.0,0.0,0.0,0,False,,,0,0.0,False,"(-1, 0)",-0.35,6.5,6.5,12,True,125,64,0.9999999999999999,1.927558977308938,0.48366336633663365,0.9644531723586065,0.661994332956384,0.4928214669580692,1.6160268336975865,0.8083769411118111,0.477149735675287,False,0.12727272727272726,0.07272727272727272,0,False,,0
136,marine_knownmap_path_v2_infosampled,ucb,0.0,False,mode_not_conditional,0.0,0.0,1.0,False,SEARCH,"(26, 2)","(16, 42)","(20, 2)","(16, 46)",search_info,"(16, 46)",905,0.9527029599273062,0.9121241893301121,simple_ring_priority,False,,3,4,adaptive_knownmap_soft,7,8,52,8,0.125,25,18.063007639843747,1.0,2.474718566708624,1.0,5.808514451141826,0.0,20.53772620655237,1.0,5.808514451141826,0.0,8.0,0.0,0.0,2.0,2.0,False,0.0,soft_clearance_astar_v1,adaptive,1.0,20.53772620655237,1.0,8.0,0.0,0.0,0.0,0.0,6.5,0.0,-0.0,0.0,0.0,-0.0,0,0.0,0.0,True,1.0,0.0,0.0,0.4799917221581497,0.5200082778418503,24,24,24,1,-0.39901341353658193,1.0,simple_ring,True,4.047000000355183,0.2181999989261385,0.45259999933477957,0.3712999987328658,1,0,0,0.0,0,0,0.0,0.0,0.0,0.0,0.0,0,0,0,0.0,0.0,0.0,0.0,0,False,,,0,0.0,False,"(-1, 0)",-0.35,6.5,6.5,12,True,126,65,1.0,1.9313137473332302,0.48514851485148514,0.9785089247082578,0.6712920049884531,0.4928214669580692,1.6160268336975865,0.8083769411118111,0.477149735675287,False,0.12727272727272726,0.07272727272727272,0,False,,0
137,marine_knownmap_path_v2_infosampled,ucb,0.0,False,mode_not_conditional,0.0,0.0,1.0,False,SEARCH,"(25, 2)","(16, 42)","(20, 2)","(16, 46)",search_info,"(16, 46)",905,0.9527029599273062,0.9121241893301121,simple_ring_priority,False,,2,4,adaptive_knownmap_soft,6,8,52,8,0.25,25,18.063007639843747,1.0,2.474718566708624,1.0,5.808514451141826,0.0,20.53772620655237,1.0,5.808514451141826,0.0,8.0,0.0,0.0,2.0,2.0,False,0.0,soft_clearance_astar_v1,adaptive,1.0,20.53772620655237,1.0,8.0,0.0,0.0,0.0,0.0,6.5,0.0,-0.0,0.0,0.0,-0.0,0,0.0,0.0,True,1.0,0.0,0.0,0.4799917221581497,0.5200082778418503,24,24,24,1,-0.39901341353658193,1.0,simple_ring,True,4.047000000355183,0.2181999989261385,0.45259999933477957,0.3712999987328658,1,0,0,0.0,0,0,0.0,0.0,0.0,0.0,0.0,0,0,0,0.0,0.0,0.0,0.0,0,False,,,0,0.0,False,"(-1, 0)",-0.35,6.5,6.5,12,True,127,66,1.0,1.9349030789900412,0.4866336633663366,0.9958925469230876,0.683797899847168,0.4928214669580692,1.6160268336975865,0.8083769411118111,0.477149735675287,False,0.12727272727272726,0.07272727272727272,0,False,,0
138,marine_knownmap_path_v2_infosampled,ucb,0.0,False,mode_not_conditional,0.0,0.0,1.0,False,SEARCH,"(24, 2)","(16, 42)","(20, 2)","(16, 46)",search_info,"(16, 46)",905,0.9527029599273062,0.9121241893301121,simple_ring_priority,False,,1,4,adaptive_knownmap_soft,5,8,52,8,0.375,25,18.063007639843747,1.0,2.474718566708624,1.0,5.808514451141826,0.0,20.53772620655237,1.0,5.808514451141826,0.0,8.0,0.0,0.0,2.0,2.0,False,0.0,soft_clearance_astar_v1,adaptive,1.0,20.53772620655237,1.0,8.0,0.0,0.0,0.0,0.0,6.5,0.0,-0.0,0.0,0.0,-0.0,0,0.0,0.0,True,1.0,0.0,0.0,0.4799917221581497,0.5200082778418503,24,24,24,1,-0.39901341353658193,1.0,simple_ring,True,4.047000000355183,0.2181999989261385,0.45259999933477957,0.3712999987328658,1,0,0,0.0,0,0,0.0,0.0,0.0,0.0,0.0,0,0,0,0.0,0.0,0.0,0.0,0,False,,,0,0.0,False,"(-1, 0)",-0.35,6.5,6.5,12,True,128,67,1.0,1.9383008797891474,0.4881188118811881,0.9813500609122172,0.6735664453356898,0.4928214669580692,1.6160268336975865,0.8083769411118111,0.477149735675287,False,0.12727272727272726,0.07272727272727272,0,False,,0
139,marine_knownmap_path_v2_infosampled,ucb,0.0,False,mode_not_conditional,0.0,0.0,1.0,False,SEARCH,"(23, 2)","(16, 42)","(20, 2)","(16, 46)",search_info,"(16, 46)",905,0.9527029599273062,0.9121241893301121,simple_ring_priority,False,,0,4,adaptive_knownmap_soft,4,8,52,8,0.5,25,18.063007639843747,1.0,2.474718566708624,1.0,5.808514451141826,0.0,20.53772620655237,1.0,5.808514451141826,0.0,8.0,0.0,0.0,2.0,2.0,False,0.0,soft_clearance_astar_v1,adaptive,1.0,20.53772620655237,1.0,8.0,0.0,0.0,0.0,0.0,6.5,0.0,-0.0,0.0,0.0,-0.0,0,0.0,0.0,True,1.0,0.0,0.0,0.4799917221581497,0.5200082778418503,24,24,24,1,-0.39901341353658193,1.0,simple_ring,True,4.047000000355183,0.2181999989261385,0.45259999933477957,0.3712999987328658,1,0,0,0.0,0,0,0.0,0.0,0.0,0.0,0.0,0,0,0,0.0,0.0,0.0,0.0,0,False,,,0,0.0,False,"(-1, 0)",-0.35,6.5,6.5,12,True,129,68,1.0,1.9414974103323885,0.4896039603960396,0.9941924936750519,0.680571110357385,0.4928214669580692,1.6160268336975865,0.8083769411118111,0.477149735675287,False,0.12727272727272726,0.07272727272727272,0,False,,0
140,marine_knownmap_path_v2_infosampled,ucb,0.0,False,mode_not_conditional,0.0,0.0,1.0,False,SEARCH,"(22, 2)","(15, 42)","(15, 2)","(16, 46)",search_info,"(16, 46)",910,0.9941924936750519,0.9518450302761878,simple_ring_priority,True,commit_expired,4,4,adaptive_knownmap_soft,8,8,48,8,0.625,26,5.8025,1.0,2.4644738993806476,1.0,5.808514451141826,1.0,8.266973899380648,1.0,5.808514451141826,1.0,8.0,0.0,0.0,2.0,2.0,False,0.0,soft_clearance_astar_v1,adaptive,1.0,8.266973899380648,1.0,8.0,0.0,0.0,0.0,0.0,6.5,2.0,-0.0,0.0,0.0,-0.0,0,0.0,0.0,True,0.2,0.0,0.0,0.5022165149311402,0.4977834850688599,24,24,24,3,-0.1396590283478476,0.916177828699197,simple_ring,True,4.48580000011134,0.10470000052009709,0.19559999964258168,0.19880000218108762,1,0,0,0.0,0,0,0.0,0.0,0.0,0.0,0.0,0,0,0,0.0,0.0,0.0,0.0,0,False,,,0,0.0,False,"(-1, 0)",8.090626514146956,8.5,8.5,12,True,130,69,1.0,1.944493632429819,0.4910891089108911,0.9040482483943868,0.6143005268598877,0.4946751575257023,1.618343946907128,0.8095360189498029,0.515171038309691,False,0.12727272727272726,0.07272727272727272,0,False,,0
141,marine_knownmap_path_v2_infosampled,ucb,0.0,False,mode_not_conditional,0.0,0.0,1.0,False,SEARCH,"(21, 2)","(15, 42)","(15, 2)","(16, 46)",search_info,"(16, 46)",910,0.9941924936750519,0.9518450302761878,simple_ring_priority,False,,3,4,adaptive_knownmap_soft,7,8,48,8,0.125,26,5.8025,1.0,2.4644738993806476,1.0,5.808514451141826,1.0,8.266973899380648,1.0,5.808514451141826,1.0,8.0,0.0,0.0,2.0,2.0,False,0.0,soft_clearance_astar_v1,adaptive,1.0,8.266973899380648,1.0,8.0,0.0,0.0,0.0,0.0,6.5,2.0,-0.0,0.0,0.0,-0.0,0,0.0,0.0,True,0.2,0.0,0.0,0.5022165149311402,0.4977834850688599,24,24,24,3,-0.1396590283478476,0.916177828699197,simple_ring,True,4.48580000011134,0.10470000052009709,0.19559999964258168,0.19880000218108762,1,0,0,0.0,0,0,0.0,0.0,0.0,0.0,0.0,0,0,0,0.0,0.0,0.0,0.0,0,False,,,0,0.0,False,"(-1, 0)",8.090626514146956,8.5,8.5,12,True,131,70,0.9999999999999998,1.9472978232204876,0.49207920792079207,0.9580145483185123,0.6540103686727005,0.4946751575257023,1.618343946907128,0.8095360189498029,0.515171038309691,False,0.12727272727272726,0.09090909090909091,0,False,,0
142,marine_knownmap_path_v2_infosampled,ucb,0.0,False,mode_not_conditional,0.0,0.0,1.0,False,SEARCH,"(20, 2)","(15, 42)","(15, 2)","(16, 46)",search_info,"(16, 46)",910,0.9941924936750519,0.9518450302761878,simple_ring_priority,False,,2,4,adaptive_knownmap_soft,6,8,48,8,0.25,26,5.8025,1.0,2.4644738993806476,1.0,5.808514451141826,1.0,8.266973899380648,1.0,5.808514451141826,1.0,8.0,0.0,0.0,2.0,2.0,False,0.0,soft_clearance_astar_v1,adaptive,1.0,8.266973899380648,1.0,8.0,0.0,0.0,0.0,0.0,6.5,2.0,-0.0,0.0,0.0,-0.0,0,0.0,0.0,True,0.2,0.0,0.0,0.5022165149311402,0.4977834850688599,24,24,24,3,-0.1396590283478476,0.916177828699197,simple_ring,True,4.48580000011134,0.10470000052009709,0.19559999964258168,0.19880000218108762,1,0,0,0.0,0,0,0.0,0.0,0.0,0.0,0.0,0,0,0,0.0,0.0,0.0,0.0,0,False,,,0,0.0,False,"(-1, 0)",8.090626514146956,8.5,8.5,12,True,132,71,1.0,1.9499237291003053,0.49257425742574257,0.896433316506551,0.6079722045174024,0.4946751575257023,1.618343946907128,0.8095360189498029,0.515171038309691,False,0.12727272727272726,0.10909090909090909,0,False,,0
143,marine_knownmap_path_v2_infosampled,ucb,0.0,False,mode_not_conditional,0.0,0.0,1.0,False,SEARCH,"(19, 2)","(15, 42)","(15, 2)","(16, 46)",search_info,"(16, 46)",910,0.9941924936750519,0.9518450302761878,simple_ring_priority,False,,1,4,adaptive_knownmap_soft,5,8,48,8,0.375,26,5.8025,1.0,2.4644738993806476,1.0,5.808514451141826,1.0,8.266973899380648,1.0,5.808514451141826,1.0,8.0,0.0,0.0,2.0,2.0,False,0.0,soft_clearance_astar_v1,adaptive,1.0,8.266973899380648,1.0,8.0,0.0,0.0,0.0,0.0,6.5,2.0,-0.0,0.0,0.0,-0.0,0,0.0,0.0,True,0.2,0.0,0.0,0.5022165149311402,0.4977834850688599,24,24,24,3,-0.1396590283478476,0.916177828699197,simple_ring,True,4.48580000011134,0.10470000052009709,0.19559999964258168,0.19880000218108762,1,0,0,0.0,0,0,0.0,0.0,0.0,0.0,0.0,0,0,0,0.0,0.0,0.0,0.0,0,False,,,0,0.0,False,"(-1, 0)",8.090626514146956,8.5,8.5,12,True,133,72,1.0,1.9523897317003598,0.49257425742574257,0.8930969794398981,0.6032675177401939,0.4946751575257023,1.618343946907128,0.8095360189498029,0.515171038309691,False,0.12727272727272726,0.12727272727272726,0,False,,0
144,marine_knownmap_path_v2_infosampled,ucb,0.0,False,mode_not_conditional,0.0,0.0,1.0,False,SEARCH,"(18, 2)","(15, 42)","(15, 2)","(16, 46)",search_info,"(16, 46)",910,0.9941924936750519,0.9518450302761878,simple_ring_priority,False,,0,4,adaptive_knownmap_soft,4,8,48,8,0.5,26,5.8025,1.0,2.4644738993806476,1.0,5.808514451141826,1.0,8.266973899380648,1.0,5.808514451141826,1.0,8.0,0.0,0.0,2.0,2.0,False,0.0,soft_clearance_astar_v1,adaptive,1.0,8.266973899380648,1.0,8.0,0.0,0.0,0.0,0.0,6.5,2.0,-0.0,0.0,0.0,-0.0,0,0.0,0.0,True,0.2,0.0,0.0,0.5022165149311402,0.4977834850688599,24,24,24,3,-0.1396590283478476,0.916177828699197,simple_ring,True,4.48580000011134,0.10470000052009709,0.19559999964258168,0.19880000218108762,1,0,0,0.0,0,0,0.0,0.0,0.0,0.0,0.0,0,0,0,0.0,0.0,0.0,0.0,0,False,,,0,0.0,False,"(-1, 0)",8.090626514146956,8.5,8.5,12,True,134,73,1.0,1.9547185775329445,0.49257425742574257,0.9118205233625353,0.6194408424819079,0.4946751575257023,1.618343946907128,0.8095360189498029,0.515171038309691,False,0.12727272727272726,0.12727272727272726,0,False,,0
145,marine_knownmap_path_v2_infosampled,ucb,0.0,False,mode_not_conditional,0.0,0.0,1.0,False,SEARCH,"(18, 3)","(20, 46)","(18, 10)","(16, 46)",search_info,"(16, 46)",883,0.9118205233625353,0.8713825837543376,simple_ring_priority,True,commit_expired,4,4,adaptive_knownmap_soft,8,8,50,8,0.625,27,0.0,0.0,2.1752996869727457,1.0,5.515661118536932,0.19631462332056834,2.1752996869727457,1.0,5.515661118536932,0.19631462332056834,8.0,0.0,0.0,3.0,6.0,False,0.0,soft_clearance_astar_v1,adaptive,1.0,2.1752996869727457,1.0,8.0,0.0,0.0,0.0,0.0,6.5,0.3926292466411367,-0.0,0.0,0.0,-0.0,0,0.0,0.0,True,1.0,0.0,0.0,0.45708629706184956,0.5429137029381504,24,24,24,6,-0.18572810628173686,0.7222325065452765,simple_ring,True,4.145300001255237,0.09890000364976004,0.19570000040403102,0.1841000066633569,1,0,0,0.0,0,0,0.0,0.0,0.0,0.0,0.0,0,0,0,0.0,0.0,0.0,0.0,0,False,,,0,0.0,False,"(0, 1)",0.5739128479613794,6.892629246641136,6.892629246641136,12,True,135,74,1.0,1.9570503910699741,0.49257425742574257,0.9246342307541193,0.6269631045040334,0.49032521838107485,1.6129065229763435,0.806816083839172,0.5127224739271116,False,0.09375,0.09375,0,False,,0
146,marine_knownmap_path_v2_infosampled,ucb,0.0,False,mode_not_conditional,0.0,0.0,1.0,False,SEARCH,"(18, 4)","(20, 46)","(18, 10)","(16, 46)",search_info,"(16, 46)",883,0.9118205233625353,0.8713825837543376,simple_ring_priority,False,,3,4,adaptive_knownmap_soft,7,8,50,8,0.125,27,0.0,0.0,2.1752996869727457,1.0,5.515661118536932,0.19631462332056834,2.1752996869727457,1.0,5.515661118536932,0.19631462332056834,8.0,0.0,0.0,3.0,6.0,False,0.0,soft_clearance_astar_v1,adaptive,1.0,2.1752996869727457,1.0,8.0,0.0,0.0,0.0,0.0,6.5,0.3926292466411367,-0.0,0.0,0.0,-0.0,0,0.0,0.0,True,1.0,0.0,0.0,0.45708629706184956,0.5429137029381504,24,24,24,6,-0.18572810628173686,0.7222325065452765,simple_ring,True,4.145300001255237,0.09890000364976004,0.19570000040403102,0.1841000066633569,1,0,0,0.0,0,0,0.0,0.0,0.0,0.0,0.0,0,0,0,0.0,0.0,0.0,0.0,0,False,,,0,0.0,False,"(0, 1)",0.5739128479613794,6.892629246641136,6.892629246641136,12,True,136,75,0.9999999999999999,1.9596260875014089,0.49257425742574257,0.9984567201759044,0.6817003017379584,0.49032521838107485,1.6129065229763435,0.806816083839172,0.5127224739271116,False,0.1232876712328767,0.1232876712328767,0,False,,0
147,marine_knownmap_path_v2_infosampled,ucb,0.0,False,mode_not_conditional,0.0,0.0,1.0,False,SEARCH,"(18, 5)","(20, 46)","(18, 10)","(16, 46)",search_info,"(16, 46)",883,0.9118205233625353,0.8713825837543376,simple_ring_priority,False,,2,4,adaptive_knownmap_soft,6,8,50,8,0.25,27,0.0,0.0,2.1752996869727457,1.0,5.515661118536932,0.19631462332056834,2.1752996869727457,1.0,5.515661118536932,0.19631462332056834,8.0,0.0,0.0,3.0,6.0,False,0.0,soft_clearance_astar_v1,adaptive,1.0,2.1752996869727457,1.0,8.0,0.0,0.0,0.0,0.0,6.5,0.3926292466411367,-0.0,0.0,0.0,-0.0,0,0.0,0.0,True,1.0,0.0,0.0,0.45708629706184956,0.5429137029381504,24,24,24,6,-0.18572810628173686,0.7222325065452765,simple_ring,True,4.145300001255237,0.09890000364976004,0.19570000040403102,0.1841000066633569,1,0,0,0.0,0,0,0.0,0.0,0.0,0.0,0.0,0,0,0,0.0,0.0,0.0,0.0,0,False,,,0,0.0,False,"(0, 1)",0.5739128479613794,6.892629246641136,6.892629246641136,12,True,137,76,1.0,1.9623846955040887,0.49257425742574257,0.9860034971926148,0.6693472321142954,0.49032521838107485,1.6129065229763435,0.806816083839172,0.5127224739271116,False,0.125,0.125,0,False,,0
148,marine_knownmap_path_v2_infosampled,ucb,0.0,False,mode_not_conditional,0.0,0.0,1.0,False,SEARCH,"(18, 6)","(20, 46)","(18, 10)","(16, 46)",search_info,"(16, 46)",883,0.9118205233625353,0.8713825837543376,simple_ring_priority,False,,1,4,adaptive_knownmap_soft,5,8,50,8,0.375,27,0.0,0.0,2.1752996869727457,1.0,5.515661118536932,0.19631462332056834,2.1752996869727457,1.0,5.515661118536932,0.19631462332056834,8.0,0.0,0.0,3.0,6.0,False,0.0,soft_clearance_astar_v1,adaptive,1.0,2.1752996869727457,1.0,8.0,0.0,0.0,0.0,0.0,6.5,0.3926292466411367,-0.0,0.0,0.0,-0.0,0,0.0,0.0,True,1.0,0.0,0.0,0.45708629706184956,0.5429137029381504,24,24,24,6,-0.18572810628173686,0.7222325065452765,simple_ring,True,4.145300001255237,0.09890000364976004,0.19570000040403102,0.1841000066633569,1,0,0,0.0,0,0,0.0,0.0,0.0,0.0,0.0,0,0,0,0.0,0.0,0.0,0.0,0,False,,,0,0.0,False,"(0, 1)",0.5739128479613794,6.892629246641136,6.892629246641136,12,True,138,77,1.0,1.965205236476379,0.49257425742574257,0.9747643323486508,0.6609163340924732,0.49032521838107485,1.6129065229763435,0.806816083839172,0.5127224739271116,False,0.12345679012345678,0.12345679012345678,0,False,,0
149,marine_knownmap_path_v2_infosampled,ucb,0.0,False,mode_not_conditional,0.0,0.0,1.0,False,SEARCH,"(18, 7)","(20, 46)","(18, 10)","(16, 46)",search_info,"(16, 46)",883,0.9118205233625353,0.8713825837543376,simple_ring_priority,False,,0,4,adaptive_knownmap_soft,4,8,50,8,0.5,27,0.0,0.0,2.1752996869727457,1.0,5.515661118536932,0.19631462332056834,2.1752996869727457,1.0,5.515661118536932,0.19631462332056834,8.0,0.0,0.0,3.0,6.0,False,0.0,soft_clearance_astar_v1,adaptive,1.0,2.1752996869727457,1.0,8.0,0.0,0.0,0.0,0.0,6.5,0.3926292466411367,-0.0,0.0,0.0,-0.0,0,0.0,0.0,True,1.0,0.0,0.0,0.45708629706184956,0.5429137029381504,24,24,24,6,-0.18572810628173686,0.7222325065452765,simple_ring,True,4.145300001255237,0.09890000364976004,0.19570000040403102,0.1841000066633569,1,0,0,0.0,0,0,0.0,0.0,0.0,0.0,0.0,0,0,0,0.0,0.0,0.0,0.0,0,False,,,0,0.0,False,"(0, 1)",0.5739128479613794,6.892629246641136,6.892629246641136,12,True,139,78,1.0,1.967986934109839,0.49257425742574257,0.9546379055356939,0.6440158952295736,0.49032521838107485,1.6129065229763435,0.806816083839172,0.5127224739271116,False,0.13580246913580246,0.13580246913580246,0,False,,0
150,marine_knownmap_path_v2_infosampled,ucb,0.0,False,mode_not_conditional,0.0,0.0,1.0,False,SEARCH,"(18, 8)","(20, 46)","(18, 15)","(16, 46)",search_info,"(16, 46)",889,0.9546379055356939,0.9124218072902125,simple_ring_priority,True,commit_expired,4,4,adaptive_knownmap_soft,8,8,45,8,0.625,27,0.0,0.0,2.2413675009500187,1.0,5.867393843354551,1.0,2.2413675009500187,1.0,5.867393843354551,1.0,8.0,0.0,0.0,7.0,7.25,False,0.0,soft_clearance_astar_v1,adaptive,1.0,2.2413675009500187,1.0,8.0,0.0,0.0,0.0,0.0,6.5,2.0,-0.0,0.0,0.0,-0.0,0,0.0,0.0,True,0.0,0.0,0.0,0.482096710712496,0.5179032892875041,24,24,24,6,0.1387435240629986,0.7210957637409623,simple_ring,True,4.463299999770243,0.09299999692302663,0.2791999995679362,0.2055000022664899,1,0,0,0.0,0,0,0.0,0.0,0.0,0.0,0.0,0,0,0,0.0,0.0,0.0,0.0,0,False,,,0,0.0,False,"(0, 1)",8.5,8.5,8.5,12,True,140,79,0.9999999999999999,1.9706563378935111,0.49257425742574257,0.9421816923194907,0.6301048114159424,0.48571741597813695,1.6071467699726711,0.8039349116843664,0.38200655607384104,False,0.13580246913580246,0.13580246913580246,0,False,,0
151,marine_knownmap_path_v2_infosampled,ucb,0.0,False,mode_not_conditional,0.0,0.0,1.0,False,SEARCH,"(18, 9)","(20, 46)","(18, 15)","(16, 46)",search_info,"(16, 46)",889,0.9546379055356939,0.9124218072902125,simple_ring_priority,False,,3,4,adaptive_knownmap_soft,7,8,45,8,0.125,27,0.0,0.0,2.2413675009500187,1.0,5.867393843354551,1.0,2.2413675009500187,1.0,5.867393843354551,1.0,8.0,0.0,0.0,7.0,7.25,False,0.0,soft_clearance_astar_v1,adaptive,1.0,2.2413675009500187,1.0,8.0,0.0,0.0,0.0,0.0,6.5,2.0,-0.0,0.0,0.0,-0.0,0,0.0,0.0,True,0.0,0.0,0.0,0.482096710712496,0.5179032892875041,24,24,24,6,0.1387435240629986,0.7210957637409623,simple_ring,True,4.463299999770243,0.09299999692302663,0.2791999995679362,0.2055000022664899,1,0,0,0.0,0,0,0.0,0.0,0.0,0.0,0.0,0,0,0,0.0,0.0,0.0,0.0,0,False,,,0,0.0,False,"(0, 1)",8.5,8.5,8.5,12,True,141,80,1.0,1.973169218522394,0.49257425742574257,0.9679093445065794,0.6485200830674583,0.48571741597813695,1.6071467699726711,0.8039349116843664,0.38200655607384104,False,0.13580246913580246,0.13580246913580246,0,False,,0
152,marine_knownmap_path_v2_infosampled,ucb,0.0,False,mode_not_conditional,0.0,0.0,1.0,False,SEARCH,"(18, 10)","(20, 46)","(18, 15)","(16, 46)",search_info,"(16, 46)",889,0.9546379055356939,0.9124218072902125,simple_ring_priority,False,,2,4,adaptive_knownmap_soft,6,8,45,8,0.25,27,0.0,0.0,2.2413675009500187,1.0,5.867393843354551,1.0,2.2413675009500187,1.0,5.867393843354551,1.0,8.0,0.0,0.0,7.0,7.25,False,0.0,soft_clearance_astar_v1,adaptive,1.0,2.2413675009500187,1.0,8.0,0.0,0.0,0.0,0.0,6.5,2.0,-0.0,0.0,0.0,-0.0,0,0.0,0.0,True,0.0,0.0,0.0,0.482096710712496,0.5179032892875041,24,24,24,6,0.1387435240629986,0.7210957637409623,simple_ring,True,4.463299999770243,0.09299999692302663,0.2791999995679362,0.2055000022664899,1,0,0,0.0,0,0,0.0,0.0,0.0,0.0,0.0,0,0,0,0.0,0.0,0.0,0.0,0,False,,,0,0.0,False,"(0, 1)",8.5,8.5,8.5,12,True,142,81,1.0,1.9755063103810362,0.49257425742574257,0.9326445728107122,0.6175952641709473,0.48571741597813695,1.6071467699726711,0.8039349116843664,0.38200655607384104,False,0.13580246913580246,0.13580246913580246,0,False,,0
153,marine_knownmap_path_v2_infosampled,ucb,0.0,False,mode_not_conditional,0.0,0.0,1.0,False,SEARCH,"(18, 11)","(20, 46)","(18, 15)","(16, 46)",search_info,"(16, 46)",889,0.9546379055356939,0.9124218072902125,simple_ring_priority,False,,1,4,adaptive_knownmap_soft,5,8,45,8,0.375,27,0.0,0.0,2.2413675009500187,1.0,5.867393843354551,1.0,2.2413675009500187,1.0,5.867393843354551,1.0,8.0,0.0,0.0,7.0,7.25,False,0.0,soft_clearance_astar_v1,adaptive,1.0,2.2413675009500187,1.0,8.0,0.0,0.0,0.0,0.0,6.5,2.0,-0.0,0.0,0.0,-0.0,0,0.0,0.0,True,0.0,0.0,0.0,0.482096710712496,0.5179032892875041,24,24,24,6,0.1387435240629986,0.7210957637409623,simple_ring,True,4.463299999770243,0.09299999692302663,0.2791999995679362,0.2055000022664899,1,0,0,0.0,0,0,0.0,0.0,0.0,0.0,0.0,0,0,0,0.0,0.0,0.0,0.0,0,False,,,0,0.0,False,"(0, 1)",8.5,8.5,8.5,12,True,143,82,1.0,1.9776715186663427,0.49257425742574257,0.935140926360482,0.6173883972228529,0.48571741597813695,1.6071467699726711,0.8039349116843664,0.38200655607384104,False,0.13580246913580246,0.13580246913580246,0,False,,0
154,marine_knownmap_path_v2_infosampled,ucb,0.0,False,mode_not_conditional,0.0,0.0,1.0,False,SEARCH,"(18, 12)","(20, 46)","(18, 15)","(16, 46)",search_info,"(16, 46)",889,0.9546379055356939,0.9124218072902125,simple_ring_priority,False,,0,4,adaptive_knownmap_soft,4,8,45,8,0.5,27,0.0,0.0,2.2413675009500187,1.0,5.867393843354551,1.0,2.2413675009500187,1.0,5.867393843354551,1.0,8.0,0.0,0.0,7.0,7.25,False,0.0,soft_clearance_astar_v1,adaptive,1.0,2.2413675009500187,1.0,8.0,0.0,0.0,0.0,0.0,6.5,2.0,-0.0,0.0,0.0,-0.0,0,0.0,0.0,True,0.0,0.0,0.0,0.482096710712496,0.5179032892875041,24,24,24,6,0.1387435240629986,0.7210957637409623,simple_ring,True,4.463299999770243,0.09299999692302663,0.2791999995679362,0.2055000022664899,1,0,0,0.0,0,0,0.0,0.0,0.0,0.0,0.0,0,0,0,0.0,0.0,0.0,0.0,0,False,,,0,0.0,False,"(0, 1)",8.5,8.5,8.5,12,True,144,83,1.0,1.9796836313566706,0.49257425742574257,0.9191382380073592,0.6087370587611014,0.48571741597813695,1.6071467699726711,0.8039349116843664,0.38200655607384104,False,0.13580246913580246,0.13580246913580246,0,False,,0
155,marine_knownmap_path_v2_infosampled,ucb,0.0,False,mode_not_conditional,0.0,0.0,1.0,False,SEARCH,"(18, 13)","(20, 46)","(18, 20)","(16, 46)",search_info,"(16, 46)",901,0.9191382380073592,0.8767196918470924,simple_ring_priority,True,commit_expired,4,4,adaptive_knownmap_soft,8,8,40,8,0.625,27,0.0,0.0,1.793574215327309,1.0,5.867393843354551,1.0,1.793574215327309,1.0,5.867393843354551,1.0,8.0,0.0,0.0,7.0,7.0,False,0.0,soft_clearance_astar_v1,adaptive,1.0,1.793574215327309,1.0,8.0,0.0,0.0,0.0,0.0,6.5,2.0,-0.0,0.0,0.0,-0.0,0,0.0,0.0,True,0.0,0.0,0.0,0.46224351895368015,0.5377564810463198,24,24,24,6,0.3223256584390184,0.7200354072304646,simple_ring,True,4.023700001198449,0.10379999912402127,0.22880000142322388,0.2249000026495196,1,0,0,0.0,0,0,0.0,0.0,0.0,0.0,0.0,0,0,0,0.0,0.0,0.0,0.0,0,False,,,0,0.0,False,"(0, 1)",8.5,8.5,8.5,12,True,145,84,1.0,1.9815722756442473,0.49257425742574257,0.9125679245908078,0.5979756180818652,0.48522853844551256,1.6065356730568907,0.8036292257605929,0.3475539945595039,False,0.13580246913580246,0.13580246913580246,0,False,,0
156,marine_knownmap_path_v2_infosampled,ucb,0.0,False,mode_not_conditional,0.0,0.0,1.0,False,SEARCH,"(18, 14)","(20, 46)","(18, 20)","(16, 46)",search_info,"(16, 46)",901,0.9191382380073592,0.8767196918470924,simple_ring_priority,False,,3,4,adaptive_knownmap_soft,7,8,40,8,0.125,27,0.0,0.0,1.793574215327309,1.0,5.867393843354551,1.0,1.793574215327309,1.0,5.867393843354551,1.0,8.0,0.0,0.0,7.0,7.0,False,0.0,soft_clearance_astar_v1,adaptive,1.0,1.793574215327309,1.0,8.0,0.0,0.0,0.0,0.0,6.5,2.0,-0.0,0.0,0.0,-0.0,0,0.0,0.0,True,0.0,0.0,0.0,0.46224351895368015,0.5377564810463198,24,24,24,6,0.3223256584390184,0.7200354072304646,simple_ring,True,4.023700001198449,0.10379999912402127,0.22880000142322388,0.2249000026495196,1,0,0,0.0,0,0,0.0,0.0,0.0,0.0,0.0,0,0,0,0.0,0.0,0.0,0.0,0,False,,,0,0.0,False,"(0, 1)",8.5,8.5,8.5,12,True,146,85,0.9999999999999999,1.9833758874065734,0.49257425742574257,0.9119880464430774,0.5987249175182632,0.48522853844551256,1.6065356730568907,0.8036292257605929,0.3475539945595039,False,0.13580246913580246,0.13580246913580246,0,False,,0
157,marine_knownmap_path_v2_infosampled,ucb,0.0,False,mode_not_conditional,0.0,0.0,1.0,False,SEARCH,"(18, 15)","(20, 46)","(18, 20)","(16, 46)",search_info,"(16, 46)",901,0.9191382380073592,0.8767196918470924,simple_ring_priority,False,,2,4,adaptive_knownmap_soft,6,8,40,8,0.25,27,0.0,0.0,1.793574215327309,1.0,5.867393843354551,1.0,1.793574215327309,1.0,5.867393843354551,1.0,8.0,0.0,0.0,7.0,7.0,False,0.0,soft_clearance_astar_v1,adaptive,1.0,1.793574215327309,1.0,8.0,0.0,0.0,0.0,0.0,6.5,2.0,-0.0,0.0,0.0,-0.0,0,0.0,0.0,True,0.0,0.0,0.0,0.46224351895368015,0.5377564810463198,24,24,24,6,0.3223256584390184,0.7200354072304646,simple_ring,True,4.023700001198449,0.10379999912402127,0.22880000142322388,0.2249000026495196,1,0,0,0.0,0,0,0.0,0.0,0.0,0.0,0.0,0,0,0,0.0,0.0,0.0,0.0,0,False,,,0,0.0,False,"(0, 1)",8.5,8.5,8.5,12,True,147,86,0.9999999999999998,1.9851395368237748,0.49257425742574257,0.9212464519500807,0.6030505567223793,0.48522853844551256,1.6065356730568907,0.8036292257605929,0.3475539945595039,False,0.13580246913580246,0.13580246913580246,0,False,,0
158,marine_knownmap_path_v2_infosampled,ucb,0.0,False,mode_not_conditional,0.0,0.0,1.0,False,SEARCH,"(18, 16)","(20, 46)","(18, 20)","(16, 46)",search_info,"(16, 46)",901,0.9191382380073592,0.8767196918470924,simple_ring_priority,False,,1,4,adaptive_knownmap_soft,5,8,40,8,0.375,27,0.0,0.0,1.793574215327309,1.0,5.867393843354551,1.0,1.793574215327309,1.0,5.867393843354551,1.0,8.0,0.0,0.0,7.0,7.0,False,0.0,soft_clearance_astar_v1,adaptive,1.0,1.793574215327309,1.0,8.0,0.0,0.0,0.0,0.0,6.5,2.0,-0.0,0.0,0.0,-0.0,0,0.0,0.0,True,0.0,0.0,0.0,0.46224351895368015,0.5377564810463198,24,24,24,6,0.3223256584390184,0.7200354072304646,simple_ring,True,4.023700001198449,0.10379999912402127,0.22880000142322388,0.2249000026495196,1,0,0,0.0,0,0,0.0,0.0,0.0,0.0,0.0,0,0,0,0.0,0.0,0.0,0.0,0,False,,,0,0.0,False,"(0, 1)",8.5,8.5,8.5,12,True,148,87,1.0,1.9869143011726311,0.49257425742574257,0.9138763376129824,0.6002793369889301,0.48522853844551256,1.6065356730568907,0.8036292257605929,0.3475539945595039,False,0.13580246913580246,0.13580246913580246,0,False,,0
159,marine_knownmap_path_v2_infosampled,ucb,0.0,False,mode_not_conditional,0.0,0.0,1.0,False,SEARCH,"(18, 17)","(20, 46)","(18, 20)","(16, 46)",search_info,"(16, 46)",901,0.9191382380073592,0.8767196918470924,simple_ring_priority,False,,0,4,adaptive_knownmap_soft,4,8,40,8,0.5,27,0.0,0.0,1.793574215327309,1.0,5.867393843354551,1.0,1.793574215327309,1.0,5.867393843354551,1.0,8.0,0.0,0.0,7.0,7.0,False,0.0,soft_clearance_astar_v1,adaptive,1.0,1.793574215327309,1.0,8.0,0.0,0.0,0.0,0.0,6.5,2.0,-0.0,0.0,0.0,-0.0,0,0.0,0.0,True,0.0,0.0,0.0,0.46224351895368015,0.5377564810463198,24,24,24,6,0.3223256584390184,0.7200354072304646,simple_ring,True,4.023700001198449,0.10379999912402127,0.22880000142322388,0.2249000026495196,1,0,0,0.0,0,0,0.0,0.0,0.0,0.0,0.0,0,0,0,0.0,0.0,0.0,0.0,0,False,,,0,0.0,False,"(0, 1)",8.5,8.5,8.5,12,True,149,88,1.0,1.9887575400120627,0.49257425742574257,0.9212611306374853,0.6018834363548187,0.48522853844551256,1.6065356730568907,0.8036292257605929,0.3475539945595039,False,0.13580246913580246,0.13580246913580246,0,False,,0
160,marine_knownmap_path_v2_infosampled,ucb,0.0,False,mode_not_conditional,0.0,0.0,1.0,False,SEARCH,"(18, 18)","(20, 46)","(18, 25)","(16, 46)",search_info,"(16, 46)",895,0.9206637133325415,0.8744277341117188,simple_ring_priority,True,commit_expired,4,4,adaptive_knownmap_soft,8,8,35,8,0.625,27,0.0,0.0,2.1066999909734867,1.0,5.867393843354551,1.0,2.1066999909734867,1.0,5.867393843354551,1.0,8.0,0.0,0.0,5.0,6.625,False,0.0,soft_clearance_astar_v1,adaptive,1.0,2.1066999909734867,1.0,8.0,0.0,0.0,0.0,0.0,6.5,2.0,-0.0,0.0,0.0,-0.0,0,0.0,0.0,True,0.0,0.0,0.0,0.4610722957336462,0.5389277042663538,24,24,24,6,0.5650666911914872,0.7190551788695806,simple_ring,True,3.9936000011948636,0.056299997595488094,0.18970000019180588,0.16249999862338882,1,0,0,0.0,0,0,0.0,0.0,0.0,0.0,0.0,0,0,0,0.0,0.0,0.0,0.0,0,False,,,0,0.0,False,"(0, 1)",8.5,8.5,8.5,12,True,150,89,0.9999999999999998,1.9907333070605742,0.49257425742574257,0.9349544648118397,0.6105695399076476,0.47408375536955927,1.592604694211949,0.7966606025728202,0.2690862013495415,False,0.13580246913580246,0.13580246913580246,0,False,,0
161,marine_knownmap_path_v2_infosampled,ucb,0.0,False,mode_not_conditional,0.0,0.0,1.0,False,SEARCH,"(18, 19)","(20, 46)","(18, 25)","(16, 46)",search_info,"(16, 46)",895,0.9206637133325415,0.8744277341117188,simple_ring_priority,False,,3,4,adaptive_knownmap_soft,7,8,35,8,0.125,27,0.0,0.0,2.1066999909734867,1.0,5.867393843354551,1.0,2.1066999909734867,1.0,5.867393843354551,1.0,8.0,0.0,0.0,5.0,6.625,False,0.0,soft_clearance_astar_v1,adaptive,1.0,2.1066999909734867,1.0,8.0,0.0,0.0,0.0,0.0,6.5,2.0,-0.0,0.0,0.0,-0.0,0,0.0,0.0,True,0.0,0.0,0.0,0.4610722957336462,0.5389277042663538,24,24,24,6,0.5650666911914872,0.7190551788695806,simple_ring,True,3.9936000011948636,0.056299997595488094,0.18970000019180588,0.16249999862338882,1,0,0,0.0,0,0,0.0,0.0,0.0,0.0,0.0,0,0,0,0.0,0.0,0.0,0.0,0,False,,,0,0.0,False,"(0, 1)",8.5,8.5,8.5,12,True,151,90,1.0,1.9929121687378226,0.49257425742574257,0.9226206093848263,0.5947561859154457,0.47408375536955927,1.592604694211949,0.7966606025728202,0.2690862013495415,False,0.13580246913580246,0.13580246913580246,0,False,,0
162,marine_knownmap_path_v2_infosampled,ucb,0.0,False,mode_not_conditional,0.0,0.0,1.0,False,SEARCH,"(18, 20)","(20, 46)","(18, 25)","(16, 46)",search_info,"(16, 46)",895,0.9206637133325415,0.8744277341117188,simple_ring_priority,False,,2,4,adaptive_knownmap_soft,6,8,35,8,0.25,27,0.0,0.0,2.1066999909734867,1.0,5.867393843354551,1.0,2.1066999909734867,1.0,5.867393843354551,1.0,8.0,0.0,0.0,5.0,6.625,False,0.0,soft_clearance_astar_v1,adaptive,1.0,2.1066999909734867,1.0,8.0,0.0,0.0,0.0,0.0,6.5,2.0,-0.0,0.0,0.0,-0.0,0,0.0,0.0,True,0.0,0.0,0.0,0.4610722957336462,0.5389277042663538,24,24,24,6,0.5650666911914872,0.7190551788695806,simple_ring,True,3.9936000011948636,0.056299997595488094,0.18970000019180588,0.16249999862338882,1,0,0,0.0,0,0,0.0,0.0,0.0,0.0,0.0,0,0,0,0.0,0.0,0.0,0.0,0,False,,,0,0.0,False,"(0, 1)",8.5,8.5,8.5,12,True,152,91,1.0,1.9953699017119824,0.49257425742574257,0.9067391518504853,0.5824399867519479,0.47408375536955927,1.592604694211949,0.7966606025728202,0.2690862013495415,False,0.13580246913580246,0.13580246913580246,0,False,,0
163,marine_knownmap_path_v2_infosampled,ucb,0.0,False,mode_not_conditional,0.0,0.0,1.0,False,SEARCH,"(18, 21)","(20, 46)","(18, 25)","(16, 46)",search_info,"(16, 46)",895,0.9206637133325415,0.8744277341117188,simple_ring_priority,False,,1,4,adaptive_knownmap_soft,5,8,35,8,0.375,27,0.0,0.0,2.1066999909734867,1.0,5.867393843354551,1.0,2.1066999909734867,1.0,5.867393843354551,1.0,8.0,0.0,0.0,5.0,6.625,False,0.0,soft_clearance_astar_v1,adaptive,1.0,2.1066999909734867,1.0,8.0,0.0,0.0,0.0,0.0,6.5,2.0,-0.0,0.0,0.0,-0.0,0,0.0,0.0,True,0.0,0.0,0.0,0.4610722957336462,0.5389277042663538,24,24,24,6,0.5650666911914872,0.7190551788695806,simple_ring,True,3.9936000011948636,0.056299997595488094,0.18970000019180588,0.16249999862338882,1,0,0,0.0,0,0,0.0,0.0,0.0,0.0,0.0,0,0,0,0.0,0.0,0.0,0.0,0,False,,,0,0.0,False,"(0, 1)",8.5,8.5,8.5,12,True,153,92,0.9999999999999999,1.9981846683911226,0.49257425742574257,0.9100270102709598,0.5834689340226985,0.47408375536955927,1.592604694211949,0.7966606025728202,0.2690862013495415,False,0.13580246913580246,0.13580246913580246,0,False,,0
164,marine_knownmap_path_v2_infosampled,ucb,0.0,False,mode_not_conditional,0.0,0.0,1.0,False,SEARCH,"(18, 22)","(20, 46)","(18, 25)","(16, 46)",search_info,"(16, 46)",895,0.9206637133325415,0.8744277341117188,simple_ring_priority,False,,0,4,adaptive_knownmap_soft,4,8,35,8,0.5,27,0.0,0.0,2.1066999909734867,1.0,5.867393843354551,1.0,2.1066999909734867,1.0,5.867393843354551,1.0,8.0,0.0,0.0,5.0,6.625,False,0.0,soft_clearance_astar_v1,adaptive,1.0,2.1066999909734867,1.0,8.0,0.0,0.0,0.0,0.0,6.5,2.0,-0.0,0.0,0.0,-0.0,0,0.0,0.0,True,0.0,0.0,0.0,0.4610722957336462,0.5389277042663538,24,24,24,6,0.5650666911914872,0.7190551788695806,simple_ring,True,3.9936000011948636,0.056299997595488094,0.18970000019180588,0.16249999862338882,1,0,0,0.0,0,0,0.0,0.0,0.0,0.0,0.0,0,0,0,0.0,0.0,0.0,0.0,0,False,,,0,0.0,False,"(0, 1)",8.5,8.5,8.5,12,True,154,93,1.0,2.0014321237413983,0.49257425742574257,0.9199799830597453,0.5737530698127028,0.47408375536955927,1.592604694211949,0.7966606025728202,0.2690862013495415,False,0.13580246913580246,0.13580246913580246,0,False,,0
165,marine_knownmap_path_v2_infosampled,ucb,0.0,False,mode_not_conditional,0.0,0.0,1.0,False,SEARCH,"(17, 22)","(13, 44)","(13, 25)","(16, 46)",search_info,"(16, 46)",858,0.9196054672889129,0.8691143034821399,simple_ring_priority,True,commit_expired,4,4,adaptive_knownmap_soft,8,8,27,8,0.625,28,8.297482340624997,1.0,2.592037582850136,0.6109717227320203,5.022296855828832,0.0,10.889519923475133,1.0,5.022296855828832,0.0,8.25,0.0,0.0,2.0,3.375,False,0.0,soft_clearance_astar_v1,adaptive,1.0,10.889519923475133,1.0,8.25,0.0,0.0,0.0,0.0,6.5,0.0,-0.0,0.0,0.0,-0.0,1,0.0,0.0,True,1.0,0.0,0.0,0.45477716494474746,0.5452228350552526,24,24,24,6,0.7928465943908116,0.7106910358881688,simple_ring,True,4.160700000284123,0.05120000241731759,0.21629999901051633,0.17220000700035598,1,0,0,0.0,0,0,0.0,0.0,0.0,0.0,0.0,0,0,0,0.0,0.0,0.0,0.0,0,False,,,0,0.0,False,"(-1, 0)",3.472574746880191,6.5,6.5,12,True,155,94,1.0,2.004526014375132,0.49257425742574257,0.9436943175675856,0.5541784111973205,0.48418130914066787,1.6052266364258347,0.8032318257732514,0.33789927015808224,False,0.07407407407407407,0.07407407407407407,0,False,,0
166,marine_knownmap_path_v2_infosampled,ucb,0.0,False,mode_not_conditional,0.0,0.0,1.0,False,SEARCH,"(16, 22)","(13, 44)","(13, 25)","(16, 46)",search_info,"(16, 46)",858,0.9196054672889129,0.8691143034821399,simple_ring_priority,False,,3,4,adaptive_knownmap_soft,7,8,27,8,0.125,28,8.297482340624997,1.0,2.592037582850136,0.6109717227320203,5.022296855828832,0.0,10.889519923475133,1.0,5.022296855828832,0.0,8.25,0.0,0.0,2.0,3.375,False,0.0,soft_clearance_astar_v1,adaptive,1.0,10.889519923475133,1.0,8.25,0.0,0.0,0.0,0.0,6.5,0.0,-0.0,0.0,0.0,-0.0,1,0.0,0.0,True,1.0,0.0,0.0,0.45477716494474746,0.5452228350552526,24,24,24,6,0.7928465943908116,0.7106910358881688,simple_ring,True,4.160700000284123,0.05120000241731759,0.21629999901051633,0.17220000700035598,1,0,0,0.0,0,0,0.0,0.0,0.0,0.0,0.0,0,0,0,0.0,0.0,0.0,0.0,0,False,,,0,0.0,False,"(-1, 0)",3.472574746880191,6.5,6.5,12,True,156,95,1.0,2.007740990781433,0.49257425742574257,0.9512304061607932,0.5743749076441185,0.48418130914066787,1.6052266364258347,0.8032318257732514,0.33789927015808224,False,0.1,0.1,0,False,,0
167,marine_knownmap_path_v2_infosampled,ucb,0.0,False,mode_not_conditional,0.0,0.0,1.0,False,SEARCH,"(15, 22)","(13, 44)","(13, 25)","(16, 46)",search_info,"(16, 46)",858,0.9196054672889129,0.8691143034821399,simple_ring_priority,False,,2,4,adaptive_knownmap_soft,6,8,27,8,0.25,28,8.297482340624997,1.0,2.592037582850136,0.6109717227320203,5.022296855828832,0.0,10.889519923475133,1.0,5.022296855828832,0.0,8.25,0.0,0.0,2.0,3.375,False,0.0,soft_clearance_astar_v1,adaptive,1.0,10.889519923475133,1.0,8.25,0.0,0.0,0.0,0.0,6.5,0.0,-0.0,0.0,0.0,-0.0,1,0.0,0.0,True,1.0,0.0,0.0,0.45477716494474746,0.5452228350552526,24,24,24,6,0.7928465943908116,0.7106910358881688,simple_ring,True,4.160700000284123,0.05120000241731759,0.21629999901051633,0.17220000700035598,1,0,0,0.0,0,0,0.0,0.0,0.0,0.0,0.0,0,0,0,0.0,0.0,0.0,0.0,0,False,,,0,0.0,False,"(-1, 0)",3.472574746880191,6.5,6.5,12,True,157,96,1.0,2.0105908057471247,0.49257425742574257,0.9461315146101205,0.5294778400118101,0.48418130914066787,1.6052266364258347,0.8032318257732514,0.33789927015808224,False,0.05405405405405406,0.05405405405405406,0,False,,0
168,marine_knownmap_path_v2_infosampled,ucb,0.0,False,mode_not_conditional,0.0,0.0,1.0,False,SEARCH,"(14, 22)","(13, 44)","(13, 25)","(16, 46)",search_info,"(16, 46)",858,0.9196054672889129,0.8691143034821399,simple_ring_priority,False,,1,4,adaptive_knownmap_soft,5,8,27,8,0.375,28,8.297482340624997,1.0,2.592037582850136,0.6109717227320203,5.022296855828832,0.0,10.889519923475133,1.0,5.022296855828832,0.0,8.25,0.0,0.0,2.0,3.375,False,0.0,soft_clearance_astar_v1,adaptive,1.0,10.889519923475133,1.0,8.25,0.0,0.0,0.0,0.0,6.5,0.0,-0.0,0.0,0.0,-0.0,1,0.0,0.0,True,1.0,0.0,0.0,0.45477716494474746,0.5452228350552526,24,24,24,6,0.7928465943908116,0.7106910358881688,simple_ring,True,4.160700000284123,0.05120000241731759,0.21629999901051633,0.17220000700035598,1,0,0,0.0,0,0,0.0,0.0,0.0,0.0,0.0,0,0,0,0.0,0.0,0.0,0.0,0,False,,,0,0.0,False,"(-1, 0)",3.472574746880191,6.5,6.5,12,True,158,97,1.0,2.0132708845060976,0.49306930693069306,0.9426041588477687,0.5090769768402283,0.48418130914066787,1.6052266364258347,0.8032318257732514,0.33789927015808224,False,0.04477611940298507,0.029850746268656716,0,False,,0
169,marine_knownmap_path_v2_infosampled,ucb,0.0,False,mode_not_conditional,0.0,0.0,1.0,False,SEARCH,"(13, 22)","(13, 44)","(13, 25)","(16, 46)",search_info,"(16, 46)",858,0.9196054672889129,0.8691143034821399,simple_ring_priority,False,,0,4,adaptive_knownmap_soft,4,8,27,8,0.5,28,8.297482340624997,1.0,2.592037582850136,0.6109717227320203,5.022296855828832,0.0,10.889519923475133,1.0,5.022296855828832,0.0,8.25,0.0,0.0,2.0,3.375,False,0.0,soft_clearance_astar_v1,adaptive,1.0,10.889519923475133,1.0,8.25,0.0,0.0,0.0,0.0,6.5,0.0,-0.0,0.0,0.0,-0.0,1,0.0,0.0,True,1.0,0.0,0.0,0.45477716494474746,0.5452228350552526,24,24,24,6,0.7928465943908116,0.7106910358881688,simple_ring,True,4.160700000284123,0.05120000241731759,0.21629999901051633,0.17220000700035598,1,0,0,0.0,0,0,0.0,0.0,0.0,0.0,0.0,0,0,0,0.0,0.0,0.0,0.0,0,False,,,0,0.0,False,"(-1, 0)",3.472574746880191,6.5,6.5,12,True,159,98,0.9999999999999999,2.0159937071136156,0.49405940594059405,0.944023850841853,0.5486958755932977,0.48418130914066787,1.6052266364258347,0.8032318257732514,0.33789927015808224,False,0.06666666666666667,0.03333333333333333,0,False,,0
170,marine_knownmap_path_v2_infosampled,ucb,0.0,False,mode_not_conditional,0.0,0.0,1.0,False,SEARCH,"(13, 23)","(5, 23)","(9, 26)","(2, 20)",search_info,"(2, 20)",6,0.841877211099286,0.8211581222862586,simple_ring_priority,True,commit_expired,4,4,adaptive_knownmap_soft,8,8,15,8,0.625,29,36.39394561718749,1.0,3.975648269072547,0.8100079271426448,3.2782851824746286,0.0,40.369593886260034,1.0,3.2782851824746286,0.0,8.75,1.0,0.0,2.0,2.25,False,0.0,soft_clearance_astar_v1,adaptive,1.0,40.369593886260034,1.0,8.75,1.0,0.0,0.0,0.0,6.5,0.0,-0.35,0.0,0.0,-0.0,3,0.0,0.0,False,1.0,0.0,0.0,0.48876442525246755,0.5112355747475325,24,24,24,6,1.245377411449023,0.8537078704006074,simple_ring,True,4.91890000012063,0.13379999836615752,0.5841000020154752,0.5638999973598402,1,0,0,0.0,0,0,0.0,0.0,0.0,0.0,0.0,0,0,0,0.0,0.0,0.0,0.0,0,False,,,0,0.0,False,"(0, 1)",1.8460101543123917,6.15,6.15,13,True,160,99,0.9999999999999999,2.0207001866266454,0.49504950495049505,0.9582133990615577,0.49784676558060226,0.43909430263013255,1.5488678782876657,0.3790127914745367,0.38336619849004183,False,0.07936507936507936,0.047619047619047616,0,False,,0
171,marine_knownmap_path_v2_infosampled,ucb,0.0,False,mode_not_conditional,0.0,0.0,1.0,False,SEARCH,"(13, 24)","(5, 23)","(9, 26)","(2, 20)",search_info,"(2, 20)",6,0.841877211099286,0.8211581222862586,simple_ring_priority,False,,3,4,adaptive_knownmap_soft,7,8,15,8,0.125,29,36.39394561718749,1.0,3.975648269072547,0.8100079271426448,3.2782851824746286,0.0,40.369593886260034,1.0,3.2782851824746286,0.0,8.75,1.0,0.0,2.0,2.25,False,0.0,soft_clearance_astar_v1,adaptive,1.0,40.369593886260034,1.0,8.75,1.0,0.0,0.0,0.0,6.5,0.0,-0.35,0.0,0.0,-0.0,3,0.0,0.0,False,1.0,0.0,0.0,0.48876442525246755,0.5112355747475325,24,24,24,6,1.245377411449023,0.8537078704006074,simple_ring,True,4.91890000012063,0.13379999836615752,0.5841000020154752,0.5638999973598402,1,0,0,0.0,0,0,0.0,0.0,0.0,0.0,0.0,0,0,0,0.0,0.0,0.0,0.0,0,False,,,0,0.0,False,"(0, 1)",1.8460101543123917,6.15,6.15,13,True,161,100,1.0,2.027387529062012,0.49603960396039604,0.9643047450448593,0.5047264941374906,0.43909430263013255,1.5488678782876657,0.3790127914745367,0.38336619849004183,False,0.12121212121212122,0.09090909090909091,0,False,,0
172,marine_knownmap_path_v2_infosampled,ucb,0.0,False,mode_not_conditional,0.0,0.0,1.0,False,SEARCH,"(13, 25)","(5, 23)","(9, 26)","(2, 20)",search_info,"(2, 20)",6,0.841877211099286,0.8211581222862586,simple_ring_priority,False,,2,4,adaptive_knownmap_soft,6,8,15,8,0.25,29,36.39394561718749,1.0,3.975648269072547,0.8100079271426448,3.2782851824746286,0.0,40.369593886260034,1.0,3.2782851824746286,0.0,8.75,1.0,0.0,2.0,2.25,False,0.0,soft_clearance_astar_v1,adaptive,1.0,40.369593886260034,1.0,8.75,1.0,0.0,0.0,0.0,6.5,0.0,-0.35,0.0,0.0,-0.0,3,0.0,0.0,False,1.0,0.0,0.0,0.48876442525246755,0.5112355747475325,24,24,24,6,1.245377411449023,0.8537078704006074,simple_ring,True,4.91890000012063,0.13379999836615752,0.5841000020154752,0.5638999973598402,1,0,0,0.0,0,0,0.0,0.0,0.0,0.0,0.0,0,0,0,0.0,0.0,0.0,0.0,0,False,,,0,0.0,False,"(0, 1)",1.8460101543123917,6.15,6.15,13,True,162,101,1.0,2.0361591326876143,0.498019801980198,0.9640061730540643,0.45771393868282195,0.43909430263013255,1.5488678782876657,0.3790127914745367,0.38336619849004183,False,0.14285714285714285,0.08571428571428572,0,False,,0
173,marine_knownmap_path_v2_infosampled,ucb,0.0,False,mode_not_conditional,0.0,0.0,1.0,False,SEARCH,"(12, 25)","(5, 23)","(9, 26)","(2, 20)",search_info,"(2, 20)",6,0.841877211099286,0.8211581222862586,simple_ring_priority,False,,1,4,adaptive_knownmap_soft,5,8,15,8,0.375,29,36.39394561718749,1.0,3.975648269072547,0.8100079271426448,3.2782851824746286,0.0,40.369593886260034,1.0,3.2782851824746286,0.0,8.75,1.0,0.0,2.0,2.25,False,0.0,soft_clearance_astar_v1,adaptive,1.0,40.369593886260034,1.0,8.75,1.0,0.0,0.0,0.0,6.5,0.0,-0.35,0.0,0.0,-0.0,3,0.0,0.0,False,1.0,0.0,0.0,0.48876442525246755,0.5112355747475325,24,24,24,6,1.245377411449023,0.8537078704006074,simple_ring,True,4.91890000012063,0.13379999836615752,0.5841000020154752,0.5638999973598402,1,0,0,0.0,0,0,0.0,0.0,0.0,0.0,0.0,0,0,0,0.0,0.0,0.0,0.0,0,False,,,0,0.0,False,"(0, 1)",1.8460101543123917,6.15,6.15,13,True,163,102,0.9999999999999999,2.0442955442887003,0.5004950495049505,0.9752136408318408,0.6259299236383885,0.43909430263013255,1.5488678782876657,0.3790127914745367,0.38336619849004183,False,0.09090909090909091,0.015151515151515152,0,False,,0
174,marine_knownmap_path_v2_infosampled,ucb,0.0,False,mode_not_conditional,0.0,0.0,1.0,False,SEARCH,"(12, 26)","(5, 23)","(9, 26)","(2, 20)",search_info,"(2, 20)",6,0.841877211099286,0.8211581222862586,simple_ring_priority,False,,0,4,adaptive_knownmap_soft,4,8,15,8,0.5,29,36.39394561718749,1.0,3.975648269072547,0.8100079271426448,3.2782851824746286,0.0,40.369593886260034,1.0,3.2782851824746286,0.0,8.75,1.0,0.0,2.0,2.25,False,0.0,soft_clearance_astar_v1,adaptive,1.0,40.369593886260034,1.0,8.75,1.0,0.0,0.0,0.0,6.5,0.0,-0.35,0.0,0.0,-0.0,3,0.0,0.0,False,1.0,0.0,0.0,0.48876442525246755,0.5112355747475325,24,24,24,6,1.245377411449023,0.8537078704006074,simple_ring,True,4.91890000012063,0.13379999836615752,0.5841000020154752,0.5638999973598402,1,0,0,0.0,0,0,0.0,0.0,0.0,0.0,0.0,0,0,0,0.0,0.0,0.0,0.0,0,False,,,0,0.0,False,"(0, 1)",1.8460101543123917,6.15,6.15,13,True,164,103,0.9999999999999998,2.0541577826956843,0.502970297029703,0.9891036660431859,0.6355722113581349,0.43909430263013255,1.5488678782876657,0.3790127914745367,0.38336619849004183,False,0.11428571428571428,0.04285714285714286,0,False,,0
175,marine_knownmap_path_v2_infosampled,ucb,0.0,False,mode_not_conditional,0.0,0.0,1.0,False,SEARCH,"(11, 26)","(5, 23)","(5, 25)","(2, 20)",search_info,"(2, 20)",1,0.0,0.0,simple_ring_priority,True,commit_expired,4,4,adaptive_knownmap_soft,8,8,10,8,0.625,29,63.41251444921874,1.0,4.895095657398509,0.9589038319210136,0.0013888888888888887,0.0,68.30761010661725,1.0,0.0013888888888888887,0.0,8.25,1.0,0.0,2.0,3.0,False,0.0,soft_clearance_astar_v1,adaptive,1.0,68.30761010661725,1.0,8.25,1.0,0.0,0.0,0.0,6.5,0.0,-0.35,0.0,0.0,-0.0,1,0.0,0.0,True,0.0,0.0,0.0,0.4795677143289582,0.5204322856710417,24,24,24,6,1.1065493632941736,0.9086584115561183,simple_ring,True,4.133600001296145,0.07510000068577938,0.4360000002634479,0.36249999902793206,1,0,0,0.0,0,0,0.0,0.0,0.0,0.0,0.0,0,0,0,0.0,0.0,0.0,0.0,0,False,,,0,0.0,False,"(-1, 0)",6.15,6.15,6.15,13,True,165,104,1.0,2.0650560871491264,0.5069306930693069,0.965403589408447,0.5825735431737192,0.4565236465648637,1.5706545582060798,0.18347829052479026,0.6628444712550551,False,0.11764705882352941,0.0,0,False,,0
176,marine_knownmap_path_v2_infosampled,ucb,0.0,False,mode_not_conditional,0.0,0.0,1.0,False,SEARCH,"(10, 26)","(5, 23)","(5, 25)","(2, 20)",search_info,"(2, 20)",1,0.0,0.0,simple_ring_priority,False,,3,4,adaptive_knownmap_soft,7,8,10,8,0.125,29,63.41251444921874,1.0,4.895095657398509,0.9589038319210136,0.0013888888888888887,0.0,68.30761010661725,1.0,0.0013888888888888887,0.0,8.25,1.0,0.0,2.0,3.0,False,0.0,soft_clearance_astar_v1,adaptive,1.0,68.30761010661725,1.0,8.25,1.0,0.0,0.0,0.0,6.5,0.0,-0.35,0.0,0.0,-0.0,1,0.0,0.0,True,0.0,0.0,0.0,0.4795677143289582,0.5204322856710417,24,24,24,6,1.1065493632941736,0.9086584115561183,simple_ring,True,4.133600001296145,0.07510000068577938,0.4360000002634479,0.36249999902793206,1,0,0,0.0,0,0,0.0,0.0,0.0,0.0,0.0,0,0,0,0.0,0.0,0.0,0.0,0,False,,,0,0.0,False,"(-1, 0)",6.15,6.15,6.15,13,True,166,105,1.0,2.078426974698381,0.5118811881188119,0.9773522682522032,0.45437314685231983,0.4565236465648637,1.5706545582060798,0.18347829052479026,0.6628444712550551,False,0.14705882352941177,0.0,0,False,,0
177,marine_knownmap_path_v2_infosampled,ucb,0.0,False,mode_not_conditional,0.0,0.0,1.0,False,SEARCH,"(9, 26)","(5, 23)","(5, 25)","(2, 20)",search_info,"(2, 20)",1,0.0,0.0,simple_ring_priority,False,,2,4,adaptive_knownmap_soft,6,8,10,8,0.25,29,63.41251444921874,1.0,4.895095657398509,0.9589038319210136,0.0013888888888888887,0.0,68.30761010661725,1.0,0.0013888888888888887,0.0,8.25,1.0,0.0,2.0,3.0,False,0.0,soft_clearance_astar_v1,adaptive,1.0,68.30761010661725,1.0,8.25,1.0,0.0,0.0,0.0,6.5,0.0,-0.35,0.0,0.0,-0.0,1,0.0,0.0,True,0.0,0.0,0.0,0.4795677143289582,0.5204322856710417,24,24,24,6,1.1065493632941736,0.9086584115561183,simple_ring,True,4.133600001296145,0.07510000068577938,0.4360000002634479,0.36249999902793206,1,0,0,0.0,0,0,0.0,0.0,0.0,0.0,0.0,0,0,0,0.0,0.0,0.0,0.0,0,False,,,0,0.0,False,"(-1, 0)",6.15,6.15,6.15,13,True,167,106,1.0,2.0940565930507815,0.5168316831683168,0.9711413169301686,0.580737974861903,0.4565236465648637,1.5706545582060798,0.18347829052479026,0.6628444712550551,False,0.14705882352941177,0.0,0,False,,0
178,marine_knownmap_path_v2_infosampled,ucb,0.0,False,mode_not_conditional,0.0,0.0,1.0,False,SEARCH,"(8, 26)","(5, 23)","(5, 25)","(2, 20)",search_info,"(2, 20)",1,0.0,0.0,simple_ring_priority,False,,1,4,adaptive_knownmap_soft,5,8,10,8,0.375,29,63.41251444921874,1.0,4.895095657398509,0.9589038319210136,0.0013888888888888887,0.0,68.30761010661725,1.0,0.0013888888888888887,0.0,8.25,1.0,0.0,2.0,3.0,False,0.0,soft_clearance_astar_v1,adaptive,1.0,68.30761010661725,1.0,8.25,1.0,0.0,0.0,0.0,6.5,0.0,-0.35,0.0,0.0,-0.0,1,0.0,0.0,True,0.0,0.0,0.0,0.4795677143289582,0.5204322856710417,24,24,24,6,1.1065493632941736,0.9086584115561183,simple_ring,True,4.133600001296145,0.07510000068577938,0.4360000002634479,0.36249999902793206,1,0,0,0.0,0,0,0.0,0.0,0.0,0.0,0.0,0,0,0,0.0,0.0,0.0,0.0,0,False,,,0,0.0,False,"(-1, 0)",6.15,6.15,6.15,13,True,168,107,0.9999999999999999,2.1113904273574495,0.5217821782178218,0.9739112194517637,0.49517876578896597,0.4565236465648637,1.5706545582060798,0.18347829052479026,0.6628444712550551,False,0.14705882352941177,0.0,0,False,,0
179,marine_knownmap_path_v2_infosampled,ucb,0.0,False,mode_not_conditional,0.0,0.0,1.0,False,SEARCH,"(7, 26)","(5, 23)","(5, 25)","(2, 20)",search_info,"(2, 20)",1,0.0,0.0,simple_ring_priority,False,,0,4,adaptive_knownmap_soft,4,8,10,8,0.5,29,63.41251444921874,1.0,4.895095657398509,0.9589038319210136,0.0013888888888888887,0.0,68.30761010661725,1.0,0.0013888888888888887,0.0,8.25,1.0,0.0,2.0,3.0,False,0.0,soft_clearance_astar_v1,adaptive,1.0,68.30761010661725,1.0,8.25,1.0,0.0,0.0,0.0,6.5,0.0,-0.35,0.0,0.0,-0.0,1,0.0,0.0,True,0.0,0.0,0.0,0.4795677143289582,0.5204322856710417,24,24,24,6,1.1065493632941736,0.9086584115561183,simple_ring,True,4.133600001296145,0.07510000068577938,0.4360000002634479,0.36249999902793206,1,0,0,0.0,0,0,0.0,0.0,0.0,0.0,0.0,0,0,0,0.0,0.0,0.0,0.0,0,False,,,0,0.0,False,"(-1, 0)",6.15,6.15,6.15,13,True,169,108,1.0,2.1304053898370348,0.5272277227722773,0.9705184171163496,0.574157443110941,0.4565236465648637,1.5706545582060798,0.18347829052479026,0.6628444712550551,False,0.15714285714285714,0.0,0,False,,0
180,marine_knownmap_path_v2_infosampled,ucb,0.0,False,mode_not_conditional,0.0,0.0,1.0,False,SEARCH,"(7, 27)","(15, 45)","(7, 34)","(18, 47)",search_info,"(17, 49)",560,0.9702041575260261,0.88974511890612,simple_ring_priority,True,commit_expired,4,4,adaptive_knownmap_soft,8,8,27,8,0.625,30,64.57312386640623,1.0,4.6276430563524675,1.0,0.7652023590686273,1.0,69.2007669227587,1.0,0.7652023590686273,1.0,8.0,0.9166666666666666,0.0,4.0,6.25,False,0.0,soft_clearance_astar_v1,adaptive,1.0,69.2007669227587,1.0,8.0,0.9166666666666666,0.0,0.0,0.0,6.5,2.0,-0.3208333333333333,0.0,0.0,-0.0,0,0.0,0.0,False,1.0,0.0,0.0,0.4569261555941437,0.5430738444058564,24,24,24,1,0.7718979897201073,1.0,simple_ring,True,3.9143000012700213,0.06820000271545723,0.3350000006321352,0.3619999952206854,1,0,0,0.0,0,0,0.0,0.0,0.0,0.0,0.0,0,0,0,0.0,0.0,0.0,0.0,0,False,,,0,0.0,False,"(0, 1)",0.6043706265433065,8.179166666666667,8.179166666666667,14,True,170,109,0.9999999999999998,2.1454592090865194,0.5301980198019802,0.9763592594122146,0.4753588485772293,0.4893763893927033,1.6117204867408792,0.8062050280225584,0.8065947215776957,False,0.08108108108108109,0.0,0,False,,0
181,marine_knownmap_path_v2_infosampled,ucb,0.0,False,mode_not_conditional,0.0,0.0,1.0,False,SEARCH,"(7, 28)","(15, 45)","(7, 34)","(18, 47)",search_info,"(17, 49)",560,0.9702041575260261,0.88974511890612,simple_ring_priority,False,,3,4,adaptive_knownmap_soft,7,8,27,8,0.125,30,64.57312386640623,1.0,4.6276430563524675,1.0,0.7652023590686273,1.0,69.2007669227587,1.0,0.7652023590686273,1.0,8.0,0.9166666666666666,0.0,4.0,6.25,False,0.0,soft_clearance_astar_v1,adaptive,1.0,69.2007669227587,1.0,8.0,0.9166666666666666,0.0,0.0,0.0,6.5,2.0,-0.3208333333333333,0.0,0.0,-0.0,0,0.0,0.0,False,1.0,0.0,0.0,0.4569261555941437,0.5430738444058564,24,24,24,1,0.7718979897201073,1.0,simple_ring,True,3.9143000012700213,0.06820000271545723,0.3350000006321352,0.3619999952206854,1,0,0,0.0,0,0,0.0,0.0,0.0,0.0,0.0,0,0,0,0.0,0.0,0.0,0.0,0,False,,,0,0.0,False,"(0, 1)",0.6043706265433065,8.179166666666667,8.179166666666667,14,True,171,110,1.0,2.160919868242624,0.5346534653465347,0.9789573732246801,0.36477782030513584,0.4893763893927033,1.6117204867408792,0.8062050280225584,0.8065947215776957,False,0.11538461538461539,0.0,0,False,,0
182,marine_knownmap_path_v2_infosampled,ucb,0.0,False,mode_not_conditional,0.0,0.0,1.0,False,SEARCH,"(7, 29)","(15, 45)","(7, 34)","(18, 47)",search_info,"(17, 49)",560,0.9702041575260261,0.88974511890612,simple_ring_priority,False,,2,4,adaptive_knownmap_soft,6,8,27,8,0.25,30,64.57312386640623,1.0,4.6276430563524675,1.0,0.7652023590686273,1.0,69.2007669227587,1.0,0.7652023590686273,1.0,8.0,0.9166666666666666,0.0,4.0,6.25,False,0.0,soft_clearance_astar_v1,adaptive,1.0,69.2007669227587,1.0,8.0,0.9166666666666666,0.0,0.0,0.0,6.5,2.0,-0.3208333333333333,0.0,0.0,-0.0,0,0.0,0.0,False,1.0,0.0,0.0,0.4569261555941437,0.5430738444058564,24,24,24,1,0.7718979897201073,1.0,simple_ring,True,3.9143000012700213,0.06820000271545723,0.3350000006321352,0.3619999952206854,1,0,0,0.0,0,0,0.0,0.0,0.0,0.0,0.0,0,0,0,0.0,0.0,0.0,0.0,0,False,,,0,0.0,False,"(0, 1)",0.6043706265433065,8.179166666666667,8.179166666666667,14,True,172,111,0.9999999999999998,2.1779273749937036,0.5396039603960396,0.9727908028092213,0.508611897157797,0.4893763893927033,1.6117204867408792,0.8062050280225584,0.8065947215776957,False,0.12345679012345678,0.0,0,False,,0
183,marine_knownmap_path_v2_infosampled,ucb,0.0,False,mode_not_conditional,0.0,0.0,1.0,False,SEARCH,"(7, 30)","(15, 45)","(7, 34)","(18, 47)",search_info,"(17, 49)",560,0.9702041575260261,0.88974511890612,simple_ring_priority,False,,1,4,adaptive_knownmap_soft,5,8,27,8,0.375,30,64.57312386640623,1.0,4.6276430563524675,1.0,0.7652023590686273,1.0,69.2007669227587,1.0,0.7652023590686273,1.0,8.0,0.9166666666666666,0.0,4.0,6.25,False,0.0,soft_clearance_astar_v1,adaptive,1.0,69.2007669227587,1.0,8.0,0.9166666666666666,0.0,0.0,0.0,6.5,2.0,-0.3208333333333333,0.0,0.0,-0.0,0,0.0,0.0,False,1.0,0.0,0.0,0.4569261555941437,0.5430738444058564,24,24,24,1,0.7718979897201073,1.0,simple_ring,True,3.9143000012700213,0.06820000271545723,0.3350000006321352,0.3619999952206854,1,0,0,0.0,0,0,0.0,0.0,0.0,0.0,0.0,0,0,0,0.0,0.0,0.0,0.0,0,False,,,0,0.0,False,"(0, 1)",0.6043706265433065,8.179166666666667,8.179166666666667,14,True,173,112,1.0,2.19655169101503,0.5445544554455446,0.9725111321078792,0.4858818982634288,0.4893763893927033,1.6117204867408792,0.8062050280225584,0.8065947215776957,False,0.12345679012345678,0.0,0,False,,0
184,marine_knownmap_path_v2_infosampled,ucb,0.0,False,mode_not_conditional,0.0,0.0,1.0,False,SEARCH,"(7, 31)","(15, 45)","(7, 34)","(18, 47)",search_info,"(17, 49)",560,0.9702041575260261,0.88974511890612,simple_ring_priority,False,,0,4,adaptive_knownmap_soft,4,8,27,8,0.5,30,64.57312386640623,1.0,4.6276430563524675,1.0,0.7652023590686273,1.0,69.2007669227587,1.0,0.7652023590686273,1.0,8.0,0.9166666666666666,0.0,4.0,6.25,False,0.0,soft_clearance_astar_v1,adaptive,1.0,69.2007669227587,1.0,8.0,0.9166666666666666,0.0,0.0,0.0,6.5,2.0,-0.3208333333333333,0.0,0.0,-0.0,0,0.0,0.0,False,1.0,0.0,0.0,0.4569261555941437,0.5430738444058564,24,24,24,1,0.7718979897201073,1.0,simple_ring,True,3.9143000012700213,0.06820000271545723,0.3350000006321352,0.3619999952206854,1,0,0,0.0,0,0,0.0,0.0,0.0,0.0,0.0,0,0,0,0.0,0.0,0.0,0.0,0,False,,,0,0.0,False,"(0, 1)",0.6043706265433065,8.179166666666667,8.179166666666667,14,True,174,113,1.0,2.216601021689829,0.5495049504950495,0.9864808998657675,0.4386376150157998,0.4893763893927033,1.6117204867408792,0.8062050280225584,0.8065947215776957,False,0.13580246913580246,0.012345679012345678,0,False,,0
185,marine_knownmap_path_v2_infosampled,ucb,0.0,False,mode_not_conditional,0.0,0.0,1.0,False,SEARCH,"(7, 32)","(10, 39)","(7, 39)","(8, 42)",search_info,"(8, 42)",49,0.986370255495217,0.9182557861898123,simple_ring_priority,True,commit_expired,4,4,adaptive_knownmap_soft,8,8,11,8,0.625,31,74.04750511640623,1.0,5.72509227637764,0.9887163048190968,0.0,0.0,79.77259739278387,1.0,0.0,0.0,8.0,0.9375,0.0,7.0,7.0,False,0.0,soft_clearance_astar_v1,adaptive,1.0,79.77259739278387,1.0,8.0,0.9375,0.0,0.0,0.0,6.5,0.0,-0.328125,0.0,0.0,-0.0,0,0.0,0.0,False,1.0,0.0,0.0,0.5093174786400358,0.4906825213599641,24,24,24,6,1.3502456762689132,0.5549428025404755,simple_ring,True,3.9034000001265667,0.08239999988290947,0.5891000000701752,0.48439998863614164,1,0,0,0.0,0,0,0.0,0.0,0.0,0.0,0.0,0,0,0,0.0,0.0,0.0,0.0,0,False,,,0,0.0,False,"(0, 1)",6.10864832125412,6.171875,6.171875,15,True,175,114,1.0,2.2378833170609793,0.554950495049505,0.983305220282767,0.38121176232557014,0.7778009451028249,1.9722511813785313,1.629782521050524,0.7415577426931291,True,0.13580246913580246,0.0,0,False,,0
186,marine_knownmap_path_v2_infosampled,ucb,0.0,False,mode_not_conditional,0.0,0.0,1.0,False,SEARCH,"(7, 33)","(10, 39)","(7, 39)","(8, 42)",search_info,"(8, 42)",49,0.986370255495217,0.9182557861898123,simple_ring_priority,False,,3,4,adaptive_knownmap_soft,7,8,11,8,0.125,31,74.04750511640623,1.0,5.72509227637764,0.9887163048190968,0.0,0.0,79.77259739278387,1.0,0.0,0.0,8.0,0.9375,0.0,7.0,7.0,False,0.0,soft_clearance_astar_v1,adaptive,1.0,79.77259739278387,1.0,8.0,0.9375,0.0,0.0,0.0,6.5,0.0,-0.328125,0.0,0.0,-0.0,0,0.0,0.0,False,1.0,0.0,0.0,0.5093174786400358,0.4906825213599641,24,24,24,6,1.3502456762689132,0.5549428025404755,simple_ring,True,3.9034000001265667,0.08239999988290947,0.5891000000701752,0.48439998863614164,1,0,0,0.0,0,0,0.0,0.0,0.0,0.0,0.0,0,0,0,0.0,0.0,0.0,0.0,0,False,,,0,0.0,False,"(0, 1)",6.10864832125412,6.171875,6.171875,15,True,176,115,1.0,2.26025870993706,0.5603960396039604,0.9813158130418622,0.3884168509467873,0.7778009451028249,1.9722511813785313,1.629782521050524,0.7415577426931291,True,0.13580246913580246,0.0,0,False,,0
187,marine_knownmap_path_v2_infosampled,ucb,0.0,False,mode_not_conditional,0.0,0.0,1.0,False,SEARCH,"(7, 34)","(10, 39)","(7, 39)","(8, 42)",search_info,"(8, 42)",49,0.986370255495217,0.9182557861898123,simple_ring_priority,False,,2,4,adaptive_knownmap_soft,6,8,11,8,0.25,31,74.04750511640623,1.0,5.72509227637764,0.9887163048190968,0.0,0.0,79.77259739278387,1.0,0.0,0.0,8.0,0.9375,0.0,7.0,7.0,False,0.0,soft_clearance_astar_v1,adaptive,1.0,79.77259739278387,1.0,8.0,0.9375,0.0,0.0,0.0,6.5,0.0,-0.328125,0.0,0.0,-0.0,0,0.0,0.0,False,1.0,0.0,0.0,0.5093174786400358,0.4906825213599641,24,24,24,6,1.3502456762689132,0.5549428025404755,simple_ring,True,3.9034000001265667,0.08239999988290947,0.5891000000701752,0.48439998863614164,1,0,0,0.0,0,0,0.0,0.0,0.0,0.0,0.0,0,0,0,0.0,0.0,0.0,0.0,0,False,,,0,0.0,False,"(0, 1)",6.10864832125412,6.171875,6.171875,15,True,177,116,0.9999999999999998,2.2836342305202884,0.5658415841584158,0.9776452954069104,0.41276524541104914,0.7778009451028249,1.9722511813785313,1.629782521050524,0.7415577426931291,True,0.13580246913580246,0.0,0,False,,0
188,marine_knownmap_path_v2_infosampled,ucb,0.0,False,mode_not_conditional,0.0,0.0,1.0,False,SEARCH,"(7, 35)","(10, 39)","(7, 39)","(8, 42)",search_info,"(8, 42)",49,0.986370255495217,0.9182557861898123,simple_ring_priority,False,,1,4,adaptive_knownmap_soft,5,8,11,8,0.375,31,74.04750511640623,1.0,5.72509227637764,0.9887163048190968,0.0,0.0,79.77259739278387,1.0,0.0,0.0,8.0,0.9375,0.0,7.0,7.0,False,0.0,soft_clearance_astar_v1,adaptive,1.0,79.77259739278387,1.0,8.0,0.9375,0.0,0.0,0.0,6.5,0.0,-0.328125,0.0,0.0,-0.0,0,0.0,0.0,False,1.0,0.0,0.0,0.5093174786400358,0.4906825213599641,24,24,24,6,1.3502456762689132,0.5549428025404755,simple_ring,True,3.9034000001265667,0.08239999988290947,0.5891000000701752,0.48439998863614164,1,0,0,0.0,0,0,0.0,0.0,0.0,0.0,0.0,0,0,0,0.0,0.0,0.0,0.0,0,False,,,0,0.0,False,"(0, 1)",6.10864832125412,6.171875,6.171875,15,True,178,117,1.0,2.3079503858737995,0.5712871287128712,0.9654289745371396,0.41555470897620594,0.7778009451028249,1.9722511813785313,1.629782521050524,0.7415577426931291,True,0.13580246913580246,0.0,0,False,,0
189,marine_knownmap_path_v2_infosampled,ucb,0.0,False,mode_not_conditional,0.0,0.0,1.0,False,SEARCH,"(7, 36)","(10, 39)","(7, 39)","(8, 42)",search_info,"(8, 42)",49,0.986370255495217,0.9182557861898123,simple_ring_priority,False,,0,4,adaptive_knownmap_soft,4,8,11,8,0.5,31,74.04750511640623,1.0,5.72509227637764,0.9887163048190968,0.0,0.0,79.77259739278387,1.0,0.0,0.0,8.0,0.9375,0.0,7.0,7.0,False,0.0,soft_clearance_astar_v1,adaptive,1.0,79.77259739278387,1.0,8.0,0.9375,0.0,0.0,0.0,6.5,0.0,-0.328125,0.0,0.0,-0.0,0,0.0,0.0,False,1.0,0.0,0.0,0.5093174786400358,0.4906825213599641,24,24,24,6,1.3502456762689132,0.5549428025404755,simple_ring,True,3.9034000001265667,0.08239999988290947,0.5891000000701752,0.48439998863614164,1,0,0,0.0,0,0,0.0,0.0,0.0,0.0,0.0,0,0,0,0.0,0.0,0.0,0.0,0,False,,,0,0.0,False,"(0, 1)",6.10864832125412,6.171875,6.171875,15,True,179,118,1.0,2.3331704101252835,0.5767326732673267,0.9855056141851307,0.4027167380827107,0.7778009451028249,1.9722511813785313,1.629782521050524,0.7415577426931291,True,0.13580246913580246,0.0,0,False,,0
190,marine_knownmap_path_v2_infosampled,ucb,0.0,False,mode_not_conditional,0.0,0.0,1.0,False,SEARCH,"(7, 37)","(7, 46)","(7, 44)","(8, 42)",search_info,"(8, 42)",1,0.0,0.0,simple_ring_priority,True,commit_expired,4,4,adaptive_knownmap_soft,8,8,10,8,0.625,32,73.34916782031249,1.0,5.353328735889586,1.0,0.0,0.0,78.70249655620208,1.0,0.0,0.0,8.0,0.96,0.0,7.0,7.0,False,0.0,soft_clearance_astar_v1,adaptive,1.0,78.70249655620208,1.0,8.0,0.96,0.0,0.0,0.0,6.5,0.0,-0.33599999999999997,0.0,0.0,-0.0,0,0.0,0.0,True,1.0,0.0,0.0,0.12807495525797163,0.8719250447420284,24,24,24,1,1.3980910884136453,1.0,simple_ring,True,5.4543999995075865,0.08210000487451907,0.7473000005120412,0.5615000172838336,1,0,0,0.0,0,0,0.0,0.0,0.0,0.0,0.0,0,0,0,0.0,0.0,0.0,0.0,0,False,,,0,0.0,False,"(0, 1)",4.033118178688282,6.164,6.164,15,True,180,119,1.0,2.3592727048913926,0.5821782178217821,0.9863193665845469,0.4062229659353149,0.6048978877829928,1.756122359728741,1.5220615033281453,0.5466490478493373,True,0.13580246913580246,0.0,0,False,,0
191,marine_knownmap_path_v2_infosampled,ucb,0.0,False,mode_not_conditional,0.0,0.0,1.0,False,SEARCH,"(7, 38)","(7, 46)","(7, 44)","(8, 42)",search_info,"(8, 42)",1,0.0,0.0,simple_ring_priority,False,,3,4,adaptive_knownmap_soft,7,8,10,8,0.125,32,73.34916782031249,1.0,5.353328735889586,1.0,0.0,0.0,78.70249655620208,1.0,0.0,0.0,8.0,0.96,0.0,7.0,7.0,False,0.0,soft_clearance_astar_v1,adaptive,1.0,78.70249655620208,1.0,8.0,0.96,0.0,0.0,0.0,6.5,0.0,-0.33599999999999997,0.0,0.0,-0.0,0,0.0,0.0,True,1.0,0.0,0.0,0.12807495525797163,0.8719250447420284,24,24,24,1,1.3980910884136453,1.0,simple_ring,True,5.4543999995075865,0.08210000487451907,0.7473000005120412,0.5615000172838336,1,0,0,0.0,0,0,0.0,0.0,0.0,0.0,0.0,0,0,0,0.0,0.0,0.0,0.0,0,False,,,0,0.0,False,"(0, 1)",4.033118178688282,6.164,6.164,15,True,181,120,1.0,2.3862457416447844,0.5876237623762376,0.8560032438604497,0.39729800017202654,0.6048978877829928,1.756122359728741,1.5220615033281453,0.5466490478493373,True,0.13580246913580246,0.0,0,False,,0
192,marine_knownmap_path_v2_infosampled,ucb,0.0,False,mode_not_conditional,0.0,0.0,1.0,False,SEARCH,"(7, 39)","(7, 46)","(7, 44)","(8, 42)",search_info,"(8, 42)",1,0.0,0.0,simple_ring_priority,False,,2,4,adaptive_knownmap_soft,6,8,10,8,0.25,32,73.34916782031249,1.0,5.353328735889586,1.0,0.0,0.0,78.70249655620208,1.0,0.0,0.0,8.0,0.96,0.0,7.0,7.0,False,0.0,soft_clearance_astar_v1,adaptive,1.0,78.70249655620208,1.0,8.0,0.96,0.0,0.0,0.0,6.5,0.0,-0.33599999999999997,0.0,0.0,-0.0,0,0.0,0.0,True,1.0,0.0,0.0,0.12807495525797163,0.8719250447420284,24,24,24,1,1.3980910884136453,1.0,simple_ring,True,5.4543999995075865,0.08210000487451907,0.7473000005120412,0.5615000172838336,1,0,0,0.0,0,0,0.0,0.0,0.0,0.0,0.0,0,0,0,0.0,0.0,0.0,0.0,0,False,,,0,0.0,False,"(0, 1)",4.033118178688282,6.164,6.164,15,True,182,121,1.0000000000000002,2.414084849186279,0.593069306930693,0.8030367945935453,0.3943914355862825,0.6048978877829928,1.756122359728741,1.5220615033281453,0.5466490478493373,True,0.13580246913580246,0.0,0,False,,0
193,marine_knownmap_path_v2_infosampled,ucb,0.0,False,mode_not_conditional,0.0,0.0,1.0,False,SEARCH,"(7, 40)","(7, 46)","(7, 44)","(8, 42)",search_info,"(8, 42)",1,0.0,0.0,simple_ring_priority,False,,1,4,adaptive_knownmap_soft,5,8,10,8,0.375,32,73.34916782031249,1.0,5.353328735889586,1.0,0.0,0.0,78.70249655620208,1.0,0.0,0.0,8.0,0.96,0.0,7.0,7.0,False,0.0,soft_clearance_astar_v1,adaptive,1.0,78.70249655620208,1.0,8.0,0.96,0.0,0.0,0.0,6.5,0.0,-0.33599999999999997,0.0,0.0,-0.0,0,0.0,0.0,True,1.0,0.0,0.0,0.12807495525797163,0.8719250447420284,24,24,24,1,1.3980910884136453,1.0,simple_ring,True,5.4543999995075865,0.08210000487451907,0.7473000005120412,0.5615000172838336,1,0,0,0.0,0,0,0.0,0.0,0.0,0.0,0.0,0,0,0,0.0,0.0,0.0,0.0,0,False,,,0,0.0,False,"(0, 1)",4.033118178688282,6.164,6.164,15,True,183,122,1.0,2.4427904097856614,0.5985148514851485,0.905498356791322,0.3960810954193093,0.6048978877829928,1.756122359728741,1.5220615033281453,0.5466490478493373,True,0.13580246913580246,0.0,0,False,,0
194,marine_knownmap_path_v2_infosampled,ucb,0.0,False,mode_not_conditional,0.0,0.0,1.0,False,SEARCH,"(7, 41)","(7, 46)","(7, 44)","(8, 42)",search_info,"(8, 42)",1,0.0,0.0,simple_ring_priority,False,,0,4,adaptive_knownmap_soft,4,8,10,8,0.5,32,73.34916782031249,1.0,5.353328735889586,1.0,0.0,0.0,78.70249655620208,1.0,0.0,0.0,8.0,0.96,0.0,7.0,7.0,False,0.0,soft_clearance_astar_v1,adaptive,1.0,78.70249655620208,1.0,8.0,0.96,0.0,0.0,0.0,6.5,0.0,-0.33599999999999997,0.0,0.0,-0.0,0,0.0,0.0,True,1.0,0.0,0.0,0.12807495525797163,0.8719250447420284,24,24,24,1,1.3980910884136453,1.0,simple_ring,True,5.4543999995075865,0.08210000487451907,0.7473000005120412,0.5615000172838336,1,0,0,0.0,0,0,0.0,0.0,0.0,0.0,0.0,0,0,0,0.0,0.0,0.0,0.0,0,False,,,0,0.0,False,"(0, 1)",4.033118178688282,6.164,6.164,15,True,184,123,1.0,2.472367039918427,0.6039603960396039,0.8812658367309472,0.3952725250008489,0.6048978877829928,1.756122359728741,1.5220615033281453,0.5466490478493373,True,0.13580246913580246,0.0,0,False,,0
195,marine_knownmap_path_v2_infosampled,ucb,0.0,False,mode_not_conditional,0.0,0.0,1.0,False,SEARCH,"(6, 41)","(5, 49)","(5, 47)","(7, 52)",search_info,"(7, 52)",65,0.8812615611388005,0.7970137921512094,simple_ring_priority,True,commit_expired,4,4,adaptive_knownmap_soft,8,8,10,8,0.625,33,55.360251554687494,0.7990172493670744,4.720584730766029,0.9069486802158724,0.20680555555555552,0.7333169170155134,60.08083628545352,0.8054150479672199,0.20680555555555552,0.7333169170155134,8.25,1.0,0.0,5.0,5.125,False,0.0,soft_clearance_astar_v1,adaptive,1.0,60.08083628545352,0.8054150479672199,8.25,1.0,0.0,0.0,0.0,5.235197811786929,1.4666338340310268,-0.35,0.0,0.0,-0.0,1,0.0,0.0,False,0.7211102550927978,0.0,0.0,0.4236814033941313,0.5763185966058687,24,24,24,1,1.324682019195233,1.0,simple_ring,True,4.485299999942072,0.04090000038559083,0.507699998706812,0.32789999750093557,1,0,0,0.0,0,0,0.0,0.0,0.0,0.0,0.0,0,0,0,0.0,0.0,0.0,0.0,0,False,,,0,0.0,False,"(-1, 0)",2.6694239248212988,6.351831645817956,6.351831645817956,16,True,185,124,1.0,2.494926157966883,0.6069306930693069,0.802525514488215,0.3955217706969865,0.554630013874426,1.6932875173430326,1.0042803007948151,0.39444394791236254,True,0.07407407407407407,0.0,0,False,,0
196,marine_knownmap_path_v2_infosampled,ucb,0.0,False,mode_not_conditional,0.0,0.0,1.0,False,SEARCH,"(5, 41)","(5, 49)","(5, 47)","(7, 52)",search_info,"(7, 52)",65,0.8812615611388005,0.7970137921512094,simple_ring_priority,False,,3,4,adaptive_knownmap_soft,7,8,10,8,0.125,33,55.360251554687494,0.7990172493670744,4.720584730766029,0.9069486802158724,0.20680555555555552,0.7333169170155134,60.08083628545352,0.8054150479672199,0.20680555555555552,0.7333169170155134,8.25,1.0,0.0,5.0,5.125,False,0.0,soft_clearance_astar_v1,adaptive,1.0,60.08083628545352,0.8054150479672199,8.25,1.0,0.0,0.0,0.0,5.235197811786929,1.4666338340310268,-0.35,0.0,0.0,-0.0,1,0.0,0.0,False,0.7211102550927978,0.0,0.0,0.4236814033941313,0.5763185966058687,24,24,24,1,1.324682019195233,1.0,simple_ring,True,4.485299999942072,0.04090000038559083,0.507699998706812,0.32789999750093557,1,0,0,0.0,0,0,0.0,0.0,0.0,0.0,0.0,0,0,0,0.0,0.0,0.0,0.0,0,False,,,0,0.0,False,"(-1, 0)",2.6694239248212988,6.351831645817956,6.351831645817956,16,True,186,125,1.0,2.515142017475741,0.6108910891089109,0.7771336129485745,0.3957623579139289,0.554630013874426,1.6932875173430326,1.0042803007948151,0.39444394791236254,True,0.1,0.0,0,False,,0
197,marine_knownmap_path_v2_infosampled,ucb,0.0,False,mode_not_conditional,0.0,0.0,1.0,False,SEARCH,"(5, 42)","(5, 49)","(5, 47)","(7, 52)",search_info,"(7, 52)",65,0.8812615611388005,0.7970137921512094,simple_ring_priority,False,,2,4,adaptive_knownmap_soft,6,8,10,8,0.25,33,55.360251554687494,0.7990172493670744,4.720584730766029,0.9069486802158724,0.20680555555555552,0.7333169170155134,60.08083628545352,0.8054150479672199,0.20680555555555552,0.7333169170155134,8.25,1.0,0.0,5.0,5.125,False,0.0,soft_clearance_astar_v1,adaptive,1.0,60.08083628545352,0.8054150479672199,8.25,1.0,0.0,0.0,0.0,5.235197811786929,1.4666338340310268,-0.35,0.0,0.0,-0.0,1,0.0,0.0,False,0.7211102550927978,0.0,0.0,0.4236814033941313,0.5763185966058687,24,24,24,1,1.324682019195233,1.0,simple_ring,True,4.485299999942072,0.04090000038559083,0.507699998706812,0.32789999750093557,1,0,0,0.0,0,0,0.0,0.0,0.0,0.0,0.0,0,0,0,0.0,0.0,0.0,0.0,0,False,,,0,0.0,False,"(-1, 0)",2.6694239248212988,6.351831645817956,6.351831645817956,16,True,187,126,1.0,2.5359673096090325,0.6138613861386139,0.8221355510087314,0.3971425121931747,0.554630013874426,1.6932875173430326,1.0042803007948151,0.39444394791236254,True,0.075,0.0,0,False,,0
198,marine_knownmap_path_v2_infosampled,ucb,0.0,False,mode_not_conditional,0.0,0.0,1.0,False,SEARCH,"(5, 43)","(5, 49)","(5, 47)","(7, 52)",search_info,"(7, 52)",65,0.8812615611388005,0.7970137921512094,simple_ring_priority,False,,1,4,adaptive_knownmap_soft,5,8,10,8,0.375,33,55.360251554687494,0.7990172493670744,4.720584730766029,0.9069486802158724,0.20680555555555552,0.7333169170155134,60.08083628545352,0.8054150479672199,0.20680555555555552,0.7333169170155134,8.25,1.0,0.0,5.0,5.125,False,0.0,soft_clearance_astar_v1,adaptive,1.0,60.08083628545352,0.8054150479672199,8.25,1.0,0.0,0.0,0.0,5.235197811786929,1.4666338340310268,-0.35,0.0,0.0,-0.0,1,0.0,0.0,False,0.7211102550927978,0.0,0.0,0.4236814033941313,0.5763185966058687,24,24,24,1,1.324682019195233,1.0,simple_ring,True,4.485299999942072,0.04090000038559083,0.507699998706812,0.32789999750093557,1,0,0,0.0,0,0,0.0,0.0,0.0,0.0,0.0,0,0,0,0.0,0.0,0.0,0.0,0,False,,,0,0.0,False,"(-1, 0)",2.6694239248212988,6.351831645817956,6.351831645817956,16,True,188,127,1.0,2.559626795258995,0.6183168316831683,0.760629860465739,0.400039185130666,0.554630013874426,1.6932875173430326,1.0042803007948151,0.39444394791236254,True,0.1125,0.0,0,False,,0
199,marine_knownmap_path_v2_infosampled,ucb,0.0,False,mode_not_conditional,0.0,0.0,1.0,False,SEARCH,"(5, 44)","(5, 49)","(5, 47)","(7, 52)",search_info,"(7, 52)",65,0.8812615611388005,0.7970137921512094,simple_ring_priority,False,,0,4,adaptive_knownmap_soft,4,8,10,8,0.5,33,55.360251554687494,0.7990172493670744,4.720584730766029,0.9069486802158724,0.20680555555555552,0.7333169170155134,60.08083628545352,0.8054150479672199,0.20680555555555552,0.7333169170155134,8.25,1.0,0.0,5.0,5.125,False,0.0,soft_clearance_astar_v1,adaptive,1.0,60.08083628545352,0.8054150479672199,8.25,1.0,0.0,0.0,0.0,5.235197811786929,1.4666338340310268,-0.35,0.0,0.0,-0.0,1,0.0,0.0,False,0.7211102550927978,0.0,0.0,0.4236814033941313,0.5763185966058687,24,24,24,1,1.324682019195233,1.0,simple_ring,True,4.485299999942072,0.04090000038559083,0.507699998706812,0.32789999750093557,1,0,0,0.0,0,0,0.0,0.0,0.0,0.0,0.0,0,0,0,0.0,0.0,0.0,0.0,0,False,,,0,0.0,False,"(-1, 0)",2.6694239248212988,6.351831645817956,6.351831645817956,16,True,189,128,1.0,2.586171498746268,0.6227722772277228,0.7822500259618002,0.40736158157444047,0.554630013874426,1.6932875173430326,1.0042803007948151,0.39444394791236254,True,0.1125,0.0,0,False,,0
200,marine_knownmap_path_v2_infosampled,ucb,0.0,False,mode_not_conditional,0.0,0.0,1.0,False,SEARCH,"(5, 45)","(5, 55)","(5, 52)","(7, 52)",search_info,"(7, 52)",1,0.0,0.0,simple_ring_priority,True,commit_expired,4,4,adaptive_knownmap_soft,8,8,11,8,0.625,34,63.1351596640625,1.0,4.667894059614705,1.0,0.005868544600938968,0.003251731727055184,67.80305372367721,1.0,0.005868544600938968,0.003251731727055184,8.0,0.9230769230769231,0.0,5.0,5.0,False,0.0,soft_clearance_astar_v1,adaptive,1.0,67.80305372367721,1.0,8.0,0.9230769230769231,0.0,0.0,0.0,6.5,0.006503463454110368,-0.3230769230769231,0.0,0.0,-0.0,0,0.0,0.0,True,1.0,0.0,0.0,0.15898776428471928,0.8410122357152806,24,24,24,1,1.2628151722419978,1.0,simple_ring,True,4.2726000010588905,0.06369999573507812,0.4867000006925082,0.34469999445718713,1,0,0,0.0,0,0,0.0,0.0,0.0,0.0,0.0,0,0,0,0.0,0.0,0.0,0.0,0,False,,,0,0.0,False,"(0, 1)",1.4548663628174214,6.183426540377187,6.183426540377187,16,True,190,129,1.0,2.614778228521705,0.6272277227722772,0.7588057070030693,0.37444072418138835,0.4430090396694074,1.5537612995867591,0.8871177405763432,0.21025667562391803,False,0.1125,0.0,0,False,,0
201,marine_knownmap_path_v2_infosampled,ucb,0.0,False,mode_not_conditional,0.0,0.0,1.0,False,SEARCH,"(5, 46)","(5, 55)","(5, 52)","(7, 52)",search_info,"(7, 52)",1,0.0,0.0,simple_ring_priority,False,,3,4,adaptive_knownmap_soft,7,8,11,8,0.125,34,63.1351596640625,1.0,4.667894059614705,1.0,0.005868544600938968,0.003251731727055184,67.80305372367721,1.0,0.005868544600938968,0.003251731727055184,8.0,0.9230769230769231,0.0,5.0,5.0,False,0.0,soft_clearance_astar_v1,adaptive,1.0,67.80305372367721,1.0,8.0,0.9230769230769231,0.0,0.0,0.0,6.5,0.006503463454110368,-0.3230769230769231,0.0,0.0,-0.0,0,0.0,0.0,True,1.0,0.0,0.0,0.15898776428471928,0.8410122357152806,24,24,24,1,1.2628151722419978,1.0,simple_ring,True,4.2726000010588905,0.06369999573507812,0.4867000006925082,0.34469999445718713,1,0,0,0.0,0,0,0.0,0.0,0.0,0.0,0.0,0,0,0,0.0,0.0,0.0,0.0,0,False,,,0,0.0,False,"(0, 1)",1.4548663628174214,6.183426540377187,6.183426540377187,16,True,191,130,1.0,2.644785492635114,0.6321782178217822,0.764184104243234,0.37617209484400305,0.4430090396694074,1.5537612995867591,0.8871177405763432,0.21025667562391803,False,0.125,0.0,0,False,,0
202,marine_knownmap_path_v2_infosampled,ucb,0.0,False,mode_not_conditional,0.0,0.0,1.0,False,SEARCH,"(5, 47)","(5, 55)","(5, 52)","(7, 52)",search_info,"(7, 52)",1,0.0,0.0,simple_ring_priority,False,,2,4,adaptive_knownmap_soft,6,8,11,8,0.25,34,63.1351596640625,1.0,4.667894059614705,1.0,0.005868544600938968,0.003251731727055184,67.80305372367721,1.0,0.005868544600938968,0.003251731727055184,8.0,0.9230769230769231,0.0,5.0,5.0,False,0.0,soft_clearance_astar_v1,adaptive,1.0,67.80305372367721,1.0,8.0,0.9230769230769231,0.0,0.0,0.0,6.5,0.006503463454110368,-0.3230769230769231,0.0,0.0,-0.0,0,0.0,0.0,True,1.0,0.0,0.0,0.15898776428471928,0.8410122357152806,24,24,24,1,1.2628151722419978,1.0,simple_ring,True,4.2726000010588905,0.06369999573507812,0.4867000006925082,0.34469999445718713,1,0,0,0.0,0,0,0.0,0.0,0.0,0.0,0.0,0,0,0,0.0,0.0,0.0,0.0,0,False,,,0,0.0,False,"(0, 1)",1.4548663628174214,6.183426540377187,6.183426540377187,16,True,192,131,0.9999999999999999,2.6755363483911414,0.6371287128712871,0.8223942710103256,0.4064167762990287,0.4430090396694074,1.5537612995867591,0.8871177405763432,0.21025667562391803,False,0.125,0.0,0,False,,0
203,marine_knownmap_path_v2_infosampled,ucb,0.0,False,mode_not_conditional,0.0,0.0,1.0,False,SEARCH,"(5, 48)","(5, 55)","(5, 52)","(7, 52)",search_info,"(7, 52)",1,0.0,0.0,simple_ring_priority,False,,1,4,adaptive_knownmap_soft,5,8,11,8,0.375,34,63.1351596640625,1.0,4.667894059614705,1.0,0.005868544600938968,0.003251731727055184,67.80305372367721,1.0,0.005868544600938968,0.003251731727055184,8.0,0.9230769230769231,0.0,5.0,5.0,False,0.0,soft_clearance_astar_v1,adaptive,1.0,67.80305372367721,1.0,8.0,0.9230769230769231,0.0,0.0,0.0,6.5,0.006503463454110368,-0.3230769230769231,0.0,0.0,-0.0,0,0.0,0.0,True,1.0,0.0,0.0,0.15898776428471928,0.8410122357152806,24,24,24,1,1.2628151722419978,1.0,simple_ring,True,4.2726000010588905,0.06369999573507812,0.4867000006925082,0.34469999445718713,1,0,0,0.0,0,0,0.0,0.0,0.0,0.0,0.0,0,0,0,0.0,0.0,0.0,0.0,0,False,,,0,0.0,False,"(0, 1)",1.4548663628174214,6.183426540377187,6.183426540377187,16,True,193,132,0.9999999999999998,2.706402427882508,0.6415841584158416,0.7907808951735678,0.38682986514323675,0.4430090396694074,1.5537612995867591,0.8871177405763432,0.21025667562391803,False,0.11392405063291139,0.0,0,False,,0
204,marine_knownmap_path_v2_infosampled,ucb,0.0,False,mode_not_conditional,0.0,0.0,1.0,False,SEARCH,"(5, 49)","(5, 55)","(5, 52)","(7, 52)",search_info,"(7, 52)",1,0.0,0.0,simple_ring_priority,False,,0,4,adaptive_knownmap_soft,4,8,11,8,0.5,34,63.1351596640625,1.0,4.667894059614705,1.0,0.005868544600938968,0.003251731727055184,67.80305372367721,1.0,0.005868544600938968,0.003251731727055184,8.0,0.9230769230769231,0.0,5.0,5.0,False,0.0,soft_clearance_astar_v1,adaptive,1.0,67.80305372367721,1.0,8.0,0.9230769230769231,0.0,0.0,0.0,6.5,0.006503463454110368,-0.3230769230769231,0.0,0.0,-0.0,0,0.0,0.0,True,1.0,0.0,0.0,0.15898776428471928,0.8410122357152806,24,24,24,1,1.2628151722419978,1.0,simple_ring,True,4.2726000010588905,0.06369999573507812,0.4867000006925082,0.34469999445718713,1,0,0,0.0,0,0,0.0,0.0,0.0,0.0,0.0,0,0,0,0.0,0.0,0.0,0.0,0,False,,,0,0.0,False,"(0, 1)",1.4548663628174214,6.183426540377187,6.183426540377187,16,True,194,133,0.9999999999999999,2.7381623038952867,0.6460396039603961,0.796333405266008,0.4236606786947522,0.4430090396694074,1.5537612995867591,0.8871177405763432,0.21025667562391803,False,0.11392405063291139,0.0,0,False,,0
205,marine_knownmap_path_v2_infosampled,ucb,0.0,False,mode_not_conditional,0.0,0.0,1.0,False,SEARCH,"(5, 50)","(10, 54)","(8, 54)","(7, 52)",search_info,"(7, 52)",1,0.0,0.0,simple_ring_priority,True,commit_expired,4,4,adaptive_knownmap_soft,8,8,10,8,0.625,35,56.38221524453124,1.0,4.333137985053698,0.9988154365460489,0.0,0.0,60.715353229584935,1.0,0.0,0.0,8.25,0.75,0.0,5.0,5.0,False,0.0,soft_clearance_astar_v1,adaptive,1.0,60.715353229584935,1.0,8.25,0.75,0.0,0.0,0.0,6.5,0.0,-0.26249999999999996,0.0,0.0,-0.0,1,0.0,0.0,True,1.0,0.0,0.0,0.09664636840125136,0.9033536315987487,24,24,24,4,1.0046467980554867,0.9243308442094731,simple_ring,True,4.422600000907551,0.06909999865456484,0.5528000001504552,0.36550000368151814,1,0,0,0.0,0,0,0.0,0.0,0.0,0.0,0.0,0,0,0,0.0,0.0,0.0,0.0,0,False,,,0,0.0,False,"(0, 1)",4.07461147729517,6.2375,6.2375,16,True,195,134,0.9999999999999999,2.7708703048247365,0.6504950495049505,0.7587809010150594,0.39187178467316647,0.4238715823586251,1.5298394779482813,0.15539312542573647,0.3658462362348183,False,0.11392405063291139,0.0,0,False,,0
206,marine_knownmap_path_v2_infosampled,ucb,0.0,False,mode_not_conditional,0.0,0.0,1.0,False,SEARCH,"(5, 51)","(10, 54)","(8, 54)","(7, 52)",search_info,"(7, 52)",1,0.0,0.0,simple_ring_priority,False,,3,4,adaptive_knownmap_soft,7,8,10,8,0.125,35,56.38221524453124,1.0,4.333137985053698,0.9988154365460489,0.0,0.0,60.715353229584935,1.0,0.0,0.0,8.25,0.75,0.0,5.0,5.0,False,0.0,soft_clearance_astar_v1,adaptive,1.0,60.715353229584935,1.0,8.25,0.75,0.0,0.0,0.0,6.5,0.0,-0.26249999999999996,0.0,0.0,-0.0,1,0.0,0.0,True,1.0,0.0,0.0,0.09664636840125136,0.9033536315987487,24,24,24,4,1.0046467980554867,0.9243308442094731,simple_ring,True,4.422600000907551,0.06909999865456484,0.5528000001504552,0.36550000368151814,1,0,0,0.0,0,0,0.0,0.0,0.0,0.0,0.0,0,0,0,0.0,0.0,0.0,0.0,0,False,,,0,0.0,False,"(0, 1)",4.07461147729517,6.2375,6.2375,16,True,196,135,1.0,2.8046153180753435,0.654950495049505,0.7037810210069041,0.354713095770583,0.4238715823586251,1.5298394779482813,0.15539312542573647,0.3658462362348183,False,0.11392405063291139,0.0,0,False,,0
207,marine_knownmap_path_v2_infosampled,ucb,0.0,False,mode_not_conditional,0.0,0.0,1.0,False,SEARCH,"(5, 52)","(10, 54)","(8, 54)","(7, 52)",search_info,"(7, 52)",1,0.0,0.0,simple_ring_priority,False,,2,4,adaptive_knownmap_soft,6,8,10,8,0.25,35,56.38221524453124,1.0,4.333137985053698,0.9988154365460489,0.0,0.0,60.715353229584935,1.0,0.0,0.0,8.25,0.75,0.0,5.0,5.0,False,0.0,soft_clearance_astar_v1,adaptive,1.0,60.715353229584935,1.0,8.25,0.75,0.0,0.0,0.0,6.5,0.0,-0.26249999999999996,0.0,0.0,-0.0,1,0.0,0.0,True,1.0,0.0,0.0,0.09664636840125136,0.9033536315987487,24,24,24,4,1.0046467980554867,0.9243308442094731,simple_ring,True,4.422600000907551,0.06909999865456484,0.5528000001504552,0.36550000368151814,1,0,0,0.0,0,0,0.0,0.0,0.0,0.0,0.0,0,0,0,0.0,0.0,0.0,0.0,0,False,,,0,0.0,False,"(0, 1)",4.07461147729517,6.2375,6.2375,16,True,197,136,1.0,2.840459376720999,0.6599009900990099,0.7812663764877472,0.41563375795099483,0.4238715823586251,1.5298394779482813,0.15539312542573647,0.3658462362348183,False,0.125,0.0,0,False,,0
208,marine_knownmap_path_v2_infosampled,ucb,0.0,False,mode_not_conditional,0.0,0.0,1.0,False,SEARCH,"(5, 53)","(10, 54)","(8, 54)","(7, 52)",search_info,"(7, 52)",1,0.0,0.0,simple_ring_priority,False,,1,4,adaptive_knownmap_soft,5,8,10,8,0.375,35,56.38221524453124,1.0,4.333137985053698,0.9988154365460489,0.0,0.0,60.715353229584935,1.0,0.0,0.0,8.25,0.75,0.0,5.0,5.0,False,0.0,soft_clearance_astar_v1,adaptive,1.0,60.715353229584935,1.0,8.25,0.75,0.0,0.0,0.0,6.5,0.0,-0.26249999999999996,0.0,0.0,-0.0,1,0.0,0.0,True,1.0,0.0,0.0,0.09664636840125136,0.9033536315987487,24,24,24,4,1.0046467980554867,0.9243308442094731,simple_ring,True,4.422600000907551,0.06909999865456484,0.5528000001504552,0.36550000368151814,1,0,0,0.0,0,0,0.0,0.0,0.0,0.0,0.0,0,0,0,0.0,0.0,0.0,0.0,0,False,,,0,0.0,False,"(0, 1)",4.07461147729517,6.2375,6.2375,16,True,198,137,0.9999999999999998,2.8733648412779464,0.6648514851485149,0.7859234339255008,0.4032599405460513,0.4238715823586251,1.5298394779482813,0.15539312542573647,0.3658462362348183,False,0.125,0.0,0,False,,0
209,marine_knownmap_path_v2_infosampled,ucb,0.0,False,mode_not_conditional,0.0,0.0,1.0,False,SEARCH,"(5, 54)","(10, 54)","(8, 54)","(7, 52)",search_info,"(7, 52)",1,0.0,0.0,simple_ring_priority,False,,0,4,adaptive_knownmap_soft,4,8,10,8,0.5,35,56.38221524453124,1.0,4.333137985053698,0.9988154365460489,0.0,0.0,60.715353229584935,1.0,0.0,0.0,8.25,0.75,0.0,5.0,5.0,False,0.0,soft_clearance_astar_v1,adaptive,1.0,60.715353229584935,1.0,8.25,0.75,0.0,0.0,0.0,6.5,0.0,-0.26249999999999996,0.0,0.0,-0.0,1,0.0,0.0,True,1.0,0.0,0.0,0.09664636840125136,0.9033536315987487,24,24,24,4,1.0046467980554867,0.9243308442094731,simple_ring,True,4.422600000907551,0.06909999865456484,0.5528000001504552,0.36550000368151814,1,0,0,0.0,0,0,0.0,0.0,0.0,0.0,0.0,0,0,0,0.0,0.0,0.0,0.0,0,False,,,0,0.0,False,"(0, 1)",4.07461147729517,6.2375,6.2375,16,True,199,138,1.0,2.9067710804244165,0.6693069306930693,0.6848390388785962,0.3310717490414621,0.4238715823586251,1.5298394779482813,0.15539312542573647,0.3658462362348183,False,0.11392405063291139,0.0,0,False,,0
210,marine_knownmap_path_v2_infosampled,ucb,0.0,False,mode_not_conditional,0.0,0.0,1.0,False,SEARCH,"(6, 54)","(24, 54)","(13, 54)","(27, 52)",search_info,"(27, 52)",290,0.6846707098355341,0.6407206094080997,simple_ring_priority,True,commit_expired,4,4,adaptive_knownmap_soft,8,8,19,8,0.625,36,45.12113961953124,1.0,3.243479194054336,1.0,0.3029014639639639,0.13165069519121161,48.36461881358558,1.0,0.3029014639639639,0.13165069519121161,8.0,0.9655172413793104,0.0,3.0,3.875,False,0.0,soft_clearance_astar_v1,adaptive,1.0,48.36461881358558,1.0,8.0,0.9655172413793104,0.0,0.0,0.0,6.5,0.26330139038242323,-0.33793103448275863,0.0,0.0,-0.0,0,0.0,0.0,False,1.0,0.0,0.0,0.24605342618519674,0.7539465738148032,24,24,24,1,0.7901125294334593,1.0,simple_ring,True,4.129400000238093,0.17189999744005036,0.8170000000973232,0.6473000139521901,1,0,0,0.0,0,0,0.0,0.0,0.0,0.0,0.0,0,0,0,0.0,0.0,0.0,0.0,0,False,,,0,0.0,False,"(1, 0)",4.377701389357762,6.425370355899664,6.425370355899664,17,True,200,139,1.0,2.9319315828536223,0.6717821782178218,0.7483704280557069,0.3596294578963806,0.412556962062928,1.51569620257866,0.7611875440413957,0.09934674468895045,False,0.06329113924050633,0.0,0,False,,0
211,marine_knownmap_path_v2_infosampled,ucb,0.0,False,mode_not_conditional,0.0,0.0,1.0,False,SEARCH,"(7, 54)","(24, 54)","(13, 54)","(27, 52)",search_info,"(27, 52)",290,0.6846707098355341,0.6407206094080997,simple_ring_priority,False,,3,4,adaptive_knownmap_soft,7,8,19,8,0.125,36,45.12113961953124,1.0,3.243479194054336,1.0,0.3029014639639639,0.13165069519121161,48.36461881358558,1.0,0.3029014639639639,0.13165069519121161,8.0,0.9655172413793104,0.0,3.0,3.875,False,0.0,soft_clearance_astar_v1,adaptive,1.0,48.36461881358558,1.0,8.0,0.9655172413793104,0.0,0.0,0.0,6.5,0.26330139038242323,-0.33793103448275863,0.0,0.0,-0.0,0,0.0,0.0,False,1.0,0.0,0.0,0.24605342618519674,0.7539465738148032,24,24,24,1,0.7901125294334593,1.0,simple_ring,True,4.129400000238093,0.17189999744005036,0.8170000000973232,0.6473000139521901,1,0,0,0.0,0,0,0.0,0.0,0.0,0.0,0.0,0,0,0,0.0,0.0,0.0,0.0,0,False,,,0,0.0,False,"(1, 0)",4.377701389357762,6.425370355899664,6.425370355899664,17,True,201,140,1.0,2.955798912911931,0.6752475247524753,0.6925984059487627,0.3239397164340339,0.412556962062928,1.51569620257866,0.7611875440413957,0.09934674468895045,False,0.09090909090909091,0.0,0,False,,0
212,marine_knownmap_path_v2_infosampled,ucb,0.0,False,mode_not_conditional,0.0,0.0,1.0,False,SEARCH,"(8, 54)","(24, 54)","(13, 54)","(27, 52)",search_info,"(27, 52)",290,0.6846707098355341,0.6407206094080997,simple_ring_priority,False,,2,4,adaptive_knownmap_soft,6,8,19,8,0.25,36,45.12113961953124,1.0,3.243479194054336,1.0,0.3029014639639639,0.13165069519121161,48.36461881358558,1.0,0.3029014639639639,0.13165069519121161,8.0,0.9655172413793104,0.0,3.0,3.875,False,0.0,soft_clearance_astar_v1,adaptive,1.0,48.36461881358558,1.0,8.0,0.9655172413793104,0.0,0.0,0.0,6.5,0.26330139038242323,-0.33793103448275863,0.0,0.0,-0.0,0,0.0,0.0,False,1.0,0.0,0.0,0.24605342618519674,0.7539465738148032,24,24,24,1,0.7901125294334593,1.0,simple_ring,True,4.129400000238093,0.17189999744005036,0.8170000000973232,0.6473000139521901,1,0,0,0.0,0,0,0.0,0.0,0.0,0.0,0.0,0,0,0,0.0,0.0,0.0,0.0,0,False,,,0,0.0,False,"(1, 0)",4.377701389357762,6.425370355899664,6.425370355899664,17,True,202,141,1.0,2.980388150656177,0.6787128712871288,0.6754177252112403,0.33661687820536496,0.412556962062928,1.51569620257866,0.7611875440413957,0.09934674468895045,False,0.09333333333333334,0.0,0,False,,0
213,marine_knownmap_path_v2_infosampled,ucb,0.0,False,mode_not_conditional,0.0,0.0,1.0,False,SEARCH,"(9, 54)","(24, 54)","(13, 54)","(27, 52)",search_info,"(27, 52)",290,0.6846707098355341,0.6407206094080997,simple_ring_priority,False,,1,4,adaptive_knownmap_soft,5,8,19,8,0.375,36,45.12113961953124,1.0,3.243479194054336,1.0,0.3029014639639639,0.13165069519121161,48.36461881358558,1.0,0.3029014639639639,0.13165069519121161,8.0,0.9655172413793104,0.0,3.0,3.875,False,0.0,soft_clearance_astar_v1,adaptive,1.0,48.36461881358558,1.0,8.0,0.9655172413793104,0.0,0.0,0.0,6.5,0.26330139038242323,-0.33793103448275863,0.0,0.0,-0.0,0,0.0,0.0,False,1.0,0.0,0.0,0.24605342618519674,0.7539465738148032,24,24,24,1,0.7901125294334593,1.0,simple_ring,True,4.129400000238093,0.17189999744005036,0.8170000000973232,0.6473000139521901,1,0,0,0.0,0,0,0.0,0.0,0.0,0.0,0.0,0,0,0,0.0,0.0,0.0,0.0,0,False,,,0,0.0,False,"(1, 0)",4.377701389357762,6.425370355899664,6.425370355899664,17,True,203,142,0.9999999999999999,3.005786981638057,0.6821782178217822,0.8711626603361129,0.474273841037875,0.412556962062928,1.51569620257866,0.7611875440413957,0.09934674468895045,False,0.0958904109589041,0.0,0,False,,0
214,marine_knownmap_path_v2_infosampled,ucb,0.0,False,mode_not_conditional,0.0,0.0,1.0,False,SEARCH,"(10, 54)","(24, 54)","(13, 54)","(27, 52)",search_info,"(27, 52)",290,0.6846707098355341,0.6407206094080997,simple_ring_priority,False,,0,4,adaptive_knownmap_soft,4,8,19,8,0.5,36,45.12113961953124,1.0,3.243479194054336,1.0,0.3029014639639639,0.13165069519121161,48.36461881358558,1.0,0.3029014639639639,0.13165069519121161,8.0,0.9655172413793104,0.0,3.0,3.875,False,0.0,soft_clearance_astar_v1,adaptive,1.0,48.36461881358558,1.0,8.0,0.9655172413793104,0.0,0.0,0.0,6.5,0.26330139038242323,-0.33793103448275863,0.0,0.0,-0.0,0,0.0,0.0,False,1.0,0.0,0.0,0.24605342618519674,0.7539465738148032,24,24,24,1,0.7901125294334593,1.0,simple_ring,True,4.129400000238093,0.17189999744005036,0.8170000000973232,0.6473000139521901,1,0,0,0.0,0,0,0.0,0.0,0.0,0.0,0.0,0,0,0,0.0,0.0,0.0,0.0,0,False,,,0,0.0,False,"(1, 0)",4.377701389357762,6.425370355899664,6.425370355899664,17,True,204,143,0.9999999999999998,3.0316448198514516,0.6856435643564357,0.7210280845278627,0.376140709247029,0.412556962062928,1.51569620257866,0.7611875440413957,0.09934674468895045,False,0.1,0.0,0,False,,0
215,marine_knownmap_path_v2_infosampled,ucb,0.0,False,mode_not_conditional,0.0,0.0,1.0,False,SEARCH,"(11, 54)","(24, 54)","(18, 54)","(27, 52)",search_info,"(27, 52)",1,0.0,0.0,simple_ring_priority,True,commit_expired,4,4,adaptive_knownmap_soft,8,8,14,8,0.625,36,54.72028466406249,1.0,3.958741574102615,1.0,0.0,0.0,58.67902623816511,1.0,0.0,0.0,8.0,0.0,0.0,3.0,3.125,False,0.0,soft_clearance_astar_v1,adaptive,1.0,58.67902623816511,1.0,8.0,0.0,0.0,0.0,0.0,6.5,0.0,-0.0,0.0,0.0,-0.0,0,0.0,0.0,True,0.0,0.0,0.0,0.3100691205734708,0.6899308794265292,24,24,24,1,1.128684839079238,1.0,simple_ring,True,4.579200000080164,0.20990000484744087,1.2348000000201864,1.8614999953570077,1,0,0,0.0,0,0,0.0,0.0,0.0,0.0,0.0,0,0,0,0.0,0.0,0.0,0.0,0,False,,,0,0.0,False,"(1, 0)",6.5,6.5,6.5,17,True,205,144,0.9999999999999999,3.05781347539769,0.689108910891089,0.9162686974914275,0.5228191834910505,0.4376037588167252,1.5470046985209065,0.7634407444772211,0.16584701151747178,False,0.10294117647058823,0.0,0,False,,0
216,marine_knownmap_path_v2_infosampled,ucb,0.0,False,mode_not_conditional,0.0,0.0,1.0,False,SEARCH,"(12, 54)","(24, 54)","(18, 54)","(27, 52)",search_info,"(27, 52)",1,0.0,0.0,simple_ring_priority,False,,3,4,adaptive_knownmap_soft,7,8,14,8,0.125,36,54.72028466406249,1.0,3.958741574102615,1.0,0.0,0.0,58.67902623816511,1.0,0.0,0.0,8.0,0.0,0.0,3.0,3.125,False,0.0,soft_clearance_astar_v1,adaptive,1.0,58.67902623816511,1.0,8.0,0.0,0.0,0.0,0.0,6.5,0.0,-0.0,0.0,0.0,-0.0,0,0.0,0.0,True,0.0,0.0,0.0,0.3100691205734708,0.6899308794265292,24,24,24,1,1.128684839079238,1.0,simple_ring,True,4.579200000080164,0.20990000484744087,1.2348000000201864,1.8614999953570077,1,0,0,0.0,0,0,0.0,0.0,0.0,0.0,0.0,0,0,0,0.0,0.0,0.0,0.0,0,False,,,0,0.0,False,"(1, 0)",6.5,6.5,6.5,17,True,206,145,1.0,3.0842421322068474,0.6925742574257425,0.9122783360534872,0.5234323966113116,0.4376037588167252,1.5470046985209065,0.7634407444772211,0.16584701151747178,False,0.10606060606060606,0.0,0,False,,0
217,marine_knownmap_path_v2_infosampled,ucb,0.0,False,mode_not_conditional,0.0,0.0,1.0,False,SEARCH,"(13, 54)","(24, 54)","(18, 54)","(27, 52)",search_info,"(27, 52)",1,0.0,0.0,simple_ring_priority,False,,2,4,adaptive_knownmap_soft,6,8,14,8,0.25,36,54.72028466406249,1.0,3.958741574102615,1.0,0.0,0.0,58.67902623816511,1.0,0.0,0.0,8.0,0.0,0.0,3.0,3.125,False,0.0,soft_clearance_astar_v1,adaptive,1.0,58.67902623816511,1.0,8.0,0.0,0.0,0.0,0.0,6.5,0.0,-0.0,0.0,0.0,-0.0,0,0.0,0.0,True,0.0,0.0,0.0,0.3100691205734708,0.6899308794265292,24,24,24,1,1.128684839079238,1.0,simple_ring,True,4.579200000080164,0.20990000484744087,1.2348000000201864,1.8614999953570077,1,0,0,0.0,0,0,0.0,0.0,0.0,0.0,0.0,0,0,0,0.0,0.0,0.0,0.0,0,False,,,0,0.0,False,"(1, 0)",6.5,6.5,6.5,17,True,207,146,1.0,3.111002549060366,0.696039603960396,0.9163769074846825,0.52286108113099,0.4376037588167252,1.5470046985209065,0.7634407444772211,0.16584701151747178,False,0.109375,0.0,0,False,,0
218,marine_knownmap_path_v2_infosampled,ucb,0.0,False,mode_not_conditional,0.0,0.0,1.0,False,SEARCH,"(14, 54)","(24, 54)","(18, 54)","(27, 52)",search_info,"(27, 52)",1,0.0,0.0,simple_ring_priority,False,,1,4,adaptive_knownmap_soft,5,8,14,8,0.375,36,54.72028466406249,1.0,3.958741574102615,1.0,0.0,0.0,58.67902623816511,1.0,0.0,0.0,8.0,0.0,0.0,3.0,3.125,False,0.0,soft_clearance_astar_v1,adaptive,1.0,58.67902623816511,1.0,8.0,0.0,0.0,0.0,0.0,6.5,0.0,-0.0,0.0,0.0,-0.0,0,0.0,0.0,True,0.0,0.0,0.0,0.3100691205734708,0.6899308794265292,24,24,24,1,1.128684839079238,1.0,simple_ring,True,4.579200000080164,0.20990000484744087,1.2348000000201864,1.8614999953570077,1,0,0,0.0,0,0,0.0,0.0,0.0,0.0,0.0,0,0,0,0.0,0.0,0.0,0.0,0,False,,,0,0.0,False,"(1, 0)",6.5,6.5,6.5,17,True,208,147,0.9999999999999998,3.1400634430955847,0.7,0.9915411101080368,0.5822235614167305,0.4376037588167252,1.5470046985209065,0.7634407444772211,0.16584701151747178,False,0.125,0.0,0,False,,0
219,marine_knownmap_path_v2_infosampled,ucb,0.0,False,mode_not_conditional,0.0,0.0,1.0,False,SEARCH,"(15, 54)","(24, 54)","(18, 54)","(27, 52)",search_info,"(27, 52)",1,0.0,0.0,simple_ring_priority,False,,0,4,adaptive_knownmap_soft,4,8,14,8,0.5,36,54.72028466406249,1.0,3.958741574102615,1.0,0.0,0.0,58.67902623816511,1.0,0.0,0.0,8.0,0.0,0.0,3.0,3.125,False,0.0,soft_clearance_astar_v1,adaptive,1.0,58.67902623816511,1.0,8.0,0.0,0.0,0.0,0.0,6.5,0.0,-0.0,0.0,0.0,-0.0,0,0.0,0.0,True,0.0,0.0,0.0,0.3100691205734708,0.6899308794265292,24,24,24,1,1.128684839079238,1.0,simple_ring,True,4.579200000080164,0.20990000484744087,1.2348000000201864,1.8614999953570077,1,0,0,0.0,0,0,0.0,0.0,0.0,0.0,0.0,0,0,0,0.0,0.0,0.0,0.0,0,False,,,0,0.0,False,"(1, 0)",6.5,6.5,6.5,17,True,209,148,1.0,3.1730344373682926,0.7044554455445544,0.9748976273835848,0.564156312966258,0.4376037588167252,1.5470046985209065,0.7634407444772211,0.16584701151747178,False,0.13636363636363635,0.0,0,False,,0
220,marine_knownmap_path_v2_infosampled,ucb,0.0,False,mode_not_conditional,0.0,0.0,1.0,False,SEARCH,"(16, 54)","(24, 54)","(23, 54)","(27, 52)",search_info,"(27, 52)",1,0.0,0.0,simple_ring_priority,True,commit_expired,4,4,adaptive_knownmap_soft,8,8,9,8,0.625,36,65.36591374218749,1.0,5.0016050294869885,1.0,0.0,0.0,70.36751877167447,1.0,0.0,0.0,8.0,0.0,0.0,3.0,4.375,False,0.0,soft_clearance_astar_v1,adaptive,1.0,70.36751877167447,1.0,8.0,0.0,0.0,0.0,0.0,6.5,0.0,-0.0,0.0,0.0,-0.0,0,0.0,0.0,True,0.0,0.0,0.0,0.46419263709206005,0.53580736290794,24,24,24,3,1.4443977223581226,0.7522126262739292,simple_ring,True,4.3036000006395625,0.10199999815085903,0.8193000012397533,0.5499999915627996,1,0,0,0.0,0,0,0.0,0.0,0.0,0.0,0.0,0,0,0,0.0,0.0,0.0,0.0,0,False,,,0,0.0,False,"(1, 0)",6.5,6.5,6.5,17,True,210,149,1.0,3.2097881589282116,0.7089108910891089,0.9184369458422669,0.48450772304769923,0.48099926873432136,1.6012490859179018,0.39056182179111243,0.4150318718260641,False,0.1323529411764706,0.0,0,False,,0
221,marine_knownmap_path_v2_infosampled,ucb,0.0,False,mode_not_conditional,0.0,0.0,1.0,False,SEARCH,"(17, 54)","(24, 54)","(23, 54)","(27, 52)",search_info,"(27, 52)",1,0.0,0.0,simple_ring_priority,False,,3,4,adaptive_knownmap_soft,7,8,9,8,0.125,36,65.36591374218749,1.0,5.0016050294869885,1.0,0.0,0.0,70.36751877167447,1.0,0.0,0.0,8.0,0.0,0.0,3.0,4.375,False,0.0,soft_clearance_astar_v1,adaptive,1.0,70.36751877167447,1.0,8.0,0.0,0.0,0.0,0.0,6.5,0.0,-0.0,0.0,0.0,-0.0,0,0.0,0.0,True,0.0,0.0,0.0,0.46419263709206005,0.53580736290794,24,24,24,3,1.4443977223581226,0.7522126262739292,simple_ring,True,4.3036000006395625,0.10199999815085903,0.8193000012397533,0.5499999915627996,1,0,0,0.0,0,0,0.0,0.0,0.0,0.0,0.0,0,0,0,0.0,0.0,0.0,0.0,0,False,,,0,0.0,False,"(1, 0)",6.5,6.5,6.5,17,True,211,150,0.9999999999999997,3.2507363330585823,0.7133663366336633,1.0,0.5322817319729224,0.48099926873432136,1.6012490859179018,0.39056182179111243,0.4150318718260641,False,0.12857142857142856,0.0,0,False,,0
222,marine_knownmap_path_v2_infosampled,ucb,0.0,False,mode_not_conditional,0.0,0.0,1.0,False,SEARCH,"(18, 54)","(24, 54)","(23, 54)","(27, 52)",search_info,"(27, 52)",1,0.0,0.0,simple_ring_priority,False,,2,4,adaptive_knownmap_soft,6,8,9,8,0.25,36,65.36591374218749,1.0,5.0016050294869885,1.0,0.0,0.0,70.36751877167447,1.0,0.0,0.0,8.0,0.0,0.0,3.0,4.375,False,0.0,soft_clearance_astar_v1,adaptive,1.0,70.36751877167447,1.0,8.0,0.0,0.0,0.0,0.0,6.5,0.0,-0.0,0.0,0.0,-0.0,0,0.0,0.0,True,0.0,0.0,0.0,0.46419263709206005,0.53580736290794,24,24,24,3,1.4443977223581226,0.7522126262739292,simple_ring,True,4.3036000006395625,0.10199999815085903,0.8193000012397533,0.5499999915627996,1,0,0,0.0,0,0,0.0,0.0,0.0,0.0,0.0,0,0,0,0.0,0.0,0.0,0.0,0,False,,,0,0.0,False,"(1, 0)",6.5,6.5,6.5,17,True,212,151,0.9999999999999999,3.2975740781712477,0.7183168316831683,1.0,0.5377555474565929,0.48099926873432136,1.6012490859179018,0.39056182179111243,0.4150318718260641,False,0.136986301369863,0.0,0,False,,0
223,marine_knownmap_path_v2_infosampled,ucb,0.0,False,mode_not_conditional,0.0,0.0,1.0,False,SEARCH,"(19, 54)","(24, 54)","(23, 54)","(27, 52)",search_info,"(27, 52)",1,0.0,0.0,simple_ring_priority,False,,1,4,adaptive_knownmap_soft,5,8,9,8,0.375,36,65.36591374218749,1.0,5.0016050294869885,1.0,0.0,0.0,70.36751877167447,1.0,0.0,0.0,8.0,0.0,0.0,3.0,4.375,False,0.0,soft_clearance_astar_v1,adaptive,1.0,70.36751877167447,1.0,8.0,0.0,0.0,0.0,0.0,6.5,0.0,-0.0,0.0,0.0,-0.0,0,0.0,0.0,True,0.0,0.0,0.0,0.46419263709206005,0.53580736290794,24,24,24,3,1.4443977223581226,0.7522126262739292,simple_ring,True,4.3036000006395625,0.10199999815085903,0.8193000012397533,0.5499999915627996,1,0,0,0.0,0,0,0.0,0.0,0.0,0.0,0.0,0,0,0,0.0,0.0,0.0,0.0,0,False,,,0,0.0,False,"(1, 0)",6.5,6.5,6.5,17,True,213,152,1.0,3.3466844468113526,0.7232673267326732,0.9490374092620919,0.5319347276404316,0.48099926873432136,1.6012490859179018,0.39056182179111243,0.4150318718260641,False,0.13333333333333333,0.0,0,False,,0
224,marine_knownmap_path_v2_infosampled,ucb,0.0,False,mode_not_conditional,0.0,0.0,1.0,False,SEARCH,"(20, 54)","(24, 54)","(23, 54)","(27, 52)",search_info,"(27, 52)",1,0.0,0.0,simple_ring_priority,False,,0,4,adaptive_knownmap_soft,4,8,9,8,0.5,36,65.36591374218749,1.0,5.0016050294869885,1.0,0.0,0.0,70.36751877167447,1.0,0.0,0.0,8.0,0.0,0.0,3.0,4.375,False,0.0,soft_clearance_astar_v1,adaptive,1.0,70.36751877167447,1.0,8.0,0.0,0.0,0.0,0.0,6.5,0.0,-0.0,0.0,0.0,-0.0,0,0.0,0.0,True,0.0,0.0,0.0,0.46419263709206005,0.53580736290794,24,24,24,3,1.4443977223581226,0.7522126262739292,simple_ring,True,4.3036000006395625,0.10199999815085903,0.8193000012397533,0.5499999915627996,1,0,0,0.0,0,0,0.0,0.0,0.0,0.0,0.0,0,0,0,0.0,0.0,0.0,0.0,0,False,,,0,0.0,False,"(1, 0)",6.5,6.5,6.5,17,True,214,153,1.0,3.3977898676917673,0.7282178217821782,0.9738044100081482,0.5472665995551202,0.48099926873432136,1.6012490859179018,0.39056182179111243,0.4150318718260641,False,0.12987012987012986,0.0,0,False,,0
225,marine_knownmap_path_v2_infosampled,ucb,0.0,False,mode_not_conditional,0.0,0.0,1.0,False,SEARCH,"(21, 54)","(30, 54)","(28, 54)","(27, 52)",search_info,"(27, 52)",1,0.0,0.0,simple_ring_priority,True,commit_expired,4,4,adaptive_knownmap_soft,8,8,10,8,0.625,37,67.31591374218749,1.0,5.034923080626087,1.0,0.0,0.0,72.35083682281358,1.0,0.0,0.0,8.0,0.9411764705882353,0.0,5.0,5.0,False,0.0,soft_clearance_astar_v1,adaptive,1.0,72.35083682281358,1.0,8.0,0.9411764705882353,0.0,0.0,0.0,6.5,0.0,-0.32941176470588235,0.0,0.0,-0.0,0,0.0,0.0,True,1.0,0.0,0.0,0.1682627825079219,0.8317372174920781,24,24,24,1,1.497610624518474,1.0,simple_ring,True,4.261199999746168,0.08560000060242601,0.7532000017818063,0.5336999984137947,1,0,0,0.0,0,0,0.0,0.0,0.0,0.0,0.0,0,0,0,0.0,0.0,0.0,0.0,0,False,,,0,0.0,False,"(1, 0)",0.0,6.170588235294118,6.170588235294118,17,True,215,154,1.0,3.4508746613239,0.7331683168316832,0.9880480725739555,0.5308366874612632,0.49161569286625234,1.6145196160828155,0.5103956871287444,0.46218294823537803,False,0.12658227848101267,0.0,0,False,,0
226,marine_knownmap_path_v2_infosampled,ucb,0.0,False,mode_not_conditional,0.0,0.0,1.0,False,SEARCH,"(22, 54)","(30, 54)","(28, 54)","(27, 52)",search_info,"(27, 52)",1,0.0,0.0,simple_ring_priority,False,,3,4,adaptive_knownmap_soft,7,8,10,8,0.125,37,67.31591374218749,1.0,5.034923080626087,1.0,0.0,0.0,72.35083682281358,1.0,0.0,0.0,8.0,0.9411764705882353,0.0,5.0,5.0,False,0.0,soft_clearance_astar_v1,adaptive,1.0,72.35083682281358,1.0,8.0,0.9411764705882353,0.0,0.0,0.0,6.5,0.0,-0.32941176470588235,0.0,0.0,-0.0,0,0.0,0.0,True,1.0,0.0,0.0,0.1682627825079219,0.8317372174920781,24,24,24,1,1.497610624518474,1.0,simple_ring,True,4.261199999746168,0.08560000060242601,0.7532000017818063,0.5336999984137947,1,0,0,0.0,0,0,0.0,0.0,0.0,0.0,0.0,0,0,0,0.0,0.0,0.0,0.0,0,False,,,0,0.0,False,"(1, 0)",0.0,6.170588235294118,6.170588235294118,17,True,216,155,1.0,3.5056788967244414,0.7381188118811881,0.9862812745795622,0.49351422368838216,0.49161569286625234,1.6145196160828155,0.5103956871287444,0.46218294823537803,False,0.125,0.0,0,False,,0
227,marine_knownmap_path_v2_infosampled,ucb,0.0,False,mode_not_conditional,0.0,0.0,1.0,False,SEARCH,"(23, 54)","(30, 54)","(28, 54)","(27, 52)",search_info,"(27, 52)",1,0.0,0.0,simple_ring_priority,False,,2,4,adaptive_knownmap_soft,6,8,10,8,0.25,37,67.31591374218749,1.0,5.034923080626087,1.0,0.0,0.0,72.35083682281358,1.0,0.0,0.0,8.0,0.9411764705882353,0.0,5.0,5.0,False,0.0,soft_clearance_astar_v1,adaptive,1.0,72.35083682281358,1.0,8.0,0.9411764705882353,0.0,0.0,0.0,6.5,0.0,-0.32941176470588235,0.0,0.0,-0.0,0,0.0,0.0,True,1.0,0.0,0.0,0.1682627825079219,0.8317372174920781,24,24,24,1,1.497610624518474,1.0,simple_ring,True,4.261199999746168,0.08560000060242601,0.7532000017818063,0.5336999984137947,1,0,0,0.0,0,0,0.0,0.0,0.0,0.0,0.0,0,0,0,0.0,0.0,0.0,0.0,0,False,,,0,0.0,False,"(1, 0)",0.0,6.170588235294118,6.170588235294118,17,True,217,156,1.0,3.5621676390200125,0.7430693069306931,0.9976545671053788,0.5253926603347221,0.49161569286625234,1.6145196160828155,0.5103956871287444,0.46218294823537803,False,0.125,0.0,0,False,,0
228,marine_knownmap_path_v2_infosampled,ucb,0.0,False,mode_not_conditional,0.0,0.0,1.0,False,SEARCH,"(24, 54)","(30, 54)","(28, 54)","(27, 52)",search_info,"(27, 52)",1,0.0,0.0,simple_ring_priority,False,,1,4,adaptive_knownmap_soft,5,8,10,8,0.375,37,67.31591374218749,1.0,5.034923080626087,1.0,0.0,0.0,72.35083682281358,1.0,0.0,0.0,8.0,0.9411764705882353,0.0,5.0,5.0,False,0.0,soft_clearance_astar_v1,adaptive,1.0,72.35083682281358,1.0,8.0,0.9411764705882353,0.0,0.0,0.0,6.5,0.0,-0.32941176470588235,0.0,0.0,-0.0,0,0.0,0.0,True,1.0,0.0,0.0,0.1682627825079219,0.8317372174920781,24,24,24,1,1.497610624518474,1.0,simple_ring,True,4.261199999746168,0.08560000060242601,0.7532000017818063,0.5336999984137947,1,0,0,0.0,0,0,0.0,0.0,0.0,0.0,0.0,0,0,0,0.0,0.0,0.0,0.0,0,False,,,0,0.0,False,"(1, 0)",0.0,6.170588235294118,6.170588235294118,17,True,218,157,0.9999999999999998,3.620454414954247,0.748019801980198,0.972137625308712,0.5369153158600435,0.49161569286625234,1.6145196160828155,0.5103956871287444,0.46218294823537803,False,0.125,0.0,0,False,,0
229,marine_knownmap_path_v2_infosampled,ucb,0.0,False,mode_not_conditional,0.0,0.0,1.0,False,SEARCH,"(25, 54)","(30, 54)","(28, 54)","(27, 52)",search_info,"(27, 52)",1,0.0,0.0,simple_ring_priority,False,,0,4,adaptive_knownmap_soft,4,8,10,8,0.5,37,67.31591374218749,1.0,5.034923080626087,1.0,0.0,0.0,72.35083682281358,1.0,0.0,0.0,8.0,0.9411764705882353,0.0,5.0,5.0,False,0.0,soft_clearance_astar_v1,adaptive,1.0,72.35083682281358,1.0,8.0,0.9411764705882353,0.0,0.0,0.0,6.5,0.0,-0.32941176470588235,0.0,0.0,-0.0,0,0.0,0.0,True,1.0,0.0,0.0,0.1682627825079219,0.8317372174920781,24,24,24,1,1.497610624518474,1.0,simple_ring,True,4.261199999746168,0.08560000060242601,0.7532000017818063,0.5336999984137947,1,0,0,0.0,0,0,0.0,0.0,0.0,0.0,0.0,0,0,0,0.0,0.0,0.0,0.0,0,False,,,0,0.0,False,"(1, 0)",0.0,6.170588235294118,6.170588235294118,17,True,219,158,1.0,3.6806596675285776,0.752970297029703,0.9695171593613412,0.5321099669366574,0.49161569286625234,1.6145196160828155,0.5103956871287444,0.46218294823537803,False,0.125,0.0,0,False,,0
230,marine_knownmap_path_v2_infosampled,ucb,0.0,False,mode_not_conditional,0.0,0.0,1.0,False,SEARCH,"(25, 53)","(30, 49)","(28, 49)","(27, 52)",search_info,"(27, 52)",1,0.0,0.0,simple_ring_priority,True,commit_expired,4,4,adaptive_knownmap_soft,8,8,10,8,0.625,38,58.5356981015625,0.9550489417848984,4.368177510610434,0.9242150609815728,0.7642873263888887,0.3408038548169076,62.90387561217294,0.9531812533124396,0.7642873263888887,0.3408038548169076,8.25,1.0,0.0,6.0,8.25,False,0.0,soft_clearance_astar_v1,adaptive,1.0,62.90387561217294,0.9531812533124396,8.25,1.0,0.0,0.0,0.0,6.195678146530858,0.6816077096338152,-0.35,0.0,0.0,-0.0,1,0.0,0.0,True,1.0,0.0,0.0,0.18324928779026756,0.8167507122097324,24,24,24,6,1.1066571332951352,0.8860887545282992,simple_ring,True,4.300999999031774,0.08909999814932235,0.7043000005069189,0.5914000066695735,1,0,0,0.0,0,0,0.0,0.0,0.0,0.0,0.0,0,0,0,0.0,0.0,0.0,0.0,0,False,,,0,0.0,False,"(0, -1)",4.654742211894423,6.527285856164673,6.527285856164673,17,True,220,159,1.0,3.729993764856523,0.755940594059406,1.0,0.4964252281446258,0.4824095485584941,1.6030119356981176,0.22774032178865186,0.47678427142906293,False,0.07407407407407407,0.0,0,False,,0
231,marine_knownmap_path_v2_infosampled,ucb,0.0,False,mode_not_conditional,0.0,0.0,1.0,False,SEARCH,"(25, 52)","(30, 49)","(28, 49)","(27, 52)",search_info,"(27, 52)",1,0.0,0.0,simple_ring_priority,False,,3,4,adaptive_knownmap_soft,7,8,10,8,0.125,38,58.5356981015625,0.9550489417848984,4.368177510610434,0.9242150609815728,0.7642873263888887,0.3408038548169076,62.90387561217294,0.9531812533124396,0.7642873263888887,0.3408038548169076,8.25,1.0,0.0,6.0,8.25,False,0.0,soft_clearance_astar_v1,adaptive,1.0,62.90387561217294,0.9531812533124396,8.25,1.0,0.0,0.0,0.0,6.195678146530858,0.6816077096338152,-0.35,0.0,0.0,-0.0,1,0.0,0.0,True,1.0,0.0,0.0,0.18324928779026756,0.8167507122097324,24,24,24,6,1.1066571332951352,0.8860887545282992,simple_ring,True,4.300999999031774,0.08909999814932235,0.7043000005069189,0.5914000066695735,1,0,0,0.0,0,0,0.0,0.0,0.0,0.0,0.0,0,0,0,0.0,0.0,0.0,0.0,0,False,,,0,0.0,False,"(0, -1)",4.654742211894423,6.527285856164673,6.527285856164673,17,True,221,160,1.0,3.7806166543665323,0.7603960396039604,1.0,0.5100861093688175,0.4824095485584941,1.6030119356981176,0.22774032178865186,0.47678427142906293,False,0.1111111111111111,0.0,0,False,,0
232,marine_knownmap_path_v2_infosampled,ucb,0.0,False,mode_not_conditional,0.0,0.0,1.0,False,SEARCH,"(25, 51)","(30, 49)","(28, 49)","(27, 52)",search_info,"(27, 52)",1,0.0,0.0,simple_ring_priority,False,,2,4,adaptive_knownmap_soft,6,8,10,8,0.25,38,58.5356981015625,0.9550489417848984,4.368177510610434,0.9242150609815728,0.7642873263888887,0.3408038548169076,62.90387561217294,0.9531812533124396,0.7642873263888887,0.3408038548169076,8.25,1.0,0.0,6.0,8.25,False,0.0,soft_clearance_astar_v1,adaptive,1.0,62.90387561217294,0.9531812533124396,8.25,1.0,0.0,0.0,0.0,6.195678146530858,0.6816077096338152,-0.35,0.0,0.0,-0.0,1,0.0,0.0,True,1.0,0.0,0.0,0.18324928779026756,0.8167507122097324,24,24,24,6,1.1066571332951352,0.8860887545282992,simple_ring,True,4.300999999031774,0.08909999814932235,0.7043000005069189,0.5914000066695735,1,0,0,0.0,0,0,0.0,0.0,0.0,0.0,0.0,0,0,0,0.0,0.0,0.0,0.0,0,False,,,0,0.0,False,"(0, -1)",4.654742211894423,6.527285856164673,6.527285856164673,17,True,222,161,1.0000000000000002,3.835968290844518,0.7653465346534654,0.9639027548713014,0.46970922175461305,0.4824095485584941,1.6030119356981176,0.22774032178865186,0.47678427142906293,False,0.12345679012345678,0.0,0,False,,0
233,marine_knownmap_path_v2_infosampled,ucb,0.0,False,mode_not_conditional,0.0,0.0,1.0,False,SEARCH,"(25, 50)","(30, 49)","(28, 49)","(27, 52)",search_info,"(27, 52)",1,0.0,0.0,simple_ring_priority,False,,1,4,adaptive_knownmap_soft,5,8,10,8,0.375,38,58.5356981015625,0.9550489417848984,4.368177510610434,0.9242150609815728,0.7642873263888887,0.3408038548169076,62.90387561217294,0.9531812533124396,0.7642873263888887,0.3408038548169076,8.25,1.0,0.0,6.0,8.25,False,0.0,soft_clearance_astar_v1,adaptive,1.0,62.90387561217294,0.9531812533124396,8.25,1.0,0.0,0.0,0.0,6.195678146530858,0.6816077096338152,-0.35,0.0,0.0,-0.0,1,0.0,0.0,True,1.0,0.0,0.0,0.18324928779026756,0.8167507122097324,24,24,24,6,1.1066571332951352,0.8860887545282992,simple_ring,True,4.300999999031774,0.08909999814932235,0.7043000005069189,0.5914000066695735,1,0,0,0.0,0,0,0.0,0.0,0.0,0.0,0.0,0,0,0,0.0,0.0,0.0,0.0,0,False,,,0,0.0,False,"(0, -1)",4.654742211894423,6.527285856164673,6.527285856164673,17,True,223,162,0.9999999999999999,3.895937317473781,0.7702970297029703,1.0,0.5083468626325279,0.4824095485584941,1.6030119356981176,0.22774032178865186,0.47678427142906293,False,0.12345679012345678,0.0,0,False,,0
234,marine_knownmap_path_v2_infosampled,ucb,0.0,False,mode_not_conditional,0.0,0.0,1.0,False,SEARCH,"(25, 49)","(30, 49)","(28, 49)","(27, 52)",search_info,"(27, 52)",1,0.0,0.0,simple_ring_priority,False,,0,4,adaptive_knownmap_soft,4,8,10,8,0.5,38,58.5356981015625,0.9550489417848984,4.368177510610434,0.9242150609815728,0.7642873263888887,0.3408038548169076,62.90387561217294,0.9531812533124396,0.7642873263888887,0.3408038548169076,8.25,1.0,0.0,6.0,8.25,False,0.0,soft_clearance_astar_v1,adaptive,1.0,62.90387561217294,0.9531812533124396,8.25,1.0,0.0,0.0,0.0,6.195678146530858,0.6816077096338152,-0.35,0.0,0.0,-0.0,1,0.0,0.0,True,1.0,0.0,0.0,0.18324928779026756,0.8167507122097324,24,24,24,6,1.1066571332951352,0.8860887545282992,simple_ring,True,4.300999999031774,0.08909999814932235,0.7043000005069189,0.5914000066695735,1,0,0,0.0,0,0,0.0,0.0,0.0,0.0,0.0,0,0,0,0.0,0.0,0.0,0.0,0,False,,,0,0.0,False,"(0, -1)",4.654742211894423,6.527285856164673,6.527285856164673,17,True,224,163,1.0,3.9594017810775424,0.7752475247524753,1.0,0.5232180390341727,0.4824095485584941,1.6030119356981176,0.22774032178865186,0.47678427142906293,False,0.13580246913580246,0.012345679012345678,0,False,,0
235,marine_knownmap_path_v2_infosampled,ucb,0.0,False,mode_not_conditional,0.0,0.0,1.0,False,SEARCH,"(26, 49)","(34, 49)","(33, 49)","(36, 52)",search_info,"(36, 52)",61,1.0,0.9284620635418238,simple_ring_priority,True,commit_expired,4,4,adaptive_knownmap_soft,8,8,9,8,0.625,39,64.57312386640623,0.9889353849969381,4.824020091278101,1.0,0.7642873263888887,0.15548342536377407,69.39714395768434,1.0,0.7642873263888887,0.15548342536377407,8.0,0.9411764705882353,0.0,6.0,8.625,False,0.0,soft_clearance_astar_v1,adaptive,1.0,69.39714395768434,1.0,8.0,0.9411764705882353,0.0,0.0,0.0,6.5,0.31096685072754815,-0.32941176470588235,0.0,0.0,-0.0,0,0.0,0.0,False,0.8,0.0,0.0,0.5,0.5,24,24,24,2,1.4427492057895503,0.9702299240184855,simple_ring,True,6.601300001420896,0.079100000220933,0.685499999235617,0.5768999944848474,1,0,0,0.0,0,0,0.0,0.0,0.0,0.0,0.0,0,0,0,0.0,0.0,0.0,0.0,0,False,,,0,0.0,False,"(1, 0)",2.9037556312525163,6.481555086021666,6.481555086021666,18,True,225,164,1.0000000000000002,4.0124012191240865,0.7782178217821782,1.0,0.5166787114180541,0.4974368513348764,1.6217960641685956,0.4680811341697293,0.455318588017734,False,0.07407407407407407,0.0,0,False,,0
236,marine_knownmap_path_v2_infosampled,ucb,0.0,False,mode_not_conditional,0.0,0.0,1.0,False,SEARCH,"(27, 49)","(34, 49)","(33, 49)","(36, 52)",search_info,"(36, 52)",61,1.0,0.9284620635418238,simple_ring_priority,False,,3,4,adaptive_knownmap_soft,7,8,9,8,0.125,39,64.57312386640623,0.9889353849969381,4.824020091278101,1.0,0.7642873263888887,0.15548342536377407,69.39714395768434,1.0,0.7642873263888887,0.15548342536377407,8.0,0.9411764705882353,0.0,6.0,8.625,False,0.0,soft_clearance_astar_v1,adaptive,1.0,69.39714395768434,1.0,8.0,0.9411764705882353,0.0,0.0,0.0,6.5,0.31096685072754815,-0.32941176470588235,0.0,0.0,-0.0,0,0.0,0.0,False,0.8,0.0,0.0,0.5,0.5,24,24,24,2,1.4427492057895503,0.9702299240184855,simple_ring,True,6.601300001420896,0.079100000220933,0.685499999235617,0.5768999944848474,1,0,0,0.0,0,0,0.0,0.0,0.0,0.0,0.0,0,0,0,0.0,0.0,0.0,0.0,0,False,,,0,0.0,False,"(1, 0)",2.9037556312525163,6.481555086021666,6.481555086021666,18,True,226,165,1.0,4.069424578872213,0.7826732673267327,0.9489206629389437,0.5117908823335342,0.4974368513348764,1.6217960641685956,0.4680811341697293,0.455318588017734,False,0.1111111111111111,0.0,0,False,,0
237,marine_knownmap_path_v2_infosampled,ucb,0.0,False,mode_not_conditional,0.0,0.0,1.0,False,SEARCH,"(28, 49)","(34, 49)","(33, 49)","(36, 52)",search_info,"(36, 52)",61,1.0,0.9284620635418238,simple_ring_priority,False,,2,4,adaptive_knownmap_soft,6,8,9,8,0.25,39,64.57312386640623,0.9889353849969381,4.824020091278101,1.0,0.7642873263888887,0.15548342536377407,69.39714395768434,1.0,0.7642873263888887,0.15548342536377407,8.0,0.9411764705882353,0.0,6.0,8.625,False,0.0,soft_clearance_astar_v1,adaptive,1.0,69.39714395768434,1.0,8.0,0.9411764705882353,0.0,0.0,0.0,6.5,0.31096685072754815,-0.32941176470588235,0.0,0.0,-0.0,0,0.0,0.0,False,0.8,0.0,0.0,0.5,0.5,24,24,24,2,1.4427492057895503,0.9702299240184855,simple_ring,True,6.601300001420896,0.079100000220933,0.685499999235617,0.5768999944848474,1,0,0,0.0,0,0,0.0,0.0,0.0,0.0,0.0,0,0,0,0.0,0.0,0.0,0.0,0,False,,,0,0.0,False,"(1, 0)",2.9037556312525163,6.481555086021666,6.481555086021666,18,True,227,166,1.0,4.13410979013661,0.7876237623762377,1.0,0.49101054172125763,0.4974368513348764,1.6217960641685956,0.4680811341697293,0.455318588017734,False,0.12345679012345678,0.0,0,False,,0
238,marine_knownmap_path_v2_infosampled,ucb,0.0,False,mode_not_conditional,0.0,0.0,1.0,False,SEARCH,"(29, 49)","(34, 49)","(33, 49)","(36, 52)",search_info,"(36, 52)",61,1.0,0.9284620635418238,simple_ring_priority,False,,1,4,adaptive_knownmap_soft,5,8,9,8,0.375,39,64.57312386640623,0.9889353849969381,4.824020091278101,1.0,0.7642873263888887,0.15548342536377407,69.39714395768434,1.0,0.7642873263888887,0.15548342536377407,8.0,0.9411764705882353,0.0,6.0,8.625,False,0.0,soft_clearance_astar_v1,adaptive,1.0,69.39714395768434,1.0,8.0,0.9411764705882353,0.0,0.0,0.0,6.5,0.31096685072754815,-0.32941176470588235,0.0,0.0,-0.0,0,0.0,0.0,False,0.8,0.0,0.0,0.5,0.5,24,24,24,2,1.4427492057895503,0.9702299240184855,simple_ring,True,6.601300001420896,0.079100000220933,0.685499999235617,0.5768999944848474,1,0,0,0.0,0,0,0.0,0.0,0.0,0.0,0.0,0,0,0,0.0,0.0,0.0,0.0,0,False,,,0,0.0,False,"(1, 0)",2.9037556312525163,6.481555086021666,6.481555086021666,18,True,228,167,1.0,4.206400204354321,0.7925742574257426,0.9090913403859875,0.5061339807097468,0.4974368513348764,1.6217960641685956,0.4680811341697293,0.455318588017734,False,0.12345679012345678,0.0,0,False,,0
239,marine_knownmap_path_v2_infosampled,ucb,0.0,False,mode_not_conditional,0.0,0.0,1.0,False,SEARCH,"(30, 49)","(34, 49)","(33, 49)","(36, 52)",search_info,"(36, 52)",61,1.0,0.9284620635418238,simple_ring_priority,False,,0,4,adaptive_knownmap_soft,4,8,9,8,0.5,39,64.57312386640623,0.9889353849969381,4.824020091278101,1.0,0.7642873263888887,0.15548342536377407,69.39714395768434,1.0,0.7642873263888887,0.15548342536377407,8.0,0.9411764705882353,0.0,6.0,8.625,False,0.0,soft_clearance_astar_v1,adaptive,1.0,69.39714395768434,1.0,8.0,0.9411764705882353,0.0,0.0,0.0,6.5,0.31096685072754815,-0.32941176470588235,0.0,0.0,-0.0,0,0.0,0.0,False,0.8,0.0,0.0,0.5,0.5,24,24,24,2,1.4427492057895503,0.9702299240184855,simple_ring,True,6.601300001420896,0.079100000220933,0.685499999235617,0.5768999944848474,1,0,0,0.0,0,0,0.0,0.0,0.0,0.0,0.0,0,0,0,0.0,0.0,0.0,0.0,0,False,,,0,0.0,False,"(1, 0)",2.9037556312525163,6.481555086021666,6.481555086021666,18,True,229,168,1.0,4.285298820337455,0.7975247524752476,0.9266362760849929,0.5040200501437817,0.4974368513348764,1.6217960641685956,0.4680811341697293,0.455318588017734,False,0.13580246913580246,0.012345679012345678,0,False,,0
240,marine_knownmap_path_v2_infosampled,ucb,0.0,False,mode_not_conditional,0.0,0.0,1.0,False,SEARCH,"(30, 48)","(37, 43)","(32, 43)","(35, 40)",search_info,"(35, 40)",53,0.9470576943997535,0.862582413828167,simple_ring_priority,True,commit_expired,4,4,adaptive_knownmap_soft,8,8,13,8,0.625,40,54.972436884375,1.0,4.644143164761895,0.9815744765830386,2.9714974506076377,0.99136906206836,59.61658004913689,1.0,2.9714974506076377,0.99136906206836,8.25,1.0,0.0,7.0,8.625,False,0.0,soft_clearance_astar_v1,adaptive,1.0,59.61658004913689,1.0,8.25,1.0,0.0,0.0,0.0,6.5,1.98273812413672,-0.35,0.0,0.0,-0.0,1,0.0,0.0,False,1.0,0.0,0.0,0.5487711425454165,0.4512288574545836,24,24,24,4,1.2944456678310545,0.9462754775055046,simple_ring,True,4.040399999212241,0.21580000066023786,0.9238999991794117,0.9725999843794852,1,0,0,0.0,0,0,0.0,0.0,0.0,0.0,0.0,0,0,0,0.0,0.0,0.0,0.0,0,False,,,0,0.0,False,"(0, -1)",4.165308706927685,8.13273812413672,8.13273812413672,19,True,230,169,0.9999999999999999,4.3465804115967765,0.8004950495049505,0.8511422074213032,0.5104245979052697,0.5666702618148327,1.708337827268541,0.8157191168957382,0.5103286265118244,True,0.07407407407407407,0.0,0,False,,0
