tick_global,waypoint_index,target_row,target_col,target_x,target_y,location_x,location_y,location_z,gps_x,gps_y,gps_z,projected_row,projected_col,distance_to_target_m,arrived,timeout
1,0,1,2,-190.0,195.0,-194.3096923828125,194.9872283935547,0.13685625791549683,-194.3096923828125,194.9872283935547,0.13685625791549683,1,1,4.309711306851455,False,False
2,0,1,2,-190.0,195.0,-194.26963806152344,194.98536682128906,0.15934491157531738,-194.26963806152344,194.98536682128906,0.15934491157531738,1,1,4.269663137336341,False,False
3,0,1,2,-190.0,195.0,-194.2315216064453,194.98348999023438,0.18095384538173676,-194.2315216064453,194.98348999023438,0.18095384538173676,1,1,4.23155381464492,False,False
4,0,1,2,-190.0,195.0,-194.1951446533203,194.98158264160156,0.1988324224948883,-194.1951446533203,194.98158264160156,0.1988324224948883,1,1,4.195185080705306,False,False
5,0,1,2,-190.0,195.0,-194.1603546142578,194.97964477539062,0.21094417572021484,-194.1603546142578,194.97964477539062,0.21094417572021484,1,1,4.160404409615148,False,False
6,0,1,2,-190.0,195.0,-194.12701416015625,194.9776611328125,0.21639668941497803,-194.12701416015625,194.9776611328125,0.21639668941497803,1,1,4.127074618069973,False,False
7,0,1,2,-190.0,195.0,-194.0950164794922,194.97561645507812,0.215327188372612,-194.0950164794922,194.97561645507812,0.215327188372612,1,1,4.095089074070984,False,False
8,0,1,2,-190.0,195.0,-194.064208984375,194.97352600097656,0.20862343907356262,-194.064208984375,194.97352600097656,0.20862343907356262,1,1,4.064295208433901,False,False
9,0,1,2,-190.0,195.0,-194.03451538085938,194.9713897705078,0.1975547969341278,-194.03451538085938,194.9713897705078,0.1975547969341278,1,1,4.034616822403642,False,False
10,0,1,2,-190.0,195.0,-194.00584411621094,194.9691925048828,0.18379291892051697,-194.00584411621094,194.9691925048828,0.18379291892051697,1,1,4.005962579098459,False,False
11,0,1,2,-190.0,195.0,-193.97808837890625,194.96693420410156,0.16919514536857605,-193.97808837890625,194.96693420410156,0.16919514536857605,1,1,3.978225797670031,False,False
12,0,1,2,-190.0,195.0,-193.951171875,194.96461486816406,0.15578575432300568,-193.951171875,194.96461486816406,0.15578575432300568,1,1,3.951330319442562,False,False
13,0,1,2,-190.0,195.0,-193.925048828125,194.96224975585938,0.14550399780273438,-193.925048828125,194.96224975585938,0.14550399780273438,1,1,3.9252303606410304,False,False
14,0,1,2,-190.0,195.0,-193.89962768554688,194.95982360839844,0.1393892467021942,-193.89962768554688,194.95982360839844,0.1393892467021942,1,1,3.8998346411515707,False,False
15,0,1,2,-190.0,195.0,-193.87486267089844,194.9573516845703,0.13808272778987885,-193.87486267089844,194.9573516845703,0.13808272778987885,1,1,3.8750973661485157,False,False
16,0,1,2,-190.0,195.0,-193.8507080078125,194.954833984375,0.1411619633436203,-193.8507080078125,194.954833984375,0.1411619633436203,1,1,3.8509728810261374,False,False
17,0,1,2,-190.0,195.0,-193.8271026611328,194.95225524902344,0.1478939950466156,-193.8271026611328,194.95225524902344,0.1478939950466156,1,1,3.827400467692879,False,False
18,0,1,2,-190.0,195.0,-193.80401611328125,194.94964599609375,0.15691369771957397,-193.80401611328125,194.94964599609375,0.15691369771957397,1,1,3.8043493682642735,False,False
19,0,1,2,-190.0,195.0,-193.78140258789062,194.9469757080078,0.16663989424705505,-193.78140258789062,194.9469757080078,0.16663989424705505,1,1,3.781774333199588,False,False
20,0,1,2,-190.0,195.0,-193.75921630859375,194.9442596435547,0.17576728761196136,-193.75921630859375,194.9442596435547,0.17576728761196136,1,1,3.759629535224697,False,False
21,0,1,2,-190.0,195.0,-193.73744201660156,194.94151306152344,0.18276841938495636,-193.73744201660156,194.94151306152344,0.18276841938495636,1,1,3.7378996173561316,False,False
22,0,1,2,-190.0,195.0,-193.71604919433594,194.938720703125,0.18709181249141693,-193.71604919433594,194.938720703125,0.18709181249141693,1,1,3.7165544213626505,False,False
23,0,1,2,-190.0,195.0,-193.69500732421875,194.93588256835938,0.18853503465652466,-193.69500732421875,194.93588256835938,0.18853503465652466,1,1,3.695563579627659,False,False
24,0,1,2,-190.0,195.0,-193.67428588867188,194.93301391601562,0.1872687041759491,-193.67428588867188,194.93301391601562,0.1872687041759491,1,1,3.6748964512133986,False,False
25,0,1,2,-190.0,195.0,-193.65386962890625,194.9300994873047,0.18368151783943176,-193.65386962890625,194.9300994873047,0.18368151783943176,1,1,3.654538185149878,False,False
26,0,1,2,-190.0,195.0,-193.63372802734375,194.92715454101562,0.178299680352211,-193.63372802734375,194.92715454101562,0.178299680352211,1,1,3.6344581215909124,False,False
27,0,1,2,-190.0,195.0,-193.61386108398438,194.9241943359375,0.17194952070713043,-193.61386108398438,194.9241943359375,0.17194952070713043,1,1,3.6146560601308497,False,False
28,0,1,2,-190.0,195.0,-193.59423828125,194.92120361328125,0.16555117070674896,-193.59423828125,194.92120361328125,0.16555117070674896,1,1,3.595101903001205,False,False
29,0,1,2,-190.0,195.0,-193.57485961914062,194.91819763183594,0.16028541326522827,-193.57485961914062,194.91819763183594,0.16028541326522827,1,1,3.5757954253563646,False,False
30,0,1,2,-190.0,195.0,-193.55569458007812,194.9151611328125,0.15662692487239838,-193.55569458007812,194.9151611328125,0.15662692487239838,1,1,3.5567065636881843,False,False
31,0,1,2,-190.0,195.0,-193.53672790527344,194.91212463378906,0.1549440175294876,-193.53672790527344,194.91212463378906,0.1549440175294876,1,1,3.537819435178475,False,False
32,0,1,2,-190.0,195.0,-193.51797485351562,194.90907287597656,0.15545061230659485,-193.51797485351562,194.90907287597656,0.15545061230659485,1,1,3.519149728535496,False,False
33,0,1,2,-190.0,195.0,-193.4993896484375,194.906005859375,0.15792757272720337,-193.4993896484375,194.906005859375,0.15792757272720337,1,1,3.500651769322873,False,False
34,0,1,2,-190.0,195.0,-193.4810028076172,194.90293884277344,0.16170735657215118,-193.4810028076172,194.90293884277344,0.16170735657215118,1,1,3.4823557277913038,False,False
35,0,1,2,-190.0,195.0,-193.4627685546875,194.89987182617188,0.16601283848285675,-193.4627685546875,194.89987182617188,0.16601283848285675,1,1,3.464215887401753,False,False
36,0,1,2,-190.0,195.0,-193.44468688964844,194.89678955078125,0.17020341753959656,-193.44468688964844,194.89678955078125,0.17020341753959656,1,1,3.446232749618598,False,False
37,0,1,2,-190.0,195.0,-193.42677307128906,194.8937225341797,0.17382022738456726,-193.42677307128906,194.8937225341797,0.17382022738456726,1,1,3.4284207124932995,False,False
38,0,1,2,-190.0,195.0,-193.40899658203125,194.89064025878906,0.17615631222724915,-193.40899658203125,194.89064025878906,0.17615631222724915,1,1,3.4107502472767584,False,False
39,0,1,2,-190.0,195.0,-193.39137268066406,194.8875732421875,0.1770457923412323,-193.39137268066406,194.8875732421875,0.1770457923412323,1,1,3.393235688104612,False,False
40,0,1,2,-190.0,195.0,-193.37387084960938,194.88450622558594,0.17663337290287018,-193.37387084960938,194.88450622558594,0.17663337290287018,1,1,3.3758470524850934,False,False
41,0,1,2,-190.0,195.0,-193.3564910888672,194.88145446777344,0.1750493049621582,-193.3564910888672,194.88145446777344,0.1750493049621582,1,1,3.35858384931145,False,False
42,0,1,2,-190.0,195.0,-193.33924865722656,194.87841796875,0.17252835631370544,-193.33924865722656,194.87841796875,0.17252835631370544,1,1,3.341461324796724,False,False
43,0,1,2,-190.0,195.0,-193.32212829589844,194.87538146972656,0.16969344019889832,-193.32212829589844,194.87538146972656,0.16969344019889832,1,1,3.32446479790305,False,False
44,0,1,2,-190.0,195.0,-193.30511474609375,194.8723602294922,0.16728152334690094,-193.30511474609375,194.8723602294922,0.16728152334690094,1,1,3.3075784791689586,False,False
45,0,1,2,-190.0,195.0,-193.2882080078125,194.86935424804688,0.16536784172058105,-193.2882080078125,194.86935424804688,0.16536784172058105,1,1,3.2908023664671275,False,False
46,0,1,2,-190.0,195.0,-193.27142333984375,194.8663787841797,0.16396132111549377,-193.27142333984375,194.8663787841797,0.16396132111549377,1,1,3.2741510804774623,False,False
47,0,1,2,-190.0,195.0,-193.25474548339844,194.86341857910156,0.16324639320373535,-193.25474548339844,194.86341857910156,0.16324639320373535,1,1,3.2576099591935748,False,False
48,0,1,2,-190.0,195.0,-193.2381591796875,194.8604736328125,0.1632126420736313,-193.2381591796875,194.8604736328125,0.1632126420736313,1,1,3.2411637539832765,False,False
49,0,1,2,-190.0,195.0,-193.22169494628906,194.85755920410156,0.16379186511039734,-193.22169494628906,194.85755920410156,0.16379186511039734,1,1,3.224842276341692,False,False
50,0,1,2,-190.0,195.0,-193.20530700683594,194.8546600341797,0.1648639291524887,-193.20530700683594,194.8546600341797,0.1648639291524887,1,1,3.208600429117999,False,False
51,0,1,2,-190.0,195.0,-193.18902587890625,194.851806640625,0.166203111410141,-193.18902587890625,194.851806640625,0.166203111410141,1,1,3.1924672790956885,False,False
52,0,1,2,-190.0,195.0,-193.17283630371094,194.84896850585938,0.1677238494157791,-193.17283630371094,194.84896850585938,0.1677238494157791,1,1,3.1764289260690903,False,False
53,0,1,2,-190.0,195.0,-193.15673828125,194.8461456298828,0.16934916377067566,-193.15673828125,194.8461456298828,0.16934916377067566,1,1,3.1604853651794307,False,False
54,0,1,2,-190.0,195.0,-193.14073181152344,194.84336853027344,0.17089219391345978,-193.14073181152344,194.84336853027344,0.17089219391345978,1,1,3.14463507091427,False,False
55,0,1,2,-190.0,195.0,-193.1248016357422,194.8406219482422,0.1721847504377365,-193.1248016357422,194.8406219482422,0.1721847504377365,1,1,3.1288634719525823,False,False
56,0,1,2,-190.0,195.0,-193.1089630126953,194.83790588378906,0.17313428223133087,-193.1089630126953,194.83790588378906,0.17313428223133087,1,1,3.113185750452054,False,False
57,0,1,2,-190.0,195.0,-193.0932159423828,194.83522033691406,0.1737750917673111,-193.0932159423828,194.83522033691406,0.1737750917673111,1,1,3.097601847167887,False,False
58,0,1,2,-190.0,195.0,-193.0775604248047,194.8325653076172,0.17407923936843872,-193.0775604248047,194.8325653076172,0.17407923936843872,1,1,3.082111702151195,False,False
59,0,1,2,-190.0,195.0,-193.06198120117188,194.82994079589844,0.17408040165901184,-193.06198120117188,194.82994079589844,0.17408040165901184,1,1,3.0667000194394,False,False
60,0,1,2,-190.0,195.0,-193.04647827148438,194.82736206054688,0.17380885779857635,-193.04647827148438,194.82736206054688,0.17380885779857635,1,1,3.05136587723679,False,False
61,0,1,2,-190.0,195.0,-193.0310516357422,194.82481384277344,0.1732919067144394,-193.0310516357422,194.82481384277344,0.1732919067144394,1,1,3.0361100454725287,False,False
62,0,1,2,-190.0,195.0,-193.01571655273438,194.8223114013672,0.17255407571792603,-193.01571655273438,194.8223114013672,0.17255407571792603,1,1,3.0209467993528443,False,False
63,0,1,2,-190.0,195.0,-193.00045776367188,194.81983947753906,0.1717938482761383,-193.00045776367188,194.81983947753906,0.1717938482761383,1,1,3.0058617076359697,False,False
64,0,1,2,-190.0,195.0,-192.98526000976562,194.81739807128906,0.17101342976093292,-192.98526000976562,194.81739807128906,0.17101342976093292,1,1,2.9908394791888804,False,False
65,0,1,2,-190.0,195.0,-192.97015380859375,194.81500244140625,0.17021486163139343,-192.97015380859375,194.81500244140625,0.17021486163139343,1,1,2.9759095657276964,False,False
66,0,1,2,-190.0,195.0,-192.9551239013672,194.81265258789062,0.16951754689216614,-192.9551239013672,194.81265258789062,0.16951754689216614,1,1,2.961056623108668,False,False
67,0,1,2,-190.0,195.0,-192.94017028808594,194.81033325195312,0.16891133785247803,-192.94017028808594,194.81033325195312,0.16891133785247803,1,1,2.9462815205370347,False,False
68,0,1,2,-190.0,195.0,-192.92529296875,194.8080596923828,0.16850470006465912,-192.92529296875,194.8080596923828,0.16850470006465912,1,1,2.931583195938053,False,False
69,0,1,2,-190.0,195.0,-192.9104766845703,194.8058319091797,0.16833648085594177,-192.9104766845703,194.8058319091797,0.16833648085594177,1,1,2.916946310599529,False,False
70,0,1,2,-190.0,195.0,-192.895751953125,194.8036346435547,0.16844162344932556,-192.895751953125,194.8036346435547,0.16844162344932556,1,1,2.902402233881298,False,False
71,0,1,2,-190.0,195.0,-192.88108825683594,194.8014678955078,0.16873398423194885,-192.88108825683594,194.8014678955078,0.16873398423194885,1,1,2.8879204525388227,False,False
72,0,1,2,-190.0,195.0,-192.8665008544922,194.7993621826172,0.16913601756095886,-192.8665008544922,194.7993621826172,0.16913601756095886,1,1,2.8735139955407525,False,False
73,0,1,2,-190.0,195.0,-192.8519744873047,194.7972869873047,0.1695779711008072,-192.8519744873047,194.7972869873047,0.1695779711008072,1,1,2.859169642003224,False,False
74,0,1,2,-190.0,195.0,-192.8375244140625,194.79525756835938,0.1700558364391327,-192.8375244140625,194.79525756835938,0.1700558364391327,1,1,2.8449014506156183,False,False
75,0,1,2,-190.0,195.0,-192.82315063476562,194.79327392578125,0.17056605219841003,-192.82315063476562,194.79327392578125,0.17056605219841003,1,1,2.830709306223344,False,False
76,0,1,2,-190.0,195.0,-192.80885314941406,194.79132080078125,0.17104658484458923,-192.80885314941406,194.79132080078125,0.17104658484458923,1,1,2.8165942240869337,False,False
77,0,1,2,-190.0,195.0,-192.79461669921875,194.78941345214844,0.17150039970874786,-192.79461669921875,194.78941345214844,0.17150039970874786,1,1,2.8025397748628547,False,False
78,0,1,2,-190.0,195.0,-192.7804412841797,194.7875518798828,0.17193017899990082,-192.7804412841797,194.7875518798828,0.17193017899990082,1,1,2.788545846586015,False,False
79,0,1,2,-190.0,195.0,-192.76634216308594,194.78573608398438,0.17227955162525177,-192.76634216308594,194.78573608398438,0.17227955162525177,1,1,2.7746275405851026,False,False
80,0,1,2,-190.0,195.0,-192.7523193359375,194.78395080566406,0.1725565642118454,-192.7523193359375,194.78395080566406,0.1725565642118454,1,1,2.760785935444588,False,False
81,0,1,2,-190.0,195.0,-192.7383575439453,194.7822265625,0.1727684587240219,-192.7383575439453,194.7822265625,0.1727684587240219,1,1,2.7470033324629894,False,False
82,0,1,2,-190.0,195.0,-192.72445678710938,194.780517578125,0.1729217916727066,-192.72445678710938,194.780517578125,0.1729217916727066,1,1,2.7332832488306904,False,False
83,0,1,2,-190.0,195.0,-192.71063232421875,194.77886962890625,0.17302240431308746,-192.71063232421875,194.77886962890625,0.17302240431308746,1,1,2.719637151922955,False,False
84,0,1,2,-190.0,195.0,-192.69686889648438,194.7772674560547,0.17301681637763977,-192.69686889648438,194.7772674560547,0.17301681637763977,1,1,2.706050929113715,False,False
85,0,1,2,-190.0,195.0,-192.6831817626953,194.77569580078125,0.17291563749313354,-192.6831817626953,194.77569580078125,0.17291563749313354,1,1,2.692540945918537,False,False
86,0,1,2,-190.0,195.0,-192.6695556640625,194.774169921875,0.17272847890853882,-192.6695556640625,194.774169921875,0.17272847890853882,1,1,2.6790906419369462,False,False
87,0,1,2,-190.0,195.0,-192.65599060058594,194.77267456054688,0.17246393859386444,-192.65599060058594,194.77267456054688,0.17246393859386444,1,1,2.6657012071542088,False,False
88,0,1,2,-190.0,195.0,-192.6425018310547,194.77122497558594,0.17218856513500214,-192.6425018310547,194.77122497558594,0.17218856513500214,1,1,2.6523864610804795,False,False
89,0,1,2,-190.0,195.0,-192.6290740966797,194.7698211669922,0.17190349102020264,-192.6290740966797,194.7698211669922,0.17190349102020264,1,1,2.6391310882555556,False,False
90,0,1,2,-190.0,195.0,-192.61572265625,194.76846313476562,0.17160968482494354,-192.61572265625,194.76846313476562,0.17160968482494354,1,1,2.6259501774371343,False,False
91,0,1,2,-190.0,195.0,-192.6024169921875,194.7671356201172,0.17142564058303833,-192.6024169921875,194.7671356201172,0.17142564058303833,1,1,2.6128145783129044,False,False
92,0,1,2,-190.0,195.0,-192.5891876220703,194.76585388183594,0.17139920592308044,-192.5891876220703,194.76585388183594,0.17139920592308044,1,1,2.5997532473166407,False,False
93,0,1,2,-190.0,195.0,-192.57601928710938,194.76461791992188,0.17157341539859772,-192.57601928710938,194.76461791992188,0.17157341539859772,1,1,2.5867508753610964,False,False
94,0,1,2,-190.0,195.0,-192.5629119873047,194.76341247558594,0.1718694120645523,-192.5629119873047,194.76341247558594,0.1718694120645523,1,1,2.5738087557894502,False,False
95,0,1,2,-190.0,195.0,-192.5498809814453,194.7622528076172,0.17215746641159058,-192.5498809814453,194.7622528076172,0.17215746641159058,1,1,2.560940598105005,False,False
96,0,1,2,-190.0,195.0,-192.5369110107422,194.76112365722656,0.172438383102417,-192.5369110107422,194.76112365722656,0.172438383102417,1,1,2.548132528649513,False,False
97,0,1,2,-190.0,195.0,-192.5240020751953,194.76004028320312,0.17265409231185913,-192.5240020751953,194.76004028320312,0.17265409231185913,1,1,2.5353830364020897,False,False
98,0,1,2,-190.0,195.0,-192.5111541748047,194.7589874267578,0.17281116545200348,-192.5111541748047,194.7589874267578,0.17281116545200348,1,1,2.522693471292109,False,False
99,0,1,2,-190.0,195.0,-192.4983673095703,194.7579803466797,0.1728566735982895,-192.4983673095703,194.7579803466797,0.1728566735982895,1,2,2.5100622952673675,False,False
100,0,1,2,-190.0,195.0,-192.4856414794922,194.75701904296875,0.17286059260368347,-192.4856414794922,194.75701904296875,0.17286059260368347,1,2,2.4974894013893096,True,False
101,0,1,3,-185.0,195.0,-192.47048950195312,194.75601196289062,0.17283226549625397,-192.47048950195312,194.75601196289062,0.17283226549625397,1,2,7.474472794856125,False,False
102,0,1,3,-185.0,195.0,-192.45315551757812,194.75498962402344,0.172775000333786,-192.45315551757812,194.75498962402344,0.172775000333786,1,2,7.457181589148908,False,False
103,0,1,3,-185.0,195.0,-192.43386840820312,194.75396728515625,0.17269179224967957,-192.43386840820312,194.75396728515625,0.17269179224967957,1,2,7.437938666542892,False,False
104,0,1,3,-185.0,195.0,-192.412841796875,194.75296020507812,0.17258533835411072,-192.412841796875,194.75296020507812,0.17258533835411072,1,2,7.416957069160642,False,False
105,0,1,3,-185.0,195.0,-192.39024353027344,194.751953125,0.17245805263519287,-192.39024353027344,194.751953125,0.17245805263519287,1,2,7.394405093646524,False,False
106,0,1,3,-185.0,195.0,-192.36624145507812,194.7509765625,0.17231208086013794,-192.36624145507812,194.7509765625,0.17231208086013794,1,2,7.370449501009814,False,False
107,0,1,3,-185.0,195.0,-192.34100341796875,194.75003051757812,0.1721493899822235,-192.34100341796875,194.75003051757812,0.1721493899822235,1,2,7.345258057057705,False,False
108,0,1,3,-185.0,195.0,-192.3146514892578,194.74913024902344,0.17197172343730927,-192.3146514892578,194.74913024902344,0.17197172343730927,1,2,7.3189522502375,False,False
109,0,1,3,-185.0,195.0,-192.28732299804688,194.74827575683594,0.17183943092823029,-192.28732299804688,194.74827575683594,0.17183943092823029,1,2,7.291669326872922,False,False
110,0,1,3,-185.0,195.0,-192.2591094970703,194.74745178222656,0.17174804210662842,-192.2591094970703,194.74745178222656,0.17174804210662842,1,2,7.263501310852566,False,False
111,0,1,3,-185.0,195.0,-192.2301483154297,194.74668884277344,0.17169351875782013,-192.2301483154297,194.74668884277344,0.17169351875782013,1,2,7.234584383742179,False,False
112,0,1,3,-185.0,195.0,-192.2004852294922,194.74598693847656,0.17173101007938385,-192.2004852294922,194.74598693847656,0.17173101007938385,1,2,7.2049642730245145,False,False
113,0,1,3,-185.0,195.0,-192.1702423095703,194.74533081054688,0.17185135185718536,-192.1702423095703,194.74533081054688,0.17185135185718536,1,2,7.174763492548651,False,False
114,0,1,3,-185.0,195.0,-192.1394805908203,194.74473571777344,0.17198750376701355,-192.1394805908203,194.74473571777344,0.17198750376701355,1,2,7.144042480310472,False,False
115,0,1,3,-185.0,195.0,-192.10824584960938,194.7442169189453,0.17213791608810425,-192.10824584960938,194.7442169189453,0.17213791608810425,1,2,7.11284640935278,False,False
116,0,1,3,-185.0,195.0,-192.07662963867188,194.74374389648438,0.17218360304832458,-192.07662963867188,194.74374389648438,0.17218360304832458,1,2,7.081267840826122,False,False
117,0,1,3,-185.0,195.0,-192.044677734375,194.7433319091797,0.17213505506515503,-192.044677734375,194.7433319091797,0.17213505506515503,1,2,7.049351948232137,False,False
118,0,1,3,-185.0,195.0,-192.012451171875,194.7429962158203,0.17200173437595367,-192.012451171875,194.7429962158203,0.17200173437595367,1,2,7.017159139068583,False,False
119,0,1,3,-185.0,195.0,-191.97996520996094,194.7427215576172,0.17185094952583313,-191.97996520996094,194.7427215576172,0.17185094952583313,1,2,6.9847051855593705,False,False
120,0,1,3,-185.0,195.0,-191.94728088378906,194.7425079345703,0.17168445885181427,-191.94728088378906,194.7425079345703,0.17168445885181427,1,2,6.952051052892246,False,False
121,0,1,3,-185.0,195.0,-191.9144287109375,194.7423553466797,0.17150385677814484,-191.9144287109375,194.7423553466797,0.17150385677814484,1,2,6.919227208729408,False,False
122,0,1,3,-185.0,195.0,-191.88143920898438,194.74227905273438,0.17131052911281586,-191.88143920898438,194.74227905273438,0.17131052911281586,1,2,6.886263549531559,False,False
123,0,1,3,-185.0,195.0,-191.84835815429688,194.74224853515625,0.17116457223892212,-191.84835815429688,194.74224853515625,0.17116457223892212,1,2,6.853206930127938,False,False
124,0,1,3,-185.0,195.0,-191.81520080566406,194.74229431152344,0.17106123268604279,-191.81520080566406,194.74229431152344,0.17106123268604279,1,2,6.820071425094994,False,False
125,0,1,3,-185.0,195.0,-191.78199768066406,194.7423858642578,0.17099623382091522,-191.78199768066406,194.7423858642578,0.17099623382091522,1,2,6.786888652649822,False,False
126,0,1,3,-185.0,195.0,-191.74874877929688,194.7425537109375,0.1709657460451126,-191.74874877929688,194.7425537109375,0.1709657460451126,1,2,6.753657429705264,False,False
127,0,1,3,-185.0,195.0,-191.7154998779297,194.74276733398438,0.1709662824869156,-191.7154998779297,194.74276733398438,0.1709662824869156,1,2,6.720424633528684,False,False
128,0,1,3,-185.0,195.0,-191.68226623535156,194.7430419921875,0.17099472880363464,-191.68226623535156,194.7430419921875,0.17099472880363464,1,2,6.687204906229397,False,False
129,0,1,3,-185.0,195.0,-191.6490478515625,194.74337768554688,0.17104826867580414,-191.6490478515625,194.74337768554688,0.17104826867580414,1,2,6.653998222470696,False,False
130,0,1,3,-185.0,195.0,-191.61585998535156,194.74375915527344,0.17112436890602112,-191.61585998535156,194.74375915527344,0.17112436890602112,1,2,6.620820396014542,False,False
131,0,1,3,-185.0,195.0,-191.58273315429688,194.74420166015625,0.17122074961662292,-191.58273315429688,194.74420166015625,0.17122074961662292,1,2,6.587701311637171,False,False
132,0,1,3,-185.0,195.0,-191.54966735839844,194.7447052001953,0.1712765395641327,-191.54966735839844,194.7447052001953,0.1712765395641327,1,2,6.554640946724487,False,False
133,0,1,3,-185.0,195.0,-191.5166778564453,194.74525451660156,0.17129579186439514,-191.5166778564453,194.74525451660156,0.17129579186439514,1,2,6.521655123202742,False,False
134,0,1,3,-185.0,195.0,-191.4837646484375,194.745849609375,0.1712821125984192,-191.4837646484375,194.745849609375,0.1712821125984192,1,2,6.48874382584046,False,False
135,0,1,3,-185.0,195.0,-191.45095825195312,194.74649047851562,0.1712387651205063,-191.45095825195312,194.74649047851562,0.1712387651205063,1,2,6.4559375342335334,False,False
136,0,1,3,-185.0,195.0,-191.41822814941406,194.74717712402344,0.17116868495941162,-191.41822814941406,194.74717712402344,0.17116868495941162,1,2,6.423205740481004,False,False
137,0,1,3,-185.0,195.0,-191.3856201171875,194.74790954589844,0.1710745096206665,-191.3856201171875,194.74790954589844,0.1710745096206665,1,2,6.390594172538171,False,False
138,0,1,3,-185.0,195.0,-191.35311889648438,194.74868774414062,0.17095857858657837,-191.35311889648438,194.74868774414062,0.17095857858657837,1,2,6.3580875711814455,False,False
139,0,1,3,-185.0,195.0,-191.3207244873047,194.74951171875,0.17082306742668152,-191.3207244873047,194.74951171875,0.17082306742668152,1,2,6.3256859251354465,False,False
140,0,1,3,-185.0,195.0,-191.2884521484375,194.7503662109375,0.17066985368728638,-191.2884521484375,194.7503662109375,0.17066985368728638,1,2,6.2934050760959215,False,False
141,0,1,3,-185.0,195.0,-191.25631713867188,194.7512664794922,0.17050066590309143,-191.25631713867188,194.7512664794922,0.17050066590309143,1,2,6.261259657917378,False,False
142,0,1,3,-185.0,195.0,-191.22430419921875,194.75221252441406,0.17031705379486084,-191.22430419921875,194.75221252441406,0.17031705379486084,1,2,6.229234415036042,False,False
143,0,1,3,-185.0,195.0,-191.19241333007812,194.753173828125,0.17012041807174683,-191.19241333007812,194.753173828125,0.17012041807174683,1,2,6.197330555138375,False,False
144,0,1,3,-185.0,195.0,-191.16067504882812,194.75418090820312,0.16991199553012848,-191.16067504882812,194.75418090820312,0.16991199553012848,1,2,6.165577351971611,False,False
145,0,1,3,-185.0,195.0,-191.12905883789062,194.75523376464844,0.16975171864032745,-191.12905883789062,194.75523376464844,0.16975171864032745,1,2,6.133944305933447,False,False
146,0,1,3,-185.0,195.0,-191.09759521484375,194.7563018798828,0.16963469982147217,-191.09759521484375,194.7563018798828,0.16963469982147217,1,2,6.1024631238405735,False,False
147,0,1,3,-185.0,195.0,-191.06626892089844,194.75741577148438,0.16961534321308136,-191.06626892089844,194.75741577148438,0.16961534321308136,1,2,6.07111733773799,False,False
148,0,1,3,-185.0,195.0,-191.0350799560547,194.758544921875,0.16968382894992828,-191.0350799560547,194.758544921875,0.16968382894992828,1,2,6.039908164096984,False,False
149,0,1,3,-185.0,195.0,-191.0040283203125,194.75970458984375,0.1698312908411026,-191.0040283203125,194.75970458984375,0.1698312908411026,1,2,6.008834991515136,False,False
150,0,1,3,-185.0,195.0,-190.97314453125,194.76089477539062,0.1700497567653656,-190.97314453125,194.76089477539062,0.1700497567653656,1,2,5.977928311684348,False,False
151,0,1,3,-185.0,195.0,-190.9423828125,194.76211547851562,0.17033207416534424,-190.9423828125,194.76211547851562,0.17033207416534424,1,2,5.947142384024218,False,False
152,0,1,3,-185.0,195.0,-190.9117889404297,194.7633514404297,0.1704953908920288,-190.9117889404297,194.7633514404297,0.1704953908920288,1,2,5.916523558385741,False,False
153,0,1,3,-185.0,195.0,-190.88133239746094,194.7646026611328,0.17055155336856842,-190.88133239746094,194.7646026611328,0.17055155336856842,1,2,5.8860413417312465,False,False
154,0,1,3,-185.0,195.0,-190.8510284423828,194.76589965820312,0.17051120102405548,-190.8510284423828,194.76589965820312,0.17051120102405548,1,2,5.855709760874599,False,False
155,0,1,3,-185.0,195.0,-190.8208770751953,194.76719665527344,0.1703251600265503,-190.8208770751953,194.76719665527344,0.1703251600265503,1,2,5.825530647232938,False,False
156,0,1,3,-185.0,195.0,-190.79086303710938,194.76852416992188,0.17000792920589447,-190.79086303710938,194.76852416992188,0.17000792920589447,1,2,5.7954875355288245,False,False
157,0,1,3,-185.0,195.0,-190.76100158691406,194.76986694335938,0.16963136196136475,-190.76100158691406,194.76986694335938,0.16963136196136475,1,2,5.76559628383614,False,False
158,0,1,3,-185.0,195.0,-190.73129272460938,194.77122497558594,0.1692601442337036,-190.73129272460938,194.77122497558594,0.1692601442337036,1,2,5.73585689387,False,False
159,0,1,3,-185.0,195.0,-190.7017364501953,194.77259826660156,0.16889367997646332,-190.7017364501953,194.77259826660156,0.16889367997646332,1,2,5.706269367620009,False,False
160,0,1,3,-185.0,195.0,-190.6723175048828,194.7740020751953,0.16859018802642822,-190.6723175048828,194.7740020751953,0.16859018802642822,1,2,5.67681785318289,False,False
161,0,1,3,-185.0,195.0,-190.64306640625,194.77540588378906,0.16834333539009094,-190.64306640625,194.77540588378906,0.16834333539009094,1,2,5.647534062082659,False,False
162,0,1,3,-185.0,195.0,-190.61395263671875,194.77682495117188,0.16814737021923065,-190.61395263671875,194.77682495117188,0.16814737021923065,1,2,5.618386895697095,False,False
163,0,1,3,-185.0,195.0,-190.58499145507812,194.77825927734375,0.168055921792984,-190.58499145507812,194.77825927734375,0.168055921792984,1,2,5.589391603867078,False,False
164,0,1,3,-185.0,195.0,-190.55616760253906,194.7797088623047,0.16805845499038696,-190.55616760253906,194.7797088623047,0.16805845499038696,1,2,5.560532943239503,False,False
165,0,1,3,-185.0,195.0,-190.52749633789062,194.78115844726562,0.1680867224931717,-190.52749633789062,194.78115844726562,0.1680867224931717,1,2,5.531826767949035,False,False
166,0,1,3,-185.0,195.0,-190.4989776611328,194.78262329101562,0.1681380718946457,-190.4989776611328,194.78262329101562,0.1681380718946457,1,2,5.503272476558522,False,False
167,0,1,3,-185.0,195.0,-190.47061157226562,194.7841033935547,0.16815130412578583,-190.47061157226562,194.7841033935547,0.16815130412578583,1,2,5.474870073278559,False,False
168,0,1,3,-185.0,195.0,-190.4423828125,194.78558349609375,0.16813020408153534,-190.4423828125,194.78558349609375,0.16813020408153534,1,2,5.446604916362374,False,False
169,0,1,3,-185.0,195.0,-190.41429138183594,194.78707885742188,0.16807810962200165,-190.41429138183594,194.78707885742188,0.16807810962200165,1,2,5.418476407661076,False,False
170,0,1,3,-185.0,195.0,-190.38636779785156,194.78857421875,0.1679980754852295,-190.38636779785156,194.78857421875,0.1679980754852295,1,2,5.390515644602979,False,False
171,0,1,3,-185.0,195.0,-190.3585662841797,194.79006958007812,0.16795161366462708,-190.3585662841797,194.79006958007812,0.16795161366462708,1,2,5.3626768878197275,False,False
172,0,1,3,-185.0,195.0,-190.3309326171875,194.7915802001953,0.16799409687519073,-190.3309326171875,194.7915802001953,0.16799409687519073,1,2,5.335005284153352,False,False
173,0,1,3,-185.0,195.0,-190.3034210205078,194.7930908203125,0.16811656951904297,-190.3034210205078,194.7930908203125,0.16811656951904297,1,2,5.30745569264625,False,False
174,0,1,3,-185.0,195.0,-190.27606201171875,194.79461669921875,0.1683109551668167,-190.27606201171875,194.79461669921875,0.1683109551668167,1,2,5.280058015944665,False,False
175,0,1,3,-185.0,195.0,-190.24884033203125,194.79612731933594,0.16856998205184937,-190.24884033203125,194.79612731933594,0.16856998205184937,1,2,5.2527981972544,False,False
176,0,1,3,-185.0,195.0,-190.22177124023438,194.7976531982422,0.1688283383846283,-190.22177124023438,194.7976531982422,0.1688283383846283,1,2,5.225690300191972,False,False
177,0,1,3,-185.0,195.0,-190.19483947753906,194.79917907714844,0.1690271943807602,-190.19483947753906,194.79917907714844,0.1690271943807602,1,2,5.1987196731938985,False,False
178,0,1,3,-185.0,195.0,-190.1680450439453,194.8007049560547,0.1691724807024002,-190.1680450439453,194.8007049560547,0.1691724807024002,1,2,5.171886318432461,False,False
179,0,1,3,-185.0,195.0,-190.14138793945312,194.80223083496094,0.16921067237854004,-190.14138793945312,194.80223083496094,0.16921067237854004,1,2,5.145190238134475,False,False
180,0,1,3,-185.0,195.0,-190.1148681640625,194.80377197265625,0.1691524237394333,-190.1148681640625,194.80377197265625,0.1691524237394333,1,2,5.118630849597899,False,False
181,0,1,3,-185.0,195.0,-190.0885009765625,194.8052978515625,0.1690661460161209,-190.0885009765625,194.8052978515625,0.1690661460161209,1,2,5.092224574297926,False,False
182,0,1,3,-185.0,195.0,-190.062255859375,194.80682373046875,0.16895455121994019,-190.062255859375,194.80682373046875,0.16895455121994019,1,2,5.065940332937857,False,False
183,0,1,3,-185.0,195.0,-190.03616333007812,194.808349609375,0.16893772780895233,-190.03616333007812,194.808349609375,0.16893772780895233,1,2,5.039808623296157,False,False
184,0,1,3,-185.0,195.0,-190.01019287109375,194.80987548828125,0.1690061241388321,-190.01019287109375,194.80987548828125,0.1690061241388321,1,2,5.013798952442642,False,False
185,0,1,3,-185.0,195.0,-189.98435974121094,194.8114013671875,0.1691511571407318,-189.98435974121094,194.8114013671875,0.1691511571407318,1,2,4.987926570640662,False,False
186,0,1,3,-185.0,195.0,-189.95867919921875,194.8129119873047,0.16936509311199188,-189.95867919921875,194.8129119873047,0.16936509311199188,1,2,4.962207303736815,False,False
187,0,1,3,-185.0,195.0,-189.93312072753906,194.81443786621094,0.16958217322826385,-189.93312072753906,194.81443786621094,0.16958217322826385,1,2,4.936609506328395,False,False
188,0,1,3,-185.0,195.0,-189.90768432617188,194.81594848632812,0.16980203986167908,-189.90768432617188,194.81594848632812,0.16980203986167908,1,2,4.911134329769244,False,False
189,0,1,3,-185.0,195.0,-189.8824005126953,194.8174591064453,0.1700243502855301,-189.8824005126953,194.8174591064453,0.1700243502855301,1,2,4.885811697577711,False,False
190,0,1,3,-185.0,195.0,-189.85723876953125,194.81895446777344,0.1701899915933609,-189.85723876953125,194.81895446777344,0.1701899915933609,1,2,4.860611684652113,False,False
191,0,1,3,-185.0,195.0,-189.83221435546875,194.82046508789062,0.17030461132526398,-189.83221435546875,194.82046508789062,0.17030461132526398,1,2,4.835548403424826,False,False
192,0,1,3,-185.0,195.0,-189.80731201171875,194.82196044921875,0.17037323117256165,-189.80731201171875,194.82196044921875,0.17037323117256165,1,2,4.810607743275039,False,False
193,0,1,3,-185.0,195.0,-189.7825469970703,194.8234405517578,0.17040041089057922,-189.7825469970703,194.8234405517578,0.17040041089057922,1,2,4.785804949843845,False,False
194,0,1,3,-185.0,195.0,-189.75790405273438,194.82493591308594,0.17039024829864502,-189.75790405273438,194.82493591308594,0.17039024829864502,1,2,4.761123649891194,False,False
195,0,1,3,-185.0,195.0,-189.7333984375,194.826416015625,0.1703464239835739,-189.7333984375,194.826416015625,0.1703464239835739,1,2,4.736580218655538,False,False
196,0,1,3,-185.0,195.0,-189.70901489257812,194.827880859375,0.17033104598522186,-189.70901489257812,194.827880859375,0.17033104598522186,1,2,4.712159404889871,False,False
197,0,1,3,-185.0,195.0,-189.6847686767578,194.829345703125,0.17034122347831726,-189.6847686767578,194.829345703125,0.17034122347831726,1,2,4.687875898930457,False,False
198,0,1,3,-185.0,195.0,-189.66064453125,194.830810546875,0.17037434875965118,-189.66064453125,194.830810546875,0.17037434875965118,1,2,4.663714454993923,False,False
199,0,1,3,-185.0,195.0,-189.6366424560547,194.83226013183594,0.170428067445755,-189.6366424560547,194.83226013183594,0.170428067445755,1,2,4.63967562752619,False,False
200,0,1,3,-185.0,195.0,-189.61277770996094,194.8336944580078,0.1705002635717392,-189.61277770996094,194.8336944580078,0.1705002635717392,1,2,4.615774662481888,False,False
201,0,1,3,-185.0,195.0,-189.58901977539062,194.83514404296875,0.17058905959129333,-189.58901977539062,194.83514404296875,0.17058905959129333,1,2,4.591979963533695,False,False
202,0,1,3,-185.0,195.0,-189.56539916992188,194.83656311035156,0.1705751270055771,-189.56539916992188,194.83656311035156,0.1705751270055771,1,2,4.568323674787208,False,False
203,0,1,3,-185.0,195.0,-189.54190063476562,194.83798217773438,0.17046871781349182,-189.54190063476562,194.83798217773438,0.17046871781349182,1,2,4.544789450658422,False,False
204,0,1,3,-185.0,195.0,-189.51852416992188,194.8394012451172,0.170396625995636,-189.51852416992188,194.8394012451172,0.170396625995636,1,2,4.521377293949055,False,False
205,0,1,3,-185.0,195.0,-189.49526977539062,194.84080505371094,0.17035536468029022,-189.49526977539062,194.84080505371094,0.17035536468029022,1,2,4.498087747528327,False,False
206,0,1,3,-185.0,195.0,-189.47213745117188,194.84219360351562,0.17034181952476501,-189.47213745117188,194.84219360351562,0.17034181952476501,1,2,4.474920808343479,False,False
207,0,1,3,-185.0,195.0,-189.44912719726562,194.8435821533203,0.17035315930843353,-189.44912719726562,194.8435821533203,0.17035315930843353,1,2,4.451875937198675,False,False
208,0,1,3,-185.0,195.0,-189.4262237548828,194.84495544433594,0.17038685083389282,-189.4262237548828,194.84495544433594,0.17038685083389282,1,2,4.428938421623174,False,False
209,0,1,3,-185.0,195.0,-189.40345764160156,194.84632873535156,0.17044061422348022,-189.40345764160156,194.84632873535156,0.17044061422348022,1,2,4.406138225130692,False,False
210,0,1,3,-185.0,195.0,-189.38079833984375,194.84768676757812,0.17045359313488007,-189.38079833984375,194.84768676757812,0.17045359313488007,1,2,4.383445381791423,False,False
211,0,1,3,-185.0,195.0,-189.3582763671875,194.84902954101562,0.17037104070186615,-189.3582763671875,194.84902954101562,0.17037104070186615,1,2,4.3608903875551634,False,False
212,0,1,3,-185.0,195.0,-189.33584594726562,194.85037231445312,0.17026126384735107,-189.33584594726562,194.85037231445312,0.17026126384735107,1,2,4.338426964085238,False,False
213,0,1,3,-185.0,195.0,-189.3135528564453,194.85169982910156,0.17018574476242065,-189.3135528564453,194.85169982910156,0.17018574476242065,1,2,4.316101387367542,False,False
214,0,1,3,-185.0,195.0,-189.29136657714844,194.85302734375,0.17014101147651672,-189.29136657714844,194.85302734375,0.17014101147651672,1,2,4.293882632437906,False,False
215,0,1,3,-185.0,195.0,-189.26930236816406,194.8543243408203,0.17012393474578857,-189.26930236816406,194.8543243408203,0.17012393474578857,1,2,4.271786992405954,False,False
216,0,1,3,-185.0,195.0,-189.24734497070312,194.85562133789062,0.17007292807102203,-189.24734497070312,194.85562133789062,0.17007292807102203,1,2,4.249798171469984,False,False
217,0,1,3,-185.0,195.0,-189.2255096435547,194.85691833496094,0.16999134421348572,-189.2255096435547,194.85691833496094,0.16999134421348572,1,2,4.2279314221784645,False,False
218,0,1,3,-185.0,195.0,-189.20379638671875,194.85818481445312,0.16988219320774078,-189.20379638671875,194.85818481445312,0.16988219320774078,1,2,4.206187776103358,False,False
219,0,1,3,-185.0,195.0,-189.18218994140625,194.8594512939453,0.1697481870651245,-189.18218994140625,194.8594512939453,0.1697481870651245,1,2,4.184550948999577,False,False
220,0,1,3,-185.0,195.0,-189.1606903076172,194.8607177734375,0.16970939934253693,-189.1606903076172,194.8607177734375,0.16970939934253693,1,2,4.163020943321786,False,False
221,0,1,3,-185.0,195.0,-189.13929748535156,194.86195373535156,0.16969743371009827,-189.13929748535156,194.86195373535156,0.16969743371009827,1,2,4.141598778662795,False,False
222,0,1,3,-185.0,195.0,-189.11802673339844,194.86318969726562,0.16970959305763245,-189.11802673339844,194.86318969726562,0.16970959305763245,1,2,4.120298682852795,False,False
223,0,1,3,-185.0,195.0,-189.0968780517578,194.86441040039062,0.16968460381031036,-189.0968780517578,194.86441040039062,0.16968460381031036,1,2,4.099121163188168,False,False
224,0,1,3,-185.0,195.0,-189.07582092285156,194.86563110351562,0.1696261763572693,-189.07582092285156,194.86563110351562,0.1696261763572693,1,2,4.0780352126357355,False,False
225,0,1,3,-185.0,195.0,-189.0548858642578,194.86683654785156,0.16953760385513306,-189.0548858642578,194.86683654785156,0.16953760385513306,1,2,4.05707183534454,False,False
226,0,1,3,-185.0,195.0,-189.0340576171875,194.86802673339844,0.16942186653614044,-189.0340576171875,194.86802673339844,0.16942186653614044,1,2,4.036215777418989,False,False
227,0,1,3,-185.0,195.0,-189.01333618164062,194.86920166015625,0.16928164660930634,-189.01333618164062,194.86920166015625,0.16928164660930634,1,2,4.015467035423356,False,False
228,0,1,3,-185.0,195.0,-188.9927215576172,194.87037658691406,0.16911937296390533,-188.9927215576172,194.87037658691406,0.16911937296390533,1,2,3.9948251108003547,False,False
229,0,1,3,-185.0,195.0,-188.9722137451172,194.87152099609375,0.16899599134922028,-188.9722137451172,194.87152099609375,0.16899599134922028,1,2,3.9742909922831084,False,False
230,0,1,3,-185.0,195.0,-188.95181274414062,194.87266540527344,0.16890759766101837,-188.95181274414062,194.87266540527344,0.16890759766101837,1,2,3.9538636880608866,False,False
231,0,1,3,-185.0,195.0,-188.9315185546875,194.87380981445312,0.16885064542293549,-188.9315185546875,194.87380981445312,0.16885064542293549,1,2,3.933543200319585,False,False
232,0,1,3,-185.0,195.0,-188.9113311767578,194.8749237060547,0.16882194578647614,-188.9113311767578,194.8749237060547,0.16882194578647614,1,2,3.9133305065614823,False,False
233,0,1,3,-185.0,195.0,-188.89125061035156,194.87603759765625,0.1688186675310135,-188.89125061035156,194.87603759765625,0.1688186675310135,1,2,3.8932246261622563,False,False
234,0,1,3,-185.0,195.0,-188.87127685546875,194.87713623046875,0.16883820295333862,-188.87127685546875,194.87713623046875,0.16883820295333862,1,2,3.87322604524335,False,False
235,0,1,3,-185.0,195.0,-188.85140991210938,194.87823486328125,0.16887825727462769,-188.85140991210938,194.87823486328125,0.16887825727462769,1,2,3.853334278208222,False,False
236,0,1,3,-185.0,195.0,-188.83163452148438,194.87930297851562,0.16893674433231354,-188.83163452148438,194.87930297851562,0.16893674433231354,1,2,3.8335350366503755,False,False
237,0,1,3,-185.0,195.0,-188.8119659423828,194.88037109375,0.16901177167892456,-188.8119659423828,194.88037109375,0.16901177167892456,1,2,3.8138426057058328,False,False
238,0,1,3,-185.0,195.0,-188.79241943359375,194.88143920898438,0.16910167038440704,-188.79241943359375,194.88143920898438,0.16910167038440704,1,2,3.7942722387126877,False,False
239,0,1,3,-185.0,195.0,-188.77294921875,194.88247680664062,0.16920490562915802,-188.77294921875,194.88247680664062,0.16920490562915802,1,2,3.7747791337035363,False,False
240,0,1,3,-185.0,195.0,-188.75360107421875,194.88351440429688,0.16926133632659912,-188.75360107421875,194.88351440429688,0.16926133632659912,1,2,3.7554080894601145,False,False
241,0,1,3,-185.0,195.0,-188.73434448242188,194.88453674316406,0.16927559673786163,-188.73434448242188,194.88453674316406,0.16927559673786163,1,2,3.7361290766077477,False,False
242,0,1,3,-185.0,195.0,-188.71517944335938,194.8855438232422,0.16925187408924103,-188.71517944335938,194.8855438232422,0.16925187408924103,1,2,3.716942091660575,False,False
243,0,1,3,-185.0,195.0,-188.6961212158203,194.88653564453125,0.16919395327568054,-188.6961212158203,194.88653564453125,0.16919395327568054,1,2,3.697862382782648,False,False
244,0,1,3,-185.0,195.0,-188.6771697998047,194.8875274658203,0.16910521686077118,-188.6771697998047,194.8875274658203,0.16910521686077118,1,2,3.6788894802019327,False,False
245,0,1,3,-185.0,195.0,-188.65830993652344,194.8885040283203,0.16898871958255768,-188.65830993652344,194.8885040283203,0.16898871958255768,1,2,3.6600085988105158,False,False
246,0,1,3,-185.0,195.0,-188.63955688476562,194.8894805908203,0.16890600323677063,-188.63955688476562,194.8894805908203,0.16890600323677063,1,2,3.641234523791387,False,False
247,0,1,3,-185.0,195.0,-188.6208953857422,194.8904266357422,0.16885367035865784,-188.6208953857422,194.8904266357422,0.16885367035865784,1,2,3.6225529280665922,False,False
248,0,1,3,-185.0,195.0,-188.60232543945312,194.89137268066406,0.16882863640785217,-188.60232543945312,194.89137268066406,0.16882863640785217,1,2,3.60396288358208,False,False
249,0,1,3,-185.0,195.0,-188.5838623046875,194.89230346679688,0.16882815957069397,-188.5838623046875,194.89230346679688,0.16882815957069397,1,2,3.585480102053834,False,False
250,0,1,3,-185.0,195.0,-188.56549072265625,194.8932342529297,0.16884973645210266,-188.56549072265625,194.8932342529297,0.16884973645210266,1,2,3.567088871628414,False,False
251,0,1,3,-185.0,195.0,-188.54722595214844,194.89413452148438,0.16889114677906036,-188.54722595214844,194.89413452148438,0.16889114677906036,1,2,3.5488053560510657,False,False
252,0,1,3,-185.0,195.0,-188.52903747558594,194.89503479003906,0.16895036399364471,-188.52903747558594,194.89503479003906,0.16895036399364471,1,2,3.5305981362075336,False,False
253,0,1,3,-185.0,195.0,-188.51095581054688,194.89593505859375,0.16902559995651245,-188.51095581054688,194.89593505859375,0.16902559995651245,1,2,3.5124977175284755,False,False
254,0,1,3,-185.0,195.0,-188.4929656982422,194.8968048095703,0.16911520063877106,-188.4929656982422,194.8968048095703,0.16911520063877106,1,2,3.4944897505107027,False,False
255,0,1,3,-185.0,195.0,-188.47508239746094,194.89767456054688,0.16921772062778473,-188.47508239746094,194.89767456054688,0.16921772062778473,1,2,3.4765885814548336,False,False
256,0,1,3,-185.0,195.0,-188.457275390625,194.89852905273438,0.16933181881904602,-188.457275390625,194.89852905273438,0.16933181881904602,1,2,3.4587641549779353,False,False
257,0,1,3,-185.0,195.0,-188.43955993652344,194.89938354492188,0.1694563329219818,-188.43955993652344,194.89938354492188,0.1694563329219818,1,2,3.441031273901707,False,False
258,0,1,3,-185.0,195.0,-188.4219512939453,194.9002227783203,0.16959019005298615,-188.4219512939453,194.9002227783203,0.16959019005298615,1,2,3.4234056365117054,False,False
259,0,1,3,-185.0,195.0,-188.40443420410156,194.9010467529297,0.1696736216545105,-188.40443420410156,194.9010467529297,0.1696736216545105,1,2,3.4058719874890184,False,False
260,0,1,3,-185.0,195.0,-188.38699340820312,194.90185546875,0.1697116494178772,-188.38699340820312,194.90185546875,0.1697116494178772,1,2,3.388415071419926,False,False
261,0,1,3,-185.0,195.0,-188.36965942382812,194.9026641845703,0.16970880329608917,-188.36965942382812,194.9026641845703,0.16970880329608917,1,2,3.371064949472059,False,False
262,0,1,3,-185.0,195.0,-188.35240173339844,194.90345764160156,0.16966912150382996,-188.35240173339844,194.90345764160156,0.16966912150382996,1,2,3.3537915571868777,False,False
263,0,1,3,-185.0,195.0,-188.3352508544922,194.9042510986328,0.16971388459205627,-188.3352508544922,194.9042510986328,0.16971388459205627,1,2,3.3366249586226933,False,False
264,0,1,3,-185.0,195.0,-188.31817626953125,194.905029296875,0.16983461380004883,-188.31817626953125,194.905029296875,0.16983461380004883,1,2,3.3195350864439406,False,False
265,0,1,3,-185.0,195.0,-188.3011932373047,194.90579223632812,0.16990607976913452,-188.3011932373047,194.90579223632812,0.16990607976913452,1,2,3.3025371902163734,False,False
266,0,1,3,-185.0,195.0,-188.2843017578125,194.90655517578125,0.16993318498134613,-188.2843017578125,194.90655517578125,0.16993318498134613,1,2,3.2856308331191975,False,False
267,0,1,3,-185.0,195.0,-188.2675018310547,194.9073028564453,0.16992035508155823,-188.2675018310547,194.9073028564453,0.16992035508155823,1,2,3.2688164488647775,False,False
268,0,1,3,-185.0,195.0,-188.2507781982422,194.9080352783203,0.16987155377864838,-188.2507781982422,194.9080352783203,0.16987155377864838,1,2,3.252078781979358,False,False
269,0,1,3,-185.0,195.0,-188.23414611816406,194.9087677001953,0.16984915733337402,-188.23414611816406,194.9087677001953,0.16984915733337402,1,2,3.2354326520827668,False,False
270,0,1,3,-185.0,195.0,-188.2176055908203,194.90948486328125,0.16985049843788147,-188.2176055908203,194.90948486328125,0.16985049843788147,1,2,3.2188784891718645,False,False
271,0,1,3,-185.0,195.0,-188.20115661621094,194.91018676757812,0.1698731780052185,-188.20115661621094,194.91018676757812,0.1698731780052185,1,2,3.202416290588893,False,False
272,0,1,3,-185.0,195.0,-188.18478393554688,194.910888671875,0.16997383534908295,-188.18478393554688,194.910888671875,0.16997383534908295,1,2,3.1860303741360725,False,False
273,0,1,3,-185.0,195.0,-188.1685028076172,194.9115753173828,0.17014464735984802,-188.1685028076172,194.9115753173828,0.17014464735984802,1,2,3.16973641906925,False,False
274,0,1,3,-185.0,195.0,-188.1522979736328,194.91226196289062,0.1702609658241272,-188.1522979736328,194.91226196289062,0.1702609658241272,1,2,3.153518745421587,False,False
275,0,1,3,-185.0,195.0,-188.1361846923828,194.91293334960938,0.17032824456691742,-188.1361846923828,194.91293334960938,0.17032824456691742,1,2,3.137393030263585,False,False
276,0,1,3,-185.0,195.0,-188.1201629638672,194.91358947753906,0.17035134136676788,-188.1201629638672,194.91358947753906,0.17035134136676788,1,2,3.1213592711318006,False,False
277,0,1,3,-185.0,195.0,-188.10421752929688,194.91424560546875,0.17033466696739197,-188.10421752929688,194.91424560546875,0.17033466696739197,1,2,3.1054017912945526,False,False
278,0,1,3,-185.0,195.0,-188.08834838867188,194.91490173339844,0.17034098505973816,-188.08834838867188,194.91490173339844,0.17034098505973816,1,2,3.0895205914171795,False,False
279,0,1,3,-185.0,195.0,-188.07257080078125,194.91554260253906,0.17036795616149902,-188.07257080078125,194.91554260253906,0.17036795616149902,1,2,3.0737313444410534,False,False
280,0,1,3,-185.0,195.0,-188.05686950683594,194.91616821289062,0.17041349411010742,-188.05686950683594,194.91616821289062,0.17041349411010742,1,2,3.058018794964043,False,False
281,0,1,3,-185.0,195.0,-188.041259765625,194.91677856445312,0.17047572135925293,-188.041259765625,194.91677856445312,0.17047572135925293,1,2,3.04239819375175,False,False
282,0,1,3,-185.0,195.0,-188.02572631835938,194.9174041748047,0.17055296897888184,-188.02572631835938,194.9174041748047,0.17055296897888184,1,2,3.0268534526719777,False,False
283,0,1,3,-185.0,195.0,-188.01026916503906,194.91799926757812,0.1706436723470688,-188.01026916503906,194.91799926757812,0.1706436723470688,1,2,3.01138582152847,False,False
284,0,1,3,-185.0,195.0,-187.99490356445312,194.91859436035156,0.17074650526046753,-187.99490356445312,194.91859436035156,0.17074650526046753,1,2,2.9960097193668456,False,False
285,0,1,3,-185.0,195.0,-187.9796142578125,194.919189453125,0.1708602011203766,-187.9796142578125,194.919189453125,0.1708602011203766,1,2,2.980709893606852,False,False
286,0,1,3,-185.0,195.0,-187.9644012451172,194.91976928710938,0.17098368704319,-187.9644012451172,194.91976928710938,0.17098368704319,1,2,2.9654867575734123,False,False
287,0,1,3,-185.0,195.0,-187.9492645263672,194.9203338623047,0.1711159199476242,-187.9492645263672,194.9203338623047,0.1711159199476242,1,2,2.950340309181834,False,False
288,0,1,3,-185.0,195.0,-187.93421936035156,194.9208984375,0.17119725048542023,-187.93421936035156,194.9208984375,0.17119725048542023,1,2,2.9352853884847168,False,False
289,0,1,3,-185.0,195.0,-187.9192352294922,194.9214630126953,0.17123273015022278,-187.9192352294922,194.9214630126953,0.17123273015022278,1,2,2.9202914894721044,False,False
290,0,1,3,-185.0,195.0,-187.9043426513672,194.92201232910156,0.17122691869735718,-187.9043426513672,194.92201232910156,0.17122691869735718,1,2,2.905389528679889,False,False
291,0,1,3,-185.0,195.0,-187.8895263671875,194.9225616455078,0.17118394374847412,-187.8895263671875,194.9225616455078,0.17118394374847412,1,2,2.8905638421280804,False,False
292,0,1,3,-185.0,195.0,-187.87478637695312,194.923095703125,0.1711663007736206,-187.87478637695312,194.923095703125,0.1711663007736206,1,2,2.875814838266385,False,False
293,0,1,3,-185.0,195.0,-187.86012268066406,194.92361450195312,0.1711714267730713,-187.86012268066406,194.92361450195312,0.1711714267730713,1,2,2.8611425152831607,False,False
294,0,1,3,-185.0,195.0,-187.8455352783203,194.92413330078125,0.1711970418691635,-187.8455352783203,194.92413330078125,0.1711970418691635,1,2,2.8465464647912926,False,False
295,0,1,3,-185.0,195.0,-187.83103942871094,194.92465209960938,0.17124105989933014,-187.83103942871094,194.92465209960938,0.17124105989933014,1,2,2.832041940545589,False,False
296,0,1,3,-185.0,195.0,-187.8166046142578,194.92515563964844,0.17130161821842194,-187.8166046142578,194.92515563964844,0.17130161821842194,1,2,2.8175988414490156,False,False
297,0,1,3,-185.0,195.0,-187.80224609375,194.9256591796875,0.1713770627975464,-187.80224609375,194.9256591796875,0.1713770627975464,1,2,2.8032320145685174,False,False
298,0,1,3,-185.0,195.0,-187.7879638671875,194.92616271972656,0.1714658886194229,-187.7879638671875,194.92616271972656,0.1714658886194229,1,2,2.788941460249974,False,False
299,0,1,3,-185.0,195.0,-187.77374267578125,194.92665100097656,0.17156670987606049,-187.77374267578125,194.92665100097656,0.17156670987606049,1,2,2.77471232871227,False,False
300,0,1,3,-185.0,195.0,-187.75961303710938,194.9271240234375,0.17161954939365387,-187.75961303710938,194.9271240234375,0.17161954939365387,1,2,2.7605751253215276,False,False
301,0,1,3,-185.0,195.0,-187.7455596923828,194.92759704589844,0.17157036066055298,-187.7455596923828,194.92759704589844,0.17157036066055298,1,2,2.7465141929725827,False,False
302,0,1,3,-185.0,195.0,-187.7315673828125,194.92807006835938,0.17148816585540771,-187.7315673828125,194.92807006835938,0.17148816585540771,1,2,2.7325142784459437,False,False
303,0,1,3,-185.0,195.0,-187.7176513671875,194.92852783203125,0.17143501341342926,-187.7176513671875,194.92852783203125,0.17143501341342926,1,2,2.7185910366162545,False,False
304,0,1,3,-185.0,195.0,-187.7038116455078,194.92898559570312,0.17140799760818481,-187.7038116455078,194.92898559570312,0.17140799760818481,1,2,2.7047440655265897,False,False
305,0,1,3,-185.0,195.0,-187.69004821777344,194.929443359375,0.17140448093414307,-187.69004821777344,194.929443359375,0.17140448093414307,1,2,2.6909733654353274,False,False
306,0,1,3,-185.0,195.0,-187.67636108398438,194.9298858642578,0.1714221090078354,-187.67636108398438,194.9298858642578,0.1714221090078354,1,2,2.6772793361726177,False,False
307,0,1,3,-185.0,195.0,-187.66273498535156,194.93032836914062,0.17145873606204987,-187.66273498535156,194.93032836914062,0.17145873606204987,1,2,2.663646323812865,False,False
308,0,1,3,-185.0,195.0,-187.64918518066406,194.93075561523438,0.1715124547481537,-187.64918518066406,194.93075561523438,0.1715124547481537,1,2,2.6500899807877563,False,False
309,0,1,3,-185.0,195.0,-187.6356964111328,194.93118286132812,0.17158153653144836,-187.6356964111328,194.93118286132812,0.17158153653144836,1,2,2.636594654138814,False,False
310,0,1,3,-185.0,195.0,-187.62228393554688,194.93161010742188,0.17160564661026,-187.62228393554688,194.93161010742188,0.17160564661026,1,2,2.623175597636204,False,False
311,0,1,3,-185.0,195.0,-187.60894775390625,194.93202209472656,0.17158924043178558,-187.60894775390625,194.93202209472656,0.17158924043178558,1,2,2.6098332088886123,False,False
312,0,1,3,-185.0,195.0,-187.59567260742188,194.93243408203125,0.17159517109394073,-187.59567260742188,194.93243408203125,0.17159517109394073,1,2,2.5965518362226536,False,False
313,0,1,3,-185.0,195.0,-187.5824737548828,194.93284606933594,0.1716211885213852,-187.5824737548828,194.93284606933594,0.1716211885213852,1,2,2.5833467334181384,False,False
314,0,1,3,-185.0,195.0,-187.5693359375,194.93324279785156,0.17160646617412567,-187.5693359375,194.93324279785156,0.17160646617412567,1,2,2.570203043295936,False,False
315,0,1,3,-185.0,195.0,-187.5562744140625,194.9336395263672,0.171613872051239,-187.5562744140625,194.9336395263672,0.171613872051239,1,2,2.557135622615928,False,False
316,0,1,3,-185.0,195.0,-187.5432891845703,194.9340362548828,0.17164117097854614,-187.5432891845703,194.9340362548828,0.17164117097854614,1,2,2.5441444715310904,False,False
317,0,1,3,-185.0,195.0,-187.5303497314453,194.93443298339844,0.17168636620044708,-187.5303497314453,194.93443298339844,0.17168636620044708,1,2,2.5311990828639686,False,False
318,0,1,3,-185.0,195.0,-187.5175018310547,194.934814453125,0.17168883979320526,-187.5175018310547,194.934814453125,0.17168883979320526,1,2,2.5183456126761268,False,False
319,0,1,3,-185.0,195.0,-187.50469970703125,194.9351806640625,0.1716528832912445,-187.50469970703125,194.9351806640625,0.1716528832912445,1,2,2.5055382991911754,False,False
320,0,1,3,-185.0,195.0,-187.49197387695312,194.93556213378906,0.17164108157157898,-187.49197387695312,194.93556213378906,0.17164108157157898,1,3,2.4928068601515454,True,False
321,0,1,4,-180.0,195.0,-187.47682189941406,194.93600463867188,0.17165295779705048,-187.47682189941406,194.93600463867188,0.17165295779705048,1,3,7.477095767865303,False,False
322,0,1,4,-180.0,195.0,-187.45948791503906,194.93649291992188,0.1716860830783844,-187.45948791503906,194.93649291992188,0.1716860830783844,1,3,7.459758247010011,False,False
323,0,1,4,-180.0,195.0,-187.440185546875,194.93704223632812,0.17173832654953003,-187.440185546875,194.93704223632812,0.17173832654953003,1,3,7.440451911808463,False,False
324,0,1,4,-180.0,195.0,-187.4191436767578,194.93763732910156,0.17180772125720978,-187.4191436767578,194.93763732910156,0.17180772125720978,1,3,7.419405771293077,False,False
325,0,1,4,-180.0,195.0,-187.39654541015625,194.9382781982422,0.17183373868465424,-187.39654541015625,194.9382781982422,0.17183373868465424,1,3,7.3968029300039975,False,False
326,0,1,4,-180.0,195.0,-187.37254333496094,194.93893432617188,0.17182068526744843,-187.37254333496094,194.93893432617188,0.17182068526744843,1,3,7.372796229545275,False,False
327,0,1,4,-180.0,195.0,-187.34730529785156,194.93963623046875,0.17177242040634155,-187.34730529785156,194.93963623046875,0.17177242040634155,1,3,7.347553261086962,False,False
328,0,1,4,-180.0,195.0,-187.32095336914062,194.94036865234375,0.1717512607574463,-187.32095336914062,194.94036865234375,0.1717512607574463,1,3,7.321196222664351,False,False
329,0,1,4,-180.0,195.0,-187.2936248779297,194.9411163330078,0.17175444960594177,-187.2936248779297,194.9411163330078,0.17175444960594177,1,3,7.293862566993794,False,False
330,0,1,4,-180.0,195.0,-187.2654266357422,194.94187927246094,0.17177949845790863,-187.2654266357422,194.94187927246094,0.17177949845790863,1,3,7.265659104191561,False,False
331,0,1,4,-180.0,195.0,-187.2364501953125,194.9426727294922,0.17182421684265137,-187.2364501953125,194.9426727294922,0.17182421684265137,1,3,7.236677265512274,False,False
332,0,1,4,-180.0,195.0,-187.20680236816406,194.94346618652344,0.1718865931034088,-187.20680236816406,194.94346618652344,0.1718865931034088,1,3,7.207024104707944,False,False
333,0,1,4,-180.0,195.0,-187.1765594482422,194.9442901611328,0.1719060242176056,-187.1765594482422,194.9442901611328,0.1719060242176056,1,3,7.176775675768389,False,False
334,0,1,4,-180.0,195.0,-187.14578247070312,194.94509887695312,0.17188678681850433,-187.14578247070312,194.94509887695312,0.17188678681850433,1,3,7.145993370548273,False,False
335,0,1,4,-180.0,195.0,-187.11456298828125,194.94593811035156,0.17183272540569305,-187.11456298828125,194.94593811035156,0.17183272540569305,1,3,7.114768387103953,False,False
336,0,1,4,-180.0,195.0,-187.0829620361328,194.94676208496094,0.17174726724624634,-187.0829620361328,194.94676208496094,0.17174726724624634,1,3,7.0831621103075415,False,False
337,0,1,4,-180.0,195.0,-187.05101013183594,194.94760131835938,0.1716335415840149,-187.05101013183594,194.94760131835938,0.1716335415840149,1,3,7.051204826204577,False,False
338,0,1,4,-180.0,195.0,-187.01878356933594,194.9484405517578,0.17155314981937408,-187.01878356933594,194.9484405517578,0.17155314981937408,1,3,7.01897294266641,False,False
339,0,1,4,-180.0,195.0,-186.98629760742188,194.94927978515625,0.1715027093887329,-186.98629760742188,194.94927978515625,0.1715027093887329,1,3,6.986481718265812,False,False
340,0,1,4,-180.0,195.0,-186.95362854003906,194.9501190185547,0.1714792102575302,-186.95362854003906,194.9501190185547,0.1714792102575302,1,3,6.953807445217025,False,False
341,0,1,4,-180.0,195.0,-186.9207763671875,194.95095825195312,0.17147991061210632,-186.9207763671875,194.95095825195312,0.17147991061210632,1,3,6.920950123911637,False,False
342,0,1,4,-180.0,195.0,-186.88780212402344,194.95179748535156,0.17150235176086426,-186.88780212402344,194.95179748535156,0.17150235176086426,1,3,6.88797078841949,False,False
343,0,1,4,-180.0,195.0,-186.854736328125,194.95263671875,0.17154435813426971,-186.854736328125,194.95263671875,0.17154435813426971,1,3,6.854899956128271,False,False
344,0,1,4,-180.0,195.0,-186.8215789794922,194.95346069335938,0.17160390317440033,-186.8215789794922,194.95346069335938,0.17160390317440033,1,3,6.8217377317302565,False,False
345,0,1,4,-180.0,195.0,-186.7883758544922,194.95428466796875,0.1716204434633255,-186.7883758544922,194.95428466796875,0.1716204434633255,1,3,6.788529784381539,False,False
346,0,1,4,-180.0,195.0,-186.75514221191406,194.95510864257812,0.17159822583198547,-186.75514221191406,194.95510864257812,0.17159822583198547,1,3,6.755291373223985,False,False
347,0,1,4,-180.0,195.0,-186.72189331054688,194.95591735839844,0.17154110968112946,-186.72189331054688,194.95591735839844,0.17154110968112946,1,3,6.7220378575001645,False,False
348,0,1,4,-180.0,195.0,-186.68865966796875,194.9567108154297,0.1714525669813156,-186.68865966796875,194.9567108154297,0.1714525669813156,1,3,6.688799750883008,False,False
349,0,1,4,-180.0,195.0,-186.6554412841797,194.95751953125,0.17133571207523346,-186.6554412841797,194.95751953125,0.17133571207523346,1,3,6.655576855343839,False,False
350,0,1,4,-180.0,195.0,-186.6222686767578,194.9582977294922,0.17125214636325836,-186.6222686767578,194.9582977294922,0.17125214636325836,1,3,6.622399980862918,False,False
351,0,1,4,-180.0,195.0,-186.58914184570312,194.95909118652344,0.1711985021829605,-186.58914184570312,194.95909118652344,0.1711985021829605,1,3,6.589268836055791,False,False
352,0,1,4,-180.0,195.0,-186.5560760498047,194.95985412597656,0.17117178440093994,-186.5560760498047,194.95985412597656,0.17117178440093994,1,3,6.556198964493355,False,False
353,0,1,4,-180.0,195.0,-186.5230712890625,194.9606170654297,0.1711692363023758,-186.5230712890625,194.9606170654297,0.1711692363023758,1,3,6.523190174885818,False,False
354,0,1,4,-180.0,195.0,-186.4901580810547,194.9613800048828,0.17118844389915466,-186.4901580810547,194.9613800048828,0.17118844389915466,1,3,6.490272985098725,False,False
355,0,1,4,-180.0,195.0,-186.45733642578125,194.96212768554688,0.17122718691825867,-186.45733642578125,194.96212768554688,0.17122718691825867,1,3,6.457447485494822,False,False
356,0,1,4,-180.0,195.0,-186.42462158203125,194.96286010742188,0.17128349840641022,-186.42462158203125,194.96286010742188,0.17128349840641022,1,3,6.424728931552088,False,False
357,0,1,4,-180.0,195.0,-186.39199829101562,194.9635772705078,0.17129677534103394,-186.39199829101562,194.9635772705078,0.17129677534103394,1,3,6.392102061729798,False,False
358,0,1,4,-180.0,195.0,-186.35948181152344,194.96429443359375,0.17127132415771484,-186.35948181152344,194.96429443359375,0.17127132415771484,1,3,6.359582045902845,False,False
359,0,1,4,-180.0,195.0,-186.32708740234375,194.9650115966797,0.17121097445487976,-186.32708740234375,194.9650115966797,0.17121097445487976,1,3,6.327184143460967,False,False
360,0,1,4,-180.0,195.0,-186.29481506347656,194.9656982421875,0.17111921310424805,-186.29481506347656,194.9656982421875,0.17111921310424805,1,3,6.2949085214926255,False,False
361,0,1,4,-180.0,195.0,-186.2626495361328,194.9663848876953,0.17105795443058014,-186.2626495361328,194.9663848876953,0.17105795443058014,1,3,6.26273975095563,False,False
362,0,1,4,-180.0,195.0,-186.2306365966797,194.96707153320312,0.1710241287946701,-186.2306365966797,194.96707153320312,0.1710241287946701,1,3,6.230723608362823,False,False
363,0,1,4,-180.0,195.0,-186.19873046875,194.9677276611328,0.1710149496793747,-186.19873046875,194.9677276611328,0.1710149496793747,1,3,6.198814477629215,False,False
364,0,1,4,-180.0,195.0,-186.16697692871094,194.9683837890625,0.17102792859077454,-186.16697692871094,194.9683837890625,0.17102792859077454,1,3,6.167057971516648,False,False
365,0,1,4,-180.0,195.0,-186.13534545898438,194.9690399169922,0.17100204527378082,-186.13534545898438,194.9690399169922,0.17100204527378082,1,3,6.135423573627174,False,False
366,0,1,4,-180.0,195.0,-186.10385131835938,194.96966552734375,0.17094115912914276,-186.10385131835938,194.96966552734375,0.17094115912914276,1,3,6.103926694912777,False,False
367,0,1,4,-180.0,195.0,-186.072509765625,194.9702911376953,0.17096634209156036,-186.072509765625,194.9702911376953,0.17096634209156036,1,3,6.072582438313245,False,False
368,0,1,4,-180.0,195.0,-186.0413055419922,194.97091674804688,0.17101016640663147,-186.0413055419922,194.97091674804688,0.17101016640663147,1,3,6.041375545953892,False,False
369,0,1,4,-180.0,195.0,-186.01023864746094,194.9715118408203,0.17101193964481354,-186.01023864746094,194.9715118408203,0.17101193964481354,1,3,6.010306163137326,False,False
370,0,1,4,-180.0,195.0,-185.9793243408203,194.97210693359375,0.17097586393356323,-185.9793243408203,194.97210693359375,0.17097586393356323,1,3,5.979389399920347,False,False
371,0,1,4,-180.0,195.0,-185.94854736328125,194.9727020263672,0.17096449434757233,-185.94854736328125,194.9727020263672,0.17096449434757233,1,3,5.948609998358,False,False
372,0,1,4,-180.0,195.0,-185.91790771484375,194.9732666015625,0.17097534239292145,-185.91790771484375,194.9732666015625,0.17097534239292145,1,3,5.917968096906167,False,False
373,0,1,4,-180.0,195.0,-185.88743591308594,194.9738311767578,0.17100615799427032,-185.88743591308594,194.9738311767578,0.17100615799427032,1,3,5.887494071165077,False,False
374,0,1,4,-180.0,195.0,-185.8571014404297,194.97439575195312,0.17099612951278687,-185.8571014404297,194.97439575195312,0.17099612951278687,1,3,5.857157404492521,False,False
375,0,1,4,-180.0,195.0,-185.826904296875,194.9749298095703,0.170949324965477,-185.826904296875,194.9749298095703,0.170949324965477,1,3,5.826958228732082,False,False
376,0,1,4,-180.0,195.0,-185.796875,194.97547912597656,0.1709281951189041,-185.796875,194.97547912597656,0.1709281951189041,1,3,5.7969268616127865,False,False
377,0,1,4,-180.0,195.0,-185.76698303222656,194.9759979248047,0.1709301769733429,-185.76698303222656,194.9759979248047,0.1709301769733429,1,3,5.767032980103613,False,False
378,0,1,4,-180.0,195.0,-185.73724365234375,194.9765167236328,0.1709529161453247,-185.73724365234375,194.9765167236328,0.1709529161453247,1,3,5.737291712178107,False,False
379,0,1,4,-180.0,195.0,-185.7076416015625,194.97702026367188,0.17099431157112122,-185.7076416015625,194.97702026367188,0.17099431157112122,1,3,5.707687861136824,False,False
380,0,1,4,-180.0,195.0,-185.67819213867188,194.97752380371094,0.17099370062351227,-185.67819213867188,194.97752380371094,0.17099370062351227,1,3,5.678236622673865,False,False
381,0,1,4,-180.0,195.0,-185.64889526367188,194.97799682617188,0.17095527052879333,-185.64889526367188,194.97799682617188,0.17095527052879333,1,3,5.64893811610581,False,False
382,0,1,4,-180.0,195.0,-185.6197509765625,194.97848510742188,0.170941561460495,-185.6197509765625,194.97848510742188,0.170941561460495,1,3,5.619792160674434,False,False
383,0,1,4,-180.0,195.0,-185.5907440185547,194.9789581298828,0.17095009982585907,-185.5907440185547,194.9789581298828,0.17095009982585907,1,3,5.590783616033002,False,False
384,0,1,4,-180.0,195.0,-185.5618896484375,194.9794158935547,0.17097865045070648,-185.5618896484375,194.9794158935547,0.17097865045070648,1,3,5.561927738368628,False,False
385,0,1,4,-180.0,195.0,-185.53318786621094,194.9798583984375,0.17102517187595367,-185.53318786621094,194.9798583984375,0.17102517187595367,1,3,5.5332245252562675,False,False
386,0,1,4,-180.0,195.0,-185.50462341308594,194.9803009033203,0.17102906107902527,-185.50462341308594,194.9803009033203,0.17102906107902527,1,3,5.504658661016491,False,False
387,0,1,4,-180.0,195.0,-185.47621154785156,194.98074340820312,0.1709945797920227,-185.47621154785156,194.98074340820312,0.1709945797920227,1,3,5.476245404759582,False,False
388,0,1,4,-180.0,195.0,-185.44793701171875,194.9811553955078,0.17098432779312134,-185.44793701171875,194.9811553955078,0.17098432779312134,1,3,5.447969603693975,False,False
389,0,1,4,-180.0,195.0,-185.41981506347656,194.98158264160156,0.17099587619304657,-185.41981506347656,194.98158264160156,0.17099587619304657,1,3,5.419846355882963,False,False
390,0,1,4,-180.0,195.0,-185.39183044433594,194.9819793701172,0.1710270345211029,-185.39183044433594,194.9819793701172,0.1710270345211029,1,3,5.391860558616965,False,False
391,0,1,4,-180.0,195.0,-185.36399841308594,194.98239135742188,0.17101702094078064,-185.36399841308594,194.98239135742188,0.17101702094078064,1,3,5.364027315355683,False,False
392,0,1,4,-180.0,195.0,-185.3363037109375,194.98277282714844,0.1710287183523178,-185.3363037109375,194.98277282714844,0.1710287183523178,1,3,5.336331518079606,False,False
393,0,1,4,-180.0,195.0,-185.3087615966797,194.983154296875,0.1710599809885025,-185.3087615966797,194.983154296875,0.1710599809885025,1,3,5.308788323911101,False,False
394,0,1,4,-180.0,195.0,-185.28135681152344,194.98353576660156,0.17104999721050262,-185.28135681152344,194.98353576660156,0.17104999721050262,1,3,5.281382474466928,False,False
395,0,1,4,-180.0,195.0,-185.25408935546875,194.98390197753906,0.17100290954113007,-185.25408935546875,194.98390197753906,0.17100290954113007,1,3,5.254114016804087,False,False
396,0,1,4,-180.0,195.0,-185.22695922851562,194.98426818847656,0.17098119854927063,-185.22695922851562,194.98426818847656,0.17098119854927063,1,3,5.226982902828214,False,False
397,0,1,4,-180.0,195.0,-185.19998168945312,194.984619140625,0.17098231613636017,-185.19998168945312,194.984619140625,0.17098231613636017,1,3,5.200004436679154,False,False
398,0,1,4,-180.0,195.0,-185.1731414794922,194.98495483398438,0.17100395262241364,-185.1731414794922,194.98495483398438,0.17100395262241364,1,3,5.173163357546624,False,False
399,0,1,4,-180.0,195.0,-185.1464385986328,194.98529052734375,0.17104406654834747,-185.1464385986328,194.98529052734375,0.17104406654834747,1,3,5.146459619785576,False,False
400,0,1,4,-180.0,195.0,-185.119873046875,194.98562622070312,0.17110076546669006,-185.119873046875,194.98562622070312,0.17110076546669006,1,3,5.119893223656952,False,False
401,0,1,4,-180.0,195.0,-185.09344482421875,194.98594665527344,0.17111359536647797,-185.09344482421875,194.98594665527344,0.17111359536647797,1,3,5.093464211502695,False,False
402,0,1,4,-180.0,195.0,-185.06715393066406,194.98626708984375,0.17108692228794098,-185.06715393066406,194.98626708984375,0.17108692228794098,1,3,5.067172539973908,False,False
403,0,1,4,-180.0,195.0,-185.041015625,194.986572265625,0.17102470993995667,-185.041015625,194.986572265625,0.17102470993995667,1,3,5.041033508671073,False,False
404,0,1,4,-180.0,195.0,-185.01499938964844,194.98687744140625,0.1709892600774765,-185.01499938964844,194.98687744140625,0.1709892600774765,1,3,5.015016558269599,False,False
405,0,1,4,-180.0,195.0,-184.98912048339844,194.98716735839844,0.17097792029380798,-184.98912048339844,194.98716735839844,0.17097792029380798,1,3,4.989136986950382,False,False
406,0,1,4,-180.0,195.0,-184.96337890625,194.98745727539062,0.17098824679851532,-184.96337890625,194.98745727539062,0.17098824679851532,1,3,4.963394754293484,False,False
407,0,1,4,-180.0,195.0,-184.93775939941406,194.98773193359375,0.1710180640220642,-184.93775939941406,194.98773193359375,0.1710180640220642,1,3,4.937774639648439,False,False
408,0,1,4,-180.0,195.0,-184.91229248046875,194.98800659179688,0.17106540501117706,-184.91229248046875,194.98800659179688,0.17106540501117706,1,3,4.912307121456287,False,False
409,0,1,4,-180.0,195.0,-184.88694763183594,194.98828125,0.17112849652767181,-184.88694763183594,194.98828125,0.17112849652767181,1,3,4.886961682416636,False,False
410,0,1,4,-180.0,195.0,-184.8617401123047,194.98854064941406,0.17114697396755219,-184.8617401123047,194.98854064941406,0.17114697396755219,1,3,4.861753617400644,False,False
411,0,1,4,-180.0,195.0,-184.83665466308594,194.98880004882812,0.17112527787685394,-184.83665466308594,194.98880004882812,0.17112527787685394,1,3,4.836667630596214,False,False
412,0,1,4,-180.0,195.0,-184.81170654296875,194.9890594482422,0.17112621665000916,-184.81170654296875,194.9890594482422,0.17112621665000916,1,3,4.811718980917427,False,False
413,0,1,4,-180.0,195.0,-184.78689575195312,194.9893035888672,0.17114749550819397,-184.78689575195312,194.9893035888672,0.17114749550819397,1,3,4.7869077026069755,False,False
414,0,1,4,-180.0,195.0,-184.76220703125,194.98953247070312,0.1711283028125763,-184.76220703125,194.98953247070312,0.1711283028125763,1,3,4.762218535268675,False,False
415,0,1,4,-180.0,195.0,-184.73764038085938,194.98977661132812,0.1711314469575882,-184.73764038085938,194.98977661132812,0.1711314469575882,1,3,4.737651411408959,False,False
416,0,1,4,-180.0,195.0,-184.7132110595703,194.99000549316406,0.1711547076702118,-184.7132110595703,194.99000549316406,0.1711547076702118,1,3,4.713221656385662,False,False
417,0,1,4,-180.0,195.0,-184.6889190673828,194.99021911621094,0.17119602859020233,-184.6889190673828,194.99021911621094,0.17119602859020233,1,3,4.6889292686234665,False,False
418,0,1,4,-180.0,195.0,-184.6647491455078,194.9904327392578,0.17119482159614563,-184.6647491455078,194.9904327392578,0.17119482159614563,1,3,4.664758956580069,False,False
419,0,1,4,-180.0,195.0,-184.6407012939453,194.9906463623047,0.17115531861782074,-184.6407012939453,194.9906463623047,0.17115531861782074,1,3,4.640710720370731,False,False
420,0,1,4,-180.0,195.0,-184.6167755126953,194.99085998535156,0.1711401492357254,-184.6167755126953,194.99085998535156,0.1711401492357254,1,3,4.616784560112247,False,False
421,0,1,4,-180.0,195.0,-184.5929718017578,194.99105834960938,0.17114685475826263,-184.5929718017578,194.99105834960938,0.17114685475826263,1,3,4.592980505603536,False,False
422,0,1,4,-180.0,195.0,-184.56930541992188,194.9912567138672,0.17117324471473694,-184.56930541992188,194.9912567138672,0.17117324471473694,1,3,4.569313784976889,False,False
423,0,1,4,-180.0,195.0,-184.54576110839844,194.991455078125,0.17121733725070953,-184.54576110839844,194.991455078125,0.17121733725070953,1,3,4.545769139575572,False,False
424,0,1,4,-180.0,195.0,-184.52232360839844,194.99163818359375,0.17121854424476624,-184.52232360839844,194.99163818359375,0.17121854424476624,1,3,4.5223313389281286,False,False
425,0,1,4,-180.0,195.0,-184.4990234375,194.9918212890625,0.17118117213249207,-184.4990234375,194.9918212890625,0.17118117213249207,1,3,4.499030871475202,False,False
426,0,1,4,-180.0,195.0,-184.47584533691406,194.9919891357422,0.17116785049438477,-184.47584533691406,194.9919891357422,0.17116785049438477,1,3,4.475852505827411,False,False
427,0,1,4,-180.0,195.0,-184.45278930664062,194.99217224121094,0.17117615044116974,-184.45278930664062,194.99217224121094,0.17117615044116974,1,3,4.452796187020102,False,False
428,0,1,4,-180.0,195.0,-184.4298553466797,194.99234008789062,0.17120392620563507,-184.4298553466797,194.99234008789062,0.17120392620563507,1,3,4.42986196926723,False,False
429,0,1,4,-180.0,195.0,-184.4070281982422,194.9925079345703,0.17124921083450317,-184.4070281982422,194.9925079345703,0.17124921083450317,1,3,4.4070345665930715,False,False
430,0,1,4,-180.0,195.0,-184.38433837890625,194.99266052246094,0.17131023108959198,-184.38433837890625,194.99266052246094,0.17131023108959198,1,3,4.38434452212424,False,False
431,0,1,4,-180.0,195.0,-184.36175537109375,194.99281311035156,0.1713266223669052,-184.36175537109375,194.99281311035156,0.1713266223669052,1,3,4.361761292029631,False,False
432,0,1,4,-180.0,195.0,-184.33929443359375,194.9929656982422,0.17130282521247864,-184.33929443359375,194.9929656982422,0.17130282521247864,1,3,4.339300135139182,False,False
433,0,1,4,-180.0,195.0,-184.3169403076172,194.9931182861328,0.1712428629398346,-184.3169403076172,194.9931182861328,0.1712428629398346,1,3,4.316945792746965,False,False
434,0,1,4,-180.0,195.0,-184.2947235107422,194.99325561523438,0.17120914161205292,-184.2947235107422,194.99325561523438,0.17120914161205292,1,3,4.294728806391338,False,False
435,0,1,4,-180.0,195.0,-184.27261352539062,194.99339294433594,0.1711990386247635,-184.27261352539062,194.99339294433594,0.1711990386247635,1,3,4.272618633874951,False,False
436,0,1,4,-180.0,195.0,-184.2506103515625,194.9935302734375,0.1712101548910141,-184.2506103515625,194.9935302734375,0.1712101548910141,1,3,4.250615275248052,False,False
437,0,1,4,-180.0,195.0,-184.22872924804688,194.99366760253906,0.17124037444591522,-184.22872924804688,194.99366760253906,0.17124037444591522,1,3,4.2287339893335325,False,False
438,0,1,4,-180.0,195.0,-184.20697021484375,194.99378967285156,0.17128777503967285,-184.20697021484375,194.99378967285156,0.17128777503967285,1,3,4.206974798682036,False,False
439,0,1,4,-180.0,195.0,-184.18531799316406,194.99392700195312,0.1713506430387497,-184.18531799316406,194.99392700195312,0.1713506430387497,1,3,4.185322399195567,False,False
440,0,1,4,-180.0,195.0,-184.16378784179688,194.99404907226562,0.17136859893798828,-184.16378784179688,194.99404907226562,0.17136859893798828,1,3,4.163792094357784,False,False
441,0,1,4,-180.0,195.0,-184.14234924316406,194.99415588378906,0.17134614288806915,-184.14234924316406,194.99415588378906,0.17134614288806915,1,3,4.142353365665002,False,False
442,0,1,4,-180.0,195.0,-184.1210479736328,194.99427795410156,0.17128731310367584,-184.1210479736328,194.99427795410156,0.17128731310367584,1,3,4.121051946140982,False,False
443,0,1,4,-180.0,195.0,-184.09983825683594,194.994384765625,0.1713133454322815,-184.09983825683594,194.994384765625,0.1713133454322815,1,3,4.099842102212307,False,False
444,0,1,4,-180.0,195.0,-184.07875061035156,194.99449157714844,0.17141571640968323,-184.07875061035156,194.99449157714844,0.17141571640968323,1,3,4.078754329959768,False,False
445,0,1,4,-180.0,195.0,-184.05776977539062,194.99459838867188,0.17146919667720795,-184.05776977539062,194.99459838867188,0.17146919667720795,1,3,4.057773370640433,False,False
446,0,1,4,-180.0,195.0,-184.0369110107422,194.9947052001953,0.1714198738336563,-184.0369110107422,194.9947052001953,0.1714198738336563,1,3,4.036914483062093,False,False
447,0,1,4,-180.0,195.0,-184.01614379882812,194.9947967529297,0.171336829662323,-184.01614379882812,194.9947967529297,0.171336829662323,1,3,4.0161471694455715,False,False
448,0,1,4,-180.0,195.0,-183.99549865722656,194.99490356445312,0.17134103178977966,-183.99549865722656,194.99490356445312,0.17134103178977966,1,3,3.9955019075899023,False,False
449,0,1,4,-180.0,195.0,-183.97494506835938,194.9949951171875,0.17142371833324432,-183.97494506835938,194.9949951171875,0.17142371833324432,1,3,3.974948219200658,False,False
450,0,1,4,-180.0,195.0,-183.9545135498047,194.99508666992188,0.1715182512998581,-183.9545135498047,194.99508666992188,0.1715182512998581,1,3,3.9545166021147677,False,False
451,0,1,4,-180.0,195.0,-183.93418884277344,194.99517822265625,0.17150583863258362,-183.93418884277344,194.99517822265625,0.17150583863258362,1,3,3.9341917975792375,False,False
452,0,1,4,-180.0,195.0,-183.91397094726562,194.99525451660156,0.1713971644639969,-183.91397094726562,194.99525451660156,0.1713971644639969,1,3,3.9139738240887687,False,False
453,0,1,4,-180.0,195.0,-183.89385986328125,194.99534606933594,0.1713782548904419,-183.89385986328125,194.99534606933594,0.1713782548904419,1,3,3.8938626444628603,False,False
454,0,1,4,-180.0,195.0,-183.87384033203125,194.99542236328125,0.17144013941287994,-183.87384033203125,194.99542236328125,0.17144013941287994,1,3,3.8738430366794567,False,False
455,0,1,4,-180.0,195.0,-183.85394287109375,194.99549865722656,0.17151589691638947,-183.85394287109375,194.99549865722656,0.17151589691638947,1,3,3.853945499840534,False,False
456,0,1,4,-180.0,195.0,-183.83413696289062,194.99557495117188,0.1715453565120697,-183.83413696289062,194.99557495117188,0.1715453565120697,1,3,3.8341395164053793,False,False
457,0,1,4,-180.0,195.0,-183.81443786621094,194.9956512451172,0.17153313755989075,-183.81443786621094,194.9956512451172,0.17153313755989075,1,3,3.8144403451689843,False,False
458,0,1,4,-180.0,195.0,-183.7948455810547,194.99571228027344,0.17148339748382568,-183.7948455810547,194.99571228027344,0.17148339748382568,1,3,3.7948480033580716,False,False
459,0,1,4,-180.0,195.0,-183.77536010742188,194.99578857421875,0.17145869135856628,-183.77536010742188,194.99578857421875,0.17145869135856628,1,3,3.7753624563503334,False,False
460,0,1,4,-180.0,195.0,-183.75596618652344,194.995849609375,0.1715153008699417,-183.75596618652344,194.995849609375,0.1715153008699417,1,3,3.755968479640072,False,False
461,0,1,4,-180.0,195.0,-183.73667907714844,194.99591064453125,0.1715863049030304,-183.73667907714844,194.99591064453125,0.1715863049030304,1,3,3.7366813148069036,False,False
462,0,1,4,-180.0,195.0,-183.71749877929688,194.9959716796875,0.17161142826080322,-183.71749877929688,194.9959716796875,0.17161142826080322,1,3,3.7175009618611123,False,False
463,0,1,4,-180.0,195.0,-183.6984100341797,194.99603271484375,0.1715952605009079,-183.6984100341797,194.99603271484375,0.1715952605009079,1,3,3.698412162032851,False,False
464,0,1,4,-180.0,195.0,-183.67941284179688,194.99609375,0.1715419590473175,-183.67941284179688,194.99609375,0.1715419590473175,1,3,3.679414915332167,False,False
465,0,1,4,-180.0,195.0,-183.66053771972656,194.99615478515625,0.17151398956775665,-183.66053771972656,194.99615478515625,0.17151398956775665,1,3,3.660539739330545,False,False
466,0,1,4,-180.0,195.0,-183.64175415039062,194.99620056152344,0.17150883376598358,-183.64175415039062,194.99620056152344,0.17150883376598358,1,3,3.6417561323652743,False,False
467,0,1,4,-180.0,195.0,-183.62306213378906,194.9962615966797,0.17158301174640656,-183.62306213378906,194.9962615966797,0.17158301174640656,1,3,3.623064062496762,False,False
468,0,1,4,-180.0,195.0,-183.60446166992188,194.99630737304688,0.17161095142364502,-183.60446166992188,194.99630737304688,0.17161095142364502,1,3,3.60446356139576,False,False
469,0,1,4,-180.0,195.0,-183.58596801757812,194.99635314941406,0.17159731686115265,-183.58596801757812,194.99635314941406,0.17159731686115265,1,3,3.585969871961055,False,False
470,0,1,4,-180.0,195.0,-183.5675811767578,194.99639892578125,0.17154622077941895,-183.5675811767578,194.99639892578125,0.17154622077941895,1,3,3.567582994198199,False,False
471,0,1,4,-180.0,195.0,-183.5492706298828,194.99644470214844,0.17152021825313568,-183.5492706298828,194.99644470214844,0.17152021825313568,1,3,3.54927241055002,False,False
472,0,1,4,-180.0,195.0,-183.53106689453125,194.99649047851562,0.1715756058692932,-183.53106689453125,194.99649047851562,0.1715756058692932,1,3,3.5310686385845877,False,False
473,0,1,4,-180.0,195.0,-183.51296997070312,194.9965362548828,0.17158661782741547,-183.51296997070312,194.9965362548828,0.17158661782741547,1,3,3.512971678307719,False,False
474,0,1,4,-180.0,195.0,-183.4949493408203,194.99656677246094,0.1715577095746994,-183.4949493408203,194.99656677246094,0.1715577095746994,1,3,3.4949510271177866,False,False
475,0,1,4,-180.0,195.0,-183.47703552246094,194.99661254882812,0.1715516597032547,-183.47703552246094,194.99661254882812,0.1715516597032547,1,3,3.477037172548008,False,False
476,0,1,4,-180.0,195.0,-183.45921325683594,194.99664306640625,0.17162495851516724,-183.45921325683594,194.99664306640625,0.17162495851516724,1,3,3.4592148856745872,False,False
477,0,1,4,-180.0,195.0,-183.4414825439453,194.99668884277344,0.17165209352970123,-183.4414825439453,194.99668884277344,0.17165209352970123,1,3,3.4414841368285396,False,False
478,0,1,4,-180.0,195.0,-183.42384338378906,194.99671936035156,0.1716376543045044,-183.42384338378906,194.99671936035156,0.1716376543045044,1,3,3.4238449555014374,False,False
479,0,1,4,-180.0,195.0,-183.4062957763672,194.9967498779297,0.1715857982635498,-183.4062957763672,194.9967498779297,0.1715857982635498,1,3,3.406297326921185,False,False
480,0,1,4,-180.0,195.0,-183.3888397216797,194.9967803955078,0.17155908048152924,-183.3888397216797,194.9967803955078,0.17155908048152924,1,3,3.388841251089692,False,False
481,0,1,4,-180.0,195.0,-183.37147521972656,194.99681091308594,0.17161376774311066,-183.37147521972656,194.99681091308594,0.17161376774311066,1,3,3.371476728008903,False,False
482,0,1,4,-180.0,195.0,-183.3542022705078,194.99684143066406,0.1716241091489792,-183.3542022705078,194.99684143066406,0.1716241091489792,1,3,3.354203757680802,False,False
483,0,1,4,-180.0,195.0,-183.33702087402344,194.9968719482422,0.1715945601463318,-183.33702087402344,194.9968719482422,0.1715945601463318,1,3,3.3370223401074117,False,False
484,0,1,4,-180.0,195.0,-183.31993103027344,194.99688720703125,0.17164666950702667,-183.31993103027344,194.99688720703125,0.17164666950702667,1,3,3.319932489562478,False,False
485,0,1,4,-180.0,195.0,-183.3029327392578,194.99691772460938,0.17165468633174896,-183.3029327392578,194.99691772460938,0.17165468633174896,1,3,3.302934177437192,False,False
486,0,1,4,-180.0,195.0,-183.2860107421875,194.9969482421875,0.17162302136421204,-183.2860107421875,194.9969482421875,0.17162302136421204,1,3,3.28601215928934,False,False
487,0,1,4,-180.0,195.0,-183.26919555664062,194.99696350097656,0.17155562341213226,-183.26919555664062,194.99696350097656,0.17155562341213226,1,3,3.2691969668230647,False,False
488,0,1,4,-180.0,195.0,-183.25245666503906,194.9969940185547,0.171573668718338,-183.25245666503906,194.9969940185547,0.171573668718338,1,3,3.252458054130978,False,False
489,0,1,4,-180.0,195.0,-183.23580932617188,194.99700927734375,0.1716686189174652,-183.23580932617188,194.99700927734375,0.1716686189174652,1,3,3.2358107082712504,False,False
490,0,1,4,-180.0,195.0,-183.21925354003906,194.99703979492188,0.1717151552438736,-183.21925354003906,194.99703979492188,0.1717151552438736,1,3,3.219254901039702,False,False
491,0,1,4,-180.0,195.0,-183.20277404785156,194.99705505371094,0.17171813547611237,-183.20277404785156,194.99705505371094,0.17171813547611237,1,3,3.202775401788288,False,False
492,0,1,4,-180.0,195.0,-183.18638610839844,194.9970703125,0.17168189585208893,-183.18638610839844,194.9970703125,0.17168189585208893,1,3,3.1863874552325533,False,False
493,0,1,4,-180.0,195.0,-183.1700897216797,194.99708557128906,0.17161038517951965,-183.1700897216797,194.99708557128906,0.17161038517951965,1,3,3.1700910613725135,False,False
494,0,1,4,-180.0,195.0,-183.15386962890625,194.99710083007812,0.17162469029426575,-183.15386962890625,194.99710083007812,0.17162469029426575,1,3,3.1538709614255755,False,False
495,0,1,4,-180.0,195.0,-183.1377410888672,194.9971160888672,0.17165744304656982,-183.1377410888672,194.9971160888672,0.17165744304656982,1,3,3.13774241417438,False,False
496,0,1,4,-180.0,195.0,-183.12168884277344,194.99713134765625,0.17164798080921173,-183.12168884277344,194.99713134765625,0.17164798080921173,1,3,3.121690160836343,False,False
497,0,1,4,-180.0,195.0,-183.10572814941406,194.9971466064453,0.17165935039520264,-183.10572814941406,194.9971466064453,0.17165935039520264,1,3,3.1057294601941225,False,False
498,0,1,4,-180.0,195.0,-183.08984375,194.99716186523438,0.1716306358575821,-183.08984375,194.99716186523438,0.1716306358575821,1,3,3.0898450534651425,False,False
499,0,1,4,-180.0,195.0,-183.0740509033203,194.99717712402344,0.17162466049194336,-183.0740509033203,194.99717712402344,0.17162466049194336,1,3,3.0740521994320797,False,False
500,0,1,4,-180.0,195.0,-183.05833435058594,194.9971923828125,0.17163912951946259,-183.05833435058594,194.9971923828125,0.17163912951946259,1,3,3.058335639312366,False,False
501,0,1,4,-180.0,195.0,-183.04270935058594,194.99720764160156,0.1716720014810562,-183.04270935058594,194.99720764160156,0.1716720014810562,1,3,3.0427106318886983,False,False
502,0,1,4,-180.0,195.0,-183.02716064453125,194.99720764160156,0.17166264355182648,-183.02716064453125,194.99720764160156,0.17166264355182648,1,3,3.0271619324152907,False,False
503,0,1,4,-180.0,195.0,-183.01168823242188,194.99722290039062,0.17167405784130096,-183.01168823242188,194.99722290039062,0.17167405784130096,1,3,3.0116895128134704,False,False
504,0,1,4,-180.0,195.0,-182.99630737304688,194.9972381591797,0.171645388007164,-182.99630737304688,194.9972381591797,0.171645388007164,1,3,2.9963086459074577,False,False
505,0,1,4,-180.0,195.0,-182.9810028076172,194.9972381591797,0.17163941264152527,-182.9810028076172,194.9972381591797,0.17163941264152527,1,3,2.981004087012675,False,False
506,0,1,4,-180.0,195.0,-182.9657745361328,194.99725341796875,0.1716538816690445,-182.9657745361328,194.99725341796875,0.1716538816690445,1,3,2.9657758079272702,False,False
507,0,1,4,-180.0,195.0,-182.9506378173828,194.9972686767578,0.17168672382831573,-182.9506378173828,194.9972686767578,0.17168672382831573,1,3,2.950639081537466,False,False
508,0,1,4,-180.0,195.0,-182.93556213378906,194.9972686767578,0.17167730629444122,-182.93556213378906,194.9972686767578,0.17167730629444122,1,3,2.935563404435824,False,False
509,0,1,4,-180.0,195.0,-182.9205780029297,194.99728393554688,0.17168866097927094,-182.9205780029297,194.99728393554688,0.17168866097927094,1,3,2.9205792658653995,False,False
510,0,1,4,-180.0,195.0,-182.90567016601562,194.99728393554688,0.171659916639328,-182.90567016601562,194.99728393554688,0.171659916639328,1,3,2.9056714354309543,False,False
511,0,1,4,-180.0,195.0,-182.89083862304688,194.99728393554688,0.1716538518667221,-182.89083862304688,194.99728393554688,0.1716538518667221,1,3,2.8908398989749786,False,False
512,0,1,4,-180.0,195.0,-182.8760986328125,194.99729919433594,0.17166821658611298,-182.8760986328125,194.99729919433594,0.17166821658611298,1,3,2.8760999009104617,False,False
513,0,1,4,-180.0,195.0,-182.86141967773438,194.99729919433594,0.17170095443725586,-182.86141967773438,194.99729919433594,0.17170095443725586,1,3,2.8614209523376197,False,False
514,0,1,4,-180.0,195.0,-182.84681701660156,194.99729919433594,0.1716914176940918,-182.84681701660156,194.99729919433594,0.1716914176940918,1,3,2.8468182977428427,False,False
515,0,1,4,-180.0,195.0,-182.83230590820312,194.997314453125,0.17170265316963196,-182.83230590820312,194.997314453125,0.17170265316963196,1,3,2.832307181399,False,False
516,0,1,4,-180.0,195.0,-182.81785583496094,194.997314453125,0.17167377471923828,-182.81785583496094,194.997314453125,0.17167377471923828,1,3,2.8178571146858067,False,False
517,0,1,4,-180.0,195.0,-182.80348205566406,194.997314453125,0.17166757583618164,-182.80348205566406,194.997314453125,0.17166757583618164,1,3,2.803483341950227,False,False
518,0,1,4,-180.0,195.0,-182.7891845703125,194.99732971191406,0.17168180644512177,-182.7891845703125,194.99732971191406,0.17168180644512177,1,3,2.789185848542149,False,False
519,0,1,4,-180.0,195.0,-182.7749786376953,194.99732971191406,0.1717144101858139,-182.7749786376953,194.99732971191406,0.1717144101858139,1,3,2.7749799224685923,False,False
520,0,1,4,-180.0,195.0,-182.76083374023438,194.99732971191406,0.1717047393321991,-182.76083374023438,194.99732971191406,0.1717047393321991,1,3,2.7608350315900787,False,False
521,0,1,4,-180.0,195.0,-182.74676513671875,194.99732971191406,0.1716570258140564,-182.74676513671875,194.99732971191406,0.1716570258140564,1,3,2.7467664346886203,False,False
522,0,1,4,-180.0,195.0,-182.73275756835938,194.99732971191406,0.17163388431072235,-182.73275756835938,194.99732971191406,0.17163388431072235,1,3,2.732758872982376,False,False
523,0,1,4,-180.0,195.0,-182.71884155273438,194.99734497070312,0.1716328263282776,-182.71884155273438,194.99734497070312,0.1716328263282776,1,3,2.7188428490914354,False,False
524,0,1,4,-180.0,195.0,-182.70498657226562,194.99734497070312,0.1716516762971878,-182.70498657226562,194.99734497070312,0.1716516762971878,1,3,2.704987875262642,False,False
525,0,1,4,-180.0,195.0,-182.6912078857422,194.99734497070312,0.17168840765953064,-182.6912078857422,194.99734497070312,0.17168840765953064,1,3,2.691209195410402,False,False
526,0,1,4,-180.0,195.0,-182.67750549316406,194.99734497070312,0.17174123227596283,-182.67750549316406,194.99734497070312,0.17174123227596283,1,3,2.677506809534627,False,False
527,0,1,4,-180.0,195.0,-182.66387939453125,194.99734497070312,0.1717497706413269,-182.66387939453125,194.99734497070312,0.1717497706413269,1,3,2.663880717635222,False,False
528,0,1,4,-180.0,195.0,-182.6503143310547,194.99734497070312,0.17171841859817505,-182.6503143310547,194.99734497070312,0.17171841859817505,1,3,2.650315660930679,False,False
529,0,1,4,-180.0,195.0,-182.63682556152344,194.99734497070312,0.17165116965770721,-182.63682556152344,194.99734497070312,0.17165116965770721,1,3,2.6368268982024508,False,False
530,0,1,4,-180.0,195.0,-182.62339782714844,194.9973602294922,0.17161041498184204,-182.62339782714844,194.9973602294922,0.17161041498184204,1,3,2.6233991552707865,False,False
531,0,1,4,-180.0,195.0,-182.61004638671875,194.9973602294922,0.17159351706504822,-182.61004638671875,194.9973602294922,0.17159351706504822,1,3,2.6100477216349773,False,False
532,0,1,4,-180.0,195.0,-182.59677124023438,194.9973602294922,0.17165684700012207,-182.59677124023438,194.9973602294922,0.17165684700012207,1,3,2.596772581974923,False,False
533,0,1,4,-180.0,195.0,-182.58355712890625,194.9973602294922,0.17173361778259277,-182.58355712890625,194.9973602294922,0.17173361778259277,1,3,2.5835584775093903,False,False
534,0,1,4,-180.0,195.0,-182.57041931152344,194.9973602294922,0.17176367342472076,-182.57041931152344,194.9973602294922,0.17176367342472076,1,3,2.570420667019497,False,False
535,0,1,4,-180.0,195.0,-182.55734252929688,194.9973602294922,0.17175166308879852,-182.55734252929688,194.9973602294922,0.17175166308879852,1,3,2.5573438917241598,False,False
536,0,1,4,-180.0,195.0,-182.54434204101562,194.9973602294922,0.1717018187046051,-182.54434204101562,194.9973602294922,0.1717018187046051,1,3,2.5443434104043208,False,False
537,0,1,4,-180.0,195.0,-182.53140258789062,194.9973602294922,0.17167672514915466,-182.53140258789062,194.9973602294922,0.17167672514915466,1,3,2.5314039642790496,False,False
538,0,1,4,-180.0,195.0,-182.51853942871094,194.9973602294922,0.17167387902736664,-182.51853942871094,194.9973602294922,0.17167387902736664,1,3,2.5185408121291086,False,False
539,0,1,4,-180.0,195.0,-182.5057373046875,194.9973602294922,0.17169106006622314,-182.5057373046875,194.9973602294922,0.17169106006622314,1,3,2.505738695173723,False,False
540,0,1,4,-180.0,195.0,-182.49301147460938,194.9973602294922,0.1717262715101242,-182.49301147460938,194.9973602294922,0.1717262715101242,1,4,2.493012872193472,True,False
541,0,1,5,-175.0,195.0,-182.47784423828125,194.9973602294922,0.17171919345855713,-182.47784423828125,194.9973602294922,0.17171919345855713,1,4,7.477844704216879,False,False
542,0,1,5,-175.0,195.0,-182.4604949951172,194.9973602294922,0.1717328429222107,-182.4604949951172,194.9973602294922,0.1717328429222107,1,4,7.4604954621363415,False,False
543,0,1,5,-175.0,195.0,-182.44119262695312,194.99737548828125,0.17170634865760803,-182.44119262695312,194.99737548828125,0.17170634865760803,1,4,7.441193089786295,False,False
544,0,1,5,-175.0,195.0,-182.42013549804688,194.99737548828125,0.17170250415802002,-182.42013549804688,194.99737548828125,0.17170250415802002,1,4,7.4201359621934895,False,False
545,0,1,5,-175.0,195.0,-182.39752197265625,194.99737548828125,0.17171905934810638,-182.39752197265625,194.99737548828125,0.17171905934810638,1,4,7.397522438221717,False,False
546,0,1,5,-175.0,195.0,-182.37351989746094,194.9973907470703,0.17175395786762238,-182.37351989746094,194.9973907470703,0.17175395786762238,1,4,7.373520359126514,False,False
547,0,1,5,-175.0,195.0,-182.34825134277344,194.9973907470703,0.17174656689167023,-182.34825134277344,194.9973907470703,0.17174656689167023,1,4,7.348251806026552,False,False
548,0,1,5,-175.0,195.0,-182.3218994140625,194.9973907470703,0.1717011034488678,-182.3218994140625,194.9973907470703,0.1717011034488678,1,4,7.321899878982888,False,False
549,0,1,5,-175.0,195.0,-182.2945556640625,194.99740600585938,0.17168018221855164,-182.2945556640625,194.99740600585938,0.17168018221855164,1,4,7.29455612528356,False,False
550,0,1,5,-175.0,195.0,-182.26632690429688,194.99740600585938,0.17168134450912476,-182.26632690429688,194.99740600585938,0.17168134450912476,1,4,7.26632736730972,False,False
551,0,1,5,-175.0,195.0,-182.2373504638672,194.99742126464844,0.17170235514640808,-182.2373504638672,194.99742126464844,0.17170235514640808,1,4,7.23735092328088,False,False
552,0,1,5,-175.0,195.0,-182.2076873779297,194.99742126464844,0.17174123227596283,-182.2076873779297,194.99742126464844,0.17174123227596283,1,4,7.2076878392340875,False,False
553,0,1,5,-175.0,195.0,-182.1774139404297,194.9974365234375,0.171737402677536,-182.1774139404297,194.9974365234375,0.171737402677536,1,4,7.177414398213782,False,False
554,0,1,5,-175.0,195.0,-182.14663696289062,194.9974365234375,0.17169511318206787,-182.14663696289062,194.9974365234375,0.17169511318206787,1,4,7.146637422646165,False,False
555,0,1,5,-175.0,195.0,-182.1154022216797,194.99745178222656,0.17167700827121735,-182.1154022216797,194.99745178222656,0.17167700827121735,1,4,7.115402677972488,False,False
556,0,1,5,-175.0,195.0,-182.0837860107422,194.99746704101562,0.17168067395687103,-182.0837860107422,194.99746704101562,0.17168067395687103,1,4,7.083786463598965,False,False
557,0,1,5,-175.0,195.0,-182.05181884765625,194.99746704101562,0.17170391976833344,-182.05181884765625,194.99746704101562,0.17170391976833344,1,4,7.051819302565908,False,False
558,0,1,5,-175.0,195.0,-182.0195770263672,194.9974822998047,0.17174479365348816,-182.0195770263672,194.9974822998047,0.17174479365348816,1,4,7.019577477876876,False,False
559,0,1,5,-175.0,195.0,-181.98707580566406,194.9974822998047,0.17174270749092102,-181.98707580566406,194.9974822998047,0.17174270749092102,1,4,6.987076259274002,False,False
560,0,1,5,-175.0,195.0,-181.9543914794922,194.99749755859375,0.17170196771621704,-181.9543914794922,194.99749755859375,0.17170196771621704,1,4,6.954391929726604,False,False
561,0,1,5,-175.0,195.0,-181.92153930664062,194.9975128173828,0.17168523371219635,-181.92153930664062,194.9975128173828,0.17168523371219635,1,4,6.921539753512115,False,False
562,0,1,5,-175.0,195.0,-181.8885498046875,194.99752807617188,0.17169009149074554,-181.8885498046875,194.99752807617188,0.17169009149074554,1,4,6.888550248206629,False,False
563,0,1,5,-175.0,195.0,-181.85545349121094,194.99752807617188,0.1717143952846527,-181.85545349121094,194.99752807617188,0.1717143952846527,1,4,6.855453936871259,False,False
564,0,1,5,-175.0,195.0,-181.82228088378906,194.99754333496094,0.17175617814064026,-181.82228088378906,194.99754333496094,0.17175617814064026,1,4,6.822281326104691,False,False
565,0,1,5,-175.0,195.0,-181.7890625,194.99755859375,0.1717548966407776,-181.7890625,194.99755859375,0.1717548966407776,1,4,6.789062938975506,False,False
566,0,1,5,-175.0,195.0,-181.7558135986328,194.99757385253906,0.17171484231948853,-181.7558135986328,194.99757385253906,0.17171484231948853,1,4,6.755814034271779,False,False
567,0,1,5,-175.0,195.0,-181.72254943847656,194.99757385253906,0.17169871926307678,-181.72254943847656,194.99757385253906,0.17169871926307678,1,4,6.722549876271135,False,False
568,0,1,5,-175.0,195.0,-181.68930053710938,194.99758911132812,0.17170409858226776,-181.68930053710938,194.99758911132812,0.17170409858226776,1,4,6.68930097156317,False,False
569,0,1,5,-175.0,195.0,-181.6560821533203,194.9976043701172,0.17172883450984955,-181.6560821533203,194.9976043701172,0.17172883450984955,1,4,6.656082584432957,False,False
570,0,1,5,-175.0,195.0,-181.6228790283203,194.99761962890625,0.17177097499370575,-181.6228790283203,194.99761962890625,0.17177097499370575,1,4,6.622879456092459,False,False
571,0,1,5,-175.0,195.0,-181.58975219726562,194.99761962890625,0.17176999151706696,-181.58975219726562,194.99761962890625,0.17176999151706696,1,4,6.589752627188192,False,False
572,0,1,5,-175.0,195.0,-181.55667114257812,194.9976348876953,0.17173020541667938,-181.55667114257812,194.9976348876953,0.17173020541667938,1,4,6.556671569147943,False,False
573,0,1,5,-175.0,195.0,-181.52366638183594,194.99765014648438,0.17171426117420197,-181.52366638183594,194.99765014648438,0.17171426117420197,1,4,6.523666805049745,False,False
574,0,1,5,-175.0,195.0,-181.49073791503906,194.99766540527344,0.17171978950500488,-181.49073791503906,194.99766540527344,0.17171978950500488,1,4,6.490738334893664,False,False
575,0,1,5,-175.0,195.0,-181.45790100097656,194.9976806640625,0.17174464464187622,-181.45790100097656,194.9976806640625,0.17174464464187622,1,4,6.457901417467851,False,False
576,0,1,5,-175.0,195.0,-181.4251708984375,194.99769592285156,0.17172807455062866,-181.4251708984375,194.99769592285156,0.17172807455062866,1,4,6.425171311560468,False,False
577,0,1,5,-175.0,195.0,-181.3925323486328,194.99769592285156,0.1717330366373062,-181.3925323486328,194.99769592285156,0.1717330366373062,1,4,6.392532763865074,False,False
578,0,1,5,-175.0,195.0,-181.36001586914062,194.99771118164062,0.17175734043121338,-181.36001586914062,194.99771118164062,0.17175734043121338,1,4,6.360016280986241,False,False
579,0,1,5,-175.0,195.0,-181.32760620117188,194.9977264404297,0.17174029350280762,-181.32760620117188,194.9977264404297,0.17174029350280762,1,4,6.32760660962594,False,False
580,0,1,5,-175.0,195.0,-181.29531860351562,194.99774169921875,0.17174479365348816,-181.29531860351562,194.99774169921875,0.17174479365348816,1,4,6.295319008572348,False,False
581,0,1,5,-175.0,195.0,-181.26315307617188,194.9977569580078,0.17170988023281097,-181.26315307617188,194.9977569580078,0.17170988023281097,1,4,6.2631534778255755,False,False
582,0,1,5,-175.0,195.0,-181.23110961914062,194.99777221679688,0.17169833183288574,-181.23110961914062,194.99777221679688,0.17169833183288574,1,4,6.231110017385733,False,False
583,0,1,5,-175.0,195.0,-181.19920349121094,194.99778747558594,0.17170776426792145,-181.19920349121094,194.99778747558594,0.17170776426792145,1,4,6.199203886041026,False,False
584,0,1,5,-175.0,195.0,-181.1674346923828,194.99778747558594,0.17173609137535095,-181.1674346923828,194.99778747558594,0.17173609137535095,1,4,6.167435089246693,False,False
585,0,1,5,-175.0,195.0,-181.13580322265625,194.997802734375,0.17178142070770264,-181.13580322265625,194.997802734375,0.17178142070770264,1,4,6.135803616082823,False,False
586,0,1,5,-175.0,195.0,-181.10430908203125,194.99781799316406,0.1717832386493683,-181.10430908203125,194.99781799316406,0.1717832386493683,1,4,6.104309472014262,False,False
587,0,1,5,-175.0,195.0,-181.0729522705078,194.99783325195312,0.1717459112405777,-181.0729522705078,194.99783325195312,0.1717459112405777,1,4,6.072952657041144,False,False
588,0,1,5,-175.0,195.0,-181.04173278808594,194.9978485107422,0.17173215746879578,-181.04173278808594,194.9978485107422,0.17173215746879578,1,4,6.041733171163611,False,False
589,0,1,5,-175.0,195.0,-181.01065063476562,194.99786376953125,0.1717395782470703,-181.01065063476562,194.99786376953125,0.1717395782470703,1,4,6.010651014381805,False,False
590,0,1,5,-175.0,195.0,-180.97972106933594,194.9978790283203,0.17176608741283417,-180.97972106933594,194.9978790283203,0.17176608741283417,1,4,5.979721445483978,False,False
591,0,1,5,-175.0,195.0,-180.94894409179688,194.99789428710938,0.1717509627342224,-180.94894409179688,194.99789428710938,0.1717509627342224,1,4,5.948944464470292,False,False
592,0,1,5,-175.0,195.0,-180.91830444335938,194.99790954589844,0.17169836163520813,-180.91830444335938,194.99790954589844,0.17169836163520813,1,4,5.918304812552804,False,False
593,0,1,5,-175.0,195.0,-180.8878173828125,194.99790954589844,0.1716708391904831,-180.8878173828125,194.99790954589844,0.1716708391904831,1,4,5.887817753917608,False,False
594,0,1,5,-175.0,195.0,-180.85748291015625,194.9979248046875,0.17166587710380554,-180.85748291015625,194.9979248046875,0.17166587710380554,1,4,5.857483277757447,False,False
595,0,1,5,-175.0,195.0,-180.82728576660156,194.99794006347656,0.171681210398674,-180.82728576660156,194.99794006347656,0.171681210398674,1,4,5.827286130693742,False,False
596,0,1,5,-175.0,195.0,-180.7972412109375,194.99795532226562,0.17171481251716614,-180.7972412109375,194.99795532226562,0.17171481251716614,1,4,5.797241571514777,False,False
597,0,1,5,-175.0,195.0,-180.767333984375,194.9979705810547,0.17176483571529388,-180.767333984375,194.9979705810547,0.17176483571529388,1,4,5.7673343414326235,False,False
598,0,1,5,-175.0,195.0,-180.7375946044922,194.99798583984375,0.1717708706855774,-180.7375946044922,194.99798583984375,0.1717708706855774,1,4,5.737594958023701,False,False
599,0,1,5,-175.0,195.0,-180.70799255371094,194.9980010986328,0.17173728346824646,-180.70799255371094,194.9980010986328,0.17173728346824646,1,4,5.707992903711968,False,False
600,0,1,5,-175.0,195.0,-180.67852783203125,194.99801635742188,0.17172685265541077,-180.67852783203125,194.99801635742188,0.17172685265541077,1,4,5.678528178497612,False,False
601,0,1,5,-175.0,195.0,-180.64923095703125,194.99801635742188,0.17173723876476288,-180.64923095703125,194.99801635742188,0.17173723876476288,1,4,5.649231305294384,False,False
602,0,1,5,-175.0,195.0,-180.6200714111328,194.99803161621094,0.17176638543605804,-180.6200714111328,194.99803161621094,0.17176638543605804,1,4,5.620071755837919,False,False
603,0,1,5,-175.0,195.0,-180.591064453125,194.998046875,0.17175360023975372,-180.591064453125,194.998046875,0.17175360023975372,1,4,5.5910647942672975,False,False
604,0,1,5,-175.0,195.0,-180.5622100830078,194.99806213378906,0.1717618703842163,-180.5622100830078,194.99806213378906,0.1717618703842163,1,4,5.5622104205827405,False,False
605,0,1,5,-175.0,195.0,-180.5334930419922,194.99807739257812,0.17173027992248535,-180.5334930419922,194.99807739257812,0.17173027992248535,1,4,5.533493375996329,False,False
606,0,1,5,-175.0,195.0,-180.5049285888672,194.9980926513672,0.17172163724899292,-180.5049285888672,194.9980926513672,0.17172163724899292,1,4,5.5049289192964235,False,False
607,0,1,5,-175.0,195.0,-180.47650146484375,194.99810791015625,0.17173363268375397,-180.47650146484375,194.99810791015625,0.17173363268375397,1,4,5.476501791695107,False,False
608,0,1,5,-175.0,195.0,-180.44822692871094,194.9981231689453,0.17176419496536255,-180.44822692871094,194.9981231689453,0.17176419496536255,1,4,5.44822725198076,False,False
609,0,1,5,-175.0,195.0,-180.4200897216797,194.9981231689453,0.1717526614665985,-180.4200897216797,194.9981231689453,0.1717526614665985,1,4,5.420090046627694,False,False
610,0,1,5,-175.0,195.0,-180.39210510253906,194.99813842773438,0.17176204919815063,-180.39210510253906,194.99813842773438,0.17176204919815063,1,4,5.392105423883986,False,False
611,0,1,5,-175.0,195.0,-180.36427307128906,194.99815368652344,0.17173147201538086,-180.36427307128906,194.99815368652344,0.17173147201538086,1,4,5.364273389027674,False,False
612,0,1,5,-175.0,195.0,-180.33657836914062,194.9981689453125,0.17172370851039886,-180.33657836914062,194.9981689453125,0.17172370851039886,1,4,5.336578683270854,False,False
613,0,1,5,-175.0,195.0,-180.30902099609375,194.99818420410156,0.1717364639043808,-180.30902099609375,194.99818420410156,0.1717364639043808,1,4,5.309021306613773,False,False
614,0,1,5,-175.0,195.0,-180.28160095214844,194.99819946289062,0.1717677116394043,-180.28160095214844,194.99819946289062,0.1717677116394043,1,4,5.281601259056686,False,False
615,0,1,5,-175.0,195.0,-180.25433349609375,194.9982147216797,0.1717567890882492,-180.25433349609375,194.9982147216797,0.1717567890882492,1,4,5.25433379938803,False,False
616,0,1,5,-175.0,195.0,-180.2272186279297,194.9982147216797,0.1717667132616043,-180.2272186279297,194.9982147216797,0.1717667132616043,1,4,5.227218932797229,False,False
617,0,1,5,-175.0,195.0,-180.20022583007812,194.99822998046875,0.17179538309574127,-180.20022583007812,194.99822998046875,0.17179538309574127,1,4,5.200226131312067,False,False
618,0,1,5,-175.0,195.0,-180.1733856201172,194.9982452392578,0.17178213596343994,-180.1733856201172,194.9982452392578,0.17178213596343994,1,4,5.17338591771584,False,False
619,0,1,5,-175.0,195.0,-180.14666748046875,194.99826049804688,0.1717311590909958,-180.14666748046875,194.99826049804688,0.1717311590909958,1,4,5.146667774432462,False,False
620,0,1,5,-175.0,195.0,-180.12010192871094,194.99827575683594,0.17170503735542297,-180.12010192871094,194.99827575683594,0.17170503735542297,1,4,5.120102219038595,False,False
621,0,1,5,-175.0,195.0,-180.0936737060547,194.998291015625,0.17170125246047974,-180.0936737060547,194.998291015625,0.17170125246047974,1,4,5.093673992746345,False,False
622,0,1,5,-175.0,195.0,-180.0673828125,194.998291015625,0.1717175990343094,-180.0673828125,194.998291015625,0.1717175990343094,1,4,5.067383100679088,False,False
623,0,1,5,-175.0,195.0,-180.04122924804688,194.99830627441406,0.17175203561782837,-180.04122924804688,194.99830627441406,0.17175203561782837,1,4,5.041229532571357,False,False
624,0,1,5,-175.0,195.0,-180.0152130126953,194.99832153320312,0.17180275917053223,-180.0152130126953,194.99832153320312,0.17180275917053223,1,4,5.0152132935658065,False,False
625,0,1,5,-175.0,195.0,-179.9893341064453,194.9983367919922,0.1718093454837799,-179.9893341064453,194.9983367919922,0.1718093454837799,1,4,4.989334383662747,False,False
626,0,1,5,-175.0,195.0,-179.9635772705078,194.99835205078125,0.1717762053012848,-179.9635772705078,194.99835205078125,0.1717762053012848,1,4,4.963577544074275,False,False
627,0,1,5,-175.0,195.0,-179.93797302246094,194.9983673095703,0.17170731723308563,-179.93797302246094,194.9983673095703,0.17170731723308563,1,4,4.937973292377151,False,False
628,0,1,5,-175.0,195.0,-179.91249084472656,194.9983673095703,0.1716650426387787,-179.91249084472656,194.9983673095703,0.1716650426387787,1,4,4.912491116042892,False,False
629,0,1,5,-175.0,195.0,-179.88714599609375,194.99838256835938,0.17164671421051025,-179.88714599609375,194.99838256835938,0.17164671421051025,1,4,4.887146263743319,False,False
630,0,1,5,-175.0,195.0,-179.8619384765625,194.99839782714844,0.1716499626636505,-179.8619384765625,194.99839782714844,0.1716499626636505,1,4,4.8619387405475125,False,False
631,0,1,5,-175.0,195.0,-179.83685302734375,194.9984130859375,0.17167259752750397,-179.83685302734375,194.9984130859375,0.17167259752750397,1,4,4.8368532876675765,False,False
632,0,1,5,-175.0,195.0,-179.81190490722656,194.9984130859375,0.17171268165111542,-179.81190490722656,194.9984130859375,0.17171268165111542,1,4,4.811905168900081,False,False
633,0,1,5,-175.0,195.0,-179.78707885742188,194.99842834472656,0.17176847159862518,-179.78707885742188,194.99842834472656,0.17176847159862518,1,4,4.787079115418485,False,False
634,0,1,5,-175.0,195.0,-179.76239013671875,194.99844360351562,0.17183838784694672,-179.76239013671875,194.99844360351562,0.17183838784694672,1,4,4.762390391041672,False,False
635,0,1,5,-175.0,195.0,-179.7378387451172,194.9984588623047,0.17186224460601807,-179.7378387451172,194.9984588623047,0.17186224460601807,1,4,4.737838995770012,False,False
636,0,1,5,-175.0,195.0,-179.71339416503906,194.99847412109375,0.17184461653232574,-179.71339416503906,194.99847412109375,0.17184461653232574,1,4,4.713394412027357,False,False
637,0,1,5,-175.0,195.0,-179.68910217285156,194.99847412109375,0.17178966104984283,-179.68910217285156,194.99847412109375,0.17178966104984283,1,4,4.689102421119386,False,False
638,0,1,5,-175.0,195.0,-179.6649169921875,194.9984893798828,0.171701118350029,-179.6649169921875,194.9984893798828,0.171701118350029,1,4,4.664917236776319,False,False
639,0,1,5,-175.0,195.0,-179.640869140625,194.99850463867188,0.17164115607738495,-179.640869140625,194.99850463867188,0.17164115607738495,1,4,4.6408693815395115,False,False
640,0,1,5,-175.0,195.0,-179.616943359375,194.99850463867188,0.1716068834066391,-179.616943359375,194.99850463867188,0.1716068834066391,1,4,4.6169436015379715,False,False
641,0,1,5,-175.0,195.0,-179.5931396484375,194.99851989746094,0.1715957522392273,-179.5931396484375,194.99851989746094,0.1715957522392273,1,4,4.5931398869131,False,False
642,0,1,5,-175.0,195.0,-179.56947326660156,194.99853515625,0.1716054379940033,-179.56947326660156,194.99853515625,0.1716054379940033,1,4,4.569473501395272,False,False
643,0,1,5,-175.0,195.0,-179.54591369628906,194.99855041503906,0.17163385450839996,-179.54591369628906,194.99855041503906,0.17163385450839996,1,4,4.545913927408332,False,False
644,0,1,5,-175.0,195.0,-179.52249145507812,194.99855041503906,0.17167912423610687,-179.52249145507812,194.99855041503906,0.17167912423610687,1,4,4.522491687394374,False,False
645,0,1,5,-175.0,195.0,-179.4991912841797,194.99856567382812,0.1717395782470703,-179.4991912841797,194.99856567382812,0.1717395782470703,1,4,4.499191512808721,False,False
646,0,1,5,-175.0,195.0,-179.4759979248047,194.9985809326172,0.17181366682052612,-179.4759979248047,194.9985809326172,0.17181366682052612,1,4,4.475998149754768,False,False
647,0,1,5,-175.0,195.0,-179.45294189453125,194.99859619140625,0.17184123396873474,-179.45294189453125,194.99859619140625,0.17184123396873474,1,4,4.452942115809516,False,False
648,0,1,5,-175.0,195.0,-179.4300079345703,194.99859619140625,0.17182694375514984,-179.4300079345703,194.99859619140625,0.17182694375514984,1,4,4.430008156994126,False,False
649,0,1,5,-175.0,195.0,-179.4071807861328,194.9986114501953,0.1717749834060669,-179.4071807861328,194.9986114501953,0.1717749834060669,1,4,4.407181004874748,False,False
650,0,1,5,-175.0,195.0,-179.3844757080078,194.99862670898438,0.17174790799617767,-179.3844757080078,194.99862670898438,0.17174790799617767,1,4,4.384475923076648,False,False
651,0,1,5,-175.0,195.0,-179.36190795898438,194.99862670898438,0.171743243932724,-179.36190795898438,194.99862670898438,0.171743243932724,1,4,4.361908175165938,False,False
652,0,1,5,-175.0,195.0,-179.3394317626953,194.99864196777344,0.1717587262392044,-179.3394317626953,194.99864196777344,0.1717587262392044,1,4,4.339431975194504,False,False
653,0,1,5,-175.0,195.0,-179.3170928955078,194.9986572265625,0.17179234325885773,-179.3170928955078,194.9986572265625,0.17179234325885773,1,4,4.317093104333578,False,False
654,0,1,5,-175.0,195.0,-179.29486083984375,194.9986572265625,0.1718422919511795,-179.29486083984375,194.9986572265625,0.1718422919511795,1,4,4.294861049750488,False,False
655,0,1,5,-175.0,195.0,-179.2727508544922,194.99867248535156,0.1718481332063675,-179.2727508544922,194.99867248535156,0.1718481332063675,1,4,4.272751060717072,False,False
656,0,1,5,-175.0,195.0,-179.25074768066406,194.99868774414062,0.17181426286697388,-179.25074768066406,194.99868774414062,0.17181426286697388,1,4,4.250747883218475,False,False
657,0,1,5,-175.0,195.0,-179.22886657714844,194.99868774414062,0.1717446744441986,-179.22886657714844,194.99868774414062,0.1717446744441986,1,4,4.228866780750912,False,False
658,0,1,5,-175.0,195.0,-179.2071075439453,194.9987030029297,0.17170172929763794,-179.2071075439453,194.9987030029297,0.17170172929763794,1,4,4.207107743869054,False,False
659,0,1,5,-175.0,195.0,-179.18545532226562,194.9987030029297,0.17168276011943817,-179.18545532226562,194.9987030029297,0.17168276011943817,1,4,4.185455523223613,False,False
660,0,1,5,-175.0,195.0,-179.16390991210938,194.99871826171875,0.1716853827238083,-179.16390991210938,194.99871826171875,0.1716853827238083,1,4,4.163910109382253,False,False
661,0,1,5,-175.0,195.0,-179.14248657226562,194.9987335205078,0.1717074066400528,-179.14248657226562,194.9987335205078,0.1717074066400528,1,4,4.14248676586556,False,False
662,0,1,5,-175.0,195.0,-179.1211700439453,194.9987335205078,0.17174690961837769,-179.1211700439453,194.9987335205078,0.17174690961837769,1,4,4.121170238546633,False,False
663,0,1,5,-175.0,195.0,-179.0999755859375,194.99874877929688,0.17180213332176208,-179.0999755859375,194.99874877929688,0.17180213332176208,1,4,4.09997577685976,False,False
664,0,1,5,-175.0,195.0,-179.07888793945312,194.99876403808594,0.17187149822711945,-179.07888793945312,194.99876403808594,0.17187149822711945,1,4,4.07888812671027,False,False
665,0,1,5,-175.0,195.0,-179.0579071044922,194.99876403808594,0.17189480364322662,-179.0579071044922,194.99876403808594,0.17189480364322662,1,4,4.057907292717519,False,False
666,0,1,5,-175.0,195.0,-179.0370330810547,194.998779296875,0.17187665402889252,-179.0370330810547,194.998779296875,0.17187665402889252,1,4,4.03703326561053,False,False
667,0,1,5,-175.0,195.0,-179.01626586914062,194.998779296875,0.1718212068080902,-179.01626586914062,194.998779296875,0.1718212068080902,1,4,4.016266054650765,False,False
668,0,1,5,-175.0,195.0,-178.99562072753906,194.99879455566406,0.17173215746879578,-178.99562072753906,194.99879455566406,0.17173215746879578,1,4,3.9956209093751416,False,False
669,0,1,5,-175.0,195.0,-178.97508239746094,194.99879455566406,0.17167170345783234,-178.97508239746094,194.99879455566406,0.17167170345783234,1,4,3.9750825802365215,False,False
670,0,1,5,-175.0,195.0,-178.9546356201172,194.99880981445312,0.17163696885108948,-178.9546356201172,194.99880981445312,0.17163696885108948,1,4,3.9546357992160655,False,False
671,0,1,5,-175.0,195.0,-178.93431091308594,194.9988250732422,0.17162537574768066,-178.93431091308594,194.9988250732422,0.17162537574768066,1,4,3.93431108852363,False,False
672,0,1,5,-175.0,195.0,-178.91409301757812,194.9988250732422,0.17163459956645966,-178.91409301757812,194.9988250732422,0.17163459956645966,1,4,3.914093193922025,False,False
673,0,1,5,-175.0,195.0,-178.8939666748047,194.99884033203125,0.1716625839471817,-178.8939666748047,194.99884033203125,0.1716625839471817,1,4,3.893966847485899,False,False
674,0,1,5,-175.0,195.0,-178.87396240234375,194.99884033203125,0.171707421541214,-178.87396240234375,194.99884033203125,0.171707421541214,1,4,3.8739625759166487,False,False
675,0,1,5,-175.0,195.0,-178.8540496826172,194.9988555908203,0.1717674285173416,-178.8540496826172,194.9988555908203,0.1717674285173416,1,4,3.8540498525257836,False,False
676,0,1,5,-175.0,195.0,-178.83424377441406,194.9988555908203,0.1718411147594452,-178.83424377441406,194.9988555908203,0.1718411147594452,1,4,3.8342439452003267,False,False
677,0,1,5,-175.0,195.0,-178.81454467773438,194.99887084960938,0.17186827957630157,-178.81454467773438,194.99887084960938,0.17186827957630157,1,4,3.814544844855314,False,False
678,0,1,5,-175.0,195.0,-178.79495239257812,194.99887084960938,0.17185358703136444,-178.79495239257812,194.99887084960938,0.17185358703136444,1,4,3.794952560561863,False,False
679,0,1,5,-175.0,195.0,-178.7754669189453,194.99888610839844,0.17180123925209045,-178.7754669189453,194.99888610839844,0.17180123925209045,1,4,3.7754670832633295,False,False
680,0,1,5,-175.0,195.0,-178.75607299804688,194.99888610839844,0.1717737764120102,-178.75607299804688,194.99888610839844,0.1717737764120102,1,4,3.756073163213323,False,False
681,0,1,5,-175.0,195.0,-178.73678588867188,194.9989013671875,0.17176872491836548,-178.73678588867188,194.9989013671875,0.17176872491836548,1,4,3.7367860501735057,False,False
682,0,1,5,-175.0,195.0,-178.7176055908203,194.9989013671875,0.17178383469581604,-178.7176055908203,194.9989013671875,0.17178383469581604,1,4,3.717605753155181,False,False
683,0,1,5,-175.0,195.0,-178.69851684570312,194.99891662597656,0.1718170940876007,-178.69851684570312,194.99891662597656,0.1718170940876007,1,4,3.6985170043747355,False,False
684,0,1,5,-175.0,195.0,-178.6795196533203,194.99891662597656,0.17186668515205383,-178.6795196533203,194.99891662597656,0.17186668515205383,1,4,3.6795198128111375,False,False
685,0,1,5,-175.0,195.0,-178.66064453125,194.99893188476562,0.17187216877937317,-178.66064453125,194.99893188476562,0.17187216877937317,1,4,3.660644687079133,False,False
686,0,1,5,-175.0,195.0,-178.641845703125,194.99893188476562,0.1718379557132721,-178.641845703125,194.99893188476562,0.1718379557132721,1,4,3.641845859758507,False,False
687,0,1,5,-175.0,195.0,-178.62315368652344,194.9989471435547,0.17176802456378937,-178.62315368652344,194.9989471435547,0.17176802456378937,1,4,3.623153839498824,False,False
688,0,1,5,-175.0,195.0,-178.6045684814453,194.9989471435547,0.17172473669052124,-178.6045684814453,194.9989471435547,0.17172473669052124,1,4,3.6045686352094424,False,False
689,0,1,5,-175.0,195.0,-178.58607482910156,194.99896240234375,0.1717054396867752,-178.58607482910156,194.99896240234375,0.1717054396867752,1,4,3.5860749792112125,False,False
690,0,1,5,-175.0,195.0,-178.5676727294922,194.99896240234375,0.17170771956443787,-178.5676727294922,194.99896240234375,0.17170771956443787,1,4,3.567672880376105,False,False
691,0,1,5,-175.0,195.0,-178.54937744140625,194.9989776611328,0.1717294305562973,-178.54937744140625,194.9989776611328,0.1717294305562973,1,4,3.5493775886400614,False,False
692,0,1,5,-175.0,195.0,-178.5311737060547,194.9989776611328,0.17176862061023712,-178.5311737060547,194.9989776611328,0.17176862061023712,1,4,3.5311738540475113,False,False
693,0,1,5,-175.0,195.0,-178.5130615234375,194.9989776611328,0.17182353138923645,-178.5130615234375,194.9989776611328,0.17182353138923645,1,4,3.513061672193326,False,False
694,0,1,5,-175.0,195.0,-178.4950408935547,194.99899291992188,0.17189259827136993,-178.4950408935547,194.99899291992188,0.17189259827136993,1,4,3.495041038647448,False,False
695,0,1,5,-175.0,195.0,-178.4771270751953,194.99899291992188,0.17191560566425323,-178.4771270751953,194.99899291992188,0.17191560566425323,1,4,3.477127221035577,False,False
696,0,1,5,-175.0,195.0,-178.4593048095703,194.99900817871094,0.17189715802669525,-178.4593048095703,194.99900817871094,0.17189715802669525,1,4,3.459304951753425,False,False
697,0,1,5,-175.0,195.0,-178.4415740966797,194.99900817871094,0.17184139788150787,-178.4415740966797,194.99900817871094,0.17184139788150787,1,4,3.4415742395953157,False,False
698,0,1,5,-175.0,195.0,-178.42393493652344,194.9990234375,0.17175208032131195,-178.42393493652344,194.9990234375,0.17175208032131195,1,4,3.4239350757892697,False,False
699,0,1,5,-175.0,195.0,-178.40638732910156,194.9990234375,0.17169134318828583,-178.40638732910156,194.9990234375,0.17169134318828583,1,4,3.4063874690848066,False,False
700,0,1,5,-175.0,195.0,-178.38893127441406,194.9990234375,0.1716563105583191,-178.38893127441406,194.9990234375,0.1716563105583191,1,4,3.3889314151183463,False,False
701,0,1,5,-175.0,195.0,-178.37156677246094,194.99903869628906,0.1716444492340088,-178.37156677246094,194.99903869628906,0.1716444492340088,1,4,3.3715669095047613,False,False
702,0,1,5,-175.0,195.0,-178.3542938232422,194.99903869628906,0.1716534048318863,-178.3542938232422,194.99903869628906,0.1716534048318863,1,4,3.354293960991719,False,False
703,0,1,5,-175.0,195.0,-178.3371124267578,194.99905395507812,0.17168110609054565,-178.3371124267578,194.99905395507812,0.17168110609054565,1,4,3.3371125608559282,False,False
704,0,1,5,-175.0,195.0,-178.3200225830078,194.99905395507812,0.17172567546367645,-178.3200225830078,194.99905395507812,0.17172567546367645,1,4,3.320022717796199,False,False
705,0,1,5,-175.0,195.0,-178.30300903320312,194.99905395507812,0.17178542912006378,-178.30300903320312,194.99905395507812,0.17178542912006378,1,4,3.3030091686857967,False,False
706,0,1,5,-175.0,195.0,-178.28610229492188,194.9990692138672,0.17185884714126587,-178.28610229492188,194.9990692138672,0.17185884714126587,1,4,3.286102426744127,False,False
707,0,1,5,-175.0,195.0,-178.26927185058594,194.9990692138672,0.17188575863838196,-178.26927185058594,194.9990692138672,0.17188575863838196,1,4,3.2692719830868193,False,False
708,0,1,5,-175.0,195.0,-178.25253295898438,194.9990692138672,0.17187082767486572,-178.25253295898438,194.9990692138672,0.17187082767486572,1,4,3.252533092167162,False,False
709,0,1,5,-175.0,195.0,-178.2358856201172,194.99908447265625,0.17181822657585144,-178.2358856201172,194.99908447265625,0.17181822657585144,1,4,3.2358857496320095,False,False
710,0,1,5,-175.0,195.0,-178.21932983398438,194.99908447265625,0.17179052531719208,-178.21932983398438,194.99908447265625,0.17179052531719208,1,4,3.2193299641652424,False,False
711,0,1,5,-175.0,195.0,-178.20285034179688,194.9990997314453,0.17178523540496826,-178.20285034179688,194.9990997314453,0.17178523540496826,1,4,3.2028504683222145,False,False
712,0,1,5,-175.0,195.0,-178.18646240234375,194.9990997314453,0.17180010676383972,-178.18646240234375,194.9990997314453,0.17180010676383972,1,4,3.186462529519808,False,False
713,0,1,5,-175.0,195.0,-178.170166015625,194.9990997314453,0.1718331277370453,-178.170166015625,194.9990997314453,0.1718331277370453,1,4,3.1701661434548125,False,False
714,0,1,5,-175.0,195.0,-178.15394592285156,194.99911499023438,0.1718824803829193,-178.15394592285156,194.99911499023438,0.1718824803829193,1,4,3.1539460470201894,False,False
715,0,1,5,-175.0,195.0,-178.1378173828125,194.99911499023438,0.17188774049282074,-178.1378173828125,194.99911499023438,0.17188774049282074,1,4,3.13781750761936,False,False
716,0,1,5,-175.0,195.0,-178.12176513671875,194.99911499023438,0.17185330390930176,-178.12176513671875,194.99911499023438,0.17185330390930176,1,4,3.121765262167372,False,False
717,0,1,5,-175.0,195.0,-178.10580444335938,194.99913024902344,0.17178316414356232,-178.10580444335938,194.99913024902344,0.17178316414356232,1,4,3.1058045651421144,False,False
718,0,1,5,-175.0,195.0,-178.0899200439453,194.99913024902344,0.17173966765403748,-178.0899200439453,194.99913024902344,0.17173966765403748,1,4,3.0899201663541023,False,False
719,0,1,5,-175.0,195.0,-178.07412719726562,194.99913024902344,0.17172014713287354,-178.07412719726562,194.99913024902344,0.17172014713287354,1,4,3.074127320303271,False,False
720,0,1,5,-175.0,195.0,-178.05841064453125,194.9991455078125,0.17172221839427948,-178.05841064453125,194.9991455078125,0.17172221839427948,1,4,3.0584107638999303,False,False
721,0,1,5,-175.0,195.0,-178.04278564453125,194.9991455078125,0.1717437207698822,-178.04278564453125,194.9991455078125,0.1717437207698822,1,4,3.0427857645129,False,False
722,0,1,5,-175.0,195.0,-178.02723693847656,194.9991455078125,0.1717827022075653,-178.02723693847656,194.9991455078125,0.1717827022075653,1,4,3.0272370590744706,False,False
723,0,1,5,-175.0,195.0,-178.0117645263672,194.99916076660156,0.17183741927146912,-178.0117645263672,194.99916076660156,0.17183741927146912,1,4,3.011764643294105,False,False
724,0,1,5,-175.0,195.0,-177.9963836669922,194.99916076660156,0.1719062775373459,-177.9963836669922,194.99916076660156,0.1719062775373459,1,4,2.996383784519307,False,False
725,0,1,5,-175.0,195.0,-177.9810791015625,194.99916076660156,0.17192909121513367,-177.9810791015625,194.99916076660156,0.17192909121513367,1,4,2.981079219692992,False,False
726,0,1,5,-175.0,195.0,-177.96585083007812,194.99916076660156,0.17191044986248016,-177.96585083007812,194.99916076660156,0.17191044986248016,1,4,2.9658509488151625,False,False
727,0,1,5,-175.0,195.0,-177.95069885253906,194.99917602539062,0.17185451090335846,-177.95069885253906,194.99917602539062,0.17185451090335846,1,4,2.950698967585392,False,False
728,0,1,5,-175.0,195.0,-177.93563842773438,194.99917602539062,0.17176499962806702,-177.93563842773438,194.99917602539062,0.17176499962806702,1,4,2.9356385433709153,False,False
729,0,1,5,-175.0,195.0,-177.920654296875,194.99917602539062,0.17170408368110657,-177.920654296875,194.99917602539062,0.17170408368110657,1,4,2.9206544131048022,False,False
730,0,1,5,-175.0,195.0,-177.90574645996094,194.9991912841797,0.1716688722372055,-177.90574645996094,194.9991912841797,0.1716688722372055,1,4,2.905746572500224,False,False
731,0,1,5,-175.0,195.0,-177.8909149169922,194.9991912841797,0.17165681719779968,-177.8909149169922,194.9991912841797,0.17165681719779968,1,4,2.890915030108845,False,False
732,0,1,5,-175.0,195.0,-177.87615966796875,194.9991912841797,0.17166559398174286,-177.87615966796875,194.9991912841797,0.17166559398174286,1,4,2.8761597816657174,False,False
733,0,1,5,-175.0,195.0,-177.86148071289062,194.9991912841797,0.1716931313276291,-177.86148071289062,194.9991912841797,0.1716931313276291,1,4,2.8614808271708405,False,False
734,0,1,5,-175.0,195.0,-177.84689331054688,194.99920654296875,0.17173753678798676,-177.84689331054688,194.99920654296875,0.17173753678798676,1,4,2.8468934211189936,False,False
735,0,1,5,-175.0,195.0,-177.83236694335938,194.99920654296875,0.17179711163043976,-177.83236694335938,194.99920654296875,0.17179711163043976,1,4,2.832367054498585,False,False
736,0,1,5,-175.0,195.0,-177.8179168701172,194.99920654296875,0.1718703657388687,-177.8179168701172,194.99920654296875,0.1718703657388687,1,4,2.8179169818263112,False,False
737,0,1,5,-175.0,195.0,-177.8035430908203,194.9992218017578,0.17189711332321167,-177.8035430908203,194.9992218017578,0.17189711332321167,1,4,2.8035431988251607,False,False
738,0,1,5,-175.0,195.0,-177.7892608642578,194.9992218017578,0.1718820184469223,-177.7892608642578,194.9992218017578,0.1718820184469223,1,4,2.7892609728156925,False,False
739,0,1,5,-175.0,195.0,-177.77503967285156,194.9992218017578,0.17182926833629608,-177.77503967285156,194.9992218017578,0.17182926833629608,1,4,2.775039781965767,False,False
740,0,1,5,-175.0,195.0,-177.76089477539062,194.9992218017578,0.1718014031648636,-177.76089477539062,194.9992218017578,0.1718014031648636,1,4,2.7608948850638546,False,False
741,0,1,5,-175.0,195.0,-177.746826171875,194.99923706054688,0.17179596424102783,-177.746826171875,194.99923706054688,0.17179596424102783,1,4,2.746826277829393,False,False
742,0,1,5,-175.0,195.0,-177.73281860351562,194.99923706054688,0.17181068658828735,-177.73281860351562,194.99923706054688,0.17181068658828735,1,4,2.7328187100131065,False,False
743,0,1,5,-175.0,195.0,-177.71890258789062,194.99923706054688,0.17184355854988098,-177.71890258789062,194.99923706054688,0.17184355854988098,1,4,2.718902694933187,False,False
744,0,1,5,-175.0,195.0,-177.70504760742188,194.99923706054688,0.17189276218414307,-177.70504760742188,194.99923706054688,0.17189276218414307,1,4,2.7050477150126984,False,False
745,0,1,5,-175.0,195.0,-177.69126892089844,194.99925231933594,0.17189787328243256,-177.69126892089844,194.99925231933594,0.17189787328243256,1,4,2.6912690247576916,False,False
746,0,1,5,-175.0,195.0,-177.6775665283203,194.99925231933594,0.17186330258846283,-177.6775665283203,194.99925231933594,0.17186330258846283,1,4,2.677566632711064,False,False
747,0,1,5,-175.0,195.0,-177.66392517089844,194.99925231933594,0.17179301381111145,-177.66392517089844,194.99925231933594,0.17179301381111145,1,4,2.6639252758237504,False,False
748,0,1,5,-175.0,195.0,-177.65037536621094,194.99925231933594,0.17174936830997467,-177.65037536621094,194.99925231933594,0.17174936830997467,1,4,2.6503754716726715,False,False
749,0,1,5,-175.0,195.0,-177.63687133789062,194.999267578125,0.17172972857952118,-177.63687133789062,194.999267578125,0.17172972857952118,1,4,2.636871439609997,False,False
750,0,1,5,-175.0,195.0,-177.6234588623047,194.999267578125,0.17173166573047638,-177.6234588623047,194.999267578125,0.17173166573047638,1,4,2.6234589645441013,False,False
751,0,1,5,-175.0,195.0,-177.610107421875,194.999267578125,0.17175303399562836,-177.610107421875,194.999267578125,0.17175303399562836,1,4,2.6101075246373973,False,False
752,0,1,5,-175.0,195.0,-177.59683227539062,194.999267578125,0.17179188132286072,-177.59683227539062,194.999267578125,0.17179188132286072,1,4,2.596832378678349,False,False
753,0,1,5,-175.0,195.0,-177.5836181640625,194.99928283691406,0.1718464493751526,-177.5836181640625,194.99928283691406,0.1718464493751526,1,4,2.5836182635978897,False,False
754,0,1,5,-175.0,195.0,-177.5704803466797,194.99928283691406,0.171915203332901,-177.5704803466797,194.99928283691406,0.171915203332901,1,4,2.5704804467238063,False,False
755,0,1,5,-175.0,195.0,-177.55740356445312,194.99928283691406,0.17193788290023804,-177.55740356445312,194.99928283691406,0.17193788290023804,1,4,2.5574036650088,False,False
756,0,1,5,-175.0,195.0,-177.54440307617188,194.99928283691406,0.17191912233829498,-177.54440307617188,194.99928283691406,0.17191912233829498,1,4,2.5444031772413336,False,False
757,0,1,5,-175.0,195.0,-177.53146362304688,194.99928283691406,0.17186306416988373,-177.53146362304688,194.99928283691406,0.17186306416988373,1,4,2.531463724632945,False,False
758,0,1,5,-175.0,195.0,-177.5186004638672,194.99929809570312,0.17177343368530273,-177.5186004638672,194.99929809570312,0.17177343368530273,1,4,2.5186005616734173,False,False
759,0,1,5,-175.0,195.0,-177.50579833984375,194.99929809570312,0.17171238362789154,-177.50579833984375,194.99929809570312,0.17171238362789154,1,4,2.505798438149672,False,False
760,0,1,5,-175.0,195.0,-177.49305725097656,194.99929809570312,0.17167706787586212,-177.49305725097656,194.99929809570312,0.17167706787586212,1,5,2.4930573497848894,True,False
761,0,1,6,-170.0,195.0,-177.47789001464844,194.99929809570312,0.17166492342948914,-177.47789001464844,194.99929809570312,0.17166492342948914,1,5,7.477890047590193,False,False
762,0,1,6,-170.0,195.0,-177.46054077148438,194.9993133544922,0.17167367041110992,-177.46054077148438,194.9993133544922,0.17167367041110992,1,5,7.4605408030827585,False,False
763,0,1,6,-170.0,195.0,-177.4412384033203,194.9993133544922,0.17170117795467377,-177.4412384033203,194.9993133544922,0.17170117795467377,1,5,7.441238435000661,False,False
764,0,1,6,-170.0,195.0,-177.42019653320312,194.9993133544922,0.17174559831619263,-177.42019653320312,194.9993133544922,0.17174559831619263,1,5,7.4201965649733115,False,False
765,0,1,6,-170.0,195.0,-177.3975830078125,194.99932861328125,0.1718052178621292,-177.3975830078125,194.99932861328125,0.1718052178621292,1,5,7.397583038279216,False,False
766,0,1,6,-170.0,195.0,-177.37356567382812,194.99932861328125,0.17187853157520294,-177.37356567382812,194.99932861328125,0.17187853157520294,1,5,7.373565704394078,False,False
767,0,1,6,-170.0,195.0,-177.3483123779297,194.9993438720703,0.17190535366535187,-177.3483123779297,194.9993438720703,0.17190535366535187,1,5,7.34831240722239,False,False
768,0,1,6,-170.0,195.0,-177.3219451904297,194.9993438720703,0.17189034819602966,-177.3219451904297,194.9993438720703,0.17189034819602966,1,5,7.321945219827876,False,False
769,0,1,6,-170.0,195.0,-177.2946014404297,194.99935913085938,0.1718377023935318,-177.2946014404297,194.99935913085938,0.1718377023935318,1,5,7.2946014685815515,False,False
770,0,1,6,-170.0,195.0,-177.26637268066406,194.99935913085938,0.17180997133255005,-177.26637268066406,194.99935913085938,0.17180997133255005,1,5,7.266372708925292,False,False
771,0,1,6,-170.0,195.0,-177.23739624023438,194.99937438964844,0.17180465161800385,-177.23739624023438,194.99937438964844,0.17180465161800385,1,5,7.237396267273679,False,False
772,0,1,6,-170.0,195.0,-177.20773315429688,194.99937438964844,0.1718195229768753,-177.20773315429688,194.99937438964844,0.1718195229768753,1,5,7.207733181447458,False,False
773,0,1,6,-170.0,195.0,-177.17745971679688,194.9993896484375,0.17185255885124207,-177.17745971679688,194.9993896484375,0.17185255885124207,1,5,7.17745974274819,False,False
774,0,1,6,-170.0,195.0,-177.1466827392578,194.9993896484375,0.17184312641620636,-177.1466827392578,194.9993896484375,0.17184312641620636,1,5,7.146682765320886,False,False
775,0,1,6,-170.0,195.0,-177.11544799804688,194.99940490722656,0.17185428738594055,-177.11544799804688,194.99940490722656,0.17185428738594055,1,5,7.115448022931844,False,False
776,0,1,6,-170.0,195.0,-177.08383178710938,194.99940490722656,0.17182517051696777,-177.08383178710938,194.99940490722656,0.17182517051696777,1,5,7.08383181210541,False,False
777,0,1,6,-170.0,195.0,-177.05186462402344,194.99942016601562,0.17181862890720367,-177.05186462402344,194.99942016601562,0.17181862890720367,1,5,7.051864647861633,False,False
778,0,1,6,-170.0,195.0,-177.01962280273438,194.9994354248047,0.1718323677778244,-177.01962280273438,194.9994354248047,0.1718323677778244,1,5,7.019622825438241,False,False
779,0,1,6,-170.0,195.0,-176.98712158203125,194.9994354248047,0.17186439037322998,-176.98712158203125,194.9994354248047,0.17186439037322998,1,5,6.987121604840725,False,False
780,0,1,6,-170.0,195.0,-176.95443725585938,194.99945068359375,0.17185403406620026,-176.95443725585938,194.99945068359375,0.17185403406620026,1,5,6.95443727755405,False,False
781,0,1,6,-170.0,195.0,-176.92156982421875,194.99945068359375,0.17180557548999786,-176.92156982421875,194.99945068359375,0.17180557548999786,1,5,6.921569846016443,False,False
782,0,1,6,-170.0,195.0,-176.88858032226562,194.9994659423828,0.17178159952163696,-176.88858032226562,194.9994659423828,0.17178159952163696,1,5,6.888580342967825,False,False
783,0,1,6,-170.0,195.0,-176.85549926757812,194.9994659423828,0.17177966237068176,-176.85549926757812,194.9994659423828,0.17177966237068176,1,5,6.855499288380223,False,False
784,0,1,6,-170.0,195.0,-176.82232666015625,194.99948120117188,0.17179757356643677,-176.82232666015625,194.99948120117188,0.17179757356643677,1,5,6.822326679882088,False,False
785,0,1,6,-170.0,195.0,-176.7891082763672,194.99949645996094,0.1718333214521408,-176.7891082763672,194.99949645996094,0.1718333214521408,1,5,6.789108295040669,False,False
786,0,1,6,-170.0,195.0,-176.755859375,194.99949645996094,0.17188511788845062,-176.755859375,194.99949645996094,0.17188511788845062,1,5,6.755859393765382,False,False
787,0,1,6,-170.0,195.0,-176.72259521484375,194.99951171875,0.17189258337020874,-176.72259521484375,194.99951171875,0.17189258337020874,1,5,6.72259523257638,False,False
788,0,1,6,-170.0,195.0,-176.68934631347656,194.99951171875,0.17186014354228973,-176.68934631347656,194.99951171875,0.17186014354228973,1,5,6.6893463312973305,False,False
789,0,1,6,-170.0,195.0,-176.65611267089844,194.99952697753906,0.17179177701473236,-176.65611267089844,194.99952697753906,0.17179177701473236,1,5,6.656112687706314,False,False
790,0,1,6,-170.0,195.0,-176.6229248046875,194.99952697753906,0.17174990475177765,-176.6229248046875,194.99952697753906,0.17174990475177765,1,5,6.622924821579603,False,False
791,0,1,6,-170.0,195.0,-176.58978271484375,194.99954223632812,0.1717318594455719,-176.58978271484375,194.99954223632812,0.1717318594455719,1,5,6.58978273074318,False,False
792,0,1,6,-170.0,195.0,-176.55670166015625,194.99954223632812,0.1717352420091629,-176.55670166015625,194.99954223632812,0.1717352420091629,1,5,6.556701676135899,False,False
793,0,1,6,-170.0,195.0,-176.52369689941406,194.9995574951172,0.17175793647766113,-176.52369689941406,194.9995574951172,0.17175793647766113,1,5,6.523696914421701,False,False
794,0,1,6,-170.0,195.0,-176.49078369140625,194.9995574951172,0.1717979907989502,-176.49078369140625,194.9995574951172,0.1717979907989502,1,5,6.490783706489989,False,False
795,0,1,6,-170.0,195.0,-176.45794677734375,194.99957275390625,0.1718536615371704,-176.45794677734375,194.99957275390625,0.1718536615371704,1,5,6.457946791476665,False,False
796,0,1,6,-170.0,195.0,-176.42520141601562,194.9995880126953,0.17192339897155762,-176.42520141601562,194.9995880126953,0.17192339897155762,1,5,6.425201429224047,False,False
797,0,1,6,-170.0,195.0,-176.392578125,194.9995880126953,0.17194698750972748,-176.392578125,194.9995880126953,0.17194698750972748,1,5,6.392578138275828,False,False
798,0,1,6,-170.0,195.0,-176.36004638671875,194.99960327148438,0.17192904651165009,-176.36004638671875,194.99960327148438,0.17192904651165009,1,5,6.360046399092364,False,False
799,0,1,6,-170.0,195.0,-176.32763671875,194.99960327148438,0.17187374830245972,-176.32763671875,194.99960327148438,0.17187374830245972,1,5,6.32763673118699,False,False
800,0,1,6,-170.0,195.0,-176.29534912109375,194.99961853027344,0.17178480327129364,-176.29534912109375,194.99961853027344,0.17178480327129364,1,5,6.295349132651421,False,False
801,0,1,6,-170.0,195.0,-176.26318359375,194.99961853027344,0.17172440886497498,-176.26318359375,194.99961853027344,0.17172440886497498,1,5,6.263183605367027,False,False
802,0,1,6,-170.0,195.0,-176.2311553955078,194.99961853027344,0.17168967425823212,-176.2311553955078,194.99961853027344,0.17168967425823212,1,5,6.231155407184552,False,False
803,0,1,6,-170.0,195.0,-176.19924926757812,194.9996337890625,0.1716780662536621,-176.19924926757812,194.9996337890625,0.1716780662536621,1,5,6.1992492783947934,False,False
804,0,1,6,-170.0,195.0,-176.16746520996094,194.9996337890625,0.17168723046779633,-176.16746520996094,194.9996337890625,0.17168723046779633,1,5,6.16746522083335,False,False
805,0,1,6,-170.0,195.0,-176.13583374023438,194.99964904785156,0.17171511054039001,-176.13583374023438,194.99964904785156,0.17171511054039001,1,5,6.135833750271105,False,False
806,0,1,6,-170.0,195.0,-176.10433959960938,194.99964904785156,0.17175982892513275,-176.10433959960938,194.99964904785156,0.17175982892513275,1,5,6.104339609697887,False,False
807,0,1,6,-170.0,195.0,-176.07298278808594,194.99966430664062,0.17181970179080963,-176.07298278808594,194.99966430664062,0.17181970179080963,1,5,6.072982797363918,False,False
808,0,1,6,-170.0,195.0,-176.04176330566406,194.99966430664062,0.17189320921897888,-176.04176330566406,194.99966430664062,0.17189320921897888,1,5,6.041763314989985,False,False
809,0,1,6,-170.0,195.0,-176.0106964111328,194.9996795654297,0.17192019522190094,-176.0106964111328,194.9996795654297,0.17192019522190094,1,5,6.010696419674112,False,False
810,0,1,6,-170.0,195.0,-175.97976684570312,194.9996795654297,0.1719053089618683,-175.97976684570312,194.9996795654297,0.1719053089618683,1,5,5.979766854288603,False,False
811,0,1,6,-170.0,195.0,-175.948974609375,194.99969482421875,0.1718527376651764,-175.948974609375,194.99969482421875,0.1718527376651764,1,5,5.948974617202589,False,False
812,0,1,6,-170.0,195.0,-175.9183349609375,194.99969482421875,0.17182505130767822,-175.9183349609375,194.99969482421875,0.17182505130767822,1,5,5.918334968805613,False,False
813,0,1,6,-170.0,195.0,-175.88784790039062,194.99969482421875,0.1718197613954544,-175.88784790039062,194.99969482421875,0.1718197613954544,1,5,5.887847908299479,False,False
814,0,1,6,-170.0,195.0,-175.85751342773438,194.9997100830078,0.17183463275432587,-175.85751342773438,194.9997100830078,0.17183463275432587,1,5,5.85751343490908,False,False
815,0,1,6,-170.0,195.0,-175.8273162841797,194.9997100830078,0.17186763882637024,-175.8273162841797,194.9997100830078,0.17186763882637024,1,5,5.827316291391572,False,False
816,0,1,6,-170.0,195.0,-175.79727172851562,194.99972534179688,0.17185816168785095,-175.79727172851562,194.99972534179688,0.17185816168785095,1,5,5.797271735021886,False,False
817,0,1,6,-170.0,195.0,-175.76736450195312,194.99972534179688,0.17181046307086945,-175.76736450195312,194.99972534179688,0.17181046307086945,1,5,5.767364508493125,False,False
818,0,1,6,-170.0,195.0,-175.7376251220703,194.99972534179688,0.17178717255592346,-175.7376251220703,194.99972534179688,0.17178717255592346,1,5,5.737625128644211,False,False
819,0,1,6,-170.0,195.0,-175.70802307128906,194.99974060058594,0.17178583145141602,-175.70802307128906,194.99974060058594,0.17178583145141602,1,5,5.708023077183227,False,False
820,0,1,6,-170.0,195.0,-175.67855834960938,194.99974060058594,0.17180423438549042,-175.67855834960938,194.99974060058594,0.17180423438549042,1,5,5.678558355534123,False,False
821,0,1,6,-170.0,195.0,-175.64926147460938,194.99974060058594,0.17184042930603027,-175.64926147460938,194.99974060058594,0.17184042930603027,1,5,5.6492614805648484,False,False
822,0,1,6,-170.0,195.0,-175.62010192871094,194.999755859375,0.17189262807369232,-175.62010192871094,194.999755859375,0.17189262807369232,1,5,5.6201019340137455,False,False
823,0,1,6,-170.0,195.0,-175.59109497070312,194.999755859375,0.1719004213809967,-175.59109497070312,194.999755859375,0.1719004213809967,1,5,5.591094976033444,False,False
824,0,1,6,-170.0,195.0,-175.56222534179688,194.99977111816406,0.17186826467514038,-175.56222534179688,194.99977111816406,0.17186826467514038,1,5,5.562225346506042,False,False
825,0,1,6,-170.0,195.0,-175.5335235595703,194.99977111816406,0.1718001514673233,-175.5335235595703,194.99977111816406,0.1718001514673233,1,5,5.533523564303906,False,False
826,0,1,6,-170.0,195.0,-175.50494384765625,194.99977111816406,0.1717584729194641,-175.50494384765625,194.99977111816406,0.1717584729194641,1,5,5.504943852414418,False,False
827,0,1,6,-170.0,195.0,-175.47653198242188,194.99978637695312,0.1717405766248703,-175.47653198242188,194.99978637695312,0.1717405766248703,1,5,5.476531986588271,False,False
828,0,1,6,-170.0,195.0,-175.44825744628906,194.99978637695312,0.17174410820007324,-175.44825744628906,194.99978637695312,0.17174410820007324,1,5,5.448257450477081,False,False
829,0,1,6,-170.0,195.0,-175.4201202392578,194.99978637695312,0.17176689207553864,-175.4201202392578,194.99978637695312,0.17176689207553864,1,5,5.420120243467572,False,False
830,0,1,6,-170.0,195.0,-175.3921356201172,194.99978637695312,0.17180702090263367,-175.3921356201172,194.99978637695312,0.17180702090263367,1,5,5.3921356243487955,False,False
831,0,1,6,-170.0,195.0,-175.36428833007812,194.9998016357422,0.17186275124549866,-175.36428833007812,194.9998016357422,0.17186275124549866,1,5,5.3642883337457485,False,False
832,0,1,6,-170.0,195.0,-175.3365936279297,194.9998016357422,0.17187373340129852,-175.3365936279297,194.9998016357422,0.17187373340129852,1,5,5.336593631616345,False,False
833,0,1,6,-170.0,195.0,-175.30905151367188,194.9998016357422,0.17184443771839142,-175.30905151367188,194.9998016357422,0.17184443771839142,1,5,5.309051517377657,False,False
834,0,1,6,-170.0,195.0,-175.28163146972656,194.99981689453125,0.1718376874923706,-175.28163146972656,194.99981689453125,0.1718376874923706,1,5,5.281631472900545,False,False
835,0,1,6,-170.0,195.0,-175.25436401367188,194.99981689453125,0.1718512326478958,-175.25436401367188,194.99981689453125,0.1718512326478958,1,5,5.254364016862329,False,False
836,0,1,6,-170.0,195.0,-175.22723388671875,194.99981689453125,0.17188303172588348,-175.22723388671875,194.99981689453125,0.17188303172588348,1,5,5.227233889925762,False,False
837,0,1,6,-170.0,195.0,-175.20025634765625,194.99981689453125,0.17187248170375824,-175.20025634765625,194.99981689453125,0.17187248170375824,1,5,5.2002563508799,False,False
838,0,1,6,-170.0,195.0,-175.17340087890625,194.9998321533203,0.17182379961013794,-175.17340087890625,194.9998321533203,0.17182379961013794,1,5,5.173400881629073,False,False
839,0,1,6,-170.0,195.0,-175.14669799804688,194.9998321533203,0.17179961502552032,-175.14669799804688,194.9998321533203,0.17179961502552032,1,5,5.146698000783824,False,False
840,0,1,6,-170.0,195.0,-175.12013244628906,194.9998321533203,0.1717974692583084,-175.12013244628906,194.9998321533203,0.1717974692583084,1,5,5.120132449040213,False,False
841,0,1,6,-170.0,195.0,-175.0937042236328,194.9998321533203,0.17181514203548431,-175.0937042236328,194.9998321533203,0.17181514203548431,1,5,5.093704226398237,False,False
842,0,1,6,-170.0,195.0,-175.06741333007812,194.99984741210938,0.17185066640377045,-175.06741333007812,194.99984741210938,0.17185066640377045,1,5,5.067413332375457,False,False
843,0,1,6,-170.0,195.0,-175.041259765625,194.99984741210938,0.17190225422382355,-175.041259765625,194.99984741210938,0.17190225422382355,1,5,5.041259767934251,False,False
844,0,1,6,-170.0,195.0,-175.01524353027344,194.99984741210938,0.17190949618816376,-175.01524353027344,194.99984741210938,0.17190949618816376,1,5,5.015243532594667,False,False
845,0,1,6,-170.0,195.0,-174.98934936523438,194.99984741210938,0.17187683284282684,-174.98934936523438,194.99984741210938,0.17187683284282684,1,5,4.989349367567652,False,False
846,0,1,6,-170.0,195.0,-174.96360778808594,194.99986267089844,0.17180825769901276,-174.96360778808594,194.99986267089844,0.17180825769901276,1,5,4.963607789985693,False,False
847,0,1,6,-170.0,195.0,-174.93798828125,194.99986267089844,0.17176616191864014,-174.93798828125,194.99986267089844,0.17176616191864014,1,5,4.937988283159612,False,False
848,0,1,6,-170.0,195.0,-174.9125213623047,194.99986267089844,0.17174789309501648,-174.9125213623047,194.99986267089844,0.17174789309501648,1,5,4.912521364224199,False,False
849,0,1,6,-170.0,195.0,-174.88717651367188,194.99986267089844,0.17175106704235077,-174.88717651367188,194.99986267089844,0.17175106704235077,1,5,4.887176515601341,False,False
850,0,1,6,-170.0,195.0,-174.86195373535156,194.99986267089844,0.1717735379934311,-174.86195373535156,194.99986267089844,0.1717735379934311,1,5,4.861953737291038,False,False
851,0,1,6,-170.0,195.0,-174.8368682861328,194.9998779296875,0.17181338369846344,-174.8368682861328,194.9998779296875,0.17181338369846344,1,5,4.836868287673186,False,False
852,0,1,6,-170.0,195.0,-174.81192016601562,194.9998779296875,0.17186884582042694,-174.81192016601562,194.9998779296875,0.17186884582042694,1,5,4.811920167563984,False,False
853,0,1,6,-170.0,195.0,-174.787109375,194.9998779296875,0.1718795746564865,-174.787109375,194.9998779296875,0.1718795746564865,1,5,4.787109376556384,False,False
854,0,1,6,-170.0,195.0,-174.76242065429688,194.9998779296875,0.1718500405550003,-174.76242065429688,194.9998779296875,0.1718500405550003,1,5,4.762420655861328,False,False
855,0,1,6,-170.0,195.0,-174.73785400390625,194.9998779296875,0.17184308171272278,-174.73785400390625,194.9998779296875,0.17184308171272278,1,5,4.737854005478814,False,False
856,0,1,6,-170.0,195.0,-174.7134246826172,194.99989318847656,0.17185643315315247,-174.7134246826172,194.99989318847656,0.17185643315315247,1,5,4.713424683827422,False,False
857,0,1,6,-170.0,195.0,-174.68911743164062,194.99989318847656,0.171888068318367,-174.68911743164062,194.99989318847656,0.171888068318367,1,5,4.689117432857134,False,False
858,0,1,6,-170.0,195.0,-174.66494750976562,194.99989318847656,0.17187733948230743,-174.66494750976562,194.99989318847656,0.17187733948230743,1,5,4.664947510988436,False,False
859,0,1,6,-170.0,195.0,-174.64088439941406,194.99989318847656,0.1718285083770752,-174.64088439941406,194.99989318847656,0.1718285083770752,1,5,4.640884400643214,False,False
860,0,1,6,-170.0,195.0,-174.61695861816406,194.99989318847656,0.17180417478084564,-174.61695861816406,194.99989318847656,0.17180417478084564,1,5,4.6169586193995835,False,False
861,0,1,6,-170.0,195.0,-174.59317016601562,194.99989318847656,0.1718018800020218,-174.59317016601562,194.99989318847656,0.1718018800020218,1,5,4.593170167257545,False,False
862,0,1,6,-170.0,195.0,-174.56948852539062,194.99990844726562,0.17181943356990814,-174.56948852539062,194.99990844726562,0.17181943356990814,1,5,4.569488526307785,False,False
863,0,1,6,-170.0,195.0,-174.5459442138672,194.99990844726562,0.17185485363006592,-174.5459442138672,194.99990844726562,0.17185485363006592,1,5,4.545944214789097,False,False
864,0,1,6,-170.0,195.0,-174.5225067138672,194.99990844726562,0.17190632224082947,-174.5225067138672,194.99990844726562,0.17190632224082947,1,5,4.522506714793876,False,False
865,0,1,6,-170.0,195.0,-174.49920654296875,194.99990844726562,0.17191345989704132,-174.49920654296875,194.99990844726562,0.17191345989704132,1,5,4.499206543900237,False,False
866,0,1,6,-170.0,195.0,-174.4760284423828,194.99990844726562,0.17188070714473724,-174.4760284423828,194.99990844726562,0.17188070714473724,1,5,4.476028443319123,False,False
867,0,1,6,-170.0,195.0,-174.4529571533203,194.99990844726562,0.171812042593956,-174.4529571533203,194.99990844726562,0.171812042593956,1,5,4.452957154261474,False,False
868,0,1,6,-170.0,195.0,-174.43002319335938,194.99990844726562,0.1717698574066162,-174.43002319335938,194.99990844726562,0.1717698574066162,1,5,4.4300231943054085,False,False
869,0,1,6,-170.0,195.0,-174.40719604492188,194.9999237060547,0.1717514991760254,-174.40719604492188,194.9999237060547,0.1717514991760254,1,5,4.407196045582245,False,False
870,0,1,6,-170.0,195.0,-174.38450622558594,194.9999237060547,0.1717545986175537,-174.38450622558594,194.9999237060547,0.1717545986175537,1,5,4.384506226249726,False,False
871,0,1,6,-170.0,195.0,-174.36192321777344,194.9999237060547,0.17177699506282806,-174.36192321777344,194.9999237060547,0.17177699506282806,1,5,4.361923218440662,False,False
872,0,1,6,-170.0,195.0,-174.33946228027344,194.9999237060547,0.17181675136089325,-174.33946228027344,194.9999237060547,0.17181675136089325,1,5,4.339462280944116,False,False
873,0,1,6,-170.0,195.0,-174.31710815429688,194.9999237060547,0.17187215387821198,-174.31710815429688,194.9999237060547,0.17187215387821198,1,5,4.317108154971026,False,False
874,0,1,6,-170.0,195.0,-174.2948760986328,194.9999237060547,0.17188280820846558,-174.2948760986328,194.9999237060547,0.17188280820846558,1,5,4.2948760993104536,False,False
875,0,1,6,-170.0,195.0,-174.27276611328125,194.9999237060547,0.1718532294034958,-174.27276611328125,194.9999237060547,0.1718532294034958,1,5,4.272766113962398,False,False
876,0,1,6,-170.0,195.0,-174.2507781982422,194.9999237060547,0.1718462109565735,-174.2507781982422,194.9999237060547,0.1718462109565735,1,5,4.2507781989268585,False,False
877,0,1,6,-170.0,195.0,-174.22889709472656,194.99993896484375,0.1718595027923584,-174.22889709472656,194.99993896484375,0.1718595027923584,1,5,4.228897095167019,False,False
878,0,1,6,-170.0,195.0,-174.20712280273438,194.99993896484375,0.17189106345176697,-174.20712280273438,194.99993896484375,0.17189106345176697,1,5,4.2071228031771115,False,False
879,0,1,6,-170.0,195.0,-174.1854705810547,194.99993896484375,0.17188028991222382,-174.1854705810547,194.99993896484375,0.17188028991222382,1,5,4.185470581499714,False,False
880,0,1,6,-170.0,195.0,-174.16392517089844,194.99993896484375,0.171831414103508,-174.16392517089844,194.99993896484375,0.171831414103508,1,5,4.163925171345767,False,False
881,0,1,6,-170.0,195.0,-174.1425018310547,194.99993896484375,0.17180702090263367,-174.1425018310547,194.99993896484375,0.17180702090263367,1,5,4.1425018315043305,False,False
882,0,1,6,-170.0,195.0,-174.12118530273438,194.99993896484375,0.17180468142032623,-174.12118530273438,194.99993896484375,0.17180468142032623,1,5,4.121185303186343,False,False
883,0,1,6,-170.0,195.0,-174.09999084472656,194.99993896484375,0.171822190284729,-174.09999084472656,194.99993896484375,0.171822190284729,1,5,4.0999908451808675,False,False
884,0,1,6,-170.0,195.0,-174.0789031982422,194.99993896484375,0.171857550740242,-174.0789031982422,194.99993896484375,0.171857550740242,1,5,4.078903198698841,False,False
885,0,1,6,-170.0,195.0,-174.05792236328125,194.99993896484375,0.17190898954868317,-174.05792236328125,194.99993896484375,0.17190898954868317,1,5,4.057922363740264,False,False
886,0,1,6,-170.0,195.0,-174.03704833984375,194.99993896484375,0.17191608250141144,-174.03704833984375,194.99993896484375,0.17191608250141144,1,5,4.037048340305138,False,False
887,0,1,6,-170.0,195.0,-174.0162811279297,194.99993896484375,0.17188328504562378,-174.0162811279297,194.99993896484375,0.17188328504562378,1,5,4.016281128393461,False,False
888,0,1,6,-170.0,195.0,-173.99563598632812,194.9999542236328,0.17181457579135895,-173.99563598632812,194.9999542236328,0.17181457579135895,1,5,3.9956359865903455,False,False
889,0,1,6,-170.0,195.0,-173.97508239746094,194.9999542236328,0.17177234590053558,-173.97508239746094,194.9999542236328,0.17177234590053558,1,5,3.9750823977245138,False,False
890,0,1,6,-170.0,195.0,-173.95465087890625,194.9999542236328,0.17175395786762238,-173.95465087890625,194.9999542236328,0.17175395786762238,1,5,3.9546508791711883,False,False
891,0,1,6,-170.0,195.0,-173.934326171875,194.9999542236328,0.17175701260566711,-173.934326171875,194.9999542236328,0.17175701260566711,1,5,3.934326172141307,False,False
892,0,1,6,-170.0,195.0,-173.9141082763672,194.9999542236328,0.17177936434745789,-173.9141082763672,194.9999542236328,0.17177936434745789,1,5,3.91410827663487,False,False
893,0,1,6,-170.0,195.0,-173.89398193359375,194.9999542236328,0.17181909084320068,-173.89398193359375,194.9999542236328,0.17181909084320068,1,5,3.893981933862816,False,False
894,0,1,6,-170.0,195.0,-173.8739776611328,194.9999542236328,0.17187444865703583,-173.8739776611328,194.9999542236328,0.17187444865703583,1,5,3.8739776614032677,False,False
895,0,1,6,-170.0,195.0,-173.85406494140625,194.9999542236328,0.17188508808612823,-173.85406494140625,194.9999542236328,0.17188508808612823,1,5,3.8540649416781028,False,False
896,0,1,6,-170.0,195.0,-173.83425903320312,194.9999542236328,0.17185544967651367,-173.83425903320312,194.9999542236328,0.17185544967651367,1,5,3.834259033476382,False,False
897,0,1,6,-170.0,195.0,-173.81455993652344,194.9999542236328,0.17184840142726898,-173.81455993652344,194.9999542236328,0.17184840142726898,1,5,3.814559936798106,False,False
898,0,1,6,-170.0,195.0,-173.7949676513672,194.9999542236328,0.1718616634607315,-173.7949676513672,194.9999542236328,0.1718616634607315,1,5,3.7949676516432738,False,False
899,0,1,6,-170.0,195.0,-173.77548217773438,194.9999542236328,0.1718931943178177,-173.77548217773438,194.9999542236328,0.1718931943178177,1,5,3.775482178011886,False,False
900,0,1,6,-170.0,195.0,-173.75608825683594,194.9999542236328,0.17188239097595215,-173.75608825683594,194.9999542236328,0.17188239097595215,1,5,3.7560882571148815,False,False
901,0,1,6,-170.0,195.0,-173.73680114746094,194.9999542236328,0.17183347046375275,-173.73680114746094,194.9999542236328,0.17183347046375275,1,5,3.736801147741321,False,False
902,0,1,6,-170.0,195.0,-173.7176055908203,194.9999542236328,0.17180906236171722,-173.7176055908203,194.9999542236328,0.17180906236171722,1,5,3.717605591102144,False,False
903,0,1,6,-170.0,195.0,-173.6985321044922,194.9999542236328,0.1718066930770874,-173.6985321044922,194.9999542236328,0.1718066930770874,1,5,3.6985321047754725,False,False
904,0,1,6,-170.0,195.0,-173.67953491210938,194.99996948242188,0.17182417213916779,-173.67953491210938,194.99996948242188,0.17182417213916779,1,5,3.6795349122359293,False,False
905,0,1,6,-170.0,195.0,-173.66064453125,194.99996948242188,0.1718595027923584,-173.66064453125,194.99996948242188,0.1718595027923584,1,5,3.6606445313772076,False,False
906,0,1,6,-170.0,195.0,-173.64186096191406,194.99996948242188,0.17191091179847717,-173.64186096191406,194.99996948242188,0.17191091179847717,1,5,3.641860962041926,False,False
907,0,1,6,-170.0,195.0,-173.6231689453125,194.99996948242188,0.17191797494888306,-173.6231689453125,194.99996948242188,0.17191797494888306,1,5,3.6231689454410234,False,False
908,0,1,6,-170.0,195.0,-173.60458374023438,194.99996948242188,0.171885147690773,-173.60458374023438,194.99996948242188,0.171885147690773,1,5,3.604583740363561,False,False
909,0,1,6,-170.0,195.0,-173.58609008789062,194.99996948242188,0.1718164086341858,-173.58609008789062,194.99996948242188,0.1718164086341858,1,5,3.586090088020477,False,False
910,0,1,6,-170.0,195.0,-173.56768798828125,194.99996948242188,0.17177414894104004,-173.56768798828125,194.99996948242188,0.17177414894104004,1,5,3.567687988411772,False,False
911,0,1,6,-170.0,195.0,-173.5493927001953,194.99996948242188,0.17175573110580444,-173.5493927001953,194.99996948242188,0.17175573110580444,1,5,3.549392700326507,False,False
912,0,1,6,-170.0,195.0,-173.53118896484375,194.99996948242188,0.171758770942688,-173.53118896484375,194.99996948242188,0.171758770942688,1,5,3.531188964975621,False,False
913,0,1,6,-170.0,195.0,-173.51307678222656,194.99996948242188,0.17178109288215637,-173.51307678222656,194.99996948242188,0.17178109288215637,1,5,3.5130767823591134,False,False
914,0,1,6,-170.0,195.0,-173.49505615234375,194.99996948242188,0.17182078957557678,-173.49505615234375,194.99996948242188,0.17182078957557678,1,5,3.4950561524769843,False,False
915,0,1,6,-170.0,195.0,-173.47714233398438,194.99996948242188,0.17187613248825073,-173.47714233398438,194.99996948242188,0.17187613248825073,1,5,3.477142334118296,False,False
916,0,1,6,-170.0,195.0,-173.45932006835938,194.99996948242188,0.17188672721385956,-173.45932006835938,194.99996948242188,0.17188672721385956,1,5,3.4593200684939855,False,False
917,0,1,6,-170.0,195.0,-173.4415740966797,194.99996948242188,0.171857088804245,-173.4415740966797,194.99996948242188,0.171857088804245,1,5,3.441574096814992,False,False
918,0,1,6,-170.0,195.0,-173.42393493652344,194.99996948242188,0.17185001075267792,-173.42393493652344,194.99996948242188,0.17185001075267792,1,5,3.4239349366594394,False,False
919,0,1,6,-170.0,195.0,-173.40638732910156,194.99996948242188,0.17186324298381805,-173.40638732910156,194.99996948242188,0.17186324298381805,1,5,3.4063873292382647,False,False
920,0,1,6,-170.0,195.0,-173.38893127441406,194.99996948242188,0.17189475893974304,-173.38893127441406,194.99996948242188,0.17189475893974304,1,5,3.388931274551469,False,False
921,0,1,6,-170.0,195.0,-173.37156677246094,194.99996948242188,0.17188392579555511,-173.37156677246094,194.99996948242188,0.17188392579555511,1,5,3.371566772599052,False,False
922,0,1,6,-170.0,195.0,-173.3542938232422,194.99996948242188,0.17183499038219452,-173.3542938232422,194.99996948242188,0.17183499038219452,1,5,3.354293823381013,False,False
923,0,1,6,-170.0,195.0,-173.3371124267578,194.99996948242188,0.1718105524778366,-173.3371124267578,194.99996948242188,0.1718105524778366,1,5,3.337112426897353,False,False
924,0,1,6,-170.0,195.0,-173.3200225830078,194.99996948242188,0.1718081682920456,-173.3200225830078,194.99996948242188,0.1718081682920456,1,5,3.320022583148071,False,False
925,0,1,6,-170.0,195.0,-173.3030242919922,194.99996948242188,0.1718256175518036,-173.3030242919922,194.99996948242188,0.1718256175518036,1,5,3.3030242921331676,False,False
926,0,1,6,-170.0,195.0,-173.28611755371094,194.99996948242188,0.171860933303833,-173.28611755371094,194.99996948242188,0.171860933303833,1,5,3.2861175538526433,False,False
927,0,1,6,-170.0,195.0,-173.269287109375,194.99996948242188,0.1719123125076294,-173.269287109375,194.99996948242188,0.1719123125076294,1,5,3.269287109517435,False,False
928,0,1,6,-170.0,195.0,-173.25254821777344,194.99996948242188,0.17191936075687408,-173.25254821777344,194.99996948242188,0.17191936075687408,1,5,3.2525482179166056,False,False
929,0,1,6,-170.0,195.0,-173.23590087890625,194.99996948242188,0.17188651859760284,-173.23590087890625,194.99996948242188,0.17188651859760284,1,5,3.235900879050155,False,False
930,0,1,6,-170.0,195.0,-173.21934509277344,194.99996948242188,0.17181774973869324,-173.21934509277344,194.99996948242188,0.17181774973869324,1,5,3.2193450929180822,False,False
931,0,1,6,-170.0,195.0,-173.20286560058594,194.99996948242188,0.1717754751443863,-173.20286560058594,194.99996948242188,0.1717754751443863,1,5,3.2028656007313265,False,False
932,0,1,6,-170.0,195.0,-173.1864776611328,194.99996948242188,0.1717570424079895,-173.1864776611328,194.99996948242188,0.1717570424079895,1,5,3.1864776612789494,False,False
933,0,1,6,-170.0,195.0,-173.170166015625,194.99996948242188,0.17176005244255066,-173.170166015625,194.99996948242188,0.17176005244255066,1,5,3.1701660157718887,False,False
934,0,1,6,-170.0,195.0,-173.15396118164062,194.99996948242188,0.17178235948085785,-173.15396118164062,194.99996948242188,0.17178235948085785,1,5,3.1539611817882682,False,False
935,0,1,6,-170.0,195.0,-173.1378173828125,194.99996948242188,0.17182204127311707,-173.1378173828125,194.99996948242188,0.17182204127311707,1,5,3.137817382960903,False,False
936,0,1,6,-170.0,195.0,-173.1217803955078,194.99996948242188,0.17187735438346863,-173.1217803955078,194.99996948242188,0.17187735438346863,1,5,3.1217803956569776,False,False
937,0,1,6,-170.0,195.0,-173.10581970214844,194.99996948242188,0.17188794910907745,-173.10581970214844,194.99996948242188,0.17188794910907745,1,5,3.1058197022983696,False,False
938,0,1,6,-170.0,195.0,-173.08993530273438,194.99996948242188,0.1718582808971405,-173.08993530273438,194.99996948242188,0.1718582808971405,1,5,3.0899353028850776,False,False
939,0,1,6,-170.0,195.0,-173.0741424560547,194.99996948242188,0.17185118794441223,-173.0741424560547,194.99996948242188,0.17185118794441223,1,5,3.074142456206164,False,False
940,0,1,6,-170.0,195.0,-173.0584259033203,194.99996948242188,0.17186440527439117,-173.0584259033203,194.99996948242188,0.17186440527439117,1,5,3.0584259034725676,False,False
941,0,1,6,-170.0,195.0,-173.0428009033203,194.99996948242188,0.17189590632915497,-173.0428009033203,194.99996948242188,0.17189590632915497,1,5,3.0428009034733496,False,False
942,0,1,6,-170.0,195.0,-173.02725219726562,194.99996948242188,0.17188505828380585,-173.02725219726562,194.99996948242188,0.17188505828380585,1,5,3.027252197419448,False,False
943,0,1,6,-170.0,195.0,-173.01177978515625,194.99996948242188,0.17183610796928406,-173.01177978515625,194.99996948242188,0.17183610796928406,1,5,3.011779785310863,False,False
944,0,1,6,-170.0,195.0,-172.9963836669922,194.99996948242188,0.17181165516376495,-172.9963836669922,194.99996948242188,0.17181165516376495,1,5,2.996383667147595,False,False
945,0,1,6,-170.0,195.0,-172.9810791015625,194.99996948242188,0.17180924117565155,-172.9810791015625,194.99996948242188,0.17180924117565155,1,5,2.9810791017187057,False,False
946,0,1,6,-170.0,195.0,-172.9658660888672,194.99996948242188,0.17182667553424835,-172.9658660888672,194.99996948242188,0.17182667553424835,1,5,2.9658660890241944,False,False
947,0,1,6,-170.0,195.0,-172.95071411132812,194.99996948242188,0.17186197638511658,-172.95071411132812,194.99996948242188,0.17186197638511658,1,5,2.950714111485938,False,False
948,0,1,6,-170.0,195.0,-172.93565368652344,194.99996948242188,0.17191334068775177,-172.93565368652344,194.99996948242188,0.17191334068775177,1,5,2.9356536866820604,False,False
949,0,1,6,-170.0,195.0,-172.920654296875,194.99996948242188,0.17192037403583527,-172.920654296875,194.99996948242188,0.17192037403583527,1,5,2.9206542970344374,False,False
950,0,1,6,-170.0,195.0,-172.90574645996094,194.99996948242188,0.17188751697540283,-172.90574645996094,194.99996948242188,0.17188751697540283,1,5,2.905746460121193,False,False
951,0,1,6,-170.0,195.0,-172.8909149169922,194.99996948242188,0.17181874811649323,-172.8909149169922,194.99996948242188,0.17181874811649323,1,5,2.890914917153265,False,False
952,0,1,6,-170.0,195.0,-172.8761749267578,194.99996948242188,0.17177645862102509,-172.8761749267578,194.99996948242188,0.17177645862102509,1,5,2.8761749269197154,False,False
953,0,1,6,-170.0,195.0,-172.8614959716797,194.99996948242188,0.1717580109834671,-172.8614959716797,194.99996948242188,0.1717580109834671,1,5,2.861495971842421,False,False
954,0,1,6,-170.0,195.0,-172.84689331054688,194.99996948242188,0.17176100611686707,-172.84689331054688,194.99996948242188,0.17176100611686707,1,5,2.8468933107104433,False,False
955,0,1,6,-170.0,195.0,-172.83236694335938,194.99996948242188,0.17178329825401306,-172.83236694335938,194.99996948242188,0.17178329825401306,1,5,2.832366943523782,False,False
956,0,1,6,-170.0,195.0,-172.81793212890625,194.99996948242188,0.17182296514511108,-172.81793212890625,194.99996948242188,0.17182296514511108,1,5,2.817932129071499,False,False
957,0,1,6,-170.0,195.0,-172.80355834960938,194.99996948242188,0.17187826335430145,-172.80355834960938,194.99996948242188,0.17187826335430145,1,5,2.8035583497754715,False,False
958,0,1,6,-170.0,195.0,-172.7892608642578,194.99996948242188,0.17188884317874908,-172.7892608642578,194.99996948242188,0.17188884317874908,1,5,2.7892608644247603,False,False
959,0,1,6,-170.0,195.0,-172.77503967285156,194.99996948242188,0.17185917496681213,-172.77503967285156,194.99996948242188,0.17185917496681213,1,5,2.775039673019366,False,False
960,0,1,6,-170.0,195.0,-172.76089477539062,194.99996948242188,0.17185206711292267,-172.76089477539062,194.99996948242188,0.17185206711292267,1,5,2.7608947755592883,False,False
961,0,1,6,-170.0,195.0,-172.746826171875,194.99996948242188,0.17186526954174042,-172.746826171875,194.99996948242188,0.17186526954174042,1,5,2.746826172044527,False,False
962,0,1,6,-170.0,195.0,-172.7328338623047,194.99998474121094,0.17189675569534302,-172.7328338623047,194.99998474121094,0.17189675569534302,1,5,2.7328338623472863,False,False
963,0,1,6,-170.0,195.0,-172.71890258789062,194.99998474121094,0.1718858927488327,-172.71890258789062,194.99998474121094,0.1718858927488327,1,5,2.718902587933442,False,False
964,0,1,6,-170.0,195.0,-172.70506286621094,194.99998474121094,0.17183692753314972,-172.70506286621094,194.99998474121094,0.17183692753314972,1,5,2.7050628662539737,False,False
965,0,1,6,-170.0,195.0,-172.6912841796875,194.99998474121094,0.17181245982646942,-172.6912841796875,194.99998474121094,0.17181245982646942,1,5,2.6912841797307565,False,False
966,0,1,6,-170.0,195.0,-172.6775665283203,194.99998474121094,0.17181004583835602,-172.6775665283203,194.99998474121094,0.17181004583835602,1,5,2.6775665283637906,False,False
967,0,1,6,-170.0,195.0,-172.6639404296875,194.99998474121094,0.17182748019695282,-172.6639404296875,194.99998474121094,0.17182748019695282,1,5,2.6639404297312006,False,False
968,0,1,6,-170.0,195.0,-172.65037536621094,194.99998474121094,0.17186276614665985,-172.65037536621094,194.99998474121094,0.17186276614665985,1,5,2.6503753662548615,False,False
969,0,1,6,-170.0,195.0,-172.6368865966797,194.99998474121094,0.17191411554813385,-172.6368865966797,194.99998474121094,0.17191411554813385,1,5,2.636886596723836,False,False
970,0,1,6,-170.0,195.0,-172.6234588623047,194.99998474121094,0.17192114889621735,-172.6234588623047,194.99998474121094,0.17192114889621735,1,5,2.6234588623490622,False,False
971,0,1,6,-170.0,195.0,-172.610107421875,194.99998474121094,0.17188827693462372,-172.610107421875,194.99998474121094,0.17188827693462372,1,5,2.6101074219196017,False,False
972,0,1,6,-170.0,195.0,-172.59683227539062,194.99998474121094,0.17181949317455292,-172.59683227539062,194.99998474121094,0.17181949317455292,1,5,2.596832275435455,False,False
973,0,1,6,-170.0,195.0,-172.5836181640625,194.99998474121094,0.17177718877792358,-172.5836181640625,194.99998474121094,0.17177718877792358,1,5,2.583618164107559,False,False
974,0,1,6,-170.0,195.0,-172.5704803466797,194.99998474121094,0.1717587262392044,-172.5704803466797,194.99998474121094,0.1717587262392044,1,5,2.5704803467249766,False,False
975,0,1,6,-170.0,195.0,-172.55740356445312,194.99998474121094,0.17176172137260437,-172.55740356445312,194.99998474121094,0.17176172137260437,1,5,2.557403564498646,False,False
976,0,1,6,-170.0,195.0,-172.54440307617188,194.99998474121094,0.17178399860858917,-172.54440307617188,194.99998474121094,0.17178399860858917,1,5,2.5444030762176286,False,False
977,0,1,6,-170.0,195.0,-172.53146362304688,194.99996948242188,0.1718236654996872,-172.53146362304688,194.99996948242188,0.1718236654996872,1,5,2.5314636232308243,False,False
978,0,1,6,-170.0,195.0,-172.5186004638672,194.99996948242188,0.17187896370887756,-172.5186004638672,194.99996948242188,0.17187896370887756,1,5,2.5186004640520765,False,False
979,0,1,6,-170.0,195.0,-172.50579833984375,194.99996948242188,0.171889528632164,-172.50579833984375,194.99996948242188,0.171889528632164,1,5,2.5057983400295836,False,False
980,0,1,6,-170.0,195.0,-172.49307250976562,194.99996948242188,0.17185984551906586,-172.49307250976562,194.99996948242188,0.17185984551906586,1,6,2.493072509952407,True,False
981,0,1,7,-165.0,195.0,-172.4779052734375,194.99996948242188,0.1718527376651764,-172.4779052734375,194.99996948242188,0.1718527376651764,1,6,7.477905273499772,False,False
982,0,1,7,-165.0,195.0,-172.46055603027344,194.99996948242188,0.17186594009399414,-172.46055603027344,194.99996948242188,0.17186594009399414,1,6,7.460556030335854,False,False
983,0,1,7,-165.0,195.0,-172.44125366210938,194.99996948242188,0.17189744114875793,-172.44125366210938,194.99996948242188,0.17189744114875793,1,6,7.441253662171953,False,False
984,0,1,7,-165.0,195.0,-172.42019653320312,194.99996948242188,0.1718865931034088,-172.42019653320312,194.99996948242188,0.1718865931034088,1,6,7.420196533265881,False,False
985,0,1,7,-165.0,195.0,-172.3975830078125,194.99996948242188,0.17183764278888702,-172.3975830078125,194.99996948242188,0.17183764278888702,1,6,7.397583007875448,False,False
986,0,1,7,-165.0,195.0,-172.37356567382812,194.99996948242188,0.1718132048845291,-172.37356567382812,194.99996948242188,0.1718132048845291,1,6,7.373565673891278,False,False
987,0,1,7,-165.0,195.0,-172.3483123779297,194.99996948242188,0.1718108057975769,-172.3483123779297,194.99996948242188,0.1718108057975769,1,6,7.348312377993057,False,False
988,0,1,7,-165.0,195.0,-172.3219451904297,194.99996948242188,0.1718282550573349,-172.3219451904297,194.99996948242188,0.1718282550573349,1,6,7.3219451904932855,False,False
989,0,1,7,-165.0,195.0,-172.2946014404297,194.99996948242188,0.17186357080936432,-172.2946014404297,194.99996948242188,0.17186357080936432,1,6,7.2946014404935235,False,False
990,0,1,7,-165.0,195.0,-172.26638793945312,194.99996948242188,0.1719149500131607,-172.26638793945312,194.99996948242188,0.1719149500131607,1,6,7.266387939517209,False,False
991,0,1,7,-165.0,195.0,-172.23739624023438,194.99996948242188,0.1719219982624054,-172.23739624023438,194.99996948242188,0.1719219982624054,1,6,7.237396240298716,False,False
992,0,1,7,-165.0,195.0,-172.20773315429688,194.99996948242188,0.17188914120197296,-172.20773315429688,194.99996948242188,0.17188914120197296,1,6,7.207733154361481,False,False
993,0,1,7,-165.0,195.0,-172.17747497558594,194.99996948242188,0.17182038724422455,-172.17747497558594,194.99996948242188,0.17182038724422455,1,6,7.177474975650815,False,False
994,0,1,7,-165.0,195.0,-172.14669799804688,194.99996948242188,0.1717781275510788,-172.14669799804688,194.99996948242188,0.1717781275510788,1,6,7.146697998112033,False,False
995,0,1,7,-165.0,195.0,-172.11546325683594,194.99996948242188,0.171759694814682,-172.11546325683594,194.99996948242188,0.171759694814682,1,6,7.115463256901381,False,False
996,0,1,7,-165.0,195.0,-172.08383178710938,194.99996948242188,0.17176270484924316,-172.08383178710938,194.99996948242188,0.17176270484924316,1,6,7.083831787175111,False,False
997,0,1,7,-165.0,195.0,-172.05186462402344,194.99996948242188,0.17178502678871155,-172.05186462402344,194.99996948242188,0.17178502678871155,1,6,7.051864624089471,False,False
998,0,1,7,-165.0,195.0,-172.01962280273438,194.99996948242188,0.17182472348213196,-172.01962280273438,194.99996948242188,0.17182472348213196,1,6,7.019622802800712,False,False
999,0,1,7,-165.0,195.0,-171.9871368408203,194.99996948242188,0.17188003659248352,-171.9871368408203,194.99996948242188,0.17188003659248352,1,6,6.987136840886958,False,False
1000,0,1,7,-165.0,195.0,-171.95443725585938,194.99998474121094,0.17189063131809235,-171.95443725585938,194.99998474121094,0.17189063131809235,1,6,6.9544372558761145,False,False
1001,0,1,7,-165.0,195.0,-171.9215850830078,194.99998474121094,0.1718609780073166,-171.9215850830078,194.99998474121094,0.1718609780073166,1,6,6.921585083024632,False,False
1002,0,1,7,-165.0,195.0,-171.8885955810547,194.99998474121094,0.17185388505458832,-171.8885955810547,194.99998474121094,0.17185388505458832,1,6,6.888595581071587,False,False
1003,0,1,7,-165.0,195.0,-171.85549926757812,194.99998474121094,0.17186711728572845,-171.85549926757812,194.99998474121094,0.17186711728572845,1,6,6.855499267595106,False,False
1004,0,1,7,-165.0,195.0,-171.82232666015625,194.99998474121094,0.17189863324165344,-171.82232666015625,194.99998474121094,0.17189863324165344,1,6,6.822326660173314,False,False
1005,0,1,7,-165.0,195.0,-171.7891082763672,194.99998474121094,0.17188778519630432,-171.7891082763672,194.99998474121094,0.17188778519630432,1,6,6.789108276384335,False,False
1006,0,1,7,-165.0,195.0,-171.755859375,194.99998474121094,0.17183884978294373,-171.755859375,194.99998474121094,0.17183884978294373,1,6,6.7558593750172315,False,False
1007,0,1,7,-165.0,195.0,-171.72259521484375,194.99998474121094,0.17181441187858582,-171.72259521484375,194.99998474121094,0.17181441187858582,1,6,6.722595214861067,False,False
1008,0,1,7,-165.0,195.0,-171.68934631347656,194.99998474121094,0.1718120127916336,-171.68934631347656,194.99998474121094,0.1718120127916336,1,6,6.6893463134939655,False,False
1009,0,1,7,-165.0,195.0,-171.6561279296875,194.99998474121094,0.1718294769525528,-171.6561279296875,194.99998474121094,0.1718294769525528,1,6,6.65612792970499,False,False
1010,0,1,7,-165.0,195.0,-171.6229248046875,194.99998474121094,0.17186477780342102,-171.6229248046875,194.99998474121094,0.17186477780342102,1,6,6.622924804705078,False,False
1011,0,1,7,-165.0,195.0,-171.58978271484375,194.99998474121094,0.1719161570072174,-171.58978271484375,194.99998474121094,0.1719161570072174,1,6,6.589782714861416,False,False
1012,0,1,7,-165.0,195.0,-171.5567169189453,194.99998474121094,0.1719232052564621,-171.5567169189453,194.99998474121094,0.1719232052564621,1,6,6.556716918963067,False,False
1013,0,1,7,-165.0,195.0,-171.52371215820312,194.99998474121094,0.17189036309719086,-171.52371215820312,194.99998474121094,0.17189036309719086,1,6,6.52371215822097,False,False
1014,0,1,7,-165.0,195.0,-171.49078369140625,194.99998474121094,0.17182159423828125,-171.49078369140625,194.99998474121094,0.17182159423828125,1,6,6.490783691424186,False,False
1015,0,1,7,-165.0,195.0,-171.45794677734375,194.99998474121094,0.1717793345451355,-171.45794677734375,194.99998474121094,0.1717793345451355,1,6,6.4579467773617765,False,False
1016,0,1,7,-165.0,195.0,-171.4252166748047,194.99998474121094,0.17176088690757751,-171.4252166748047,194.99998474121094,0.17176088690757751,1,6,6.425216674822806,False,False
1017,0,1,7,-165.0,195.0,-171.392578125,194.99998474121094,0.17176389694213867,-171.392578125,194.99998474121094,0.17176389694213867,1,6,6.392578125018211,False,False
1018,0,1,7,-165.0,195.0,-171.36004638671875,194.99998474121094,0.17178621888160706,-171.36004638671875,194.99998474121094,0.17178621888160706,1,6,6.3600463867370545,False,False
1019,0,1,7,-165.0,195.0,-171.32763671875,194.99998474121094,0.17182590067386627,-171.32763671875,194.99998474121094,0.17182590067386627,1,6,6.327636718768398,False,False
1020,0,1,7,-165.0,195.0,-171.29534912109375,194.99998474121094,0.17188121378421783,-171.29534912109375,194.99998474121094,0.17188121378421783,1,6,6.295349121112242,False,False
1021,0,1,7,-165.0,195.0,-171.26318359375,194.99998474121094,0.17189179360866547,-171.26318359375,194.99998474121094,0.17189179360866547,1,6,6.263183593768587,False,False
1022,0,1,7,-165.0,195.0,-171.2311553955078,194.99998474121094,0.17186212539672852,-171.2311553955078,194.99998474121094,0.17186212539672852,1,6,6.231155395526495,False,False
1023,0,1,7,-165.0,195.0,-171.19924926757812,194.99998474121094,0.17185501754283905,-171.19924926757812,194.99998474121094,0.17185501754283905,1,6,6.199249267596904,False,False
1024,0,1,7,-165.0,195.0,-171.16748046875,194.99998474121094,0.171868234872818,-171.16748046875,194.99998474121094,0.171868234872818,1,6,6.167480468768876,False,False
1025,0,1,7,-165.0,195.0,-171.13583374023438,194.99998474121094,0.1718997359275818,-171.13583374023438,194.99998474121094,0.1718997359275818,1,6,6.135833740253348,False,False
1026,0,1,7,-165.0,195.0,-171.10433959960938,194.99998474121094,0.17188887298107147,-171.10433959960938,194.99998474121094,0.17188887298107147,1,6,6.104339599628446,False,False
1027,0,1,7,-165.0,195.0,-171.07298278808594,194.99998474121094,0.17183992266654968,-171.07298278808594,194.99998474121094,0.17183992266654968,1,6,6.072982788105107,False,False
1028,0,1,7,-165.0,195.0,-171.04176330566406,194.99998474121094,0.17181545495986938,-171.04176330566406,194.99998474121094,0.17181545495986938,1,6,6.041763305683331,False,False
1029,0,1,7,-165.0,195.0,-171.0106964111328,194.99998474121094,0.17181305587291718,-171.0106964111328,194.99998474121094,0.17181305587291718,1,6,6.01069641115218,False,False
1030,0,1,7,-165.0,195.0,-170.97976684570312,194.99998474121094,0.17183049023151398,-170.97976684570312,194.99998474121094,0.17183049023151398,1,6,5.979766845722593,False,False
1031,0,1,7,-165.0,195.0,-170.948974609375,194.99998474121094,0.1718657910823822,-170.948974609375,194.99998474121094,0.1718657910823822,1,6,5.948974609394569,False,False
1032,0,1,7,-165.0,195.0,-170.91835021972656,194.99998474121094,0.1719171553850174,-170.91835021972656,194.99998474121094,0.1719171553850174,1,6,5.918350219746233,False,False
1033,0,1,7,-165.0,195.0,-170.88784790039062,194.99998474121094,0.1719241887331009,-170.88784790039062,194.99998474121094,0.1719241887331009,1,6,5.887847900410397,False,False
1034,0,1,7,-165.0,195.0,-170.85751342773438,194.99998474121094,0.17189131677150726,-170.85751342773438,194.99998474121094,0.17189131677150726,1,6,5.85751342775425,False,False
1035,0,1,7,-165.0,195.0,-170.8273162841797,194.99998474121094,0.17182254791259766,-170.8273162841797,194.99998474121094,0.17182254791259766,1,6,5.827316284199665,False,False
1036,0,1,7,-165.0,195.0,-170.79727172851562,194.99998474121094,0.17178025841712952,-170.79727172851562,194.99998474121094,0.17178025841712952,1,6,5.797271728535706,False,False
1037,0,1,7,-165.0,195.0,-170.76736450195312,194.99998474121094,0.17176179587841034,-170.76736450195312,194.99998474121094,0.17176179587841034,1,6,5.76736450197331,False,False
1038,0,1,7,-165.0,195.0,-170.7376251220703,194.99998474121094,0.1717648059129715,-170.7376251220703,194.99998474121094,0.1717648059129715,1,6,5.737625122090602,False,False
1039,0,1,7,-165.0,195.0,-170.70802307128906,194.99998474121094,0.1717870980501175,-170.70802307128906,194.99998474121094,0.1717870980501175,1,6,5.708023071309458,False,False
1040,0,1,7,-165.0,195.0,-170.67857360839844,194.99998474121094,0.17182676494121552,-170.67857360839844,194.99998474121094,0.17182676494121552,1,6,5.678573608418938,False,False
1041,0,1,7,-165.0,195.0,-170.64926147460938,194.99998474121094,0.17188207805156708,-170.64926147460938,194.99998474121094,0.17188207805156708,1,6,5.6492614746299825,False,False
1042,0,1,7,-165.0,195.0,-170.62010192871094,194.99998474121094,0.17189264297485352,-170.62010192871094,194.99998474121094,0.17189264297485352,1,6,5.620101928731652,False,False
1043,0,1,7,-165.0,195.0,-170.59109497070312,194.99998474121094,0.17186295986175537,-170.59109497070312,194.99998474121094,0.17186295986175537,1,6,5.591094970723947,False,False
1044,0,1,7,-165.0,195.0,-170.56224060058594,194.99998474121094,0.1718558520078659,-170.56224060058594,194.99998474121094,0.1718558520078659,1,6,5.562240600606867,False,False
1045,0,1,7,-165.0,195.0,-170.5335235595703,194.99998474121094,0.17186906933784485,-170.5335235595703,194.99998474121094,0.17186906933784485,1,6,5.533523559591351,False,False
1046,0,1,7,-165.0,195.0,-170.5049591064453,194.99998474121094,0.17190055549144745,-170.5049591064453,194.99998474121094,0.17190055549144745,1,6,5.50495910646646,False,False
1047,0,1,7,-165.0,195.0,-170.47653198242188,194.99998474121094,0.17188969254493713,-170.47653198242188,194.99998474121094,0.17188969254493713,1,6,5.476531982443132,False,False
1048,0,1,7,-165.0,195.0,-170.44825744628906,194.99998474121094,0.17184072732925415,-170.44825744628906,194.99998474121094,0.17184072732925415,1,6,5.44825744631043,False,False
1049,0,1,7,-165.0,195.0,-170.4201202392578,194.99998474121094,0.17181625962257385,-170.4201202392578,194.99998474121094,0.17181625962257385,1,6,5.42012023927929,False,False
1050,0,1,7,-165.0,195.0,-170.3921356201172,194.99998474121094,0.17181384563446045,-170.3921356201172,194.99998474121094,0.17181384563446045,1,6,5.392135620138777,False,False
1051,0,1,7,-165.0,195.0,-170.3643035888672,194.99998474121094,0.17183127999305725,-170.3643035888672,194.99998474121094,0.17183127999305725,1,6,5.364303588888889,False,False
1052,0,1,7,-165.0,195.0,-170.3365936279297,194.99998474121094,0.17186656594276428,-170.3365936279297,194.99998474121094,0.17186656594276428,1,6,5.336593627951502,False,False
1053,0,1,7,-165.0,195.0,-170.30905151367188,194.99998474121094,0.17191793024539948,-170.30905151367188,194.99998474121094,0.17191793024539948,1,6,5.309051513693802,False,False
1054,0,1,7,-165.0,195.0,-170.28163146972656,194.99998474121094,0.17192494869232178,-170.28163146972656,194.99998474121094,0.17192494869232178,1,6,5.281631469748604,False,False
1055,0,1,7,-165.0,195.0,-170.25436401367188,194.99998474121094,0.17189207673072815,-170.25436401367188,194.99998474121094,0.17189207673072815,1,6,5.254364013694031,False,False
1056,0,1,7,-165.0,195.0,-170.22723388671875,194.99998474121094,0.17182329297065735,-170.22723388671875,194.99998474121094,0.17182329297065735,1,6,5.227233886741021,False,False
1057,0,1,7,-165.0,195.0,-170.20025634765625,194.99998474121094,0.1717810034751892,-170.20025634765625,194.99998474121094,0.1717810034751892,1,6,5.2002563476786365,False,False
1058,0,1,7,-165.0,195.0,-170.17340087890625,194.99998474121094,0.17176255583763123,-170.17340087890625,194.99998474121094,0.17176255583763123,1,6,5.173400878928753,False,False
1059,0,1,7,-165.0,195.0,-170.14669799804688,194.99998474121094,0.17176553606987,-170.14669799804688,194.99998474121094,0.17176553606987,1,6,5.146697998069494,False,False
1060,0,1,7,-165.0,195.0,-170.12013244628906,194.99998474121094,0.171787828207016,-170.12013244628906,194.99998474121094,0.171787828207016,1,6,5.120132446311799,False,False
1061,0,1,7,-165.0,195.0,-170.0937042236328,194.99998474121094,0.171827495098114,-170.0937042236328,194.99998474121094,0.171827495098114,1,6,5.093704223655667,False,False
1062,0,1,7,-165.0,195.0,-170.06741333007812,194.99998474121094,0.17188279330730438,-170.06741333007812,194.99998474121094,0.17188279330730438,1,6,5.067413330101099,False,False
1063,0,1,7,-165.0,195.0,-170.041259765625,194.99998474121094,0.17189337313175201,-170.041259765625,194.99998474121094,0.17189337313175201,1,6,5.041259765648093,False,False
1064,0,1,7,-165.0,195.0,-170.01524353027344,194.99998474121094,0.17186367511749268,-170.01524353027344,194.99998474121094,0.17186367511749268,1,6,5.01524353029665,False,False
1065,0,1,7,-165.0,195.0,-169.98934936523438,194.99998474121094,0.1718565672636032,-169.98934936523438,194.99998474121094,0.1718565672636032,1,6,4.9893493652577074,False,False
1066,0,1,7,-165.0,195.0,-169.96360778808594,194.99998474121094,0.17186976969242096,-169.96360778808594,194.99998474121094,0.17186976969242096,1,6,4.963607788109392,False,False
1067,0,1,7,-165.0,195.0,-169.93800354003906,194.99998474121094,0.17190125584602356,-169.93800354003906,194.99998474121094,0.17190125584602356,1,6,4.938003540062638,False,False
1068,0,1,7,-165.0,195.0,-169.9125213623047,194.99998474121094,0.17189039289951324,-169.9125213623047,194.99998474121094,0.17189039289951324,1,6,4.912521362328385,False,False
1069,0,1,7,-165.0,195.0,-169.88717651367188,194.99998474121094,0.17184142768383026,-169.88717651367188,194.99998474121094,0.17184142768383026,1,6,4.887176513695696,False,False
1070,0,1,7,-165.0,195.0,-169.86195373535156,194.99998474121094,0.17181695997714996,-169.86195373535156,194.99998474121094,0.17181695997714996,1,6,4.861953735375507,False,False
1071,0,1,7,-165.0,195.0,-169.83688354492188,194.99998474121094,0.17181453108787537,-169.83688354492188,194.99998474121094,0.17181453108787537,1,6,4.836883544945943,False,False
1072,0,1,7,-165.0,195.0,-169.81192016601562,194.99998474121094,0.17183196544647217,-169.81192016601562,194.99998474121094,0.17183196544647217,1,6,4.811920166039818,False,False
1073,0,1,7,-165.0,195.0,-169.787109375,194.99998474121094,0.1718672513961792,-169.787109375,194.99998474121094,0.1718672513961792,1,6,4.787109375024318,False,False
1074,0,1,7,-165.0,195.0,-169.76242065429688,194.99998474121094,0.1719186007976532,-169.76242065429688,194.99998474121094,0.1719186007976532,1,6,4.7624206543213194,False,False
1075,0,1,7,-165.0,195.0,-169.73785400390625,194.99998474121094,0.1719256192445755,-169.73785400390625,194.99998474121094,0.1719256192445755,1,6,4.7378540039308215,False,False
1076,0,1,7,-165.0,195.0,-169.7134246826172,194.99998474121094,0.17189274728298187,-169.7134246826172,194.99998474121094,0.17189274728298187,1,6,4.713424682641886,False,False
1077,0,1,7,-165.0,195.0,-169.68911743164062,194.99998474121094,0.17182396352291107,-169.68911743164062,194.99998474121094,0.17182396352291107,1,6,4.689117431665451,False,False
1078,0,1,7,-165.0,195.0,-169.66494750976562,194.99998474121094,0.17178167402744293,-169.66494750976562,194.99998474121094,0.17178167402744293,1,6,4.66494750979058,False,False
1079,0,1,7,-165.0,195.0,-169.64088439941406,194.99998474121094,0.17176321148872375,-169.64088439941406,194.99998474121094,0.17176321148872375,1,6,4.640884399439147,False,False
1080,0,1,7,-165.0,195.0,-169.61697387695312,194.99998474121094,0.17176619172096252,-169.61697387695312,194.99998474121094,0.17176619172096252,1,6,4.6169738769783395,False,False
1081,0,1,7,-165.0,195.0,-169.59317016601562,194.99998474121094,0.17178846895694733,-169.59317016601562,194.99998474121094,0.17178846895694733,1,6,4.59317016604097,False,False
1082,0,1,7,-165.0,195.0,-169.56948852539062,194.99998474121094,0.17182813584804535,-169.56948852539062,194.99998474121094,0.17182813584804535,1,6,4.5694885254161015,False,False
1083,0,1,7,-165.0,195.0,-169.5459442138672,194.99998474121094,0.17188341915607452,-169.5459442138672,194.99998474121094,0.17188341915607452,1,6,4.545944213892796,False,False
1084,0,1,7,-165.0,195.0,-169.5225067138672,194.99998474121094,0.17189398407936096,-169.5225067138672,194.99998474121094,0.17189398407936096,1,6,4.522506713892929,False,False
1085,0,1,7,-165.0,195.0,-169.49920654296875,194.99998474121094,0.17186428606510162,-169.49920654296875,194.99998474121094,0.17186428606510162,1,6,4.499206542994624,False,False
1086,0,1,7,-165.0,195.0,-169.4760284423828,194.99998474121094,0.17185716331005096,-169.4760284423828,194.99998474121094,0.17185716331005096,1,6,4.476028442408821,False,False
1087,0,1,7,-165.0,195.0,-169.4529571533203,194.99998474121094,0.17187035083770752,-169.4529571533203,194.99998474121094,0.17187035083770752,1,6,4.452957153346456,False,False
1088,0,1,7,-165.0,195.0,-169.43002319335938,194.99998474121094,0.17190182209014893,-169.43002319335938,194.99998474121094,0.17190182209014893,1,6,4.4300231933856535,False,False
1089,0,1,7,-165.0,195.0,-169.40719604492188,194.99998474121094,0.17189094424247742,-169.40719604492188,194.99998474121094,0.17189094424247742,1,6,4.407196044948289,False,False
1090,0,1,7,-165.0,195.0,-169.38450622558594,194.99998474121094,0.17184194922447205,-169.38450622558594,194.99998474121094,0.17184194922447205,1,6,4.384506225612489,False,False
1091,0,1,7,-165.0,195.0,-169.36192321777344,194.99998474121094,0.17181746661663055,-169.36192321777344,194.99998474121094,0.17181746661663055,1,6,4.361923217800126,False,False
1092,0,1,7,-165.0,195.0,-169.33946228027344,194.99998474121094,0.17181503772735596,-169.33946228027344,194.99998474121094,0.17181503772735596,1,6,4.339462280300265,False,False
1093,0,1,7,-165.0,195.0,-169.31710815429688,194.99998474121094,0.17183245718479156,-169.31710815429688,194.99998474121094,0.17183245718479156,1,6,4.317108154323841,False,False
1094,0,1,7,-165.0,195.0,-169.2948760986328,194.99998474121094,0.1718677133321762,-169.2948760986328,194.99998474121094,0.1718677133321762,1,6,4.294876098659918,False,False
1095,0,1,7,-165.0,195.0,-169.27276611328125,194.99998474121094,0.1719190627336502,-169.27276611328125,194.99998474121094,0.1719190627336502,1,6,4.272766113308496,False,False
1096,0,1,7,-165.0,195.0,-169.2507781982422,194.99998474121094,0.17192606627941132,-169.2507781982422,194.99998474121094,0.17192606627941132,1,6,4.2507781982695745,False,False
1097,0,1,7,-165.0,195.0,-169.22889709472656,194.99998474121094,0.1718931645154953,-169.22889709472656,194.99998474121094,0.1718931645154953,1,6,4.228897094754091,False,False
1098,0,1,7,-165.0,195.0,-169.20712280273438,194.99998474121094,0.1718243658542633,-169.20712280273438,194.99998474121094,0.1718243658542633,1,6,4.207122802762046,False,False
1099,0,1,7,-165.0,195.0,-169.1854705810547,194.99998474121094,0.17178206145763397,-169.1854705810547,194.99998474121094,0.17178206145763397,1,6,4.185470581082502,False,False
1100,0,1,7,-165.0,195.0,-169.1639404296875,194.99998474121094,0.1717635840177536,-169.1639404296875,194.99998474121094,0.1717635840177536,1,6,4.163940429715458,False,False
1101,0,1,7,-165.0,195.0,-169.1425018310547,194.99998474121094,0.17176654934883118,-169.1425018310547,194.99998474121094,0.17176654934883118,1,6,4.14250183108279,False,False
1102,0,1,7,-165.0,195.0,-169.12120056152344,194.99998474121094,0.17178882658481598,-169.12120056152344,194.99998474121094,0.17178882658481598,1,6,4.121200561551685,False,False
1103,0,1,7,-165.0,195.0,-169.09999084472656,194.99998474121094,0.1718284636735916,-169.09999084472656,194.99998474121094,0.1718284636735916,1,6,4.099990844754957,False,False
1104,0,1,7,-165.0,195.0,-169.0789031982422,194.99998474121094,0.1718837469816208,-169.0789031982422,194.99998474121094,0.1718837469816208,1,6,4.078903198270728,False,False
1105,0,1,7,-165.0,195.0,-169.05792236328125,194.99998474121094,0.17189429700374603,-169.05792236328125,194.99998474121094,0.17189429700374603,1,6,4.057922363309938,False,False
1106,0,1,7,-165.0,195.0,-169.03704833984375,194.99998474121094,0.1718645840883255,-169.03704833984375,194.99998474121094,0.1718645840883255,1,6,4.0370483398725865,False,False
1107,0,1,7,-165.0,195.0,-169.0162811279297,194.99998474121094,0.17185746133327484,-169.0162811279297,194.99998474121094,0.17185746133327484,1,6,4.016281127958673,False,False
1108,0,1,7,-165.0,195.0,-168.99563598632812,194.99998474121094,0.1718706339597702,-168.99563598632812,194.99998474121094,0.1718706339597702,1,6,3.995635986357261,False,False
1109,0,1,7,-165.0,195.0,-168.97509765625,194.99998474121094,0.1719021052122116,-168.97509765625,194.99998474121094,0.1719021052122116,1,6,3.9750976562792864,False,False
1110,0,1,7,-165.0,195.0,-168.95465087890625,194.99998474121094,0.1718912124633789,-168.95465087890625,194.99998474121094,0.1718912124633789,1,6,3.954650878935688,False,False
1111,0,1,7,-165.0,195.0,-168.934326171875,194.99998474121094,0.17184223234653473,-168.934326171875,194.99998474121094,0.17184223234653473,1,6,3.9343261719045897,False,False
1112,0,1,7,-165.0,195.0,-168.9141082763672,194.99998474121094,0.17181773483753204,-168.9141082763672,194.99998474121094,0.17181773483753204,1,6,3.91410827639693,False,False
1113,0,1,7,-165.0,195.0,-168.89398193359375,194.99998474121094,0.17181530594825745,-168.89398193359375,194.99998474121094,0.17181530594825745,1,6,3.893981933623646,False,False
1114,0,1,7,-165.0,195.0,-168.8739776611328,194.99998474121094,0.17183271050453186,-168.8739776611328,194.99998474121094,0.17183271050453186,1,6,3.873977661162863,False,False
1115,0,1,7,-165.0,195.0,-168.85406494140625,194.99998474121094,0.1718679666519165,-168.85406494140625,194.99998474121094,0.1718679666519165,1,6,3.854064941436456,False,False
1116,0,1,7,-165.0,195.0,-168.83425903320312,194.99998474121094,0.1719193011522293,-168.83425903320312,194.99998474121094,0.1719193011522293,1,6,3.834259033233487,False,False
1117,0,1,7,-165.0,195.0,-168.81455993652344,194.99998474121094,0.17192630469799042,-168.81455993652344,194.99998474121094,0.17192630469799042,1,6,3.814559936553956,False,False
1118,0,1,7,-165.0,195.0,-168.7949676513672,194.99998474121094,0.1718934178352356,-168.7949676513672,194.99998474121094,0.1718934178352356,1,6,3.794967651397864,False,False
1119,0,1,7,-165.0,195.0,-168.77548217773438,194.99998474121094,0.1718246191740036,-168.77548217773438,194.99998474121094,0.1718246191740036,1,6,3.7754821777652094,False,False
1120,0,1,7,-165.0,195.0,-168.75608825683594,194.99998474121094,0.17178229987621307,-168.75608825683594,194.99998474121094,0.17178229987621307,1,6,3.7560882568669314,False,False
1121,0,1,7,-165.0,195.0,-168.73680114746094,194.99998474121094,0.1717638075351715,-168.73680114746094,194.99998474121094,0.1717638075351715,1,6,3.7368011474920912,False,False
1122,0,1,7,-165.0,195.0,-168.71762084960938,194.99998474121094,0.17176677286624908,-168.71762084960938,194.99998474121094,0.17176677286624908,1,6,3.7176208496406895,False,False
1123,0,1,7,-165.0,195.0,-168.6985321044922,194.99998474121094,0.1717890501022339,-168.6985321044922,194.99998474121094,0.1717890501022339,1,6,3.6985321045236637,False,False
1124,0,1,7,-165.0,195.0,-168.67953491210938,194.99998474121094,0.17182868719100952,-168.67953491210938,194.99998474121094,0.17182868719100952,1,6,3.6795349121410137,False,False
1125,0,1,7,-165.0,195.0,-168.66065979003906,194.99998474121094,0.1718839704990387,-168.66065979003906,194.99998474121094,0.1718839704990387,1,6,3.660659790070864,False,False
1126,0,1,7,-165.0,195.0,-168.64186096191406,194.99998474121094,0.17189450562000275,-168.64186096191406,194.99998474121094,0.17189450562000275,1,6,3.6418609619460285,False,False
1127,0,1,7,-165.0,195.0,-168.6231689453125,194.99998474121094,0.1718648076057434,-168.6231689453125,194.99998474121094,0.1718648076057434,1,6,3.6231689453446307,False,False
1128,0,1,7,-165.0,195.0,-168.60458374023438,194.99998474121094,0.17185766994953156,-168.60458374023438,194.99998474121094,0.17185766994953156,1,6,3.6045837402666714,False,False
1129,0,1,7,-165.0,195.0,-168.58609008789062,194.99998474121094,0.17187084257602692,-168.58609008789062,194.99998474121094,0.17187084257602692,1,6,3.586090087923088,False,False
1130,0,1,7,-165.0,195.0,-168.56768798828125,194.99998474121094,0.17190231382846832,-168.56768798828125,194.99998474121094,0.17190231382846832,1,6,3.5676879883138803,False,False
1131,0,1,7,-165.0,195.0,-168.5493927001953,194.99998474121094,0.17189142107963562,-168.5493927001953,194.99998474121094,0.17189142107963562,1,6,3.549392700228111,False,False
1132,0,1,7,-165.0,195.0,-168.53118896484375,194.99998474121094,0.17184242606163025,-168.53118896484375,194.99998474121094,0.17184242606163025,1,6,3.531188964876718,False,False
1133,0,1,7,-165.0,195.0,-168.51307678222656,194.99998474121094,0.17181792855262756,-168.51307678222656,194.99998474121094,0.17181792855262756,1,6,3.5130767822597,False,False
1134,0,1,7,-165.0,195.0,-168.49505615234375,194.99998474121094,0.17181548476219177,-168.49505615234375,194.99998474121094,0.17181548476219177,1,6,3.4950561523770585,False,False
1135,0,1,7,-165.0,195.0,-168.47714233398438,194.99998474121094,0.1718328893184662,-168.47714233398438,194.99998474121094,0.1718328893184662,1,6,3.4771423340178553,False,False
1136,0,1,7,-165.0,195.0,-168.45932006835938,194.99998474121094,0.17186814546585083,-168.45932006835938,194.99998474121094,0.17186814546585083,1,6,3.4593200683930276,False,False
1137,0,1,7,-165.0,195.0,-168.4415740966797,194.99998474121094,0.17191947996616364,-168.4415740966797,194.99998474121094,0.17191947996616364,1,6,3.4415740967135138,False,False
1138,0,1,7,-165.0,195.0,-168.42393493652344,194.99998474121094,0.17192648351192474,-168.42393493652344,194.99998474121094,0.17192648351192474,1,6,3.423934936557438,False,False
1139,0,1,7,-165.0,195.0,-168.40638732910156,194.99998474121094,0.17189358174800873,-168.40638732910156,194.99998474121094,0.17189358174800873,1,6,3.4063873291357383,False,False
1140,0,1,7,-165.0,195.0,-168.38893127441406,194.99998474121094,0.17182476818561554,-168.38893127441406,194.99998474121094,0.17182476818561554,1,6,3.388931274448414,False,False
1141,0,1,7,-165.0,195.0,-168.37158203125,194.99998474121094,0.171782448887825,-168.37158203125,194.99998474121094,0.171782448887825,1,6,3.3715820312845284,False,False
1142,0,1,7,-165.0,195.0,-168.35430908203125,194.99998474121094,0.17176395654678345,-168.35430908203125,194.99998474121094,0.17176395654678345,1,6,3.354309082065956,False,False
1143,0,1,7,-165.0,195.0,-168.3371124267578,194.99998474121094,0.17176692187786102,-168.3371124267578,194.99998474121094,0.17176692187786102,1,6,3.3371124267926975,False,False
1144,0,1,7,-165.0,195.0,-168.3200225830078,194.99998474121094,0.17178918421268463,-168.3200225830078,194.99998474121094,0.17178918421268463,1,6,3.320022583042877,False,False
1145,0,1,7,-165.0,195.0,-168.3030242919922,194.99998474121094,0.17182882130146027,-168.3030242919922,194.99998474121094,0.17182882130146027,1,6,3.3030242920274326,False,False
1146,0,1,7,-165.0,195.0,-168.28611755371094,194.99998474121094,0.17188408970832825,-168.28611755371094,194.99998474121094,0.17188408970832825,1,6,3.286117553746364,False,False
1147,0,1,7,-165.0,195.0,-168.269287109375,194.99998474121094,0.1718946248292923,-168.269287109375,194.99998474121094,0.1718946248292923,1,6,3.269287109410609,False,False
1148,0,1,7,-165.0,195.0,-168.25254821777344,194.99998474121094,0.17186491191387177,-168.25254821777344,194.99998474121094,0.17186491191387177,1,6,3.2525482178092293,False,False
1149,0,1,7,-165.0,195.0,-168.23590087890625,194.99998474121094,0.1718577742576599,-168.23590087890625,194.99998474121094,0.1718577742576599,1,6,3.235900878942226,False,False
1150,0,1,7,-165.0,195.0,-168.21934509277344,194.99998474121094,0.17187094688415527,-168.21934509277344,194.99998474121094,0.17187094688415527,1,6,3.219345092809599,False,False
1151,0,1,7,-165.0,195.0,-168.20286560058594,194.99998474121094,0.17190240323543549,-168.20286560058594,194.99998474121094,0.17190240323543549,1,6,3.202865600622285,False,False
1152,0,1,7,-165.0,195.0,-168.1864776611328,194.99998474121094,0.17189151048660278,-168.1864776611328,194.99998474121094,0.17189151048660278,1,6,3.186477661169347,False,False
1153,0,1,7,-165.0,195.0,-168.17018127441406,194.99998474121094,0.1718425154685974,-168.17018127441406,194.99998474121094,0.1718425154685974,1,6,3.1701812744507847,False,False
1154,0,1,7,-165.0,195.0,-168.15396118164062,194.99998474121094,0.17181801795959473,-168.15396118164062,194.99998474121094,0.17181801795959473,1,6,3.153961181677536,False,False
1155,0,1,7,-165.0,195.0,-168.13783264160156,194.99998474121094,0.17181557416915894,-168.13783264160156,194.99998474121094,0.17181557416915894,1,6,3.137832641638663,False,False
1156,0,1,7,-165.0,195.0,-168.1217803955078,194.99998474121094,0.17183297872543335,-168.1217803955078,194.99998474121094,0.17183297872543335,1,6,3.121780395545104,False,False
1157,0,1,7,-165.0,195.0,-168.10581970214844,194.99998474121094,0.171868234872818,-168.10581970214844,194.99998474121094,0.171868234872818,1,6,3.1058197021859204,False,False
1158,0,1,7,-165.0,195.0,-168.08993530273438,194.99998474121094,0.1719195544719696,-168.08993530273438,194.99998474121094,0.1719195544719696,1,6,3.0899353027720506,False,False
1159,0,1,7,-165.0,195.0,-168.0741424560547,194.99998474121094,0.1719265580177307,-168.0741424560547,194.99998474121094,0.1719265580177307,1,6,3.0741424560925568,False,False
1160,0,1,7,-165.0,195.0,-168.0584259033203,194.99998474121094,0.1718936562538147,-168.0584259033203,194.99998474121094,0.1718936562538147,1,6,3.0584259033583763,False,False
1161,0,1,7,-165.0,195.0,-168.0428009033203,194.99998474121094,0.1718248426914215,-168.0428009033203,194.99998474121094,0.1718248426914215,1,6,3.0428009033585717,False,False
1162,0,1,7,-165.0,195.0,-168.02725219726562,194.99998474121094,0.17178252339363098,-168.02725219726562,194.99998474121094,0.17178252339363098,1,6,3.027252197304081,False,False
1163,0,1,7,-165.0,195.0,-168.01177978515625,194.99998474121094,0.17176403105258942,-168.01177978515625,194.99998474121094,0.17176403105258942,1,6,3.0117797851949035,False,False
1164,0,1,7,-165.0,195.0,-167.99639892578125,194.99998474121094,0.1717669814825058,-167.99639892578125,194.99998474121094,0.1717669814825058,1,6,2.9963989258201016,False,False
1165,0,1,7,-165.0,195.0,-167.9810791015625,194.99998474121094,0.1717892438173294,-167.9810791015625,194.99998474121094,0.1717892438173294,1,6,2.9810791016015514,False,False
1166,0,1,7,-165.0,195.0,-167.9658660888672,194.99998474121094,0.17182888090610504,-167.9658660888672,194.99998474121094,0.17182888090610504,1,6,2.965866088906439,False,False
1167,0,1,7,-165.0,195.0,-167.95071411132812,194.99998474121094,0.17188414931297302,-167.95071411132812,194.99998474121094,0.17188414931297302,1,6,2.9507141113675783,False,False
1168,0,1,7,-165.0,195.0,-167.93565368652344,194.99998474121094,0.17189468443393707,-167.93565368652344,194.99998474121094,0.17189468443393707,1,6,2.9356536865630933,False,False
1169,0,1,7,-165.0,195.0,-167.920654296875,194.99998474121094,0.17186497151851654,-167.920654296875,194.99998474121094,0.17186497151851654,1,6,2.9206542969148592,False,False
1170,0,1,7,-165.0,195.0,-167.90574645996094,194.99998474121094,0.1718578338623047,-167.90574645996094,194.99998474121094,0.1718578338623047,1,6,2.9057464600010015,False,False
1171,0,1,7,-165.0,195.0,-167.8909149169922,194.99998474121094,0.17187100648880005,-167.8909149169922,194.99998474121094,0.17187100648880005,1,6,2.890914917032457,False,False
1172,0,1,7,-165.0,195.0,-167.8761749267578,194.99998474121094,0.17190246284008026,-167.8761749267578,194.99998474121094,0.17190246284008026,1,6,2.876174926798288,False,False
1173,0,1,7,-165.0,195.0,-167.8614959716797,194.99998474121094,0.17189157009124756,-167.8614959716797,194.99998474121094,0.17189157009124756,1,6,2.861495971720371,False,False
1174,0,1,7,-165.0,195.0,-167.84689331054688,194.99998474121094,0.1718425750732422,-167.84689331054688,194.99998474121094,0.1718425750732422,1,6,2.846893310587767,False,False
1175,0,1,7,-165.0,195.0,-167.83236694335938,194.99998474121094,0.1718180775642395,-167.83236694335938,194.99998474121094,0.1718180775642395,1,6,2.832366943400477,False,False
1176,0,1,7,-165.0,195.0,-167.81793212890625,194.99998474121094,0.1718156337738037,-167.81793212890625,194.99998474121094,0.1718156337738037,1,6,2.8179321289475623,False,False
1177,0,1,7,-165.0,195.0,-167.80355834960938,194.99998474121094,0.17183302342891693,-167.80355834960938,194.99998474121094,0.17183302342891693,1,6,2.803558349650899,False,False
1178,0,1,7,-165.0,195.0,-167.7892608642578,194.99998474121094,0.17186827957630157,-167.7892608642578,194.99998474121094,0.17186827957630157,1,6,2.7892608642995493,False,False
1179,0,1,7,-165.0,195.0,-167.77503967285156,194.99998474121094,0.17191961407661438,-167.77503967285156,194.99998474121094,0.17191961407661438,1,6,2.7750396728935134,False,False
1180,0,1,7,-165.0,195.0,-167.76089477539062,194.99998474121094,0.1719266027212143,-167.76089477539062,194.99998474121094,0.1719266027212143,1,6,2.760894775432791,False,False
1181,0,1,7,-165.0,195.0,-167.746826171875,194.99998474121094,0.17189370095729828,-167.746826171875,194.99998474121094,0.17189370095729828,1,6,2.7468261719173817,False,False
1182,0,1,7,-165.0,195.0,-167.7328338623047,194.99998474121094,0.1718248873949051,-167.7328338623047,194.99998474121094,0.1718248873949051,1,6,2.7328338623472863,False,False
1183,0,1,7,-165.0,195.0,-167.71890258789062,194.99998474121094,0.17178256809711456,-167.71890258789062,194.99998474121094,0.17178256809711456,1,6,2.718902587933442,False,False
1184,0,1,7,-165.0,195.0,-167.70506286621094,194.99998474121094,0.171764075756073,-167.70506286621094,194.99998474121094,0.171764075756073,1,6,2.7050628662539737,False,False
1185,0,1,7,-165.0,195.0,-167.6912841796875,194.99998474121094,0.17176702618598938,-167.6912841796875,194.99998474121094,0.17176702618598938,1,6,2.6912841797307565,False,False
1186,0,1,7,-165.0,195.0,-167.6775665283203,194.99998474121094,0.171789288520813,-167.6775665283203,194.99998474121094,0.171789288520813,1,6,2.6775665283637906,False,False
1187,0,1,7,-165.0,195.0,-167.6639404296875,194.99998474121094,0.17182892560958862,-167.6639404296875,194.99998474121094,0.17182892560958862,1,6,2.6639404297312006,False,False
1188,0,1,7,-165.0,195.0,-167.65037536621094,194.99998474121094,0.1718841940164566,-167.65037536621094,194.99998474121094,0.1718841940164566,1,6,2.6503753662548615,False,False
1189,0,1,7,-165.0,195.0,-167.6368865966797,194.99998474121094,0.17189472913742065,-167.6368865966797,194.99998474121094,0.17189472913742065,1,6,2.636886596723836,False,False
1190,0,1,7,-165.0,195.0,-167.6234588623047,194.99998474121094,0.17186501622200012,-167.6234588623047,194.99998474121094,0.17186501622200012,1,6,2.6234588623490622,False,False
1191,0,1,7,-165.0,195.0,-167.610107421875,194.99998474121094,0.17185787856578827,-167.610107421875,194.99998474121094,0.17185787856578827,1,6,2.6101074219196017,False,False
1192,0,1,7,-165.0,195.0,-167.59683227539062,194.99998474121094,0.17187105119228363,-167.59683227539062,194.99998474121094,0.17187105119228363,1,6,2.596832275435455,False,False
1193,0,1,7,-165.0,195.0,-167.5836181640625,195.0,0.17190250754356384,-167.5836181640625,195.0,0.17190250754356384,1,6,2.5836181640625,False,False
1194,0,1,7,-165.0,195.0,-167.5704803466797,195.0,0.17189161479473114,-167.5704803466797,195.0,0.17189161479473114,1,6,2.5704803466796875,False,False
1195,0,1,7,-165.0,195.0,-167.55740356445312,195.0,0.17184261977672577,-167.55740356445312,195.0,0.17184261977672577,1,6,2.557403564453125,False,False
1196,0,1,7,-165.0,195.0,-167.54440307617188,195.0,0.17181812226772308,-167.54440307617188,195.0,0.17181812226772308,1,6,2.544403076171875,False,False
1197,0,1,7,-165.0,195.0,-167.53146362304688,195.0,0.1718156635761261,-167.53146362304688,195.0,0.1718156635761261,1,6,2.531463623046875,False,False
1198,0,1,7,-165.0,195.0,-167.5186004638672,195.0,0.1718330681324005,-167.5186004638672,195.0,0.1718330681324005,1,6,2.5186004638671875,False,False
1199,0,1,7,-165.0,195.0,-167.50579833984375,195.0,0.17186832427978516,-167.50579833984375,195.0,0.17186832427978516,1,6,2.50579833984375,False,False
1200,0,1,7,-165.0,195.0,-167.49307250976562,195.0,0.17191964387893677,-167.49307250976562,195.0,0.17191964387893677,1,7,2.493072509765625,True,False
1201,0,1,8,-160.0,195.0,-167.4779052734375,195.0,0.17192664742469788,-167.4779052734375,195.0,0.17192664742469788,1,7,7.4779052734375,False,False
1202,0,1,8,-160.0,195.0,-167.46055603027344,195.0,0.17189374566078186,-167.46055603027344,195.0,0.17189374566078186,1,7,7.4605560302734375,False,False
1203,0,1,8,-160.0,195.0,-167.44125366210938,195.0,0.17182493209838867,-167.44125366210938,195.0,0.17182493209838867,1,7,7.441253662109375,False,False
1204,0,1,8,-160.0,195.0,-167.42019653320312,195.0,0.17178261280059814,-167.42019653320312,195.0,0.17178261280059814,1,7,7.420196533203125,False,False
1205,0,1,8,-160.0,195.0,-167.3975830078125,195.0,0.17176412045955658,-167.3975830078125,195.0,0.17176412045955658,1,7,7.3975830078125,False,False
1206,0,1,8,-160.0,195.0,-167.37356567382812,195.0,0.17176708579063416,-167.37356567382812,195.0,0.17176708579063416,1,7,7.373565673828125,False,False
1207,0,1,8,-160.0,195.0,-167.3483123779297,195.0,0.17178934812545776,-167.3483123779297,195.0,0.17178934812545776,1,7,7.3483123779296875,False,False
1208,0,1,8,-160.0,195.0,-167.3219451904297,195.0,0.1718289852142334,-167.3219451904297,195.0,0.1718289852142334,1,7,7.3219451904296875,False,False
1209,0,1,8,-160.0,195.0,-167.2946014404297,195.0,0.17188426852226257,-167.2946014404297,195.0,0.17188426852226257,1,7,7.2946014404296875,False,False
1210,0,1,8,-160.0,195.0,-167.26638793945312,195.0,0.17189480364322662,-167.26638793945312,195.0,0.17189480364322662,1,7,7.266387939453125,False,False
1211,0,1,8,-160.0,195.0,-167.23739624023438,195.0,0.1718650907278061,-167.23739624023438,195.0,0.1718650907278061,1,7,7.237396240234375,False,False
1212,0,1,8,-160.0,195.0,-167.20773315429688,195.0,0.17185795307159424,-167.20773315429688,195.0,0.17185795307159424,1,7,7.207733154296875,False,False
1213,0,1,8,-160.0,195.0,-167.17747497558594,195.0,0.1718711256980896,-167.17747497558594,195.0,0.1718711256980896,1,7,7.1774749755859375,False,False
1214,0,1,8,-160.0,195.0,-167.14669799804688,195.0,0.171902596950531,-167.14669799804688,195.0,0.171902596950531,1,7,7.146697998046875,False,False
1215,0,1,8,-160.0,195.0,-167.11546325683594,195.0,0.1718917042016983,-167.11546325683594,195.0,0.1718917042016983,1,7,7.1154632568359375,False,False
1216,0,1,8,-160.0,195.0,-167.08383178710938,195.0,0.17184270918369293,-167.08383178710938,195.0,0.17184270918369293,1,7,7.083831787109375,False,False
1217,0,1,8,-160.0,195.0,-167.05186462402344,195.0,0.17181821167469025,-167.05186462402344,195.0,0.17181821167469025,1,7,7.0518646240234375,False,False
1218,0,1,8,-160.0,195.0,-167.01962280273438,195.0,0.17181576788425446,-167.01962280273438,195.0,0.17181576788425446,1,7,7.019622802734375,False,False
1219,0,1,8,-160.0,195.0,-166.9871368408203,195.0,0.17183317244052887,-166.9871368408203,195.0,0.17183317244052887,1,7,6.9871368408203125,False,False
1220,0,1,8,-160.0,195.0,-166.95443725585938,195.0,0.1718684285879135,-166.95443725585938,195.0,0.1718684285879135,1,7,6.954437255859375,False,False
1221,0,1,8,-160.0,195.0,-166.9215850830078,195.0,0.17191976308822632,-166.9215850830078,195.0,0.17191976308822632,1,7,6.9215850830078125,False,False
1222,0,1,8,-160.0,195.0,-166.8885955810547,195.0,0.17192675173282623,-166.8885955810547,195.0,0.17192675173282623,1,7,6.8885955810546875,False,False
1223,0,1,8,-160.0,195.0,-166.85549926757812,195.0,0.17189384996891022,-166.85549926757812,195.0,0.17189384996891022,1,7,6.855499267578125,False,False
1224,0,1,8,-160.0,195.0,-166.82232666015625,195.0,0.17182503640651703,-166.82232666015625,195.0,0.17182503640651703,1,7,6.82232666015625,False,False
1225,0,1,8,-160.0,195.0,-166.7891082763672,195.0,0.1717827171087265,-166.7891082763672,195.0,0.1717827171087265,1,7,6.7891082763671875,False,False
1226,0,1,8,-160.0,195.0,-166.755859375,195.0,0.17176422476768494,-166.755859375,195.0,0.17176422476768494,1,7,6.755859375,False,False
1227,0,1,8,-160.0,195.0,-166.72259521484375,195.0,0.1717671900987625,-166.72259521484375,195.0,0.1717671900987625,1,7,6.72259521484375,False,False
1228,0,1,8,-160.0,195.0,-166.68934631347656,195.0,0.17178945243358612,-166.68934631347656,195.0,0.17178945243358612,1,7,6.6893463134765625,False,False
1229,0,1,8,-160.0,195.0,-166.6561279296875,195.0,0.17182907462120056,-166.6561279296875,195.0,0.17182907462120056,1,7,6.6561279296875,False,False
1230,0,1,8,-160.0,195.0,-166.6229248046875,195.0,0.17188434302806854,-166.6229248046875,195.0,0.17188434302806854,1,7,6.6229248046875,False,False
1231,0,1,8,-160.0,195.0,-166.58978271484375,195.0,0.1718948781490326,-166.58978271484375,195.0,0.1718948781490326,1,7,6.58978271484375,False,False
1232,0,1,8,-160.0,195.0,-166.5567169189453,195.0,0.17186516523361206,-166.5567169189453,195.0,0.17186516523361206,1,7,6.5567169189453125,False,False
1233,0,1,8,-160.0,195.0,-166.52371215820312,195.0,0.171858012676239,-166.52371215820312,195.0,0.171858012676239,1,7,6.523712158203125,False,False
1234,0,1,8,-160.0,195.0,-166.49078369140625,195.0,0.17187118530273438,-166.49078369140625,195.0,0.17187118530273438,1,7,6.49078369140625,False,False
1235,0,1,8,-160.0,195.0,-166.45794677734375,195.0,0.1719026416540146,-166.45794677734375,195.0,0.1719026416540146,1,7,6.45794677734375,False,False
1236,0,1,8,-160.0,195.0,-166.4252166748047,195.0,0.17189174890518188,-166.4252166748047,195.0,0.17189174890518188,1,7,6.4252166748046875,False,False
1237,0,1,8,-160.0,195.0,-166.392578125,195.0,0.17184273898601532,-166.392578125,195.0,0.17184273898601532,1,7,6.392578125,False,False
1238,0,1,8,-160.0,195.0,-166.36004638671875,195.0,0.17181824147701263,-166.36004638671875,195.0,0.17181824147701263,1,7,6.36004638671875,False,False
1239,0,1,8,-160.0,195.0,-166.32765197753906,195.0,0.17181579768657684,-166.32765197753906,195.0,0.17181579768657684,1,7,6.3276519775390625,False,False
1240,0,1,8,-160.0,195.0,-166.29534912109375,195.0,0.17183318734169006,-166.29534912109375,195.0,0.17183318734169006,1,7,6.29534912109375,False,False
1241,0,1,8,-160.0,195.0,-166.26319885253906,195.0,0.1718684434890747,-166.26319885253906,195.0,0.1718684434890747,1,7,6.2631988525390625,False,False
1242,0,1,8,-160.0,195.0,-166.2311553955078,195.0,0.17191976308822632,-166.2311553955078,195.0,0.17191976308822632,1,7,6.2311553955078125,False,False
1243,0,1,8,-160.0,195.0,-166.19924926757812,195.0,0.17192675173282623,-166.19924926757812,195.0,0.17192675173282623,1,7,6.199249267578125,False,False
1244,0,1,8,-160.0,195.0,-166.16748046875,195.0,0.17189384996891022,-166.16748046875,195.0,0.17189384996891022,1,7,6.16748046875,False,False
1245,0,1,8,-160.0,195.0,-166.13583374023438,195.0,0.17182503640651703,-166.13583374023438,195.0,0.17182503640651703,1,7,6.135833740234375,False,False
1246,0,1,8,-160.0,195.0,-166.10433959960938,195.0,0.1717827022075653,-166.10433959960938,195.0,0.1717827022075653,1,7,6.104339599609375,False,False
1247,0,1,8,-160.0,195.0,-166.07298278808594,195.0,0.17176420986652374,-166.07298278808594,195.0,0.17176420986652374,1,7,6.0729827880859375,False,False
1248,0,1,8,-160.0,195.0,-166.04176330566406,195.0,0.17176717519760132,-166.04176330566406,195.0,0.17176717519760132,1,7,6.0417633056640625,False,False
1249,0,1,8,-160.0,195.0,-166.0106964111328,195.0,0.17178943753242493,-166.0106964111328,195.0,0.17178943753242493,1,7,6.0106964111328125,False,False
1250,0,1,8,-160.0,195.0,-165.97976684570312,195.0,0.17182905972003937,-165.97976684570312,195.0,0.17182905972003937,1,7,5.979766845703125,False,False
1251,0,1,8,-160.0,195.0,-165.948974609375,195.0,0.17188432812690735,-165.948974609375,195.0,0.17188432812690735,1,7,5.948974609375,False,False
1252,0,1,8,-160.0,195.0,-165.91835021972656,195.0,0.1718948632478714,-165.91835021972656,195.0,0.1718948632478714,1,7,5.9183502197265625,False,False
1253,0,1,8,-160.0,195.0,-165.88784790039062,195.0,0.17186513543128967,-165.88784790039062,195.0,0.17186513543128967,1,7,5.887847900390625,False,False
1254,0,1,8,-160.0,195.0,-165.85751342773438,195.0,0.17185799777507782,-165.85751342773438,195.0,0.17185799777507782,1,7,5.857513427734375,False,False
1255,0,1,8,-160.0,195.0,-165.8273162841797,195.0,0.17187117040157318,-165.8273162841797,195.0,0.17187117040157318,1,7,5.8273162841796875,False,False
1256,0,1,8,-160.0,195.0,-165.79727172851562,195.0,0.1719026118516922,-165.79727172851562,195.0,0.1719026118516922,1,7,5.797271728515625,False,False
1257,0,1,8,-160.0,195.0,-165.76736450195312,195.0,0.1718917191028595,-165.76736450195312,195.0,0.1718917191028595,1,7,5.767364501953125,False,False
1258,0,1,8,-160.0,195.0,-165.7376251220703,195.0,0.17184270918369293,-165.7376251220703,195.0,0.17184270918369293,1,7,5.7376251220703125,False,False
1259,0,1,8,-160.0,195.0,-165.70802307128906,195.0,0.17181821167469025,-165.70802307128906,195.0,0.17181821167469025,1,7,5.7080230712890625,False,False
1260,0,1,8,-160.0,195.0,-165.67857360839844,195.0,0.17181576788425446,-165.67857360839844,195.0,0.17181576788425446,1,7,5.6785736083984375,False,False
1261,0,1,8,-160.0,195.0,-165.64926147460938,195.0,0.17183315753936768,-165.64926147460938,195.0,0.17183315753936768,1,7,5.649261474609375,False,False
1262,0,1,8,-160.0,195.0,-165.62010192871094,195.0,0.17186841368675232,-165.62010192871094,195.0,0.17186841368675232,1,7,5.6201019287109375,False,False
1263,0,1,8,-160.0,195.0,-165.59109497070312,195.0,0.17191973328590393,-165.59109497070312,195.0,0.17191973328590393,1,7,5.591094970703125,False,False
1264,0,1,8,-160.0,195.0,-165.56224060058594,195.0,0.17192672193050385,-165.56224060058594,195.0,0.17192672193050385,1,7,5.5622406005859375,False,False
1265,0,1,8,-160.0,195.0,-165.5335235595703,195.0,0.17189380526542664,-165.5335235595703,195.0,0.17189380526542664,1,7,5.5335235595703125,False,False
1266,0,1,8,-160.0,195.0,-165.5049591064453,195.0,0.17182499170303345,-165.5049591064453,195.0,0.17182499170303345,1,7,5.5049591064453125,False,False
1267,0,1,8,-160.0,195.0,-165.47653198242188,195.0,0.17178267240524292,-165.47653198242188,195.0,0.17178267240524292,1,7,5.476531982421875,False,False
1268,0,1,8,-160.0,195.0,-165.44825744628906,195.0,0.17176416516304016,-165.44825744628906,195.0,0.17176416516304016,1,7,5.4482574462890625,False,False
1269,0,1,8,-160.0,195.0,-165.4201202392578,195.0,0.17176713049411774,-165.4201202392578,195.0,0.17176713049411774,1,7,5.4201202392578125,False,False
1270,0,1,8,-160.0,195.0,-165.3921356201172,195.0,0.17178939282894135,-165.3921356201172,195.0,0.17178939282894135,1,7,5.3921356201171875,False,False
1271,0,1,8,-160.0,195.0,-165.3643035888672,195.0,0.1718290150165558,-165.3643035888672,195.0,0.1718290150165558,1,7,5.3643035888671875,False,False
1272,0,1,8,-160.0,195.0,-165.3365936279297,195.0,0.17188428342342377,-165.3365936279297,195.0,0.17188428342342377,1,7,5.3365936279296875,False,False
1273,0,1,8,-160.0,195.0,-165.30905151367188,195.0,0.17189481854438782,-165.30905151367188,195.0,0.17189481854438782,1,7,5.309051513671875,False,False
1274,0,1,8,-160.0,195.0,-165.28163146972656,195.0,0.1718650907278061,-165.28163146972656,195.0,0.1718650907278061,1,7,5.2816314697265625,False,False
1275,0,1,8,-160.0,195.0,-165.25436401367188,195.0,0.17185795307159424,-165.25436401367188,195.0,0.17185795307159424,1,7,5.254364013671875,False,False
1276,0,1,8,-160.0,195.0,-165.22723388671875,195.0,0.1718711107969284,-165.22723388671875,195.0,0.1718711107969284,1,7,5.22723388671875,False,False
1277,0,1,8,-160.0,195.0,-165.20025634765625,195.0,0.17190256714820862,-165.20025634765625,195.0,0.17190256714820862,1,7,5.20025634765625,False,False
1278,0,1,8,-160.0,195.0,-165.17340087890625,195.0,0.17189165949821472,-165.17340087890625,195.0,0.17189165949821472,1,7,5.17340087890625,False,False
1279,0,1,8,-160.0,195.0,-165.14669799804688,195.0,0.17184266448020935,-165.14669799804688,195.0,0.17184266448020935,1,7,5.146697998046875,False,False
1280,0,1,8,-160.0,195.0,-165.12013244628906,195.0,0.17181815207004547,-165.12013244628906,195.0,0.17181815207004547,1,7,5.1201324462890625,False,False
1281,0,1,8,-160.0,195.0,-165.0937042236328,195.0,0.17181570827960968,-165.0937042236328,195.0,0.17181570827960968,1,7,5.0937042236328125,False,False
1282,0,1,8,-160.0,195.0,-165.06741333007812,195.0,0.1718330979347229,-165.06741333007812,195.0,0.1718330979347229,1,7,5.067413330078125,False,False
1283,0,1,8,-160.0,195.0,-165.041259765625,195.0,0.17186835408210754,-165.041259765625,195.0,0.17186835408210754,1,7,5.041259765625,False,False
1284,0,1,8,-160.0,195.0,-165.01524353027344,195.0,0.17191967368125916,-165.01524353027344,195.0,0.17191967368125916,1,7,5.0152435302734375,False,False
1285,0,1,8,-160.0,195.0,-164.98934936523438,195.0,0.17192666232585907,-164.98934936523438,195.0,0.17192666232585907,1,7,4.989349365234375,False,False
1286,0,1,8,-160.0,195.0,-164.96360778808594,195.0,0.17189374566078186,-164.96360778808594,195.0,0.17189374566078186,1,7,4.9636077880859375,False,False
1287,0,1,8,-160.0,195.0,-164.93800354003906,195.0,0.17182493209838867,-164.93800354003906,195.0,0.17182493209838867,1,7,4.9380035400390625,False,False
1288,0,1,8,-160.0,195.0,-164.9125213623047,195.0,0.17178261280059814,-164.9125213623047,195.0,0.17178261280059814,1,7,4.9125213623046875,False,False
1289,0,1,8,-160.0,195.0,-164.88717651367188,195.0,0.17176410555839539,-164.88717651367188,195.0,0.17176410555839539,1,7,4.887176513671875,False,False
1290,0,1,8,-160.0,195.0,-164.86195373535156,195.0,0.17176707088947296,-164.86195373535156,195.0,0.17176707088947296,1,7,4.8619537353515625,False,False
1291,0,1,8,-160.0,195.0,-164.83688354492188,195.0,0.17178931832313538,-164.83688354492188,195.0,0.17178931832313538,1,7,4.836883544921875,False,False
1292,0,1,8,-160.0,195.0,-164.81192016601562,195.0,0.171828955411911,-164.81192016601562,195.0,0.171828955411911,1,7,4.811920166015625,False,False
1293,0,1,8,-160.0,195.0,-164.787109375,195.0,0.1718842089176178,-164.787109375,195.0,0.1718842089176178,1,7,4.787109375,False,False
1294,0,1,8,-160.0,195.0,-164.76242065429688,195.0,0.17189474403858185,-164.76242065429688,195.0,0.17189474403858185,1,7,4.762420654296875,False,False
1295,0,1,8,-160.0,195.0,-164.73785400390625,195.0,0.17186503112316132,-164.73785400390625,195.0,0.17186503112316132,1,7,4.73785400390625,False,False
1296,0,1,8,-160.0,195.0,-164.7134246826172,195.0,0.17185787856578827,-164.7134246826172,195.0,0.17185787856578827,1,7,4.7134246826171875,False,False
1297,0,1,8,-160.0,195.0,-164.68911743164062,195.0,0.17187105119228363,-164.68911743164062,195.0,0.17187105119228363,1,7,4.689117431640625,False,False
1298,0,1,8,-160.0,195.0,-164.66494750976562,195.0,0.17190250754356384,-164.66494750976562,195.0,0.17190250754356384,1,7,4.664947509765625,False,False
1299,0,1,8,-160.0,195.0,-164.64088439941406,195.0,0.17189159989356995,-164.64088439941406,195.0,0.17189159989356995,1,7,4.6408843994140625,False,False
1300,0,1,8,-160.0,195.0,-164.61697387695312,195.0,0.17184260487556458,-164.61697387695312,195.0,0.17184260487556458,1,7,4.616973876953125,False,False
1301,0,1,8,-160.0,195.0,-164.59317016601562,195.0,0.1718180924654007,-164.59317016601562,195.0,0.1718180924654007,1,7,4.593170166015625,False,False
1302,0,1,8,-160.0,195.0,-164.56948852539062,195.0,0.1718156486749649,-164.56948852539062,195.0,0.1718156486749649,1,7,4.569488525390625,False,False
1303,0,1,8,-160.0,195.0,-164.5459442138672,195.0,0.17183303833007812,-164.5459442138672,195.0,0.17183303833007812,1,7,4.5459442138671875,False,False
1304,0,1,8,-160.0,195.0,-164.5225067138672,195.0,0.17186829447746277,-164.5225067138672,195.0,0.17186829447746277,1,7,4.5225067138671875,False,False
1305,0,1,8,-160.0,195.0,-164.49920654296875,195.0,0.17191961407661438,-164.49920654296875,195.0,0.17191961407661438,1,7,4.49920654296875,False,False
1306,0,1,8,-160.0,195.0,-164.4760284423828,195.0,0.1719266027212143,-164.4760284423828,195.0,0.1719266027212143,1,7,4.4760284423828125,False,False
1307,0,1,8,-160.0,195.0,-164.4529571533203,195.0,0.17189368605613708,-164.4529571533203,195.0,0.17189368605613708,1,7,4.4529571533203125,False,False
1308,0,1,8,-160.0,195.0,-164.43002319335938,195.0,0.1718248724937439,-164.43002319335938,195.0,0.1718248724937439,1,7,4.430023193359375,False,False
1309,0,1,8,-160.0,195.0,-164.40719604492188,195.0,0.17178253829479218,-164.40719604492188,195.0,0.17178253829479218,1,7,4.407196044921875,False,False
1310,0,1,8,-160.0,195.0,-164.38450622558594,195.0,0.1717640459537506,-164.38450622558594,195.0,0.1717640459537506,1,7,4.3845062255859375,False,False
1311,0,1,8,-160.0,195.0,-164.36192321777344,195.0,0.17176701128482819,-164.36192321777344,195.0,0.17176701128482819,1,7,4.3619232177734375,False,False
1312,0,1,8,-160.0,195.0,-164.33946228027344,195.0,0.1717892587184906,-164.33946228027344,195.0,0.1717892587184906,1,7,4.3394622802734375,False,False
1313,0,1,8,-160.0,195.0,-164.31710815429688,195.0,0.17182889580726624,-164.31710815429688,195.0,0.17182889580726624,1,7,4.317108154296875,False,False
1314,0,1,8,-160.0,195.0,-164.2948760986328,195.0,0.17188414931297302,-164.2948760986328,195.0,0.17188414931297302,1,7,4.2948760986328125,False,False
1315,0,1,8,-160.0,195.0,-164.27276611328125,195.0,0.17189468443393707,-164.27276611328125,195.0,0.17189468443393707,1,7,4.27276611328125,False,False
1316,0,1,8,-160.0,195.0,-164.2507781982422,195.0,0.17186497151851654,-164.2507781982422,195.0,0.17186497151851654,1,7,4.2507781982421875,False,False
1317,0,1,8,-160.0,195.0,-164.22889709472656,195.0,0.1718578189611435,-164.22889709472656,195.0,0.1718578189611435,1,7,4.2288970947265625,False,False
1318,0,1,8,-160.0,195.0,-164.20712280273438,195.0,0.17187099158763885,-164.20712280273438,195.0,0.17187099158763885,1,7,4.207122802734375,False,False
1319,0,1,8,-160.0,195.0,-164.1854705810547,195.0,0.17190243303775787,-164.1854705810547,195.0,0.17190243303775787,1,7,4.1854705810546875,False,False
1320,0,1,8,-160.0,195.0,-164.1639404296875,195.0,0.17189154028892517,-164.1639404296875,195.0,0.17189154028892517,1,7,4.1639404296875,False,False
1321,0,1,8,-160.0,195.0,-164.1425018310547,195.0,0.1718425303697586,-164.1425018310547,195.0,0.1718425303697586,1,7,4.1425018310546875,False,False
1322,0,1,8,-160.0,195.0,-164.12120056152344,195.0,0.17181803286075592,-164.12120056152344,195.0,0.17181803286075592,1,7,4.1212005615234375,False,False
1323,0,1,8,-160.0,195.0,-164.09999084472656,195.0,0.17181558907032013,-164.09999084472656,195.0,0.17181558907032013,1,7,4.0999908447265625,False,False
1324,0,1,8,-160.0,195.0,-164.0789031982422,195.0,0.17183297872543335,-164.0789031982422,195.0,0.17183297872543335,1,7,4.0789031982421875,False,False
1325,0,1,8,-160.0,195.0,-164.05792236328125,195.0,0.1718682199716568,-164.05792236328125,195.0,0.1718682199716568,1,7,4.05792236328125,False,False
1326,0,1,8,-160.0,195.0,-164.03704833984375,195.0,0.1719195544719696,-164.03704833984375,195.0,0.1719195544719696,1,7,4.03704833984375,False,False
1327,0,1,8,-160.0,195.0,-164.0162811279297,195.0,0.17192654311656952,-164.0162811279297,195.0,0.17192654311656952,1,7,4.0162811279296875,False,False
1328,0,1,8,-160.0,195.0,-163.99563598632812,195.0,0.1718936264514923,-163.99563598632812,195.0,0.1718936264514923,1,7,3.995635986328125,False,False
1329,0,1,8,-160.0,195.0,-163.97509765625,195.0,0.17182481288909912,-163.97509765625,195.0,0.17182481288909912,1,7,3.97509765625,False,False
1330,0,1,8,-160.0,195.0,-163.95465087890625,195.0,0.1717824786901474,-163.95465087890625,195.0,0.1717824786901474,1,7,3.95465087890625,False,False
1331,0,1,8,-160.0,195.0,-163.934326171875,195.0,0.17176398634910583,-163.934326171875,195.0,0.17176398634910583,1,7,3.934326171875,False,False
1332,0,1,8,-160.0,195.0,-163.9141082763672,195.0,0.17176693677902222,-163.9141082763672,195.0,0.17176693677902222,1,7,3.9141082763671875,False,False
1333,0,1,8,-160.0,195.0,-163.89398193359375,195.0,0.17178919911384583,-163.89398193359375,195.0,0.17178919911384583,1,7,3.89398193359375,False,False
1334,0,1,8,-160.0,195.0,-163.8739776611328,195.0,0.17182882130146027,-163.8739776611328,195.0,0.17182882130146027,1,7,3.8739776611328125,False,False
1335,0,1,8,-160.0,195.0,-163.85406494140625,195.0,0.17188408970832825,-163.85406494140625,195.0,0.17188408970832825,1,7,3.85406494140625,False,False
1336,0,1,8,-160.0,195.0,-163.83425903320312,195.0,0.1718946248292923,-163.83425903320312,195.0,0.1718946248292923,1,7,3.834259033203125,False,False
1337,0,1,8,-160.0,195.0,-163.81455993652344,195.0,0.17186489701271057,-163.81455993652344,195.0,0.17186489701271057,1,7,3.8145599365234375,False,False
1338,0,1,8,-160.0,195.0,-163.7949676513672,195.0,0.17185775935649872,-163.7949676513672,195.0,0.17185775935649872,1,7,3.7949676513671875,False,False
1339,0,1,8,-160.0,195.0,-163.77548217773438,195.0,0.17187091708183289,-163.77548217773438,195.0,0.17187091708183289,1,7,3.775482177734375,False,False
1340,0,1,8,-160.0,195.0,-163.75608825683594,195.0,0.1719023734331131,-163.75608825683594,195.0,0.1719023734331131,1,7,3.7560882568359375,False,False
1341,0,1,8,-160.0,195.0,-163.73680114746094,195.0,0.1718914806842804,-163.73680114746094,195.0,0.1718914806842804,1,7,3.7368011474609375,False,False
1342,0,1,8,-160.0,195.0,-163.71762084960938,195.0,0.17184247076511383,-163.71762084960938,195.0,0.17184247076511383,1,7,3.717620849609375,False,False
1343,0,1,8,-160.0,195.0,-163.6985321044922,195.0,0.17181797325611115,-163.6985321044922,195.0,0.17181797325611115,1,7,3.6985321044921875,False,False
1344,0,1,8,-160.0,195.0,-163.67953491210938,195.0,0.17181551456451416,-163.67953491210938,195.0,0.17181551456451416,1,7,3.679534912109375,False,False
1345,0,1,8,-160.0,195.0,-163.66065979003906,195.0,0.17183290421962738,-163.66065979003906,195.0,0.17183290421962738,1,7,3.6606597900390625,False,False
1346,0,1,8,-160.0,195.0,-163.64186096191406,195.0,0.17186816036701202,-163.64186096191406,195.0,0.17186816036701202,1,7,3.6418609619140625,False,False
1347,0,1,8,-160.0,195.0,-163.6231689453125,195.0,0.17191947996616364,-163.6231689453125,195.0,0.17191947996616364,1,7,3.6231689453125,False,False
1348,0,1,8,-160.0,195.0,-163.60458374023438,195.0,0.17192646861076355,-163.60458374023438,195.0,0.17192646861076355,1,7,3.604583740234375,False,False
1349,0,1,8,-160.0,195.0,-163.58609008789062,195.0,0.17189356684684753,-163.58609008789062,195.0,0.17189356684684753,1,7,3.586090087890625,False,False
1350,0,1,8,-160.0,195.0,-163.56768798828125,195.0,0.17182475328445435,-163.56768798828125,195.0,0.17182475328445435,1,7,3.56768798828125,False,False
1351,0,1,8,-160.0,195.0,-163.5493927001953,195.0,0.17178241908550262,-163.5493927001953,195.0,0.17178241908550262,1,7,3.5493927001953125,False,False
1352,0,1,8,-160.0,195.0,-163.53118896484375,195.0,0.17176392674446106,-163.53118896484375,195.0,0.17176392674446106,1,7,3.53118896484375,False,False
1353,0,1,8,-160.0,195.0,-163.51307678222656,195.0,0.17176687717437744,-163.51307678222656,195.0,0.17176687717437744,1,7,3.5130767822265625,False,False
1354,0,1,8,-160.0,195.0,-163.49505615234375,195.0,0.17178912460803986,-163.49505615234375,195.0,0.17178912460803986,1,7,3.49505615234375,False,False
1355,0,1,8,-160.0,195.0,-163.47714233398438,195.0,0.1718287616968155,-163.47714233398438,195.0,0.1718287616968155,1,7,3.477142333984375,False,False
1356,0,1,8,-160.0,195.0,-163.45932006835938,195.0,0.17188401520252228,-163.45932006835938,195.0,0.17188401520252228,1,7,3.459320068359375,False,False
1357,0,1,8,-160.0,195.0,-163.4415740966797,195.0,0.17189455032348633,-163.4415740966797,195.0,0.17189455032348633,1,7,3.4415740966796875,False,False
1358,0,1,8,-160.0,195.0,-163.42393493652344,195.0,0.1718648374080658,-163.42393493652344,195.0,0.1718648374080658,1,7,3.4239349365234375,False,False
1359,0,1,8,-160.0,195.0,-163.40638732910156,195.0,0.17185768485069275,-163.40638732910156,195.0,0.17185768485069275,1,7,3.4063873291015625,False,False
1360,0,1,8,-160.0,195.0,-163.38893127441406,195.0,0.1718708574771881,-163.38893127441406,195.0,0.1718708574771881,1,7,3.3889312744140625,False,False
1361,0,1,8,-160.0,195.0,-163.37158203125,195.0,0.17190231382846832,-163.37158203125,195.0,0.17190231382846832,1,7,3.37158203125,False,False
1362,0,1,8,-160.0,195.0,-163.35430908203125,195.0,0.17189140617847443,-163.35430908203125,195.0,0.17189140617847443,1,7,3.35430908203125,False,False
1363,0,1,8,-160.0,195.0,-163.3371124267578,195.0,0.17184241116046906,-163.3371124267578,195.0,0.17184241116046906,1,7,3.3371124267578125,False,False
1364,0,1,8,-160.0,195.0,-163.3200225830078,195.0,0.17181789875030518,-163.3200225830078,195.0,0.17181789875030518,1,7,3.3200225830078125,False,False
1365,0,1,8,-160.0,195.0,-163.3030242919922,195.0,0.17181545495986938,-163.3030242919922,195.0,0.17181545495986938,1,7,3.3030242919921875,False,False
1366,0,1,8,-160.0,195.0,-163.28611755371094,195.0,0.1718328446149826,-163.28611755371094,195.0,0.1718328446149826,1,7,3.2861175537109375,False,False
1367,0,1,8,-160.0,195.0,-163.269287109375,195.0,0.17186810076236725,-163.269287109375,195.0,0.17186810076236725,1,7,3.269287109375,False,False
1368,0,1,8,-160.0,195.0,-163.25254821777344,195.0,0.17191942036151886,-163.25254821777344,195.0,0.17191942036151886,1,7,3.2525482177734375,False,False
1369,0,1,8,-160.0,195.0,-163.23590087890625,195.0,0.17192640900611877,-163.23590087890625,195.0,0.17192640900611877,1,7,3.23590087890625,False,False
1370,0,1,8,-160.0,195.0,-163.21934509277344,195.0,0.17189349234104156,-163.21934509277344,195.0,0.17189349234104156,1,7,3.2193450927734375,False,False
1371,0,1,8,-160.0,195.0,-163.20286560058594,195.0,0.17182467877864838,-163.20286560058594,195.0,0.17182467877864838,1,7,3.2028656005859375,False,False
1372,0,1,8,-160.0,195.0,-163.1864776611328,195.0,0.17178235948085785,-163.1864776611328,195.0,0.17178235948085785,1,7,3.1864776611328125,False,False
1373,0,1,8,-160.0,195.0,-163.17018127441406,195.0,0.1717638522386551,-163.17018127441406,195.0,0.1717638522386551,1,7,3.1701812744140625,False,False
1374,0,1,8,-160.0,195.0,-163.15396118164062,195.0,0.17176681756973267,-163.15396118164062,195.0,0.17176681756973267,1,7,3.153961181640625,False,False
1375,0,1,8,-160.0,195.0,-163.13783264160156,195.0,0.17178906500339508,-163.13783264160156,195.0,0.17178906500339508,1,7,3.1378326416015625,False,False
1376,0,1,8,-160.0,195.0,-163.1217803955078,195.0,0.17182868719100952,-163.1217803955078,195.0,0.17182868719100952,1,7,3.1217803955078125,False,False
1377,0,1,8,-160.0,195.0,-163.10581970214844,195.0,0.1718839555978775,-163.10581970214844,195.0,0.1718839555978775,1,7,3.1058197021484375,False,False
1378,0,1,8,-160.0,195.0,-163.08993530273438,195.0,0.17189449071884155,-163.08993530273438,195.0,0.17189449071884155,1,7,3.089935302734375,False,False
1379,0,1,8,-160.0,195.0,-163.0741424560547,195.0,0.17186477780342102,-163.0741424560547,195.0,0.17186477780342102,1,7,3.0741424560546875,False,False
1380,0,1,8,-160.0,195.0,-163.0584259033203,195.0,0.17185762524604797,-163.0584259033203,195.0,0.17185762524604797,1,7,3.0584259033203125,False,False
1381,0,1,8,-160.0,195.0,-163.0428009033203,195.0,0.17187079787254333,-163.0428009033203,195.0,0.17187079787254333,1,7,3.0428009033203125,False,False
1382,0,1,8,-160.0,195.0,-163.02725219726562,195.0,0.17190223932266235,-163.02725219726562,195.0,0.17190223932266235,1,7,3.027252197265625,False,False
1383,0,1,8,-160.0,195.0,-163.01177978515625,195.0,0.17189134657382965,-163.01177978515625,195.0,0.17189134657382965,1,7,3.01177978515625,False,False
1384,0,1,8,-160.0,195.0,-162.99639892578125,195.0,0.17184235155582428,-162.99639892578125,195.0,0.17184235155582428,1,7,2.99639892578125,False,False
1385,0,1,8,-160.0,195.0,-162.9810791015625,195.0,0.1718178391456604,-162.9810791015625,195.0,0.1718178391456604,1,7,2.9810791015625,False,False
1386,0,1,8,-160.0,195.0,-162.9658660888672,195.0,0.1718153953552246,-162.9658660888672,195.0,0.1718153953552246,1,7,2.9658660888671875,False,False
1387,0,1,8,-160.0,195.0,-162.95071411132812,195.0,0.17183278501033783,-162.95071411132812,195.0,0.17183278501033783,1,7,2.950714111328125,False,False
1388,0,1,8,-160.0,195.0,-162.93565368652344,195.0,0.17186804115772247,-162.93565368652344,195.0,0.17186804115772247,1,7,2.9356536865234375,False,False
1389,0,1,8,-160.0,195.0,-162.920654296875,195.0,0.17191936075687408,-162.920654296875,195.0,0.17191936075687408,1,7,2.920654296875,False,False
1390,0,1,8,-160.0,195.0,-162.90574645996094,195.0,0.171926349401474,-162.90574645996094,195.0,0.171926349401474,1,7,2.9057464599609375,False,False
1391,0,1,8,-160.0,195.0,-162.8909149169922,195.0,0.1718934327363968,-162.8909149169922,195.0,0.1718934327363968,1,7,2.8909149169921875,False,False
1392,0,1,8,-160.0,195.0,-162.8761749267578,195.0,0.1718246191740036,-162.8761749267578,195.0,0.1718246191740036,1,7,2.8761749267578125,False,False
1393,0,1,8,-160.0,195.0,-162.8614959716797,195.0,0.17178229987621307,-162.8614959716797,195.0,0.17178229987621307,1,7,2.8614959716796875,False,False
1394,0,1,8,-160.0,195.0,-162.84689331054688,195.0,0.17176379263401031,-162.84689331054688,195.0,0.17176379263401031,1,7,2.846893310546875,False,False
1395,0,1,8,-160.0,195.0,-162.83236694335938,195.0,0.1717667430639267,-162.83236694335938,195.0,0.1717667430639267,1,7,2.832366943359375,False,False
1396,0,1,8,-160.0,195.0,-162.81793212890625,195.0,0.1717890053987503,-162.81793212890625,195.0,0.1717890053987503,1,7,2.81793212890625,False,False
1397,0,1,8,-160.0,195.0,-162.80355834960938,195.0,0.17182862758636475,-162.80355834960938,195.0,0.17182862758636475,1,7,2.803558349609375,False,False
1398,0,1,8,-160.0,195.0,-162.7892608642578,195.0,0.17188389599323273,-162.7892608642578,195.0,0.17188389599323273,1,7,2.7892608642578125,False,False
1399,0,1,8,-160.0,195.0,-162.77503967285156,195.0,0.17189443111419678,-162.77503967285156,195.0,0.17189443111419678,1,7,2.7750396728515625,False,False
1400,0,1,8,-160.0,195.0,-162.76089477539062,195.0,0.17186471819877625,-162.76089477539062,195.0,0.17186471819877625,1,7,2.760894775390625,False,False
1401,0,1,8,-160.0,195.0,-162.746826171875,195.0,0.1718575656414032,-162.746826171875,195.0,0.1718575656414032,1,7,2.746826171875,False,False
1402,0,1,8,-160.0,195.0,-162.7328338623047,195.0,0.17187073826789856,-162.7328338623047,195.0,0.17187073826789856,1,7,2.7328338623046875,False,False
1403,0,1,8,-160.0,195.0,-162.71890258789062,195.0,0.17190217971801758,-162.71890258789062,195.0,0.17190217971801758,1,7,2.718902587890625,False,False
1404,0,1,8,-160.0,195.0,-162.70506286621094,195.0,0.17189128696918488,-162.70506286621094,195.0,0.17189128696918488,1,7,2.7050628662109375,False,False
1405,0,1,8,-160.0,195.0,-162.6912841796875,195.0,0.1718422919511795,-162.6912841796875,195.0,0.1718422919511795,1,7,2.6912841796875,False,False
1406,0,1,8,-160.0,195.0,-162.6775665283203,195.0,0.17181777954101562,-162.6775665283203,195.0,0.17181777954101562,1,7,2.6775665283203125,False,False
1407,0,1,8,-160.0,195.0,-162.6639404296875,195.0,0.17181533575057983,-162.6639404296875,195.0,0.17181533575057983,1,7,2.6639404296875,False,False
1408,0,1,8,-160.0,195.0,-162.65037536621094,195.0,0.17183272540569305,-162.65037536621094,195.0,0.17183272540569305,1,7,2.6503753662109375,False,False
1409,0,1,8,-160.0,195.0,-162.6368865966797,195.0,0.1718679815530777,-162.6368865966797,195.0,0.1718679815530777,1,7,2.6368865966796875,False,False
1410,0,1,8,-160.0,195.0,-162.6234588623047,195.0,0.1719193011522293,-162.6234588623047,195.0,0.1719193011522293,1,7,2.6234588623046875,False,False
1411,0,1,8,-160.0,195.0,-162.610107421875,195.0,0.17192628979682922,-162.610107421875,195.0,0.17192628979682922,1,7,2.610107421875,False,False
1412,0,1,8,-160.0,195.0,-162.59683227539062,195.0,0.1718933880329132,-162.59683227539062,195.0,0.1718933880329132,1,7,2.596832275390625,False,False
1413,0,1,8,-160.0,195.0,-162.5836181640625,195.0,0.17182457447052002,-162.5836181640625,195.0,0.17182457447052002,1,7,2.5836181640625,False,False
1414,0,1,8,-160.0,195.0,-162.5704803466797,195.0,0.1717822402715683,-162.5704803466797,195.0,0.1717822402715683,1,7,2.5704803466796875,False,False
1415,0,1,8,-160.0,195.0,-162.55740356445312,195.0,0.17176374793052673,-162.55740356445312,195.0,0.17176374793052673,1,7,2.557403564453125,False,False
1416,0,1,8,-160.0,195.0,-162.54440307617188,195.0,0.17176669836044312,-162.54440307617188,195.0,0.17176669836044312,1,7,2.544403076171875,False,False
1417,0,1,8,-160.0,195.0,-162.53146362304688,195.0,0.17178894579410553,-162.53146362304688,195.0,0.17178894579410553,1,7,2.531463623046875,False,False
1418,0,1,8,-160.0,195.0,-162.5186004638672,195.0,0.17182858288288116,-162.5186004638672,195.0,0.17182858288288116,1,7,2.5186004638671875,False,False
1419,0,1,8,-160.0,195.0,-162.50579833984375,195.0,0.17188383638858795,-162.50579833984375,195.0,0.17188383638858795,1,7,2.50579833984375,False,False
1420,0,1,8,-160.0,195.0,-162.49307250976562,195.0,0.171894371509552,-162.49307250976562,195.0,0.171894371509552,1,8,2.493072509765625,True,False
1421,0,1,9,-155.0,195.0,-162.4779052734375,195.0,0.17186465859413147,-162.4779052734375,195.0,0.17186465859413147,1,8,7.4779052734375,False,False
1422,0,1,9,-155.0,195.0,-162.46055603027344,195.0,0.17185750603675842,-162.46055603027344,195.0,0.17185750603675842,1,8,7.4605560302734375,False,False
1423,0,1,9,-155.0,195.0,-162.44125366210938,195.0,0.17187067866325378,-162.44125366210938,195.0,0.17187067866325378,1,8,7.441253662109375,False,False
1424,0,1,9,-155.0,195.0,-162.42019653320312,195.0,0.171902135014534,-162.42019653320312,195.0,0.171902135014534,1,8,7.420196533203125,False,False
1425,0,1,9,-155.0,195.0,-162.3975830078125,195.0,0.1718912273645401,-162.3975830078125,195.0,0.1718912273645401,1,8,7.3975830078125,False,False
1426,0,1,9,-155.0,195.0,-162.37356567382812,195.0,0.17184223234653473,-162.37356567382812,195.0,0.17184223234653473,1,8,7.373565673828125,False,False
1427,0,1,9,-155.0,195.0,-162.3483123779297,195.0,0.17181773483753204,-162.3483123779297,195.0,0.17181773483753204,1,8,7.3483123779296875,False,False
1428,0,1,9,-155.0,195.0,-162.3219451904297,195.0,0.17181527614593506,-162.3219451904297,195.0,0.17181527614593506,1,8,7.3219451904296875,False,False
1429,0,1,9,-155.0,195.0,-162.2946014404297,195.0,0.17183266580104828,-162.2946014404297,195.0,0.17183266580104828,1,8,7.2946014404296875,False,False
1430,0,1,9,-155.0,195.0,-162.26638793945312,195.0,0.17186792194843292,-162.26638793945312,195.0,0.17186792194843292,1,8,7.266387939453125,False,False
1431,0,1,9,-155.0,195.0,-162.23739624023438,195.0,0.17191924154758453,-162.23739624023438,195.0,0.17191924154758453,1,8,7.237396240234375,False,False
1432,0,1,9,-155.0,195.0,-162.20773315429688,195.0,0.17192623019218445,-162.20773315429688,195.0,0.17192623019218445,1,8,7.207733154296875,False,False
1433,0,1,9,-155.0,195.0,-162.17747497558594,195.0,0.17189331352710724,-162.17747497558594,195.0,0.17189331352710724,1,8,7.1774749755859375,False,False
1434,0,1,9,-155.0,195.0,-162.14669799804688,195.0,0.17182449996471405,-162.14669799804688,195.0,0.17182449996471405,1,8,7.146697998046875,False,False
1435,0,1,9,-155.0,195.0,-162.11546325683594,195.0,0.17178218066692352,-162.11546325683594,195.0,0.17178218066692352,1,8,7.1154632568359375,False,False
1436,0,1,9,-155.0,195.0,-162.08383178710938,195.0,0.17176368832588196,-162.08383178710938,195.0,0.17176368832588196,1,8,7.083831787109375,False,False
1437,0,1,9,-155.0,195.0,-162.05186462402344,195.0,0.17176663875579834,-162.05186462402344,195.0,0.17176663875579834,1,8,7.0518646240234375,False,False
1438,0,1,9,-155.0,195.0,-162.01962280273438,195.0,0.17178890109062195,-162.01962280273438,195.0,0.17178890109062195,1,8,7.019622802734375,False,False
1439,0,1,9,-155.0,195.0,-161.9871368408203,195.0,0.1718285232782364,-161.9871368408203,195.0,0.1718285232782364,1,8,6.9871368408203125,False,False
1440,0,1,9,-155.0,195.0,-161.95443725585938,195.0,0.17188379168510437,-161.95443725585938,195.0,0.17188379168510437,1,8,6.954437255859375,False,False
1441,0,1,9,-155.0,195.0,-161.9215850830078,195.0,0.17189432680606842,-161.9215850830078,195.0,0.17189432680606842,1,8,6.9215850830078125,False,False
1442,0,1,9,-155.0,195.0,-161.8885955810547,195.0,0.1718645989894867,-161.8885955810547,195.0,0.1718645989894867,1,8,6.8885955810546875,False,False
1443,0,1,9,-155.0,195.0,-161.85549926757812,195.0,0.17185746133327484,-161.85549926757812,195.0,0.17185746133327484,1,8,6.855499267578125,False,False
1444,0,1,9,-155.0,195.0,-161.82232666015625,195.0,0.171870619058609,-161.82232666015625,195.0,0.171870619058609,1,8,6.82232666015625,False,False
1445,0,1,9,-155.0,195.0,-161.7891082763672,195.0,0.17190207540988922,-161.7891082763672,195.0,0.17190207540988922,1,8,6.7891082763671875,False,False
1446,0,1,9,-155.0,195.0,-161.755859375,195.0,0.17189116775989532,-161.755859375,195.0,0.17189116775989532,1,8,6.755859375,False,False
1447,0,1,9,-155.0,195.0,-161.72259521484375,195.0,0.17184215784072876,-161.72259521484375,195.0,0.17184215784072876,1,8,6.72259521484375,False,False
1448,0,1,9,-155.0,195.0,-161.68934631347656,195.0,0.17181766033172607,-161.68934631347656,195.0,0.17181766033172607,1,8,6.6893463134765625,False,False
1449,0,1,9,-155.0,195.0,-161.6561279296875,195.0,0.17181521654129028,-161.6561279296875,195.0,0.17181521654129028,1,8,6.6561279296875,False,False
1450,0,1,9,-155.0,195.0,-161.6229248046875,195.0,0.1718326061964035,-161.6229248046875,195.0,0.1718326061964035,1,8,6.6229248046875,False,False
1451,0,1,9,-155.0,195.0,-161.58978271484375,195.0,0.17186786234378815,-161.58978271484375,195.0,0.17186786234378815,1,8,6.58978271484375,False,False
1452,0,1,9,-155.0,195.0,-161.5567169189453,195.0,0.17191918194293976,-161.5567169189453,195.0,0.17191918194293976,1,8,6.5567169189453125,False,False
1453,0,1,9,-155.0,195.0,-161.52371215820312,195.0,0.17192615568637848,-161.52371215820312,195.0,0.17192615568637848,1,8,6.523712158203125,False,False
1454,0,1,9,-155.0,195.0,-161.49078369140625,195.0,0.17189325392246246,-161.49078369140625,195.0,0.17189325392246246,1,8,6.49078369140625,False,False
1455,0,1,9,-155.0,195.0,-161.45794677734375,195.0,0.17182444036006927,-161.45794677734375,195.0,0.17182444036006927,1,8,6.45794677734375,False,False
1456,0,1,9,-155.0,195.0,-161.4252166748047,195.0,0.17178210616111755,-161.4252166748047,195.0,0.17178210616111755,1,8,6.4252166748046875,False,False
1457,0,1,9,-155.0,195.0,-161.392578125,195.0,0.171763613820076,-161.392578125,195.0,0.171763613820076,1,8,6.392578125,False,False
1458,0,1,9,-155.0,195.0,-161.36004638671875,195.0,0.17176656424999237,-161.36004638671875,195.0,0.17176656424999237,1,8,6.36004638671875,False,False
1459,0,1,9,-155.0,195.0,-161.32765197753906,195.0,0.17178882658481598,-161.32765197753906,195.0,0.17178882658481598,1,8,6.3276519775390625,False,False
1460,0,1,9,-155.0,195.0,-161.29534912109375,195.0,0.1718284636735916,-161.29534912109375,195.0,0.1718284636735916,1,8,6.29534912109375,False,False
1461,0,1,9,-155.0,195.0,-161.26318359375,195.0,0.1718837171792984,-161.26318359375,195.0,0.1718837171792984,1,8,6.26318359375,False,False
1462,0,1,9,-155.0,195.0,-161.2311553955078,195.0,0.17189425230026245,-161.2311553955078,195.0,0.17189425230026245,1,8,6.2311553955078125,False,False
1463,0,1,9,-155.0,195.0,-161.19924926757812,195.0,0.17186452448368073,-161.19924926757812,195.0,0.17186452448368073,1,8,6.199249267578125,False,False
1464,0,1,9,-155.0,195.0,-161.16748046875,195.0,0.17185738682746887,-161.16748046875,195.0,0.17185738682746887,1,8,6.16748046875,False,False
1465,0,1,9,-155.0,195.0,-161.13583374023438,195.0,0.17187054455280304,-161.13583374023438,195.0,0.17187054455280304,1,8,6.135833740234375,False,False
1466,0,1,9,-155.0,195.0,-161.10433959960938,195.0,0.17190200090408325,-161.10433959960938,195.0,0.17190200090408325,1,8,6.104339599609375,False,False
1467,0,1,9,-155.0,195.0,-161.07298278808594,195.0,0.17189110815525055,-161.07298278808594,195.0,0.17189110815525055,1,8,6.0729827880859375,False,False
1468,0,1,9,-155.0,195.0,-161.04176330566406,195.0,0.17184209823608398,-161.04176330566406,195.0,0.17184209823608398,1,8,6.0417633056640625,False,False
1469,0,1,9,-155.0,195.0,-161.0106964111328,195.0,0.1718175858259201,-161.0106964111328,195.0,0.1718175858259201,1,8,6.0106964111328125,False,False
1470,0,1,9,-155.0,195.0,-160.97976684570312,195.0,0.17181514203548431,-160.97976684570312,195.0,0.17181514203548431,1,8,5.979766845703125,False,False
1471,0,1,9,-155.0,195.0,-160.948974609375,195.0,0.17183253169059753,-160.948974609375,195.0,0.17183253169059753,1,8,5.948974609375,False,False
1472,0,1,9,-155.0,195.0,-160.91835021972656,195.0,0.17186778783798218,-160.91835021972656,195.0,0.17186778783798218,1,8,5.9183502197265625,False,False
1473,0,1,9,-155.0,195.0,-160.88784790039062,195.0,0.1719191074371338,-160.88784790039062,195.0,0.1719191074371338,1,8,5.887847900390625,False,False
1474,0,1,9,-155.0,195.0,-160.85751342773438,195.0,0.1719260960817337,-160.85751342773438,195.0,0.1719260960817337,1,8,5.857513427734375,False,False
1475,0,1,9,-155.0,195.0,-160.8273162841797,195.0,0.1718931794166565,-160.8273162841797,195.0,0.1718931794166565,1,8,5.8273162841796875,False,False
1476,0,1,9,-155.0,195.0,-160.79727172851562,195.0,0.1718243658542633,-160.79727172851562,195.0,0.1718243658542633,1,8,5.797271728515625,False,False
1477,0,1,9,-155.0,195.0,-160.76736450195312,195.0,0.17178203165531158,-160.76736450195312,195.0,0.17178203165531158,1,8,5.767364501953125,False,False
1478,0,1,9,-155.0,195.0,-160.7376251220703,195.0,0.17176353931427002,-160.7376251220703,195.0,0.17176353931427002,1,8,5.7376251220703125,False,False
1479,0,1,9,-155.0,195.0,-160.70802307128906,195.0,0.1717665046453476,-160.70802307128906,195.0,0.1717665046453476,1,8,5.7080230712890625,False,False
1480,0,1,9,-155.0,195.0,-160.67857360839844,195.0,0.17178875207901,-160.67857360839844,195.0,0.17178875207901,1,8,5.6785736083984375,False,False
1481,0,1,9,-155.0,195.0,-160.64926147460938,195.0,0.17182838916778564,-160.64926147460938,195.0,0.17182838916778564,1,8,5.649261474609375,False,False
1482,0,1,9,-155.0,195.0,-160.62010192871094,195.0,0.17188364267349243,-160.62010192871094,195.0,0.17188364267349243,1,8,5.6201019287109375,False,False
1483,0,1,9,-155.0,195.0,-160.59109497070312,195.0,0.17189417779445648,-160.59109497070312,195.0,0.17189417779445648,1,8,5.591094970703125,False,False
1484,0,1,9,-155.0,195.0,-160.56224060058594,195.0,0.17186446487903595,-160.56224060058594,195.0,0.17186446487903595,1,8,5.5622406005859375,False,False
1485,0,1,9,-155.0,195.0,-160.5335235595703,195.0,0.1718573123216629,-160.5335235595703,195.0,0.1718573123216629,1,8,5.5335235595703125,False,False
1486,0,1,9,-155.0,195.0,-160.5049591064453,195.0,0.17187048494815826,-160.5049591064453,195.0,0.17187048494815826,1,8,5.5049591064453125,False,False
1487,0,1,9,-155.0,195.0,-160.47653198242188,195.0,0.17190192639827728,-160.47653198242188,195.0,0.17190192639827728,1,8,5.476531982421875,False,False
1488,0,1,9,-155.0,195.0,-160.44825744628906,195.0,0.17189103364944458,-160.44825744628906,195.0,0.17189103364944458,1,8,5.4482574462890625,False,False
1489,0,1,9,-155.0,195.0,-160.4201202392578,195.0,0.17184202373027802,-160.4201202392578,195.0,0.17184202373027802,1,8,5.4201202392578125,False,False
1490,0,1,9,-155.0,195.0,-160.3921356201172,195.0,0.17181752622127533,-160.3921356201172,195.0,0.17181752622127533,1,8,5.3921356201171875,False,False
1491,0,1,9,-155.0,195.0,-160.3643035888672,195.0,0.17181508243083954,-160.3643035888672,195.0,0.17181508243083954,1,8,5.3643035888671875,False,False
1492,0,1,9,-155.0,195.0,-160.3365936279297,195.0,0.17183247208595276,-160.3365936279297,195.0,0.17183247208595276,1,8,5.3365936279296875,False,False
1493,0,1,9,-155.0,195.0,-160.30905151367188,195.0,0.1718677282333374,-160.30905151367188,195.0,0.1718677282333374,1,8,5.309051513671875,False,False
1494,0,1,9,-155.0,195.0,-160.28163146972656,195.0,0.171919047832489,-160.28163146972656,195.0,0.171919047832489,1,8,5.2816314697265625,False,False
1495,0,1,9,-155.0,195.0,-160.25436401367188,195.0,0.17192603647708893,-160.25436401367188,195.0,0.17192603647708893,1,8,5.254364013671875,False,False
1496,0,1,9,-155.0,195.0,-160.22723388671875,195.0,0.17189311981201172,-160.22723388671875,195.0,0.17189311981201172,1,8,5.22723388671875,False,False
1497,0,1,9,-155.0,195.0,-160.20025634765625,195.0,0.17182430624961853,-160.20025634765625,195.0,0.17182430624961853,1,8,5.20025634765625,False,False
1498,0,1,9,-155.0,195.0,-160.17340087890625,195.0,0.1717819720506668,-160.17340087890625,195.0,0.1717819720506668,1,8,5.17340087890625,False,False
1499,0,1,9,-155.0,195.0,-160.14669799804688,195.0,0.17176347970962524,-160.14669799804688,195.0,0.17176347970962524,1,8,5.146697998046875,False,False
1500,0,1,9,-155.0,195.0,-160.12013244628906,195.0,0.17176644504070282,-160.12013244628906,195.0,0.17176644504070282,1,8,5.1201324462890625,False,False
1501,0,1,9,-155.0,195.0,-160.0937042236328,195.0,0.17178869247436523,-160.0937042236328,195.0,0.17178869247436523,1,8,5.0937042236328125,False,False
1502,0,1,9,-155.0,195.0,-160.06741333007812,195.0,0.17182832956314087,-160.06741333007812,195.0,0.17182832956314087,1,8,5.067413330078125,False,False
1503,0,1,9,-155.0,195.0,-160.041259765625,195.0,0.17188358306884766,-160.041259765625,195.0,0.17188358306884766,1,8,5.041259765625,False,False
1504,0,1,9,-155.0,195.0,-160.01524353027344,195.0,0.1718941181898117,-160.01524353027344,195.0,0.1718941181898117,1,8,5.0152435302734375,False,False
1505,0,1,9,-155.0,195.0,-159.98934936523438,195.0,0.17186440527439117,-159.98934936523438,195.0,0.17186440527439117,1,8,4.989349365234375,False,False
1506,0,1,9,-155.0,195.0,-159.96360778808594,195.0,0.17185725271701813,-159.96360778808594,195.0,0.17185725271701813,1,8,4.9636077880859375,False,False
1507,0,1,9,-155.0,195.0,-159.93800354003906,195.0,0.1718704253435135,-159.93800354003906,195.0,0.1718704253435135,1,8,4.9380035400390625,False,False
1508,0,1,9,-155.0,195.0,-159.9125213623047,195.0,0.1719018816947937,-159.9125213623047,195.0,0.1719018816947937,1,8,4.9125213623046875,False,False
1509,0,1,9,-155.0,195.0,-159.88717651367188,195.0,0.1718909740447998,-159.88717651367188,195.0,0.1718909740447998,1,8,4.887176513671875,False,False
1510,0,1,9,-155.0,195.0,-159.86195373535156,195.0,0.17184197902679443,-159.86195373535156,195.0,0.17184197902679443,1,8,4.8619537353515625,False,False
1511,0,1,9,-155.0,195.0,-159.83688354492188,195.0,0.17181746661663055,-159.83688354492188,195.0,0.17181746661663055,1,8,4.836883544921875,False,False
1512,0,1,9,-155.0,195.0,-159.81192016601562,195.0,0.17181502282619476,-159.81192016601562,195.0,0.17181502282619476,1,8,4.811920166015625,False,False
1513,0,1,9,-155.0,195.0,-159.787109375,195.0,0.17183241248130798,-159.787109375,195.0,0.17183241248130798,1,8,4.787109375,False,False
1514,0,1,9,-155.0,195.0,-159.76242065429688,195.0,0.17186766862869263,-159.76242065429688,195.0,0.17186766862869263,1,8,4.762420654296875,False,False
1515,0,1,9,-155.0,195.0,-159.73785400390625,195.0,0.17191898822784424,-159.73785400390625,195.0,0.17191898822784424,1,8,4.73785400390625,False,False
1516,0,1,9,-155.0,195.0,-159.7134246826172,195.0,0.17192597687244415,-159.7134246826172,195.0,0.17192597687244415,1,8,4.7134246826171875,False,False
1517,0,1,9,-155.0,195.0,-159.68911743164062,195.0,0.17189307510852814,-159.68911743164062,195.0,0.17189307510852814,1,8,4.689117431640625,False,False
1518,0,1,9,-155.0,195.0,-159.66494750976562,195.0,0.17182426154613495,-159.66494750976562,195.0,0.17182426154613495,1,8,4.664947509765625,False,False
1519,0,1,9,-155.0,195.0,-159.64088439941406,195.0,0.17178192734718323,-159.64088439941406,195.0,0.17178192734718323,1,8,4.6408843994140625,False,False
1520,0,1,9,-155.0,195.0,-159.61697387695312,195.0,0.17176343500614166,-159.61697387695312,195.0,0.17176343500614166,1,8,4.616973876953125,False,False
1521,0,1,9,-155.0,195.0,-159.59317016601562,195.0,0.17176638543605804,-159.59317016601562,195.0,0.17176638543605804,1,8,4.593170166015625,False,False
1522,0,1,9,-155.0,195.0,-159.56948852539062,195.0,0.17178864777088165,-159.56948852539062,195.0,0.17178864777088165,1,8,4.569488525390625,False,False
1523,0,1,9,-155.0,195.0,-159.5459442138672,195.0,0.1718282699584961,-159.5459442138672,195.0,0.1718282699584961,1,8,4.5459442138671875,False,False
1524,0,1,9,-155.0,195.0,-159.5225067138672,195.0,0.17188353836536407,-159.5225067138672,195.0,0.17188353836536407,1,8,4.5225067138671875,False,False
1525,0,1,9,-155.0,195.0,-159.49920654296875,195.0,0.17189407348632812,-159.49920654296875,195.0,0.17189407348632812,1,8,4.49920654296875,False,False
1526,0,1,9,-155.0,195.0,-159.4760284423828,195.0,0.1718643456697464,-159.4760284423828,195.0,0.1718643456697464,1,8,4.4760284423828125,False,False
1527,0,1,9,-155.0,195.0,-159.4529571533203,195.0,0.17185720801353455,-159.4529571533203,195.0,0.17185720801353455,1,8,4.4529571533203125,False,False
1528,0,1,9,-155.0,195.0,-159.43002319335938,195.0,0.1718703806400299,-159.43002319335938,195.0,0.1718703806400299,1,8,4.430023193359375,False,False
1529,0,1,9,-155.0,195.0,-159.40719604492188,195.0,0.17190182209014893,-159.40719604492188,195.0,0.17190182209014893,1,8,4.407196044921875,False,False
1530,0,1,9,-155.0,195.0,-159.38450622558594,195.0,0.17189092934131622,-159.38450622558594,195.0,0.17189092934131622,1,8,4.3845062255859375,False,False
1531,0,1,9,-155.0,195.0,-159.36192321777344,195.0,0.17184191942214966,-159.36192321777344,195.0,0.17184191942214966,1,8,4.3619232177734375,False,False
1532,0,1,9,-155.0,195.0,-159.33946228027344,195.0,0.17181742191314697,-159.33946228027344,195.0,0.17181742191314697,1,8,4.3394622802734375,False,False
1533,0,1,9,-155.0,195.0,-159.31710815429688,195.0,0.17181497812271118,-159.31710815429688,195.0,0.17181497812271118,1,8,4.317108154296875,False,False
1534,0,1,9,-155.0,195.0,-159.2948760986328,195.0,0.1718323677778244,-159.2948760986328,195.0,0.1718323677778244,1,8,4.2948760986328125,False,False
1535,0,1,9,-155.0,195.0,-159.27276611328125,195.0,0.17186760902404785,-159.27276611328125,195.0,0.17186760902404785,1,8,4.27276611328125,False,False
1536,0,1,9,-155.0,195.0,-159.2507781982422,195.0,0.17191894352436066,-159.2507781982422,195.0,0.17191894352436066,1,8,4.2507781982421875,False,False
1537,0,1,9,-155.0,195.0,-159.22889709472656,195.0,0.17192593216896057,-159.22889709472656,195.0,0.17192593216896057,1,8,4.2288970947265625,False,False
1538,0,1,9,-155.0,195.0,-159.20712280273438,195.0,0.17189301550388336,-159.20712280273438,195.0,0.17189301550388336,1,8,4.207122802734375,False,False
1539,0,1,9,-155.0,195.0,-159.1854705810547,195.0,0.17182420194149017,-159.1854705810547,195.0,0.17182420194149017,1,8,4.1854705810546875,False,False
1540,0,1,9,-155.0,195.0,-159.1639404296875,195.0,0.17178188264369965,-159.1639404296875,195.0,0.17178188264369965,1,8,4.1639404296875,False,False
1541,0,1,9,-155.0,195.0,-159.1425018310547,195.0,0.1717633754014969,-159.1425018310547,195.0,0.1717633754014969,1,8,4.1425018310546875,False,False
1542,0,1,9,-155.0,195.0,-159.12120056152344,195.0,0.17176634073257446,-159.12120056152344,195.0,0.17176634073257446,1,8,4.1212005615234375,False,False
1543,0,1,9,-155.0,195.0,-159.09999084472656,195.0,0.17178858816623688,-159.09999084472656,195.0,0.17178858816623688,1,8,4.0999908447265625,False,False
1544,0,1,9,-155.0,195.0,-159.0789031982422,195.0,0.1718282252550125,-159.0789031982422,195.0,0.1718282252550125,1,8,4.0789031982421875,False,False
1545,0,1,9,-155.0,195.0,-159.05792236328125,195.0,0.1718834787607193,-159.05792236328125,195.0,0.1718834787607193,1,8,4.05792236328125,False,False
1546,0,1,9,-155.0,195.0,-159.03704833984375,195.0,0.17189401388168335,-159.03704833984375,195.0,0.17189401388168335,1,8,4.03704833984375,False,False
1547,0,1,9,-155.0,195.0,-159.0162811279297,195.0,0.17186430096626282,-159.0162811279297,195.0,0.17186430096626282,1,8,4.0162811279296875,False,False
1548,0,1,9,-155.0,195.0,-158.99563598632812,195.0,0.17185714840888977,-158.99563598632812,195.0,0.17185714840888977,1,8,3.995635986328125,False,False
1549,0,1,9,-155.0,195.0,-158.97509765625,195.0,0.17187032103538513,-158.97509765625,195.0,0.17187032103538513,1,8,3.97509765625,False,False
1550,0,1,9,-155.0,195.0,-158.95465087890625,195.0,0.17190177738666534,-158.95465087890625,195.0,0.17190177738666534,1,8,3.95465087890625,False,False
1551,0,1,9,-155.0,195.0,-158.934326171875,195.0,0.17189088463783264,-158.934326171875,195.0,0.17189088463783264,1,8,3.934326171875,False,False
1552,0,1,9,-155.0,195.0,-158.9141082763672,195.0,0.17184187471866608,-158.9141082763672,195.0,0.17184187471866608,1,8,3.9141082763671875,False,False
1553,0,1,9,-155.0,195.0,-158.89398193359375,195.0,0.1718173772096634,-158.89398193359375,195.0,0.1718173772096634,1,8,3.89398193359375,False,False
1554,0,1,9,-155.0,195.0,-158.8739776611328,195.0,0.1718149185180664,-158.8739776611328,195.0,0.1718149185180664,1,8,3.8739776611328125,False,False
1555,0,1,9,-155.0,195.0,-158.85406494140625,195.0,0.17183230817317963,-158.85406494140625,195.0,0.17183230817317963,1,8,3.85406494140625,False,False
1556,0,1,9,-155.0,195.0,-158.83425903320312,195.0,0.17186756432056427,-158.83425903320312,195.0,0.17186756432056427,1,8,3.834259033203125,False,False
1557,0,1,9,-155.0,195.0,-158.81455993652344,195.0,0.17191888391971588,-158.81455993652344,195.0,0.17191888391971588,1,8,3.8145599365234375,False,False
1558,0,1,9,-155.0,195.0,-158.7949676513672,195.0,0.1719258725643158,-158.7949676513672,195.0,0.1719258725643158,1,8,3.7949676513671875,False,False
1559,0,1,9,-155.0,195.0,-158.77548217773438,195.0,0.17189297080039978,-158.77548217773438,195.0,0.17189297080039978,1,8,3.775482177734375,False,False
1560,0,1,9,-155.0,195.0,-158.75608825683594,195.0,0.1718241572380066,-158.75608825683594,195.0,0.1718241572380066,1,8,3.7560882568359375,False,False
1561,0,1,9,-155.0,195.0,-158.73680114746094,195.0,0.17178182303905487,-158.73680114746094,195.0,0.17178182303905487,1,8,3.7368011474609375,False,False
1562,0,1,9,-155.0,195.0,-158.71762084960938,195.0,0.1717633306980133,-158.71762084960938,195.0,0.1717633306980133,1,8,3.717620849609375,False,False
1563,0,1,9,-155.0,195.0,-158.6985321044922,195.0,0.1717662811279297,-158.6985321044922,195.0,0.1717662811279297,1,8,3.6985321044921875,False,False
1564,0,1,9,-155.0,195.0,-158.67953491210938,195.0,0.1717885434627533,-158.67953491210938,195.0,0.1717885434627533,1,8,3.679534912109375,False,False
1565,0,1,9,-155.0,195.0,-158.66065979003906,195.0,0.17182816565036774,-158.66065979003906,195.0,0.17182816565036774,1,8,3.6606597900390625,False,False
1566,0,1,9,-155.0,195.0,-158.64186096191406,195.0,0.17188343405723572,-158.64186096191406,195.0,0.17188343405723572,1,8,3.6418609619140625,False,False
1567,0,1,9,-155.0,195.0,-158.6231689453125,195.0,0.17189396917819977,-158.6231689453125,195.0,0.17189396917819977,1,8,3.6231689453125,False,False
1568,0,1,9,-155.0,195.0,-158.60458374023438,195.0,0.17186425626277924,-158.60458374023438,195.0,0.17186425626277924,1,8,3.604583740234375,False,False
1569,0,1,9,-155.0,195.0,-158.58609008789062,195.0,0.1718571037054062,-158.58609008789062,195.0,0.1718571037054062,1,8,3.586090087890625,False,False
1570,0,1,9,-155.0,195.0,-158.56768798828125,195.0,0.17187027633190155,-158.56768798828125,195.0,0.17187027633190155,1,8,3.56768798828125,False,False
1571,0,1,9,-155.0,195.0,-158.5493927001953,195.0,0.17190171778202057,-158.5493927001953,195.0,0.17190171778202057,1,8,3.5493927001953125,False,False
1572,0,1,9,-155.0,195.0,-158.53118896484375,195.0,0.17189082503318787,-158.53118896484375,195.0,0.17189082503318787,1,8,3.53118896484375,False,False
1573,0,1,9,-155.0,195.0,-158.51307678222656,195.0,0.1718418300151825,-158.51307678222656,195.0,0.1718418300151825,1,8,3.5130767822265625,False,False
1574,0,1,9,-155.0,195.0,-158.49505615234375,195.0,0.17181731760501862,-158.49505615234375,195.0,0.17181731760501862,1,8,3.49505615234375,False,False
1575,0,1,9,-155.0,195.0,-158.47714233398438,195.0,0.17181487381458282,-158.47714233398438,195.0,0.17181487381458282,1,8,3.477142333984375,False,False
1576,0,1,9,-155.0,195.0,-158.45932006835938,195.0,0.17183226346969604,-158.45932006835938,195.0,0.17183226346969604,1,8,3.459320068359375,False,False
1577,0,1,9,-155.0,195.0,-158.4415740966797,195.0,0.1718675196170807,-158.4415740966797,195.0,0.1718675196170807,1,8,3.4415740966796875,False,False
1578,0,1,9,-155.0,195.0,-158.42393493652344,195.0,0.1719188392162323,-158.42393493652344,195.0,0.1719188392162323,1,8,3.4239349365234375,False,False
1579,0,1,9,-155.0,195.0,-158.40638732910156,195.0,0.17192582786083221,-158.40638732910156,195.0,0.17192582786083221,1,8,3.4063873291015625,False,False
1580,0,1,9,-155.0,195.0,-158.38893127441406,195.0,0.1718929260969162,-158.38893127441406,195.0,0.1718929260969162,1,8,3.3889312744140625,False,False
1581,0,1,9,-155.0,195.0,-158.37158203125,195.0,0.171824112534523,-158.37158203125,195.0,0.171824112534523,1,8,3.37158203125,False,False
1582,0,1,9,-155.0,195.0,-158.35430908203125,195.0,0.1717817783355713,-158.35430908203125,195.0,0.1717817783355713,1,8,3.35430908203125,False,False
1583,0,1,9,-155.0,195.0,-158.3371124267578,195.0,0.17176328599452972,-158.3371124267578,195.0,0.17176328599452972,1,8,3.3371124267578125,False,False
1584,0,1,9,-155.0,195.0,-158.3200225830078,195.0,0.1717662364244461,-158.3200225830078,195.0,0.1717662364244461,1,8,3.3200225830078125,False,False
1585,0,1,9,-155.0,195.0,-158.3030242919922,195.0,0.17178849875926971,-158.3030242919922,195.0,0.17178849875926971,1,8,3.3030242919921875,False,False
1586,0,1,9,-155.0,195.0,-158.28611755371094,195.0,0.17182812094688416,-158.28611755371094,195.0,0.17182812094688416,1,8,3.2861175537109375,False,False
1587,0,1,9,-155.0,195.0,-158.269287109375,195.0,0.17188338935375214,-158.269287109375,195.0,0.17188338935375214,1,8,3.269287109375,False,False
1588,0,1,9,-155.0,195.0,-158.25254821777344,195.0,0.1718939244747162,-158.25254821777344,195.0,0.1718939244747162,1,8,3.2525482177734375,False,False
1589,0,1,9,-155.0,195.0,-158.23590087890625,195.0,0.17186419665813446,-158.23590087890625,195.0,0.17186419665813446,1,8,3.23590087890625,False,False
1590,0,1,9,-155.0,195.0,-158.21934509277344,195.0,0.1718570590019226,-158.21934509277344,195.0,0.1718570590019226,1,8,3.2193450927734375,False,False
1591,0,1,9,-155.0,195.0,-158.20286560058594,195.0,0.17187023162841797,-158.20286560058594,195.0,0.17187023162841797,1,8,3.2028656005859375,False,False
1592,0,1,9,-155.0,195.0,-158.1864776611328,195.0,0.171901673078537,-158.1864776611328,195.0,0.171901673078537,1,8,3.1864776611328125,False,False
1593,0,1,9,-155.0,195.0,-158.17018127441406,195.0,0.17189078032970428,-158.17018127441406,195.0,0.17189078032970428,1,8,3.1701812744140625,False,False
1594,0,1,9,-155.0,195.0,-158.15396118164062,195.0,0.17184177041053772,-158.15396118164062,195.0,0.17184177041053772,1,8,3.153961181640625,False,False
1595,0,1,9,-155.0,195.0,-158.13783264160156,195.0,0.17181727290153503,-158.13783264160156,195.0,0.17181727290153503,1,8,3.1378326416015625,False,False
1596,0,1,9,-155.0,195.0,-158.1217803955078,195.0,0.17181482911109924,-158.1217803955078,195.0,0.17181482911109924,1,8,3.1217803955078125,False,False
1597,0,1,9,-155.0,195.0,-158.10581970214844,195.0,0.17183221876621246,-158.10581970214844,195.0,0.17183221876621246,1,8,3.1058197021484375,False,False
1598,0,1,9,-155.0,195.0,-158.08993530273438,195.0,0.1718674600124359,-158.08993530273438,195.0,0.1718674600124359,1,8,3.089935302734375,False,False
1599,0,1,9,-155.0,195.0,-158.0741424560547,195.0,0.17191879451274872,-158.0741424560547,195.0,0.17191879451274872,1,8,3.0741424560546875,False,False
1600,0,1,9,-155.0,195.0,-158.0584259033203,195.0,0.17192578315734863,-158.0584259033203,195.0,0.17192578315734863,1,8,3.0584259033203125,False,False
1601,0,1,9,-155.0,195.0,-158.0428009033203,195.0,0.17189286649227142,-158.0428009033203,195.0,0.17189286649227142,1,8,3.0428009033203125,False,False
1602,0,1,9,-155.0,195.0,-158.02725219726562,195.0,0.17182405292987823,-158.02725219726562,195.0,0.17182405292987823,1,8,3.027252197265625,False,False
1603,0,1,9,-155.0,195.0,-158.01177978515625,195.0,0.1717817336320877,-158.01177978515625,195.0,0.1717817336320877,1,8,3.01177978515625,False,False
1604,0,1,9,-155.0,195.0,-157.99639892578125,195.0,0.17176324129104614,-157.99639892578125,195.0,0.17176324129104614,1,8,2.99639892578125,False,False
1605,0,1,9,-155.0,195.0,-157.9810791015625,195.0,0.17176619172096252,-157.9810791015625,195.0,0.17176619172096252,1,8,2.9810791015625,False,False
1606,0,1,9,-155.0,195.0,-157.9658660888672,195.0,0.17178843915462494,-157.9658660888672,195.0,0.17178843915462494,1,8,2.9658660888671875,False,False
1607,0,1,9,-155.0,195.0,-157.95071411132812,195.0,0.17182807624340057,-157.95071411132812,195.0,0.17182807624340057,1,8,2.950714111328125,False,False
1608,0,1,9,-155.0,195.0,-157.93565368652344,195.0,0.17188332974910736,-157.93565368652344,195.0,0.17188332974910736,1,8,2.9356536865234375,False,False
1609,0,1,9,-155.0,195.0,-157.920654296875,195.0,0.1718938648700714,-157.920654296875,195.0,0.1718938648700714,1,8,2.920654296875,False,False
1610,0,1,9,-155.0,195.0,-157.90574645996094,195.0,0.17186415195465088,-157.90574645996094,195.0,0.17186415195465088,1,8,2.9057464599609375,False,False
1611,0,1,9,-155.0,195.0,-157.8909149169922,195.0,0.17185701429843903,-157.8909149169922,195.0,0.17185701429843903,1,8,2.8909149169921875,False,False
1612,0,1,9,-155.0,195.0,-157.8761749267578,195.0,0.1718701720237732,-157.8761749267578,195.0,0.1718701720237732,1,8,2.8761749267578125,False,False
1613,0,1,9,-155.0,195.0,-157.8614959716797,195.0,0.1719016283750534,-157.8614959716797,195.0,0.1719016283750534,1,8,2.8614959716796875,False,False
1614,0,1,9,-155.0,195.0,-157.84689331054688,195.0,0.1718907356262207,-157.84689331054688,195.0,0.1718907356262207,1,8,2.846893310546875,False,False
1615,0,1,9,-155.0,195.0,-157.83236694335938,195.0,0.17184172570705414,-157.83236694335938,195.0,0.17184172570705414,1,8,2.832366943359375,False,False
1616,0,1,9,-155.0,195.0,-157.81793212890625,195.0,0.17181722819805145,-157.81793212890625,195.0,0.17181722819805145,1,8,2.81793212890625,False,False
1617,0,1,9,-155.0,195.0,-157.80355834960938,195.0,0.17181478440761566,-157.80355834960938,195.0,0.17181478440761566,1,8,2.803558349609375,False,False
1618,0,1,9,-155.0,195.0,-157.7892608642578,195.0,0.17183217406272888,-157.7892608642578,195.0,0.17183217406272888,1,8,2.7892608642578125,False,False
1619,0,1,9,-155.0,195.0,-157.77503967285156,195.0,0.17186741530895233,-157.77503967285156,195.0,0.17186741530895233,1,8,2.7750396728515625,False,False
1620,0,1,9,-155.0,195.0,-157.76089477539062,195.0,0.17191874980926514,-157.76089477539062,195.0,0.17191874980926514,1,8,2.760894775390625,False,False
1621,0,1,9,-155.0,195.0,-157.746826171875,195.0,0.17192573845386505,-157.746826171875,195.0,0.17192573845386505,1,8,2.746826171875,False,False
1622,0,1,9,-155.0,195.0,-157.7328338623047,195.0,0.17189283668994904,-157.7328338623047,195.0,0.17189283668994904,1,8,2.7328338623046875,False,False
1623,0,1,9,-155.0,195.0,-157.71890258789062,195.0,0.17182402312755585,-157.71890258789062,195.0,0.17182402312755585,1,8,2.718902587890625,False,False
1624,0,1,9,-155.0,195.0,-157.70506286621094,195.0,0.17178168892860413,-157.70506286621094,195.0,0.17178168892860413,1,8,2.7050628662109375,False,False
1625,0,1,9,-155.0,195.0,-157.6912841796875,195.0,0.17176319658756256,-157.6912841796875,195.0,0.17176319658756256,1,8,2.6912841796875,False,False
1626,0,1,9,-155.0,195.0,-157.6775665283203,195.0,0.17176614701747894,-157.6775665283203,195.0,0.17176614701747894,1,8,2.6775665283203125,False,False
1627,0,1,9,-155.0,195.0,-157.6639404296875,195.0,0.17178839445114136,-157.6639404296875,195.0,0.17178839445114136,1,8,2.6639404296875,False,False
1628,0,1,9,-155.0,195.0,-157.65037536621094,195.0,0.171828031539917,-157.65037536621094,195.0,0.171828031539917,1,8,2.6503753662109375,False,False
1629,0,1,9,-155.0,195.0,-157.6368865966797,195.0,0.17188328504562378,-157.6368865966797,195.0,0.17188328504562378,1,8,2.6368865966796875,False,False
1630,0,1,9,-155.0,195.0,-157.6234588623047,195.0,0.17189382016658783,-157.6234588623047,195.0,0.17189382016658783,1,8,2.6234588623046875,False,False
1631,0,1,9,-155.0,195.0,-157.610107421875,195.0,0.1718641072511673,-157.610107421875,195.0,0.1718641072511673,1,8,2.610107421875,False,False
1632,0,1,9,-155.0,195.0,-157.59683227539062,195.0,0.17185696959495544,-157.59683227539062,195.0,0.17185696959495544,1,8,2.596832275390625,False,False
1633,0,1,9,-155.0,195.0,-157.5836181640625,195.0,0.1718701422214508,-157.5836181640625,195.0,0.1718701422214508,1,8,2.5836181640625,False,False
1634,0,1,9,-155.0,195.0,-157.5704803466797,195.0,0.17190158367156982,-157.5704803466797,195.0,0.17190158367156982,1,8,2.5704803466796875,False,False
1635,0,1,9,-155.0,195.0,-157.55740356445312,195.0,0.17189069092273712,-157.55740356445312,195.0,0.17189069092273712,1,8,2.557403564453125,False,False
1636,0,1,9,-155.0,195.0,-157.54440307617188,195.0,0.17184169590473175,-157.54440307617188,195.0,0.17184169590473175,1,8,2.544403076171875,False,False
1637,0,1,9,-155.0,195.0,-157.53146362304688,195.0,0.17181718349456787,-157.53146362304688,195.0,0.17181718349456787,1,8,2.531463623046875,False,False
1638,0,1,9,-155.0,195.0,-157.5186004638672,195.0,0.17181473970413208,-157.5186004638672,195.0,0.17181473970413208,1,8,2.5186004638671875,False,False
1639,0,1,9,-155.0,195.0,-157.50579833984375,195.0,0.1718321293592453,-157.50579833984375,195.0,0.1718321293592453,1,8,2.50579833984375,False,False
1640,0,1,9,-155.0,195.0,-157.49307250976562,195.0,0.17186738550662994,-157.49307250976562,195.0,0.17186738550662994,1,9,2.493072509765625,True,False
