phase_name,run_kind,policy_step,observation_phase,sensor_id,sensor_role,sensor_footprint,source_model,reporter_usv_id,observer_world_location,observer_grid_cell,sample_index,sample_grid_cell,sample_world_xy,clue_value,noise_std,signal_without_noise,distance_to_registered_source_m,registered_source_world_location_for_audit,registered_source_not_exposed_to_planner,used_for_gp_observation,used_for_detection,directly_updates_found_mask,detected_mask_from_clue,found_mask_from_clue,truth_used_for_detection,actor_truth_used_for_detection,target_truth_used_for_detection,teammate_truth_used_for_detection
phase5e_bridge_clue_sensor_realized_search,calibration,0,initial_holoocean_pose,phase5e_passive_anomaly_clue_sensor,local_passive_anomaly_observation_for_gp_only,local_grid_disk_from_holoocean_location_sensor_pose,scene_registered_static_passive_anomaly_source_not_detection_truth,sv0,"[-380.0, 150.0, 0.13605034351348877]","[25, 2]",0,"[23, 3]","[-370.0, 170.0]",0.0,0.03,0.011677187514578925,112.25417586887359,"[-270.0, 221.0, 0.5]",True,True,False,False,False,False,False,False,False,False
phase5e_bridge_clue_sensor_realized_search,calibration,0,initial_holoocean_pose,phase5e_passive_anomaly_clue_sensor,local_passive_anomaly_observation_for_gp_only,local_grid_disk_from_holoocean_location_sensor_pose,scene_registered_static_passive_anomaly_source_not_detection_truth,sv0,"[-380.0, 150.0, 0.13605034351348877]","[25, 2]",1,"[20, 2]","[-380.0, 200.0]",0.06699472704316545,0.03,0.011966689912081361,111.98660634200861,"[-270.0, 221.0, 0.5]",True,True,False,False,False,False,False,False,False,False
phase5e_bridge_clue_sensor_realized_search,calibration,0,initial_holoocean_pose,phase5e_passive_anomaly_clue_sensor,local_passive_anomaly_observation_for_gp_only,local_grid_disk_from_holoocean_location_sensor_pose,scene_registered_static_passive_anomaly_source_not_detection_truth,sv0,"[-380.0, 150.0, 0.13605034351348877]","[25, 2]",2,"[24, 5]","[-350.0, 160.0]",0.07348373220746401,0.03,0.03213295218382493,100.60318086422515,"[-270.0, 221.0, 0.5]",True,True,False,False,False,False,False,False,False,False
phase5e_bridge_clue_sensor_realized_search,calibration,0,initial_holoocean_pose,phase5e_passive_anomaly_clue_sensor,local_passive_anomaly_observation_for_gp_only,local_grid_disk_from_holoocean_location_sensor_pose,scene_registered_static_passive_anomaly_source_not_detection_truth,sv0,"[-380.0, 150.0, 0.13605034351348877]","[25, 2]",3,"[26, 1]","[-390.0, 140.0]",0.0,0.03,0.0003849631188262323,144.77914214416384,"[-270.0, 221.0, 0.5]",True,True,False,False,False,False,False,False,False,False
phase5e_bridge_clue_sensor_realized_search,calibration,0,initial_holoocean_pose,phase5e_passive_anomaly_clue_sensor,local_passive_anomaly_observation_for_gp_only,local_grid_disk_from_holoocean_location_sensor_pose,scene_registered_static_passive_anomaly_source_not_detection_truth,sv0,"[-380.0, 150.0, 0.13605034351348877]","[25, 2]",4,"[25, 2]","[-380.0, 150.0]",0.052219318657614,0.03,0.001830475792441326,130.92364186807515,"[-270.0, 221.0, 0.5]",True,True,False,False,False,False,False,False,False,False
phase5e_bridge_clue_sensor_realized_search,calibration,0,initial_holoocean_pose,phase5e_passive_anomaly_clue_sensor,local_passive_anomaly_observation_for_gp_only,local_grid_disk_from_holoocean_location_sensor_pose,scene_registered_static_passive_anomaly_source_not_detection_truth,sv0,"[-380.0, 150.0, 0.13605034351348877]","[25, 2]",5,"[27, 2]","[-380.0, 130.0]",0.03159695706882972,0.03,0.0004877886551421189,142.76203977248292,"[-270.0, 221.0, 0.5]",True,True,False,False,False,False,False,False,False,False
phase5e_bridge_clue_sensor_realized_search,calibration,0,initial_holoocean_pose,phase5e_passive_anomaly_clue_sensor,local_passive_anomaly_observation_for_gp_only,local_grid_disk_from_holoocean_location_sensor_pose,scene_registered_static_passive_anomaly_source_not_detection_truth,sv1,"[-380.0, 50.0, 0.13111715018749237]","[35, 2]",0,"[36, 5]","[-350.0, 40.0]",0.02446409514923033,0.03,2.2868176963731407e-07,197.89138435010253,"[-270.0, 221.0, 0.5]",True,True,False,False,False,False,False,False,False,False
phase5e_bridge_clue_sensor_realized_search,calibration,0,initial_holoocean_pose,phase5e_passive_anomaly_clue_sensor,local_passive_anomaly_observation_for_gp_only,local_grid_disk_from_holoocean_location_sensor_pose,scene_registered_static_passive_anomaly_source_not_detection_truth,sv1,"[-380.0, 50.0, 0.13111715018749237]","[35, 2]",1,"[31, 4]","[-360.0, 90.0]",0.08880121786891385,0.03,6.655611947298582e-05,158.93709447451215,"[-270.0, 221.0, 0.5]",True,True,False,False,False,False,False,False,False,False
phase5e_bridge_clue_sensor_realized_search,calibration,0,initial_holoocean_pose,phase5e_passive_anomaly_clue_sensor,local_passive_anomaly_observation_for_gp_only,local_grid_disk_from_holoocean_location_sensor_pose,scene_registered_static_passive_anomaly_source_not_detection_truth,sv1,"[-380.0, 50.0, 0.13111715018749237]","[35, 2]",2,"[35, 7]","[-330.0, 50.0]",0.017786179932752333,0.03,3.016713345606893e-06,181.22085972646747,"[-270.0, 221.0, 0.5]",True,True,False,False,False,False,False,False,False,False
phase5e_bridge_clue_sensor_realized_search,calibration,0,initial_holoocean_pose,phase5e_passive_anomaly_clue_sensor,local_passive_anomaly_observation_for_gp_only,local_grid_disk_from_holoocean_location_sensor_pose,scene_registered_static_passive_anomaly_source_not_detection_truth,sv1,"[-380.0, 50.0, 0.13111715018749237]","[35, 2]",3,"[35, 6]","[-340.0, 50.0]",0.014736905296411133,0.03,1.7745656658838414e-06,184.77283350103173,"[-270.0, 221.0, 0.5]",True,True,False,False,False,False,False,False,False,False
phase5e_bridge_clue_sensor_realized_search,calibration,0,initial_holoocean_pose,phase5e_passive_anomaly_clue_sensor,local_passive_anomaly_observation_for_gp_only,local_grid_disk_from_holoocean_location_sensor_pose,scene_registered_static_passive_anomaly_source_not_detection_truth,sv1,"[-380.0, 50.0, 0.13111715018749237]","[35, 2]",4,"[39, 5]","[-350.0, 10.0]",0.030387410371693853,0.03,1.8819931188373657e-09,225.65681908597398,"[-270.0, 221.0, 0.5]",True,True,False,False,False,False,False,False,False,False
phase5e_bridge_clue_sensor_realized_search,calibration,0,initial_holoocean_pose,phase5e_passive_anomaly_clue_sensor,local_passive_anomaly_observation_for_gp_only,local_grid_disk_from_holoocean_location_sensor_pose,scene_registered_static_passive_anomaly_source_not_detection_truth,sv1,"[-380.0, 50.0, 0.13111715018749237]","[35, 2]",5,"[33, 5]","[-350.0, 70.0]",0.058495794259057474,0.03,1.3328201826041297e-05,170.88300090997936,"[-270.0, 221.0, 0.5]",True,True,False,False,False,False,False,False,False,False
phase5e_bridge_clue_sensor_realized_search,calibration,1,post_step_holoocean_pose,phase5e_passive_anomaly_clue_sensor,local_passive_anomaly_observation_for_gp_only,local_grid_disk_from_holoocean_location_sensor_pose,scene_registered_static_passive_anomaly_source_not_detection_truth,sv0,"[-379.4668884277344, 155.03981018066406, 0.24015218019485474]","[24, 2]",0,"[21, 5]","[-350.0, 190.0]",0.15584866668344613,0.03,0.09912807130374013,85.79627031520658,"[-270.0, 221.0, 0.5]",True,True,False,False,False,False,False,False,False,False
phase5e_bridge_clue_sensor_realized_search,calibration,1,post_step_holoocean_pose,phase5e_passive_anomaly_clue_sensor,local_passive_anomaly_observation_for_gp_only,local_grid_disk_from_holoocean_location_sensor_pose,scene_registered_static_passive_anomaly_source_not_detection_truth,sv0,"[-379.4668884277344, 155.03981018066406, 0.24015218019485474]","[24, 2]",1,"[28, 2]","[-380.0, 120.0]",0.004570235063977718,0.03,0.00022278535157746362,149.33519344079613,"[-270.0, 221.0, 0.5]",True,True,False,False,False,False,False,False,False,False
phase5e_bridge_clue_sensor_realized_search,calibration,1,post_step_holoocean_pose,phase5e_passive_anomaly_clue_sensor,local_passive_anomaly_observation_for_gp_only,local_grid_disk_from_holoocean_location_sensor_pose,scene_registered_static_passive_anomaly_source_not_detection_truth,sv0,"[-379.4668884277344, 155.03981018066406, 0.24015218019485474]","[24, 2]",2,"[27, 3]","[-370.0, 130.0]",0.0,0.03,0.001149434182962413,135.20724832641184,"[-270.0, 221.0, 0.5]",True,True,False,False,False,False,False,False,False,False
phase5e_bridge_clue_sensor_realized_search,calibration,1,post_step_holoocean_pose,phase5e_passive_anomaly_clue_sensor,local_passive_anomaly_observation_for_gp_only,local_grid_disk_from_holoocean_location_sensor_pose,scene_registered_static_passive_anomaly_source_not_detection_truth,sv0,"[-379.4668884277344, 155.03981018066406, 0.24015218019485474]","[24, 2]",3,"[24, 7]","[-330.0, 160.0]",0.1305152938584043,0.03,0.10075977255990291,85.56284240252891,"[-270.0, 221.0, 0.5]",True,True,False,False,False,False,False,False,False,False
phase5e_bridge_clue_sensor_realized_search,calibration,1,post_step_holoocean_pose,phase5e_passive_anomaly_clue_sensor,local_passive_anomaly_observation_for_gp_only,local_grid_disk_from_holoocean_location_sensor_pose,scene_registered_static_passive_anomaly_source_not_detection_truth,sv0,"[-379.4668884277344, 155.03981018066406, 0.24015218019485474]","[24, 2]",4,"[26, 2]","[-380.0, 140.0]",0.0,0.03,0.0009842924366791803,136.60527076214885,"[-270.0, 221.0, 0.5]",True,True,False,False,False,False,False,False,False,False
phase5e_bridge_clue_sensor_realized_search,calibration,1,post_step_holoocean_pose,phase5e_passive_anomaly_clue_sensor,local_passive_anomaly_observation_for_gp_only,local_grid_disk_from_holoocean_location_sensor_pose,scene_registered_static_passive_anomaly_source_not_detection_truth,sv0,"[-379.4668884277344, 155.03981018066406, 0.24015218019485474]","[24, 2]",5,"[21, 4]","[-360.0, 190.0]",0.06754943860162486,0.03,0.04952784876085531,95.18928511129812,"[-270.0, 221.0, 0.5]",True,True,False,False,False,False,False,False,False,False
phase5e_bridge_clue_sensor_realized_search,calibration,1,post_step_holoocean_pose,phase5e_passive_anomaly_clue_sensor,local_passive_anomaly_observation_for_gp_only,local_grid_disk_from_holoocean_location_sensor_pose,scene_registered_static_passive_anomaly_source_not_detection_truth,sv1,"[-379.46697998046875, 44.96012878417969, 0.22615577280521393]","[36, 2]",0,"[35, 1]","[-390.0, 50.0]",0.03550207242949885,0.03,3.673610122930136e-08,208.90428430264421,"[-270.0, 221.0, 0.5]",True,True,False,False,False,False,False,False,False,False
phase5e_bridge_clue_sensor_realized_search,calibration,1,post_step_holoocean_pose,phase5e_passive_anomaly_clue_sensor,local_passive_anomaly_observation_for_gp_only,local_grid_disk_from_holoocean_location_sensor_pose,scene_registered_static_passive_anomaly_source_not_detection_truth,sv1,"[-379.46697998046875, 44.96012878417969, 0.22615577280521393]","[36, 2]",1,"[39, 2]","[-380.0, 10.0]",0.08210249667942934,0.03,1.8374630914224916e-10,237.95167576632028,"[-270.0, 221.0, 0.5]",True,True,False,False,False,False,False,False,False,False
phase5e_bridge_clue_sensor_realized_search,calibration,1,post_step_holoocean_pose,phase5e_passive_anomaly_clue_sensor,local_passive_anomaly_observation_for_gp_only,local_grid_disk_from_holoocean_location_sensor_pose,scene_registered_static_passive_anomaly_source_not_detection_truth,sv1,"[-379.46697998046875, 44.96012878417969, 0.22615577280521393]","[36, 2]",2,"[33, 1]","[-390.0, 70.0]",0.020345901458253157,0.03,5.089406379279262e-07,192.87560758167427,"[-270.0, 221.0, 0.5]",True,True,False,False,False,False,False,False,False,False
phase5e_bridge_clue_sensor_realized_search,calibration,1,post_step_holoocean_pose,phase5e_passive_anomaly_clue_sensor,local_passive_anomaly_observation_for_gp_only,local_grid_disk_from_holoocean_location_sensor_pose,scene_registered_static_passive_anomaly_source_not_detection_truth,sv1,"[-379.46697998046875, 44.96012878417969, 0.22615577280521393]","[36, 2]",3,"[33, 6]","[-340.0, 70.0]",0.02639534871937261,0.03,2.4584769526918347e-05,166.43617395265971,"[-270.0, 221.0, 0.5]",True,True,False,False,False,False,False,False,False,False
phase5e_bridge_clue_sensor_realized_search,calibration,1,post_step_holoocean_pose,phase5e_passive_anomaly_clue_sensor,local_passive_anomaly_observation_for_gp_only,local_grid_disk_from_holoocean_location_sensor_pose,scene_registered_static_passive_anomaly_source_not_detection_truth,sv1,"[-379.46697998046875, 44.96012878417969, 0.22615577280521393]","[36, 2]",4,"[33, 5]","[-350.0, 70.0]",0.009319878521790365,0.03,1.3328201826041297e-05,170.88300090997936,"[-270.0, 221.0, 0.5]",True,True,False,False,False,False,False,False,False,False
phase5e_bridge_clue_sensor_realized_search,calibration,1,post_step_holoocean_pose,phase5e_passive_anomaly_clue_sensor,local_passive_anomaly_observation_for_gp_only,local_grid_disk_from_holoocean_location_sensor_pose,scene_registered_static_passive_anomaly_source_not_detection_truth,sv1,"[-379.46697998046875, 44.96012878417969, 0.22615577280521393]","[36, 2]",5,"[36, 6]","[-340.0, 40.0]",0.0,0.03,4.2181898765641785e-07,194.06442229321686,"[-270.0, 221.0, 0.5]",True,True,False,False,False,False,False,False,False,False
phase5e_bridge_clue_sensor_realized_search,calibration,2,post_step_holoocean_pose,phase5e_passive_anomaly_clue_sensor,local_passive_anomaly_observation_for_gp_only,local_grid_disk_from_holoocean_location_sensor_pose,scene_registered_static_passive_anomaly_source_not_detection_truth,sv0,"[-383.82550048828125, 166.84266662597656, 0.21509195864200592]","[23, 2]",0,"[22, 2]","[-380.0, 180.0]",0.0,0.03,0.007213862342878514,117.39250401963493,"[-270.0, 221.0, 0.5]",True,True,False,False,False,False,False,False,False,False
phase5e_bridge_clue_sensor_realized_search,calibration,2,post_step_holoocean_pose,phase5e_passive_anomaly_clue_sensor,local_passive_anomaly_observation_for_gp_only,local_grid_disk_from_holoocean_location_sensor_pose,scene_registered_static_passive_anomaly_source_not_detection_truth,sv0,"[-383.82550048828125, 166.84266662597656, 0.21509195864200592]","[23, 2]",1,"[21, 5]","[-350.0, 190.0]",0.10802520901893473,0.03,0.09912807130374013,85.79627031520658,"[-270.0, 221.0, 0.5]",True,True,False,False,False,False,False,False,False,False
phase5e_bridge_clue_sensor_realized_search,calibration,2,post_step_holoocean_pose,phase5e_passive_anomaly_clue_sensor,local_passive_anomaly_observation_for_gp_only,local_grid_disk_from_holoocean_location_sensor_pose,scene_registered_static_passive_anomaly_source_not_detection_truth,sv0,"[-383.82550048828125, 166.84266662597656, 0.21509195864200592]","[23, 2]",2,"[24, 2]","[-380.0, 160.0]",0.042659599001106496,0.03,0.0031372651188383356,125.78155667664478,"[-270.0, 221.0, 0.5]",True,True,False,False,False,False,False,False,False,False
phase5e_bridge_clue_sensor_realized_search,calibration,2,post_step_holoocean_pose,phase5e_passive_anomaly_clue_sensor,local_passive_anomaly_observation_for_gp_only,local_grid_disk_from_holoocean_location_sensor_pose,scene_registered_static_passive_anomaly_source_not_detection_truth,sv0,"[-383.82550048828125, 166.84266662597656, 0.21509195864200592]","[23, 2]",3,"[20, 6]","[-340.0, 200.0]",0.29652638300163225,0.03,0.2260830612808997,73.08214556237385,"[-270.0, 221.0, 0.5]",True,True,False,False,False,False,False,False,False,False
phase5e_bridge_clue_sensor_realized_search,calibration,2,post_step_holoocean_pose,phase5e_passive_anomaly_clue_sensor,local_passive_anomaly_observation_for_gp_only,local_grid_disk_from_holoocean_location_sensor_pose,scene_registered_static_passive_anomaly_source_not_detection_truth,sv0,"[-383.82550048828125, 166.84266662597656, 0.21509195864200592]","[23, 2]",4,"[21, 6]","[-340.0, 190.0]",0.25255406134793795,0.03,0.18284843060290093,76.55716818169283,"[-270.0, 221.0, 0.5]",True,True,False,False,False,False,False,False,False,False
phase5e_bridge_clue_sensor_realized_search,calibration,2,post_step_holoocean_pose,phase5e_passive_anomaly_clue_sensor,local_passive_anomaly_observation_for_gp_only,local_grid_disk_from_holoocean_location_sensor_pose,scene_registered_static_passive_anomaly_source_not_detection_truth,sv0,"[-383.82550048828125, 166.84266662597656, 0.21509195864200592]","[23, 2]",5,"[21, 2]","[-380.0, 190.0]",0.0,0.03,0.009678259209419605,114.28473213863697,"[-270.0, 221.0, 0.5]",True,True,False,False,False,False,False,False,False,False
phase5e_bridge_clue_sensor_realized_search,calibration,2,post_step_holoocean_pose,phase5e_passive_anomaly_clue_sensor,local_passive_anomaly_observation_for_gp_only,local_grid_disk_from_holoocean_location_sensor_pose,scene_registered_static_passive_anomaly_source_not_detection_truth,sv1,"[-383.8254089355469, 33.157318115234375, 0.1944321244955063]","[37, 2]",0,"[37, 6]","[-340.0, 30.0]",0.0,0.03,9.240757315802198e-08,203.423204182807,"[-270.0, 221.0, 0.5]",True,True,False,False,False,False,False,False,False,False
phase5e_bridge_clue_sensor_realized_search,calibration,2,post_step_holoocean_pose,phase5e_passive_anomaly_clue_sensor,local_passive_anomaly_observation_for_gp_only,local_grid_disk_from_holoocean_location_sensor_pose,scene_registered_static_passive_anomaly_source_not_detection_truth,sv1,"[-383.8254089355469, 33.157318115234375, 0.1944321244955063]","[37, 2]",1,"[40, 5]","[-350.0, 0.0]",0.03135733723229389,0.03,3.2273170962583793e-10,235.03404008781365,"[-270.0, 221.0, 0.5]",True,True,False,False,False,False,False,False,False,False
phase5e_bridge_clue_sensor_realized_search,calibration,2,post_step_holoocean_pose,phase5e_passive_anomaly_clue_sensor,local_passive_anomaly_observation_for_gp_only,local_grid_disk_from_holoocean_location_sensor_pose,scene_registered_static_passive_anomaly_source_not_detection_truth,sv1,"[-383.8254089355469, 33.157318115234375, 0.1944321244955063]","[37, 2]",2,"[39, 1]","[-390.0, 10.0]",0.0,0.03,7.186436632476644e-11,242.7364826308563,"[-270.0, 221.0, 0.5]",True,True,False,False,False,False,False,False,False,False
phase5e_bridge_clue_sensor_realized_search,calibration,2,post_step_holoocean_pose,phase5e_passive_anomaly_clue_sensor,local_passive_anomaly_observation_for_gp_only,local_grid_disk_from_holoocean_location_sensor_pose,scene_registered_static_passive_anomaly_source_not_detection_truth,sv1,"[-383.8254089355469, 33.157318115234375, 0.1944321244955063]","[37, 2]",3,"[36, 3]","[-370.0, 40.0]",0.07759915787110155,0.03,5.26119683878114e-08,206.78733036624854,"[-270.0, 221.0, 0.5]",True,True,False,False,False,False,False,False,False,False
phase5e_bridge_clue_sensor_realized_search,calibration,2,post_step_holoocean_pose,phase5e_passive_anomaly_clue_sensor,local_passive_anomaly_observation_for_gp_only,local_grid_disk_from_holoocean_location_sensor_pose,scene_registered_static_passive_anomaly_source_not_detection_truth,sv1,"[-383.8254089355469, 33.157318115234375, 0.1944321244955063]","[37, 2]",4,"[34, 3]","[-370.0, 60.0]",0.003839845405922134,0.03,8.581512486627802e-07,189.52836199366047,"[-270.0, 221.0, 0.5]",True,True,False,False,False,False,False,False,False,False
phase5e_bridge_clue_sensor_realized_search,calibration,2,post_step_holoocean_pose,phase5e_passive_anomaly_clue_sensor,local_passive_anomaly_observation_for_gp_only,local_grid_disk_from_holoocean_location_sensor_pose,scene_registered_static_passive_anomaly_source_not_detection_truth,sv1,"[-383.8254089355469, 33.157318115234375, 0.1944321244955063]","[37, 2]",5,"[39, 2]","[-380.0, 10.0]",0.035279448756102276,0.03,1.8374630914224916e-10,237.95167576632028,"[-270.0, 221.0, 0.5]",True,True,False,False,False,False,False,False,False,False
phase5e_bridge_clue_sensor_realized_search,calibration,3,post_step_holoocean_pose,phase5e_passive_anomaly_clue_sensor,local_passive_anomaly_observation_for_gp_only,local_grid_disk_from_holoocean_location_sensor_pose,scene_registered_static_passive_anomaly_source_not_detection_truth,sv0,"[-378.4474792480469, 175.28018188476562, 0.19555987417697906]","[22, 2]",0,"[20, 4]","[-360.0, 200.0]",0.054921341407624155,0.03,0.06123874090464268,92.41753080449618,"[-270.0, 221.0, 0.5]",True,True,False,False,False,False,False,False,False,False
phase5e_bridge_clue_sensor_realized_search,calibration,3,post_step_holoocean_pose,phase5e_passive_anomaly_clue_sensor,local_passive_anomaly_observation_for_gp_only,local_grid_disk_from_holoocean_location_sensor_pose,scene_registered_static_passive_anomaly_source_not_detection_truth,sv0,"[-378.4474792480469, 175.28018188476562, 0.19555987417697906]","[22, 2]",1,"[25, 6]","[-340.0, 150.0]",0.05875343992282917,0.03,0.03458262675778955,99.70456358662827,"[-270.0, 221.0, 0.5]",True,True,False,False,False,False,False,False,False,False
phase5e_bridge_clue_sensor_realized_search,calibration,3,post_step_holoocean_pose,phase5e_passive_anomaly_clue_sensor,local_passive_anomaly_observation_for_gp_only,local_grid_disk_from_holoocean_location_sensor_pose,scene_registered_static_passive_anomaly_source_not_detection_truth,sv0,"[-378.4474792480469, 175.28018188476562, 0.19555987417697906]","[22, 2]",2,"[22, 4]","[-360.0, 180.0]",0.013888447597164184,0.03,0.036916461459513134,98.89893831583835,"[-270.0, 221.0, 0.5]",True,True,False,False,False,False,False,False,False,False
phase5e_bridge_clue_sensor_realized_search,calibration,3,post_step_holoocean_pose,phase5e_passive_anomaly_clue_sensor,local_passive_anomaly_observation_for_gp_only,local_grid_disk_from_holoocean_location_sensor_pose,scene_registered_static_passive_anomaly_source_not_detection_truth,sv0,"[-378.4474792480469, 175.28018188476562, 0.19555987417697906]","[22, 2]",3,"[17, 2]","[-380.0, 230.0]",0.07063674978459253,0.03,0.013860814036762545,110.36756769993622,"[-270.0, 221.0, 0.5]",True,True,False,False,False,False,False,False,False,False
phase5e_bridge_clue_sensor_realized_search,calibration,3,post_step_holoocean_pose,phase5e_passive_anomaly_clue_sensor,local_passive_anomaly_observation_for_gp_only,local_grid_disk_from_holoocean_location_sensor_pose,scene_registered_static_passive_anomaly_source_not_detection_truth,sv0,"[-378.4474792480469, 175.28018188476562, 0.19555987417697906]","[22, 2]",4,"[20, 2]","[-380.0, 200.0]",0.02862596566298626,0.03,0.011966689912081361,111.98660634200861,"[-270.0, 221.0, 0.5]",True,True,False,False,False,False,False,False,False,False
phase5e_bridge_clue_sensor_realized_search,calibration,3,post_step_holoocean_pose,phase5e_passive_anomaly_clue_sensor,local_passive_anomaly_observation_for_gp_only,local_grid_disk_from_holoocean_location_sensor_pose,scene_registered_static_passive_anomaly_source_not_detection_truth,sv0,"[-378.4474792480469, 175.28018188476562, 0.19555987417697906]","[22, 2]",5,"[21, 3]","[-370.0, 190.0]",0.03320636365855808,0.03,0.022806028491245894,104.69479452198185,"[-270.0, 221.0, 0.5]",True,True,False,False,False,False,False,False,False,False
phase5e_bridge_clue_sensor_realized_search,calibration,3,post_step_holoocean_pose,phase5e_passive_anomaly_clue_sensor,local_passive_anomaly_observation_for_gp_only,local_grid_disk_from_holoocean_location_sensor_pose,scene_registered_static_passive_anomaly_source_not_detection_truth,sv1,"[-378.44744873046875, 24.71984100341797, 0.18262127041816711]","[38, 2]",0,"[41, 3]","[-370.0, -10.0]",0.03346283021334326,0.03,1.1734528428223732e-11,251.71610993339303,"[-270.0, 221.0, 0.5]",True,True,False,False,False,False,False,False,False,False
phase5e_bridge_clue_sensor_realized_search,calibration,3,post_step_holoocean_pose,phase5e_passive_anomaly_clue_sensor,local_passive_anomaly_observation_for_gp_only,local_grid_disk_from_holoocean_location_sensor_pose,scene_registered_static_passive_anomaly_source_not_detection_truth,sv1,"[-378.44744873046875, 24.71984100341797, 0.18262127041816711]","[38, 2]",1,"[34, 2]","[-380.0, 60.0]",0.02863239266005764,0.03,3.64176087416253e-07,194.9897433200013,"[-270.0, 221.0, 0.5]",True,True,False,False,False,False,False,False,False,False
phase5e_bridge_clue_sensor_realized_search,calibration,3,post_step_holoocean_pose,phase5e_passive_anomaly_clue_sensor,local_passive_anomaly_observation_for_gp_only,local_grid_disk_from_holoocean_location_sensor_pose,scene_registered_static_passive_anomaly_source_not_detection_truth,sv1,"[-378.44744873046875, 24.71984100341797, 0.18262127041816711]","[38, 2]",2,"[41, 6]","[-340.0, -10.0]",0.05247426137125999,0.03,9.408214620925616e-11,241.37315509393332,"[-270.0, 221.0, 0.5]",True,True,False,False,False,False,False,False,False,False
phase5e_bridge_clue_sensor_realized_search,calibration,3,post_step_holoocean_pose,phase5e_passive_anomaly_clue_sensor,local_passive_anomaly_observation_for_gp_only,local_grid_disk_from_holoocean_location_sensor_pose,scene_registered_static_passive_anomaly_source_not_detection_truth,sv1,"[-378.44744873046875, 24.71984100341797, 0.18262127041816711]","[38, 2]",3,"[38, 1]","[-390.0, 20.0]",0.008821516243249311,0.03,3.8622233244952444e-10,234.09613409879285,"[-270.0, 221.0, 0.5]",True,True,False,False,False,False,False,False,False,False
phase5e_bridge_clue_sensor_realized_search,calibration,3,post_step_holoocean_pose,phase5e_passive_anomaly_clue_sensor,local_passive_anomaly_observation_for_gp_only,local_grid_disk_from_holoocean_location_sensor_pose,scene_registered_static_passive_anomaly_source_not_detection_truth,sv1,"[-378.44744873046875, 24.71984100341797, 0.18262127041816711]","[38, 2]",4,"[37, 6]","[-340.0, 30.0]",0.06423620424774787,0.03,9.240757315802198e-08,203.423204182807,"[-270.0, 221.0, 0.5]",True,True,False,False,False,False,False,False,False,False
phase5e_bridge_clue_sensor_realized_search,calibration,3,post_step_holoocean_pose,phase5e_passive_anomaly_clue_sensor,local_passive_anomaly_observation_for_gp_only,local_grid_disk_from_holoocean_location_sensor_pose,scene_registered_static_passive_anomaly_source_not_detection_truth,sv1,"[-378.44744873046875, 24.71984100341797, 0.18262127041816711]","[38, 2]",5,"[42, 1]","[-390.0, -20.0]",0.0,0.03,2.836786101108786e-13,269.22295593058186,"[-270.0, 221.0, 0.5]",True,True,False,False,False,False,False,False,False,False
phase5e_bridge_clue_sensor_realized_search,calibration,4,post_step_holoocean_pose,phase5e_passive_anomaly_clue_sensor,local_passive_anomaly_observation_for_gp_only,local_grid_disk_from_holoocean_location_sensor_pose,scene_registered_static_passive_anomaly_source_not_detection_truth,sv0,"[-379.2996826171875, 185.1143341064453, 0.18363596498966217]","[21, 2]",0,"[20, 6]","[-340.0, 200.0]",0.26456488050542826,0.03,0.2260830612808997,73.08214556237385,"[-270.0, 221.0, 0.5]",True,True,False,False,False,False,False,False,False,False
phase5e_bridge_clue_sensor_realized_search,calibration,4,post_step_holoocean_pose,phase5e_passive_anomaly_clue_sensor,local_passive_anomaly_observation_for_gp_only,local_grid_disk_from_holoocean_location_sensor_pose,scene_registered_static_passive_anomaly_source_not_detection_truth,sv0,"[-379.2996826171875, 185.1143341064453, 0.18363596498966217]","[21, 2]",1,"[24, 2]","[-380.0, 160.0]",0.037848493036214285,0.03,0.0031372651188383356,125.78155667664478,"[-270.0, 221.0, 0.5]",True,True,False,False,False,False,False,False,False,False
phase5e_bridge_clue_sensor_realized_search,calibration,4,post_step_holoocean_pose,phase5e_passive_anomaly_clue_sensor,local_passive_anomaly_observation_for_gp_only,local_grid_disk_from_holoocean_location_sensor_pose,scene_registered_static_passive_anomaly_source_not_detection_truth,sv0,"[-379.2996826171875, 185.1143341064453, 0.18363596498966217]","[21, 2]",2,"[23, 1]","[-390.0, 170.0]",0.0,0.03,0.0019381206880645224,130.3878828726044,"[-270.0, 221.0, 0.5]",True,True,False,False,False,False,False,False,False,False
phase5e_bridge_clue_sensor_realized_search,calibration,4,post_step_holoocean_pose,phase5e_passive_anomaly_clue_sensor,local_passive_anomaly_observation_for_gp_only,local_grid_disk_from_holoocean_location_sensor_pose,scene_registered_static_passive_anomaly_source_not_detection_truth,sv0,"[-379.2996826171875, 185.1143341064453, 0.18363596498966217]","[21, 2]",3,"[18, 3]","[-370.0, 220.0]",0.07318783391875341,0.03,0.03374599161207529,100.00499987500623,"[-270.0, 221.0, 0.5]",True,True,False,False,False,False,False,False,False,False
phase5e_bridge_clue_sensor_realized_search,calibration,4,post_step_holoocean_pose,phase5e_passive_anomaly_clue_sensor,local_passive_anomaly_observation_for_gp_only,local_grid_disk_from_holoocean_location_sensor_pose,scene_registered_static_passive_anomaly_source_not_detection_truth,sv0,"[-379.2996826171875, 185.1143341064453, 0.18363596498966217]","[21, 2]",4,"[21, 2]","[-380.0, 190.0]",0.07441289924125273,0.03,0.009678259209419605,114.28473213863697,"[-270.0, 221.0, 0.5]",True,True,False,False,False,False,False,False,False,False
phase5e_bridge_clue_sensor_realized_search,calibration,4,post_step_holoocean_pose,phase5e_passive_anomaly_clue_sensor,local_passive_anomaly_observation_for_gp_only,local_grid_disk_from_holoocean_location_sensor_pose,scene_registered_static_passive_anomaly_source_not_detection_truth,sv0,"[-379.2996826171875, 185.1143341064453, 0.18363596498966217]","[21, 2]",5,"[21, 3]","[-370.0, 190.0]",0.06419365506123265,0.03,0.022806028491245894,104.69479452198185,"[-270.0, 221.0, 0.5]",True,True,False,False,False,False,False,False,False,False
phase5e_bridge_clue_sensor_realized_search,calibration,4,post_step_holoocean_pose,phase5e_passive_anomaly_clue_sensor,local_passive_anomaly_observation_for_gp_only,local_grid_disk_from_holoocean_location_sensor_pose,scene_registered_static_passive_anomaly_source_not_detection_truth,sv1,"[-379.2996826171875, 14.885751724243164, 0.17735224962234497]","[39, 2]",0,"[43, 4]","[-360.0, -30.0]",0.030685735482155647,0.03,4.982526356732985e-13,266.6477076593759,"[-270.0, 221.0, 0.5]",True,True,False,False,False,False,False,False,False,False
phase5e_bridge_clue_sensor_realized_search,calibration,4,post_step_holoocean_pose,phase5e_passive_anomaly_clue_sensor,local_passive_anomaly_observation_for_gp_only,local_grid_disk_from_holoocean_location_sensor_pose,scene_registered_static_passive_anomaly_source_not_detection_truth,sv1,"[-379.2996826171875, 14.885751724243164, 0.17735224962234497]","[39, 2]",1,"[42, 2]","[-380.0, -20.0]",0.04664190590376134,0.03,7.253232757235619e-13,264.9169681239766,"[-270.0, 221.0, 0.5]",True,True,False,False,False,False,False,False,False,False
phase5e_bridge_clue_sensor_realized_search,calibration,4,post_step_holoocean_pose,phase5e_passive_anomaly_clue_sensor,local_passive_anomaly_observation_for_gp_only,local_grid_disk_from_holoocean_location_sensor_pose,scene_registered_static_passive_anomaly_source_not_detection_truth,sv1,"[-379.2996826171875, 14.885751724243164, 0.17735224962234497]","[39, 2]",2,"[37, 3]","[-370.0, 30.0]",0.0,0.03,1.1525664941721975e-08,215.5945268321995,"[-270.0, 221.0, 0.5]",True,True,False,False,False,False,False,False,False,False
phase5e_bridge_clue_sensor_realized_search,calibration,4,post_step_holoocean_pose,phase5e_passive_anomaly_clue_sensor,local_passive_anomaly_observation_for_gp_only,local_grid_disk_from_holoocean_location_sensor_pose,scene_registered_static_passive_anomaly_source_not_detection_truth,sv1,"[-379.2996826171875, 14.885751724243164, 0.17735224962234497]","[39, 2]",3,"[39, 5]","[-350.0, 10.0]",0.0,0.03,1.8819931188373657e-09,225.65681908597398,"[-270.0, 221.0, 0.5]",True,True,False,False,False,False,False,False,False,False
phase5e_bridge_clue_sensor_realized_search,calibration,4,post_step_holoocean_pose,phase5e_passive_anomaly_clue_sensor,local_passive_anomaly_observation_for_gp_only,local_grid_disk_from_holoocean_location_sensor_pose,scene_registered_static_passive_anomaly_source_not_detection_truth,sv1,"[-379.2996826171875, 14.885751724243164, 0.17735224962234497]","[39, 2]",4,"[37, 1]","[-390.0, 30.0]",0.019934699878101952,0.03,1.9129717356480135e-09,225.56817151362466,"[-270.0, 221.0, 0.5]",True,True,False,False,False,False,False,False,False,False
phase5e_bridge_clue_sensor_realized_search,calibration,4,post_step_holoocean_pose,phase5e_passive_anomaly_clue_sensor,local_passive_anomaly_observation_for_gp_only,local_grid_disk_from_holoocean_location_sensor_pose,scene_registered_static_passive_anomaly_source_not_detection_truth,sv1,"[-379.2996826171875, 14.885751724243164, 0.17735224962234497]","[39, 2]",5,"[35, 4]","[-360.0, 50.0]",0.02184641440986993,0.03,4.806736356790278e-07,193.238194982255,"[-270.0, 221.0, 0.5]",True,True,False,False,False,False,False,False,False,False
phase5e_bridge_clue_sensor_realized_search,calibration,5,post_step_holoocean_pose,phase5e_passive_anomaly_clue_sensor,local_passive_anomaly_observation_for_gp_only,local_grid_disk_from_holoocean_location_sensor_pose,scene_registered_static_passive_anomaly_source_not_detection_truth,sv0,"[-382.8413391113281, 195.96080017089844, 0.18095208704471588]","[20, 2]",0,"[22, 2]","[-380.0, 180.0]",0.04967538265775499,0.03,0.007213862342878514,117.39250401963493,"[-270.0, 221.0, 0.5]",True,True,False,False,False,False,False,False,False,False
phase5e_bridge_clue_sensor_realized_search,calibration,5,post_step_holoocean_pose,phase5e_passive_anomaly_clue_sensor,local_passive_anomaly_observation_for_gp_only,local_grid_disk_from_holoocean_location_sensor_pose,scene_registered_static_passive_anomaly_source_not_detection_truth,sv0,"[-382.8413391113281, 195.96080017089844, 0.18095208704471588]","[20, 2]",1,"[24, 2]","[-380.0, 160.0]",0.010530667529355858,0.03,0.0031372651188383356,125.78155667664478,"[-270.0, 221.0, 0.5]",True,True,False,False,False,False,False,False,False,False
phase5e_bridge_clue_sensor_realized_search,calibration,5,post_step_holoocean_pose,phase5e_passive_anomaly_clue_sensor,local_passive_anomaly_observation_for_gp_only,local_grid_disk_from_holoocean_location_sensor_pose,scene_registered_static_passive_anomaly_source_not_detection_truth,sv0,"[-382.8413391113281, 195.96080017089844, 0.18095208704471588]","[20, 2]",2,"[16, 1]","[-390.0, 240.0]",0.022159427750222404,0.03,0.004835596537773097,121.49485585818026,"[-270.0, 221.0, 0.5]",True,True,False,False,False,False,False,False,False,False
phase5e_bridge_clue_sensor_realized_search,calibration,5,post_step_holoocean_pose,phase5e_passive_anomaly_clue_sensor,local_passive_anomaly_observation_for_gp_only,local_grid_disk_from_holoocean_location_sensor_pose,scene_registered_static_passive_anomaly_source_not_detection_truth,sv0,"[-382.8413391113281, 195.96080017089844, 0.18095208704471588]","[20, 2]",3,"[16, 3]","[-370.0, 240.0]",0.044146876927497594,0.03,0.029134495010635378,101.78899744078433,"[-270.0, 221.0, 0.5]",True,True,False,False,False,False,False,False,False,False
phase5e_bridge_clue_sensor_realized_search,calibration,5,post_step_holoocean_pose,phase5e_passive_anomaly_clue_sensor,local_passive_anomaly_observation_for_gp_only,local_grid_disk_from_holoocean_location_sensor_pose,scene_registered_static_passive_anomaly_source_not_detection_truth,sv0,"[-382.8413391113281, 195.96080017089844, 0.18095208704471588]","[20, 2]",4,"[24, 5]","[-350.0, 160.0]",0.021157224835859387,0.03,0.03213295218382493,100.60318086422515,"[-270.0, 221.0, 0.5]",True,True,False,False,False,False,False,False,False,False
phase5e_bridge_clue_sensor_realized_search,calibration,5,post_step_holoocean_pose,phase5e_passive_anomaly_clue_sensor,local_passive_anomaly_observation_for_gp_only,local_grid_disk_from_holoocean_location_sensor_pose,scene_registered_static_passive_anomaly_source_not_detection_truth,sv0,"[-382.8413391113281, 195.96080017089844, 0.18095208704471588]","[20, 2]",5,"[24, 1]","[-390.0, 160.0]",0.06721221291169033,0.03,0.0012270046174563903,134.6142637315972,"[-270.0, 221.0, 0.5]",True,True,False,False,False,False,False,False,False,False
phase5e_bridge_clue_sensor_realized_search,calibration,5,post_step_holoocean_pose,phase5e_passive_anomaly_clue_sensor,local_passive_anomaly_observation_for_gp_only,local_grid_disk_from_holoocean_location_sensor_pose,scene_registered_static_passive_anomaly_source_not_detection_truth,sv1,"[-382.84130859375, 4.039270877838135, 0.17843079566955566]","[40, 2]",0,"[41, 4]","[-360.0, -10.0]",0.009606693842443058,0.03,2.548387368261484e-11,247.91329129354884,"[-270.0, 221.0, 0.5]",True,True,False,False,False,False,False,False,False,False
phase5e_bridge_clue_sensor_realized_search,calibration,5,post_step_holoocean_pose,phase5e_passive_anomaly_clue_sensor,local_passive_anomaly_observation_for_gp_only,local_grid_disk_from_holoocean_location_sensor_pose,scene_registered_static_passive_anomaly_source_not_detection_truth,sv1,"[-382.84130859375, 4.039270877838135, 0.17843079566955566]","[40, 2]",1,"[44, 1]","[-390.0, -40.0]",0.04501795483966927,0.03,4.710917838173303e-15,287.26468630863764,"[-270.0, 221.0, 0.5]",True,True,False,False,False,False,False,False,False,False
phase5e_bridge_clue_sensor_realized_search,calibration,5,post_step_holoocean_pose,phase5e_passive_anomaly_clue_sensor,local_passive_anomaly_observation_for_gp_only,local_grid_disk_from_holoocean_location_sensor_pose,scene_registered_static_passive_anomaly_source_not_detection_truth,sv1,"[-382.84130859375, 4.039270877838135, 0.17843079566955566]","[40, 2]",2,"[42, 2]","[-380.0, -20.0]",0.03770528928863443,0.03,7.253232757235619e-13,264.9169681239766,"[-270.0, 221.0, 0.5]",True,True,False,False,False,False,False,False,False,False
phase5e_bridge_clue_sensor_realized_search,calibration,5,post_step_holoocean_pose,phase5e_passive_anomaly_clue_sensor,local_passive_anomaly_observation_for_gp_only,local_grid_disk_from_holoocean_location_sensor_pose,scene_registered_static_passive_anomaly_source_not_detection_truth,sv1,"[-382.84130859375, 4.039270877838135, 0.17843079566955566]","[40, 2]",3,"[45, 2]","[-380.0, -50.0]",0.056046976646119046,0.03,1.3733179839832245e-15,292.4739304621866,"[-270.0, 221.0, 0.5]",True,True,False,False,False,False,False,False,False,False
phase5e_bridge_clue_sensor_realized_search,calibration,5,post_step_holoocean_pose,phase5e_passive_anomaly_clue_sensor,local_passive_anomaly_observation_for_gp_only,local_grid_disk_from_holoocean_location_sensor_pose,scene_registered_static_passive_anomaly_source_not_detection_truth,sv1,"[-382.84130859375, 4.039270877838135, 0.17843079566955566]","[40, 2]",4,"[39, 5]","[-350.0, 10.0]",0.0,0.03,1.8819931188373657e-09,225.65681908597398,"[-270.0, 221.0, 0.5]",True,True,False,False,False,False,False,False,False,False
phase5e_bridge_clue_sensor_realized_search,calibration,5,post_step_holoocean_pose,phase5e_passive_anomaly_clue_sensor,local_passive_anomaly_observation_for_gp_only,local_grid_disk_from_holoocean_location_sensor_pose,scene_registered_static_passive_anomaly_source_not_detection_truth,sv1,"[-382.84130859375, 4.039270877838135, 0.17843079566955566]","[40, 2]",5,"[40, 7]","[-330.0, 0.0]",0.06392618760071996,0.03,1.0119945865458614e-09,229.00000000000003,"[-270.0, 221.0, 0.5]",True,True,False,False,False,False,False,False,False,False
phase5e_bridge_clue_sensor_realized_search,calibration,6,post_step_holoocean_pose,phase5e_passive_anomaly_clue_sensor,local_passive_anomaly_observation_for_gp_only,local_grid_disk_from_holoocean_location_sensor_pose,scene_registered_static_passive_anomaly_source_not_detection_truth,sv0,"[-378.3554382324219, 205.3539581298828, 0.18570935726165771]","[19, 2]",0,"[17, 1]","[-390.0, 230.0]",0.021022386254956654,0.03,0.005421053746044097,120.33702672078947,"[-270.0, 221.0, 0.5]",True,True,False,False,False,False,False,False,False,False
phase5e_bridge_clue_sensor_realized_search,calibration,6,post_step_holoocean_pose,phase5e_passive_anomaly_clue_sensor,local_passive_anomaly_observation_for_gp_only,local_grid_disk_from_holoocean_location_sensor_pose,scene_registered_static_passive_anomaly_source_not_detection_truth,sv0,"[-378.3554382324219, 205.3539581298828, 0.18570935726165771]","[19, 2]",1,"[20, 6]","[-340.0, 200.0]",0.22909138425375355,0.03,0.2260830612808997,73.08214556237385,"[-270.0, 221.0, 0.5]",True,True,False,False,False,False,False,False,False,False
phase5e_bridge_clue_sensor_realized_search,calibration,6,post_step_holoocean_pose,phase5e_passive_anomaly_clue_sensor,local_passive_anomaly_observation_for_gp_only,local_grid_disk_from_holoocean_location_sensor_pose,scene_registered_static_passive_anomaly_source_not_detection_truth,sv0,"[-378.3554382324219, 205.3539581298828, 0.18570935726165771]","[19, 2]",2,"[22, 6]","[-340.0, 180.0]",0.11834290679069667,0.03,0.1362893242926281,81.12336284942828,"[-270.0, 221.0, 0.5]",True,True,False,False,False,False,False,False,False,False
phase5e_bridge_clue_sensor_realized_search,calibration,6,post_step_holoocean_pose,phase5e_passive_anomaly_clue_sensor,local_passive_anomaly_observation_for_gp_only,local_grid_disk_from_holoocean_location_sensor_pose,scene_registered_static_passive_anomaly_source_not_detection_truth,sv0,"[-378.3554382324219, 205.3539581298828, 0.18570935726165771]","[19, 2]",3,"[16, 6]","[-340.0, 240.0]",0.2592692085963613,0.03,0.23358721537805555,72.53275122315436,"[-270.0, 221.0, 0.5]",True,True,False,False,False,False,False,False,False,False
phase5e_bridge_clue_sensor_realized_search,calibration,6,post_step_holoocean_pose,phase5e_passive_anomaly_clue_sensor,local_passive_anomaly_observation_for_gp_only,local_grid_disk_from_holoocean_location_sensor_pose,scene_registered_static_passive_anomaly_source_not_detection_truth,sv0,"[-378.3554382324219, 205.3539581298828, 0.18570935726165771]","[19, 2]",4,"[15, 1]","[-390.0, 250.0]",0.057857174031916384,0.03,0.003975244012487334,123.45444503945575,"[-270.0, 221.0, 0.5]",True,True,False,False,False,False,False,False,False,False
phase5e_bridge_clue_sensor_realized_search,calibration,6,post_step_holoocean_pose,phase5e_passive_anomaly_clue_sensor,local_passive_anomaly_observation_for_gp_only,local_grid_disk_from_holoocean_location_sensor_pose,scene_registered_static_passive_anomaly_source_not_detection_truth,sv0,"[-378.3554382324219, 205.3539581298828, 0.18570935726165771]","[19, 2]",5,"[23, 2]","[-380.0, 170.0]",0.006592086856143205,0.03,0.00495548129506521,121.24768039018313,"[-270.0, 221.0, 0.5]",True,True,False,False,False,False,False,False,False,False
phase5e_bridge_clue_sensor_realized_search,calibration,6,post_step_holoocean_pose,phase5e_passive_anomaly_clue_sensor,local_passive_anomaly_observation_for_gp_only,local_grid_disk_from_holoocean_location_sensor_pose,scene_registered_static_passive_anomaly_source_not_detection_truth,sv1,"[-378.3554992675781, -5.35396146774292, 0.17687079310417175]","[41, 2]",0,"[45, 2]","[-380.0, -50.0]",0.021756927032624728,0.03,1.3733179839832245e-15,292.4739304621866,"[-270.0, 221.0, 0.5]",True,True,False,False,False,False,False,False,False,False
phase5e_bridge_clue_sensor_realized_search,calibration,6,post_step_holoocean_pose,phase5e_passive_anomaly_clue_sensor,local_passive_anomaly_observation_for_gp_only,local_grid_disk_from_holoocean_location_sensor_pose,scene_registered_static_passive_anomaly_source_not_detection_truth,sv1,"[-378.3554992675781, -5.35396146774292, 0.17687079310417175]","[41, 2]",1,"[38, 4]","[-360.0, 20.0]",0.0,0.03,5.053527361550055e-09,220.22942582679548,"[-270.0, 221.0, 0.5]",True,True,False,False,False,False,False,False,False,False
phase5e_bridge_clue_sensor_realized_search,calibration,6,post_step_holoocean_pose,phase5e_passive_anomaly_clue_sensor,local_passive_anomaly_observation_for_gp_only,local_grid_disk_from_holoocean_location_sensor_pose,scene_registered_static_passive_anomaly_source_not_detection_truth,sv1,"[-378.3554992675781, -5.35396146774292, 0.17687079310417175]","[41, 2]",2,"[44, 6]","[-340.0, -40.0]",0.041685165446445405,0.03,2.2756451476004724e-13,270.22398117117586,"[-270.0, 221.0, 0.5]",True,True,False,False,False,False,False,False,False,False
phase5e_bridge_clue_sensor_realized_search,calibration,6,post_step_holoocean_pose,phase5e_passive_anomaly_clue_sensor,local_passive_anomaly_observation_for_gp_only,local_grid_disk_from_holoocean_location_sensor_pose,scene_registered_static_passive_anomaly_source_not_detection_truth,sv1,"[-378.3554992675781, -5.35396146774292, 0.17687079310417175]","[41, 2]",3,"[39, 1]","[-390.0, 10.0]",0.06481689590331607,0.03,7.186436632476644e-11,242.7364826308563,"[-270.0, 221.0, 0.5]",True,True,False,False,False,False,False,False,False,False
phase5e_bridge_clue_sensor_realized_search,calibration,6,post_step_holoocean_pose,phase5e_passive_anomaly_clue_sensor,local_passive_anomaly_observation_for_gp_only,local_grid_disk_from_holoocean_location_sensor_pose,scene_registered_static_passive_anomaly_source_not_detection_truth,sv1,"[-378.3554992675781, -5.35396146774292, 0.17687079310417175]","[41, 2]",4,"[42, 1]","[-390.0, -20.0]",0.025355286579571826,0.03,2.836786101108786e-13,269.22295593058186,"[-270.0, 221.0, 0.5]",True,True,False,False,False,False,False,False,False,False
phase5e_bridge_clue_sensor_realized_search,calibration,6,post_step_holoocean_pose,phase5e_passive_anomaly_clue_sensor,local_passive_anomaly_observation_for_gp_only,local_grid_disk_from_holoocean_location_sensor_pose,scene_registered_static_passive_anomaly_source_not_detection_truth,sv1,"[-378.3554992675781, -5.35396146774292, 0.17687079310417175]","[41, 2]",5,"[40, 5]","[-350.0, 0.0]",0.0,0.03,3.2273170962583793e-10,235.03404008781365,"[-270.0, 221.0, 0.5]",True,True,False,False,False,False,False,False,False,False
phase5e_bridge_clue_sensor_realized_search,calibration,7,post_step_holoocean_pose,phase5e_passive_anomaly_clue_sensor,local_passive_anomaly_observation_for_gp_only,local_grid_disk_from_holoocean_location_sensor_pose,scene_registered_static_passive_anomaly_source_not_detection_truth,sv0,"[-380.3085021972656, 215.02635192871094, 0.1847265064716339]","[18, 2]",0,"[14, 3]","[-370.0, 260.0]",0.0445531082738741,0.03,0.018146060411814727,107.33592129385204,"[-270.0, 221.0, 0.5]",True,True,False,False,False,False,False,False,False,False
phase5e_bridge_clue_sensor_realized_search,calibration,7,post_step_holoocean_pose,phase5e_passive_anomaly_clue_sensor,local_passive_anomaly_observation_for_gp_only,local_grid_disk_from_holoocean_location_sensor_pose,scene_registered_static_passive_anomaly_source_not_detection_truth,sv0,"[-380.3085021972656, 215.02635192871094, 0.1847265064716339]","[18, 2]",1,"[17, 4]","[-360.0, 230.0]",0.0787588304911388,0.03,0.07093179532192802,90.44888059008801,"[-270.0, 221.0, 0.5]",True,True,False,False,False,False,False,False,False,False
phase5e_bridge_clue_sensor_realized_search,calibration,7,post_step_holoocean_pose,phase5e_passive_anomaly_clue_sensor,local_passive_anomaly_observation_for_gp_only,local_grid_disk_from_holoocean_location_sensor_pose,scene_registered_static_passive_anomaly_source_not_detection_truth,sv0,"[-380.3085021972656, 215.02635192871094, 0.1847265064716339]","[18, 2]",2,"[16, 3]","[-370.0, 240.0]",0.019165244367239587,0.03,0.029134495010635378,101.78899744078433,"[-270.0, 221.0, 0.5]",True,True,False,False,False,False,False,False,False,False
phase5e_bridge_clue_sensor_realized_search,calibration,7,post_step_holoocean_pose,phase5e_passive_anomaly_clue_sensor,local_passive_anomaly_observation_for_gp_only,local_grid_disk_from_holoocean_location_sensor_pose,scene_registered_static_passive_anomaly_source_not_detection_truth,sv0,"[-380.3085021972656, 215.02635192871094, 0.1847265064716339]","[18, 2]",3,"[17, 6]","[-340.0, 230.0]",0.30874918289842573,0.03,0.26186817677232666,70.57619995437557,"[-270.0, 221.0, 0.5]",True,True,False,False,False,False,False,False,False,False
phase5e_bridge_clue_sensor_realized_search,calibration,7,post_step_holoocean_pose,phase5e_passive_anomaly_clue_sensor,local_passive_anomaly_observation_for_gp_only,local_grid_disk_from_holoocean_location_sensor_pose,scene_registered_static_passive_anomaly_source_not_detection_truth,sv0,"[-380.3085021972656, 215.02635192871094, 0.1847265064716339]","[18, 2]",4,"[21, 2]","[-380.0, 190.0]",0.0283253410734781,0.03,0.009678259209419605,114.28473213863697,"[-270.0, 221.0, 0.5]",True,True,False,False,False,False,False,False,False,False
phase5e_bridge_clue_sensor_realized_search,calibration,7,post_step_holoocean_pose,phase5e_passive_anomaly_clue_sensor,local_passive_anomaly_observation_for_gp_only,local_grid_disk_from_holoocean_location_sensor_pose,scene_registered_static_passive_anomaly_source_not_detection_truth,sv0,"[-380.3085021972656, 215.02635192871094, 0.1847265064716339]","[18, 2]",5,"[22, 2]","[-380.0, 180.0]",0.0,0.03,0.007213862342878514,117.39250401963493,"[-270.0, 221.0, 0.5]",True,True,False,False,False,False,False,False,False,False
phase5e_bridge_clue_sensor_realized_search,calibration,7,post_step_holoocean_pose,phase5e_passive_anomaly_clue_sensor,local_passive_anomaly_observation_for_gp_only,local_grid_disk_from_holoocean_location_sensor_pose,scene_registered_static_passive_anomaly_source_not_detection_truth,sv1,"[-380.30853271484375, -15.026309967041016, 0.1759345680475235]","[42, 2]",0,"[46, 1]","[-390.0, -60.0]",0.030125624814715757,0.03,5.643831332840333e-17,305.5503231875234,"[-270.0, 221.0, 0.5]",True,True,False,False,False,False,False,False,False,False
phase5e_bridge_clue_sensor_realized_search,calibration,7,post_step_holoocean_pose,phase5e_passive_anomaly_clue_sensor,local_passive_anomaly_observation_for_gp_only,local_grid_disk_from_holoocean_location_sensor_pose,scene_registered_static_passive_anomaly_source_not_detection_truth,sv1,"[-380.30853271484375, -15.026309967041016, 0.1759345680475235]","[42, 2]",1,"[38, 3]","[-370.0, 20.0]",0.002620872753883858,0.03,2.3269916193067364e-09,224.50167037240502,"[-270.0, 221.0, 0.5]",True,True,False,False,False,False,False,False,False,False
phase5e_bridge_clue_sensor_realized_search,calibration,7,post_step_holoocean_pose,phase5e_passive_anomaly_clue_sensor,local_passive_anomaly_observation_for_gp_only,local_grid_disk_from_holoocean_location_sensor_pose,scene_registered_static_passive_anomaly_source_not_detection_truth,sv1,"[-380.30853271484375, -15.026309967041016, 0.1759345680475235]","[42, 2]",2,"[39, 6]","[-340.0, 10.0]",0.0,0.03,3.4714635688860494e-09,222.30834442278586,"[-270.0, 221.0, 0.5]",True,True,False,False,False,False,False,False,False,False
phase5e_bridge_clue_sensor_realized_search,calibration,7,post_step_holoocean_pose,phase5e_passive_anomaly_clue_sensor,local_passive_anomaly_observation_for_gp_only,local_grid_disk_from_holoocean_location_sensor_pose,scene_registered_static_passive_anomaly_source_not_detection_truth,sv1,"[-380.30853271484375, -15.026309967041016, 0.1759345680475235]","[42, 2]",3,"[46, 2]","[-380.0, -60.0]",0.04119655664593251,0.03,1.4430422612289918e-16,301.7631521574495,"[-270.0, 221.0, 0.5]",True,True,False,False,False,False,False,False,False,False
phase5e_bridge_clue_sensor_realized_search,calibration,7,post_step_holoocean_pose,phase5e_passive_anomaly_clue_sensor,local_passive_anomaly_observation_for_gp_only,local_grid_disk_from_holoocean_location_sensor_pose,scene_registered_static_passive_anomaly_source_not_detection_truth,sv1,"[-380.30853271484375, -15.026309967041016, 0.1759345680475235]","[42, 2]",4,"[47, 2]","[-380.0, -70.0]",0.03663380752187344,0.03,1.3974438996341805e-17,311.0964480671549,"[-270.0, 221.0, 0.5]",True,True,False,False,False,False,False,False,False,False
phase5e_bridge_clue_sensor_realized_search,calibration,7,post_step_holoocean_pose,phase5e_passive_anomaly_clue_sensor,local_passive_anomaly_observation_for_gp_only,local_grid_disk_from_holoocean_location_sensor_pose,scene_registered_static_passive_anomaly_source_not_detection_truth,sv1,"[-380.30853271484375, -15.026309967041016, 0.1759345680475235]","[42, 2]",5,"[44, 1]","[-390.0, -40.0]",0.017683543139649805,0.03,4.710917838173303e-15,287.26468630863764,"[-270.0, 221.0, 0.5]",True,True,False,False,False,False,False,False,False,False
phase5e_bridge_clue_sensor_realized_search,calibration,8,post_step_holoocean_pose,phase5e_passive_anomaly_clue_sensor,local_passive_anomaly_observation_for_gp_only,local_grid_disk_from_holoocean_location_sensor_pose,scene_registered_static_passive_anomaly_source_not_detection_truth,sv0,"[-373.9777526855469, 218.15603637695312, 0.21404029428958893]","[18, 3]",0,"[16, 7]","[-330.0, 240.0]",0.4483650237521003,0.03,0.39709191017350604,62.93647591023826,"[-270.0, 221.0, 0.5]",True,True,False,False,False,False,False,False,False,False
phase5e_bridge_clue_sensor_realized_search,calibration,8,post_step_holoocean_pose,phase5e_passive_anomaly_clue_sensor,local_passive_anomaly_observation_for_gp_only,local_grid_disk_from_holoocean_location_sensor_pose,scene_registered_static_passive_anomaly_source_not_detection_truth,sv0,"[-373.9777526855469, 218.15603637695312, 0.21404029428958893]","[18, 3]",1,"[21, 3]","[-370.0, 190.0]",0.03656814888413591,0.03,0.022806028491245894,104.69479452198185,"[-270.0, 221.0, 0.5]",True,True,False,False,False,False,False,False,False,False
phase5e_bridge_clue_sensor_realized_search,calibration,8,post_step_holoocean_pose,phase5e_passive_anomaly_clue_sensor,local_passive_anomaly_observation_for_gp_only,local_grid_disk_from_holoocean_location_sensor_pose,scene_registered_static_passive_anomaly_source_not_detection_truth,sv0,"[-373.9777526855469, 218.15603637695312, 0.21404029428958893]","[18, 3]",2,"[21, 1]","[-390.0, 190.0]",0.03345215746809687,0.03,0.0037852295834324813,123.93950137062842,"[-270.0, 221.0, 0.5]",True,True,False,False,False,False,False,False,False,False
phase5e_bridge_clue_sensor_realized_search,calibration,8,post_step_holoocean_pose,phase5e_passive_anomaly_clue_sensor,local_passive_anomaly_observation_for_gp_only,local_grid_disk_from_holoocean_location_sensor_pose,scene_registered_static_passive_anomaly_source_not_detection_truth,sv0,"[-373.9777526855469, 218.15603637695312, 0.21404029428958893]","[18, 3]",3,"[21, 2]","[-380.0, 190.0]",0.025421442923258496,0.03,0.009678259209419605,114.28473213863697,"[-270.0, 221.0, 0.5]",True,True,False,False,False,False,False,False,False,False
phase5e_bridge_clue_sensor_realized_search,calibration,8,post_step_holoocean_pose,phase5e_passive_anomaly_clue_sensor,local_passive_anomaly_observation_for_gp_only,local_grid_disk_from_holoocean_location_sensor_pose,scene_registered_static_passive_anomaly_source_not_detection_truth,sv0,"[-373.9777526855469, 218.15603637695312, 0.21404029428958893]","[18, 3]",4,"[14, 6]","[-340.0, 260.0]",0.21514478377151608,0.03,0.1454869123398386,80.13114251026252,"[-270.0, 221.0, 0.5]",True,True,False,False,False,False,False,False,False,False
phase5e_bridge_clue_sensor_realized_search,calibration,8,post_step_holoocean_pose,phase5e_passive_anomaly_clue_sensor,local_passive_anomaly_observation_for_gp_only,local_grid_disk_from_holoocean_location_sensor_pose,scene_registered_static_passive_anomaly_source_not_detection_truth,sv0,"[-373.9777526855469, 218.15603637695312, 0.21404029428958893]","[18, 3]",5,"[19, 4]","[-360.0, 210.0]",0.07306627657834276,0.03,0.06978312758888139,90.6697303403953,"[-270.0, 221.0, 0.5]",True,True,False,False,False,False,False,False,False,False
phase5e_bridge_clue_sensor_realized_search,calibration,8,post_step_holoocean_pose,phase5e_passive_anomaly_clue_sensor,local_passive_anomaly_observation_for_gp_only,local_grid_disk_from_holoocean_location_sensor_pose,scene_registered_static_passive_anomaly_source_not_detection_truth,sv1,"[-383.8590393066406, -26.889495849609375, 0.17831076681613922]","[43, 2]",0,"[46, 3]","[-370.0, -60.0]",0.04313419298245908,0.03,3.400411397498982e-16,298.26330649276997,"[-270.0, 221.0, 0.5]",True,True,False,False,False,False,False,False,False,False
phase5e_bridge_clue_sensor_realized_search,calibration,8,post_step_holoocean_pose,phase5e_passive_anomaly_clue_sensor,local_passive_anomaly_observation_for_gp_only,local_grid_disk_from_holoocean_location_sensor_pose,scene_registered_static_passive_anomaly_source_not_detection_truth,sv1,"[-383.8590393066406, -26.889495849609375, 0.17831076681613922]","[43, 2]",1,"[39, 1]","[-390.0, 10.0]",0.0,0.03,7.186436632476644e-11,242.7364826308563,"[-270.0, 221.0, 0.5]",True,True,False,False,False,False,False,False,False,False
phase5e_bridge_clue_sensor_realized_search,calibration,8,post_step_holoocean_pose,phase5e_passive_anomaly_clue_sensor,local_passive_anomaly_observation_for_gp_only,local_grid_disk_from_holoocean_location_sensor_pose,scene_registered_static_passive_anomaly_source_not_detection_truth,sv1,"[-383.8590393066406, -26.889495849609375, 0.17831076681613922]","[43, 2]",2,"[42, 5]","[-350.0, -20.0]",0.047459758270379876,0.03,7.429011337515084e-12,253.9310930154084,"[-270.0, 221.0, 0.5]",True,True,False,False,False,False,False,False,False,False
phase5e_bridge_clue_sensor_realized_search,calibration,8,post_step_holoocean_pose,phase5e_passive_anomaly_clue_sensor,local_passive_anomaly_observation_for_gp_only,local_grid_disk_from_holoocean_location_sensor_pose,scene_registered_static_passive_anomaly_source_not_detection_truth,sv1,"[-383.8590393066406, -26.889495849609375, 0.17831076681613922]","[43, 2]",3,"[46, 2]","[-380.0, -60.0]",0.010512295243509825,0.03,1.4430422612289918e-16,301.7631521574495,"[-270.0, 221.0, 0.5]",True,True,False,False,False,False,False,False,False,False
phase5e_bridge_clue_sensor_realized_search,calibration,8,post_step_holoocean_pose,phase5e_passive_anomaly_clue_sensor,local_passive_anomaly_observation_for_gp_only,local_grid_disk_from_holoocean_location_sensor_pose,scene_registered_static_passive_anomaly_source_not_detection_truth,sv1,"[-383.8590393066406, -26.889495849609375, 0.17831076681613922]","[43, 2]",4,"[44, 1]","[-390.0, -40.0]",0.0067237019855000794,0.03,4.710917838173303e-15,287.26468630863764,"[-270.0, 221.0, 0.5]",True,True,False,False,False,False,False,False,False,False
phase5e_bridge_clue_sensor_realized_search,calibration,8,post_step_holoocean_pose,phase5e_passive_anomaly_clue_sensor,local_passive_anomaly_observation_for_gp_only,local_grid_disk_from_holoocean_location_sensor_pose,scene_registered_static_passive_anomaly_source_not_detection_truth,sv1,"[-383.8590393066406, -26.889495849609375, 0.17831076681613922]","[43, 2]",5,"[44, 5]","[-350.0, -40.0]",0.0008382484753116648,0.03,1.2337011245300373e-13,272.98534759213726,"[-270.0, 221.0, 0.5]",True,True,False,False,False,False,False,False,False,False
phase5e_bridge_clue_sensor_realized_search,calibration,9,post_step_holoocean_pose,phase5e_passive_anomaly_clue_sensor,local_passive_anomaly_observation_for_gp_only,local_grid_disk_from_holoocean_location_sensor_pose,scene_registered_static_passive_anomaly_source_not_detection_truth,sv0,"[-363.0486755371094, 220.39239501953125, 0.1907469779253006]","[18, 4]",0,"[14, 5]","[-350.0, 260.0]",0.13784416633472726,0.03,0.07887317912782621,89.0,"[-270.0, 221.0, 0.5]",True,True,False,False,False,False,False,False,False,False
phase5e_bridge_clue_sensor_realized_search,calibration,9,post_step_holoocean_pose,phase5e_passive_anomaly_clue_sensor,local_passive_anomaly_observation_for_gp_only,local_grid_disk_from_holoocean_location_sensor_pose,scene_registered_static_passive_anomaly_source_not_detection_truth,sv0,"[-363.0486755371094, 220.39239501953125, 0.1907469779253006]","[18, 4]",1,"[17, 4]","[-360.0, 230.0]",0.07598054808077388,0.03,0.07093179532192802,90.44888059008801,"[-270.0, 221.0, 0.5]",True,True,False,False,False,False,False,False,False,False
phase5e_bridge_clue_sensor_realized_search,calibration,9,post_step_holoocean_pose,phase5e_passive_anomaly_clue_sensor,local_passive_anomaly_observation_for_gp_only,local_grid_disk_from_holoocean_location_sensor_pose,scene_registered_static_passive_anomaly_source_not_detection_truth,sv0,"[-363.0486755371094, 220.39239501953125, 0.1907469779253006]","[18, 4]",2,"[16, 5]","[-350.0, 240.0]",0.17357425017853675,0.03,0.1266352140146322,82.22530024268686,"[-270.0, 221.0, 0.5]",True,True,False,False,False,False,False,False,False,False
phase5e_bridge_clue_sensor_realized_search,calibration,9,post_step_holoocean_pose,phase5e_passive_anomaly_clue_sensor,local_passive_anomaly_observation_for_gp_only,local_grid_disk_from_holoocean_location_sensor_pose,scene_registered_static_passive_anomaly_source_not_detection_truth,sv0,"[-363.0486755371094, 220.39239501953125, 0.1907469779253006]","[18, 4]",3,"[15, 3]","[-370.0, 250.0]",0.07020874430838146,0.03,0.023950866442882898,104.12012293500234,"[-270.0, 221.0, 0.5]",True,True,False,False,False,False,False,False,False,False
phase5e_bridge_clue_sensor_realized_search,calibration,9,post_step_holoocean_pose,phase5e_passive_anomaly_clue_sensor,local_passive_anomaly_observation_for_gp_only,local_grid_disk_from_holoocean_location_sensor_pose,scene_registered_static_passive_anomaly_source_not_detection_truth,sv0,"[-363.0486755371094, 220.39239501953125, 0.1907469779253006]","[18, 4]",4,"[20, 4]","[-360.0, 200.0]",0.08391344700158354,0.03,0.06123874090464268,92.41753080449618,"[-270.0, 221.0, 0.5]",True,True,False,False,False,False,False,False,False,False
phase5e_bridge_clue_sensor_realized_search,calibration,9,post_step_holoocean_pose,phase5e_passive_anomaly_clue_sensor,local_passive_anomaly_observation_for_gp_only,local_grid_disk_from_holoocean_location_sensor_pose,scene_registered_static_passive_anomaly_source_not_detection_truth,sv0,"[-363.0486755371094, 220.39239501953125, 0.1907469779253006]","[18, 4]",5,"[16, 1]","[-390.0, 240.0]",0.04434955092235787,0.03,0.004835596537773097,121.49485585818026,"[-270.0, 221.0, 0.5]",True,True,False,False,False,False,False,False,False,False
phase5e_bridge_clue_sensor_realized_search,calibration,9,post_step_holoocean_pose,phase5e_passive_anomaly_clue_sensor,local_passive_anomaly_observation_for_gp_only,local_grid_disk_from_holoocean_location_sensor_pose,scene_registered_static_passive_anomaly_source_not_detection_truth,sv1,"[-378.66583251953125, -35.25823211669922, 0.17614805698394775]","[44, 2]",0,"[41, 3]","[-370.0, -10.0]",0.033934390553983645,0.03,1.1734528428223732e-11,251.71610993339303,"[-270.0, 221.0, 0.5]",True,True,False,False,False,False,False,False,False,False
phase5e_bridge_clue_sensor_realized_search,calibration,9,post_step_holoocean_pose,phase5e_passive_anomaly_clue_sensor,local_passive_anomaly_observation_for_gp_only,local_grid_disk_from_holoocean_location_sensor_pose,scene_registered_static_passive_anomaly_source_not_detection_truth,sv1,"[-378.66583251953125, -35.25823211669922, 0.17614805698394775]","[44, 2]",1,"[44, 5]","[-350.0, -40.0]",0.05922866596243108,0.03,1.2337011245300373e-13,272.98534759213726,"[-270.0, 221.0, 0.5]",True,True,False,False,False,False,False,False,False,False
phase5e_bridge_clue_sensor_realized_search,calibration,9,post_step_holoocean_pose,phase5e_passive_anomaly_clue_sensor,local_passive_anomaly_observation_for_gp_only,local_grid_disk_from_holoocean_location_sensor_pose,scene_registered_static_passive_anomaly_source_not_detection_truth,sv1,"[-378.66583251953125, -35.25823211669922, 0.17614805698394775]","[44, 2]",2,"[41, 5]","[-350.0, -10.0]",0.010852865814168779,0.03,5.100498629979536e-11,244.46063077722758,"[-270.0, 221.0, 0.5]",True,True,False,False,False,False,False,False,False,False
phase5e_bridge_clue_sensor_realized_search,calibration,9,post_step_holoocean_pose,phase5e_passive_anomaly_clue_sensor,local_passive_anomaly_observation_for_gp_only,local_grid_disk_from_holoocean_location_sensor_pose,scene_registered_static_passive_anomaly_source_not_detection_truth,sv1,"[-378.66583251953125, -35.25823211669922, 0.17614805698394775]","[44, 2]",3,"[45, 5]","[-350.0, -50.0]",0.0779460388210708,0.03,1.406599679687231e-14,282.56149773102493,"[-270.0, 221.0, 0.5]",True,True,False,False,False,False,False,False,False,False
phase5e_bridge_clue_sensor_realized_search,calibration,9,post_step_holoocean_pose,phase5e_passive_anomaly_clue_sensor,local_passive_anomaly_observation_for_gp_only,local_grid_disk_from_holoocean_location_sensor_pose,scene_registered_static_passive_anomaly_source_not_detection_truth,sv1,"[-378.66583251953125, -35.25823211669922, 0.17614805698394775]","[44, 2]",4,"[46, 3]","[-370.0, -60.0]",0.00717366996034745,0.03,3.400411397498982e-16,298.26330649276997,"[-270.0, 221.0, 0.5]",True,True,False,False,False,False,False,False,False,False
phase5e_bridge_clue_sensor_realized_search,calibration,9,post_step_holoocean_pose,phase5e_passive_anomaly_clue_sensor,local_passive_anomaly_observation_for_gp_only,local_grid_disk_from_holoocean_location_sensor_pose,scene_registered_static_passive_anomaly_source_not_detection_truth,sv1,"[-378.66583251953125, -35.25823211669922, 0.17614805698394775]","[44, 2]",5,"[40, 2]","[-380.0, 0.0]",0.0,0.03,3.150955223659389e-11,246.86230980042293,"[-270.0, 221.0, 0.5]",True,True,False,False,False,False,False,False,False,False
phase5e_bridge_clue_sensor_realized_search,calibration,10,post_step_holoocean_pose,phase5e_passive_anomaly_clue_sensor,local_passive_anomaly_observation_for_gp_only,local_grid_disk_from_holoocean_location_sensor_pose,scene_registered_static_passive_anomaly_source_not_detection_truth,sv0,"[-354.1741027832031, 222.7408905029297, 0.18167802691459656]","[18, 5]",0,"[21, 8]","[-320.0, 190.0]",0.5240529341074389,0.03,0.4869928290922412,58.83026432033092,"[-270.0, 221.0, 0.5]",True,True,False,False,False,False,False,False,False,False
phase5e_bridge_clue_sensor_realized_search,calibration,10,post_step_holoocean_pose,phase5e_passive_anomaly_clue_sensor,local_passive_anomaly_observation_for_gp_only,local_grid_disk_from_holoocean_location_sensor_pose,scene_registered_static_passive_anomaly_source_not_detection_truth,sv0,"[-354.1741027832031, 222.7408905029297, 0.18167802691459656]","[18, 5]",1,"[20, 4]","[-360.0, 200.0]",0.08780743353041467,0.03,0.06123874090464268,92.41753080449618,"[-270.0, 221.0, 0.5]",True,True,False,False,False,False,False,False,False,False
phase5e_bridge_clue_sensor_realized_search,calibration,10,post_step_holoocean_pose,phase5e_passive_anomaly_clue_sensor,local_passive_anomaly_observation_for_gp_only,local_grid_disk_from_holoocean_location_sensor_pose,scene_registered_static_passive_anomaly_source_not_detection_truth,sv0,"[-354.1741027832031, 222.7408905029297, 0.18167802691459656]","[18, 5]",2,"[15, 3]","[-370.0, 250.0]",0.0,0.03,0.023950866442882898,104.12012293500234,"[-270.0, 221.0, 0.5]",True,True,False,False,False,False,False,False,False,False
phase5e_bridge_clue_sensor_realized_search,calibration,10,post_step_holoocean_pose,phase5e_passive_anomaly_clue_sensor,local_passive_anomaly_observation_for_gp_only,local_grid_disk_from_holoocean_location_sensor_pose,scene_registered_static_passive_anomaly_source_not_detection_truth,sv0,"[-354.1741027832031, 222.7408905029297, 0.18167802691459656]","[18, 5]",3,"[16, 7]","[-330.0, 240.0]",0.4544938656753208,0.03,0.39709191017350604,62.93647591023826,"[-270.0, 221.0, 0.5]",True,True,False,False,False,False,False,False,False,False
phase5e_bridge_clue_sensor_realized_search,calibration,10,post_step_holoocean_pose,phase5e_passive_anomaly_clue_sensor,local_passive_anomaly_observation_for_gp_only,local_grid_disk_from_holoocean_location_sensor_pose,scene_registered_static_passive_anomaly_source_not_detection_truth,sv0,"[-354.1741027832031, 222.7408905029297, 0.18167802691459656]","[18, 5]",4,"[21, 7]","[-330.0, 190.0]",0.30171312472919487,0.03,0.3108373566713398,67.53517601961218,"[-270.0, 221.0, 0.5]",True,True,False,False,False,False,False,False,False,False
phase5e_bridge_clue_sensor_realized_search,calibration,10,post_step_holoocean_pose,phase5e_passive_anomaly_clue_sensor,local_passive_anomaly_observation_for_gp_only,local_grid_disk_from_holoocean_location_sensor_pose,scene_registered_static_passive_anomaly_source_not_detection_truth,sv0,"[-354.1741027832031, 222.7408905029297, 0.18167802691459656]","[18, 5]",5,"[14, 6]","[-340.0, 260.0]",0.197817980537589,0.03,0.1454869123398386,80.13114251026252,"[-270.0, 221.0, 0.5]",True,True,False,False,False,False,False,False,False,False
phase5e_bridge_clue_sensor_realized_search,calibration,10,post_step_holoocean_pose,phase5e_passive_anomaly_clue_sensor,local_passive_anomaly_observation_for_gp_only,local_grid_disk_from_holoocean_location_sensor_pose,scene_registered_static_passive_anomaly_source_not_detection_truth,sv1,"[-380.0511474609375, -45.050559997558594, 0.1758534461259842]","[45, 2]",0,"[43, 2]","[-380.0, -30.0]",0.05140789486853854,0.03,9.73637717056256e-14,274.0456166407337,"[-270.0, 221.0, 0.5]",True,True,False,False,False,False,False,False,False,False
phase5e_bridge_clue_sensor_realized_search,calibration,10,post_step_holoocean_pose,phase5e_passive_anomaly_clue_sensor,local_passive_anomaly_observation_for_gp_only,local_grid_disk_from_holoocean_location_sensor_pose,scene_registered_static_passive_anomaly_source_not_detection_truth,sv1,"[-380.0511474609375, -45.050559997558594, 0.1758534461259842]","[45, 2]",1,"[43, 5]","[-350.0, -30.0]",0.002082609907482713,0.03,9.972333552135878e-13,263.4406954135978,"[-270.0, 221.0, 0.5]",True,True,False,False,False,False,False,False,False,False
phase5e_bridge_clue_sensor_realized_search,calibration,10,post_step_holoocean_pose,phase5e_passive_anomaly_clue_sensor,local_passive_anomaly_observation_for_gp_only,local_grid_disk_from_holoocean_location_sensor_pose,scene_registered_static_passive_anomaly_source_not_detection_truth,sv1,"[-380.0511474609375, -45.050559997558594, 0.1758534461259842]","[45, 2]",2,"[44, 1]","[-390.0, -40.0]",0.025985722803162074,0.03,4.710917838173303e-15,287.26468630863764,"[-270.0, 221.0, 0.5]",True,True,False,False,False,False,False,False,False,False
phase5e_bridge_clue_sensor_realized_search,calibration,10,post_step_holoocean_pose,phase5e_passive_anomaly_clue_sensor,local_passive_anomaly_observation_for_gp_only,local_grid_disk_from_holoocean_location_sensor_pose,scene_registered_static_passive_anomaly_source_not_detection_truth,sv1,"[-380.0511474609375, -45.050559997558594, 0.1758534461259842]","[45, 2]",3,"[47, 5]","[-350.0, -70.0]",0.029256058594924444,0.03,1.4313102752103422e-16,301.7962889102515,"[-270.0, 221.0, 0.5]",True,True,False,False,False,False,False,False,False,False
phase5e_bridge_clue_sensor_realized_search,calibration,10,post_step_holoocean_pose,phase5e_passive_anomaly_clue_sensor,local_passive_anomaly_observation_for_gp_only,local_grid_disk_from_holoocean_location_sensor_pose,scene_registered_static_passive_anomaly_source_not_detection_truth,sv1,"[-380.0511474609375, -45.050559997558594, 0.1758534461259842]","[45, 2]",4,"[43, 3]","[-370.0, -30.0]",0.026985600542530845,0.03,2.2942978726717036e-13,270.1869722988138,"[-270.0, 221.0, 0.5]",True,True,False,False,False,False,False,False,False,False
phase5e_bridge_clue_sensor_realized_search,calibration,10,post_step_holoocean_pose,phase5e_passive_anomaly_clue_sensor,local_passive_anomaly_observation_for_gp_only,local_grid_disk_from_holoocean_location_sensor_pose,scene_registered_static_passive_anomaly_source_not_detection_truth,sv1,"[-380.0511474609375, -45.050559997558594, 0.1758534461259842]","[45, 2]",5,"[46, 6]","[-340.0, -60.0]",0.08733799145131406,0.03,2.726296196970794e-15,289.5876378576959,"[-270.0, 221.0, 0.5]",True,True,False,False,False,False,False,False,False,False
phase5e_bridge_clue_sensor_realized_search,calibration,11,post_step_holoocean_pose,phase5e_passive_anomaly_clue_sensor,local_passive_anomaly_observation_for_gp_only,local_grid_disk_from_holoocean_location_sensor_pose,scene_registered_static_passive_anomaly_source_not_detection_truth,sv0,"[-342.7264404296875, 219.12228393554688, 0.1749815046787262]","[18, 6]",0,"[20, 6]","[-340.0, 200.0]",0.22710076979159416,0.03,0.2260830612808997,73.08214556237385,"[-270.0, 221.0, 0.5]",True,True,False,False,False,False,False,False,False,False
phase5e_bridge_clue_sensor_realized_search,calibration,11,post_step_holoocean_pose,phase5e_passive_anomaly_clue_sensor,local_passive_anomaly_observation_for_gp_only,local_grid_disk_from_holoocean_location_sensor_pose,scene_registered_static_passive_anomaly_source_not_detection_truth,sv0,"[-342.7264404296875, 219.12228393554688, 0.1749815046787262]","[18, 6]",1,"[16, 8]","[-320.0, 240.0]",0.6340928528498408,0.03,0.6221289320430907,53.48831648126533,"[-270.0, 221.0, 0.5]",True,True,False,False,False,False,False,False,False,False
phase5e_bridge_clue_sensor_realized_search,calibration,11,post_step_holoocean_pose,phase5e_passive_anomaly_clue_sensor,local_passive_anomaly_observation_for_gp_only,local_grid_disk_from_holoocean_location_sensor_pose,scene_registered_static_passive_anomaly_source_not_detection_truth,sv0,"[-342.7264404296875, 219.12228393554688, 0.1749815046787262]","[18, 6]",2,"[15, 9]","[-310.0, 250.0]",0.7420696001191918,0.03,0.7384666404622623,49.4064773081425,"[-270.0, 221.0, 0.5]",True,True,False,False,False,False,False,False,False,False
phase5e_bridge_clue_sensor_realized_search,calibration,11,post_step_holoocean_pose,phase5e_passive_anomaly_clue_sensor,local_passive_anomaly_observation_for_gp_only,local_grid_disk_from_holoocean_location_sensor_pose,scene_registered_static_passive_anomaly_source_not_detection_truth,sv0,"[-342.7264404296875, 219.12228393554688, 0.1749815046787262]","[18, 6]",3,"[18, 6]","[-340.0, 220.0]",0.3402896785977537,0.03,0.27056011123441054,70.00714249274854,"[-270.0, 221.0, 0.5]",True,True,False,False,False,False,False,False,False,False
phase5e_bridge_clue_sensor_realized_search,calibration,11,post_step_holoocean_pose,phase5e_passive_anomaly_clue_sensor,local_passive_anomaly_observation_for_gp_only,local_grid_disk_from_holoocean_location_sensor_pose,scene_registered_static_passive_anomaly_source_not_detection_truth,sv0,"[-342.7264404296875, 219.12228393554688, 0.1749815046787262]","[18, 6]",4,"[22, 7]","[-330.0, 180.0]",0.26918120810561924,0.03,0.23168814282932879,72.67048919609665,"[-270.0, 221.0, 0.5]",True,True,False,False,False,False,False,False,False,False
phase5e_bridge_clue_sensor_realized_search,calibration,11,post_step_holoocean_pose,phase5e_passive_anomaly_clue_sensor,local_passive_anomaly_observation_for_gp_only,local_grid_disk_from_holoocean_location_sensor_pose,scene_registered_static_passive_anomaly_source_not_detection_truth,sv0,"[-342.7264404296875, 219.12228393554688, 0.1749815046787262]","[18, 6]",5,"[15, 5]","[-350.0, 250.0]",0.09033970341421829,0.03,0.10410419321574521,85.09406559801923,"[-270.0, 221.0, 0.5]",True,True,False,False,False,False,False,False,False,False
phase5e_bridge_clue_sensor_realized_search,calibration,11,post_step_holoocean_pose,phase5e_passive_anomaly_clue_sensor,local_passive_anomaly_observation_for_gp_only,local_grid_disk_from_holoocean_location_sensor_pose,scene_registered_static_passive_anomaly_source_not_detection_truth,sv1,"[-383.6820068359375, -56.63558578491211, 0.17733080685138702]","[46, 2]",0,"[50, 5]","[-350.0, -100.0]",0.0315835681308589,0.03,7.964969563495293e-20,330.8186814555671,"[-270.0, 221.0, 0.5]",True,True,False,False,False,False,False,False,False,False
phase5e_bridge_clue_sensor_realized_search,calibration,11,post_step_holoocean_pose,phase5e_passive_anomaly_clue_sensor,local_passive_anomaly_observation_for_gp_only,local_grid_disk_from_holoocean_location_sensor_pose,scene_registered_static_passive_anomaly_source_not_detection_truth,sv1,"[-383.6820068359375, -56.63558578491211, 0.17733080685138702]","[46, 2]",1,"[42, 1]","[-390.0, -20.0]",0.014446384171434913,0.03,2.836786101108786e-13,269.22295593058186,"[-270.0, 221.0, 0.5]",True,True,False,False,False,False,False,False,False,False
phase5e_bridge_clue_sensor_realized_search,calibration,11,post_step_holoocean_pose,phase5e_passive_anomaly_clue_sensor,local_passive_anomaly_observation_for_gp_only,local_grid_disk_from_holoocean_location_sensor_pose,scene_registered_static_passive_anomaly_source_not_detection_truth,sv1,"[-383.6820068359375, -56.63558578491211, 0.17733080685138702]","[46, 2]",2,"[46, 5]","[-350.0, -60.0]",0.0400138573469781,0.03,1.4780136909971904e-15,292.1660486778024,"[-270.0, 221.0, 0.5]",True,True,False,False,False,False,False,False,False,False
phase5e_bridge_clue_sensor_realized_search,calibration,11,post_step_holoocean_pose,phase5e_passive_anomaly_clue_sensor,local_passive_anomaly_observation_for_gp_only,local_grid_disk_from_holoocean_location_sensor_pose,scene_registered_static_passive_anomaly_source_not_detection_truth,sv1,"[-383.6820068359375, -56.63558578491211, 0.17733080685138702]","[46, 2]",3,"[48, 6]","[-340.0, -80.0]",0.02465999706081941,0.03,2.356302755248023e-17,309.0323607650176,"[-270.0, 221.0, 0.5]",True,True,False,False,False,False,False,False,False,False
phase5e_bridge_clue_sensor_realized_search,calibration,11,post_step_holoocean_pose,phase5e_passive_anomaly_clue_sensor,local_passive_anomaly_observation_for_gp_only,local_grid_disk_from_holoocean_location_sensor_pose,scene_registered_static_passive_anomaly_source_not_detection_truth,sv1,"[-383.6820068359375, -56.63558578491211, 0.17733080685138702]","[46, 2]",4,"[43, 6]","[-340.0, -30.0]",0.0,0.03,1.8394643570432175e-12,260.578203232734,"[-270.0, 221.0, 0.5]",True,True,False,False,False,False,False,False,False,False
phase5e_bridge_clue_sensor_realized_search,calibration,11,post_step_holoocean_pose,phase5e_passive_anomaly_clue_sensor,local_passive_anomaly_observation_for_gp_only,local_grid_disk_from_holoocean_location_sensor_pose,scene_registered_static_passive_anomaly_source_not_detection_truth,sv1,"[-383.6820068359375, -56.63558578491211, 0.17733080685138702]","[46, 2]",5,"[47, 1]","[-390.0, -70.0]",0.025672400247909365,0.03,5.465493200403556e-18,314.77134558278965,"[-270.0, 221.0, 0.5]",True,True,False,False,False,False,False,False,False,False
phase5e_bridge_clue_sensor_realized_search,calibration,12,post_step_holoocean_pose,phase5e_passive_anomaly_clue_sensor,local_passive_anomaly_observation_for_gp_only,local_grid_disk_from_holoocean_location_sensor_pose,scene_registered_static_passive_anomaly_source_not_detection_truth,sv0,"[-334.2380676269531, 221.6488037109375, 0.18558043241500854]","[18, 7]",0,"[14, 9]","[-310.0, 260.0]",0.5920377384101534,0.03,0.5594895826376259,55.86591089385369,"[-270.0, 221.0, 0.5]",True,True,False,False,False,False,False,False,False,False
phase5e_bridge_clue_sensor_realized_search,calibration,12,post_step_holoocean_pose,phase5e_passive_anomaly_clue_sensor,local_passive_anomaly_observation_for_gp_only,local_grid_disk_from_holoocean_location_sensor_pose,scene_registered_static_passive_anomaly_source_not_detection_truth,sv0,"[-334.2380676269531, 221.6488037109375, 0.18558043241500854]","[18, 7]",1,"[19, 11]","[-290.0, 210.0]",1.610410832589209,0.03,1.6168731331204982,22.825424421026653,"[-270.0, 221.0, 0.5]",True,True,False,False,False,False,False,False,False,False
phase5e_bridge_clue_sensor_realized_search,calibration,12,post_step_holoocean_pose,phase5e_passive_anomaly_clue_sensor,local_passive_anomaly_observation_for_gp_only,local_grid_disk_from_holoocean_location_sensor_pose,scene_registered_static_passive_anomaly_source_not_detection_truth,sv0,"[-334.2380676269531, 221.6488037109375, 0.18558043241500854]","[18, 7]",2,"[17, 3]","[-370.0, 230.0]",0.04116382816925371,0.03,0.03266187782267759,100.4041831797859,"[-270.0, 221.0, 0.5]",True,True,False,False,False,False,False,False,False,False
phase5e_bridge_clue_sensor_realized_search,calibration,12,post_step_holoocean_pose,phase5e_passive_anomaly_clue_sensor,local_passive_anomaly_observation_for_gp_only,local_grid_disk_from_holoocean_location_sensor_pose,scene_registered_static_passive_anomaly_source_not_detection_truth,sv0,"[-334.2380676269531, 221.6488037109375, 0.18558043241500854]","[18, 7]",3,"[18, 10]","[-300.0, 220.0]",1.4517665210824815,0.03,1.3845734010612079,30.01666203960727,"[-270.0, 221.0, 0.5]",True,True,False,False,False,False,False,False,False,False
phase5e_bridge_clue_sensor_realized_search,calibration,12,post_step_holoocean_pose,phase5e_passive_anomaly_clue_sensor,local_passive_anomaly_observation_for_gp_only,local_grid_disk_from_holoocean_location_sensor_pose,scene_registered_static_passive_anomaly_source_not_detection_truth,sv0,"[-334.2380676269531, 221.6488037109375, 0.18558043241500854]","[18, 7]",4,"[18, 3]","[-370.0, 220.0]",0.06275507476171163,0.03,0.03374599161207529,100.00499987500623,"[-270.0, 221.0, 0.5]",True,True,False,False,False,False,False,False,False,False
phase5e_bridge_clue_sensor_realized_search,calibration,12,post_step_holoocean_pose,phase5e_passive_anomaly_clue_sensor,local_passive_anomaly_observation_for_gp_only,local_grid_disk_from_holoocean_location_sensor_pose,scene_registered_static_passive_anomaly_source_not_detection_truth,sv0,"[-334.2380676269531, 221.6488037109375, 0.18558043241500854]","[18, 7]",5,"[22, 5]","[-350.0, 180.0]",0.06815755288394157,0.03,0.07388686800248556,89.89438247187641,"[-270.0, 221.0, 0.5]",True,True,False,False,False,False,False,False,False,False
phase5e_bridge_clue_sensor_realized_search,calibration,12,post_step_holoocean_pose,phase5e_passive_anomaly_clue_sensor,local_passive_anomaly_observation_for_gp_only,local_grid_disk_from_holoocean_location_sensor_pose,scene_registered_static_passive_anomaly_source_not_detection_truth,sv1,"[-378.7477722167969, -65.1767578125, 0.1751481592655182]","[47, 2]",0,"[49, 1]","[-390.0, -90.0]",0.0,0.03,4.0121964574431186e-20,333.3481663366397,"[-270.0, 221.0, 0.5]",True,True,False,False,False,False,False,False,False,False
phase5e_bridge_clue_sensor_realized_search,calibration,12,post_step_holoocean_pose,phase5e_passive_anomaly_clue_sensor,local_passive_anomaly_observation_for_gp_only,local_grid_disk_from_holoocean_location_sensor_pose,scene_registered_static_passive_anomaly_source_not_detection_truth,sv1,"[-378.7477722167969, -65.1767578125, 0.1751481592655182]","[47, 2]",1,"[43, 2]","[-380.0, -30.0]",0.0031035558220304377,0.03,9.73637717056256e-14,274.0456166407337,"[-270.0, 221.0, 0.5]",True,True,False,False,False,False,False,False,False,False
phase5e_bridge_clue_sensor_realized_search,calibration,12,post_step_holoocean_pose,phase5e_passive_anomaly_clue_sensor,local_passive_anomaly_observation_for_gp_only,local_grid_disk_from_holoocean_location_sensor_pose,scene_registered_static_passive_anomaly_source_not_detection_truth,sv1,"[-378.7477722167969, -65.1767578125, 0.1751481592655182]","[47, 2]",2,"[48, 2]","[-380.0, -80.0]",0.0,0.03,1.2472028754070248e-18,320.46996739164183,"[-270.0, 221.0, 0.5]",True,True,False,False,False,False,False,False,False,False
phase5e_bridge_clue_sensor_realized_search,calibration,12,post_step_holoocean_pose,phase5e_passive_anomaly_clue_sensor,local_passive_anomaly_observation_for_gp_only,local_grid_disk_from_holoocean_location_sensor_pose,scene_registered_static_passive_anomaly_source_not_detection_truth,sv1,"[-378.7477722167969, -65.1767578125, 0.1751481592655182]","[47, 2]",3,"[47, 2]","[-380.0, -70.0]",0.025039460503829273,0.03,1.3974438996341805e-17,311.0964480671549,"[-270.0, 221.0, 0.5]",True,True,False,False,False,False,False,False,False,False
phase5e_bridge_clue_sensor_realized_search,calibration,12,post_step_holoocean_pose,phase5e_passive_anomaly_clue_sensor,local_passive_anomaly_observation_for_gp_only,local_grid_disk_from_holoocean_location_sensor_pose,scene_registered_static_passive_anomaly_source_not_detection_truth,sv1,"[-378.7477722167969, -65.1767578125, 0.1751481592655182]","[47, 2]",4,"[44, 4]","[-360.0, -40.0]",0.03102687690067662,0.03,6.164001973224624e-14,276.08150970320344,"[-270.0, 221.0, 0.5]",True,True,False,False,False,False,False,False,False,False
phase5e_bridge_clue_sensor_realized_search,calibration,12,post_step_holoocean_pose,phase5e_passive_anomaly_clue_sensor,local_passive_anomaly_observation_for_gp_only,local_grid_disk_from_holoocean_location_sensor_pose,scene_registered_static_passive_anomaly_source_not_detection_truth,sv1,"[-378.7477722167969, -65.1767578125, 0.1751481592655182]","[47, 2]",5,"[46, 2]","[-380.0, -60.0]",0.005590641487411566,0.03,1.4430422612289918e-16,301.7631521574495,"[-270.0, 221.0, 0.5]",True,True,False,False,False,False,False,False,False,False
phase5e_bridge_clue_sensor_realized_search,calibration,13,post_step_holoocean_pose,phase5e_passive_anomaly_clue_sensor,local_passive_anomaly_observation_for_gp_only,local_grid_disk_from_holoocean_location_sensor_pose,scene_registered_static_passive_anomaly_source_not_detection_truth,sv0,"[-324.73797607421875, 218.58750915527344, 0.18607348203659058]","[18, 8]",0,"[16, 10]","[-300.0, 240.0]",1.2281244450576807,0.03,1.195367061925122,35.51056180912941,"[-270.0, 221.0, 0.5]",True,True,False,False,False,False,False,False,False,False
phase5e_bridge_clue_sensor_realized_search,calibration,13,post_step_holoocean_pose,phase5e_passive_anomaly_clue_sensor,local_passive_anomaly_observation_for_gp_only,local_grid_disk_from_holoocean_location_sensor_pose,scene_registered_static_passive_anomaly_source_not_detection_truth,sv0,"[-324.73797607421875, 218.58750915527344, 0.18607348203659058]","[18, 8]",1,"[14, 5]","[-350.0, 260.0]",0.07563849650331261,0.03,0.07887317912782621,89.0,"[-270.0, 221.0, 0.5]",True,True,False,False,False,False,False,False,False,False
phase5e_bridge_clue_sensor_realized_search,calibration,13,post_step_holoocean_pose,phase5e_passive_anomaly_clue_sensor,local_passive_anomaly_observation_for_gp_only,local_grid_disk_from_holoocean_location_sensor_pose,scene_registered_static_passive_anomaly_source_not_detection_truth,sv0,"[-324.73797607421875, 218.58750915527344, 0.18607348203659058]","[18, 8]",2,"[15, 8]","[-320.0, 250.0]",0.5085530616698399,0.03,0.5114393421330317,57.8013840664737,"[-270.0, 221.0, 0.5]",True,True,False,False,False,False,False,False,False,False
phase5e_bridge_clue_sensor_realized_search,calibration,13,post_step_holoocean_pose,phase5e_passive_anomaly_clue_sensor,local_passive_anomaly_observation_for_gp_only,local_grid_disk_from_holoocean_location_sensor_pose,scene_registered_static_passive_anomaly_source_not_detection_truth,sv0,"[-324.73797607421875, 218.58750915527344, 0.18607348203659058]","[18, 8]",3,"[22, 6]","[-340.0, 180.0]",0.1814776046598467,0.03,0.1362893242926281,81.12336284942828,"[-270.0, 221.0, 0.5]",True,True,False,False,False,False,False,False,False,False
phase5e_bridge_clue_sensor_realized_search,calibration,13,post_step_holoocean_pose,phase5e_passive_anomaly_clue_sensor,local_passive_anomaly_observation_for_gp_only,local_grid_disk_from_holoocean_location_sensor_pose,scene_registered_static_passive_anomaly_source_not_detection_truth,sv0,"[-324.73797607421875, 218.58750915527344, 0.18607348203659058]","[18, 8]",4,"[19, 10]","[-300.0, 210.0]",1.3454933589814835,0.03,1.3183915708488387,31.953090617340916,"[-270.0, 221.0, 0.5]",True,True,False,False,False,False,False,False,False,False
phase5e_bridge_clue_sensor_realized_search,calibration,13,post_step_holoocean_pose,phase5e_passive_anomaly_clue_sensor,local_passive_anomaly_observation_for_gp_only,local_grid_disk_from_holoocean_location_sensor_pose,scene_registered_static_passive_anomaly_source_not_detection_truth,sv0,"[-324.73797607421875, 218.58750915527344, 0.18607348203659058]","[18, 8]",5,"[18, 11]","[-290.0, 220.0]",1.7133544046488844,0.03,1.6980384147691252,20.024984394500787,"[-270.0, 221.0, 0.5]",True,True,False,False,False,False,False,False,False,False
phase5e_bridge_clue_sensor_realized_search,calibration,13,post_step_holoocean_pose,phase5e_passive_anomaly_clue_sensor,local_passive_anomaly_observation_for_gp_only,local_grid_disk_from_holoocean_location_sensor_pose,scene_registered_static_passive_anomaly_source_not_detection_truth,sv1,"[-380.9281005859375, -75.92668914794922, 0.1740194410085678]","[48, 2]",0,"[50, 1]","[-390.0, -100.0]",0.0,0.03,3.0414430570832554e-21,342.6966588690354,"[-270.0, 221.0, 0.5]",True,True,False,False,False,False,False,False,False,False
phase5e_bridge_clue_sensor_realized_search,calibration,13,post_step_holoocean_pose,phase5e_passive_anomaly_clue_sensor,local_passive_anomaly_observation_for_gp_only,local_grid_disk_from_holoocean_location_sensor_pose,scene_registered_static_passive_anomaly_source_not_detection_truth,sv1,"[-380.9281005859375, -75.92668914794922, 0.1740194410085678]","[48, 2]",1,"[45, 2]","[-380.0, -50.0]",0.03103883740776093,0.03,1.3733179839832245e-15,292.4739304621866,"[-270.0, 221.0, 0.5]",True,True,False,False,False,False,False,False,False,False
phase5e_bridge_clue_sensor_realized_search,calibration,13,post_step_holoocean_pose,phase5e_passive_anomaly_clue_sensor,local_passive_anomaly_observation_for_gp_only,local_grid_disk_from_holoocean_location_sensor_pose,scene_registered_static_passive_anomaly_source_not_detection_truth,sv1,"[-380.9281005859375, -75.92668914794922, 0.1740194410085678]","[48, 2]",2,"[52, 3]","[-370.0, -120.0]",0.04368729921552913,0.03,8.242791108289221e-23,355.3603804590489,"[-270.0, 221.0, 0.5]",True,True,False,False,False,False,False,False,False,False
phase5e_bridge_clue_sensor_realized_search,calibration,13,post_step_holoocean_pose,phase5e_passive_anomaly_clue_sensor,local_passive_anomaly_observation_for_gp_only,local_grid_disk_from_holoocean_location_sensor_pose,scene_registered_static_passive_anomaly_source_not_detection_truth,sv1,"[-380.9281005859375, -75.92668914794922, 0.1740194410085678]","[48, 2]",3,"[49, 1]","[-390.0, -90.0]",0.0,0.03,4.0121964574431186e-20,333.3481663366397,"[-270.0, 221.0, 0.5]",True,True,False,False,False,False,False,False,False,False
phase5e_bridge_clue_sensor_realized_search,calibration,13,post_step_holoocean_pose,phase5e_passive_anomaly_clue_sensor,local_passive_anomaly_observation_for_gp_only,local_grid_disk_from_holoocean_location_sensor_pose,scene_registered_static_passive_anomaly_source_not_detection_truth,sv1,"[-380.9281005859375, -75.92668914794922, 0.1740194410085678]","[48, 2]",4,"[46, 6]","[-340.0, -60.0]",0.0,0.03,2.726296196970794e-15,289.5876378576959,"[-270.0, 221.0, 0.5]",True,True,False,False,False,False,False,False,False,False
phase5e_bridge_clue_sensor_realized_search,calibration,13,post_step_holoocean_pose,phase5e_passive_anomaly_clue_sensor,local_passive_anomaly_observation_for_gp_only,local_grid_disk_from_holoocean_location_sensor_pose,scene_registered_static_passive_anomaly_source_not_detection_truth,sv1,"[-380.9281005859375, -75.92668914794922, 0.1740194410085678]","[48, 2]",5,"[47, 4]","[-360.0, -70.0]",0.052310125601255406,0.03,7.151326350662288e-17,304.5997373603595,"[-270.0, 221.0, 0.5]",True,True,False,False,False,False,False,False,False,False
phase5e_bridge_clue_sensor_realized_search,calibration,14,post_step_holoocean_pose,phase5e_passive_anomaly_clue_sensor,local_passive_anomaly_observation_for_gp_only,local_grid_disk_from_holoocean_location_sensor_pose,scene_registered_static_passive_anomaly_source_not_detection_truth,sv0,"[-314.8511047363281, 221.0808563232422, 0.18246451020240784]","[18, 9]",0,"[16, 12]","[-280.0, 240.0]",1.6606727292401273,0.03,1.6569588684836807,21.470910553583888,"[-270.0, 221.0, 0.5]",True,True,False,False,False,False,False,False,False,False
phase5e_bridge_clue_sensor_realized_search,calibration,14,post_step_holoocean_pose,phase5e_passive_anomaly_clue_sensor,local_passive_anomaly_observation_for_gp_only,local_grid_disk_from_holoocean_location_sensor_pose,scene_registered_static_passive_anomaly_source_not_detection_truth,sv0,"[-314.8511047363281, 221.0808563232422, 0.18246451020240784]","[18, 9]",1,"[14, 8]","[-320.0, 260.0]",0.4298764051174221,0.03,0.3874853221471888,63.411355449950754,"[-270.0, 221.0, 0.5]",True,True,False,False,False,False,False,False,False,False
phase5e_bridge_clue_sensor_realized_search,calibration,14,post_step_holoocean_pose,phase5e_passive_anomaly_clue_sensor,local_passive_anomaly_observation_for_gp_only,local_grid_disk_from_holoocean_location_sensor_pose,scene_registered_static_passive_anomaly_source_not_detection_truth,sv0,"[-314.8511047363281, 221.0808563232422, 0.18246451020240784]","[18, 9]",2,"[16, 7]","[-330.0, 240.0]",0.40309590908858034,0.03,0.39709191017350604,62.93647591023826,"[-270.0, 221.0, 0.5]",True,True,False,False,False,False,False,False,False,False
phase5e_bridge_clue_sensor_realized_search,calibration,14,post_step_holoocean_pose,phase5e_passive_anomaly_clue_sensor,local_passive_anomaly_observation_for_gp_only,local_grid_disk_from_holoocean_location_sensor_pose,scene_registered_static_passive_anomaly_source_not_detection_truth,sv0,"[-314.8511047363281, 221.0808563232422, 0.18246451020240784]","[18, 9]",3,"[22, 6]","[-340.0, 180.0]",0.22427954528773802,0.03,0.1362893242926281,81.12336284942828,"[-270.0, 221.0, 0.5]",True,True,False,False,False,False,False,False,False,False
phase5e_bridge_clue_sensor_realized_search,calibration,14,post_step_holoocean_pose,phase5e_passive_anomaly_clue_sensor,local_passive_anomaly_observation_for_gp_only,local_grid_disk_from_holoocean_location_sensor_pose,scene_registered_static_passive_anomaly_source_not_detection_truth,sv0,"[-314.8511047363281, 221.0808563232422, 0.18246451020240784]","[18, 9]",4,"[17, 8]","[-320.0, 230.0]",0.6789059187886871,0.03,0.697451565950489,50.80354318352215,"[-270.0, 221.0, 0.5]",True,True,False,False,False,False,False,False,False,False
phase5e_bridge_clue_sensor_realized_search,calibration,14,post_step_holoocean_pose,phase5e_passive_anomaly_clue_sensor,local_passive_anomaly_observation_for_gp_only,local_grid_disk_from_holoocean_location_sensor_pose,scene_registered_static_passive_anomaly_source_not_detection_truth,sv0,"[-314.8511047363281, 221.0808563232422, 0.18246451020240784]","[18, 9]",5,"[20, 11]","[-290.0, 200.0]",1.4644796844032757,0.03,1.4188999303410441,29.0,"[-270.0, 221.0, 0.5]",True,True,False,False,False,False,False,False,False,False
phase5e_bridge_clue_sensor_realized_search,calibration,14,post_step_holoocean_pose,phase5e_passive_anomaly_clue_sensor,local_passive_anomaly_observation_for_gp_only,local_grid_disk_from_holoocean_location_sensor_pose,scene_registered_static_passive_anomaly_source_not_detection_truth,sv1,"[-381.1787414550781, -87.38141632080078, 0.17725926637649536]","[49, 2]",0,"[48, 2]","[-380.0, -80.0]",0.036203824468487376,0.03,1.2472028754070248e-18,320.46996739164183,"[-270.0, 221.0, 0.5]",True,True,False,False,False,False,False,False,False,False
phase5e_bridge_clue_sensor_realized_search,calibration,14,post_step_holoocean_pose,phase5e_passive_anomaly_clue_sensor,local_passive_anomaly_observation_for_gp_only,local_grid_disk_from_holoocean_location_sensor_pose,scene_registered_static_passive_anomaly_source_not_detection_truth,sv1,"[-381.1787414550781, -87.38141632080078, 0.17725926637649536]","[49, 2]",1,"[51, 2]","[-380.0, -110.0]",0.010286348806536932,0.03,5.432873621476267e-22,348.7993692654848,"[-270.0, 221.0, 0.5]",True,True,False,False,False,False,False,False,False,False
phase5e_bridge_clue_sensor_realized_search,calibration,14,post_step_holoocean_pose,phase5e_passive_anomaly_clue_sensor,local_passive_anomaly_observation_for_gp_only,local_grid_disk_from_holoocean_location_sensor_pose,scene_registered_static_passive_anomaly_source_not_detection_truth,sv1,"[-381.1787414550781, -87.38141632080078, 0.17725926637649536]","[49, 2]",2,"[45, 3]","[-370.0, -50.0]",0.0,0.03,3.2361118247151862e-15,288.8615585362649,"[-270.0, 221.0, 0.5]",True,True,False,False,False,False,False,False,False,False
phase5e_bridge_clue_sensor_realized_search,calibration,14,post_step_holoocean_pose,phase5e_passive_anomaly_clue_sensor,local_passive_anomaly_observation_for_gp_only,local_grid_disk_from_holoocean_location_sensor_pose,scene_registered_static_passive_anomaly_source_not_detection_truth,sv1,"[-381.1787414550781, -87.38141632080078, 0.17725926637649536]","[49, 2]",3,"[50, 3]","[-370.0, -100.0]",0.028068383451039625,0.03,1.8324710690716844e-20,336.2157045707413,"[-270.0, 221.0, 0.5]",True,True,False,False,False,False,False,False,False,False
phase5e_bridge_clue_sensor_realized_search,calibration,14,post_step_holoocean_pose,phase5e_passive_anomaly_clue_sensor,local_passive_anomaly_observation_for_gp_only,local_grid_disk_from_holoocean_location_sensor_pose,scene_registered_static_passive_anomaly_source_not_detection_truth,sv1,"[-381.1787414550781, -87.38141632080078, 0.17725926637649536]","[49, 2]",4,"[45, 4]","[-360.0, -50.0]",0.06901168631972916,0.03,7.027863579545744e-15,285.55384781158176,"[-270.0, 221.0, 0.5]",True,True,False,False,False,False,False,False,False,False
phase5e_bridge_clue_sensor_realized_search,calibration,14,post_step_holoocean_pose,phase5e_passive_anomaly_clue_sensor,local_passive_anomaly_observation_for_gp_only,local_grid_disk_from_holoocean_location_sensor_pose,scene_registered_static_passive_anomaly_source_not_detection_truth,sv1,"[-381.1787414550781, -87.38141632080078, 0.17725926637649536]","[49, 2]",5,"[47, 6]","[-340.0, -70.0]",0.019064034171264208,0.03,2.6401485884467316e-16,299.3008519867593,"[-270.0, 221.0, 0.5]",True,True,False,False,False,False,False,False,False,False
phase5e_bridge_clue_sensor_realized_search,calibration,15,post_step_holoocean_pose,phase5e_passive_anomaly_clue_sensor,local_passive_anomaly_observation_for_gp_only,local_grid_disk_from_holoocean_location_sensor_pose,scene_registered_static_passive_anomaly_source_not_detection_truth,sv0,"[-304.8385925292969, 220.7735137939453, 0.18514417111873627]","[18, 10]",0,"[17, 14]","[-260.0, 230.0]",1.882682468459312,0.03,1.8575708314099897,13.453624047073712,"[-270.0, 221.0, 0.5]",True,True,False,False,False,False,False,False,False,False
phase5e_bridge_clue_sensor_realized_search,calibration,15,post_step_holoocean_pose,phase5e_passive_anomaly_clue_sensor,local_passive_anomaly_observation_for_gp_only,local_grid_disk_from_holoocean_location_sensor_pose,scene_registered_static_passive_anomaly_source_not_detection_truth,sv0,"[-304.8385925292969, 220.7735137939453, 0.18514417111873627]","[18, 10]",1,"[15, 9]","[-310.0, 250.0]",0.7444143029390046,0.03,0.7384666404622623,49.4064773081425,"[-270.0, 221.0, 0.5]",True,True,False,False,False,False,False,False,False,False
phase5e_bridge_clue_sensor_realized_search,calibration,15,post_step_holoocean_pose,phase5e_passive_anomaly_clue_sensor,local_passive_anomaly_observation_for_gp_only,local_grid_disk_from_holoocean_location_sensor_pose,scene_registered_static_passive_anomaly_source_not_detection_truth,sv0,"[-304.8385925292969, 220.7735137939453, 0.18514417111873627]","[18, 10]",2,"[21, 8]","[-320.0, 190.0]",0.4878602283467746,0.03,0.4869928290922412,58.83026432033092,"[-270.0, 221.0, 0.5]",True,True,False,False,False,False,False,False,False,False
phase5e_bridge_clue_sensor_realized_search,calibration,15,post_step_holoocean_pose,phase5e_passive_anomaly_clue_sensor,local_passive_anomaly_observation_for_gp_only,local_grid_disk_from_holoocean_location_sensor_pose,scene_registered_static_passive_anomaly_source_not_detection_truth,sv0,"[-304.8385925292969, 220.7735137939453, 0.18514417111873627]","[18, 10]",3,"[14, 9]","[-310.0, 260.0]",0.6194160143308762,0.03,0.5594895826376259,55.86591089385369,"[-270.0, 221.0, 0.5]",True,True,False,False,False,False,False,False,False,False
phase5e_bridge_clue_sensor_realized_search,calibration,15,post_step_holoocean_pose,phase5e_passive_anomaly_clue_sensor,local_passive_anomaly_observation_for_gp_only,local_grid_disk_from_holoocean_location_sensor_pose,scene_registered_static_passive_anomaly_source_not_detection_truth,sv0,"[-304.8385925292969, 220.7735137939453, 0.18514417111873627]","[18, 10]",4,"[21, 9]","[-310.0, 190.0]",0.6957778187988584,0.03,0.7031683501880788,50.60632371551998,"[-270.0, 221.0, 0.5]",True,True,False,False,False,False,False,False,False,False
phase5e_bridge_clue_sensor_realized_search,calibration,15,post_step_holoocean_pose,phase5e_passive_anomaly_clue_sensor,local_passive_anomaly_observation_for_gp_only,local_grid_disk_from_holoocean_location_sensor_pose,scene_registered_static_passive_anomaly_source_not_detection_truth,sv0,"[-304.8385925292969, 220.7735137939453, 0.18514417111873627]","[18, 10]",5,"[19, 7]","[-330.0, 210.0]",0.4425956942819887,0.03,0.43795972291715046,61.0,"[-270.0, 221.0, 0.5]",True,True,False,False,False,False,False,False,False,False
phase5e_bridge_clue_sensor_realized_search,calibration,15,post_step_holoocean_pose,phase5e_passive_anomaly_clue_sensor,local_passive_anomaly_observation_for_gp_only,local_grid_disk_from_holoocean_location_sensor_pose,scene_registered_static_passive_anomaly_source_not_detection_truth,sv1,"[-378.6703796386719, -97.1435317993164, 0.1741124987602234]","[50, 2]",0,"[50, 2]","[-380.0, -100.0]",0.0308711856457002,0.03,7.776509622026357e-21,339.32432862970495,"[-270.0, 221.0, 0.5]",True,True,False,False,False,False,False,False,False,False
phase5e_bridge_clue_sensor_realized_search,calibration,15,post_step_holoocean_pose,phase5e_passive_anomaly_clue_sensor,local_passive_anomaly_observation_for_gp_only,local_grid_disk_from_holoocean_location_sensor_pose,scene_registered_static_passive_anomaly_source_not_detection_truth,sv1,"[-378.6703796386719, -97.1435317993164, 0.1741124987602234]","[50, 2]",1,"[52, 1]","[-390.0, -120.0]",0.0,0.03,1.368096894429767e-23,361.4982710885351,"[-270.0, 221.0, 0.5]",True,True,False,False,False,False,False,False,False,False
phase5e_bridge_clue_sensor_realized_search,calibration,15,post_step_holoocean_pose,phase5e_passive_anomaly_clue_sensor,local_passive_anomaly_observation_for_gp_only,local_grid_disk_from_holoocean_location_sensor_pose,scene_registered_static_passive_anomaly_source_not_detection_truth,sv1,"[-378.6703796386719, -97.1435317993164, 0.1741124987602234]","[50, 2]",2,"[51, 1]","[-390.0, -110.0]",0.023084443015394474,0.03,2.124831905209494e-22,352.080956599473,"[-270.0, 221.0, 0.5]",True,True,False,False,False,False,False,False,False,False
phase5e_bridge_clue_sensor_realized_search,calibration,15,post_step_holoocean_pose,phase5e_passive_anomaly_clue_sensor,local_passive_anomaly_observation_for_gp_only,local_grid_disk_from_holoocean_location_sensor_pose,scene_registered_static_passive_anomaly_source_not_detection_truth,sv1,"[-378.6703796386719, -97.1435317993164, 0.1741124987602234]","[50, 2]",3,"[53, 3]","[-370.0, -130.0]",0.05303197832432553,0.03,4.891183556897995e-24,364.9671218068828,"[-270.0, 221.0, 0.5]",True,True,False,False,False,False,False,False,False,False
phase5e_bridge_clue_sensor_realized_search,calibration,15,post_step_holoocean_pose,phase5e_passive_anomaly_clue_sensor,local_passive_anomaly_observation_for_gp_only,local_grid_disk_from_holoocean_location_sensor_pose,scene_registered_static_passive_anomaly_source_not_detection_truth,sv1,"[-378.6703796386719, -97.1435317993164, 0.1741124987602234]","[50, 2]",4,"[48, 5]","[-350.0, -80.0]",0.014971111770935307,0.03,1.2774282325818352e-17,311.4498354470588,"[-270.0, 221.0, 0.5]",True,True,False,False,False,False,False,False,False,False
phase5e_bridge_clue_sensor_realized_search,calibration,15,post_step_holoocean_pose,phase5e_passive_anomaly_clue_sensor,local_passive_anomaly_observation_for_gp_only,local_grid_disk_from_holoocean_location_sensor_pose,scene_registered_static_passive_anomaly_source_not_detection_truth,sv1,"[-378.6703796386719, -97.1435317993164, 0.1741124987602234]","[50, 2]",5,"[52, 6]","[-340.0, -120.0]",0.0,0.03,6.608697426282423e-22,348.11061460403647,"[-270.0, 221.0, 0.5]",True,True,False,False,False,False,False,False,False,False
phase5e_bridge_clue_sensor_realized_search,calibration,16,post_step_holoocean_pose,phase5e_passive_anomaly_clue_sensor,local_passive_anomaly_observation_for_gp_only,local_grid_disk_from_holoocean_location_sensor_pose,scene_registered_static_passive_anomaly_source_not_detection_truth,sv0,"[-294.0259704589844, 217.0604248046875, 0.18264231085777283]","[18, 11]",0,"[21, 12]","[-280.0, 190.0]",1.339713426193129,0.03,1.2970415704705662,32.57299494980467,"[-270.0, 221.0, 0.5]",True,True,False,False,False,False,False,False,False,False
phase5e_bridge_clue_sensor_realized_search,calibration,16,post_step_holoocean_pose,phase5e_passive_anomaly_clue_sensor,local_passive_anomaly_observation_for_gp_only,local_grid_disk_from_holoocean_location_sensor_pose,scene_registered_static_passive_anomaly_source_not_detection_truth,sv0,"[-294.0259704589844, 217.0604248046875, 0.18264231085777283]","[18, 11]",1,"[15, 14]","[-260.0, 250.0]",1.3816829925288872,0.03,1.3621516537669875,30.675723300355937,"[-270.0, 221.0, 0.5]",True,True,False,False,False,False,False,False,False,False
phase5e_bridge_clue_sensor_realized_search,calibration,16,post_step_holoocean_pose,phase5e_passive_anomaly_clue_sensor,local_passive_anomaly_observation_for_gp_only,local_grid_disk_from_holoocean_location_sensor_pose,scene_registered_static_passive_anomaly_source_not_detection_truth,sv0,"[-294.0259704589844, 217.0604248046875, 0.18264231085777283]","[18, 11]",2,"[22, 14]","[-260.0, 180.0]",0.9614349876155569,0.03,0.9667729640118553,42.20189569201839,"[-270.0, 221.0, 0.5]",True,True,False,False,False,False,False,False,False,False
phase5e_bridge_clue_sensor_realized_search,calibration,16,post_step_holoocean_pose,phase5e_passive_anomaly_clue_sensor,local_passive_anomaly_observation_for_gp_only,local_grid_disk_from_holoocean_location_sensor_pose,scene_registered_static_passive_anomaly_source_not_detection_truth,sv0,"[-294.0259704589844, 217.0604248046875, 0.18264231085777283]","[18, 11]",3,"[16, 12]","[-280.0, 240.0]",1.6943054596919225,0.03,1.6569588684836807,21.470910553583888,"[-270.0, 221.0, 0.5]",True,True,False,False,False,False,False,False,False,False
phase5e_bridge_clue_sensor_realized_search,calibration,16,post_step_holoocean_pose,phase5e_passive_anomaly_clue_sensor,local_passive_anomaly_observation_for_gp_only,local_grid_disk_from_holoocean_location_sensor_pose,scene_registered_static_passive_anomaly_source_not_detection_truth,sv0,"[-294.0259704589844, 217.0604248046875, 0.18264231085777283]","[18, 11]",4,"[21, 7]","[-330.0, 190.0]",0.34728257948593555,0.03,0.3108373566713398,67.53517601961218,"[-270.0, 221.0, 0.5]",True,True,False,False,False,False,False,False,False,False
phase5e_bridge_clue_sensor_realized_search,calibration,16,post_step_holoocean_pose,phase5e_passive_anomaly_clue_sensor,local_passive_anomaly_observation_for_gp_only,local_grid_disk_from_holoocean_location_sensor_pose,scene_registered_static_passive_anomaly_source_not_detection_truth,sv0,"[-294.0259704589844, 217.0604248046875, 0.18264231085777283]","[18, 11]",5,"[21, 15]","[-250.0, 190.0]",1.1392980259304075,0.03,1.147558883781552,36.89173349139343,"[-270.0, 221.0, 0.5]",True,True,False,False,False,False,False,False,False,False
phase5e_bridge_clue_sensor_realized_search,calibration,16,post_step_holoocean_pose,phase5e_passive_anomaly_clue_sensor,local_passive_anomaly_observation_for_gp_only,local_grid_disk_from_holoocean_location_sensor_pose,scene_registered_static_passive_anomaly_source_not_detection_truth,sv1,"[-381.2986755371094, -106.94677734375, 0.17713621258735657]","[51, 2]",0,"[48, 4]","[-360.0, -80.0]",0.018662653592940854,0.03,6.3824778868438324e-18,314.16715296160413,"[-270.0, 221.0, 0.5]",True,True,False,False,False,False,False,False,False,False
phase5e_bridge_clue_sensor_realized_search,calibration,16,post_step_holoocean_pose,phase5e_passive_anomaly_clue_sensor,local_passive_anomaly_observation_for_gp_only,local_grid_disk_from_holoocean_location_sensor_pose,scene_registered_static_passive_anomaly_source_not_detection_truth,sv1,"[-381.2986755371094, -106.94677734375, 0.17713621258735657]","[51, 2]",1,"[51, 4]","[-360.0, -110.0]",0.05986357447633049,0.03,2.78023699550674e-21,343.0174922653362,"[-270.0, 221.0, 0.5]",True,True,False,False,False,False,False,False,False,False
phase5e_bridge_clue_sensor_realized_search,calibration,16,post_step_holoocean_pose,phase5e_passive_anomaly_clue_sensor,local_passive_anomaly_observation_for_gp_only,local_grid_disk_from_holoocean_location_sensor_pose,scene_registered_static_passive_anomaly_source_not_detection_truth,sv1,"[-381.2986755371094, -106.94677734375, 0.17713621258735657]","[51, 2]",2,"[47, 3]","[-370.0, -70.0]",0.007948933589305627,0.03,3.292962577294514e-17,307.7027786679867,"[-270.0, 221.0, 0.5]",True,True,False,False,False,False,False,False,False,False
phase5e_bridge_clue_sensor_realized_search,calibration,16,post_step_holoocean_pose,phase5e_passive_anomaly_clue_sensor,local_passive_anomaly_observation_for_gp_only,local_grid_disk_from_holoocean_location_sensor_pose,scene_registered_static_passive_anomaly_source_not_detection_truth,sv1,"[-381.2986755371094, -106.94677734375, 0.17713621258735657]","[51, 2]",3,"[47, 5]","[-350.0, -70.0]",0.0,0.03,1.4313102752103422e-16,301.7962889102515,"[-270.0, 221.0, 0.5]",True,True,False,False,False,False,False,False,False,False
phase5e_bridge_clue_sensor_realized_search,calibration,16,post_step_holoocean_pose,phase5e_passive_anomaly_clue_sensor,local_passive_anomaly_observation_for_gp_only,local_grid_disk_from_holoocean_location_sensor_pose,scene_registered_static_passive_anomaly_source_not_detection_truth,sv1,"[-381.2986755371094, -106.94677734375, 0.17713621258735657]","[51, 2]",4,"[53, 2]","[-380.0, -130.0]",0.03037731856991329,0.03,2.075685484769144e-24,367.83284247059834,"[-270.0, 221.0, 0.5]",True,True,False,False,False,False,False,False,False,False
phase5e_bridge_clue_sensor_realized_search,calibration,16,post_step_holoocean_pose,phase5e_passive_anomaly_clue_sensor,local_passive_anomaly_observation_for_gp_only,local_grid_disk_from_holoocean_location_sensor_pose,scene_registered_static_passive_anomaly_source_not_detection_truth,sv1,"[-381.2986755371094, -106.94677734375, 0.17713621258735657]","[51, 2]",5,"[49, 2]","[-380.0, -90.0]",0.007103700258582216,0.03,1.0258579158371078e-19,329.88028131429735,"[-270.0, 221.0, 0.5]",True,True,False,False,False,False,False,False,False,False
phase5e_bridge_clue_sensor_realized_search,calibration,17,post_step_holoocean_pose,phase5e_passive_anomaly_clue_sensor,local_passive_anomaly_observation_for_gp_only,local_grid_disk_from_holoocean_location_sensor_pose,scene_registered_static_passive_anomaly_source_not_detection_truth,sv0,"[-284.7308044433594, 221.5360107421875, 0.19063858687877655]","[18, 12]",0,"[21, 15]","[-250.0, 190.0]",1.1488944877694687,0.03,1.147558883781552,36.89173349139343,"[-270.0, 221.0, 0.5]",True,True,False,False,False,False,False,False,False,False
phase5e_bridge_clue_sensor_realized_search,calibration,17,post_step_holoocean_pose,phase5e_passive_anomaly_clue_sensor,local_passive_anomaly_observation_for_gp_only,local_grid_disk_from_holoocean_location_sensor_pose,scene_registered_static_passive_anomaly_source_not_detection_truth,sv0,"[-284.7308044433594, 221.5360107421875, 0.19063858687877655]","[18, 12]",1,"[16, 16]","[-240.0, 240.0]",1.2084098615512502,0.03,1.195367061925122,35.51056180912941,"[-270.0, 221.0, 0.5]",True,True,False,False,False,False,False,False,False,False
phase5e_bridge_clue_sensor_realized_search,calibration,17,post_step_holoocean_pose,phase5e_passive_anomaly_clue_sensor,local_passive_anomaly_observation_for_gp_only,local_grid_disk_from_holoocean_location_sensor_pose,scene_registered_static_passive_anomaly_source_not_detection_truth,sv0,"[-284.7308044433594, 221.5360107421875, 0.19063858687877655]","[18, 12]",2,"[20, 12]","[-280.0, 200.0]",1.617628590397786,0.03,1.603727895796985,23.259406699226012,"[-270.0, 221.0, 0.5]",True,True,False,False,False,False,False,False,False,False
phase5e_bridge_clue_sensor_realized_search,calibration,17,post_step_holoocean_pose,phase5e_passive_anomaly_clue_sensor,local_passive_anomaly_observation_for_gp_only,local_grid_disk_from_holoocean_location_sensor_pose,scene_registered_static_passive_anomaly_source_not_detection_truth,sv0,"[-284.7308044433594, 221.5360107421875, 0.19063858687877655]","[18, 12]",3,"[21, 11]","[-290.0, 190.0]",1.2140646741698302,0.03,1.147558883781552,36.89173349139343,"[-270.0, 221.0, 0.5]",True,True,False,False,False,False,False,False,False,False
phase5e_bridge_clue_sensor_realized_search,calibration,17,post_step_holoocean_pose,phase5e_passive_anomaly_clue_sensor,local_passive_anomaly_observation_for_gp_only,local_grid_disk_from_holoocean_location_sensor_pose,scene_registered_static_passive_anomaly_source_not_detection_truth,sv0,"[-284.7308044433594, 221.5360107421875, 0.19063858687877655]","[18, 12]",4,"[22, 13]","[-270.0, 180.0]",0.9802247297256684,0.03,1.0070494628835809,41.0,"[-270.0, 221.0, 0.5]",True,True,False,False,False,False,False,False,False,False
phase5e_bridge_clue_sensor_realized_search,calibration,17,post_step_holoocean_pose,phase5e_passive_anomaly_clue_sensor,local_passive_anomaly_observation_for_gp_only,local_grid_disk_from_holoocean_location_sensor_pose,scene_registered_static_passive_anomaly_source_not_detection_truth,sv0,"[-284.7308044433594, 221.5360107421875, 0.19063858687877655]","[18, 12]",5,"[16, 11]","[-290.0, 240.0]",1.4852223504498745,0.03,1.4659960890067907,27.58622844826744,"[-270.0, 221.0, 0.5]",True,True,False,False,False,False,False,False,False,False
phase5e_bridge_clue_sensor_realized_search,calibration,17,post_step_holoocean_pose,phase5e_passive_anomaly_clue_sensor,local_passive_anomaly_observation_for_gp_only,local_grid_disk_from_holoocean_location_sensor_pose,scene_registered_static_passive_anomaly_source_not_detection_truth,sv1,"[-378.099609375, -116.10344696044922, 0.17888161540031433]","[52, 2]",0,"[55, 4]","[-360.0, -150.0]",0.0,0.03,2.9277586060911176e-26,381.7603960601466,"[-270.0, 221.0, 0.5]",True,True,False,False,False,False,False,False,False,False
phase5e_bridge_clue_sensor_realized_search,calibration,17,post_step_holoocean_pose,phase5e_passive_anomaly_clue_sensor,local_passive_anomaly_observation_for_gp_only,local_grid_disk_from_holoocean_location_sensor_pose,scene_registered_static_passive_anomaly_source_not_detection_truth,sv1,"[-378.099609375, -116.10344696044922, 0.17888161540031433]","[52, 2]",1,"[49, 2]","[-380.0, -90.0]",0.026640987137048197,0.03,1.0258579158371078e-19,329.88028131429735,"[-270.0, 221.0, 0.5]",True,True,False,False,False,False,False,False,False,False
phase5e_bridge_clue_sensor_realized_search,calibration,17,post_step_holoocean_pose,phase5e_passive_anomaly_clue_sensor,local_passive_anomaly_observation_for_gp_only,local_grid_disk_from_holoocean_location_sensor_pose,scene_registered_static_passive_anomaly_source_not_detection_truth,sv1,"[-378.099609375, -116.10344696044922, 0.17888161540031433]","[52, 2]",2,"[50, 4]","[-360.0, -100.0]",0.0,0.03,3.9795771544555604e-20,333.3781636520305,"[-270.0, 221.0, 0.5]",True,True,False,False,False,False,False,False,False,False
phase5e_bridge_clue_sensor_realized_search,calibration,17,post_step_holoocean_pose,phase5e_passive_anomaly_clue_sensor,local_passive_anomaly_observation_for_gp_only,local_grid_disk_from_holoocean_location_sensor_pose,scene_registered_static_passive_anomaly_source_not_detection_truth,sv1,"[-378.099609375, -116.10344696044922, 0.17888161540031433]","[52, 2]",3,"[52, 3]","[-370.0, -120.0]",0.03904186519552587,0.03,8.242791108289221e-23,355.3603804590489,"[-270.0, 221.0, 0.5]",True,True,False,False,False,False,False,False,False,False
phase5e_bridge_clue_sensor_realized_search,calibration,17,post_step_holoocean_pose,phase5e_passive_anomaly_clue_sensor,local_passive_anomaly_observation_for_gp_only,local_grid_disk_from_holoocean_location_sensor_pose,scene_registered_static_passive_anomaly_source_not_detection_truth,sv1,"[-378.099609375, -116.10344696044922, 0.17888161540031433]","[52, 2]",4,"[50, 5]","[-350.0, -100.0]",0.025990410421542244,0.03,7.964969563495293e-20,330.8186814555671,"[-270.0, 221.0, 0.5]",True,True,False,False,False,False,False,False,False,False
phase5e_bridge_clue_sensor_realized_search,calibration,17,post_step_holoocean_pose,phase5e_passive_anomaly_clue_sensor,local_passive_anomaly_observation_for_gp_only,local_grid_disk_from_holoocean_location_sensor_pose,scene_registered_static_passive_anomaly_source_not_detection_truth,sv1,"[-378.099609375, -116.10344696044922, 0.17888161540031433]","[52, 2]",5,"[50, 1]","[-390.0, -100.0]",0.029741093749467283,0.03,3.0414430570832554e-21,342.6966588690354,"[-270.0, 221.0, 0.5]",True,True,False,False,False,False,False,False,False,False
phase5e_bridge_clue_sensor_realized_search,calibration,18,post_step_holoocean_pose,phase5e_passive_anomaly_clue_sensor,local_passive_anomaly_observation_for_gp_only,local_grid_disk_from_holoocean_location_sensor_pose,scene_registered_static_passive_anomaly_source_not_detection_truth,sv0,"[-274.9480895996094, 219.38795471191406, 0.18382613360881805]","[18, 13]",0,"[17, 14]","[-260.0, 230.0]",1.8630839465990447,0.03,1.8575708314099897,13.453624047073712,"[-270.0, 221.0, 0.5]",True,True,False,False,False,False,False,False,False,False
phase5e_bridge_clue_sensor_realized_search,calibration,18,post_step_holoocean_pose,phase5e_passive_anomaly_clue_sensor,local_passive_anomaly_observation_for_gp_only,local_grid_disk_from_holoocean_location_sensor_pose,scene_registered_static_passive_anomaly_source_not_detection_truth,sv0,"[-274.9480895996094, 219.38795471191406, 0.18382613360881805]","[18, 13]",1,"[15, 16]","[-240.0, 250.0]",0.9846290937323137,0.03,0.9826865658710991,41.725292090050125,"[-270.0, 221.0, 0.5]",True,True,False,False,False,False,False,False,False,False
phase5e_bridge_clue_sensor_realized_search,calibration,18,post_step_holoocean_pose,phase5e_passive_anomaly_clue_sensor,local_passive_anomaly_observation_for_gp_only,local_grid_disk_from_holoocean_location_sensor_pose,scene_registered_static_passive_anomaly_source_not_detection_truth,sv0,"[-274.9480895996094, 219.38795471191406, 0.18382613360881805]","[18, 13]",2,"[14, 12]","[-280.0, 260.0]",1.0586164173504387,0.03,1.032016368103211,40.2616442783948,"[-270.0, 221.0, 0.5]",True,True,False,False,False,False,False,False,False,False
phase5e_bridge_clue_sensor_realized_search,calibration,18,post_step_holoocean_pose,phase5e_passive_anomaly_clue_sensor,local_passive_anomaly_observation_for_gp_only,local_grid_disk_from_holoocean_location_sensor_pose,scene_registered_static_passive_anomaly_source_not_detection_truth,sv0,"[-274.9480895996094, 219.38795471191406, 0.18382613360881805]","[18, 13]",3,"[14, 14]","[-260.0, 260.0]",1.0582645506891173,0.03,1.032016368103211,40.2616442783948,"[-270.0, 221.0, 0.5]",True,True,False,False,False,False,False,False,False,False
phase5e_bridge_clue_sensor_realized_search,calibration,18,post_step_holoocean_pose,phase5e_passive_anomaly_clue_sensor,local_passive_anomaly_observation_for_gp_only,local_grid_disk_from_holoocean_location_sensor_pose,scene_registered_static_passive_anomaly_source_not_detection_truth,sv0,"[-274.9480895996094, 219.38795471191406, 0.18382613360881805]","[18, 13]",4,"[21, 15]","[-250.0, 190.0]",1.1554504553033231,0.03,1.147558883781552,36.89173349139343,"[-270.0, 221.0, 0.5]",True,True,False,False,False,False,False,False,False,False
phase5e_bridge_clue_sensor_realized_search,calibration,18,post_step_holoocean_pose,phase5e_passive_anomaly_clue_sensor,local_passive_anomaly_observation_for_gp_only,local_grid_disk_from_holoocean_location_sensor_pose,scene_registered_static_passive_anomaly_source_not_detection_truth,sv0,"[-274.9480895996094, 219.38795471191406, 0.18382613360881805]","[18, 13]",5,"[14, 15]","[-250.0, 260.0]",0.9309776331595017,0.03,0.9130775592606095,43.82921400162225,"[-270.0, 221.0, 0.5]",True,True,False,False,False,False,False,False,False,False
phase5e_bridge_clue_sensor_realized_search,calibration,18,post_step_holoocean_pose,phase5e_passive_anomaly_clue_sensor,local_passive_anomaly_observation_for_gp_only,local_grid_disk_from_holoocean_location_sensor_pose,scene_registered_static_passive_anomaly_source_not_detection_truth,sv1,"[-374.1461181640625, -119.37433624267578, 0.1876116394996643]","[52, 3]",0,"[54, 2]","[-380.0, -140.0]",0.0,0.03,1.1351378499374045e-25,377.3870692008406,"[-270.0, 221.0, 0.5]",True,True,False,False,False,False,False,False,False,False
phase5e_bridge_clue_sensor_realized_search,calibration,18,post_step_holoocean_pose,phase5e_passive_anomaly_clue_sensor,local_passive_anomaly_observation_for_gp_only,local_grid_disk_from_holoocean_location_sensor_pose,scene_registered_static_passive_anomaly_source_not_detection_truth,sv1,"[-374.1461181640625, -119.37433624267578, 0.1876116394996643]","[52, 3]",1,"[56, 1]","[-390.0, -160.0]",0.0694769118991759,0.03,1.0393453137099452e-28,399.4508730745246,"[-270.0, 221.0, 0.5]",True,True,False,False,False,False,False,False,False,False
phase5e_bridge_clue_sensor_realized_search,calibration,18,post_step_holoocean_pose,phase5e_passive_anomaly_clue_sensor,local_passive_anomaly_observation_for_gp_only,local_grid_disk_from_holoocean_location_sensor_pose,scene_registered_static_passive_anomaly_source_not_detection_truth,sv1,"[-374.1461181640625, -119.37433624267578, 0.1876116394996643]","[52, 3]",2,"[57, 3]","[-370.0, -170.0]",0.0,0.03,2.680689563018635e-29,403.5851830778727,"[-270.0, 221.0, 0.5]",True,True,False,False,False,False,False,False,False,False
phase5e_bridge_clue_sensor_realized_search,calibration,18,post_step_holoocean_pose,phase5e_passive_anomaly_clue_sensor,local_passive_anomaly_observation_for_gp_only,local_grid_disk_from_holoocean_location_sensor_pose,scene_registered_static_passive_anomaly_source_not_detection_truth,sv1,"[-374.1461181640625, -119.37433624267578, 0.1876116394996643]","[52, 3]",3,"[52, 2]","[-380.0, -120.0]",0.02230265774590584,0.03,3.498016718945293e-23,358.3029444478513,"[-270.0, 221.0, 0.5]",True,True,False,False,False,False,False,False,False,False
phase5e_bridge_clue_sensor_realized_search,calibration,18,post_step_holoocean_pose,phase5e_passive_anomaly_clue_sensor,local_passive_anomaly_observation_for_gp_only,local_grid_disk_from_holoocean_location_sensor_pose,scene_registered_static_passive_anomaly_source_not_detection_truth,sv1,"[-374.1461181640625, -119.37433624267578, 0.1876116394996643]","[52, 3]",4,"[51, 7]","[-330.0, -110.0]",0.0,0.03,1.7448799821206835e-20,336.3941140983296,"[-270.0, 221.0, 0.5]",True,True,False,False,False,False,False,False,False,False
phase5e_bridge_clue_sensor_realized_search,calibration,18,post_step_holoocean_pose,phase5e_passive_anomaly_clue_sensor,local_passive_anomaly_observation_for_gp_only,local_grid_disk_from_holoocean_location_sensor_pose,scene_registered_static_passive_anomaly_source_not_detection_truth,sv1,"[-374.1461181640625, -119.37433624267578, 0.1876116394996643]","[52, 3]",5,"[55, 1]","[-390.0, -150.0]",0.029171756097031716,0.03,2.237577194688114e-27,389.9243516375965,"[-270.0, 221.0, 0.5]",True,True,False,False,False,False,False,False,False,False
phase5e_bridge_clue_sensor_realized_search,calibration,19,post_step_holoocean_pose,phase5e_passive_anomaly_clue_sensor,local_passive_anomaly_observation_for_gp_only,local_grid_disk_from_holoocean_location_sensor_pose,scene_registered_static_passive_anomaly_source_not_detection_truth,sv0,"[-263.1275939941406, 216.17184448242188, 0.1868145763874054]","[18, 14]",0,"[16, 18]","[-220.0, 240.0]",0.607354108039317,0.03,0.6221289320430907,53.48831648126533,"[-270.0, 221.0, 0.5]",True,True,False,False,False,False,False,False,False,False
phase5e_bridge_clue_sensor_realized_search,calibration,19,post_step_holoocean_pose,phase5e_passive_anomaly_clue_sensor,local_passive_anomaly_observation_for_gp_only,local_grid_disk_from_holoocean_location_sensor_pose,scene_registered_static_passive_anomaly_source_not_detection_truth,sv0,"[-263.1275939941406, 216.17184448242188, 0.1868145763874054]","[18, 14]",1,"[15, 10]","[-300.0, 250.0]",0.9848521218270322,0.03,0.9826865658710991,41.725292090050125,"[-270.0, 221.0, 0.5]",True,True,False,False,False,False,False,False,False,False
phase5e_bridge_clue_sensor_realized_search,calibration,19,post_step_holoocean_pose,phase5e_passive_anomaly_clue_sensor,local_passive_anomaly_observation_for_gp_only,local_grid_disk_from_holoocean_location_sensor_pose,scene_registered_static_passive_anomaly_source_not_detection_truth,sv0,"[-263.1275939941406, 216.17184448242188, 0.1868145763874054]","[18, 14]",2,"[19, 15]","[-250.0, 210.0]",1.6297069949804688,0.03,1.6168731331204982,22.825424421026653,"[-270.0, 221.0, 0.5]",True,True,False,False,False,False,False,False,False,False
phase5e_bridge_clue_sensor_realized_search,calibration,19,post_step_holoocean_pose,phase5e_passive_anomaly_clue_sensor,local_passive_anomaly_observation_for_gp_only,local_grid_disk_from_holoocean_location_sensor_pose,scene_registered_static_passive_anomaly_source_not_detection_truth,sv0,"[-263.1275939941406, 216.17184448242188, 0.1868145763874054]","[18, 14]",3,"[20, 18]","[-220.0, 200.0]",0.5639742645076443,0.03,0.6021426011696549,54.230987451824994,"[-270.0, 221.0, 0.5]",True,True,False,False,False,False,False,False,False,False
phase5e_bridge_clue_sensor_realized_search,calibration,19,post_step_holoocean_pose,phase5e_passive_anomaly_clue_sensor,local_passive_anomaly_observation_for_gp_only,local_grid_disk_from_holoocean_location_sensor_pose,scene_registered_static_passive_anomaly_source_not_detection_truth,sv0,"[-263.1275939941406, 216.17184448242188, 0.1868145763874054]","[18, 14]",4,"[17, 14]","[-260.0, 230.0]",1.9044569599991519,0.03,1.8575708314099897,13.453624047073712,"[-270.0, 221.0, 0.5]",True,True,False,False,False,False,False,False,False,False
phase5e_bridge_clue_sensor_realized_search,calibration,19,post_step_holoocean_pose,phase5e_passive_anomaly_clue_sensor,local_passive_anomaly_observation_for_gp_only,local_grid_disk_from_holoocean_location_sensor_pose,scene_registered_static_passive_anomaly_source_not_detection_truth,sv0,"[-263.1275939941406, 216.17184448242188, 0.1868145763874054]","[18, 14]",5,"[15, 17]","[-230.0, 250.0]",0.8057927018111168,0.03,0.7384666404622623,49.4064773081425,"[-270.0, 221.0, 0.5]",True,True,False,False,False,False,False,False,False,False
phase5e_bridge_clue_sensor_realized_search,calibration,19,post_step_holoocean_pose,phase5e_passive_anomaly_clue_sensor,local_passive_anomaly_observation_for_gp_only,local_grid_disk_from_holoocean_location_sensor_pose,scene_registered_static_passive_anomaly_source_not_detection_truth,sv1,"[-362.4066467285156, -117.40322875976562, 0.1871204376220703]","[52, 4]",0,"[52, 3]","[-370.0, -120.0]",0.030333688869770625,0.03,8.242791108289221e-23,355.3603804590489,"[-270.0, 221.0, 0.5]",True,True,False,False,False,False,False,False,False,False
phase5e_bridge_clue_sensor_realized_search,calibration,19,post_step_holoocean_pose,phase5e_passive_anomaly_clue_sensor,local_passive_anomaly_observation_for_gp_only,local_grid_disk_from_holoocean_location_sensor_pose,scene_registered_static_passive_anomaly_source_not_detection_truth,sv1,"[-362.4066467285156, -117.40322875976562, 0.1871204376220703]","[52, 4]",1,"[57, 4]","[-360.0, -170.0]",0.07038223938745072,0.03,5.821653134519092e-29,401.2243761288688,"[-270.0, 221.0, 0.5]",True,True,False,False,False,False,False,False,False,False
phase5e_bridge_clue_sensor_realized_search,calibration,19,post_step_holoocean_pose,phase5e_passive_anomaly_clue_sensor,local_passive_anomaly_observation_for_gp_only,local_grid_disk_from_holoocean_location_sensor_pose,scene_registered_static_passive_anomaly_source_not_detection_truth,sv1,"[-362.4066467285156, -117.40322875976562, 0.1871204376220703]","[52, 4]",2,"[56, 5]","[-350.0, -160.0]",0.005930970758841194,0.03,2.7218506591407326e-27,389.30836107127215,"[-270.0, 221.0, 0.5]",True,True,False,False,False,False,False,False,False,False
phase5e_bridge_clue_sensor_realized_search,calibration,19,post_step_holoocean_pose,phase5e_passive_anomaly_clue_sensor,local_passive_anomaly_observation_for_gp_only,local_grid_disk_from_holoocean_location_sensor_pose,scene_registered_static_passive_anomaly_source_not_detection_truth,sv1,"[-362.4066467285156, -117.40322875976562, 0.1871204376220703]","[52, 4]",3,"[51, 5]","[-350.0, -110.0]",0.020638208375274567,0.03,5.564536680416245e-21,340.53046853402117,"[-270.0, 221.0, 0.5]",True,True,False,False,False,False,False,False,False,False
phase5e_bridge_clue_sensor_realized_search,calibration,19,post_step_holoocean_pose,phase5e_passive_anomaly_clue_sensor,local_passive_anomaly_observation_for_gp_only,local_grid_disk_from_holoocean_location_sensor_pose,scene_registered_static_passive_anomaly_source_not_detection_truth,sv1,"[-362.4066467285156, -117.40322875976562, 0.1871204376220703]","[52, 4]",4,"[53, 5]","[-350.0, -130.0]",0.018936037944507204,0.03,2.125988716421992e-23,360.0013888862097,"[-270.0, 221.0, 0.5]",True,True,False,False,False,False,False,False,False,False
phase5e_bridge_clue_sensor_realized_search,calibration,19,post_step_holoocean_pose,phase5e_passive_anomaly_clue_sensor,local_passive_anomaly_observation_for_gp_only,local_grid_disk_from_holoocean_location_sensor_pose,scene_registered_static_passive_anomaly_source_not_detection_truth,sv1,"[-362.4066467285156, -117.40322875976562, 0.1871204376220703]","[52, 4]",5,"[56, 6]","[-340.0, -160.0]",0.050602074148714996,0.03,5.0206375935065234e-27,387.37707727742486,"[-270.0, 221.0, 0.5]",True,True,False,False,False,False,False,False,False,False
phase5e_bridge_clue_sensor_realized_search,calibration,20,post_step_holoocean_pose,phase5e_passive_anomaly_clue_sensor,local_passive_anomaly_observation_for_gp_only,local_grid_disk_from_holoocean_location_sensor_pose,scene_registered_static_passive_anomaly_source_not_detection_truth,sv0,"[-254.76412963867188, 221.4596405029297, 0.1899419128894806]","[18, 15]",0,"[19, 12]","[-280.0, 210.0]",1.8719415735228204,0.03,1.8274893754676276,14.866068747318504,"[-270.0, 221.0, 0.5]",True,True,False,False,False,False,False,False,False,False
phase5e_bridge_clue_sensor_realized_search,calibration,20,post_step_holoocean_pose,phase5e_passive_anomaly_clue_sensor,local_passive_anomaly_observation_for_gp_only,local_grid_disk_from_holoocean_location_sensor_pose,scene_registered_static_passive_anomaly_source_not_detection_truth,sv0,"[-254.76412963867188, 221.4596405029297, 0.1899419128894806]","[18, 15]",1,"[16, 18]","[-220.0, 240.0]",0.6307076392003568,0.03,0.6221289320430907,53.48831648126533,"[-270.0, 221.0, 0.5]",True,True,False,False,False,False,False,False,False,False
phase5e_bridge_clue_sensor_realized_search,calibration,20,post_step_holoocean_pose,phase5e_passive_anomaly_clue_sensor,local_passive_anomaly_observation_for_gp_only,local_grid_disk_from_holoocean_location_sensor_pose,scene_registered_static_passive_anomaly_source_not_detection_truth,sv0,"[-254.76412963867188, 221.4596405029297, 0.1899419128894806]","[18, 15]",2,"[17, 17]","[-230.0, 230.0]",1.048878086673308,0.03,1.0070494628835809,41.0,"[-270.0, 221.0, 0.5]",True,True,False,False,False,False,False,False,False,False
phase5e_bridge_clue_sensor_realized_search,calibration,20,post_step_holoocean_pose,phase5e_passive_anomaly_clue_sensor,local_passive_anomaly_observation_for_gp_only,local_grid_disk_from_holoocean_location_sensor_pose,scene_registered_static_passive_anomaly_source_not_detection_truth,sv0,"[-254.76412963867188, 221.4596405029297, 0.1899419128894806]","[18, 15]",3,"[16, 17]","[-230.0, 240.0]",0.881518831541741,0.03,0.8982912039268486,44.28317965096905,"[-270.0, 221.0, 0.5]",True,True,False,False,False,False,False,False,False,False
phase5e_bridge_clue_sensor_realized_search,calibration,20,post_step_holoocean_pose,phase5e_passive_anomaly_clue_sensor,local_passive_anomaly_observation_for_gp_only,local_grid_disk_from_holoocean_location_sensor_pose,scene_registered_static_passive_anomaly_source_not_detection_truth,sv0,"[-254.76412963867188, 221.4596405029297, 0.1899419128894806]","[18, 15]",4,"[21, 18]","[-220.0, 190.0]",0.5188203686990885,0.03,0.4869928290922412,58.83026432033092,"[-270.0, 221.0, 0.5]",True,True,False,False,False,False,False,False,False,False
phase5e_bridge_clue_sensor_realized_search,calibration,20,post_step_holoocean_pose,phase5e_passive_anomaly_clue_sensor,local_passive_anomaly_observation_for_gp_only,local_grid_disk_from_holoocean_location_sensor_pose,scene_registered_static_passive_anomaly_source_not_detection_truth,sv0,"[-254.76412963867188, 221.4596405029297, 0.1899419128894806]","[18, 15]",5,"[14, 16]","[-240.0, 260.0]",0.7681015448468684,0.03,0.744519611960616,49.20365840057017,"[-270.0, 221.0, 0.5]",True,True,False,False,False,False,False,False,False,False
phase5e_bridge_clue_sensor_realized_search,calibration,20,post_step_holoocean_pose,phase5e_passive_anomaly_clue_sensor,local_passive_anomaly_observation_for_gp_only,local_grid_disk_from_holoocean_location_sensor_pose,scene_registered_static_passive_anomaly_source_not_detection_truth,sv1,"[-353.83905029296875, -121.81108856201172, 0.18234306573867798]","[52, 5]",0,"[48, 8]","[-320.0, -80.0]",0.0,0.03,6.275703549614504e-17,305.12456472726024,"[-270.0, 221.0, 0.5]",True,True,False,False,False,False,False,False,False,False
phase5e_bridge_clue_sensor_realized_search,calibration,20,post_step_holoocean_pose,phase5e_passive_anomaly_clue_sensor,local_passive_anomaly_observation_for_gp_only,local_grid_disk_from_holoocean_location_sensor_pose,scene_registered_static_passive_anomaly_source_not_detection_truth,sv1,"[-353.83905029296875, -121.81108856201172, 0.18234306573867798]","[52, 5]",1,"[51, 6]","[-340.0, -110.0]",0.037558175462656614,0.03,1.0264164183410214e-20,338.3208536286228,"[-270.0, 221.0, 0.5]",True,True,False,False,False,False,False,False,False,False
phase5e_bridge_clue_sensor_realized_search,calibration,20,post_step_holoocean_pose,phase5e_passive_anomaly_clue_sensor,local_passive_anomaly_observation_for_gp_only,local_grid_disk_from_holoocean_location_sensor_pose,scene_registered_static_passive_anomaly_source_not_detection_truth,sv1,"[-353.83905029296875, -121.81108856201172, 0.18234306573867798]","[52, 5]",2,"[55, 4]","[-360.0, -150.0]",0.041006938504271784,0.03,2.9277586060911176e-26,381.7603960601466,"[-270.0, 221.0, 0.5]",True,True,False,False,False,False,False,False,False,False
phase5e_bridge_clue_sensor_realized_search,calibration,20,post_step_holoocean_pose,phase5e_passive_anomaly_clue_sensor,local_passive_anomaly_observation_for_gp_only,local_grid_disk_from_holoocean_location_sensor_pose,scene_registered_static_passive_anomaly_source_not_detection_truth,sv1,"[-353.83905029296875, -121.81108856201172, 0.18234306573867798]","[52, 5]",3,"[49, 8]","[-320.0, -90.0]",0.03451069956898008,0.03,5.1619349913044364e-18,314.99365072966157,"[-270.0, 221.0, 0.5]",True,True,False,False,False,False,False,False,False,False
phase5e_bridge_clue_sensor_realized_search,calibration,20,post_step_holoocean_pose,phase5e_passive_anomaly_clue_sensor,local_passive_anomaly_observation_for_gp_only,local_grid_disk_from_holoocean_location_sensor_pose,scene_registered_static_passive_anomaly_source_not_detection_truth,sv1,"[-353.83905029296875, -121.81108856201172, 0.18234306573867798]","[52, 5]",4,"[48, 4]","[-360.0, -80.0]",0.01654075073392711,0.03,6.3824778868438324e-18,314.16715296160413,"[-270.0, 221.0, 0.5]",True,True,False,False,False,False,False,False,False,False
phase5e_bridge_clue_sensor_realized_search,calibration,20,post_step_holoocean_pose,phase5e_passive_anomaly_clue_sensor,local_passive_anomaly_observation_for_gp_only,local_grid_disk_from_holoocean_location_sensor_pose,scene_registered_static_passive_anomaly_source_not_detection_truth,sv1,"[-353.83905029296875, -121.81108856201172, 0.18234306573867798]","[52, 5]",5,"[52, 6]","[-340.0, -120.0]",0.03870409862595982,0.03,6.608697426282423e-22,348.11061460403647,"[-270.0, 221.0, 0.5]",True,True,False,False,False,False,False,False,False,False
phase5e_bridge_clue_sensor_realized_search,target,0,initial_holoocean_pose,phase5e_passive_anomaly_clue_sensor,local_passive_anomaly_observation_for_gp_only,local_grid_disk_from_holoocean_location_sensor_pose,scene_registered_static_passive_anomaly_source_not_detection_truth,sv0,"[-380.0, 150.0, 0.11978454142808914]","[25, 2]",0,"[23, 3]","[-370.0, 170.0]",0.0,0.03,0.011677187514578925,112.25417586887359,"[-270.0, 221.0, 0.5]",True,True,False,False,False,False,False,False,False,False
phase5e_bridge_clue_sensor_realized_search,target,0,initial_holoocean_pose,phase5e_passive_anomaly_clue_sensor,local_passive_anomaly_observation_for_gp_only,local_grid_disk_from_holoocean_location_sensor_pose,scene_registered_static_passive_anomaly_source_not_detection_truth,sv0,"[-380.0, 150.0, 0.11978454142808914]","[25, 2]",1,"[20, 2]","[-380.0, 200.0]",0.06699472704316545,0.03,0.011966689912081361,111.98660634200861,"[-270.0, 221.0, 0.5]",True,True,False,False,False,False,False,False,False,False
phase5e_bridge_clue_sensor_realized_search,target,0,initial_holoocean_pose,phase5e_passive_anomaly_clue_sensor,local_passive_anomaly_observation_for_gp_only,local_grid_disk_from_holoocean_location_sensor_pose,scene_registered_static_passive_anomaly_source_not_detection_truth,sv0,"[-380.0, 150.0, 0.11978454142808914]","[25, 2]",2,"[24, 5]","[-350.0, 160.0]",0.07348373220746401,0.03,0.03213295218382493,100.60318086422515,"[-270.0, 221.0, 0.5]",True,True,False,False,False,False,False,False,False,False
phase5e_bridge_clue_sensor_realized_search,target,0,initial_holoocean_pose,phase5e_passive_anomaly_clue_sensor,local_passive_anomaly_observation_for_gp_only,local_grid_disk_from_holoocean_location_sensor_pose,scene_registered_static_passive_anomaly_source_not_detection_truth,sv0,"[-380.0, 150.0, 0.11978454142808914]","[25, 2]",3,"[26, 1]","[-390.0, 140.0]",0.0,0.03,0.0003849631188262323,144.77914214416384,"[-270.0, 221.0, 0.5]",True,True,False,False,False,False,False,False,False,False
phase5e_bridge_clue_sensor_realized_search,target,0,initial_holoocean_pose,phase5e_passive_anomaly_clue_sensor,local_passive_anomaly_observation_for_gp_only,local_grid_disk_from_holoocean_location_sensor_pose,scene_registered_static_passive_anomaly_source_not_detection_truth,sv0,"[-380.0, 150.0, 0.11978454142808914]","[25, 2]",4,"[25, 2]","[-380.0, 150.0]",0.052219318657614,0.03,0.001830475792441326,130.92364186807515,"[-270.0, 221.0, 0.5]",True,True,False,False,False,False,False,False,False,False
phase5e_bridge_clue_sensor_realized_search,target,0,initial_holoocean_pose,phase5e_passive_anomaly_clue_sensor,local_passive_anomaly_observation_for_gp_only,local_grid_disk_from_holoocean_location_sensor_pose,scene_registered_static_passive_anomaly_source_not_detection_truth,sv0,"[-380.0, 150.0, 0.11978454142808914]","[25, 2]",5,"[27, 2]","[-380.0, 130.0]",0.03159695706882972,0.03,0.0004877886551421189,142.76203977248292,"[-270.0, 221.0, 0.5]",True,True,False,False,False,False,False,False,False,False
phase5e_bridge_clue_sensor_realized_search,target,0,initial_holoocean_pose,phase5e_passive_anomaly_clue_sensor,local_passive_anomaly_observation_for_gp_only,local_grid_disk_from_holoocean_location_sensor_pose,scene_registered_static_passive_anomaly_source_not_detection_truth,sv1,"[-380.0, 50.0, 0.12785400450229645]","[35, 2]",0,"[36, 5]","[-350.0, 40.0]",0.02446409514923033,0.03,2.2868176963731407e-07,197.89138435010253,"[-270.0, 221.0, 0.5]",True,True,False,False,False,False,False,False,False,False
phase5e_bridge_clue_sensor_realized_search,target,0,initial_holoocean_pose,phase5e_passive_anomaly_clue_sensor,local_passive_anomaly_observation_for_gp_only,local_grid_disk_from_holoocean_location_sensor_pose,scene_registered_static_passive_anomaly_source_not_detection_truth,sv1,"[-380.0, 50.0, 0.12785400450229645]","[35, 2]",1,"[31, 4]","[-360.0, 90.0]",0.08880121786891385,0.03,6.655611947298582e-05,158.93709447451215,"[-270.0, 221.0, 0.5]",True,True,False,False,False,False,False,False,False,False
phase5e_bridge_clue_sensor_realized_search,target,0,initial_holoocean_pose,phase5e_passive_anomaly_clue_sensor,local_passive_anomaly_observation_for_gp_only,local_grid_disk_from_holoocean_location_sensor_pose,scene_registered_static_passive_anomaly_source_not_detection_truth,sv1,"[-380.0, 50.0, 0.12785400450229645]","[35, 2]",2,"[35, 7]","[-330.0, 50.0]",0.017786179932752333,0.03,3.016713345606893e-06,181.22085972646747,"[-270.0, 221.0, 0.5]",True,True,False,False,False,False,False,False,False,False
phase5e_bridge_clue_sensor_realized_search,target,0,initial_holoocean_pose,phase5e_passive_anomaly_clue_sensor,local_passive_anomaly_observation_for_gp_only,local_grid_disk_from_holoocean_location_sensor_pose,scene_registered_static_passive_anomaly_source_not_detection_truth,sv1,"[-380.0, 50.0, 0.12785400450229645]","[35, 2]",3,"[35, 6]","[-340.0, 50.0]",0.014736905296411133,0.03,1.7745656658838414e-06,184.77283350103173,"[-270.0, 221.0, 0.5]",True,True,False,False,False,False,False,False,False,False
phase5e_bridge_clue_sensor_realized_search,target,0,initial_holoocean_pose,phase5e_passive_anomaly_clue_sensor,local_passive_anomaly_observation_for_gp_only,local_grid_disk_from_holoocean_location_sensor_pose,scene_registered_static_passive_anomaly_source_not_detection_truth,sv1,"[-380.0, 50.0, 0.12785400450229645]","[35, 2]",4,"[39, 5]","[-350.0, 10.0]",0.030387410371693853,0.03,1.8819931188373657e-09,225.65681908597398,"[-270.0, 221.0, 0.5]",True,True,False,False,False,False,False,False,False,False
phase5e_bridge_clue_sensor_realized_search,target,0,initial_holoocean_pose,phase5e_passive_anomaly_clue_sensor,local_passive_anomaly_observation_for_gp_only,local_grid_disk_from_holoocean_location_sensor_pose,scene_registered_static_passive_anomaly_source_not_detection_truth,sv1,"[-380.0, 50.0, 0.12785400450229645]","[35, 2]",5,"[33, 5]","[-350.0, 70.0]",0.058495794259057474,0.03,1.3328201826041297e-05,170.88300090997936,"[-270.0, 221.0, 0.5]",True,True,False,False,False,False,False,False,False,False
phase5e_bridge_clue_sensor_realized_search,target,1,post_step_holoocean_pose,phase5e_passive_anomaly_clue_sensor,local_passive_anomaly_observation_for_gp_only,local_grid_disk_from_holoocean_location_sensor_pose,scene_registered_static_passive_anomaly_source_not_detection_truth,sv0,"[-379.467041015625, 155.03981018066406, 0.21570248901844025]","[24, 2]",0,"[21, 5]","[-350.0, 190.0]",0.15584866668344613,0.03,0.09912807130374013,85.79627031520658,"[-270.0, 221.0, 0.5]",True,True,False,False,False,False,False,False,False,False
phase5e_bridge_clue_sensor_realized_search,target,1,post_step_holoocean_pose,phase5e_passive_anomaly_clue_sensor,local_passive_anomaly_observation_for_gp_only,local_grid_disk_from_holoocean_location_sensor_pose,scene_registered_static_passive_anomaly_source_not_detection_truth,sv0,"[-379.467041015625, 155.03981018066406, 0.21570248901844025]","[24, 2]",1,"[28, 2]","[-380.0, 120.0]",0.004570235063977718,0.03,0.00022278535157746362,149.33519344079613,"[-270.0, 221.0, 0.5]",True,True,False,False,False,False,False,False,False,False
phase5e_bridge_clue_sensor_realized_search,target,1,post_step_holoocean_pose,phase5e_passive_anomaly_clue_sensor,local_passive_anomaly_observation_for_gp_only,local_grid_disk_from_holoocean_location_sensor_pose,scene_registered_static_passive_anomaly_source_not_detection_truth,sv0,"[-379.467041015625, 155.03981018066406, 0.21570248901844025]","[24, 2]",2,"[27, 3]","[-370.0, 130.0]",0.0,0.03,0.001149434182962413,135.20724832641184,"[-270.0, 221.0, 0.5]",True,True,False,False,False,False,False,False,False,False
phase5e_bridge_clue_sensor_realized_search,target,1,post_step_holoocean_pose,phase5e_passive_anomaly_clue_sensor,local_passive_anomaly_observation_for_gp_only,local_grid_disk_from_holoocean_location_sensor_pose,scene_registered_static_passive_anomaly_source_not_detection_truth,sv0,"[-379.467041015625, 155.03981018066406, 0.21570248901844025]","[24, 2]",3,"[24, 7]","[-330.0, 160.0]",0.1305152938584043,0.03,0.10075977255990291,85.56284240252891,"[-270.0, 221.0, 0.5]",True,True,False,False,False,False,False,False,False,False
phase5e_bridge_clue_sensor_realized_search,target,1,post_step_holoocean_pose,phase5e_passive_anomaly_clue_sensor,local_passive_anomaly_observation_for_gp_only,local_grid_disk_from_holoocean_location_sensor_pose,scene_registered_static_passive_anomaly_source_not_detection_truth,sv0,"[-379.467041015625, 155.03981018066406, 0.21570248901844025]","[24, 2]",4,"[26, 2]","[-380.0, 140.0]",0.0,0.03,0.0009842924366791803,136.60527076214885,"[-270.0, 221.0, 0.5]",True,True,False,False,False,False,False,False,False,False
phase5e_bridge_clue_sensor_realized_search,target,1,post_step_holoocean_pose,phase5e_passive_anomaly_clue_sensor,local_passive_anomaly_observation_for_gp_only,local_grid_disk_from_holoocean_location_sensor_pose,scene_registered_static_passive_anomaly_source_not_detection_truth,sv0,"[-379.467041015625, 155.03981018066406, 0.21570248901844025]","[24, 2]",5,"[21, 4]","[-360.0, 190.0]",0.06754943860162486,0.03,0.04952784876085531,95.18928511129812,"[-270.0, 221.0, 0.5]",True,True,False,False,False,False,False,False,False,False
phase5e_bridge_clue_sensor_realized_search,target,1,post_step_holoocean_pose,phase5e_passive_anomaly_clue_sensor,local_passive_anomaly_observation_for_gp_only,local_grid_disk_from_holoocean_location_sensor_pose,scene_registered_static_passive_anomaly_source_not_detection_truth,sv1,"[-379.4669494628906, 44.960166931152344, 0.22316932678222656]","[36, 2]",0,"[35, 1]","[-390.0, 50.0]",0.03550207242949885,0.03,3.673610122930136e-08,208.90428430264421,"[-270.0, 221.0, 0.5]",True,True,False,False,False,False,False,False,False,False
phase5e_bridge_clue_sensor_realized_search,target,1,post_step_holoocean_pose,phase5e_passive_anomaly_clue_sensor,local_passive_anomaly_observation_for_gp_only,local_grid_disk_from_holoocean_location_sensor_pose,scene_registered_static_passive_anomaly_source_not_detection_truth,sv1,"[-379.4669494628906, 44.960166931152344, 0.22316932678222656]","[36, 2]",1,"[39, 2]","[-380.0, 10.0]",0.08210249667942934,0.03,1.8374630914224916e-10,237.95167576632028,"[-270.0, 221.0, 0.5]",True,True,False,False,False,False,False,False,False,False
phase5e_bridge_clue_sensor_realized_search,target,1,post_step_holoocean_pose,phase5e_passive_anomaly_clue_sensor,local_passive_anomaly_observation_for_gp_only,local_grid_disk_from_holoocean_location_sensor_pose,scene_registered_static_passive_anomaly_source_not_detection_truth,sv1,"[-379.4669494628906, 44.960166931152344, 0.22316932678222656]","[36, 2]",2,"[33, 1]","[-390.0, 70.0]",0.020345901458253157,0.03,5.089406379279262e-07,192.87560758167427,"[-270.0, 221.0, 0.5]",True,True,False,False,False,False,False,False,False,False
phase5e_bridge_clue_sensor_realized_search,target,1,post_step_holoocean_pose,phase5e_passive_anomaly_clue_sensor,local_passive_anomaly_observation_for_gp_only,local_grid_disk_from_holoocean_location_sensor_pose,scene_registered_static_passive_anomaly_source_not_detection_truth,sv1,"[-379.4669494628906, 44.960166931152344, 0.22316932678222656]","[36, 2]",3,"[33, 6]","[-340.0, 70.0]",0.02639534871937261,0.03,2.4584769526918347e-05,166.43617395265971,"[-270.0, 221.0, 0.5]",True,True,False,False,False,False,False,False,False,False
phase5e_bridge_clue_sensor_realized_search,target,1,post_step_holoocean_pose,phase5e_passive_anomaly_clue_sensor,local_passive_anomaly_observation_for_gp_only,local_grid_disk_from_holoocean_location_sensor_pose,scene_registered_static_passive_anomaly_source_not_detection_truth,sv1,"[-379.4669494628906, 44.960166931152344, 0.22316932678222656]","[36, 2]",4,"[33, 5]","[-350.0, 70.0]",0.009319878521790365,0.03,1.3328201826041297e-05,170.88300090997936,"[-270.0, 221.0, 0.5]",True,True,False,False,False,False,False,False,False,False
phase5e_bridge_clue_sensor_realized_search,target,1,post_step_holoocean_pose,phase5e_passive_anomaly_clue_sensor,local_passive_anomaly_observation_for_gp_only,local_grid_disk_from_holoocean_location_sensor_pose,scene_registered_static_passive_anomaly_source_not_detection_truth,sv1,"[-379.4669494628906, 44.960166931152344, 0.22316932678222656]","[36, 2]",5,"[36, 6]","[-340.0, 40.0]",0.0,0.03,4.2181898765641785e-07,194.06442229321686,"[-270.0, 221.0, 0.5]",True,True,False,False,False,False,False,False,False,False
phase5e_bridge_clue_sensor_realized_search,target,2,post_step_holoocean_pose,phase5e_passive_anomaly_clue_sensor,local_passive_anomaly_observation_for_gp_only,local_grid_disk_from_holoocean_location_sensor_pose,scene_registered_static_passive_anomaly_source_not_detection_truth,sv0,"[-383.8254699707031, 166.84262084960938, 0.18911099433898926]","[23, 2]",0,"[22, 2]","[-380.0, 180.0]",0.0,0.03,0.007213862342878514,117.39250401963493,"[-270.0, 221.0, 0.5]",True,True,False,False,False,False,False,False,False,False
phase5e_bridge_clue_sensor_realized_search,target,2,post_step_holoocean_pose,phase5e_passive_anomaly_clue_sensor,local_passive_anomaly_observation_for_gp_only,local_grid_disk_from_holoocean_location_sensor_pose,scene_registered_static_passive_anomaly_source_not_detection_truth,sv0,"[-383.8254699707031, 166.84262084960938, 0.18911099433898926]","[23, 2]",1,"[21, 5]","[-350.0, 190.0]",0.10802520901893473,0.03,0.09912807130374013,85.79627031520658,"[-270.0, 221.0, 0.5]",True,True,False,False,False,False,False,False,False,False
phase5e_bridge_clue_sensor_realized_search,target,2,post_step_holoocean_pose,phase5e_passive_anomaly_clue_sensor,local_passive_anomaly_observation_for_gp_only,local_grid_disk_from_holoocean_location_sensor_pose,scene_registered_static_passive_anomaly_source_not_detection_truth,sv0,"[-383.8254699707031, 166.84262084960938, 0.18911099433898926]","[23, 2]",2,"[24, 2]","[-380.0, 160.0]",0.042659599001106496,0.03,0.0031372651188383356,125.78155667664478,"[-270.0, 221.0, 0.5]",True,True,False,False,False,False,False,False,False,False
phase5e_bridge_clue_sensor_realized_search,target,2,post_step_holoocean_pose,phase5e_passive_anomaly_clue_sensor,local_passive_anomaly_observation_for_gp_only,local_grid_disk_from_holoocean_location_sensor_pose,scene_registered_static_passive_anomaly_source_not_detection_truth,sv0,"[-383.8254699707031, 166.84262084960938, 0.18911099433898926]","[23, 2]",3,"[20, 6]","[-340.0, 200.0]",0.29652638300163225,0.03,0.2260830612808997,73.08214556237385,"[-270.0, 221.0, 0.5]",True,True,False,False,False,False,False,False,False,False
phase5e_bridge_clue_sensor_realized_search,target,2,post_step_holoocean_pose,phase5e_passive_anomaly_clue_sensor,local_passive_anomaly_observation_for_gp_only,local_grid_disk_from_holoocean_location_sensor_pose,scene_registered_static_passive_anomaly_source_not_detection_truth,sv0,"[-383.8254699707031, 166.84262084960938, 0.18911099433898926]","[23, 2]",4,"[21, 6]","[-340.0, 190.0]",0.25255406134793795,0.03,0.18284843060290093,76.55716818169283,"[-270.0, 221.0, 0.5]",True,True,False,False,False,False,False,False,False,False
phase5e_bridge_clue_sensor_realized_search,target,2,post_step_holoocean_pose,phase5e_passive_anomaly_clue_sensor,local_passive_anomaly_observation_for_gp_only,local_grid_disk_from_holoocean_location_sensor_pose,scene_registered_static_passive_anomaly_source_not_detection_truth,sv0,"[-383.8254699707031, 166.84262084960938, 0.18911099433898926]","[23, 2]",5,"[21, 2]","[-380.0, 190.0]",0.0,0.03,0.009678259209419605,114.28473213863697,"[-270.0, 221.0, 0.5]",True,True,False,False,False,False,False,False,False,False
phase5e_bridge_clue_sensor_realized_search,target,2,post_step_holoocean_pose,phase5e_passive_anomaly_clue_sensor,local_passive_anomaly_observation_for_gp_only,local_grid_disk_from_holoocean_location_sensor_pose,scene_registered_static_passive_anomaly_source_not_detection_truth,sv1,"[-383.825439453125, 33.157325744628906, 0.1949799358844757]","[37, 2]",0,"[37, 6]","[-340.0, 30.0]",0.0,0.03,9.240757315802198e-08,203.423204182807,"[-270.0, 221.0, 0.5]",True,True,False,False,False,False,False,False,False,False
phase5e_bridge_clue_sensor_realized_search,target,2,post_step_holoocean_pose,phase5e_passive_anomaly_clue_sensor,local_passive_anomaly_observation_for_gp_only,local_grid_disk_from_holoocean_location_sensor_pose,scene_registered_static_passive_anomaly_source_not_detection_truth,sv1,"[-383.825439453125, 33.157325744628906, 0.1949799358844757]","[37, 2]",1,"[40, 5]","[-350.0, 0.0]",0.03135733723229389,0.03,3.2273170962583793e-10,235.03404008781365,"[-270.0, 221.0, 0.5]",True,True,False,False,False,False,False,False,False,False
phase5e_bridge_clue_sensor_realized_search,target,2,post_step_holoocean_pose,phase5e_passive_anomaly_clue_sensor,local_passive_anomaly_observation_for_gp_only,local_grid_disk_from_holoocean_location_sensor_pose,scene_registered_static_passive_anomaly_source_not_detection_truth,sv1,"[-383.825439453125, 33.157325744628906, 0.1949799358844757]","[37, 2]",2,"[39, 1]","[-390.0, 10.0]",0.0,0.03,7.186436632476644e-11,242.7364826308563,"[-270.0, 221.0, 0.5]",True,True,False,False,False,False,False,False,False,False
phase5e_bridge_clue_sensor_realized_search,target,2,post_step_holoocean_pose,phase5e_passive_anomaly_clue_sensor,local_passive_anomaly_observation_for_gp_only,local_grid_disk_from_holoocean_location_sensor_pose,scene_registered_static_passive_anomaly_source_not_detection_truth,sv1,"[-383.825439453125, 33.157325744628906, 0.1949799358844757]","[37, 2]",3,"[36, 3]","[-370.0, 40.0]",0.07759915787110155,0.03,5.26119683878114e-08,206.78733036624854,"[-270.0, 221.0, 0.5]",True,True,False,False,False,False,False,False,False,False
phase5e_bridge_clue_sensor_realized_search,target,2,post_step_holoocean_pose,phase5e_passive_anomaly_clue_sensor,local_passive_anomaly_observation_for_gp_only,local_grid_disk_from_holoocean_location_sensor_pose,scene_registered_static_passive_anomaly_source_not_detection_truth,sv1,"[-383.825439453125, 33.157325744628906, 0.1949799358844757]","[37, 2]",4,"[34, 3]","[-370.0, 60.0]",0.003839845405922134,0.03,8.581512486627802e-07,189.52836199366047,"[-270.0, 221.0, 0.5]",True,True,False,False,False,False,False,False,False,False
phase5e_bridge_clue_sensor_realized_search,target,2,post_step_holoocean_pose,phase5e_passive_anomaly_clue_sensor,local_passive_anomaly_observation_for_gp_only,local_grid_disk_from_holoocean_location_sensor_pose,scene_registered_static_passive_anomaly_source_not_detection_truth,sv1,"[-383.825439453125, 33.157325744628906, 0.1949799358844757]","[37, 2]",5,"[39, 2]","[-380.0, 10.0]",0.035279448756102276,0.03,1.8374630914224916e-10,237.95167576632028,"[-270.0, 221.0, 0.5]",True,True,False,False,False,False,False,False,False,False
phase5e_bridge_clue_sensor_realized_search,target,3,post_step_holoocean_pose,phase5e_passive_anomaly_clue_sensor,local_passive_anomaly_observation_for_gp_only,local_grid_disk_from_holoocean_location_sensor_pose,scene_registered_static_passive_anomaly_source_not_detection_truth,sv0,"[-378.4474792480469, 175.28013610839844, 0.1743886023759842]","[22, 2]",0,"[20, 4]","[-360.0, 200.0]",0.054921341407624155,0.03,0.06123874090464268,92.41753080449618,"[-270.0, 221.0, 0.5]",True,True,False,False,False,False,False,False,False,False
phase5e_bridge_clue_sensor_realized_search,target,3,post_step_holoocean_pose,phase5e_passive_anomaly_clue_sensor,local_passive_anomaly_observation_for_gp_only,local_grid_disk_from_holoocean_location_sensor_pose,scene_registered_static_passive_anomaly_source_not_detection_truth,sv0,"[-378.4474792480469, 175.28013610839844, 0.1743886023759842]","[22, 2]",1,"[25, 6]","[-340.0, 150.0]",0.05875343992282917,0.03,0.03458262675778955,99.70456358662827,"[-270.0, 221.0, 0.5]",True,True,False,False,False,False,False,False,False,False
phase5e_bridge_clue_sensor_realized_search,target,3,post_step_holoocean_pose,phase5e_passive_anomaly_clue_sensor,local_passive_anomaly_observation_for_gp_only,local_grid_disk_from_holoocean_location_sensor_pose,scene_registered_static_passive_anomaly_source_not_detection_truth,sv0,"[-378.4474792480469, 175.28013610839844, 0.1743886023759842]","[22, 2]",2,"[22, 4]","[-360.0, 180.0]",0.013888447597164184,0.03,0.036916461459513134,98.89893831583835,"[-270.0, 221.0, 0.5]",True,True,False,False,False,False,False,False,False,False
phase5e_bridge_clue_sensor_realized_search,target,3,post_step_holoocean_pose,phase5e_passive_anomaly_clue_sensor,local_passive_anomaly_observation_for_gp_only,local_grid_disk_from_holoocean_location_sensor_pose,scene_registered_static_passive_anomaly_source_not_detection_truth,sv0,"[-378.4474792480469, 175.28013610839844, 0.1743886023759842]","[22, 2]",3,"[17, 2]","[-380.0, 230.0]",0.07063674978459253,0.03,0.013860814036762545,110.36756769993622,"[-270.0, 221.0, 0.5]",True,True,False,False,False,False,False,False,False,False
phase5e_bridge_clue_sensor_realized_search,target,3,post_step_holoocean_pose,phase5e_passive_anomaly_clue_sensor,local_passive_anomaly_observation_for_gp_only,local_grid_disk_from_holoocean_location_sensor_pose,scene_registered_static_passive_anomaly_source_not_detection_truth,sv0,"[-378.4474792480469, 175.28013610839844, 0.1743886023759842]","[22, 2]",4,"[20, 2]","[-380.0, 200.0]",0.02862596566298626,0.03,0.011966689912081361,111.98660634200861,"[-270.0, 221.0, 0.5]",True,True,False,False,False,False,False,False,False,False
phase5e_bridge_clue_sensor_realized_search,target,3,post_step_holoocean_pose,phase5e_passive_anomaly_clue_sensor,local_passive_anomaly_observation_for_gp_only,local_grid_disk_from_holoocean_location_sensor_pose,scene_registered_static_passive_anomaly_source_not_detection_truth,sv0,"[-378.4474792480469, 175.28013610839844, 0.1743886023759842]","[22, 2]",5,"[21, 3]","[-370.0, 190.0]",0.03320636365855808,0.03,0.022806028491245894,104.69479452198185,"[-270.0, 221.0, 0.5]",True,True,False,False,False,False,False,False,False,False
phase5e_bridge_clue_sensor_realized_search,target,3,post_step_holoocean_pose,phase5e_passive_anomaly_clue_sensor,local_passive_anomaly_observation_for_gp_only,local_grid_disk_from_holoocean_location_sensor_pose,scene_registered_static_passive_anomaly_source_not_detection_truth,sv1,"[-378.44744873046875, 24.719833374023438, 0.1811545044183731]","[38, 2]",0,"[41, 3]","[-370.0, -10.0]",0.03346283021334326,0.03,1.1734528428223732e-11,251.71610993339303,"[-270.0, 221.0, 0.5]",True,True,False,False,False,False,False,False,False,False
phase5e_bridge_clue_sensor_realized_search,target,3,post_step_holoocean_pose,phase5e_passive_anomaly_clue_sensor,local_passive_anomaly_observation_for_gp_only,local_grid_disk_from_holoocean_location_sensor_pose,scene_registered_static_passive_anomaly_source_not_detection_truth,sv1,"[-378.44744873046875, 24.719833374023438, 0.1811545044183731]","[38, 2]",1,"[34, 2]","[-380.0, 60.0]",0.02863239266005764,0.03,3.64176087416253e-07,194.9897433200013,"[-270.0, 221.0, 0.5]",True,True,False,False,False,False,False,False,False,False
phase5e_bridge_clue_sensor_realized_search,target,3,post_step_holoocean_pose,phase5e_passive_anomaly_clue_sensor,local_passive_anomaly_observation_for_gp_only,local_grid_disk_from_holoocean_location_sensor_pose,scene_registered_static_passive_anomaly_source_not_detection_truth,sv1,"[-378.44744873046875, 24.719833374023438, 0.1811545044183731]","[38, 2]",2,"[41, 6]","[-340.0, -10.0]",0.05247426137125999,0.03,9.408214620925616e-11,241.37315509393332,"[-270.0, 221.0, 0.5]",True,True,False,False,False,False,False,False,False,False
phase5e_bridge_clue_sensor_realized_search,target,3,post_step_holoocean_pose,phase5e_passive_anomaly_clue_sensor,local_passive_anomaly_observation_for_gp_only,local_grid_disk_from_holoocean_location_sensor_pose,scene_registered_static_passive_anomaly_source_not_detection_truth,sv1,"[-378.44744873046875, 24.719833374023438, 0.1811545044183731]","[38, 2]",3,"[38, 1]","[-390.0, 20.0]",0.008821516243249311,0.03,3.8622233244952444e-10,234.09613409879285,"[-270.0, 221.0, 0.5]",True,True,False,False,False,False,False,False,False,False
phase5e_bridge_clue_sensor_realized_search,target,3,post_step_holoocean_pose,phase5e_passive_anomaly_clue_sensor,local_passive_anomaly_observation_for_gp_only,local_grid_disk_from_holoocean_location_sensor_pose,scene_registered_static_passive_anomaly_source_not_detection_truth,sv1,"[-378.44744873046875, 24.719833374023438, 0.1811545044183731]","[38, 2]",4,"[37, 6]","[-340.0, 30.0]",0.06423620424774787,0.03,9.240757315802198e-08,203.423204182807,"[-270.0, 221.0, 0.5]",True,True,False,False,False,False,False,False,False,False
phase5e_bridge_clue_sensor_realized_search,target,3,post_step_holoocean_pose,phase5e_passive_anomaly_clue_sensor,local_passive_anomaly_observation_for_gp_only,local_grid_disk_from_holoocean_location_sensor_pose,scene_registered_static_passive_anomaly_source_not_detection_truth,sv1,"[-378.44744873046875, 24.719833374023438, 0.1811545044183731]","[38, 2]",5,"[42, 1]","[-390.0, -20.0]",0.0,0.03,2.836786101108786e-13,269.22295593058186,"[-270.0, 221.0, 0.5]",True,True,False,False,False,False,False,False,False,False
phase5e_bridge_clue_sensor_realized_search,target,4,post_step_holoocean_pose,phase5e_passive_anomaly_clue_sensor,local_passive_anomaly_observation_for_gp_only,local_grid_disk_from_holoocean_location_sensor_pose,scene_registered_static_passive_anomaly_source_not_detection_truth,sv0,"[-379.2996826171875, 185.1142578125, 0.16484935581684113]","[21, 2]",0,"[20, 6]","[-340.0, 200.0]",0.26456488050542826,0.03,0.2260830612808997,73.08214556237385,"[-270.0, 221.0, 0.5]",True,True,False,False,False,False,False,False,False,False
phase5e_bridge_clue_sensor_realized_search,target,4,post_step_holoocean_pose,phase5e_passive_anomaly_clue_sensor,local_passive_anomaly_observation_for_gp_only,local_grid_disk_from_holoocean_location_sensor_pose,scene_registered_static_passive_anomaly_source_not_detection_truth,sv0,"[-379.2996826171875, 185.1142578125, 0.16484935581684113]","[21, 2]",1,"[24, 2]","[-380.0, 160.0]",0.037848493036214285,0.03,0.0031372651188383356,125.78155667664478,"[-270.0, 221.0, 0.5]",True,True,False,False,False,False,False,False,False,False
phase5e_bridge_clue_sensor_realized_search,target,4,post_step_holoocean_pose,phase5e_passive_anomaly_clue_sensor,local_passive_anomaly_observation_for_gp_only,local_grid_disk_from_holoocean_location_sensor_pose,scene_registered_static_passive_anomaly_source_not_detection_truth,sv0,"[-379.2996826171875, 185.1142578125, 0.16484935581684113]","[21, 2]",2,"[23, 1]","[-390.0, 170.0]",0.0,0.03,0.0019381206880645224,130.3878828726044,"[-270.0, 221.0, 0.5]",True,True,False,False,False,False,False,False,False,False
phase5e_bridge_clue_sensor_realized_search,target,4,post_step_holoocean_pose,phase5e_passive_anomaly_clue_sensor,local_passive_anomaly_observation_for_gp_only,local_grid_disk_from_holoocean_location_sensor_pose,scene_registered_static_passive_anomaly_source_not_detection_truth,sv0,"[-379.2996826171875, 185.1142578125, 0.16484935581684113]","[21, 2]",3,"[18, 3]","[-370.0, 220.0]",0.07318783391875341,0.03,0.03374599161207529,100.00499987500623,"[-270.0, 221.0, 0.5]",True,True,False,False,False,False,False,False,False,False
phase5e_bridge_clue_sensor_realized_search,target,4,post_step_holoocean_pose,phase5e_passive_anomaly_clue_sensor,local_passive_anomaly_observation_for_gp_only,local_grid_disk_from_holoocean_location_sensor_pose,scene_registered_static_passive_anomaly_source_not_detection_truth,sv0,"[-379.2996826171875, 185.1142578125, 0.16484935581684113]","[21, 2]",4,"[21, 2]","[-380.0, 190.0]",0.07441289924125273,0.03,0.009678259209419605,114.28473213863697,"[-270.0, 221.0, 0.5]",True,True,False,False,False,False,False,False,False,False
phase5e_bridge_clue_sensor_realized_search,target,4,post_step_holoocean_pose,phase5e_passive_anomaly_clue_sensor,local_passive_anomaly_observation_for_gp_only,local_grid_disk_from_holoocean_location_sensor_pose,scene_registered_static_passive_anomaly_source_not_detection_truth,sv0,"[-379.2996826171875, 185.1142578125, 0.16484935581684113]","[21, 2]",5,"[21, 3]","[-370.0, 190.0]",0.06419365506123265,0.03,0.022806028491245894,104.69479452198185,"[-270.0, 221.0, 0.5]",True,True,False,False,False,False,False,False,False,False
phase5e_bridge_clue_sensor_realized_search,target,4,post_step_holoocean_pose,phase5e_passive_anomaly_clue_sensor,local_passive_anomaly_observation_for_gp_only,local_grid_disk_from_holoocean_location_sensor_pose,scene_registered_static_passive_anomaly_source_not_detection_truth,sv1,"[-379.2996826171875, 14.885687828063965, 0.16923250257968903]","[39, 2]",0,"[43, 4]","[-360.0, -30.0]",0.030685735482155647,0.03,4.982526356732985e-13,266.6477076593759,"[-270.0, 221.0, 0.5]",True,True,False,False,False,False,False,False,False,False
phase5e_bridge_clue_sensor_realized_search,target,4,post_step_holoocean_pose,phase5e_passive_anomaly_clue_sensor,local_passive_anomaly_observation_for_gp_only,local_grid_disk_from_holoocean_location_sensor_pose,scene_registered_static_passive_anomaly_source_not_detection_truth,sv1,"[-379.2996826171875, 14.885687828063965, 0.16923250257968903]","[39, 2]",1,"[42, 2]","[-380.0, -20.0]",0.04664190590376134,0.03,7.253232757235619e-13,264.9169681239766,"[-270.0, 221.0, 0.5]",True,True,False,False,False,False,False,False,False,False
phase5e_bridge_clue_sensor_realized_search,target,4,post_step_holoocean_pose,phase5e_passive_anomaly_clue_sensor,local_passive_anomaly_observation_for_gp_only,local_grid_disk_from_holoocean_location_sensor_pose,scene_registered_static_passive_anomaly_source_not_detection_truth,sv1,"[-379.2996826171875, 14.885687828063965, 0.16923250257968903]","[39, 2]",2,"[37, 3]","[-370.0, 30.0]",0.0,0.03,1.1525664941721975e-08,215.5945268321995,"[-270.0, 221.0, 0.5]",True,True,False,False,False,False,False,False,False,False
phase5e_bridge_clue_sensor_realized_search,target,4,post_step_holoocean_pose,phase5e_passive_anomaly_clue_sensor,local_passive_anomaly_observation_for_gp_only,local_grid_disk_from_holoocean_location_sensor_pose,scene_registered_static_passive_anomaly_source_not_detection_truth,sv1,"[-379.2996826171875, 14.885687828063965, 0.16923250257968903]","[39, 2]",3,"[39, 5]","[-350.0, 10.0]",0.0,0.03,1.8819931188373657e-09,225.65681908597398,"[-270.0, 221.0, 0.5]",True,True,False,False,False,False,False,False,False,False
phase5e_bridge_clue_sensor_realized_search,target,4,post_step_holoocean_pose,phase5e_passive_anomaly_clue_sensor,local_passive_anomaly_observation_for_gp_only,local_grid_disk_from_holoocean_location_sensor_pose,scene_registered_static_passive_anomaly_source_not_detection_truth,sv1,"[-379.2996826171875, 14.885687828063965, 0.16923250257968903]","[39, 2]",4,"[37, 1]","[-390.0, 30.0]",0.019934699878101952,0.03,1.9129717356480135e-09,225.56817151362466,"[-270.0, 221.0, 0.5]",True,True,False,False,False,False,False,False,False,False
phase5e_bridge_clue_sensor_realized_search,target,4,post_step_holoocean_pose,phase5e_passive_anomaly_clue_sensor,local_passive_anomaly_observation_for_gp_only,local_grid_disk_from_holoocean_location_sensor_pose,scene_registered_static_passive_anomaly_source_not_detection_truth,sv1,"[-379.2996826171875, 14.885687828063965, 0.16923250257968903]","[39, 2]",5,"[35, 4]","[-360.0, 50.0]",0.02184641440986993,0.03,4.806736356790278e-07,193.238194982255,"[-270.0, 221.0, 0.5]",True,True,False,False,False,False,False,False,False,False
phase5e_bridge_clue_sensor_realized_search,target,5,post_step_holoocean_pose,phase5e_passive_anomaly_clue_sensor,local_passive_anomaly_observation_for_gp_only,local_grid_disk_from_holoocean_location_sensor_pose,scene_registered_static_passive_anomaly_source_not_detection_truth,sv0,"[-382.84130859375, 195.9607391357422, 0.16737912595272064]","[20, 2]",0,"[22, 2]","[-380.0, 180.0]",0.04967538265775499,0.03,0.007213862342878514,117.39250401963493,"[-270.0, 221.0, 0.5]",True,True,False,False,False,False,False,False,False,False
phase5e_bridge_clue_sensor_realized_search,target,5,post_step_holoocean_pose,phase5e_passive_anomaly_clue_sensor,local_passive_anomaly_observation_for_gp_only,local_grid_disk_from_holoocean_location_sensor_pose,scene_registered_static_passive_anomaly_source_not_detection_truth,sv0,"[-382.84130859375, 195.9607391357422, 0.16737912595272064]","[20, 2]",1,"[24, 2]","[-380.0, 160.0]",0.010530667529355858,0.03,0.0031372651188383356,125.78155667664478,"[-270.0, 221.0, 0.5]",True,True,False,False,False,False,False,False,False,False
phase5e_bridge_clue_sensor_realized_search,target,5,post_step_holoocean_pose,phase5e_passive_anomaly_clue_sensor,local_passive_anomaly_observation_for_gp_only,local_grid_disk_from_holoocean_location_sensor_pose,scene_registered_static_passive_anomaly_source_not_detection_truth,sv0,"[-382.84130859375, 195.9607391357422, 0.16737912595272064]","[20, 2]",2,"[16, 1]","[-390.0, 240.0]",0.022159427750222404,0.03,0.004835596537773097,121.49485585818026,"[-270.0, 221.0, 0.5]",True,True,False,False,False,False,False,False,False,False
phase5e_bridge_clue_sensor_realized_search,target,5,post_step_holoocean_pose,phase5e_passive_anomaly_clue_sensor,local_passive_anomaly_observation_for_gp_only,local_grid_disk_from_holoocean_location_sensor_pose,scene_registered_static_passive_anomaly_source_not_detection_truth,sv0,"[-382.84130859375, 195.9607391357422, 0.16737912595272064]","[20, 2]",3,"[16, 3]","[-370.0, 240.0]",0.044146876927497594,0.03,0.029134495010635378,101.78899744078433,"[-270.0, 221.0, 0.5]",True,True,False,False,False,False,False,False,False,False
phase5e_bridge_clue_sensor_realized_search,target,5,post_step_holoocean_pose,phase5e_passive_anomaly_clue_sensor,local_passive_anomaly_observation_for_gp_only,local_grid_disk_from_holoocean_location_sensor_pose,scene_registered_static_passive_anomaly_source_not_detection_truth,sv0,"[-382.84130859375, 195.9607391357422, 0.16737912595272064]","[20, 2]",4,"[24, 5]","[-350.0, 160.0]",0.021157224835859387,0.03,0.03213295218382493,100.60318086422515,"[-270.0, 221.0, 0.5]",True,True,False,False,False,False,False,False,False,False
phase5e_bridge_clue_sensor_realized_search,target,5,post_step_holoocean_pose,phase5e_passive_anomaly_clue_sensor,local_passive_anomaly_observation_for_gp_only,local_grid_disk_from_holoocean_location_sensor_pose,scene_registered_static_passive_anomaly_source_not_detection_truth,sv0,"[-382.84130859375, 195.9607391357422, 0.16737912595272064]","[20, 2]",5,"[24, 1]","[-390.0, 160.0]",0.06721221291169033,0.03,0.0012270046174563903,134.6142637315972,"[-270.0, 221.0, 0.5]",True,True,False,False,False,False,False,False,False,False
phase5e_bridge_clue_sensor_realized_search,target,5,post_step_holoocean_pose,phase5e_passive_anomaly_clue_sensor,local_passive_anomaly_observation_for_gp_only,local_grid_disk_from_holoocean_location_sensor_pose,scene_registered_static_passive_anomaly_source_not_detection_truth,sv1,"[-382.8413391113281, 4.0391974449157715, 0.15807175636291504]","[40, 2]",0,"[41, 4]","[-360.0, -10.0]",0.009606693842443058,0.03,2.548387368261484e-11,247.91329129354884,"[-270.0, 221.0, 0.5]",True,True,False,False,False,False,False,False,False,False
phase5e_bridge_clue_sensor_realized_search,target,5,post_step_holoocean_pose,phase5e_passive_anomaly_clue_sensor,local_passive_anomaly_observation_for_gp_only,local_grid_disk_from_holoocean_location_sensor_pose,scene_registered_static_passive_anomaly_source_not_detection_truth,sv1,"[-382.8413391113281, 4.0391974449157715, 0.15807175636291504]","[40, 2]",1,"[44, 1]","[-390.0, -40.0]",0.04501795483966927,0.03,4.710917838173303e-15,287.26468630863764,"[-270.0, 221.0, 0.5]",True,True,False,False,False,False,False,False,False,False
phase5e_bridge_clue_sensor_realized_search,target,5,post_step_holoocean_pose,phase5e_passive_anomaly_clue_sensor,local_passive_anomaly_observation_for_gp_only,local_grid_disk_from_holoocean_location_sensor_pose,scene_registered_static_passive_anomaly_source_not_detection_truth,sv1,"[-382.8413391113281, 4.0391974449157715, 0.15807175636291504]","[40, 2]",2,"[42, 2]","[-380.0, -20.0]",0.03770528928863443,0.03,7.253232757235619e-13,264.9169681239766,"[-270.0, 221.0, 0.5]",True,True,False,False,False,False,False,False,False,False
phase5e_bridge_clue_sensor_realized_search,target,5,post_step_holoocean_pose,phase5e_passive_anomaly_clue_sensor,local_passive_anomaly_observation_for_gp_only,local_grid_disk_from_holoocean_location_sensor_pose,scene_registered_static_passive_anomaly_source_not_detection_truth,sv1,"[-382.8413391113281, 4.0391974449157715, 0.15807175636291504]","[40, 2]",3,"[45, 2]","[-380.0, -50.0]",0.056046976646119046,0.03,1.3733179839832245e-15,292.4739304621866,"[-270.0, 221.0, 0.5]",True,True,False,False,False,False,False,False,False,False
phase5e_bridge_clue_sensor_realized_search,target,5,post_step_holoocean_pose,phase5e_passive_anomaly_clue_sensor,local_passive_anomaly_observation_for_gp_only,local_grid_disk_from_holoocean_location_sensor_pose,scene_registered_static_passive_anomaly_source_not_detection_truth,sv1,"[-382.8413391113281, 4.0391974449157715, 0.15807175636291504]","[40, 2]",4,"[39, 5]","[-350.0, 10.0]",0.0,0.03,1.8819931188373657e-09,225.65681908597398,"[-270.0, 221.0, 0.5]",True,True,False,False,False,False,False,False,False,False
phase5e_bridge_clue_sensor_realized_search,target,5,post_step_holoocean_pose,phase5e_passive_anomaly_clue_sensor,local_passive_anomaly_observation_for_gp_only,local_grid_disk_from_holoocean_location_sensor_pose,scene_registered_static_passive_anomaly_source_not_detection_truth,sv1,"[-382.8413391113281, 4.0391974449157715, 0.15807175636291504]","[40, 2]",5,"[40, 7]","[-330.0, 0.0]",0.06392618760071996,0.03,1.0119945865458614e-09,229.00000000000003,"[-270.0, 221.0, 0.5]",True,True,False,False,False,False,False,False,False,False
phase5e_bridge_clue_sensor_realized_search,target,6,post_step_holoocean_pose,phase5e_passive_anomaly_clue_sensor,local_passive_anomaly_observation_for_gp_only,local_grid_disk_from_holoocean_location_sensor_pose,scene_registered_static_passive_anomaly_source_not_detection_truth,sv0,"[-378.35546875, 205.3539581298828, 0.17127776145935059]","[19, 2]",0,"[17, 1]","[-390.0, 230.0]",0.021022386254956654,0.03,0.005421053746044097,120.33702672078947,"[-270.0, 221.0, 0.5]",True,True,False,False,False,False,False,False,False,False
phase5e_bridge_clue_sensor_realized_search,target,6,post_step_holoocean_pose,phase5e_passive_anomaly_clue_sensor,local_passive_anomaly_observation_for_gp_only,local_grid_disk_from_holoocean_location_sensor_pose,scene_registered_static_passive_anomaly_source_not_detection_truth,sv0,"[-378.35546875, 205.3539581298828, 0.17127776145935059]","[19, 2]",1,"[20, 6]","[-340.0, 200.0]",0.22909138425375355,0.03,0.2260830612808997,73.08214556237385,"[-270.0, 221.0, 0.5]",True,True,False,False,False,False,False,False,False,False
phase5e_bridge_clue_sensor_realized_search,target,6,post_step_holoocean_pose,phase5e_passive_anomaly_clue_sensor,local_passive_anomaly_observation_for_gp_only,local_grid_disk_from_holoocean_location_sensor_pose,scene_registered_static_passive_anomaly_source_not_detection_truth,sv0,"[-378.35546875, 205.3539581298828, 0.17127776145935059]","[19, 2]",2,"[22, 6]","[-340.0, 180.0]",0.11834290679069667,0.03,0.1362893242926281,81.12336284942828,"[-270.0, 221.0, 0.5]",True,True,False,False,False,False,False,False,False,False
phase5e_bridge_clue_sensor_realized_search,target,6,post_step_holoocean_pose,phase5e_passive_anomaly_clue_sensor,local_passive_anomaly_observation_for_gp_only,local_grid_disk_from_holoocean_location_sensor_pose,scene_registered_static_passive_anomaly_source_not_detection_truth,sv0,"[-378.35546875, 205.3539581298828, 0.17127776145935059]","[19, 2]",3,"[16, 6]","[-340.0, 240.0]",0.2592692085963613,0.03,0.23358721537805555,72.53275122315436,"[-270.0, 221.0, 0.5]",True,True,False,False,False,False,False,False,False,False
phase5e_bridge_clue_sensor_realized_search,target,6,post_step_holoocean_pose,phase5e_passive_anomaly_clue_sensor,local_passive_anomaly_observation_for_gp_only,local_grid_disk_from_holoocean_location_sensor_pose,scene_registered_static_passive_anomaly_source_not_detection_truth,sv0,"[-378.35546875, 205.3539581298828, 0.17127776145935059]","[19, 2]",4,"[15, 1]","[-390.0, 250.0]",0.057857174031916384,0.03,0.003975244012487334,123.45444503945575,"[-270.0, 221.0, 0.5]",True,True,False,False,False,False,False,False,False,False
phase5e_bridge_clue_sensor_realized_search,target,6,post_step_holoocean_pose,phase5e_passive_anomaly_clue_sensor,local_passive_anomaly_observation_for_gp_only,local_grid_disk_from_holoocean_location_sensor_pose,scene_registered_static_passive_anomaly_source_not_detection_truth,sv0,"[-378.35546875, 205.3539581298828, 0.17127776145935059]","[19, 2]",5,"[23, 2]","[-380.0, 170.0]",0.006592086856143205,0.03,0.00495548129506521,121.24768039018313,"[-270.0, 221.0, 0.5]",True,True,False,False,False,False,False,False,False,False
phase5e_bridge_clue_sensor_realized_search,target,6,post_step_holoocean_pose,phase5e_passive_anomaly_clue_sensor,local_passive_anomaly_observation_for_gp_only,local_grid_disk_from_holoocean_location_sensor_pose,scene_registered_static_passive_anomaly_source_not_detection_truth,sv1,"[-378.35546875, -5.353954315185547, 0.17711064219474792]","[41, 2]",0,"[45, 2]","[-380.0, -50.0]",0.021756927032624728,0.03,1.3733179839832245e-15,292.4739304621866,"[-270.0, 221.0, 0.5]",True,True,False,False,False,False,False,False,False,False
phase5e_bridge_clue_sensor_realized_search,target,6,post_step_holoocean_pose,phase5e_passive_anomaly_clue_sensor,local_passive_anomaly_observation_for_gp_only,local_grid_disk_from_holoocean_location_sensor_pose,scene_registered_static_passive_anomaly_source_not_detection_truth,sv1,"[-378.35546875, -5.353954315185547, 0.17711064219474792]","[41, 2]",1,"[38, 4]","[-360.0, 20.0]",0.0,0.03,5.053527361550055e-09,220.22942582679548,"[-270.0, 221.0, 0.5]",True,True,False,False,False,False,False,False,False,False
phase5e_bridge_clue_sensor_realized_search,target,6,post_step_holoocean_pose,phase5e_passive_anomaly_clue_sensor,local_passive_anomaly_observation_for_gp_only,local_grid_disk_from_holoocean_location_sensor_pose,scene_registered_static_passive_anomaly_source_not_detection_truth,sv1,"[-378.35546875, -5.353954315185547, 0.17711064219474792]","[41, 2]",2,"[44, 6]","[-340.0, -40.0]",0.041685165446445405,0.03,2.2756451476004724e-13,270.22398117117586,"[-270.0, 221.0, 0.5]",True,True,False,False,False,False,False,False,False,False
phase5e_bridge_clue_sensor_realized_search,target,6,post_step_holoocean_pose,phase5e_passive_anomaly_clue_sensor,local_passive_anomaly_observation_for_gp_only,local_grid_disk_from_holoocean_location_sensor_pose,scene_registered_static_passive_anomaly_source_not_detection_truth,sv1,"[-378.35546875, -5.353954315185547, 0.17711064219474792]","[41, 2]",3,"[39, 1]","[-390.0, 10.0]",0.06481689590331607,0.03,7.186436632476644e-11,242.7364826308563,"[-270.0, 221.0, 0.5]",True,True,False,False,False,False,False,False,False,False
phase5e_bridge_clue_sensor_realized_search,target,6,post_step_holoocean_pose,phase5e_passive_anomaly_clue_sensor,local_passive_anomaly_observation_for_gp_only,local_grid_disk_from_holoocean_location_sensor_pose,scene_registered_static_passive_anomaly_source_not_detection_truth,sv1,"[-378.35546875, -5.353954315185547, 0.17711064219474792]","[41, 2]",4,"[42, 1]","[-390.0, -20.0]",0.025355286579571826,0.03,2.836786101108786e-13,269.22295593058186,"[-270.0, 221.0, 0.5]",True,True,False,False,False,False,False,False,False,False
phase5e_bridge_clue_sensor_realized_search,target,6,post_step_holoocean_pose,phase5e_passive_anomaly_clue_sensor,local_passive_anomaly_observation_for_gp_only,local_grid_disk_from_holoocean_location_sensor_pose,scene_registered_static_passive_anomaly_source_not_detection_truth,sv1,"[-378.35546875, -5.353954315185547, 0.17711064219474792]","[41, 2]",5,"[40, 5]","[-350.0, 0.0]",0.0,0.03,3.2273170962583793e-10,235.03404008781365,"[-270.0, 221.0, 0.5]",True,True,False,False,False,False,False,False,False,False
phase5e_bridge_clue_sensor_realized_search,target,7,post_step_holoocean_pose,phase5e_passive_anomaly_clue_sensor,local_passive_anomaly_observation_for_gp_only,local_grid_disk_from_holoocean_location_sensor_pose,scene_registered_static_passive_anomaly_source_not_detection_truth,sv0,"[-380.3085632324219, 215.02633666992188, 0.1651172786951065]","[18, 2]",0,"[14, 3]","[-370.0, 260.0]",0.0445531082738741,0.03,0.018146060411814727,107.33592129385204,"[-270.0, 221.0, 0.5]",True,True,False,False,False,False,False,False,False,False
phase5e_bridge_clue_sensor_realized_search,target,7,post_step_holoocean_pose,phase5e_passive_anomaly_clue_sensor,local_passive_anomaly_observation_for_gp_only,local_grid_disk_from_holoocean_location_sensor_pose,scene_registered_static_passive_anomaly_source_not_detection_truth,sv0,"[-380.3085632324219, 215.02633666992188, 0.1651172786951065]","[18, 2]",1,"[17, 4]","[-360.0, 230.0]",0.0787588304911388,0.03,0.07093179532192802,90.44888059008801,"[-270.0, 221.0, 0.5]",True,True,False,False,False,False,False,False,False,False
phase5e_bridge_clue_sensor_realized_search,target,7,post_step_holoocean_pose,phase5e_passive_anomaly_clue_sensor,local_passive_anomaly_observation_for_gp_only,local_grid_disk_from_holoocean_location_sensor_pose,scene_registered_static_passive_anomaly_source_not_detection_truth,sv0,"[-380.3085632324219, 215.02633666992188, 0.1651172786951065]","[18, 2]",2,"[16, 3]","[-370.0, 240.0]",0.019165244367239587,0.03,0.029134495010635378,101.78899744078433,"[-270.0, 221.0, 0.5]",True,True,False,False,False,False,False,False,False,False
phase5e_bridge_clue_sensor_realized_search,target,7,post_step_holoocean_pose,phase5e_passive_anomaly_clue_sensor,local_passive_anomaly_observation_for_gp_only,local_grid_disk_from_holoocean_location_sensor_pose,scene_registered_static_passive_anomaly_source_not_detection_truth,sv0,"[-380.3085632324219, 215.02633666992188, 0.1651172786951065]","[18, 2]",3,"[17, 6]","[-340.0, 230.0]",0.30874918289842573,0.03,0.26186817677232666,70.57619995437557,"[-270.0, 221.0, 0.5]",True,True,False,False,False,False,False,False,False,False
phase5e_bridge_clue_sensor_realized_search,target,7,post_step_holoocean_pose,phase5e_passive_anomaly_clue_sensor,local_passive_anomaly_observation_for_gp_only,local_grid_disk_from_holoocean_location_sensor_pose,scene_registered_static_passive_anomaly_source_not_detection_truth,sv0,"[-380.3085632324219, 215.02633666992188, 0.1651172786951065]","[18, 2]",4,"[21, 2]","[-380.0, 190.0]",0.0283253410734781,0.03,0.009678259209419605,114.28473213863697,"[-270.0, 221.0, 0.5]",True,True,False,False,False,False,False,False,False,False
phase5e_bridge_clue_sensor_realized_search,target,7,post_step_holoocean_pose,phase5e_passive_anomaly_clue_sensor,local_passive_anomaly_observation_for_gp_only,local_grid_disk_from_holoocean_location_sensor_pose,scene_registered_static_passive_anomaly_source_not_detection_truth,sv0,"[-380.3085632324219, 215.02633666992188, 0.1651172786951065]","[18, 2]",5,"[22, 2]","[-380.0, 180.0]",0.0,0.03,0.007213862342878514,117.39250401963493,"[-270.0, 221.0, 0.5]",True,True,False,False,False,False,False,False,False,False
phase5e_bridge_clue_sensor_realized_search,target,7,post_step_holoocean_pose,phase5e_passive_anomaly_clue_sensor,local_passive_anomaly_observation_for_gp_only,local_grid_disk_from_holoocean_location_sensor_pose,scene_registered_static_passive_anomaly_source_not_detection_truth,sv1,"[-380.3084716796875, -15.02637004852295, 0.1712685525417328]","[42, 2]",0,"[46, 1]","[-390.0, -60.0]",0.030125624814715757,0.03,5.643831332840333e-17,305.5503231875234,"[-270.0, 221.0, 0.5]",True,True,False,False,False,False,False,False,False,False
phase5e_bridge_clue_sensor_realized_search,target,7,post_step_holoocean_pose,phase5e_passive_anomaly_clue_sensor,local_passive_anomaly_observation_for_gp_only,local_grid_disk_from_holoocean_location_sensor_pose,scene_registered_static_passive_anomaly_source_not_detection_truth,sv1,"[-380.3084716796875, -15.02637004852295, 0.1712685525417328]","[42, 2]",1,"[38, 3]","[-370.0, 20.0]",0.002620872753883858,0.03,2.3269916193067364e-09,224.50167037240502,"[-270.0, 221.0, 0.5]",True,True,False,False,False,False,False,False,False,False
phase5e_bridge_clue_sensor_realized_search,target,7,post_step_holoocean_pose,phase5e_passive_anomaly_clue_sensor,local_passive_anomaly_observation_for_gp_only,local_grid_disk_from_holoocean_location_sensor_pose,scene_registered_static_passive_anomaly_source_not_detection_truth,sv1,"[-380.3084716796875, -15.02637004852295, 0.1712685525417328]","[42, 2]",2,"[39, 6]","[-340.0, 10.0]",0.0,0.03,3.4714635688860494e-09,222.30834442278586,"[-270.0, 221.0, 0.5]",True,True,False,False,False,False,False,False,False,False
phase5e_bridge_clue_sensor_realized_search,target,7,post_step_holoocean_pose,phase5e_passive_anomaly_clue_sensor,local_passive_anomaly_observation_for_gp_only,local_grid_disk_from_holoocean_location_sensor_pose,scene_registered_static_passive_anomaly_source_not_detection_truth,sv1,"[-380.3084716796875, -15.02637004852295, 0.1712685525417328]","[42, 2]",3,"[46, 2]","[-380.0, -60.0]",0.04119655664593251,0.03,1.4430422612289918e-16,301.7631521574495,"[-270.0, 221.0, 0.5]",True,True,False,False,False,False,False,False,False,False
phase5e_bridge_clue_sensor_realized_search,target,7,post_step_holoocean_pose,phase5e_passive_anomaly_clue_sensor,local_passive_anomaly_observation_for_gp_only,local_grid_disk_from_holoocean_location_sensor_pose,scene_registered_static_passive_anomaly_source_not_detection_truth,sv1,"[-380.3084716796875, -15.02637004852295, 0.1712685525417328]","[42, 2]",4,"[47, 2]","[-380.0, -70.0]",0.03663380752187344,0.03,1.3974438996341805e-17,311.0964480671549,"[-270.0, 221.0, 0.5]",True,True,False,False,False,False,False,False,False,False
phase5e_bridge_clue_sensor_realized_search,target,7,post_step_holoocean_pose,phase5e_passive_anomaly_clue_sensor,local_passive_anomaly_observation_for_gp_only,local_grid_disk_from_holoocean_location_sensor_pose,scene_registered_static_passive_anomaly_source_not_detection_truth,sv1,"[-380.3084716796875, -15.02637004852295, 0.1712685525417328]","[42, 2]",5,"[44, 1]","[-390.0, -40.0]",0.017683543139649805,0.03,4.710917838173303e-15,287.26468630863764,"[-270.0, 221.0, 0.5]",True,True,False,False,False,False,False,False,False,False
phase5e_bridge_clue_sensor_realized_search,target,8,post_step_holoocean_pose,phase5e_passive_anomaly_clue_sensor,local_passive_anomaly_observation_for_gp_only,local_grid_disk_from_holoocean_location_sensor_pose,scene_registered_static_passive_anomaly_source_not_detection_truth,sv0,"[-373.977783203125, 218.15597534179688, 0.1863740086555481]","[18, 3]",0,"[16, 7]","[-330.0, 240.0]",0.4483650237521003,0.03,0.39709191017350604,62.93647591023826,"[-270.0, 221.0, 0.5]",True,True,False,False,False,False,False,False,False,False
phase5e_bridge_clue_sensor_realized_search,target,8,post_step_holoocean_pose,phase5e_passive_anomaly_clue_sensor,local_passive_anomaly_observation_for_gp_only,local_grid_disk_from_holoocean_location_sensor_pose,scene_registered_static_passive_anomaly_source_not_detection_truth,sv0,"[-373.977783203125, 218.15597534179688, 0.1863740086555481]","[18, 3]",1,"[21, 3]","[-370.0, 190.0]",0.03656814888413591,0.03,0.022806028491245894,104.69479452198185,"[-270.0, 221.0, 0.5]",True,True,False,False,False,False,False,False,False,False
phase5e_bridge_clue_sensor_realized_search,target,8,post_step_holoocean_pose,phase5e_passive_anomaly_clue_sensor,local_passive_anomaly_observation_for_gp_only,local_grid_disk_from_holoocean_location_sensor_pose,scene_registered_static_passive_anomaly_source_not_detection_truth,sv0,"[-373.977783203125, 218.15597534179688, 0.1863740086555481]","[18, 3]",2,"[21, 1]","[-390.0, 190.0]",0.03345215746809687,0.03,0.0037852295834324813,123.93950137062842,"[-270.0, 221.0, 0.5]",True,True,False,False,False,False,False,False,False,False
phase5e_bridge_clue_sensor_realized_search,target,8,post_step_holoocean_pose,phase5e_passive_anomaly_clue_sensor,local_passive_anomaly_observation_for_gp_only,local_grid_disk_from_holoocean_location_sensor_pose,scene_registered_static_passive_anomaly_source_not_detection_truth,sv0,"[-373.977783203125, 218.15597534179688, 0.1863740086555481]","[18, 3]",3,"[21, 2]","[-380.0, 190.0]",0.025421442923258496,0.03,0.009678259209419605,114.28473213863697,"[-270.0, 221.0, 0.5]",True,True,False,False,False,False,False,False,False,False
phase5e_bridge_clue_sensor_realized_search,target,8,post_step_holoocean_pose,phase5e_passive_anomaly_clue_sensor,local_passive_anomaly_observation_for_gp_only,local_grid_disk_from_holoocean_location_sensor_pose,scene_registered_static_passive_anomaly_source_not_detection_truth,sv0,"[-373.977783203125, 218.15597534179688, 0.1863740086555481]","[18, 3]",4,"[14, 6]","[-340.0, 260.0]",0.21514478377151608,0.03,0.1454869123398386,80.13114251026252,"[-270.0, 221.0, 0.5]",True,True,False,False,False,False,False,False,False,False
phase5e_bridge_clue_sensor_realized_search,target,8,post_step_holoocean_pose,phase5e_passive_anomaly_clue_sensor,local_passive_anomaly_observation_for_gp_only,local_grid_disk_from_holoocean_location_sensor_pose,scene_registered_static_passive_anomaly_source_not_detection_truth,sv0,"[-373.977783203125, 218.15597534179688, 0.1863740086555481]","[18, 3]",5,"[19, 4]","[-360.0, 210.0]",0.07306627657834276,0.03,0.06978312758888139,90.6697303403953,"[-270.0, 221.0, 0.5]",True,True,False,False,False,False,False,False,False,False
phase5e_bridge_clue_sensor_realized_search,target,8,post_step_holoocean_pose,phase5e_passive_anomaly_clue_sensor,local_passive_anomaly_observation_for_gp_only,local_grid_disk_from_holoocean_location_sensor_pose,scene_registered_static_passive_anomaly_source_not_detection_truth,sv1,"[-383.8590087890625, -26.889583587646484, 0.16527801752090454]","[43, 2]",0,"[46, 3]","[-370.0, -60.0]",0.04313419298245908,0.03,3.400411397498982e-16,298.26330649276997,"[-270.0, 221.0, 0.5]",True,True,False,False,False,False,False,False,False,False
phase5e_bridge_clue_sensor_realized_search,target,8,post_step_holoocean_pose,phase5e_passive_anomaly_clue_sensor,local_passive_anomaly_observation_for_gp_only,local_grid_disk_from_holoocean_location_sensor_pose,scene_registered_static_passive_anomaly_source_not_detection_truth,sv1,"[-383.8590087890625, -26.889583587646484, 0.16527801752090454]","[43, 2]",1,"[39, 1]","[-390.0, 10.0]",0.0,0.03,7.186436632476644e-11,242.7364826308563,"[-270.0, 221.0, 0.5]",True,True,False,False,False,False,False,False,False,False
phase5e_bridge_clue_sensor_realized_search,target,8,post_step_holoocean_pose,phase5e_passive_anomaly_clue_sensor,local_passive_anomaly_observation_for_gp_only,local_grid_disk_from_holoocean_location_sensor_pose,scene_registered_static_passive_anomaly_source_not_detection_truth,sv1,"[-383.8590087890625, -26.889583587646484, 0.16527801752090454]","[43, 2]",2,"[42, 5]","[-350.0, -20.0]",0.047459758270379876,0.03,7.429011337515084e-12,253.9310930154084,"[-270.0, 221.0, 0.5]",True,True,False,False,False,False,False,False,False,False
phase5e_bridge_clue_sensor_realized_search,target,8,post_step_holoocean_pose,phase5e_passive_anomaly_clue_sensor,local_passive_anomaly_observation_for_gp_only,local_grid_disk_from_holoocean_location_sensor_pose,scene_registered_static_passive_anomaly_source_not_detection_truth,sv1,"[-383.8590087890625, -26.889583587646484, 0.16527801752090454]","[43, 2]",3,"[46, 2]","[-380.0, -60.0]",0.010512295243509825,0.03,1.4430422612289918e-16,301.7631521574495,"[-270.0, 221.0, 0.5]",True,True,False,False,False,False,False,False,False,False
phase5e_bridge_clue_sensor_realized_search,target,8,post_step_holoocean_pose,phase5e_passive_anomaly_clue_sensor,local_passive_anomaly_observation_for_gp_only,local_grid_disk_from_holoocean_location_sensor_pose,scene_registered_static_passive_anomaly_source_not_detection_truth,sv1,"[-383.8590087890625, -26.889583587646484, 0.16527801752090454]","[43, 2]",4,"[44, 1]","[-390.0, -40.0]",0.0067237019855000794,0.03,4.710917838173303e-15,287.26468630863764,"[-270.0, 221.0, 0.5]",True,True,False,False,False,False,False,False,False,False
phase5e_bridge_clue_sensor_realized_search,target,8,post_step_holoocean_pose,phase5e_passive_anomaly_clue_sensor,local_passive_anomaly_observation_for_gp_only,local_grid_disk_from_holoocean_location_sensor_pose,scene_registered_static_passive_anomaly_source_not_detection_truth,sv1,"[-383.8590087890625, -26.889583587646484, 0.16527801752090454]","[43, 2]",5,"[44, 5]","[-350.0, -40.0]",0.0008382484753116648,0.03,1.2337011245300373e-13,272.98534759213726,"[-270.0, 221.0, 0.5]",True,True,False,False,False,False,False,False,False,False
phase5e_bridge_clue_sensor_realized_search,target,9,post_step_holoocean_pose,phase5e_passive_anomaly_clue_sensor,local_passive_anomaly_observation_for_gp_only,local_grid_disk_from_holoocean_location_sensor_pose,scene_registered_static_passive_anomaly_source_not_detection_truth,sv0,"[-363.0491943359375, 220.39268493652344, 0.1670009195804596]","[18, 4]",0,"[14, 5]","[-350.0, 260.0]",0.13784416633472726,0.03,0.07887317912782621,89.0,"[-270.0, 221.0, 0.5]",True,True,False,False,False,False,False,False,False,False
phase5e_bridge_clue_sensor_realized_search,target,9,post_step_holoocean_pose,phase5e_passive_anomaly_clue_sensor,local_passive_anomaly_observation_for_gp_only,local_grid_disk_from_holoocean_location_sensor_pose,scene_registered_static_passive_anomaly_source_not_detection_truth,sv0,"[-363.0491943359375, 220.39268493652344, 0.1670009195804596]","[18, 4]",1,"[17, 4]","[-360.0, 230.0]",0.07598054808077388,0.03,0.07093179532192802,90.44888059008801,"[-270.0, 221.0, 0.5]",True,True,False,False,False,False,False,False,False,False
phase5e_bridge_clue_sensor_realized_search,target,9,post_step_holoocean_pose,phase5e_passive_anomaly_clue_sensor,local_passive_anomaly_observation_for_gp_only,local_grid_disk_from_holoocean_location_sensor_pose,scene_registered_static_passive_anomaly_source_not_detection_truth,sv0,"[-363.0491943359375, 220.39268493652344, 0.1670009195804596]","[18, 4]",2,"[16, 5]","[-350.0, 240.0]",0.17357425017853675,0.03,0.1266352140146322,82.22530024268686,"[-270.0, 221.0, 0.5]",True,True,False,False,False,False,False,False,False,False
phase5e_bridge_clue_sensor_realized_search,target,9,post_step_holoocean_pose,phase5e_passive_anomaly_clue_sensor,local_passive_anomaly_observation_for_gp_only,local_grid_disk_from_holoocean_location_sensor_pose,scene_registered_static_passive_anomaly_source_not_detection_truth,sv0,"[-363.0491943359375, 220.39268493652344, 0.1670009195804596]","[18, 4]",3,"[15, 3]","[-370.0, 250.0]",0.07020874430838146,0.03,0.023950866442882898,104.12012293500234,"[-270.0, 221.0, 0.5]",True,True,False,False,False,False,False,False,False,False
phase5e_bridge_clue_sensor_realized_search,target,9,post_step_holoocean_pose,phase5e_passive_anomaly_clue_sensor,local_passive_anomaly_observation_for_gp_only,local_grid_disk_from_holoocean_location_sensor_pose,scene_registered_static_passive_anomaly_source_not_detection_truth,sv0,"[-363.0491943359375, 220.39268493652344, 0.1670009195804596]","[18, 4]",4,"[20, 4]","[-360.0, 200.0]",0.08391344700158354,0.03,0.06123874090464268,92.41753080449618,"[-270.0, 221.0, 0.5]",True,True,False,False,False,False,False,False,False,False
phase5e_bridge_clue_sensor_realized_search,target,9,post_step_holoocean_pose,phase5e_passive_anomaly_clue_sensor,local_passive_anomaly_observation_for_gp_only,local_grid_disk_from_holoocean_location_sensor_pose,scene_registered_static_passive_anomaly_source_not_detection_truth,sv0,"[-363.0491943359375, 220.39268493652344, 0.1670009195804596]","[18, 4]",5,"[16, 1]","[-390.0, 240.0]",0.04434955092235787,0.03,0.004835596537773097,121.49485585818026,"[-270.0, 221.0, 0.5]",True,True,False,False,False,False,False,False,False,False
phase5e_bridge_clue_sensor_realized_search,target,9,post_step_holoocean_pose,phase5e_passive_anomaly_clue_sensor,local_passive_anomaly_observation_for_gp_only,local_grid_disk_from_holoocean_location_sensor_pose,scene_registered_static_passive_anomaly_source_not_detection_truth,sv1,"[-378.665771484375, -35.258201599121094, 0.17937029898166656]","[44, 2]",0,"[41, 3]","[-370.0, -10.0]",0.033934390553983645,0.03,1.1734528428223732e-11,251.71610993339303,"[-270.0, 221.0, 0.5]",True,True,False,False,False,False,False,False,False,False
phase5e_bridge_clue_sensor_realized_search,target,9,post_step_holoocean_pose,phase5e_passive_anomaly_clue_sensor,local_passive_anomaly_observation_for_gp_only,local_grid_disk_from_holoocean_location_sensor_pose,scene_registered_static_passive_anomaly_source_not_detection_truth,sv1,"[-378.665771484375, -35.258201599121094, 0.17937029898166656]","[44, 2]",1,"[44, 5]","[-350.0, -40.0]",0.05922866596243108,0.03,1.2337011245300373e-13,272.98534759213726,"[-270.0, 221.0, 0.5]",True,True,False,False,False,False,False,False,False,False
phase5e_bridge_clue_sensor_realized_search,target,9,post_step_holoocean_pose,phase5e_passive_anomaly_clue_sensor,local_passive_anomaly_observation_for_gp_only,local_grid_disk_from_holoocean_location_sensor_pose,scene_registered_static_passive_anomaly_source_not_detection_truth,sv1,"[-378.665771484375, -35.258201599121094, 0.17937029898166656]","[44, 2]",2,"[41, 5]","[-350.0, -10.0]",0.010852865814168779,0.03,5.100498629979536e-11,244.46063077722758,"[-270.0, 221.0, 0.5]",True,True,False,False,False,False,False,False,False,False
phase5e_bridge_clue_sensor_realized_search,target,9,post_step_holoocean_pose,phase5e_passive_anomaly_clue_sensor,local_passive_anomaly_observation_for_gp_only,local_grid_disk_from_holoocean_location_sensor_pose,scene_registered_static_passive_anomaly_source_not_detection_truth,sv1,"[-378.665771484375, -35.258201599121094, 0.17937029898166656]","[44, 2]",3,"[45, 5]","[-350.0, -50.0]",0.0779460388210708,0.03,1.406599679687231e-14,282.56149773102493,"[-270.0, 221.0, 0.5]",True,True,False,False,False,False,False,False,False,False
phase5e_bridge_clue_sensor_realized_search,target,9,post_step_holoocean_pose,phase5e_passive_anomaly_clue_sensor,local_passive_anomaly_observation_for_gp_only,local_grid_disk_from_holoocean_location_sensor_pose,scene_registered_static_passive_anomaly_source_not_detection_truth,sv1,"[-378.665771484375, -35.258201599121094, 0.17937029898166656]","[44, 2]",4,"[46, 3]","[-370.0, -60.0]",0.00717366996034745,0.03,3.400411397498982e-16,298.26330649276997,"[-270.0, 221.0, 0.5]",True,True,False,False,False,False,False,False,False,False
phase5e_bridge_clue_sensor_realized_search,target,9,post_step_holoocean_pose,phase5e_passive_anomaly_clue_sensor,local_passive_anomaly_observation_for_gp_only,local_grid_disk_from_holoocean_location_sensor_pose,scene_registered_static_passive_anomaly_source_not_detection_truth,sv1,"[-378.665771484375, -35.258201599121094, 0.17937029898166656]","[44, 2]",5,"[40, 2]","[-380.0, 0.0]",0.0,0.03,3.150955223659389e-11,246.86230980042293,"[-270.0, 221.0, 0.5]",True,True,False,False,False,False,False,False,False,False
phase5e_bridge_clue_sensor_realized_search,target,10,post_step_holoocean_pose,phase5e_passive_anomaly_clue_sensor,local_passive_anomaly_observation_for_gp_only,local_grid_disk_from_holoocean_location_sensor_pose,scene_registered_static_passive_anomaly_source_not_detection_truth,sv0,"[-354.17364501953125, 222.74032592773438, 0.1642860472202301]","[18, 5]",0,"[21, 8]","[-320.0, 190.0]",0.5240529341074389,0.03,0.4869928290922412,58.83026432033092,"[-270.0, 221.0, 0.5]",True,True,False,False,False,False,False,False,False,False
phase5e_bridge_clue_sensor_realized_search,target,10,post_step_holoocean_pose,phase5e_passive_anomaly_clue_sensor,local_passive_anomaly_observation_for_gp_only,local_grid_disk_from_holoocean_location_sensor_pose,scene_registered_static_passive_anomaly_source_not_detection_truth,sv0,"[-354.17364501953125, 222.74032592773438, 0.1642860472202301]","[18, 5]",1,"[20, 4]","[-360.0, 200.0]",0.08780743353041467,0.03,0.06123874090464268,92.41753080449618,"[-270.0, 221.0, 0.5]",True,True,False,False,False,False,False,False,False,False
phase5e_bridge_clue_sensor_realized_search,target,10,post_step_holoocean_pose,phase5e_passive_anomaly_clue_sensor,local_passive_anomaly_observation_for_gp_only,local_grid_disk_from_holoocean_location_sensor_pose,scene_registered_static_passive_anomaly_source_not_detection_truth,sv0,"[-354.17364501953125, 222.74032592773438, 0.1642860472202301]","[18, 5]",2,"[15, 3]","[-370.0, 250.0]",0.0,0.03,0.023950866442882898,104.12012293500234,"[-270.0, 221.0, 0.5]",True,True,False,False,False,False,False,False,False,False
phase5e_bridge_clue_sensor_realized_search,target,10,post_step_holoocean_pose,phase5e_passive_anomaly_clue_sensor,local_passive_anomaly_observation_for_gp_only,local_grid_disk_from_holoocean_location_sensor_pose,scene_registered_static_passive_anomaly_source_not_detection_truth,sv0,"[-354.17364501953125, 222.74032592773438, 0.1642860472202301]","[18, 5]",3,"[16, 7]","[-330.0, 240.0]",0.4544938656753208,0.03,0.39709191017350604,62.93647591023826,"[-270.0, 221.0, 0.5]",True,True,False,False,False,False,False,False,False,False
phase5e_bridge_clue_sensor_realized_search,target,10,post_step_holoocean_pose,phase5e_passive_anomaly_clue_sensor,local_passive_anomaly_observation_for_gp_only,local_grid_disk_from_holoocean_location_sensor_pose,scene_registered_static_passive_anomaly_source_not_detection_truth,sv0,"[-354.17364501953125, 222.74032592773438, 0.1642860472202301]","[18, 5]",4,"[21, 7]","[-330.0, 190.0]",0.30171312472919487,0.03,0.3108373566713398,67.53517601961218,"[-270.0, 221.0, 0.5]",True,True,False,False,False,False,False,False,False,False
phase5e_bridge_clue_sensor_realized_search,target,10,post_step_holoocean_pose,phase5e_passive_anomaly_clue_sensor,local_passive_anomaly_observation_for_gp_only,local_grid_disk_from_holoocean_location_sensor_pose,scene_registered_static_passive_anomaly_source_not_detection_truth,sv0,"[-354.17364501953125, 222.74032592773438, 0.1642860472202301]","[18, 5]",5,"[14, 6]","[-340.0, 260.0]",0.197817980537589,0.03,0.1454869123398386,80.13114251026252,"[-270.0, 221.0, 0.5]",True,True,False,False,False,False,False,False,False,False
phase5e_bridge_clue_sensor_realized_search,target,10,post_step_holoocean_pose,phase5e_passive_anomaly_clue_sensor,local_passive_anomaly_observation_for_gp_only,local_grid_disk_from_holoocean_location_sensor_pose,scene_registered_static_passive_anomaly_source_not_detection_truth,sv1,"[-380.0510559082031, -45.05060958862305, 0.17353172600269318]","[45, 2]",0,"[43, 2]","[-380.0, -30.0]",0.05140789486853854,0.03,9.73637717056256e-14,274.0456166407337,"[-270.0, 221.0, 0.5]",True,True,False,False,False,False,False,False,False,False
phase5e_bridge_clue_sensor_realized_search,target,10,post_step_holoocean_pose,phase5e_passive_anomaly_clue_sensor,local_passive_anomaly_observation_for_gp_only,local_grid_disk_from_holoocean_location_sensor_pose,scene_registered_static_passive_anomaly_source_not_detection_truth,sv1,"[-380.0510559082031, -45.05060958862305, 0.17353172600269318]","[45, 2]",1,"[43, 5]","[-350.0, -30.0]",0.002082609907482713,0.03,9.972333552135878e-13,263.4406954135978,"[-270.0, 221.0, 0.5]",True,True,False,False,False,False,False,False,False,False
phase5e_bridge_clue_sensor_realized_search,target,10,post_step_holoocean_pose,phase5e_passive_anomaly_clue_sensor,local_passive_anomaly_observation_for_gp_only,local_grid_disk_from_holoocean_location_sensor_pose,scene_registered_static_passive_anomaly_source_not_detection_truth,sv1,"[-380.0510559082031, -45.05060958862305, 0.17353172600269318]","[45, 2]",2,"[44, 1]","[-390.0, -40.0]",0.025985722803162074,0.03,4.710917838173303e-15,287.26468630863764,"[-270.0, 221.0, 0.5]",True,True,False,False,False,False,False,False,False,False
phase5e_bridge_clue_sensor_realized_search,target,10,post_step_holoocean_pose,phase5e_passive_anomaly_clue_sensor,local_passive_anomaly_observation_for_gp_only,local_grid_disk_from_holoocean_location_sensor_pose,scene_registered_static_passive_anomaly_source_not_detection_truth,sv1,"[-380.0510559082031, -45.05060958862305, 0.17353172600269318]","[45, 2]",3,"[47, 5]","[-350.0, -70.0]",0.029256058594924444,0.03,1.4313102752103422e-16,301.7962889102515,"[-270.0, 221.0, 0.5]",True,True,False,False,False,False,False,False,False,False
phase5e_bridge_clue_sensor_realized_search,target,10,post_step_holoocean_pose,phase5e_passive_anomaly_clue_sensor,local_passive_anomaly_observation_for_gp_only,local_grid_disk_from_holoocean_location_sensor_pose,scene_registered_static_passive_anomaly_source_not_detection_truth,sv1,"[-380.0510559082031, -45.05060958862305, 0.17353172600269318]","[45, 2]",4,"[43, 3]","[-370.0, -30.0]",0.026985600542530845,0.03,2.2942978726717036e-13,270.1869722988138,"[-270.0, 221.0, 0.5]",True,True,False,False,False,False,False,False,False,False
phase5e_bridge_clue_sensor_realized_search,target,10,post_step_holoocean_pose,phase5e_passive_anomaly_clue_sensor,local_passive_anomaly_observation_for_gp_only,local_grid_disk_from_holoocean_location_sensor_pose,scene_registered_static_passive_anomaly_source_not_detection_truth,sv1,"[-380.0510559082031, -45.05060958862305, 0.17353172600269318]","[45, 2]",5,"[46, 6]","[-340.0, -60.0]",0.08733799145131406,0.03,2.726296196970794e-15,289.5876378576959,"[-270.0, 221.0, 0.5]",True,True,False,False,False,False,False,False,False,False
phase5e_bridge_clue_sensor_realized_search,target,11,post_step_holoocean_pose,phase5e_passive_anomaly_clue_sensor,local_passive_anomaly_observation_for_gp_only,local_grid_disk_from_holoocean_location_sensor_pose,scene_registered_static_passive_anomaly_source_not_detection_truth,sv0,"[-342.7220458984375, 219.12379455566406, 0.16401110589504242]","[18, 6]",0,"[20, 6]","[-340.0, 200.0]",0.22710076979159416,0.03,0.2260830612808997,73.08214556237385,"[-270.0, 221.0, 0.5]",True,True,False,False,False,False,False,False,False,False
phase5e_bridge_clue_sensor_realized_search,target,11,post_step_holoocean_pose,phase5e_passive_anomaly_clue_sensor,local_passive_anomaly_observation_for_gp_only,local_grid_disk_from_holoocean_location_sensor_pose,scene_registered_static_passive_anomaly_source_not_detection_truth,sv0,"[-342.7220458984375, 219.12379455566406, 0.16401110589504242]","[18, 6]",1,"[16, 8]","[-320.0, 240.0]",0.6340928528498408,0.03,0.6221289320430907,53.48831648126533,"[-270.0, 221.0, 0.5]",True,True,False,False,False,False,False,False,False,False
phase5e_bridge_clue_sensor_realized_search,target,11,post_step_holoocean_pose,phase5e_passive_anomaly_clue_sensor,local_passive_anomaly_observation_for_gp_only,local_grid_disk_from_holoocean_location_sensor_pose,scene_registered_static_passive_anomaly_source_not_detection_truth,sv0,"[-342.7220458984375, 219.12379455566406, 0.16401110589504242]","[18, 6]",2,"[15, 9]","[-310.0, 250.0]",0.7420696001191918,0.03,0.7384666404622623,49.4064773081425,"[-270.0, 221.0, 0.5]",True,True,False,False,False,False,False,False,False,False
phase5e_bridge_clue_sensor_realized_search,target,11,post_step_holoocean_pose,phase5e_passive_anomaly_clue_sensor,local_passive_anomaly_observation_for_gp_only,local_grid_disk_from_holoocean_location_sensor_pose,scene_registered_static_passive_anomaly_source_not_detection_truth,sv0,"[-342.7220458984375, 219.12379455566406, 0.16401110589504242]","[18, 6]",3,"[18, 6]","[-340.0, 220.0]",0.3402896785977537,0.03,0.27056011123441054,70.00714249274854,"[-270.0, 221.0, 0.5]",True,True,False,False,False,False,False,False,False,False
phase5e_bridge_clue_sensor_realized_search,target,11,post_step_holoocean_pose,phase5e_passive_anomaly_clue_sensor,local_passive_anomaly_observation_for_gp_only,local_grid_disk_from_holoocean_location_sensor_pose,scene_registered_static_passive_anomaly_source_not_detection_truth,sv0,"[-342.7220458984375, 219.12379455566406, 0.16401110589504242]","[18, 6]",4,"[22, 7]","[-330.0, 180.0]",0.26918120810561924,0.03,0.23168814282932879,72.67048919609665,"[-270.0, 221.0, 0.5]",True,True,False,False,False,False,False,False,False,False
phase5e_bridge_clue_sensor_realized_search,target,11,post_step_holoocean_pose,phase5e_passive_anomaly_clue_sensor,local_passive_anomaly_observation_for_gp_only,local_grid_disk_from_holoocean_location_sensor_pose,scene_registered_static_passive_anomaly_source_not_detection_truth,sv0,"[-342.7220458984375, 219.12379455566406, 0.16401110589504242]","[18, 6]",5,"[15, 5]","[-350.0, 250.0]",0.09033970341421829,0.03,0.10410419321574521,85.09406559801923,"[-270.0, 221.0, 0.5]",True,True,False,False,False,False,False,False,False,False
phase5e_bridge_clue_sensor_realized_search,target,11,post_step_holoocean_pose,phase5e_passive_anomaly_clue_sensor,local_passive_anomaly_observation_for_gp_only,local_grid_disk_from_holoocean_location_sensor_pose,scene_registered_static_passive_anomaly_source_not_detection_truth,sv1,"[-383.681884765625, -56.635711669921875, 0.1637232005596161]","[46, 2]",0,"[50, 5]","[-350.0, -100.0]",0.0315835681308589,0.03,7.964969563495293e-20,330.8186814555671,"[-270.0, 221.0, 0.5]",True,True,False,False,False,False,False,False,False,False
phase5e_bridge_clue_sensor_realized_search,target,11,post_step_holoocean_pose,phase5e_passive_anomaly_clue_sensor,local_passive_anomaly_observation_for_gp_only,local_grid_disk_from_holoocean_location_sensor_pose,scene_registered_static_passive_anomaly_source_not_detection_truth,sv1,"[-383.681884765625, -56.635711669921875, 0.1637232005596161]","[46, 2]",1,"[42, 1]","[-390.0, -20.0]",0.014446384171434913,0.03,2.836786101108786e-13,269.22295593058186,"[-270.0, 221.0, 0.5]",True,True,False,False,False,False,False,False,False,False
phase5e_bridge_clue_sensor_realized_search,target,11,post_step_holoocean_pose,phase5e_passive_anomaly_clue_sensor,local_passive_anomaly_observation_for_gp_only,local_grid_disk_from_holoocean_location_sensor_pose,scene_registered_static_passive_anomaly_source_not_detection_truth,sv1,"[-383.681884765625, -56.635711669921875, 0.1637232005596161]","[46, 2]",2,"[46, 5]","[-350.0, -60.0]",0.0400138573469781,0.03,1.4780136909971904e-15,292.1660486778024,"[-270.0, 221.0, 0.5]",True,True,False,False,False,False,False,False,False,False
phase5e_bridge_clue_sensor_realized_search,target,11,post_step_holoocean_pose,phase5e_passive_anomaly_clue_sensor,local_passive_anomaly_observation_for_gp_only,local_grid_disk_from_holoocean_location_sensor_pose,scene_registered_static_passive_anomaly_source_not_detection_truth,sv1,"[-383.681884765625, -56.635711669921875, 0.1637232005596161]","[46, 2]",3,"[48, 6]","[-340.0, -80.0]",0.02465999706081941,0.03,2.356302755248023e-17,309.0323607650176,"[-270.0, 221.0, 0.5]",True,True,False,False,False,False,False,False,False,False
phase5e_bridge_clue_sensor_realized_search,target,11,post_step_holoocean_pose,phase5e_passive_anomaly_clue_sensor,local_passive_anomaly_observation_for_gp_only,local_grid_disk_from_holoocean_location_sensor_pose,scene_registered_static_passive_anomaly_source_not_detection_truth,sv1,"[-383.681884765625, -56.635711669921875, 0.1637232005596161]","[46, 2]",4,"[43, 6]","[-340.0, -30.0]",0.0,0.03,1.8394643570432175e-12,260.578203232734,"[-270.0, 221.0, 0.5]",True,True,False,False,False,False,False,False,False,False
phase5e_bridge_clue_sensor_realized_search,target,11,post_step_holoocean_pose,phase5e_passive_anomaly_clue_sensor,local_passive_anomaly_observation_for_gp_only,local_grid_disk_from_holoocean_location_sensor_pose,scene_registered_static_passive_anomaly_source_not_detection_truth,sv1,"[-383.681884765625, -56.635711669921875, 0.1637232005596161]","[46, 2]",5,"[47, 1]","[-390.0, -70.0]",0.025672400247909365,0.03,5.465493200403556e-18,314.77134558278965,"[-270.0, 221.0, 0.5]",True,True,False,False,False,False,False,False,False,False
phase5e_bridge_clue_sensor_realized_search,target,12,post_step_holoocean_pose,phase5e_passive_anomaly_clue_sensor,local_passive_anomaly_observation_for_gp_only,local_grid_disk_from_holoocean_location_sensor_pose,scene_registered_static_passive_anomaly_source_not_detection_truth,sv0,"[-334.23480224609375, 221.6481475830078, 0.1695447564125061]","[18, 7]",0,"[14, 9]","[-310.0, 260.0]",0.5920377384101534,0.03,0.5594895826376259,55.86591089385369,"[-270.0, 221.0, 0.5]",True,True,False,False,False,False,False,False,False,False
phase5e_bridge_clue_sensor_realized_search,target,12,post_step_holoocean_pose,phase5e_passive_anomaly_clue_sensor,local_passive_anomaly_observation_for_gp_only,local_grid_disk_from_holoocean_location_sensor_pose,scene_registered_static_passive_anomaly_source_not_detection_truth,sv0,"[-334.23480224609375, 221.6481475830078, 0.1695447564125061]","[18, 7]",1,"[19, 11]","[-290.0, 210.0]",1.610410832589209,0.03,1.6168731331204982,22.825424421026653,"[-270.0, 221.0, 0.5]",True,True,False,False,False,False,False,False,False,False
phase5e_bridge_clue_sensor_realized_search,target,12,post_step_holoocean_pose,phase5e_passive_anomaly_clue_sensor,local_passive_anomaly_observation_for_gp_only,local_grid_disk_from_holoocean_location_sensor_pose,scene_registered_static_passive_anomaly_source_not_detection_truth,sv0,"[-334.23480224609375, 221.6481475830078, 0.1695447564125061]","[18, 7]",2,"[17, 3]","[-370.0, 230.0]",0.04116382816925371,0.03,0.03266187782267759,100.4041831797859,"[-270.0, 221.0, 0.5]",True,True,False,False,False,False,False,False,False,False
phase5e_bridge_clue_sensor_realized_search,target,12,post_step_holoocean_pose,phase5e_passive_anomaly_clue_sensor,local_passive_anomaly_observation_for_gp_only,local_grid_disk_from_holoocean_location_sensor_pose,scene_registered_static_passive_anomaly_source_not_detection_truth,sv0,"[-334.23480224609375, 221.6481475830078, 0.1695447564125061]","[18, 7]",3,"[18, 10]","[-300.0, 220.0]",1.4517665210824815,0.03,1.3845734010612079,30.01666203960727,"[-270.0, 221.0, 0.5]",True,True,False,False,False,False,False,False,False,False
phase5e_bridge_clue_sensor_realized_search,target,12,post_step_holoocean_pose,phase5e_passive_anomaly_clue_sensor,local_passive_anomaly_observation_for_gp_only,local_grid_disk_from_holoocean_location_sensor_pose,scene_registered_static_passive_anomaly_source_not_detection_truth,sv0,"[-334.23480224609375, 221.6481475830078, 0.1695447564125061]","[18, 7]",4,"[18, 3]","[-370.0, 220.0]",0.06275507476171163,0.03,0.03374599161207529,100.00499987500623,"[-270.0, 221.0, 0.5]",True,True,False,False,False,False,False,False,False,False
phase5e_bridge_clue_sensor_realized_search,target,12,post_step_holoocean_pose,phase5e_passive_anomaly_clue_sensor,local_passive_anomaly_observation_for_gp_only,local_grid_disk_from_holoocean_location_sensor_pose,scene_registered_static_passive_anomaly_source_not_detection_truth,sv0,"[-334.23480224609375, 221.6481475830078, 0.1695447564125061]","[18, 7]",5,"[22, 5]","[-350.0, 180.0]",0.06815755288394157,0.03,0.07388686800248556,89.89438247187641,"[-270.0, 221.0, 0.5]",True,True,False,False,False,False,False,False,False,False
phase5e_bridge_clue_sensor_realized_search,target,12,post_step_holoocean_pose,phase5e_passive_anomaly_clue_sensor,local_passive_anomaly_observation_for_gp_only,local_grid_disk_from_holoocean_location_sensor_pose,scene_registered_static_passive_anomaly_source_not_detection_truth,sv1,"[-378.7476501464844, -65.1767578125, 0.17749284207820892]","[47, 2]",0,"[49, 1]","[-390.0, -90.0]",0.0,0.03,4.0121964574431186e-20,333.3481663366397,"[-270.0, 221.0, 0.5]",True,True,False,False,False,False,False,False,False,False
phase5e_bridge_clue_sensor_realized_search,target,12,post_step_holoocean_pose,phase5e_passive_anomaly_clue_sensor,local_passive_anomaly_observation_for_gp_only,local_grid_disk_from_holoocean_location_sensor_pose,scene_registered_static_passive_anomaly_source_not_detection_truth,sv1,"[-378.7476501464844, -65.1767578125, 0.17749284207820892]","[47, 2]",1,"[43, 2]","[-380.0, -30.0]",0.0031035558220304377,0.03,9.73637717056256e-14,274.0456166407337,"[-270.0, 221.0, 0.5]",True,True,False,False,False,False,False,False,False,False
phase5e_bridge_clue_sensor_realized_search,target,12,post_step_holoocean_pose,phase5e_passive_anomaly_clue_sensor,local_passive_anomaly_observation_for_gp_only,local_grid_disk_from_holoocean_location_sensor_pose,scene_registered_static_passive_anomaly_source_not_detection_truth,sv1,"[-378.7476501464844, -65.1767578125, 0.17749284207820892]","[47, 2]",2,"[48, 2]","[-380.0, -80.0]",0.0,0.03,1.2472028754070248e-18,320.46996739164183,"[-270.0, 221.0, 0.5]",True,True,False,False,False,False,False,False,False,False
phase5e_bridge_clue_sensor_realized_search,target,12,post_step_holoocean_pose,phase5e_passive_anomaly_clue_sensor,local_passive_anomaly_observation_for_gp_only,local_grid_disk_from_holoocean_location_sensor_pose,scene_registered_static_passive_anomaly_source_not_detection_truth,sv1,"[-378.7476501464844, -65.1767578125, 0.17749284207820892]","[47, 2]",3,"[47, 2]","[-380.0, -70.0]",0.025039460503829273,0.03,1.3974438996341805e-17,311.0964480671549,"[-270.0, 221.0, 0.5]",True,True,False,False,False,False,False,False,False,False
phase5e_bridge_clue_sensor_realized_search,target,12,post_step_holoocean_pose,phase5e_passive_anomaly_clue_sensor,local_passive_anomaly_observation_for_gp_only,local_grid_disk_from_holoocean_location_sensor_pose,scene_registered_static_passive_anomaly_source_not_detection_truth,sv1,"[-378.7476501464844, -65.1767578125, 0.17749284207820892]","[47, 2]",4,"[44, 4]","[-360.0, -40.0]",0.03102687690067662,0.03,6.164001973224624e-14,276.08150970320344,"[-270.0, 221.0, 0.5]",True,True,False,False,False,False,False,False,False,False
phase5e_bridge_clue_sensor_realized_search,target,12,post_step_holoocean_pose,phase5e_passive_anomaly_clue_sensor,local_passive_anomaly_observation_for_gp_only,local_grid_disk_from_holoocean_location_sensor_pose,scene_registered_static_passive_anomaly_source_not_detection_truth,sv1,"[-378.7476501464844, -65.1767578125, 0.17749284207820892]","[47, 2]",5,"[46, 2]","[-380.0, -60.0]",0.005590641487411566,0.03,1.4430422612289918e-16,301.7631521574495,"[-270.0, 221.0, 0.5]",True,True,False,False,False,False,False,False,False,False
phase5e_bridge_clue_sensor_realized_search,target,13,post_step_holoocean_pose,phase5e_passive_anomaly_clue_sensor,local_passive_anomaly_observation_for_gp_only,local_grid_disk_from_holoocean_location_sensor_pose,scene_registered_static_passive_anomaly_source_not_detection_truth,sv0,"[-324.7384338378906, 218.5858154296875, 0.16548392176628113]","[18, 8]",0,"[16, 10]","[-300.0, 240.0]",1.2281244450576807,0.03,1.195367061925122,35.51056180912941,"[-270.0, 221.0, 0.5]",True,True,False,False,False,False,False,False,False,False
phase5e_bridge_clue_sensor_realized_search,target,13,post_step_holoocean_pose,phase5e_passive_anomaly_clue_sensor,local_passive_anomaly_observation_for_gp_only,local_grid_disk_from_holoocean_location_sensor_pose,scene_registered_static_passive_anomaly_source_not_detection_truth,sv0,"[-324.7384338378906, 218.5858154296875, 0.16548392176628113]","[18, 8]",1,"[14, 5]","[-350.0, 260.0]",0.07563849650331261,0.03,0.07887317912782621,89.0,"[-270.0, 221.0, 0.5]",True,True,False,False,False,False,False,False,False,False
phase5e_bridge_clue_sensor_realized_search,target,13,post_step_holoocean_pose,phase5e_passive_anomaly_clue_sensor,local_passive_anomaly_observation_for_gp_only,local_grid_disk_from_holoocean_location_sensor_pose,scene_registered_static_passive_anomaly_source_not_detection_truth,sv0,"[-324.7384338378906, 218.5858154296875, 0.16548392176628113]","[18, 8]",2,"[15, 8]","[-320.0, 250.0]",0.5085530616698399,0.03,0.5114393421330317,57.8013840664737,"[-270.0, 221.0, 0.5]",True,True,False,False,False,False,False,False,False,False
phase5e_bridge_clue_sensor_realized_search,target,13,post_step_holoocean_pose,phase5e_passive_anomaly_clue_sensor,local_passive_anomaly_observation_for_gp_only,local_grid_disk_from_holoocean_location_sensor_pose,scene_registered_static_passive_anomaly_source_not_detection_truth,sv0,"[-324.7384338378906, 218.5858154296875, 0.16548392176628113]","[18, 8]",3,"[22, 6]","[-340.0, 180.0]",0.1814776046598467,0.03,0.1362893242926281,81.12336284942828,"[-270.0, 221.0, 0.5]",True,True,False,False,False,False,False,False,False,False
phase5e_bridge_clue_sensor_realized_search,target,13,post_step_holoocean_pose,phase5e_passive_anomaly_clue_sensor,local_passive_anomaly_observation_for_gp_only,local_grid_disk_from_holoocean_location_sensor_pose,scene_registered_static_passive_anomaly_source_not_detection_truth,sv0,"[-324.7384338378906, 218.5858154296875, 0.16548392176628113]","[18, 8]",4,"[19, 10]","[-300.0, 210.0]",1.3454933589814835,0.03,1.3183915708488387,31.953090617340916,"[-270.0, 221.0, 0.5]",True,True,False,False,False,False,False,False,False,False
phase5e_bridge_clue_sensor_realized_search,target,13,post_step_holoocean_pose,phase5e_passive_anomaly_clue_sensor,local_passive_anomaly_observation_for_gp_only,local_grid_disk_from_holoocean_location_sensor_pose,scene_registered_static_passive_anomaly_source_not_detection_truth,sv0,"[-324.7384338378906, 218.5858154296875, 0.16548392176628113]","[18, 8]",5,"[18, 11]","[-290.0, 220.0]",1.7133544046488844,0.03,1.6980384147691252,20.024984394500787,"[-270.0, 221.0, 0.5]",True,True,False,False,False,False,False,False,False,False
phase5e_bridge_clue_sensor_realized_search,target,13,post_step_holoocean_pose,phase5e_passive_anomaly_clue_sensor,local_passive_anomaly_observation_for_gp_only,local_grid_disk_from_holoocean_location_sensor_pose,scene_registered_static_passive_anomaly_source_not_detection_truth,sv1,"[-380.9281005859375, -75.9268569946289, 0.16233786940574646]","[48, 2]",0,"[50, 1]","[-390.0, -100.0]",0.0,0.03,3.0414430570832554e-21,342.6966588690354,"[-270.0, 221.0, 0.5]",True,True,False,False,False,False,False,False,False,False
phase5e_bridge_clue_sensor_realized_search,target,13,post_step_holoocean_pose,phase5e_passive_anomaly_clue_sensor,local_passive_anomaly_observation_for_gp_only,local_grid_disk_from_holoocean_location_sensor_pose,scene_registered_static_passive_anomaly_source_not_detection_truth,sv1,"[-380.9281005859375, -75.9268569946289, 0.16233786940574646]","[48, 2]",1,"[45, 2]","[-380.0, -50.0]",0.03103883740776093,0.03,1.3733179839832245e-15,292.4739304621866,"[-270.0, 221.0, 0.5]",True,True,False,False,False,False,False,False,False,False
phase5e_bridge_clue_sensor_realized_search,target,13,post_step_holoocean_pose,phase5e_passive_anomaly_clue_sensor,local_passive_anomaly_observation_for_gp_only,local_grid_disk_from_holoocean_location_sensor_pose,scene_registered_static_passive_anomaly_source_not_detection_truth,sv1,"[-380.9281005859375, -75.9268569946289, 0.16233786940574646]","[48, 2]",2,"[52, 3]","[-370.0, -120.0]",0.04368729921552913,0.03,8.242791108289221e-23,355.3603804590489,"[-270.0, 221.0, 0.5]",True,True,False,False,False,False,False,False,False,False
phase5e_bridge_clue_sensor_realized_search,target,13,post_step_holoocean_pose,phase5e_passive_anomaly_clue_sensor,local_passive_anomaly_observation_for_gp_only,local_grid_disk_from_holoocean_location_sensor_pose,scene_registered_static_passive_anomaly_source_not_detection_truth,sv1,"[-380.9281005859375, -75.9268569946289, 0.16233786940574646]","[48, 2]",3,"[49, 1]","[-390.0, -90.0]",0.0,0.03,4.0121964574431186e-20,333.3481663366397,"[-270.0, 221.0, 0.5]",True,True,False,False,False,False,False,False,False,False
phase5e_bridge_clue_sensor_realized_search,target,13,post_step_holoocean_pose,phase5e_passive_anomaly_clue_sensor,local_passive_anomaly_observation_for_gp_only,local_grid_disk_from_holoocean_location_sensor_pose,scene_registered_static_passive_anomaly_source_not_detection_truth,sv1,"[-380.9281005859375, -75.9268569946289, 0.16233786940574646]","[48, 2]",4,"[46, 6]","[-340.0, -60.0]",0.0,0.03,2.726296196970794e-15,289.5876378576959,"[-270.0, 221.0, 0.5]",True,True,False,False,False,False,False,False,False,False
phase5e_bridge_clue_sensor_realized_search,target,13,post_step_holoocean_pose,phase5e_passive_anomaly_clue_sensor,local_passive_anomaly_observation_for_gp_only,local_grid_disk_from_holoocean_location_sensor_pose,scene_registered_static_passive_anomaly_source_not_detection_truth,sv1,"[-380.9281005859375, -75.9268569946289, 0.16233786940574646]","[48, 2]",5,"[47, 4]","[-360.0, -70.0]",0.052310125601255406,0.03,7.151326350662288e-17,304.5997373603595,"[-270.0, 221.0, 0.5]",True,True,False,False,False,False,False,False,False,False
phase5e_bridge_clue_sensor_realized_search,target,14,post_step_holoocean_pose,phase5e_passive_anomaly_clue_sensor,local_passive_anomaly_observation_for_gp_only,local_grid_disk_from_holoocean_location_sensor_pose,scene_registered_static_passive_anomaly_source_not_detection_truth,sv0,"[-314.85498046875, 221.08287048339844, 0.16598603129386902]","[18, 9]",0,"[16, 12]","[-280.0, 240.0]",1.6606727292401273,0.03,1.6569588684836807,21.470910553583888,"[-270.0, 221.0, 0.5]",True,True,False,False,False,False,False,False,False,False
phase5e_bridge_clue_sensor_realized_search,target,14,post_step_holoocean_pose,phase5e_passive_anomaly_clue_sensor,local_passive_anomaly_observation_for_gp_only,local_grid_disk_from_holoocean_location_sensor_pose,scene_registered_static_passive_anomaly_source_not_detection_truth,sv0,"[-314.85498046875, 221.08287048339844, 0.16598603129386902]","[18, 9]",1,"[14, 8]","[-320.0, 260.0]",0.4298764051174221,0.03,0.3874853221471888,63.411355449950754,"[-270.0, 221.0, 0.5]",True,True,False,False,False,False,False,False,False,False
phase5e_bridge_clue_sensor_realized_search,target,14,post_step_holoocean_pose,phase5e_passive_anomaly_clue_sensor,local_passive_anomaly_observation_for_gp_only,local_grid_disk_from_holoocean_location_sensor_pose,scene_registered_static_passive_anomaly_source_not_detection_truth,sv0,"[-314.85498046875, 221.08287048339844, 0.16598603129386902]","[18, 9]",2,"[16, 7]","[-330.0, 240.0]",0.40309590908858034,0.03,0.39709191017350604,62.93647591023826,"[-270.0, 221.0, 0.5]",True,True,False,False,False,False,False,False,False,False
phase5e_bridge_clue_sensor_realized_search,target,14,post_step_holoocean_pose,phase5e_passive_anomaly_clue_sensor,local_passive_anomaly_observation_for_gp_only,local_grid_disk_from_holoocean_location_sensor_pose,scene_registered_static_passive_anomaly_source_not_detection_truth,sv0,"[-314.85498046875, 221.08287048339844, 0.16598603129386902]","[18, 9]",3,"[22, 6]","[-340.0, 180.0]",0.22427954528773802,0.03,0.1362893242926281,81.12336284942828,"[-270.0, 221.0, 0.5]",True,True,False,False,False,False,False,False,False,False
phase5e_bridge_clue_sensor_realized_search,target,14,post_step_holoocean_pose,phase5e_passive_anomaly_clue_sensor,local_passive_anomaly_observation_for_gp_only,local_grid_disk_from_holoocean_location_sensor_pose,scene_registered_static_passive_anomaly_source_not_detection_truth,sv0,"[-314.85498046875, 221.08287048339844, 0.16598603129386902]","[18, 9]",4,"[17, 8]","[-320.0, 230.0]",0.6789059187886871,0.03,0.697451565950489,50.80354318352215,"[-270.0, 221.0, 0.5]",True,True,False,False,False,False,False,False,False,False
phase5e_bridge_clue_sensor_realized_search,target,14,post_step_holoocean_pose,phase5e_passive_anomaly_clue_sensor,local_passive_anomaly_observation_for_gp_only,local_grid_disk_from_holoocean_location_sensor_pose,scene_registered_static_passive_anomaly_source_not_detection_truth,sv0,"[-314.85498046875, 221.08287048339844, 0.16598603129386902]","[18, 9]",5,"[20, 11]","[-290.0, 200.0]",1.4644796844032757,0.03,1.4188999303410441,29.0,"[-270.0, 221.0, 0.5]",True,True,False,False,False,False,False,False,False,False
phase5e_bridge_clue_sensor_realized_search,target,14,post_step_holoocean_pose,phase5e_passive_anomaly_clue_sensor,local_passive_anomaly_observation_for_gp_only,local_grid_disk_from_holoocean_location_sensor_pose,scene_registered_static_passive_anomaly_source_not_detection_truth,sv1,"[-381.1787109375, -87.38159942626953, 0.1649179756641388]","[49, 2]",0,"[48, 2]","[-380.0, -80.0]",0.036203824468487376,0.03,1.2472028754070248e-18,320.46996739164183,"[-270.0, 221.0, 0.5]",True,True,False,False,False,False,False,False,False,False
phase5e_bridge_clue_sensor_realized_search,target,14,post_step_holoocean_pose,phase5e_passive_anomaly_clue_sensor,local_passive_anomaly_observation_for_gp_only,local_grid_disk_from_holoocean_location_sensor_pose,scene_registered_static_passive_anomaly_source_not_detection_truth,sv1,"[-381.1787109375, -87.38159942626953, 0.1649179756641388]","[49, 2]",1,"[51, 2]","[-380.0, -110.0]",0.010286348806536932,0.03,5.432873621476267e-22,348.7993692654848,"[-270.0, 221.0, 0.5]",True,True,False,False,False,False,False,False,False,False
phase5e_bridge_clue_sensor_realized_search,target,14,post_step_holoocean_pose,phase5e_passive_anomaly_clue_sensor,local_passive_anomaly_observation_for_gp_only,local_grid_disk_from_holoocean_location_sensor_pose,scene_registered_static_passive_anomaly_source_not_detection_truth,sv1,"[-381.1787109375, -87.38159942626953, 0.1649179756641388]","[49, 2]",2,"[45, 3]","[-370.0, -50.0]",0.0,0.03,3.2361118247151862e-15,288.8615585362649,"[-270.0, 221.0, 0.5]",True,True,False,False,False,False,False,False,False,False
phase5e_bridge_clue_sensor_realized_search,target,14,post_step_holoocean_pose,phase5e_passive_anomaly_clue_sensor,local_passive_anomaly_observation_for_gp_only,local_grid_disk_from_holoocean_location_sensor_pose,scene_registered_static_passive_anomaly_source_not_detection_truth,sv1,"[-381.1787109375, -87.38159942626953, 0.1649179756641388]","[49, 2]",3,"[50, 3]","[-370.0, -100.0]",0.028068383451039625,0.03,1.8324710690716844e-20,336.2157045707413,"[-270.0, 221.0, 0.5]",True,True,False,False,False,False,False,False,False,False
phase5e_bridge_clue_sensor_realized_search,target,14,post_step_holoocean_pose,phase5e_passive_anomaly_clue_sensor,local_passive_anomaly_observation_for_gp_only,local_grid_disk_from_holoocean_location_sensor_pose,scene_registered_static_passive_anomaly_source_not_detection_truth,sv1,"[-381.1787109375, -87.38159942626953, 0.1649179756641388]","[49, 2]",4,"[45, 4]","[-360.0, -50.0]",0.06901168631972916,0.03,7.027863579545744e-15,285.55384781158176,"[-270.0, 221.0, 0.5]",True,True,False,False,False,False,False,False,False,False
phase5e_bridge_clue_sensor_realized_search,target,14,post_step_holoocean_pose,phase5e_passive_anomaly_clue_sensor,local_passive_anomaly_observation_for_gp_only,local_grid_disk_from_holoocean_location_sensor_pose,scene_registered_static_passive_anomaly_source_not_detection_truth,sv1,"[-381.1787109375, -87.38159942626953, 0.1649179756641388]","[49, 2]",5,"[47, 6]","[-340.0, -70.0]",0.019064034171264208,0.03,2.6401485884467316e-16,299.3008519867593,"[-270.0, 221.0, 0.5]",True,True,False,False,False,False,False,False,False,False
phase5e_bridge_clue_sensor_realized_search,target,15,post_step_holoocean_pose,phase5e_passive_anomaly_clue_sensor,local_passive_anomaly_observation_for_gp_only,local_grid_disk_from_holoocean_location_sensor_pose,scene_registered_static_passive_anomaly_source_not_detection_truth,sv0,"[-304.8433532714844, 220.76400756835938, 0.16779766976833344]","[18, 10]",0,"[17, 14]","[-260.0, 230.0]",1.882682468459312,0.03,1.8575708314099897,13.453624047073712,"[-270.0, 221.0, 0.5]",True,True,False,False,False,False,False,False,False,False
phase5e_bridge_clue_sensor_realized_search,target,15,post_step_holoocean_pose,phase5e_passive_anomaly_clue_sensor,local_passive_anomaly_observation_for_gp_only,local_grid_disk_from_holoocean_location_sensor_pose,scene_registered_static_passive_anomaly_source_not_detection_truth,sv0,"[-304.8433532714844, 220.76400756835938, 0.16779766976833344]","[18, 10]",1,"[15, 9]","[-310.0, 250.0]",0.7444143029390046,0.03,0.7384666404622623,49.4064773081425,"[-270.0, 221.0, 0.5]",True,True,False,False,False,False,False,False,False,False
phase5e_bridge_clue_sensor_realized_search,target,15,post_step_holoocean_pose,phase5e_passive_anomaly_clue_sensor,local_passive_anomaly_observation_for_gp_only,local_grid_disk_from_holoocean_location_sensor_pose,scene_registered_static_passive_anomaly_source_not_detection_truth,sv0,"[-304.8433532714844, 220.76400756835938, 0.16779766976833344]","[18, 10]",2,"[21, 8]","[-320.0, 190.0]",0.4878602283467746,0.03,0.4869928290922412,58.83026432033092,"[-270.0, 221.0, 0.5]",True,True,False,False,False,False,False,False,False,False
phase5e_bridge_clue_sensor_realized_search,target,15,post_step_holoocean_pose,phase5e_passive_anomaly_clue_sensor,local_passive_anomaly_observation_for_gp_only,local_grid_disk_from_holoocean_location_sensor_pose,scene_registered_static_passive_anomaly_source_not_detection_truth,sv0,"[-304.8433532714844, 220.76400756835938, 0.16779766976833344]","[18, 10]",3,"[14, 9]","[-310.0, 260.0]",0.6194160143308762,0.03,0.5594895826376259,55.86591089385369,"[-270.0, 221.0, 0.5]",True,True,False,False,False,False,False,False,False,False
phase5e_bridge_clue_sensor_realized_search,target,15,post_step_holoocean_pose,phase5e_passive_anomaly_clue_sensor,local_passive_anomaly_observation_for_gp_only,local_grid_disk_from_holoocean_location_sensor_pose,scene_registered_static_passive_anomaly_source_not_detection_truth,sv0,"[-304.8433532714844, 220.76400756835938, 0.16779766976833344]","[18, 10]",4,"[21, 9]","[-310.0, 190.0]",0.6957778187988584,0.03,0.7031683501880788,50.60632371551998,"[-270.0, 221.0, 0.5]",True,True,False,False,False,False,False,False,False,False
phase5e_bridge_clue_sensor_realized_search,target,15,post_step_holoocean_pose,phase5e_passive_anomaly_clue_sensor,local_passive_anomaly_observation_for_gp_only,local_grid_disk_from_holoocean_location_sensor_pose,scene_registered_static_passive_anomaly_source_not_detection_truth,sv0,"[-304.8433532714844, 220.76400756835938, 0.16779766976833344]","[18, 10]",5,"[19, 7]","[-330.0, 210.0]",0.4425956942819887,0.03,0.43795972291715046,61.0,"[-270.0, 221.0, 0.5]",True,True,False,False,False,False,False,False,False,False
phase5e_bridge_clue_sensor_realized_search,target,15,post_step_holoocean_pose,phase5e_passive_anomaly_clue_sensor,local_passive_anomaly_observation_for_gp_only,local_grid_disk_from_holoocean_location_sensor_pose,scene_registered_static_passive_anomaly_source_not_detection_truth,sv1,"[-378.6702880859375, -97.1435317993164, 0.16142387688159943]","[50, 2]",0,"[50, 2]","[-380.0, -100.0]",0.0308711856457002,0.03,7.776509622026357e-21,339.32432862970495,"[-270.0, 221.0, 0.5]",True,True,False,False,False,False,False,False,False,False
phase5e_bridge_clue_sensor_realized_search,target,15,post_step_holoocean_pose,phase5e_passive_anomaly_clue_sensor,local_passive_anomaly_observation_for_gp_only,local_grid_disk_from_holoocean_location_sensor_pose,scene_registered_static_passive_anomaly_source_not_detection_truth,sv1,"[-378.6702880859375, -97.1435317993164, 0.16142387688159943]","[50, 2]",1,"[52, 1]","[-390.0, -120.0]",0.0,0.03,1.368096894429767e-23,361.4982710885351,"[-270.0, 221.0, 0.5]",True,True,False,False,False,False,False,False,False,False
phase5e_bridge_clue_sensor_realized_search,target,15,post_step_holoocean_pose,phase5e_passive_anomaly_clue_sensor,local_passive_anomaly_observation_for_gp_only,local_grid_disk_from_holoocean_location_sensor_pose,scene_registered_static_passive_anomaly_source_not_detection_truth,sv1,"[-378.6702880859375, -97.1435317993164, 0.16142387688159943]","[50, 2]",2,"[51, 1]","[-390.0, -110.0]",0.023084443015394474,0.03,2.124831905209494e-22,352.080956599473,"[-270.0, 221.0, 0.5]",True,True,False,False,False,False,False,False,False,False
phase5e_bridge_clue_sensor_realized_search,target,15,post_step_holoocean_pose,phase5e_passive_anomaly_clue_sensor,local_passive_anomaly_observation_for_gp_only,local_grid_disk_from_holoocean_location_sensor_pose,scene_registered_static_passive_anomaly_source_not_detection_truth,sv1,"[-378.6702880859375, -97.1435317993164, 0.16142387688159943]","[50, 2]",3,"[53, 3]","[-370.0, -130.0]",0.05303197832432553,0.03,4.891183556897995e-24,364.9671218068828,"[-270.0, 221.0, 0.5]",True,True,False,False,False,False,False,False,False,False
phase5e_bridge_clue_sensor_realized_search,target,15,post_step_holoocean_pose,phase5e_passive_anomaly_clue_sensor,local_passive_anomaly_observation_for_gp_only,local_grid_disk_from_holoocean_location_sensor_pose,scene_registered_static_passive_anomaly_source_not_detection_truth,sv1,"[-378.6702880859375, -97.1435317993164, 0.16142387688159943]","[50, 2]",4,"[48, 5]","[-350.0, -80.0]",0.014971111770935307,0.03,1.2774282325818352e-17,311.4498354470588,"[-270.0, 221.0, 0.5]",True,True,False,False,False,False,False,False,False,False
phase5e_bridge_clue_sensor_realized_search,target,15,post_step_holoocean_pose,phase5e_passive_anomaly_clue_sensor,local_passive_anomaly_observation_for_gp_only,local_grid_disk_from_holoocean_location_sensor_pose,scene_registered_static_passive_anomaly_source_not_detection_truth,sv1,"[-378.6702880859375, -97.1435317993164, 0.16142387688159943]","[50, 2]",5,"[52, 6]","[-340.0, -120.0]",0.0,0.03,6.608697426282423e-22,348.11061460403647,"[-270.0, 221.0, 0.5]",True,True,False,False,False,False,False,False,False,False
phase5e_bridge_clue_sensor_realized_search,target,16,post_step_holoocean_pose,phase5e_passive_anomaly_clue_sensor,local_passive_anomaly_observation_for_gp_only,local_grid_disk_from_holoocean_location_sensor_pose,scene_registered_static_passive_anomaly_source_not_detection_truth,sv0,"[-293.912353515625, 217.05322265625, 0.16920004785060883]","[18, 11]",0,"[21, 12]","[-280.0, 190.0]",1.339713426193129,0.03,1.2970415704705662,32.57299494980467,"[-270.0, 221.0, 0.5]",True,True,False,False,False,False,False,False,False,False
phase5e_bridge_clue_sensor_realized_search,target,16,post_step_holoocean_pose,phase5e_passive_anomaly_clue_sensor,local_passive_anomaly_observation_for_gp_only,local_grid_disk_from_holoocean_location_sensor_pose,scene_registered_static_passive_anomaly_source_not_detection_truth,sv0,"[-293.912353515625, 217.05322265625, 0.16920004785060883]","[18, 11]",1,"[15, 14]","[-260.0, 250.0]",1.3816829925288872,0.03,1.3621516537669875,30.675723300355937,"[-270.0, 221.0, 0.5]",True,True,False,False,False,False,False,False,False,False
phase5e_bridge_clue_sensor_realized_search,target,16,post_step_holoocean_pose,phase5e_passive_anomaly_clue_sensor,local_passive_anomaly_observation_for_gp_only,local_grid_disk_from_holoocean_location_sensor_pose,scene_registered_static_passive_anomaly_source_not_detection_truth,sv0,"[-293.912353515625, 217.05322265625, 0.16920004785060883]","[18, 11]",2,"[22, 14]","[-260.0, 180.0]",0.9614349876155569,0.03,0.9667729640118553,42.20189569201839,"[-270.0, 221.0, 0.5]",True,True,False,False,False,False,False,False,False,False
phase5e_bridge_clue_sensor_realized_search,target,16,post_step_holoocean_pose,phase5e_passive_anomaly_clue_sensor,local_passive_anomaly_observation_for_gp_only,local_grid_disk_from_holoocean_location_sensor_pose,scene_registered_static_passive_anomaly_source_not_detection_truth,sv0,"[-293.912353515625, 217.05322265625, 0.16920004785060883]","[18, 11]",3,"[16, 12]","[-280.0, 240.0]",1.6943054596919225,0.03,1.6569588684836807,21.470910553583888,"[-270.0, 221.0, 0.5]",True,True,False,False,False,False,False,False,False,False
phase5e_bridge_clue_sensor_realized_search,target,16,post_step_holoocean_pose,phase5e_passive_anomaly_clue_sensor,local_passive_anomaly_observation_for_gp_only,local_grid_disk_from_holoocean_location_sensor_pose,scene_registered_static_passive_anomaly_source_not_detection_truth,sv0,"[-293.912353515625, 217.05322265625, 0.16920004785060883]","[18, 11]",4,"[21, 7]","[-330.0, 190.0]",0.34728257948593555,0.03,0.3108373566713398,67.53517601961218,"[-270.0, 221.0, 0.5]",True,True,False,False,False,False,False,False,False,False
phase5e_bridge_clue_sensor_realized_search,target,16,post_step_holoocean_pose,phase5e_passive_anomaly_clue_sensor,local_passive_anomaly_observation_for_gp_only,local_grid_disk_from_holoocean_location_sensor_pose,scene_registered_static_passive_anomaly_source_not_detection_truth,sv0,"[-293.912353515625, 217.05322265625, 0.16920004785060883]","[18, 11]",5,"[21, 15]","[-250.0, 190.0]",1.1392980259304075,0.03,1.147558883781552,36.89173349139343,"[-270.0, 221.0, 0.5]",True,True,False,False,False,False,False,False,False,False
phase5e_bridge_clue_sensor_realized_search,target,16,post_step_holoocean_pose,phase5e_passive_anomaly_clue_sensor,local_passive_anomaly_observation_for_gp_only,local_grid_disk_from_holoocean_location_sensor_pose,scene_registered_static_passive_anomaly_source_not_detection_truth,sv1,"[-381.3080139160156, -107.04463195800781, 0.16080829501152039]","[51, 2]",0,"[48, 4]","[-360.0, -80.0]",0.018662653592940854,0.03,6.3824778868438324e-18,314.16715296160413,"[-270.0, 221.0, 0.5]",True,True,False,False,False,False,False,False,False,False
phase5e_bridge_clue_sensor_realized_search,target,16,post_step_holoocean_pose,phase5e_passive_anomaly_clue_sensor,local_passive_anomaly_observation_for_gp_only,local_grid_disk_from_holoocean_location_sensor_pose,scene_registered_static_passive_anomaly_source_not_detection_truth,sv1,"[-381.3080139160156, -107.04463195800781, 0.16080829501152039]","[51, 2]",1,"[51, 4]","[-360.0, -110.0]",0.05986357447633049,0.03,2.78023699550674e-21,343.0174922653362,"[-270.0, 221.0, 0.5]",True,True,False,False,False,False,False,False,False,False
phase5e_bridge_clue_sensor_realized_search,target,16,post_step_holoocean_pose,phase5e_passive_anomaly_clue_sensor,local_passive_anomaly_observation_for_gp_only,local_grid_disk_from_holoocean_location_sensor_pose,scene_registered_static_passive_anomaly_source_not_detection_truth,sv1,"[-381.3080139160156, -107.04463195800781, 0.16080829501152039]","[51, 2]",2,"[47, 3]","[-370.0, -70.0]",0.007948933589305627,0.03,3.292962577294514e-17,307.7027786679867,"[-270.0, 221.0, 0.5]",True,True,False,False,False,False,False,False,False,False
phase5e_bridge_clue_sensor_realized_search,target,16,post_step_holoocean_pose,phase5e_passive_anomaly_clue_sensor,local_passive_anomaly_observation_for_gp_only,local_grid_disk_from_holoocean_location_sensor_pose,scene_registered_static_passive_anomaly_source_not_detection_truth,sv1,"[-381.3080139160156, -107.04463195800781, 0.16080829501152039]","[51, 2]",3,"[47, 5]","[-350.0, -70.0]",0.0,0.03,1.4313102752103422e-16,301.7962889102515,"[-270.0, 221.0, 0.5]",True,True,False,False,False,False,False,False,False,False
phase5e_bridge_clue_sensor_realized_search,target,16,post_step_holoocean_pose,phase5e_passive_anomaly_clue_sensor,local_passive_anomaly_observation_for_gp_only,local_grid_disk_from_holoocean_location_sensor_pose,scene_registered_static_passive_anomaly_source_not_detection_truth,sv1,"[-381.3080139160156, -107.04463195800781, 0.16080829501152039]","[51, 2]",4,"[53, 2]","[-380.0, -130.0]",0.03037731856991329,0.03,2.075685484769144e-24,367.83284247059834,"[-270.0, 221.0, 0.5]",True,True,False,False,False,False,False,False,False,False
phase5e_bridge_clue_sensor_realized_search,target,16,post_step_holoocean_pose,phase5e_passive_anomaly_clue_sensor,local_passive_anomaly_observation_for_gp_only,local_grid_disk_from_holoocean_location_sensor_pose,scene_registered_static_passive_anomaly_source_not_detection_truth,sv1,"[-381.3080139160156, -107.04463195800781, 0.16080829501152039]","[51, 2]",5,"[49, 2]","[-380.0, -90.0]",0.007103700258582216,0.03,1.0258579158371078e-19,329.88028131429735,"[-270.0, 221.0, 0.5]",True,True,False,False,False,False,False,False,False,False
phase5e_bridge_clue_sensor_realized_search,target,17,post_step_holoocean_pose,phase5e_passive_anomaly_clue_sensor,local_passive_anomaly_observation_for_gp_only,local_grid_disk_from_holoocean_location_sensor_pose,scene_registered_static_passive_anomaly_source_not_detection_truth,sv0,"[-284.6370849609375, 221.56297302246094, 0.17363283038139343]","[18, 12]",0,"[21, 15]","[-250.0, 190.0]",1.1488944877694687,0.03,1.147558883781552,36.89173349139343,"[-270.0, 221.0, 0.5]",True,True,False,False,False,False,False,False,False,False
phase5e_bridge_clue_sensor_realized_search,target,17,post_step_holoocean_pose,phase5e_passive_anomaly_clue_sensor,local_passive_anomaly_observation_for_gp_only,local_grid_disk_from_holoocean_location_sensor_pose,scene_registered_static_passive_anomaly_source_not_detection_truth,sv0,"[-284.6370849609375, 221.56297302246094, 0.17363283038139343]","[18, 12]",1,"[16, 16]","[-240.0, 240.0]",1.2084098615512502,0.03,1.195367061925122,35.51056180912941,"[-270.0, 221.0, 0.5]",True,True,False,False,False,False,False,False,False,False
phase5e_bridge_clue_sensor_realized_search,target,17,post_step_holoocean_pose,phase5e_passive_anomaly_clue_sensor,local_passive_anomaly_observation_for_gp_only,local_grid_disk_from_holoocean_location_sensor_pose,scene_registered_static_passive_anomaly_source_not_detection_truth,sv0,"[-284.6370849609375, 221.56297302246094, 0.17363283038139343]","[18, 12]",2,"[20, 12]","[-280.0, 200.0]",1.617628590397786,0.03,1.603727895796985,23.259406699226012,"[-270.0, 221.0, 0.5]",True,True,False,False,False,False,False,False,False,False
phase5e_bridge_clue_sensor_realized_search,target,17,post_step_holoocean_pose,phase5e_passive_anomaly_clue_sensor,local_passive_anomaly_observation_for_gp_only,local_grid_disk_from_holoocean_location_sensor_pose,scene_registered_static_passive_anomaly_source_not_detection_truth,sv0,"[-284.6370849609375, 221.56297302246094, 0.17363283038139343]","[18, 12]",3,"[21, 11]","[-290.0, 190.0]",1.2140646741698302,0.03,1.147558883781552,36.89173349139343,"[-270.0, 221.0, 0.5]",True,True,False,False,False,False,False,False,False,False
phase5e_bridge_clue_sensor_realized_search,target,17,post_step_holoocean_pose,phase5e_passive_anomaly_clue_sensor,local_passive_anomaly_observation_for_gp_only,local_grid_disk_from_holoocean_location_sensor_pose,scene_registered_static_passive_anomaly_source_not_detection_truth,sv0,"[-284.6370849609375, 221.56297302246094, 0.17363283038139343]","[18, 12]",4,"[22, 13]","[-270.0, 180.0]",0.9802247297256684,0.03,1.0070494628835809,41.0,"[-270.0, 221.0, 0.5]",True,True,False,False,False,False,False,False,False,False
phase5e_bridge_clue_sensor_realized_search,target,17,post_step_holoocean_pose,phase5e_passive_anomaly_clue_sensor,local_passive_anomaly_observation_for_gp_only,local_grid_disk_from_holoocean_location_sensor_pose,scene_registered_static_passive_anomaly_source_not_detection_truth,sv0,"[-284.6370849609375, 221.56297302246094, 0.17363283038139343]","[18, 12]",5,"[16, 11]","[-290.0, 240.0]",1.4852223504498745,0.03,1.4659960890067907,27.58622844826744,"[-270.0, 221.0, 0.5]",True,True,False,False,False,False,False,False,False,False
phase5e_bridge_clue_sensor_realized_search,target,17,post_step_holoocean_pose,phase5e_passive_anomaly_clue_sensor,local_passive_anomaly_observation_for_gp_only,local_grid_disk_from_holoocean_location_sensor_pose,scene_registered_static_passive_anomaly_source_not_detection_truth,sv1,"[-378.07830810546875, -116.2007827758789, 0.17908456921577454]","[52, 2]",0,"[55, 4]","[-360.0, -150.0]",0.0,0.03,2.9277586060911176e-26,381.7603960601466,"[-270.0, 221.0, 0.5]",True,True,False,False,False,False,False,False,False,False
phase5e_bridge_clue_sensor_realized_search,target,17,post_step_holoocean_pose,phase5e_passive_anomaly_clue_sensor,local_passive_anomaly_observation_for_gp_only,local_grid_disk_from_holoocean_location_sensor_pose,scene_registered_static_passive_anomaly_source_not_detection_truth,sv1,"[-378.07830810546875, -116.2007827758789, 0.17908456921577454]","[52, 2]",1,"[49, 2]","[-380.0, -90.0]",0.026640987137048197,0.03,1.0258579158371078e-19,329.88028131429735,"[-270.0, 221.0, 0.5]",True,True,False,False,False,False,False,False,False,False
phase5e_bridge_clue_sensor_realized_search,target,17,post_step_holoocean_pose,phase5e_passive_anomaly_clue_sensor,local_passive_anomaly_observation_for_gp_only,local_grid_disk_from_holoocean_location_sensor_pose,scene_registered_static_passive_anomaly_source_not_detection_truth,sv1,"[-378.07830810546875, -116.2007827758789, 0.17908456921577454]","[52, 2]",2,"[50, 4]","[-360.0, -100.0]",0.0,0.03,3.9795771544555604e-20,333.3781636520305,"[-270.0, 221.0, 0.5]",True,True,False,False,False,False,False,False,False,False
phase5e_bridge_clue_sensor_realized_search,target,17,post_step_holoocean_pose,phase5e_passive_anomaly_clue_sensor,local_passive_anomaly_observation_for_gp_only,local_grid_disk_from_holoocean_location_sensor_pose,scene_registered_static_passive_anomaly_source_not_detection_truth,sv1,"[-378.07830810546875, -116.2007827758789, 0.17908456921577454]","[52, 2]",3,"[52, 3]","[-370.0, -120.0]",0.03904186519552587,0.03,8.242791108289221e-23,355.3603804590489,"[-270.0, 221.0, 0.5]",True,True,False,False,False,False,False,False,False,False
phase5e_bridge_clue_sensor_realized_search,target,17,post_step_holoocean_pose,phase5e_passive_anomaly_clue_sensor,local_passive_anomaly_observation_for_gp_only,local_grid_disk_from_holoocean_location_sensor_pose,scene_registered_static_passive_anomaly_source_not_detection_truth,sv1,"[-378.07830810546875, -116.2007827758789, 0.17908456921577454]","[52, 2]",4,"[50, 5]","[-350.0, -100.0]",0.025990410421542244,0.03,7.964969563495293e-20,330.8186814555671,"[-270.0, 221.0, 0.5]",True,True,False,False,False,False,False,False,False,False
phase5e_bridge_clue_sensor_realized_search,target,17,post_step_holoocean_pose,phase5e_passive_anomaly_clue_sensor,local_passive_anomaly_observation_for_gp_only,local_grid_disk_from_holoocean_location_sensor_pose,scene_registered_static_passive_anomaly_source_not_detection_truth,sv1,"[-378.07830810546875, -116.2007827758789, 0.17908456921577454]","[52, 2]",5,"[50, 1]","[-390.0, -100.0]",0.029741093749467283,0.03,3.0414430570832554e-21,342.6966588690354,"[-270.0, 221.0, 0.5]",True,True,False,False,False,False,False,False,False,False
phase5e_bridge_clue_sensor_realized_search,target,18,post_step_holoocean_pose,phase5e_passive_anomaly_clue_sensor,local_passive_anomaly_observation_for_gp_only,local_grid_disk_from_holoocean_location_sensor_pose,scene_registered_static_passive_anomaly_source_not_detection_truth,sv0,"[-274.95977783203125, 219.40582275390625, 0.16535478830337524]","[18, 13]",0,"[17, 14]","[-260.0, 230.0]",1.8630839465990447,0.03,1.8575708314099897,13.453624047073712,"[-270.0, 221.0, 0.5]",True,True,False,False,False,False,False,False,False,False
phase5e_bridge_clue_sensor_realized_search,target,18,post_step_holoocean_pose,phase5e_passive_anomaly_clue_sensor,local_passive_anomaly_observation_for_gp_only,local_grid_disk_from_holoocean_location_sensor_pose,scene_registered_static_passive_anomaly_source_not_detection_truth,sv0,"[-274.95977783203125, 219.40582275390625, 0.16535478830337524]","[18, 13]",1,"[15, 16]","[-240.0, 250.0]",0.9846290937323137,0.03,0.9826865658710991,41.725292090050125,"[-270.0, 221.0, 0.5]",True,True,False,False,False,False,False,False,False,False
phase5e_bridge_clue_sensor_realized_search,target,18,post_step_holoocean_pose,phase5e_passive_anomaly_clue_sensor,local_passive_anomaly_observation_for_gp_only,local_grid_disk_from_holoocean_location_sensor_pose,scene_registered_static_passive_anomaly_source_not_detection_truth,sv0,"[-274.95977783203125, 219.40582275390625, 0.16535478830337524]","[18, 13]",2,"[14, 12]","[-280.0, 260.0]",1.0586164173504387,0.03,1.032016368103211,40.2616442783948,"[-270.0, 221.0, 0.5]",True,True,False,False,False,False,False,False,False,False
phase5e_bridge_clue_sensor_realized_search,target,18,post_step_holoocean_pose,phase5e_passive_anomaly_clue_sensor,local_passive_anomaly_observation_for_gp_only,local_grid_disk_from_holoocean_location_sensor_pose,scene_registered_static_passive_anomaly_source_not_detection_truth,sv0,"[-274.95977783203125, 219.40582275390625, 0.16535478830337524]","[18, 13]",3,"[14, 14]","[-260.0, 260.0]",1.0582645506891173,0.03,1.032016368103211,40.2616442783948,"[-270.0, 221.0, 0.5]",True,True,False,False,False,False,False,False,False,False
phase5e_bridge_clue_sensor_realized_search,target,18,post_step_holoocean_pose,phase5e_passive_anomaly_clue_sensor,local_passive_anomaly_observation_for_gp_only,local_grid_disk_from_holoocean_location_sensor_pose,scene_registered_static_passive_anomaly_source_not_detection_truth,sv0,"[-274.95977783203125, 219.40582275390625, 0.16535478830337524]","[18, 13]",4,"[21, 15]","[-250.0, 190.0]",1.1554504553033231,0.03,1.147558883781552,36.89173349139343,"[-270.0, 221.0, 0.5]",True,True,False,False,False,False,False,False,False,False
phase5e_bridge_clue_sensor_realized_search,target,18,post_step_holoocean_pose,phase5e_passive_anomaly_clue_sensor,local_passive_anomaly_observation_for_gp_only,local_grid_disk_from_holoocean_location_sensor_pose,scene_registered_static_passive_anomaly_source_not_detection_truth,sv0,"[-274.95977783203125, 219.40582275390625, 0.16535478830337524]","[18, 13]",5,"[14, 15]","[-250.0, 260.0]",0.9309776331595017,0.03,0.9130775592606095,43.82921400162225,"[-270.0, 221.0, 0.5]",True,True,False,False,False,False,False,False,False,False
phase5e_bridge_clue_sensor_realized_search,target,18,post_step_holoocean_pose,phase5e_passive_anomaly_clue_sensor,local_passive_anomaly_observation_for_gp_only,local_grid_disk_from_holoocean_location_sensor_pose,scene_registered_static_passive_anomaly_source_not_detection_truth,sv1,"[-374.29693603515625, -119.37754821777344, 0.18566110730171204]","[52, 3]",0,"[54, 2]","[-380.0, -140.0]",0.0,0.03,1.1351378499374045e-25,377.3870692008406,"[-270.0, 221.0, 0.5]",True,True,False,False,False,False,False,False,False,False
phase5e_bridge_clue_sensor_realized_search,target,18,post_step_holoocean_pose,phase5e_passive_anomaly_clue_sensor,local_passive_anomaly_observation_for_gp_only,local_grid_disk_from_holoocean_location_sensor_pose,scene_registered_static_passive_anomaly_source_not_detection_truth,sv1,"[-374.29693603515625, -119.37754821777344, 0.18566110730171204]","[52, 3]",1,"[56, 1]","[-390.0, -160.0]",0.0694769118991759,0.03,1.0393453137099452e-28,399.4508730745246,"[-270.0, 221.0, 0.5]",True,True,False,False,False,False,False,False,False,False
phase5e_bridge_clue_sensor_realized_search,target,18,post_step_holoocean_pose,phase5e_passive_anomaly_clue_sensor,local_passive_anomaly_observation_for_gp_only,local_grid_disk_from_holoocean_location_sensor_pose,scene_registered_static_passive_anomaly_source_not_detection_truth,sv1,"[-374.29693603515625, -119.37754821777344, 0.18566110730171204]","[52, 3]",2,"[57, 3]","[-370.0, -170.0]",0.0,0.03,2.680689563018635e-29,403.5851830778727,"[-270.0, 221.0, 0.5]",True,True,False,False,False,False,False,False,False,False
phase5e_bridge_clue_sensor_realized_search,target,18,post_step_holoocean_pose,phase5e_passive_anomaly_clue_sensor,local_passive_anomaly_observation_for_gp_only,local_grid_disk_from_holoocean_location_sensor_pose,scene_registered_static_passive_anomaly_source_not_detection_truth,sv1,"[-374.29693603515625, -119.37754821777344, 0.18566110730171204]","[52, 3]",3,"[52, 2]","[-380.0, -120.0]",0.02230265774590584,0.03,3.498016718945293e-23,358.3029444478513,"[-270.0, 221.0, 0.5]",True,True,False,False,False,False,False,False,False,False
phase5e_bridge_clue_sensor_realized_search,target,18,post_step_holoocean_pose,phase5e_passive_anomaly_clue_sensor,local_passive_anomaly_observation_for_gp_only,local_grid_disk_from_holoocean_location_sensor_pose,scene_registered_static_passive_anomaly_source_not_detection_truth,sv1,"[-374.29693603515625, -119.37754821777344, 0.18566110730171204]","[52, 3]",4,"[51, 7]","[-330.0, -110.0]",0.0,0.03,1.7448799821206835e-20,336.3941140983296,"[-270.0, 221.0, 0.5]",True,True,False,False,False,False,False,False,False,False
phase5e_bridge_clue_sensor_realized_search,target,18,post_step_holoocean_pose,phase5e_passive_anomaly_clue_sensor,local_passive_anomaly_observation_for_gp_only,local_grid_disk_from_holoocean_location_sensor_pose,scene_registered_static_passive_anomaly_source_not_detection_truth,sv1,"[-374.29693603515625, -119.37754821777344, 0.18566110730171204]","[52, 3]",5,"[55, 1]","[-390.0, -150.0]",0.029171756097031716,0.03,2.237577194688114e-27,389.9243516375965,"[-270.0, 221.0, 0.5]",True,True,False,False,False,False,False,False,False,False
phase5e_bridge_clue_sensor_realized_search,target,19,post_step_holoocean_pose,phase5e_passive_anomaly_clue_sensor,local_passive_anomaly_observation_for_gp_only,local_grid_disk_from_holoocean_location_sensor_pose,scene_registered_static_passive_anomaly_source_not_detection_truth,sv0,"[-263.1477966308594, 216.14630126953125, 0.16827081143856049]","[18, 14]",0,"[16, 18]","[-220.0, 240.0]",0.607354108039317,0.03,0.6221289320430907,53.48831648126533,"[-270.0, 221.0, 0.5]",True,True,False,False,False,False,False,False,False,False
phase5e_bridge_clue_sensor_realized_search,target,19,post_step_holoocean_pose,phase5e_passive_anomaly_clue_sensor,local_passive_anomaly_observation_for_gp_only,local_grid_disk_from_holoocean_location_sensor_pose,scene_registered_static_passive_anomaly_source_not_detection_truth,sv0,"[-263.1477966308594, 216.14630126953125, 0.16827081143856049]","[18, 14]",1,"[15, 10]","[-300.0, 250.0]",0.9848521218270322,0.03,0.9826865658710991,41.725292090050125,"[-270.0, 221.0, 0.5]",True,True,False,False,False,False,False,False,False,False
phase5e_bridge_clue_sensor_realized_search,target,19,post_step_holoocean_pose,phase5e_passive_anomaly_clue_sensor,local_passive_anomaly_observation_for_gp_only,local_grid_disk_from_holoocean_location_sensor_pose,scene_registered_static_passive_anomaly_source_not_detection_truth,sv0,"[-263.1477966308594, 216.14630126953125, 0.16827081143856049]","[18, 14]",2,"[19, 15]","[-250.0, 210.0]",1.6297069949804688,0.03,1.6168731331204982,22.825424421026653,"[-270.0, 221.0, 0.5]",True,True,False,False,False,False,False,False,False,False
phase5e_bridge_clue_sensor_realized_search,target,19,post_step_holoocean_pose,phase5e_passive_anomaly_clue_sensor,local_passive_anomaly_observation_for_gp_only,local_grid_disk_from_holoocean_location_sensor_pose,scene_registered_static_passive_anomaly_source_not_detection_truth,sv0,"[-263.1477966308594, 216.14630126953125, 0.16827081143856049]","[18, 14]",3,"[20, 18]","[-220.0, 200.0]",0.5639742645076443,0.03,0.6021426011696549,54.230987451824994,"[-270.0, 221.0, 0.5]",True,True,False,False,False,False,False,False,False,False
phase5e_bridge_clue_sensor_realized_search,target,19,post_step_holoocean_pose,phase5e_passive_anomaly_clue_sensor,local_passive_anomaly_observation_for_gp_only,local_grid_disk_from_holoocean_location_sensor_pose,scene_registered_static_passive_anomaly_source_not_detection_truth,sv0,"[-263.1477966308594, 216.14630126953125, 0.16827081143856049]","[18, 14]",4,"[17, 14]","[-260.0, 230.0]",1.9044569599991519,0.03,1.8575708314099897,13.453624047073712,"[-270.0, 221.0, 0.5]",True,True,False,False,False,False,False,False,False,False
phase5e_bridge_clue_sensor_realized_search,target,19,post_step_holoocean_pose,phase5e_passive_anomaly_clue_sensor,local_passive_anomaly_observation_for_gp_only,local_grid_disk_from_holoocean_location_sensor_pose,scene_registered_static_passive_anomaly_source_not_detection_truth,sv0,"[-263.1477966308594, 216.14630126953125, 0.16827081143856049]","[18, 14]",5,"[15, 17]","[-230.0, 250.0]",0.8057927018111168,0.03,0.7384666404622623,49.4064773081425,"[-270.0, 221.0, 0.5]",True,True,False,False,False,False,False,False,False,False
phase5e_bridge_clue_sensor_realized_search,target,19,post_step_holoocean_pose,phase5e_passive_anomaly_clue_sensor,local_passive_anomaly_observation_for_gp_only,local_grid_disk_from_holoocean_location_sensor_pose,scene_registered_static_passive_anomaly_source_not_detection_truth,sv1,"[-362.5733337402344, -117.2879638671875, 0.18821457028388977]","[52, 4]",0,"[52, 3]","[-370.0, -120.0]",0.030333688869770625,0.03,8.242791108289221e-23,355.3603804590489,"[-270.0, 221.0, 0.5]",True,True,False,False,False,False,False,False,False,False
phase5e_bridge_clue_sensor_realized_search,target,19,post_step_holoocean_pose,phase5e_passive_anomaly_clue_sensor,local_passive_anomaly_observation_for_gp_only,local_grid_disk_from_holoocean_location_sensor_pose,scene_registered_static_passive_anomaly_source_not_detection_truth,sv1,"[-362.5733337402344, -117.2879638671875, 0.18821457028388977]","[52, 4]",1,"[57, 4]","[-360.0, -170.0]",0.07038223938745072,0.03,5.821653134519092e-29,401.2243761288688,"[-270.0, 221.0, 0.5]",True,True,False,False,False,False,False,False,False,False
phase5e_bridge_clue_sensor_realized_search,target,19,post_step_holoocean_pose,phase5e_passive_anomaly_clue_sensor,local_passive_anomaly_observation_for_gp_only,local_grid_disk_from_holoocean_location_sensor_pose,scene_registered_static_passive_anomaly_source_not_detection_truth,sv1,"[-362.5733337402344, -117.2879638671875, 0.18821457028388977]","[52, 4]",2,"[56, 5]","[-350.0, -160.0]",0.005930970758841194,0.03,2.7218506591407326e-27,389.30836107127215,"[-270.0, 221.0, 0.5]",True,True,False,False,False,False,False,False,False,False
phase5e_bridge_clue_sensor_realized_search,target,19,post_step_holoocean_pose,phase5e_passive_anomaly_clue_sensor,local_passive_anomaly_observation_for_gp_only,local_grid_disk_from_holoocean_location_sensor_pose,scene_registered_static_passive_anomaly_source_not_detection_truth,sv1,"[-362.5733337402344, -117.2879638671875, 0.18821457028388977]","[52, 4]",3,"[51, 5]","[-350.0, -110.0]",0.020638208375274567,0.03,5.564536680416245e-21,340.53046853402117,"[-270.0, 221.0, 0.5]",True,True,False,False,False,False,False,False,False,False
phase5e_bridge_clue_sensor_realized_search,target,19,post_step_holoocean_pose,phase5e_passive_anomaly_clue_sensor,local_passive_anomaly_observation_for_gp_only,local_grid_disk_from_holoocean_location_sensor_pose,scene_registered_static_passive_anomaly_source_not_detection_truth,sv1,"[-362.5733337402344, -117.2879638671875, 0.18821457028388977]","[52, 4]",4,"[53, 5]","[-350.0, -130.0]",0.018936037944507204,0.03,2.125988716421992e-23,360.0013888862097,"[-270.0, 221.0, 0.5]",True,True,False,False,False,False,False,False,False,False
phase5e_bridge_clue_sensor_realized_search,target,19,post_step_holoocean_pose,phase5e_passive_anomaly_clue_sensor,local_passive_anomaly_observation_for_gp_only,local_grid_disk_from_holoocean_location_sensor_pose,scene_registered_static_passive_anomaly_source_not_detection_truth,sv1,"[-362.5733337402344, -117.2879638671875, 0.18821457028388977]","[52, 4]",5,"[56, 6]","[-340.0, -160.0]",0.050602074148714996,0.03,5.0206375935065234e-27,387.37707727742486,"[-270.0, 221.0, 0.5]",True,True,False,False,False,False,False,False,False,False
phase5e_bridge_clue_sensor_realized_search,target,20,post_step_holoocean_pose,phase5e_passive_anomaly_clue_sensor,local_passive_anomaly_observation_for_gp_only,local_grid_disk_from_holoocean_location_sensor_pose,scene_registered_static_passive_anomaly_source_not_detection_truth,sv0,"[-254.76730346679688, 221.43153381347656, 0.17175303399562836]","[18, 15]",0,"[19, 12]","[-280.0, 210.0]",1.8719415735228204,0.03,1.8274893754676276,14.866068747318504,"[-270.0, 221.0, 0.5]",True,True,False,False,False,False,False,False,False,False
phase5e_bridge_clue_sensor_realized_search,target,20,post_step_holoocean_pose,phase5e_passive_anomaly_clue_sensor,local_passive_anomaly_observation_for_gp_only,local_grid_disk_from_holoocean_location_sensor_pose,scene_registered_static_passive_anomaly_source_not_detection_truth,sv0,"[-254.76730346679688, 221.43153381347656, 0.17175303399562836]","[18, 15]",1,"[16, 18]","[-220.0, 240.0]",0.6307076392003568,0.03,0.6221289320430907,53.48831648126533,"[-270.0, 221.0, 0.5]",True,True,False,False,False,False,False,False,False,False
phase5e_bridge_clue_sensor_realized_search,target,20,post_step_holoocean_pose,phase5e_passive_anomaly_clue_sensor,local_passive_anomaly_observation_for_gp_only,local_grid_disk_from_holoocean_location_sensor_pose,scene_registered_static_passive_anomaly_source_not_detection_truth,sv0,"[-254.76730346679688, 221.43153381347656, 0.17175303399562836]","[18, 15]",2,"[17, 17]","[-230.0, 230.0]",1.048878086673308,0.03,1.0070494628835809,41.0,"[-270.0, 221.0, 0.5]",True,True,False,False,False,False,False,False,False,False
phase5e_bridge_clue_sensor_realized_search,target,20,post_step_holoocean_pose,phase5e_passive_anomaly_clue_sensor,local_passive_anomaly_observation_for_gp_only,local_grid_disk_from_holoocean_location_sensor_pose,scene_registered_static_passive_anomaly_source_not_detection_truth,sv0,"[-254.76730346679688, 221.43153381347656, 0.17175303399562836]","[18, 15]",3,"[16, 17]","[-230.0, 240.0]",0.881518831541741,0.03,0.8982912039268486,44.28317965096905,"[-270.0, 221.0, 0.5]",True,True,False,False,False,False,False,False,False,False
phase5e_bridge_clue_sensor_realized_search,target,20,post_step_holoocean_pose,phase5e_passive_anomaly_clue_sensor,local_passive_anomaly_observation_for_gp_only,local_grid_disk_from_holoocean_location_sensor_pose,scene_registered_static_passive_anomaly_source_not_detection_truth,sv0,"[-254.76730346679688, 221.43153381347656, 0.17175303399562836]","[18, 15]",4,"[21, 18]","[-220.0, 190.0]",0.5188203686990885,0.03,0.4869928290922412,58.83026432033092,"[-270.0, 221.0, 0.5]",True,True,False,False,False,False,False,False,False,False
phase5e_bridge_clue_sensor_realized_search,target,20,post_step_holoocean_pose,phase5e_passive_anomaly_clue_sensor,local_passive_anomaly_observation_for_gp_only,local_grid_disk_from_holoocean_location_sensor_pose,scene_registered_static_passive_anomaly_source_not_detection_truth,sv0,"[-254.76730346679688, 221.43153381347656, 0.17175303399562836]","[18, 15]",5,"[14, 16]","[-240.0, 260.0]",0.7681015448468684,0.03,0.744519611960616,49.20365840057017,"[-270.0, 221.0, 0.5]",True,True,False,False,False,False,False,False,False,False
phase5e_bridge_clue_sensor_realized_search,target,20,post_step_holoocean_pose,phase5e_passive_anomaly_clue_sensor,local_passive_anomaly_observation_for_gp_only,local_grid_disk_from_holoocean_location_sensor_pose,scene_registered_static_passive_anomaly_source_not_detection_truth,sv1,"[-353.96405029296875, -121.73429870605469, 0.17374466359615326]","[52, 5]",0,"[48, 8]","[-320.0, -80.0]",0.0,0.03,6.275703549614504e-17,305.12456472726024,"[-270.0, 221.0, 0.5]",True,True,False,False,False,False,False,False,False,False
phase5e_bridge_clue_sensor_realized_search,target,20,post_step_holoocean_pose,phase5e_passive_anomaly_clue_sensor,local_passive_anomaly_observation_for_gp_only,local_grid_disk_from_holoocean_location_sensor_pose,scene_registered_static_passive_anomaly_source_not_detection_truth,sv1,"[-353.96405029296875, -121.73429870605469, 0.17374466359615326]","[52, 5]",1,"[51, 6]","[-340.0, -110.0]",0.037558175462656614,0.03,1.0264164183410214e-20,338.3208536286228,"[-270.0, 221.0, 0.5]",True,True,False,False,False,False,False,False,False,False
phase5e_bridge_clue_sensor_realized_search,target,20,post_step_holoocean_pose,phase5e_passive_anomaly_clue_sensor,local_passive_anomaly_observation_for_gp_only,local_grid_disk_from_holoocean_location_sensor_pose,scene_registered_static_passive_anomaly_source_not_detection_truth,sv1,"[-353.96405029296875, -121.73429870605469, 0.17374466359615326]","[52, 5]",2,"[55, 4]","[-360.0, -150.0]",0.041006938504271784,0.03,2.9277586060911176e-26,381.7603960601466,"[-270.0, 221.0, 0.5]",True,True,False,False,False,False,False,False,False,False
phase5e_bridge_clue_sensor_realized_search,target,20,post_step_holoocean_pose,phase5e_passive_anomaly_clue_sensor,local_passive_anomaly_observation_for_gp_only,local_grid_disk_from_holoocean_location_sensor_pose,scene_registered_static_passive_anomaly_source_not_detection_truth,sv1,"[-353.96405029296875, -121.73429870605469, 0.17374466359615326]","[52, 5]",3,"[49, 8]","[-320.0, -90.0]",0.03451069956898008,0.03,5.1619349913044364e-18,314.99365072966157,"[-270.0, 221.0, 0.5]",True,True,False,False,False,False,False,False,False,False
phase5e_bridge_clue_sensor_realized_search,target,20,post_step_holoocean_pose,phase5e_passive_anomaly_clue_sensor,local_passive_anomaly_observation_for_gp_only,local_grid_disk_from_holoocean_location_sensor_pose,scene_registered_static_passive_anomaly_source_not_detection_truth,sv1,"[-353.96405029296875, -121.73429870605469, 0.17374466359615326]","[52, 5]",4,"[48, 4]","[-360.0, -80.0]",0.01654075073392711,0.03,6.3824778868438324e-18,314.16715296160413,"[-270.0, 221.0, 0.5]",True,True,False,False,False,False,False,False,False,False
phase5e_bridge_clue_sensor_realized_search,target,20,post_step_holoocean_pose,phase5e_passive_anomaly_clue_sensor,local_passive_anomaly_observation_for_gp_only,local_grid_disk_from_holoocean_location_sensor_pose,scene_registered_static_passive_anomaly_source_not_detection_truth,sv1,"[-353.96405029296875, -121.73429870605469, 0.17374466359615326]","[52, 5]",5,"[52, 6]","[-340.0, -120.0]",0.03870409862595982,0.03,6.608697426282423e-22,348.11061460403647,"[-270.0, 221.0, 0.5]",True,True,False,False,False,False,False,False,False,False
