run_kind,policy_step,planner_callback_called,planner_decision_source,planned_path_source,preset_trajectory_used,joint_assignment_score,assignment_order,same_viewpoint_selected,sv0_viewpoint_cell,sv1_viewpoint_cell,sv0_segment_path,sv1_segment_path,sv0_next_target_cell,sv1_next_target_cell,local_before,local_after,expected_execute_next_step,physical_result,candidate_fusion_called,adapter_observe_step_called,update_found_mask_original_called,new_found_indices,found_mask_after,find_times_after,all_found_after_update,terminated_reason_after_step,step_wall_time_s,truth_used_for_detection,actor_truth_used_for_detection,target_truth_used_for_detection,teammate_truth_used_for_detection
calibration,1,True,baseline_GP.marine_knownmap_runtime_2usv._joint_assign_two_usv_segments,baseline_GP_mainline_planner,False,6.486486486486487,"[0, 1]",False,"[16, 39]","[53, 39]","[[25, 2], [24, 2], [23, 2], [22, 2], [21, 2], [20, 2], [19, 2], [18, 2], [17, 2]]","[[35, 2], [36, 2], [37, 2], [38, 2], [39, 2], [40, 2], [41, 2], [42, 2], [43, 2]]","[24, 2]","[36, 2]","{""0"": {""commit_remaining"": 4, ""committed_segment"": [[25, 2], [24, 2], [23, 2], [22, 2], [21, 2], [20, 2], [19, 2], [18, 2], [17, 2]], ""robot_pos"": [25, 2]}, ""1"": {""commit_remaining"": 4, ""committed_segment"": [[35, 2], [36, 2], [37, 2], [38, 2], [39, 2], [40, 2], [41, 2], [42, 2], [43, 2]], ""robot_pos"": [35, 2]}}","{""0"": {""commit_remaining"": 3, ""committed_segment"": [[24, 2], [23, 2], [22, 2], [21, 2], [20, 2], [19, 2], [18, 2], [17, 2]], ""robot_pos"": [24, 2]}, ""1"": {""commit_remaining"": 3, ""committed_segment"": [[36, 2], [37, 2], [38, 2], [39, 2], [40, 2], [41, 2], [42, 2], [43, 2]], ""robot_pos"": [36, 2]}}","{""0"": {""collision"": false, ""collision_cell"": null, ""move_success"": true, ""new_robot_pos"": [24, 2]}, ""1"": {""collision"": false, ""collision_cell"": null, ""move_success"": true, ""new_robot_pos"": [36, 2]}}","{""arrived"": {""0"": true, ""1"": true}, ""final_by_usv"": {""0"": {""arrived"": true, ""final_distance_to_target_m"": 1.6765536074661398, ""final_projected_cell"": [24, 2], ""last_known_world"": [-380.6451110839844, 158.45252990722656, 0.21775542199611664], ""observer_pose_source"": ""live_location_sensor"", ""orientation_source"": ""live_orientation_sensor"", ""projection_matches_target"": true, ""target_cell"": [24, 2], ""target_world"": [-380.0, 160.0, 0.0]}, ""1"": {""arrived"": true, ""final_distance_to_target_m"": 2.137181545070446, ""final_projected_cell"": [36, 2], ""last_known_world"": [-380.7397155761719, 42.00508499145508, 0.1910778284072876], ""observer_pose_source"": ""live_location_sensor"", ""orientation_source"": ""live_orientation_sensor"", ""projection_matches_target"": true, ""target_cell"": [36, 2], ""target_world"": [-380.0, 40.0, 0.0]}}, ""per_step_fallback_counts"": {""0"": 0, ""1"": 0}, ""policy_step"": 1, ""run_kind"": ""calibration"", ""step_min_inter_vessel_distance_m"": 99.95895385742654, ""step_ticks"": 231, ""target_cells"": {""0"": [24, 2], ""1"": [36, 2]}, ""target_world"": {""0"": [-380.0, 160.0, 0.0], ""1"": [-380.0, 40.0, 0.0]}, ""timeout"": false}",True,False,True,[],[false],[null],False,running,8.006535,False,False,False,False
calibration,2,True,baseline_GP.marine_knownmap_runtime_2usv._joint_assign_two_usv_segments,baseline_GP_mainline_planner,False,6.15,"[0, 1]",False,"[18, 41]","[54, 39]","[[24, 2], [23, 2], [22, 2], [21, 2], [20, 2], [19, 2], [18, 2], [18, 3], [18, 4]]","[[36, 2], [37, 2], [38, 2], [39, 2], [40, 2], [41, 2], [42, 2], [43, 2], [44, 2]]","[23, 2]","[37, 2]","{""0"": {""commit_remaining"": 4, ""committed_segment"": [[24, 2], [23, 2], [22, 2], [21, 2], [20, 2], [19, 2], [18, 2], [18, 3], [18, 4]], ""robot_pos"": [24, 2]}, ""1"": {""commit_remaining"": 4, ""committed_segment"": [[36, 2], [37, 2], [38, 2], [39, 2], [40, 2], [41, 2], [42, 2], [43, 2], [44, 2]], ""robot_pos"": [36, 2]}}","{""0"": {""commit_remaining"": 3, ""committed_segment"": [[23, 2], [22, 2], [21, 2], [20, 2], [19, 2], [18, 2], [18, 3], [18, 4]], ""robot_pos"": [23, 2]}, ""1"": {""commit_remaining"": 3, ""committed_segment"": [[37, 2], [38, 2], [39, 2], [40, 2], [41, 2], [42, 2], [43, 2], [44, 2]], ""robot_pos"": [37, 2]}}","{""0"": {""collision"": false, ""collision_cell"": null, ""move_success"": true, ""new_robot_pos"": [23, 2]}, ""1"": {""collision"": false, ""collision_cell"": null, ""move_success"": true, ""new_robot_pos"": [37, 2]}}","{""arrived"": {""0"": true, ""1"": true}, ""final_by_usv"": {""0"": {""arrived"": true, ""final_distance_to_target_m"": 0.19140168106698377, ""final_projected_cell"": [23, 2], ""last_known_world"": [-379.8948669433594, 169.84005737304688, 0.19926300644874573], ""observer_pose_source"": ""live_location_sensor"", ""orientation_source"": ""live_orientation_sensor"", ""projection_matches_target"": true, ""target_cell"": [23, 2], ""target_world"": [-380.0, 170.0, 0.0]}, ""1"": {""arrived"": true, ""final_distance_to_target_m"": 0.9660360512222986, ""final_projected_cell"": [37, 2], ""last_known_world"": [-380.9660339355469, 29.99797821044922, 0.19614405930042267], ""observer_pose_source"": ""live_location_sensor"", ""orientation_source"": ""live_orientation_sensor"", ""projection_matches_target"": true, ""target_cell"": [37, 2], ""target_world"": [-380.0, 30.0, 0.0]}}, ""per_step_fallback_counts"": {""0"": 0, ""1"": 0}, ""policy_step"": 2, ""run_kind"": ""calibration"", ""step_min_inter_vessel_distance_m"": 116.5358246973174, ""step_ticks"": 253, ""target_cells"": {""0"": [23, 2], ""1"": [37, 2]}, ""target_world"": {""0"": [-380.0, 170.0, 0.0], ""1"": [-380.0, 30.0, 0.0]}, ""timeout"": false}",True,False,True,[],[false],[null],False,running,8.777119,False,False,False,False
calibration,3,True,baseline_GP.marine_knownmap_runtime_2usv._joint_assign_two_usv_segments,baseline_GP_mainline_planner,False,6.15,"[0, 1]",False,"[18, 41]","[54, 40]","[[23, 2], [22, 2], [21, 2], [20, 2], [19, 2], [18, 2], [18, 3], [18, 4], [18, 5]]","[[37, 2], [38, 2], [39, 2], [40, 2], [41, 2], [42, 2], [43, 2], [44, 2], [45, 2]]","[22, 2]","[38, 2]","{""0"": {""commit_remaining"": 4, ""committed_segment"": [[23, 2], [22, 2], [21, 2], [20, 2], [19, 2], [18, 2], [18, 3], [18, 4], [18, 5]], ""robot_pos"": [23, 2]}, ""1"": {""commit_remaining"": 4, ""committed_segment"": [[37, 2], [38, 2], [39, 2], [40, 2], [41, 2], [42, 2], [43, 2], [44, 2], [45, 2]], ""robot_pos"": [37, 2]}}","{""0"": {""commit_remaining"": 3, ""committed_segment"": [[22, 2], [21, 2], [20, 2], [19, 2], [18, 2], [18, 3], [18, 4], [18, 5]], ""robot_pos"": [22, 2]}, ""1"": {""commit_remaining"": 3, ""committed_segment"": [[38, 2], [39, 2], [40, 2], [41, 2], [42, 2], [43, 2], [44, 2], [45, 2]], ""robot_pos"": [38, 2]}}","{""0"": {""collision"": false, ""collision_cell"": null, ""move_success"": true, ""new_robot_pos"": [22, 2]}, ""1"": {""collision"": false, ""collision_cell"": null, ""move_success"": true, ""new_robot_pos"": [38, 2]}}","{""arrived"": {""0"": true, ""1"": true}, ""final_by_usv"": {""0"": {""arrived"": true, ""final_distance_to_target_m"": 0.1985959299413953, ""final_projected_cell"": [22, 2], ""last_known_world"": [-379.80609130859375, 180.0428924560547, 0.22405791282653809], ""observer_pose_source"": ""live_location_sensor"", ""orientation_source"": ""live_orientation_sensor"", ""projection_matches_target"": true, ""target_cell"": [22, 2], ""target_world"": [-380.0, 180.0, 0.0]}, ""1"": {""arrived"": true, ""final_distance_to_target_m"": 0.6601738954090052, ""final_projected_cell"": [38, 2], ""last_known_world"": [-380.1654968261719, 19.36090660095215, 0.1971774399280548], ""observer_pose_source"": ""live_location_sensor"", ""orientation_source"": ""live_orientation_sensor"", ""projection_matches_target"": true, ""target_cell"": [38, 2], ""target_world"": [-380.0, 20.0, 0.0]}}, ""per_step_fallback_counts"": {""0"": 0, ""1"": 0}, ""policy_step"": 3, ""run_kind"": ""calibration"", ""step_min_inter_vessel_distance_m"": 139.4005171800092, ""step_ticks"": 269, ""target_cells"": {""0"": [22, 2], ""1"": [38, 2]}, ""target_world"": {""0"": [-380.0, 180.0, 0.0], ""1"": [-380.0, 20.0, 0.0]}, ""timeout"": false}",True,False,True,[],[false],[null],False,running,9.164847,False,False,False,False
calibration,4,True,baseline_GP.marine_knownmap_runtime_2usv._joint_assign_two_usv_segments,baseline_GP_mainline_planner,False,6.15,"[0, 1]",False,"[18, 40]","[54, 40]","[[22, 2], [21, 2], [20, 2], [19, 2], [18, 2], [18, 3], [18, 4], [18, 5], [18, 6]]","[[38, 2], [39, 2], [40, 2], [41, 2], [42, 2], [43, 2], [44, 2], [45, 2], [46, 2]]","[21, 2]","[39, 2]","{""0"": {""commit_remaining"": 4, ""committed_segment"": [[22, 2], [21, 2], [20, 2], [19, 2], [18, 2], [18, 3], [18, 4], [18, 5], [18, 6]], ""robot_pos"": [22, 2]}, ""1"": {""commit_remaining"": 4, ""committed_segment"": [[38, 2], [39, 2], [40, 2], [41, 2], [42, 2], [43, 2], [44, 2], [45, 2], [46, 2]], ""robot_pos"": [38, 2]}}","{""0"": {""commit_remaining"": 3, ""committed_segment"": [[21, 2], [20, 2], [19, 2], [18, 2], [18, 3], [18, 4], [18, 5], [18, 6]], ""robot_pos"": [21, 2]}, ""1"": {""commit_remaining"": 3, ""committed_segment"": [[39, 2], [40, 2], [41, 2], [42, 2], [43, 2], [44, 2], [45, 2], [46, 2]], ""robot_pos"": [39, 2]}}","{""0"": {""collision"": false, ""collision_cell"": null, ""move_success"": true, ""new_robot_pos"": [21, 2]}, ""1"": {""collision"": false, ""collision_cell"": null, ""move_success"": true, ""new_robot_pos"": [39, 2]}}","{""arrived"": {""0"": true, ""1"": true}, ""final_by_usv"": {""0"": {""arrived"": true, ""final_distance_to_target_m"": 0.7048415240435185, ""final_projected_cell"": [21, 2], ""last_known_world"": [-379.31689453125, 190.17369079589844, 0.19993488490581512], ""observer_pose_source"": ""live_location_sensor"", ""orientation_source"": ""live_orientation_sensor"", ""projection_matches_target"": true, ""target_cell"": [21, 2], ""target_world"": [-380.0, 190.0, 0.0]}, ""1"": {""arrived"": true, ""final_distance_to_target_m"": 0.9203950253067107, ""final_projected_cell"": [39, 2], ""last_known_world"": [-379.841064453125, 9.09343147277832, 0.17909269034862518], ""observer_pose_source"": ""live_location_sensor"", ""orientation_source"": ""live_orientation_sensor"", ""projection_matches_target"": true, ""target_cell"": [39, 2], ""target_world"": [-380.0, 10.0, 0.0]}}, ""per_step_fallback_counts"": {""0"": 0, ""1"": 0}, ""policy_step"": 4, ""run_kind"": ""calibration"", ""step_min_inter_vessel_distance_m"": 160.1578249677462, ""step_ticks"": 267, ""target_cells"": {""0"": [21, 2], ""1"": [39, 2]}, ""target_world"": {""0"": [-380.0, 190.0, 0.0], ""1"": [-380.0, 10.0, 0.0]}, ""timeout"": false}",True,False,True,[],[false],[null],False,running,9.517666,False,False,False,False
calibration,5,True,baseline_GP.marine_knownmap_runtime_2usv._joint_assign_two_usv_segments,baseline_GP_mainline_planner,False,8.5,"[0, 1]",False,"[18, 40]","[54, 40]","[[21, 2], [20, 2], [19, 2], [18, 2], [18, 3], [18, 4], [18, 5], [18, 6], [18, 7]]","[[39, 2], [40, 2], [41, 2], [42, 2], [43, 2], [44, 2], [45, 2], [46, 2], [47, 2]]","[20, 2]","[40, 2]","{""0"": {""commit_remaining"": 4, ""committed_segment"": [[21, 2], [20, 2], [19, 2], [18, 2], [18, 3], [18, 4], [18, 5], [18, 6], [18, 7]], ""robot_pos"": [21, 2]}, ""1"": {""commit_remaining"": 4, ""committed_segment"": [[39, 2], [40, 2], [41, 2], [42, 2], [43, 2], [44, 2], [45, 2], [46, 2], [47, 2]], ""robot_pos"": [39, 2]}}","{""0"": {""commit_remaining"": 3, ""committed_segment"": [[20, 2], [19, 2], [18, 2], [18, 3], [18, 4], [18, 5], [18, 6], [18, 7]], ""robot_pos"": [20, 2]}, ""1"": {""commit_remaining"": 3, ""committed_segment"": [[40, 2], [41, 2], [42, 2], [43, 2], [44, 2], [45, 2], [46, 2], [47, 2]], ""robot_pos"": [40, 2]}}","{""0"": {""collision"": false, ""collision_cell"": null, ""move_success"": true, ""new_robot_pos"": [20, 2]}, ""1"": {""collision"": false, ""collision_cell"": null, ""move_success"": true, ""new_robot_pos"": [40, 2]}}","{""arrived"": {""0"": true, ""1"": true}, ""final_by_usv"": {""0"": {""arrived"": true, ""final_distance_to_target_m"": 0.318790081545128, ""final_projected_cell"": [20, 2], ""last_known_world"": [-380.16705322265625, 200.27151489257812, 0.1918354034423828], ""observer_pose_source"": ""live_location_sensor"", ""orientation_source"": ""live_orientation_sensor"", ""projection_matches_target"": true, ""target_cell"": [20, 2], ""target_world"": [-380.0, 200.0, 0.0]}, ""1"": {""arrived"": true, ""final_distance_to_target_m"": 0.6229510816801491, ""final_projected_cell"": [40, 2], ""last_known_world"": [-380.56341552734375, 0.26576492190361023, 0.2040223479270935], ""observer_pose_source"": ""live_location_sensor"", ""orientation_source"": ""live_orientation_sensor"", ""projection_matches_target"": true, ""target_cell"": [40, 2], ""target_world"": [-380.0, 0.0, 0.0]}}, ""per_step_fallback_counts"": {""0"": 0, ""1"": 0}, ""policy_step"": 5, ""run_kind"": ""calibration"", ""step_min_inter_vessel_distance_m"": 181.01698764881024, ""step_ticks"": 270, ""target_cells"": {""0"": [20, 2], ""1"": [40, 2]}, ""target_world"": {""0"": [-380.0, 200.0, 0.0], ""1"": [-380.0, 0.0, 0.0]}, ""timeout"": false}",True,False,True,[],[false],[null],False,running,9.502328,False,False,False,False
calibration,6,True,baseline_GP.marine_knownmap_runtime_2usv._joint_assign_two_usv_segments,baseline_GP_mainline_planner,False,8.5,"[0, 1]",False,"[18, 41]","[54, 40]","[[20, 2], [19, 2], [18, 2], [18, 3], [18, 4], [18, 5], [18, 6], [18, 7], [18, 8]]","[[40, 2], [41, 2], [42, 2], [43, 2], [44, 2], [45, 2], [46, 2], [47, 2], [48, 2]]","[19, 2]","[41, 2]","{""0"": {""commit_remaining"": 4, ""committed_segment"": [[20, 2], [19, 2], [18, 2], [18, 3], [18, 4], [18, 5], [18, 6], [18, 7], [18, 8]], ""robot_pos"": [20, 2]}, ""1"": {""commit_remaining"": 4, ""committed_segment"": [[40, 2], [41, 2], [42, 2], [43, 2], [44, 2], [45, 2], [46, 2], [47, 2], [48, 2]], ""robot_pos"": [40, 2]}}","{""0"": {""commit_remaining"": 3, ""committed_segment"": [[19, 2], [18, 2], [18, 3], [18, 4], [18, 5], [18, 6], [18, 7], [18, 8]], ""robot_pos"": [19, 2]}, ""1"": {""commit_remaining"": 3, ""committed_segment"": [[41, 2], [42, 2], [43, 2], [44, 2], [45, 2], [46, 2], [47, 2], [48, 2]], ""robot_pos"": [41, 2]}}","{""0"": {""collision"": false, ""collision_cell"": null, ""move_success"": true, ""new_robot_pos"": [19, 2]}, ""1"": {""collision"": false, ""collision_cell"": null, ""move_success"": true, ""new_robot_pos"": [41, 2]}}","{""arrived"": {""0"": true, ""1"": true}, ""final_by_usv"": {""0"": {""arrived"": true, ""final_distance_to_target_m"": 0.16638331647005697, ""final_projected_cell"": [19, 2], ""last_known_world"": [-379.8336181640625, 210.00070190429688, 0.2196631282567978], ""observer_pose_source"": ""live_location_sensor"", ""orientation_source"": ""live_orientation_sensor"", ""projection_matches_target"": true, ""target_cell"": [19, 2], ""target_world"": [-380.0, 210.0, 0.0]}, ""1"": {""arrived"": true, ""final_distance_to_target_m"": 0.4824846023832479, ""final_projected_cell"": [41, 2], ""last_known_world"": [-379.5268859863281, -10.09462833404541, 0.18932968378067017], ""observer_pose_source"": ""live_location_sensor"", ""orientation_source"": ""live_orientation_sensor"", ""projection_matches_target"": true, ""target_cell"": [41, 2], ""target_world"": [-380.0, -10.0, 0.0]}}, ""per_step_fallback_counts"": {""0"": 0, ""1"": 0}, ""policy_step"": 6, ""run_kind"": ""calibration"", ""step_min_inter_vessel_distance_m"": 199.99130936562383, ""step_ticks"": 285, ""target_cells"": {""0"": [19, 2], ""1"": [41, 2]}, ""target_world"": {""0"": [-380.0, 210.0, 0.0], ""1"": [-380.0, -10.0, 0.0]}, ""timeout"": false}",True,False,True,[],[false],[null],False,running,9.789071,False,False,False,False
calibration,7,True,baseline_GP.marine_knownmap_runtime_2usv._joint_assign_two_usv_segments,baseline_GP_mainline_planner,False,8.5,"[0, 1]",False,"[18, 41]","[55, 38]","[[19, 2], [18, 2], [18, 3], [18, 4], [18, 5], [18, 6], [18, 7], [18, 8], [18, 9]]","[[41, 2], [42, 2], [43, 2], [44, 2], [45, 2], [46, 2], [47, 2], [48, 2], [49, 2]]","[18, 2]","[42, 2]","{""0"": {""commit_remaining"": 4, ""committed_segment"": [[19, 2], [18, 2], [18, 3], [18, 4], [18, 5], [18, 6], [18, 7], [18, 8], [18, 9]], ""robot_pos"": [19, 2]}, ""1"": {""commit_remaining"": 4, ""committed_segment"": [[41, 2], [42, 2], [43, 2], [44, 2], [45, 2], [46, 2], [47, 2], [48, 2], [49, 2]], ""robot_pos"": [41, 2]}}","{""0"": {""commit_remaining"": 3, ""committed_segment"": [[18, 2], [18, 3], [18, 4], [18, 5], [18, 6], [18, 7], [18, 8], [18, 9]], ""robot_pos"": [18, 2]}, ""1"": {""commit_remaining"": 3, ""committed_segment"": [[42, 2], [43, 2], [44, 2], [45, 2], [46, 2], [47, 2], [48, 2], [49, 2]], ""robot_pos"": [42, 2]}}","{""0"": {""collision"": false, ""collision_cell"": null, ""move_success"": true, ""new_robot_pos"": [18, 2]}, ""1"": {""collision"": false, ""collision_cell"": null, ""move_success"": true, ""new_robot_pos"": [42, 2]}}","{""arrived"": {""0"": true, ""1"": true}, ""final_by_usv"": {""0"": {""arrived"": true, ""final_distance_to_target_m"": 0.6623785541117123, ""final_projected_cell"": [18, 2], ""last_known_world"": [-379.3412780761719, 220.0695037841797, 0.210463747382164], ""observer_pose_source"": ""live_location_sensor"", ""orientation_source"": ""live_orientation_sensor"", ""projection_matches_target"": true, ""target_cell"": [18, 2], ""target_world"": [-380.0, 220.0, 0.0]}, ""1"": {""arrived"": true, ""final_distance_to_target_m"": 0.9054933046176148, ""final_projected_cell"": [42, 2], ""last_known_world"": [-379.567626953125, -19.204404830932617, 0.21222183108329773], ""observer_pose_source"": ""live_location_sensor"", ""orientation_source"": ""live_orientation_sensor"", ""projection_matches_target"": true, ""target_cell"": [42, 2], ""target_world"": [-380.0, -20.0, 0.0]}}, ""per_step_fallback_counts"": {""0"": 0, ""1"": 0}, ""policy_step"": 7, ""run_kind"": ""calibration"", ""step_min_inter_vessel_distance_m"": 219.90076273396528, ""step_ticks"": 250, ""target_cells"": {""0"": [18, 2], ""1"": [42, 2]}, ""target_world"": {""0"": [-380.0, 220.0, 0.0], ""1"": [-380.0, -20.0, 0.0]}, ""timeout"": false}",True,False,True,[],[false],[null],False,running,8.617162,False,False,False,False
calibration,8,True,baseline_GP.marine_knownmap_runtime_2usv._joint_assign_two_usv_segments,baseline_GP_mainline_planner,False,8.5,"[0, 1]",False,"[18, 42]","[54, 40]","[[18, 2], [18, 3], [18, 4], [18, 5], [18, 6], [18, 7], [18, 8], [18, 9], [18, 10]]","[[42, 2], [43, 2], [44, 2], [45, 2], [46, 2], [47, 2], [48, 2], [49, 2], [50, 2]]","[18, 3]","[43, 2]","{""0"": {""commit_remaining"": 4, ""committed_segment"": [[18, 2], [18, 3], [18, 4], [18, 5], [18, 6], [18, 7], [18, 8], [18, 9], [18, 10]], ""robot_pos"": [18, 2]}, ""1"": {""commit_remaining"": 4, ""committed_segment"": [[42, 2], [43, 2], [44, 2], [45, 2], [46, 2], [47, 2], [48, 2], [49, 2], [50, 2]], ""robot_pos"": [42, 2]}}","{""0"": {""commit_remaining"": 3, ""committed_segment"": [[18, 3], [18, 4], [18, 5], [18, 6], [18, 7], [18, 8], [18, 9], [18, 10]], ""robot_pos"": [18, 3]}, ""1"": {""commit_remaining"": 3, ""committed_segment"": [[43, 2], [44, 2], [45, 2], [46, 2], [47, 2], [48, 2], [49, 2], [50, 2]], ""robot_pos"": [43, 2]}}","{""0"": {""collision"": false, ""collision_cell"": null, ""move_success"": true, ""new_robot_pos"": [18, 3]}, ""1"": {""collision"": false, ""collision_cell"": null, ""move_success"": true, ""new_robot_pos"": [43, 2]}}","{""arrived"": {""0"": true, ""1"": true}, ""final_by_usv"": {""0"": {""arrived"": true, ""final_distance_to_target_m"": 0.4666539718144849, ""final_projected_cell"": [18, 3], ""last_known_world"": [-370.45458984375, 220.1054229736328, 0.18919911980628967], ""observer_pose_source"": ""live_location_sensor"", ""orientation_source"": ""live_orientation_sensor"", ""projection_matches_target"": true, ""target_cell"": [18, 3], ""target_world"": [-370.0, 220.0, 0.0]}, ""1"": {""arrived"": true, ""final_distance_to_target_m"": 1.0072170340150381, ""final_projected_cell"": [43, 2], ""last_known_world"": [-379.51727294921875, -30.884002685546875, 0.19622385501861572], ""observer_pose_source"": ""live_location_sensor"", ""orientation_source"": ""live_orientation_sensor"", ""projection_matches_target"": true, ""target_cell"": [43, 2], ""target_world"": [-380.0, -30.0, 0.0]}}, ""per_step_fallback_counts"": {""0"": 0, ""1"": 0}, ""policy_step"": 8, ""run_kind"": ""calibration"", ""step_min_inter_vessel_distance_m"": 239.34729536587588, ""step_ticks"": 276, ""target_cells"": {""0"": [18, 3], ""1"": [43, 2]}, ""target_world"": {""0"": [-370.0, 220.0, 0.0], ""1"": [-380.0, -30.0, 0.0]}, ""timeout"": false}",True,False,True,[],[false],[null],False,running,10.341115,False,False,False,False
calibration,9,True,baseline_GP.marine_knownmap_runtime_2usv._joint_assign_two_usv_segments,baseline_GP_mainline_planner,False,8.5,"[0, 1]",False,"[18, 43]","[54, 40]","[[18, 3], [18, 4], [18, 5], [18, 6], [18, 7], [18, 8], [18, 9], [18, 10], [18, 11]]","[[43, 2], [44, 2], [45, 2], [46, 2], [47, 2], [48, 2], [49, 2], [50, 2], [51, 2]]","[18, 4]","[44, 2]","{""0"": {""commit_remaining"": 4, ""committed_segment"": [[18, 3], [18, 4], [18, 5], [18, 6], [18, 7], [18, 8], [18, 9], [18, 10], [18, 11]], ""robot_pos"": [18, 3]}, ""1"": {""commit_remaining"": 4, ""committed_segment"": [[43, 2], [44, 2], [45, 2], [46, 2], [47, 2], [48, 2], [49, 2], [50, 2], [51, 2]], ""robot_pos"": [43, 2]}}","{""0"": {""commit_remaining"": 3, ""committed_segment"": [[18, 4], [18, 5], [18, 6], [18, 7], [18, 8], [18, 9], [18, 10], [18, 11]], ""robot_pos"": [18, 4]}, ""1"": {""commit_remaining"": 3, ""committed_segment"": [[44, 2], [45, 2], [46, 2], [47, 2], [48, 2], [49, 2], [50, 2], [51, 2]], ""robot_pos"": [44, 2]}}","{""0"": {""collision"": false, ""collision_cell"": null, ""move_success"": true, ""new_robot_pos"": [18, 4]}, ""1"": {""collision"": false, ""collision_cell"": null, ""move_success"": true, ""new_robot_pos"": [44, 2]}}","{""arrived"": {""0"": true, ""1"": true}, ""final_by_usv"": {""0"": {""arrived"": true, ""final_distance_to_target_m"": 0.5065758548664057, ""final_projected_cell"": [18, 4], ""last_known_world"": [-359.9012451171875, 220.49685668945312, 0.1943339705467224], ""observer_pose_source"": ""live_location_sensor"", ""orientation_source"": ""live_orientation_sensor"", ""projection_matches_target"": true, ""target_cell"": [18, 4], ""target_world"": [-360.0, 220.0, 0.0]}, ""1"": {""arrived"": true, ""final_distance_to_target_m"": 0.5914000142524138, ""final_projected_cell"": [44, 2], ""last_known_world"": [-379.583740234375, -40.42009735107422, 0.18876974284648895], ""observer_pose_source"": ""live_location_sensor"", ""orientation_source"": ""live_orientation_sensor"", ""projection_matches_target"": true, ""target_cell"": [44, 2], ""target_world"": [-380.0, -40.0, 0.0]}}, ""per_step_fallback_counts"": {""0"": 0, ""1"": 0}, ""policy_step"": 9, ""run_kind"": ""calibration"", ""step_min_inter_vessel_distance_m"": 250.93893466306025, ""step_ticks"": 299, ""target_cells"": {""0"": [18, 4], ""1"": [44, 2]}, ""target_world"": {""0"": [-360.0, 220.0, 0.0], ""1"": [-380.0, -40.0, 0.0]}, ""timeout"": false}",True,False,True,[],[false],[null],False,running,11.08775,False,False,False,False
calibration,10,True,baseline_GP.marine_knownmap_runtime_2usv._joint_assign_two_usv_segments,baseline_GP_mainline_planner,False,15.0,"[0, 1]",False,"[18, 34]","[55, 39]","[[18, 4], [18, 5], [18, 6], [18, 7], [18, 8], [18, 9], [18, 10], [18, 11], [18, 12]]","[[44, 2], [45, 2], [46, 2], [47, 2], [48, 2], [49, 2], [50, 2], [51, 2], [52, 2]]","[18, 5]","[45, 2]","{""0"": {""commit_remaining"": 4, ""committed_segment"": [[18, 4], [18, 5], [18, 6], [18, 7], [18, 8], [18, 9], [18, 10], [18, 11], [18, 12]], ""robot_pos"": [18, 4]}, ""1"": {""commit_remaining"": 4, ""committed_segment"": [[44, 2], [45, 2], [46, 2], [47, 2], [48, 2], [49, 2], [50, 2], [51, 2], [52, 2]], ""robot_pos"": [44, 2]}}","{""0"": {""commit_remaining"": 3, ""committed_segment"": [[18, 5], [18, 6], [18, 7], [18, 8], [18, 9], [18, 10], [18, 11], [18, 12]], ""robot_pos"": [18, 5]}, ""1"": {""commit_remaining"": 3, ""committed_segment"": [[45, 2], [46, 2], [47, 2], [48, 2], [49, 2], [50, 2], [51, 2], [52, 2]], ""robot_pos"": [45, 2]}}","{""0"": {""collision"": false, ""collision_cell"": null, ""move_success"": true, ""new_robot_pos"": [18, 5]}, ""1"": {""collision"": false, ""collision_cell"": null, ""move_success"": true, ""new_robot_pos"": [45, 2]}}","{""arrived"": {""0"": true, ""1"": true}, ""final_by_usv"": {""0"": {""arrived"": true, ""final_distance_to_target_m"": 1.8568616663052186, ""final_projected_cell"": [18, 5], ""last_known_world"": [-351.6363220214844, 220.87771606445312, 0.21727482974529266], ""observer_pose_source"": ""live_location_sensor"", ""orientation_source"": ""live_orientation_sensor"", ""projection_matches_target"": true, ""target_cell"": [18, 5], ""target_world"": [-350.0, 220.0, 0.0]}, ""1"": {""arrived"": true, ""final_distance_to_target_m"": 0.584047499086956, ""final_projected_cell"": [45, 2], ""last_known_world"": [-379.60205078125, -49.572509765625, 0.20861589908599854], ""observer_pose_source"": ""live_location_sensor"", ""orientation_source"": ""live_orientation_sensor"", ""projection_matches_target"": true, ""target_cell"": [45, 2], ""target_world"": [-380.0, -50.0, 0.0]}}, ""per_step_fallback_counts"": {""0"": 0, ""1"": 0}, ""policy_step"": 10, ""run_kind"": ""calibration"", ""step_min_inter_vessel_distance_m"": 261.66814366667256, ""step_ticks"": 256, ""target_cells"": {""0"": [18, 5], ""1"": [45, 2]}, ""target_world"": {""0"": [-350.0, 220.0, 0.0], ""1"": [-380.0, -50.0, 0.0]}, ""timeout"": false}",True,False,True,[],[false],[null],False,running,8.857047,False,False,False,False
calibration,11,True,baseline_GP.marine_knownmap_runtime_2usv._joint_assign_two_usv_segments,baseline_GP_mainline_planner,False,8.5,"[0, 1]",False,"[18, 39]","[55, 39]","[[18, 5], [18, 6], [18, 7], [18, 8], [18, 9], [18, 10], [18, 11], [18, 12], [18, 13]]","[[45, 2], [46, 2], [47, 2], [48, 2], [49, 2], [50, 2], [51, 2], [52, 2], [53, 2]]","[18, 6]","[46, 2]","{""0"": {""commit_remaining"": 4, ""committed_segment"": [[18, 5], [18, 6], [18, 7], [18, 8], [18, 9], [18, 10], [18, 11], [18, 12], [18, 13]], ""robot_pos"": [18, 5]}, ""1"": {""commit_remaining"": 4, ""committed_segment"": [[45, 2], [46, 2], [47, 2], [48, 2], [49, 2], [50, 2], [51, 2], [52, 2], [53, 2]], ""robot_pos"": [45, 2]}}","{""0"": {""commit_remaining"": 3, ""committed_segment"": [[18, 6], [18, 7], [18, 8], [18, 9], [18, 10], [18, 11], [18, 12], [18, 13]], ""robot_pos"": [18, 6]}, ""1"": {""commit_remaining"": 3, ""committed_segment"": [[46, 2], [47, 2], [48, 2], [49, 2], [50, 2], [51, 2], [52, 2], [53, 2]], ""robot_pos"": [46, 2]}}","{""0"": {""collision"": false, ""collision_cell"": null, ""move_success"": true, ""new_robot_pos"": [18, 6]}, ""1"": {""collision"": false, ""collision_cell"": null, ""move_success"": true, ""new_robot_pos"": [46, 2]}}","{""arrived"": {""0"": true, ""1"": true}, ""final_by_usv"": {""0"": {""arrived"": true, ""final_distance_to_target_m"": 1.2461265512748707, ""final_projected_cell"": [18, 6], ""last_known_world"": [-338.8529052734375, 220.48683166503906, 0.18687380850315094], ""observer_pose_source"": ""live_location_sensor"", ""orientation_source"": ""live_orientation_sensor"", ""projection_matches_target"": true, ""target_cell"": [18, 6], ""target_world"": [-340.0, 220.0, 0.0]}, ""1"": {""arrived"": true, ""final_distance_to_target_m"": 0.5417174494076399, ""final_projected_cell"": [46, 2], ""last_known_world"": [-379.69293212890625, -59.55371856689453, 0.20209546387195587], ""observer_pose_source"": ""live_location_sensor"", ""orientation_source"": ""live_orientation_sensor"", ""projection_matches_target"": true, ""target_cell"": [46, 2], ""target_world"": [-380.0, -60.0, 0.0]}}, ""per_step_fallback_counts"": {""0"": 0, ""1"": 0}, ""policy_step"": 11, ""run_kind"": ""calibration"", ""step_min_inter_vessel_distance_m"": 271.94279249193596, ""step_ticks"": 246, ""target_cells"": {""0"": [18, 6], ""1"": [46, 2]}, ""target_world"": {""0"": [-340.0, 220.0, 0.0], ""1"": [-380.0, -60.0, 0.0]}, ""timeout"": false}",True,False,True,[],[false],[null],False,running,8.529746,False,False,False,False
calibration,12,True,baseline_GP.marine_knownmap_runtime_2usv._joint_assign_two_usv_segments,baseline_GP_mainline_planner,False,13.003397409972301,"[0, 1]",False,"[18, 39]","[55, 39]","[[18, 6], [18, 7], [18, 8], [18, 9], [18, 10], [18, 11], [18, 12], [18, 13], [18, 14]]","[[46, 2], [47, 2], [48, 2], [49, 2], [50, 2], [51, 2], [52, 2], [53, 2], [54, 2]]","[18, 7]","[47, 2]","{""0"": {""commit_remaining"": 4, ""committed_segment"": [[18, 6], [18, 7], [18, 8], [18, 9], [18, 10], [18, 11], [18, 12], [18, 13], [18, 14]], ""robot_pos"": [18, 6]}, ""1"": {""commit_remaining"": 4, ""committed_segment"": [[46, 2], [47, 2], [48, 2], [49, 2], [50, 2], [51, 2], [52, 2], [53, 2], [54, 2]], ""robot_pos"": [46, 2]}}","{""0"": {""commit_remaining"": 3, ""committed_segment"": [[18, 7], [18, 8], [18, 9], [18, 10], [18, 11], [18, 12], [18, 13], [18, 14]], ""robot_pos"": [18, 7]}, ""1"": {""commit_remaining"": 3, ""committed_segment"": [[47, 2], [48, 2], [49, 2], [50, 2], [51, 2], [52, 2], [53, 2], [54, 2]], ""robot_pos"": [47, 2]}}","{""0"": {""collision"": false, ""collision_cell"": null, ""move_success"": true, ""new_robot_pos"": [18, 7]}, ""1"": {""collision"": false, ""collision_cell"": null, ""move_success"": true, ""new_robot_pos"": [47, 2]}}","{""arrived"": {""0"": true, ""1"": true}, ""final_by_usv"": {""0"": {""arrived"": true, ""final_distance_to_target_m"": 1.8732400236195814, ""final_projected_cell"": [18, 7], ""last_known_world"": [-331.7267761230469, 219.27386474609375, 0.2004118114709854], ""observer_pose_source"": ""live_location_sensor"", ""orientation_source"": ""live_orientation_sensor"", ""projection_matches_target"": true, ""target_cell"": [18, 7], ""target_world"": [-330.0, 220.0, 0.0]}, ""1"": {""arrived"": true, ""final_distance_to_target_m"": 0.8393033401474964, ""final_projected_cell"": [47, 2], ""last_known_world"": [-379.6849365234375, -69.22207641601562, 0.19318044185638428], ""observer_pose_source"": ""live_location_sensor"", ""orientation_source"": ""live_orientation_sensor"", ""projection_matches_target"": true, ""target_cell"": [47, 2], ""target_world"": [-380.0, -70.0, 0.0]}}, ""per_step_fallback_counts"": {""0"": 0, ""1"": 0}, ""policy_step"": 12, ""run_kind"": ""calibration"", ""step_min_inter_vessel_distance_m"": 283.0541056456277, ""step_ticks"": 244, ""target_cells"": {""0"": [18, 7], ""1"": [47, 2]}, ""target_world"": {""0"": [-330.0, 220.0, 0.0], ""1"": [-380.0, -70.0, 0.0]}, ""timeout"": false}",True,False,True,[],[false],[null],False,running,8.432581,False,False,False,False
calibration,13,True,baseline_GP.marine_knownmap_runtime_2usv._joint_assign_two_usv_segments,baseline_GP_mainline_planner,False,12.932511863747575,"[0, 1]",False,"[18, 39]","[55, 39]","[[18, 7], [18, 8], [18, 9], [18, 10], [18, 11], [18, 12], [18, 13], [18, 14], [18, 15]]","[[47, 2], [48, 2], [49, 2], [50, 2], [51, 2], [52, 2], [53, 2], [54, 2], [55, 2]]","[18, 8]","[48, 2]","{""0"": {""commit_remaining"": 4, ""committed_segment"": [[18, 7], [18, 8], [18, 9], [18, 10], [18, 11], [18, 12], [18, 13], [18, 14], [18, 15]], ""robot_pos"": [18, 7]}, ""1"": {""commit_remaining"": 4, ""committed_segment"": [[47, 2], [48, 2], [49, 2], [50, 2], [51, 2], [52, 2], [53, 2], [54, 2], [55, 2]], ""robot_pos"": [47, 2]}}","{""0"": {""commit_remaining"": 3, ""committed_segment"": [[18, 8], [18, 9], [18, 10], [18, 11], [18, 12], [18, 13], [18, 14], [18, 15]], ""robot_pos"": [18, 8]}, ""1"": {""commit_remaining"": 3, ""committed_segment"": [[48, 2], [49, 2], [50, 2], [51, 2], [52, 2], [53, 2], [54, 2], [55, 2]], ""robot_pos"": [48, 2]}}","{""0"": {""collision"": false, ""collision_cell"": null, ""move_success"": true, ""new_robot_pos"": [18, 8]}, ""1"": {""collision"": false, ""collision_cell"": null, ""move_success"": true, ""new_robot_pos"": [48, 2]}}","{""arrived"": {""0"": true, ""1"": true}, ""final_by_usv"": {""0"": {""arrived"": true, ""final_distance_to_target_m"": 0.9285634923591866, ""final_projected_cell"": [18, 8], ""last_known_world"": [-319.96881103515625, 219.07196044921875, 0.2018534392118454], ""observer_pose_source"": ""live_location_sensor"", ""orientation_source"": ""live_orientation_sensor"", ""projection_matches_target"": true, ""target_cell"": [18, 8], ""target_world"": [-320.0, 220.0, 0.0]}, ""1"": {""arrived"": true, ""final_distance_to_target_m"": 0.3423346852317277, ""final_projected_cell"": [48, 2], ""last_known_world"": [-379.6656188964844, -79.9266357421875, 0.19307391345500946], ""observer_pose_source"": ""live_location_sensor"", ""orientation_source"": ""live_orientation_sensor"", ""projection_matches_target"": true, ""target_cell"": [48, 2], ""target_world"": [-380.0, -80.0, 0.0]}}, ""per_step_fallback_counts"": {""0"": 0, ""1"": 0}, ""policy_step"": 13, ""run_kind"": ""calibration"", ""step_min_inter_vessel_distance_m"": 292.4777526125384, ""step_ticks"": 249, ""target_cells"": {""0"": [18, 8], ""1"": [48, 2]}, ""target_world"": {""0"": [-320.0, 220.0, 0.0], ""1"": [-380.0, -80.0, 0.0]}, ""timeout"": false}",True,False,True,[],[false],[null],False,running,8.547593,False,False,False,False
calibration,14,True,baseline_GP.marine_knownmap_runtime_2usv._joint_assign_two_usv_segments,baseline_GP_mainline_planner,False,12.421484505307731,"[0, 1]",False,"[18, 39]","[56, 38]","[[18, 8], [18, 9], [18, 10], [18, 11], [18, 12], [18, 13], [18, 14], [18, 15], [18, 16]]","[[48, 2], [49, 2], [50, 2], [51, 2], [52, 2], [53, 2], [54, 2], [55, 2], [56, 2]]","[18, 9]","[49, 2]","{""0"": {""commit_remaining"": 4, ""committed_segment"": [[18, 8], [18, 9], [18, 10], [18, 11], [18, 12], [18, 13], [18, 14], [18, 15], [18, 16]], ""robot_pos"": [18, 8]}, ""1"": {""commit_remaining"": 4, ""committed_segment"": [[48, 2], [49, 2], [50, 2], [51, 2], [52, 2], [53, 2], [54, 2], [55, 2], [56, 2]], ""robot_pos"": [48, 2]}}","{""0"": {""commit_remaining"": 3, ""committed_segment"": [[18, 9], [18, 10], [18, 11], [18, 12], [18, 13], [18, 14], [18, 15], [18, 16]], ""robot_pos"": [18, 9]}, ""1"": {""commit_remaining"": 3, ""committed_segment"": [[49, 2], [50, 2], [51, 2], [52, 2], [53, 2], [54, 2], [55, 2], [56, 2]], ""robot_pos"": [49, 2]}}","{""0"": {""collision"": false, ""collision_cell"": null, ""move_success"": true, ""new_robot_pos"": [18, 9]}, ""1"": {""collision"": false, ""collision_cell"": null, ""move_success"": true, ""new_robot_pos"": [49, 2]}}","{""arrived"": {""0"": true, ""1"": true}, ""final_by_usv"": {""0"": {""arrived"": true, ""final_distance_to_target_m"": 0.6141505746674801, ""final_projected_cell"": [18, 9], ""last_known_world"": [-310.5989685058594, 220.13571166992188, 0.18918853998184204], ""observer_pose_source"": ""live_location_sensor"", ""orientation_source"": ""live_orientation_sensor"", ""projection_matches_target"": true, ""target_cell"": [18, 9], ""target_world"": [-310.0, 220.0, 0.0]}, ""1"": {""arrived"": true, ""final_distance_to_target_m"": 0.49202891876539734, ""final_projected_cell"": [49, 2], ""last_known_world"": [-379.6317138671875, -90.32627868652344, 0.18299885094165802], ""observer_pose_source"": ""live_location_sensor"", ""orientation_source"": ""live_orientation_sensor"", ""projection_matches_target"": true, ""target_cell"": [49, 2], ""target_world"": [-380.0, -90.0, 0.0]}}, ""per_step_fallback_counts"": {""0"": 0, ""1"": 0}, ""policy_step"": 14, ""run_kind"": ""calibration"", ""step_min_inter_vessel_distance_m"": 304.91206638444135, ""step_ticks"": 253, ""target_cells"": {""0"": [18, 9], ""1"": [49, 2]}, ""target_world"": {""0"": [-310.0, 220.0, 0.0], ""1"": [-380.0, -90.0, 0.0]}, ""timeout"": false}",True,False,True,[],[false],[null],False,running,8.733809,False,False,False,False
calibration,15,True,baseline_GP.marine_knownmap_runtime_2usv._joint_assign_two_usv_segments,baseline_GP_mainline_planner,False,12.34375,"[0, 1]",False,"[18, 39]","[53, 41]","[[18, 9], [18, 10], [18, 11], [18, 12], [18, 13], [18, 14], [18, 15], [18, 16], [18, 17]]","[[49, 2], [50, 2], [51, 2], [52, 2], [53, 2], [53, 3], [53, 4], [53, 5], [53, 6]]","[18, 10]","[50, 2]","{""0"": {""commit_remaining"": 4, ""committed_segment"": [[18, 9], [18, 10], [18, 11], [18, 12], [18, 13], [18, 14], [18, 15], [18, 16], [18, 17]], ""robot_pos"": [18, 9]}, ""1"": {""commit_remaining"": 4, ""committed_segment"": [[49, 2], [50, 2], [51, 2], [52, 2], [53, 2], [53, 3], [53, 4], [53, 5], [53, 6]], ""robot_pos"": [49, 2]}}","{""0"": {""commit_remaining"": 3, ""committed_segment"": [[18, 10], [18, 11], [18, 12], [18, 13], [18, 14], [18, 15], [18, 16], [18, 17]], ""robot_pos"": [18, 10]}, ""1"": {""commit_remaining"": 3, ""committed_segment"": [[50, 2], [51, 2], [52, 2], [53, 2], [53, 3], [53, 4], [53, 5], [53, 6]], ""robot_pos"": [50, 2]}}","{""0"": {""collision"": false, ""collision_cell"": null, ""move_success"": true, ""new_robot_pos"": [18, 10]}, ""1"": {""collision"": false, ""collision_cell"": null, ""move_success"": true, ""new_robot_pos"": [50, 2]}}","{""arrived"": {""0"": true, ""1"": true}, ""final_by_usv"": {""0"": {""arrived"": true, ""final_distance_to_target_m"": 0.7399778103894581, ""final_projected_cell"": [18, 10], ""last_known_world"": [-299.8832702636719, 219.269287109375, 0.2050119787454605], ""observer_pose_source"": ""live_location_sensor"", ""orientation_source"": ""live_orientation_sensor"", ""projection_matches_target"": true, ""target_cell"": [18, 10], ""target_world"": [-300.0, 220.0, 0.0]}, ""1"": {""arrived"": true, ""final_distance_to_target_m"": 0.5609652232449245, ""final_projected_cell"": [50, 2], ""last_known_world"": [-379.5932312011719, -100.38629150390625, 0.19624988734722137], ""observer_pose_source"": ""live_location_sensor"", ""orientation_source"": ""live_orientation_sensor"", ""projection_matches_target"": true, ""target_cell"": [50, 2], ""target_world"": [-380.0, -100.0, 0.0]}}, ""per_step_fallback_counts"": {""0"": 0, ""1"": 0}, ""policy_step"": 15, ""run_kind"": ""calibration"", ""step_min_inter_vessel_distance_m"": 318.0598463272839, ""step_ticks"": 260, ""target_cells"": {""0"": [18, 10], ""1"": [50, 2]}, ""target_world"": {""0"": [-300.0, 220.0, 0.0], ""1"": [-380.0, -100.0, 0.0]}, ""timeout"": false}",True,False,True,[],[false],[null],False,running,10.536772,False,False,False,False
calibration,16,True,baseline_GP.marine_knownmap_runtime_2usv._joint_assign_two_usv_segments,baseline_GP_mainline_planner,False,14.68888888888889,"[0, 1]",False,"[18, 42]","[53, 41]","[[18, 10], [18, 11], [18, 12], [18, 13], [18, 14], [18, 15], [18, 16], [18, 17], [18, 18]]","[[50, 2], [51, 2], [52, 2], [53, 2], [53, 3], [53, 4], [53, 5], [53, 6], [53, 7]]","[18, 11]","[51, 2]","{""0"": {""commit_remaining"": 4, ""committed_segment"": [[18, 10], [18, 11], [18, 12], [18, 13], [18, 14], [18, 15], [18, 16], [18, 17], [18, 18]], ""robot_pos"": [18, 10]}, ""1"": {""commit_remaining"": 4, ""committed_segment"": [[50, 2], [51, 2], [52, 2], [53, 2], [53, 3], [53, 4], [53, 5], [53, 6], [53, 7]], ""robot_pos"": [50, 2]}}","{""0"": {""commit_remaining"": 3, ""committed_segment"": [[18, 11], [18, 12], [18, 13], [18, 14], [18, 15], [18, 16], [18, 17], [18, 18]], ""robot_pos"": [18, 11]}, ""1"": {""commit_remaining"": 3, ""committed_segment"": [[51, 2], [52, 2], [53, 2], [53, 3], [53, 4], [53, 5], [53, 6], [53, 7]], ""robot_pos"": [51, 2]}}","{""0"": {""collision"": false, ""collision_cell"": null, ""move_success"": true, ""new_robot_pos"": [18, 11]}, ""1"": {""collision"": false, ""collision_cell"": null, ""move_success"": true, ""new_robot_pos"": [51, 2]}}","{""arrived"": {""0"": true, ""1"": true}, ""final_by_usv"": {""0"": {""arrived"": true, ""final_distance_to_target_m"": 0.5269494171803913, ""final_projected_cell"": [18, 11], ""last_known_world"": [-289.5634765625, 219.704833984375, 0.2113148421049118], ""observer_pose_source"": ""live_location_sensor"", ""orientation_source"": ""live_orientation_sensor"", ""projection_matches_target"": true, ""target_cell"": [18, 11], ""target_world"": [-290.0, 220.0, 0.0]}, ""1"": {""arrived"": true, ""final_distance_to_target_m"": 2.0084254654996183, ""final_projected_cell"": [51, 2], ""last_known_world"": [-379.06768798828125, -108.22107696533203, 0.20604386925697327], ""observer_pose_source"": ""live_location_sensor"", ""orientation_source"": ""live_orientation_sensor"", ""projection_matches_target"": true, ""target_cell"": [51, 2], ""target_world"": [-380.0, -110.0, 0.0]}}, ""per_step_fallback_counts"": {""0"": 0, ""1"": 0}, ""policy_step"": 16, ""run_kind"": ""calibration"", ""step_min_inter_vessel_distance_m"": 329.45404091280824, ""step_ticks"": 260, ""target_cells"": {""0"": [18, 11], ""1"": [51, 2]}, ""target_world"": {""0"": [-290.0, 220.0, 0.0], ""1"": [-380.0, -110.0, 0.0]}, ""timeout"": false}",True,False,True,[],[false],[null],False,running,9.708621,False,False,False,False
calibration,17,True,baseline_GP.marine_knownmap_runtime_2usv._joint_assign_two_usv_segments,baseline_GP_mainline_planner,False,14.676923076923078,"[0, 1]",False,"[18, 42]","[53, 41]","[[18, 11], [18, 12], [18, 13], [18, 14], [18, 15], [18, 16], [18, 17], [18, 18], [18, 19]]","[[51, 2], [52, 2], [53, 2], [53, 3], [53, 4], [53, 5], [53, 6], [53, 7], [53, 8]]","[18, 12]","[52, 2]","{""0"": {""commit_remaining"": 4, ""committed_segment"": [[18, 11], [18, 12], [18, 13], [18, 14], [18, 15], [18, 16], [18, 17], [18, 18], [18, 19]], ""robot_pos"": [18, 11]}, ""1"": {""commit_remaining"": 4, ""committed_segment"": [[51, 2], [52, 2], [53, 2], [53, 3], [53, 4], [53, 5], [53, 6], [53, 7], [53, 8]], ""robot_pos"": [51, 2]}}","{""0"": {""commit_remaining"": 3, ""committed_segment"": [[18, 12], [18, 13], [18, 14], [18, 15], [18, 16], [18, 17], [18, 18], [18, 19]], ""robot_pos"": [18, 12]}, ""1"": {""commit_remaining"": 3, ""committed_segment"": [[52, 2], [53, 2], [53, 3], [53, 4], [53, 5], [53, 6], [53, 7], [53, 8]], ""robot_pos"": [52, 2]}}","{""0"": {""collision"": false, ""collision_cell"": null, ""move_success"": true, ""new_robot_pos"": [18, 12]}, ""1"": {""collision"": false, ""collision_cell"": null, ""move_success"": true, ""new_robot_pos"": [52, 2]}}","{""arrived"": {""0"": true, ""1"": true}, ""final_by_usv"": {""0"": {""arrived"": true, ""final_distance_to_target_m"": 0.6825551864738627, ""final_projected_cell"": [18, 12], ""last_known_world"": [-280.6400146484375, 220.23719787597656, 0.18980485200881958], ""observer_pose_source"": ""live_location_sensor"", ""orientation_source"": ""live_orientation_sensor"", ""projection_matches_target"": true, ""target_cell"": [18, 12], ""target_world"": [-280.0, 220.0, 0.0]}, ""1"": {""arrived"": true, ""final_distance_to_target_m"": 0.9742187313633911, ""final_projected_cell"": [52, 2], ""last_known_world"": [-379.5740661621094, -120.87617492675781, 0.17280776798725128], ""observer_pose_source"": ""live_location_sensor"", ""orientation_source"": ""live_orientation_sensor"", ""projection_matches_target"": true, ""target_cell"": [52, 2], ""target_world"": [-380.0, -120.0, 0.0]}}, ""per_step_fallback_counts"": {""0"": 0, ""1"": 0}, ""policy_step"": 17, ""run_kind"": ""calibration"", ""step_min_inter_vessel_distance_m"": 339.99640857466727, ""step_ticks"": 262, ""target_cells"": {""0"": [18, 12], ""1"": [52, 2]}, ""target_world"": {""0"": [-280.0, 220.0, 0.0], ""1"": [-380.0, -120.0, 0.0]}, ""timeout"": false}",True,False,True,[],[false],[null],False,running,10.104925,False,False,False,False
calibration,18,True,baseline_GP.marine_knownmap_runtime_2usv._joint_assign_two_usv_segments,baseline_GP_mainline_planner,False,14.679166666666667,"[0, 1]",False,"[18, 42]","[53, 41]","[[18, 12], [18, 13], [18, 14], [18, 15], [18, 16], [18, 17], [18, 18], [18, 19], [18, 20]]","[[52, 2], [53, 2], [53, 3], [53, 4], [53, 5], [53, 6], [53, 7], [53, 8], [53, 9]]","[18, 13]","[53, 2]","{""0"": {""commit_remaining"": 4, ""committed_segment"": [[18, 12], [18, 13], [18, 14], [18, 15], [18, 16], [18, 17], [18, 18], [18, 19], [18, 20]], ""robot_pos"": [18, 12]}, ""1"": {""commit_remaining"": 4, ""committed_segment"": [[52, 2], [53, 2], [53, 3], [53, 4], [53, 5], [53, 6], [53, 7], [53, 8], [53, 9]], ""robot_pos"": [52, 2]}}","{""0"": {""commit_remaining"": 3, ""committed_segment"": [[18, 13], [18, 14], [18, 15], [18, 16], [18, 17], [18, 18], [18, 19], [18, 20]], ""robot_pos"": [18, 13]}, ""1"": {""commit_remaining"": 3, ""committed_segment"": [[53, 2], [53, 3], [53, 4], [53, 5], [53, 6], [53, 7], [53, 8], [53, 9]], ""robot_pos"": [53, 2]}}","{""0"": {""collision"": false, ""collision_cell"": null, ""move_success"": true, ""new_robot_pos"": [18, 13]}, ""1"": {""collision"": false, ""collision_cell"": null, ""move_success"": true, ""new_robot_pos"": [53, 2]}}","{""arrived"": {""0"": true, ""1"": true}, ""final_by_usv"": {""0"": {""arrived"": true, ""final_distance_to_target_m"": 0.7886646827088284, ""final_projected_cell"": [18, 13], ""last_known_world"": [-269.9391784667969, 219.21368408203125, 0.20425185561180115], ""observer_pose_source"": ""live_location_sensor"", ""orientation_source"": ""live_orientation_sensor"", ""projection_matches_target"": true, ""target_cell"": [18, 13], ""target_world"": [-270.0, 220.0, 0.0]}, ""1"": {""arrived"": true, ""final_distance_to_target_m"": 0.17848973903015194, ""final_projected_cell"": [53, 2], ""last_known_world"": [-380.0649719238281, -129.83375549316406, 0.1856367290019989], ""observer_pose_source"": ""live_location_sensor"", ""orientation_source"": ""live_orientation_sensor"", ""projection_matches_target"": true, ""target_cell"": [53, 2], ""target_world"": [-380.0, -130.0, 0.0]}}, ""per_step_fallback_counts"": {""0"": 0, ""1"": 0}, ""policy_step"": 18, ""run_kind"": ""calibration"", ""step_min_inter_vessel_distance_m"": 355.18253669866846, ""step_ticks"": 259, ""target_cells"": {""0"": [18, 13], ""1"": [53, 2]}, ""target_world"": {""0"": [-270.0, 220.0, 0.0], ""1"": [-380.0, -130.0, 0.0]}, ""timeout"": false}",True,False,True,[],[false],[null],False,running,10.716398,False,False,False,False
calibration,19,True,baseline_GP.marine_knownmap_runtime_2usv._joint_assign_two_usv_segments,baseline_GP_mainline_planner,False,13.62798638360166,"[0, 1]",False,"[24, 11]","[53, 42]","[[18, 13], [19, 13], [20, 13], [21, 13], [22, 13], [23, 13], [24, 13], [24, 12], [24, 11]]","[[53, 2], [53, 3], [53, 4], [53, 5], [53, 6], [53, 7], [53, 8], [53, 9], [53, 10]]","[19, 13]","[53, 3]","{""0"": {""commit_remaining"": 4, ""committed_segment"": [[18, 13], [19, 13], [20, 13], [21, 13], [22, 13], [23, 13], [24, 13], [24, 12], [24, 11]], ""robot_pos"": [18, 13]}, ""1"": {""commit_remaining"": 4, ""committed_segment"": [[53, 2], [53, 3], [53, 4], [53, 5], [53, 6], [53, 7], [53, 8], [53, 9], [53, 10]], ""robot_pos"": [53, 2]}}","{""0"": {""commit_remaining"": 3, ""committed_segment"": [[19, 13], [20, 13], [21, 13], [22, 13], [23, 13], [24, 13], [24, 12], [24, 11]], ""robot_pos"": [19, 13]}, ""1"": {""commit_remaining"": 3, ""committed_segment"": [[53, 3], [53, 4], [53, 5], [53, 6], [53, 7], [53, 8], [53, 9], [53, 10]], ""robot_pos"": [53, 3]}}","{""0"": {""collision"": false, ""collision_cell"": null, ""move_success"": true, ""new_robot_pos"": [19, 13]}, ""1"": {""collision"": false, ""collision_cell"": null, ""move_success"": true, ""new_robot_pos"": [53, 3]}}","{""arrived"": {""0"": true, ""1"": true}, ""final_by_usv"": {""0"": {""arrived"": true, ""final_distance_to_target_m"": 0.6105049552807296, ""final_projected_cell"": [19, 13], ""last_known_world"": [-269.7564697265625, 210.55982971191406, 0.18911944329738617], ""observer_pose_source"": ""live_location_sensor"", ""orientation_source"": ""live_orientation_sensor"", ""projection_matches_target"": true, ""target_cell"": [19, 13], ""target_world"": [-270.0, 210.0, 0.0]}, ""1"": {""arrived"": true, ""final_distance_to_target_m"": 0.49004547689655803, ""final_projected_cell"": [53, 3], ""last_known_world"": [-369.9063720703125, -129.51898193359375, 0.18575486540794373], ""observer_pose_source"": ""live_location_sensor"", ""orientation_source"": ""live_orientation_sensor"", ""projection_matches_target"": true, ""target_cell"": [53, 3], ""target_world"": [-370.0, -130.0, 0.0]}}, ""per_step_fallback_counts"": {""0"": 0, ""1"": 0}, ""policy_step"": 19, ""run_kind"": ""calibration"", ""step_min_inter_vessel_distance_m"": 353.2539452634758, ""step_ticks"": 277, ""target_cells"": {""0"": [19, 13], ""1"": [53, 3]}, ""target_world"": {""0"": [-270.0, 210.0, 0.0], ""1"": [-370.0, -130.0, 0.0]}, ""timeout"": false}",True,False,True,[],[false],[null],False,running,10.875104,False,False,False,False
calibration,20,True,baseline_GP.marine_knownmap_runtime_2usv._joint_assign_two_usv_segments,baseline_GP_mainline_planner,False,13.928105210648244,"[0, 1]",False,"[27, 12]","[53, 40]","[[19, 13], [20, 13], [21, 13], [22, 13], [23, 13], [24, 13], [25, 13], [26, 13], [27, 13]]","[[53, 3], [53, 4], [53, 5], [53, 6], [53, 7], [53, 8], [53, 9], [53, 10], [53, 11]]","[20, 13]","[53, 4]","{""0"": {""commit_remaining"": 4, ""committed_segment"": [[19, 13], [20, 13], [21, 13], [22, 13], [23, 13], [24, 13], [25, 13], [26, 13], [27, 13]], ""robot_pos"": [19, 13]}, ""1"": {""commit_remaining"": 4, ""committed_segment"": [[53, 3], [53, 4], [53, 5], [53, 6], [53, 7], [53, 8], [53, 9], [53, 10], [53, 11]], ""robot_pos"": [53, 3]}}","{""0"": {""commit_remaining"": 3, ""committed_segment"": [[20, 13], [21, 13], [22, 13], [23, 13], [24, 13], [25, 13], [26, 13], [27, 13]], ""robot_pos"": [20, 13]}, ""1"": {""commit_remaining"": 3, ""committed_segment"": [[53, 4], [53, 5], [53, 6], [53, 7], [53, 8], [53, 9], [53, 10], [53, 11]], ""robot_pos"": [53, 4]}}","{""0"": {""collision"": false, ""collision_cell"": null, ""move_success"": true, ""new_robot_pos"": [20, 13]}, ""1"": {""collision"": false, ""collision_cell"": null, ""move_success"": true, ""new_robot_pos"": [53, 4]}}","{""arrived"": {""0"": true, ""1"": true}, ""final_by_usv"": {""0"": {""arrived"": true, ""final_distance_to_target_m"": 0.7562293028720892, ""final_projected_cell"": [20, 13], ""last_known_world"": [-270.7532958984375, 199.93345642089844, 0.2057400941848755], ""observer_pose_source"": ""live_location_sensor"", ""orientation_source"": ""live_orientation_sensor"", ""projection_matches_target"": true, ""target_cell"": [20, 13], ""target_world"": [-270.0, 200.0, 0.0]}, ""1"": {""arrived"": true, ""final_distance_to_target_m"": 0.8335257688624298, ""final_projected_cell"": [53, 4], ""last_known_world"": [-360.6617736816406, -129.49322509765625, 0.20986711978912354], ""observer_pose_source"": ""live_location_sensor"", ""orientation_source"": ""live_orientation_sensor"", ""projection_matches_target"": true, ""target_cell"": [53, 4], ""target_world"": [-360.0, -130.0, 0.0]}}, ""per_step_fallback_counts"": {""0"": 0, ""1"": 0}, ""policy_step"": 20, ""run_kind"": ""calibration"", ""step_min_inter_vessel_distance_m"": 341.39613965043793, ""step_ticks"": 255, ""target_cells"": {""0"": [20, 13], ""1"": [53, 4]}, ""target_world"": {""0"": [-270.0, 200.0, 0.0], ""1"": [-360.0, -130.0, 0.0]}, ""timeout"": false}",True,False,True,[],[false],[null],False,running,9.496294,False,False,False,False
target,1,True,baseline_GP.marine_knownmap_runtime_2usv._joint_assign_two_usv_segments,baseline_GP_mainline_planner,False,6.486486486486487,"[0, 1]",False,"[16, 39]","[53, 39]","[[25, 2], [24, 2], [23, 2], [22, 2], [21, 2], [20, 2], [19, 2], [18, 2], [17, 2]]","[[35, 2], [36, 2], [37, 2], [38, 2], [39, 2], [40, 2], [41, 2], [42, 2], [43, 2]]","[24, 2]","[36, 2]","{""0"": {""commit_remaining"": 4, ""committed_segment"": [[25, 2], [24, 2], [23, 2], [22, 2], [21, 2], [20, 2], [19, 2], [18, 2], [17, 2]], ""robot_pos"": [25, 2]}, ""1"": {""commit_remaining"": 4, ""committed_segment"": [[35, 2], [36, 2], [37, 2], [38, 2], [39, 2], [40, 2], [41, 2], [42, 2], [43, 2]], ""robot_pos"": [35, 2]}}","{""0"": {""commit_remaining"": 3, ""committed_segment"": [[24, 2], [23, 2], [22, 2], [21, 2], [20, 2], [19, 2], [18, 2], [17, 2]], ""robot_pos"": [24, 2]}, ""1"": {""commit_remaining"": 3, ""committed_segment"": [[36, 2], [37, 2], [38, 2], [39, 2], [40, 2], [41, 2], [42, 2], [43, 2]], ""robot_pos"": [36, 2]}}","{""0"": {""collision"": false, ""collision_cell"": null, ""move_success"": true, ""new_robot_pos"": [24, 2]}, ""1"": {""collision"": false, ""collision_cell"": null, ""move_success"": true, ""new_robot_pos"": [36, 2]}}","{""arrived"": {""0"": true, ""1"": true}, ""final_by_usv"": {""0"": {""arrived"": true, ""final_distance_to_target_m"": 1.6765700331908198, ""final_projected_cell"": [24, 2], ""last_known_world"": [-380.64508056640625, 158.45249938964844, 0.20268167555332184], ""observer_pose_source"": ""live_location_sensor"", ""orientation_source"": ""live_orientation_sensor"", ""projection_matches_target"": true, ""target_cell"": [24, 2], ""target_world"": [-380.0, 160.0, 0.0]}, ""1"": {""arrived"": true, ""final_distance_to_target_m"": 2.137213581326741, ""final_projected_cell"": [36, 2], ""last_known_world"": [-380.73974609375, 42.00510787963867, 0.20213472843170166], ""observer_pose_source"": ""live_location_sensor"", ""orientation_source"": ""live_orientation_sensor"", ""projection_matches_target"": true, ""target_cell"": [36, 2], ""target_world"": [-380.0, 40.0, 0.0]}}, ""per_step_fallback_counts"": {""0"": 0, ""1"": 0}, ""policy_step"": 1, ""run_kind"": ""target"", ""step_min_inter_vessel_distance_m"": 99.95896530151367, ""step_ticks"": 231, ""target_cells"": {""0"": [24, 2], ""1"": [36, 2]}, ""target_world"": {""0"": [-380.0, 160.0, 0.0], ""1"": [-380.0, 40.0, 0.0]}, ""timeout"": false}",True,True,True,[],[false],[null],False,running,9.769052,False,False,False,False
target,2,True,baseline_GP.marine_knownmap_runtime_2usv._joint_assign_two_usv_segments,baseline_GP_mainline_planner,False,6.15,"[0, 1]",False,"[18, 41]","[54, 39]","[[24, 2], [23, 2], [22, 2], [21, 2], [20, 2], [19, 2], [18, 2], [18, 3], [18, 4]]","[[36, 2], [37, 2], [38, 2], [39, 2], [40, 2], [41, 2], [42, 2], [43, 2], [44, 2]]","[23, 2]","[37, 2]","{""0"": {""commit_remaining"": 4, ""committed_segment"": [[24, 2], [23, 2], [22, 2], [21, 2], [20, 2], [19, 2], [18, 2], [18, 3], [18, 4]], ""robot_pos"": [24, 2]}, ""1"": {""commit_remaining"": 4, ""committed_segment"": [[36, 2], [37, 2], [38, 2], [39, 2], [40, 2], [41, 2], [42, 2], [43, 2], [44, 2]], ""robot_pos"": [36, 2]}}","{""0"": {""commit_remaining"": 3, ""committed_segment"": [[23, 2], [22, 2], [21, 2], [20, 2], [19, 2], [18, 2], [18, 3], [18, 4]], ""robot_pos"": [23, 2]}, ""1"": {""commit_remaining"": 3, ""committed_segment"": [[37, 2], [38, 2], [39, 2], [40, 2], [41, 2], [42, 2], [43, 2], [44, 2]], ""robot_pos"": [37, 2]}}","{""0"": {""collision"": false, ""collision_cell"": null, ""move_success"": true, ""new_robot_pos"": [23, 2]}, ""1"": {""collision"": false, ""collision_cell"": null, ""move_success"": true, ""new_robot_pos"": [37, 2]}}","{""arrived"": {""0"": true, ""1"": true}, ""final_by_usv"": {""0"": {""arrived"": true, ""final_distance_to_target_m"": 0.1914439456177153, ""final_projected_cell"": [23, 2], ""last_known_world"": [-379.89483642578125, 169.84002685546875, 0.17798729240894318], ""observer_pose_source"": ""live_location_sensor"", ""orientation_source"": ""live_orientation_sensor"", ""projection_matches_target"": true, ""target_cell"": [23, 2], ""target_world"": [-380.0, 170.0, 0.0]}, ""1"": {""arrived"": true, ""final_distance_to_target_m"": 0.9660054742552521, ""final_projected_cell"": [37, 2], ""last_known_world"": [-380.96600341796875, 29.99800682067871, 0.2082245796918869], ""observer_pose_source"": ""live_location_sensor"", ""orientation_source"": ""live_orientation_sensor"", ""projection_matches_target"": true, ""target_cell"": [37, 2], ""target_world"": [-380.0, 30.0, 0.0]}}, ""per_step_fallback_counts"": {""0"": 0, ""1"": 0}, ""policy_step"": 2, ""run_kind"": ""target"", ""step_min_inter_vessel_distance_m"": 116.5357751672386, ""step_ticks"": 253, ""target_cells"": {""0"": [23, 2], ""1"": [37, 2]}, ""target_world"": {""0"": [-380.0, 170.0, 0.0], ""1"": [-380.0, 30.0, 0.0]}, ""timeout"": false}",True,True,True,[],[false],[null],False,running,11.238203,False,False,False,False
target,3,True,baseline_GP.marine_knownmap_runtime_2usv._joint_assign_two_usv_segments,baseline_GP_mainline_planner,False,6.15,"[0, 1]",False,"[18, 41]","[54, 40]","[[23, 2], [22, 2], [21, 2], [20, 2], [19, 2], [18, 2], [18, 3], [18, 4], [18, 5]]","[[37, 2], [38, 2], [39, 2], [40, 2], [41, 2], [42, 2], [43, 2], [44, 2], [45, 2]]","[22, 2]","[38, 2]","{""0"": {""commit_remaining"": 4, ""committed_segment"": [[23, 2], [22, 2], [21, 2], [20, 2], [19, 2], [18, 2], [18, 3], [18, 4], [18, 5]], ""robot_pos"": [23, 2]}, ""1"": {""commit_remaining"": 4, ""committed_segment"": [[37, 2], [38, 2], [39, 2], [40, 2], [41, 2], [42, 2], [43, 2], [44, 2], [45, 2]], ""robot_pos"": [37, 2]}}","{""0"": {""commit_remaining"": 3, ""committed_segment"": [[22, 2], [21, 2], [20, 2], [19, 2], [18, 2], [18, 3], [18, 4], [18, 5]], ""robot_pos"": [22, 2]}, ""1"": {""commit_remaining"": 3, ""committed_segment"": [[38, 2], [39, 2], [40, 2], [41, 2], [42, 2], [43, 2], [44, 2], [45, 2]], ""robot_pos"": [38, 2]}}","{""0"": {""collision"": false, ""collision_cell"": null, ""move_success"": true, ""new_robot_pos"": [22, 2]}, ""1"": {""collision"": false, ""collision_cell"": null, ""move_success"": true, ""new_robot_pos"": [38, 2]}}","{""arrived"": {""0"": true, ""1"": true}, ""final_by_usv"": {""0"": {""arrived"": true, ""final_distance_to_target_m"": 0.19856283723870377, ""final_projected_cell"": [22, 2], ""last_known_world"": [-379.8061218261719, 180.04287719726562, 0.19951221346855164], ""observer_pose_source"": ""live_location_sensor"", ""orientation_source"": ""live_orientation_sensor"", ""projection_matches_target"": true, ""target_cell"": [22, 2], ""target_world"": [-380.0, 180.0, 0.0]}, ""1"": {""arrived"": true, ""final_distance_to_target_m"": 0.6601314272958295, ""final_projected_cell"": [38, 2], ""last_known_world"": [-380.1654968261719, 19.360950469970703, 0.2103327065706253], ""observer_pose_source"": ""live_location_sensor"", ""orientation_source"": ""live_orientation_sensor"", ""projection_matches_target"": true, ""target_cell"": [38, 2], ""target_world"": [-380.0, 20.0, 0.0]}}, ""per_step_fallback_counts"": {""0"": 0, ""1"": 0}, ""policy_step"": 3, ""run_kind"": ""target"", ""step_min_inter_vessel_distance_m"": 139.40048094150595, ""step_ticks"": 269, ""target_cells"": {""0"": [22, 2], ""1"": [38, 2]}, ""target_world"": {""0"": [-380.0, 180.0, 0.0], ""1"": [-380.0, 20.0, 0.0]}, ""timeout"": false}",True,True,True,[],[false],[null],False,running,10.923712,False,False,False,False
target,4,True,baseline_GP.marine_knownmap_runtime_2usv._joint_assign_two_usv_segments,baseline_GP_mainline_planner,False,6.15,"[0, 1]",False,"[18, 40]","[54, 40]","[[22, 2], [21, 2], [20, 2], [19, 2], [18, 2], [18, 3], [18, 4], [18, 5], [18, 6]]","[[38, 2], [39, 2], [40, 2], [41, 2], [42, 2], [43, 2], [44, 2], [45, 2], [46, 2]]","[21, 2]","[39, 2]","{""0"": {""commit_remaining"": 4, ""committed_segment"": [[22, 2], [21, 2], [20, 2], [19, 2], [18, 2], [18, 3], [18, 4], [18, 5], [18, 6]], ""robot_pos"": [22, 2]}, ""1"": {""commit_remaining"": 4, ""committed_segment"": [[38, 2], [39, 2], [40, 2], [41, 2], [42, 2], [43, 2], [44, 2], [45, 2], [46, 2]], ""robot_pos"": [38, 2]}}","{""0"": {""commit_remaining"": 3, ""committed_segment"": [[21, 2], [20, 2], [19, 2], [18, 2], [18, 3], [18, 4], [18, 5], [18, 6]], ""robot_pos"": [21, 2]}, ""1"": {""commit_remaining"": 3, ""committed_segment"": [[39, 2], [40, 2], [41, 2], [42, 2], [43, 2], [44, 2], [45, 2], [46, 2]], ""robot_pos"": [39, 2]}}","{""0"": {""collision"": false, ""collision_cell"": null, ""move_success"": true, ""new_robot_pos"": [21, 2]}, ""1"": {""collision"": false, ""collision_cell"": null, ""move_success"": true, ""new_robot_pos"": [39, 2]}}","{""arrived"": {""0"": true, ""1"": true}, ""final_by_usv"": {""0"": {""arrived"": true, ""final_distance_to_target_m"": 0.7048560630596075, ""final_projected_cell"": [21, 2], ""last_known_world"": [-379.3168640136719, 190.1736297607422, 0.17861580848693848], ""observer_pose_source"": ""live_location_sensor"", ""orientation_source"": ""live_orientation_sensor"", ""projection_matches_target"": true, ""target_cell"": [21, 2], ""target_world"": [-380.0, 190.0, 0.0]}, ""1"": {""arrived"": true, ""final_distance_to_target_m"": 0.9205396852303668, ""final_projected_cell"": [39, 2], ""last_known_world"": [-379.841064453125, 9.093284606933594, 0.19407236576080322], ""observer_pose_source"": ""live_location_sensor"", ""orientation_source"": ""live_orientation_sensor"", ""projection_matches_target"": true, ""target_cell"": [39, 2], ""target_world"": [-380.0, 10.0, 0.0]}}, ""per_step_fallback_counts"": {""0"": 0, ""1"": 0}, ""policy_step"": 4, ""run_kind"": ""target"", ""step_min_inter_vessel_distance_m"": 160.15779828355693, ""step_ticks"": 267, ""target_cells"": {""0"": [21, 2], ""1"": [39, 2]}, ""target_world"": {""0"": [-380.0, 190.0, 0.0], ""1"": [-380.0, 10.0, 0.0]}, ""timeout"": false}",True,True,True,[],[false],[null],False,running,10.732346,False,False,False,False
target,5,True,baseline_GP.marine_knownmap_runtime_2usv._joint_assign_two_usv_segments,baseline_GP_mainline_planner,False,8.5,"[0, 1]",False,"[18, 40]","[54, 40]","[[21, 2], [20, 2], [19, 2], [18, 2], [18, 3], [18, 4], [18, 5], [18, 6], [18, 7]]","[[39, 2], [40, 2], [41, 2], [42, 2], [43, 2], [44, 2], [45, 2], [46, 2], [47, 2]]","[20, 2]","[40, 2]","{""0"": {""commit_remaining"": 4, ""committed_segment"": [[21, 2], [20, 2], [19, 2], [18, 2], [18, 3], [18, 4], [18, 5], [18, 6], [18, 7]], ""robot_pos"": [21, 2]}, ""1"": {""commit_remaining"": 4, ""committed_segment"": [[39, 2], [40, 2], [41, 2], [42, 2], [43, 2], [44, 2], [45, 2], [46, 2], [47, 2]], ""robot_pos"": [39, 2]}}","{""0"": {""commit_remaining"": 3, ""committed_segment"": [[20, 2], [19, 2], [18, 2], [18, 3], [18, 4], [18, 5], [18, 6], [18, 7]], ""robot_pos"": [20, 2]}, ""1"": {""commit_remaining"": 3, ""committed_segment"": [[40, 2], [41, 2], [42, 2], [43, 2], [44, 2], [45, 2], [46, 2], [47, 2]], ""robot_pos"": [40, 2]}}","{""0"": {""collision"": false, ""collision_cell"": null, ""move_success"": true, ""new_robot_pos"": [20, 2]}, ""1"": {""collision"": false, ""collision_cell"": null, ""move_success"": true, ""new_robot_pos"": [40, 2]}}","{""arrived"": {""0"": true, ""1"": true}, ""final_by_usv"": {""0"": {""arrived"": true, ""final_distance_to_target_m"": 0.3189750306702709, ""final_projected_cell"": [20, 2], ""last_known_world"": [-380.1670837402344, 200.27171325683594, 0.16893595457077026], ""observer_pose_source"": ""live_location_sensor"", ""orientation_source"": ""live_orientation_sensor"", ""projection_matches_target"": true, ""target_cell"": [20, 2], ""target_world"": [-380.0, 200.0, 0.0]}, ""1"": {""arrived"": true, ""final_distance_to_target_m"": 0.622760746107388, ""final_projected_cell"": [40, 2], ""last_known_world"": [-380.5632629394531, 0.2656422555446625, 0.21805836260318756], ""observer_pose_source"": ""live_location_sensor"", ""orientation_source"": ""live_orientation_sensor"", ""projection_matches_target"": true, ""target_cell"": [40, 2], ""target_world"": [-380.0, 0.0, 0.0]}}, ""per_step_fallback_counts"": {""0"": 0, ""1"": 0}, ""policy_step"": 5, ""run_kind"": ""target"", ""step_min_inter_vessel_distance_m"": 181.01708692648614, ""step_ticks"": 270, ""target_cells"": {""0"": [20, 2], ""1"": [40, 2]}, ""target_world"": {""0"": [-380.0, 200.0, 0.0], ""1"": [-380.0, 0.0, 0.0]}, ""timeout"": false}",True,True,True,[],[false],[null],False,running,10.352604,False,False,False,False
target,6,True,baseline_GP.marine_knownmap_runtime_2usv._joint_assign_two_usv_segments,baseline_GP_mainline_planner,False,8.5,"[0, 1]",False,"[18, 41]","[54, 40]","[[20, 2], [19, 2], [18, 2], [18, 3], [18, 4], [18, 5], [18, 6], [18, 7], [18, 8]]","[[40, 2], [41, 2], [42, 2], [43, 2], [44, 2], [45, 2], [46, 2], [47, 2], [48, 2]]","[19, 2]","[41, 2]","{""0"": {""commit_remaining"": 4, ""committed_segment"": [[20, 2], [19, 2], [18, 2], [18, 3], [18, 4], [18, 5], [18, 6], [18, 7], [18, 8]], ""robot_pos"": [20, 2]}, ""1"": {""commit_remaining"": 4, ""committed_segment"": [[40, 2], [41, 2], [42, 2], [43, 2], [44, 2], [45, 2], [46, 2], [47, 2], [48, 2]], ""robot_pos"": [40, 2]}}","{""0"": {""commit_remaining"": 3, ""committed_segment"": [[19, 2], [18, 2], [18, 3], [18, 4], [18, 5], [18, 6], [18, 7], [18, 8]], ""robot_pos"": [19, 2]}, ""1"": {""commit_remaining"": 3, ""committed_segment"": [[41, 2], [42, 2], [43, 2], [44, 2], [45, 2], [46, 2], [47, 2], [48, 2]], ""robot_pos"": [41, 2]}}","{""0"": {""collision"": false, ""collision_cell"": null, ""move_success"": true, ""new_robot_pos"": [19, 2]}, ""1"": {""collision"": false, ""collision_cell"": null, ""move_success"": true, ""new_robot_pos"": [41, 2]}}","{""arrived"": {""0"": true, ""1"": true}, ""final_by_usv"": {""0"": {""arrived"": true, ""final_distance_to_target_m"": 0.16638338154042007, ""final_projected_cell"": [19, 2], ""last_known_world"": [-379.8336181640625, 210.00071716308594, 0.19739839434623718], ""observer_pose_source"": ""live_location_sensor"", ""orientation_source"": ""live_orientation_sensor"", ""projection_matches_target"": true, ""target_cell"": [19, 2], ""target_world"": [-380.0, 210.0, 0.0]}, ""1"": {""arrived"": true, ""final_distance_to_target_m"": 0.4824621611117592, ""final_projected_cell"": [41, 2], ""last_known_world"": [-379.52691650390625, -10.094666481018066, 0.20064125955104828], ""observer_pose_source"": ""live_location_sensor"", ""orientation_source"": ""live_orientation_sensor"", ""projection_matches_target"": true, ""target_cell"": [41, 2], ""target_world"": [-380.0, -10.0, 0.0]}}, ""per_step_fallback_counts"": {""0"": 0, ""1"": 0}, ""policy_step"": 6, ""run_kind"": ""target"", ""step_min_inter_vessel_distance_m"": 199.99163168727162, ""step_ticks"": 285, ""target_cells"": {""0"": [19, 2], ""1"": [41, 2]}, ""target_world"": {""0"": [-380.0, 210.0, 0.0], ""1"": [-380.0, -10.0, 0.0]}, ""timeout"": false}",True,True,True,[],[false],[null],False,running,10.933315,False,False,False,False
target,7,True,baseline_GP.marine_knownmap_runtime_2usv._joint_assign_two_usv_segments,baseline_GP_mainline_planner,False,8.5,"[0, 1]",False,"[18, 41]","[55, 38]","[[19, 2], [18, 2], [18, 3], [18, 4], [18, 5], [18, 6], [18, 7], [18, 8], [18, 9]]","[[41, 2], [42, 2], [43, 2], [44, 2], [45, 2], [46, 2], [47, 2], [48, 2], [49, 2]]","[18, 2]","[42, 2]","{""0"": {""commit_remaining"": 4, ""committed_segment"": [[19, 2], [18, 2], [18, 3], [18, 4], [18, 5], [18, 6], [18, 7], [18, 8], [18, 9]], ""robot_pos"": [19, 2]}, ""1"": {""commit_remaining"": 4, ""committed_segment"": [[41, 2], [42, 2], [43, 2], [44, 2], [45, 2], [46, 2], [47, 2], [48, 2], [49, 2]], ""robot_pos"": [41, 2]}}","{""0"": {""commit_remaining"": 3, ""committed_segment"": [[18, 2], [18, 3], [18, 4], [18, 5], [18, 6], [18, 7], [18, 8], [18, 9]], ""robot_pos"": [18, 2]}, ""1"": {""commit_remaining"": 3, ""committed_segment"": [[42, 2], [43, 2], [44, 2], [45, 2], [46, 2], [47, 2], [48, 2], [49, 2]], ""robot_pos"": [42, 2]}}","{""0"": {""collision"": false, ""collision_cell"": null, ""move_success"": true, ""new_robot_pos"": [18, 2]}, ""1"": {""collision"": false, ""collision_cell"": null, ""move_success"": true, ""new_robot_pos"": [42, 2]}}","{""arrived"": {""0"": true, ""1"": true}, ""final_by_usv"": {""0"": {""arrived"": true, ""final_distance_to_target_m"": 0.6624360511177667, ""final_projected_cell"": [18, 2], ""last_known_world"": [-379.3412170410156, 220.06947326660156, 0.18981942534446716], ""observer_pose_source"": ""live_location_sensor"", ""orientation_source"": ""live_orientation_sensor"", ""projection_matches_target"": true, ""target_cell"": [18, 2], ""target_world"": [-380.0, 220.0, 0.0]}, ""1"": {""arrived"": true, ""final_distance_to_target_m"": 0.9056253333940131, ""final_projected_cell"": [42, 2], ""last_known_world"": [-379.5675048828125, -19.204320907592773, 0.2319471538066864], ""observer_pose_source"": ""live_location_sensor"", ""orientation_source"": ""live_orientation_sensor"", ""projection_matches_target"": true, ""target_cell"": [42, 2], ""target_world"": [-380.0, -20.0, 0.0]}}, ""per_step_fallback_counts"": {""0"": 0, ""1"": 0}, ""policy_step"": 7, ""run_kind"": ""target"", ""step_min_inter_vessel_distance_m"": 219.90077799266115, ""step_ticks"": 250, ""target_cells"": {""0"": [18, 2], ""1"": [42, 2]}, ""target_world"": {""0"": [-380.0, 220.0, 0.0], ""1"": [-380.0, -20.0, 0.0]}, ""timeout"": false}",True,True,True,[],[false],[null],False,running,9.558644,False,False,False,False
target,8,True,baseline_GP.marine_knownmap_runtime_2usv._joint_assign_two_usv_segments,baseline_GP_mainline_planner,False,8.5,"[0, 1]",False,"[18, 42]","[54, 40]","[[18, 2], [18, 3], [18, 4], [18, 5], [18, 6], [18, 7], [18, 8], [18, 9], [18, 10]]","[[42, 2], [43, 2], [44, 2], [45, 2], [46, 2], [47, 2], [48, 2], [49, 2], [50, 2]]","[18, 3]","[43, 2]","{""0"": {""commit_remaining"": 4, ""committed_segment"": [[18, 2], [18, 3], [18, 4], [18, 5], [18, 6], [18, 7], [18, 8], [18, 9], [18, 10]], ""robot_pos"": [18, 2]}, ""1"": {""commit_remaining"": 4, ""committed_segment"": [[42, 2], [43, 2], [44, 2], [45, 2], [46, 2], [47, 2], [48, 2], [49, 2], [50, 2]], ""robot_pos"": [42, 2]}}","{""0"": {""commit_remaining"": 3, ""committed_segment"": [[18, 3], [18, 4], [18, 5], [18, 6], [18, 7], [18, 8], [18, 9], [18, 10]], ""robot_pos"": [18, 3]}, ""1"": {""commit_remaining"": 3, ""committed_segment"": [[43, 2], [44, 2], [45, 2], [46, 2], [47, 2], [48, 2], [49, 2], [50, 2]], ""robot_pos"": [43, 2]}}","{""0"": {""collision"": false, ""collision_cell"": null, ""move_success"": true, ""new_robot_pos"": [18, 3]}, ""1"": {""collision"": false, ""collision_cell"": null, ""move_success"": true, ""new_robot_pos"": [43, 2]}}","{""arrived"": {""0"": true, ""1"": true}, ""final_by_usv"": {""0"": {""arrived"": true, ""final_distance_to_target_m"": 0.4665040450388394, ""final_projected_cell"": [18, 3], ""last_known_world"": [-370.4544677734375, 220.10528564453125, 0.16861531138420105], ""observer_pose_source"": ""live_location_sensor"", ""orientation_source"": ""live_orientation_sensor"", ""projection_matches_target"": true, ""target_cell"": [18, 3], ""target_world"": [-370.0, 220.0, 0.0]}, ""1"": {""arrived"": true, ""final_distance_to_target_m"": 1.0073011783172008, ""final_projected_cell"": [43, 2], ""last_known_world"": [-379.5173034667969, -30.88411521911621, 0.2132500410079956], ""observer_pose_source"": ""live_location_sensor"", ""orientation_source"": ""live_orientation_sensor"", ""projection_matches_target"": true, ""target_cell"": [43, 2], ""target_world"": [-380.0, -30.0, 0.0]}}, ""per_step_fallback_counts"": {""0"": 0, ""1"": 0}, ""policy_step"": 8, ""run_kind"": ""target"", ""step_min_inter_vessel_distance_m"": 239.34719612471886, ""step_ticks"": 276, ""target_cells"": {""0"": [18, 3], ""1"": [43, 2]}, ""target_world"": {""0"": [-370.0, 220.0, 0.0], ""1"": [-380.0, -30.0, 0.0]}, ""timeout"": false}",True,True,True,[],[false],[null],False,running,10.696501,False,False,False,False
target,9,True,baseline_GP.marine_knownmap_runtime_2usv._joint_assign_two_usv_segments,baseline_GP_mainline_planner,False,8.5,"[0, 1]",False,"[18, 43]","[54, 40]","[[18, 3], [18, 4], [18, 5], [18, 6], [18, 7], [18, 8], [18, 9], [18, 10], [18, 11]]","[[43, 2], [44, 2], [45, 2], [46, 2], [47, 2], [48, 2], [49, 2], [50, 2], [51, 2]]","[18, 4]","[44, 2]","{""0"": {""commit_remaining"": 4, ""committed_segment"": [[18, 3], [18, 4], [18, 5], [18, 6], [18, 7], [18, 8], [18, 9], [18, 10], [18, 11]], ""robot_pos"": [18, 3]}, ""1"": {""commit_remaining"": 4, ""committed_segment"": [[43, 2], [44, 2], [45, 2], [46, 2], [47, 2], [48, 2], [49, 2], [50, 2], [51, 2]], ""robot_pos"": [43, 2]}}","{""0"": {""commit_remaining"": 3, ""committed_segment"": [[18, 4], [18, 5], [18, 6], [18, 7], [18, 8], [18, 9], [18, 10], [18, 11]], ""robot_pos"": [18, 4]}, ""1"": {""commit_remaining"": 3, ""committed_segment"": [[44, 2], [45, 2], [46, 2], [47, 2], [48, 2], [49, 2], [50, 2], [51, 2]], ""robot_pos"": [44, 2]}}","{""0"": {""collision"": false, ""collision_cell"": null, ""move_success"": true, ""new_robot_pos"": [18, 4]}, ""1"": {""collision"": false, ""collision_cell"": null, ""move_success"": true, ""new_robot_pos"": [44, 2]}}","{""arrived"": {""0"": true, ""1"": true}, ""final_by_usv"": {""0"": {""arrived"": true, ""final_distance_to_target_m"": 0.5065879481525605, ""final_projected_cell"": [18, 4], ""last_known_world"": [-359.9013366699219, 220.49688720703125, 0.17286339402198792], ""observer_pose_source"": ""live_location_sensor"", ""orientation_source"": ""live_orientation_sensor"", ""projection_matches_target"": true, ""target_cell"": [18, 4], ""target_world"": [-360.0, 220.0, 0.0]}, ""1"": {""arrived"": true, ""final_distance_to_target_m"": 0.5913808512427513, ""final_projected_cell"": [44, 2], ""last_known_world"": [-379.5837097167969, -40.420040130615234, 0.2073463797569275], ""observer_pose_source"": ""live_location_sensor"", ""orientation_source"": ""live_orientation_sensor"", ""projection_matches_target"": true, ""target_cell"": [44, 2], ""target_world"": [-380.0, -40.0, 0.0]}}, ""per_step_fallback_counts"": {""0"": 0, ""1"": 0}, ""policy_step"": 9, ""run_kind"": ""target"", ""step_min_inter_vessel_distance_m"": 250.93901281472645, ""step_ticks"": 299, ""target_cells"": {""0"": [18, 4], ""1"": [44, 2]}, ""target_world"": {""0"": [-360.0, 220.0, 0.0], ""1"": [-380.0, -40.0, 0.0]}, ""timeout"": false}",True,True,True,[],[false],[null],False,running,12.006773,False,False,False,False
target,10,True,baseline_GP.marine_knownmap_runtime_2usv._joint_assign_two_usv_segments,baseline_GP_mainline_planner,False,15.0,"[0, 1]",False,"[18, 34]","[55, 39]","[[18, 4], [18, 5], [18, 6], [18, 7], [18, 8], [18, 9], [18, 10], [18, 11], [18, 12]]","[[44, 2], [45, 2], [46, 2], [47, 2], [48, 2], [49, 2], [50, 2], [51, 2], [52, 2]]","[18, 5]","[45, 2]","{""0"": {""commit_remaining"": 4, ""committed_segment"": [[18, 4], [18, 5], [18, 6], [18, 7], [18, 8], [18, 9], [18, 10], [18, 11], [18, 12]], ""robot_pos"": [18, 4]}, ""1"": {""commit_remaining"": 4, ""committed_segment"": [[44, 2], [45, 2], [46, 2], [47, 2], [48, 2], [49, 2], [50, 2], [51, 2], [52, 2]], ""robot_pos"": [44, 2]}}","{""0"": {""commit_remaining"": 3, ""committed_segment"": [[18, 5], [18, 6], [18, 7], [18, 8], [18, 9], [18, 10], [18, 11], [18, 12]], ""robot_pos"": [18, 5]}, ""1"": {""commit_remaining"": 3, ""committed_segment"": [[45, 2], [46, 2], [47, 2], [48, 2], [49, 2], [50, 2], [51, 2], [52, 2]], ""robot_pos"": [45, 2]}}","{""0"": {""collision"": false, ""collision_cell"": null, ""move_success"": true, ""new_robot_pos"": [18, 5]}, ""1"": {""collision"": false, ""collision_cell"": null, ""move_success"": true, ""new_robot_pos"": [45, 2]}}","{""arrived"": {""0"": true, ""1"": true}, ""final_by_usv"": {""0"": {""arrived"": true, ""final_distance_to_target_m"": 1.8571935548079679, ""final_projected_cell"": [18, 5], ""last_known_world"": [-351.63665771484375, 220.87779235839844, 0.2055099606513977], ""observer_pose_source"": ""live_location_sensor"", ""orientation_source"": ""live_orientation_sensor"", ""projection_matches_target"": true, ""target_cell"": [18, 5], ""target_world"": [-350.0, 220.0, 0.0]}, ""1"": {""arrived"": true, ""final_distance_to_target_m"": 0.5842464004808676, ""final_projected_cell"": [45, 2], ""last_known_world"": [-379.6018981933594, -49.57238006591797, 0.2303369641304016], ""observer_pose_source"": ""live_location_sensor"", ""orientation_source"": ""live_orientation_sensor"", ""projection_matches_target"": true, ""target_cell"": [45, 2], ""target_world"": [-380.0, -50.0, 0.0]}}, ""per_step_fallback_counts"": {""0"": 0, ""1"": 0}, ""policy_step"": 10, ""run_kind"": ""target"", ""step_min_inter_vessel_distance_m"": 261.6680926386453, ""step_ticks"": 256, ""target_cells"": {""0"": [18, 5], ""1"": [45, 2]}, ""target_world"": {""0"": [-350.0, 220.0, 0.0], ""1"": [-380.0, -50.0, 0.0]}, ""timeout"": false}",True,True,True,[],[false],[null],False,running,14.492936,False,False,False,False
target,11,True,baseline_GP.marine_knownmap_runtime_2usv._joint_assign_two_usv_segments,baseline_GP_mainline_planner,False,8.5,"[0, 1]",False,"[18, 39]","[55, 39]","[[18, 5], [18, 6], [18, 7], [18, 8], [18, 9], [18, 10], [18, 11], [18, 12], [18, 13]]","[[45, 2], [46, 2], [47, 2], [48, 2], [49, 2], [50, 2], [51, 2], [52, 2], [53, 2]]","[18, 6]","[46, 2]","{""0"": {""commit_remaining"": 4, ""committed_segment"": [[18, 5], [18, 6], [18, 7], [18, 8], [18, 9], [18, 10], [18, 11], [18, 12], [18, 13]], ""robot_pos"": [18, 5]}, ""1"": {""commit_remaining"": 4, ""committed_segment"": [[45, 2], [46, 2], [47, 2], [48, 2], [49, 2], [50, 2], [51, 2], [52, 2], [53, 2]], ""robot_pos"": [45, 2]}}","{""0"": {""commit_remaining"": 3, ""committed_segment"": [[18, 6], [18, 7], [18, 8], [18, 9], [18, 10], [18, 11], [18, 12], [18, 13]], ""robot_pos"": [18, 6]}, ""1"": {""commit_remaining"": 3, ""committed_segment"": [[46, 2], [47, 2], [48, 2], [49, 2], [50, 2], [51, 2], [52, 2], [53, 2]], ""robot_pos"": [46, 2]}}","{""0"": {""collision"": false, ""collision_cell"": null, ""move_success"": true, ""new_robot_pos"": [18, 6]}, ""1"": {""collision"": false, ""collision_cell"": null, ""move_success"": true, ""new_robot_pos"": [46, 2]}}","{""arrived"": {""0"": true, ""1"": true}, ""final_by_usv"": {""0"": {""arrived"": true, ""final_distance_to_target_m"": 1.2470306537299576, ""final_projected_cell"": [18, 6], ""last_known_world"": [-338.8520202636719, 220.487060546875, 0.16433054208755493], ""observer_pose_source"": ""live_location_sensor"", ""orientation_source"": ""live_orientation_sensor"", ""projection_matches_target"": true, ""target_cell"": [18, 6], ""target_world"": [-340.0, 220.0, 0.0]}, ""1"": {""arrived"": true, ""final_distance_to_target_m"": 0.5418494999528144, ""final_projected_cell"": [46, 2], ""last_known_world"": [-379.69281005859375, -59.55364227294922, 0.22407063841819763], ""observer_pose_source"": ""live_location_sensor"", ""orientation_source"": ""live_orientation_sensor"", ""projection_matches_target"": true, ""target_cell"": [46, 2], ""target_world"": [-380.0, -60.0, 0.0]}}, ""per_step_fallback_counts"": {""0"": 0, ""1"": 0}, ""policy_step"": 11, ""run_kind"": ""target"", ""step_min_inter_vessel_distance_m"": 271.9427377034963, ""step_ticks"": 246, ""target_cells"": {""0"": [18, 6], ""1"": [46, 2]}, ""target_world"": {""0"": [-340.0, 220.0, 0.0], ""1"": [-380.0, -60.0, 0.0]}, ""timeout"": false}",True,True,True,[],[false],[null],False,running,10.372488,False,False,False,False
target,12,True,baseline_GP.marine_knownmap_runtime_2usv._joint_assign_two_usv_segments,baseline_GP_mainline_planner,False,13.003397409972301,"[0, 1]",False,"[18, 39]","[55, 39]","[[18, 6], [18, 7], [18, 8], [18, 9], [18, 10], [18, 11], [18, 12], [18, 13], [18, 14]]","[[46, 2], [47, 2], [48, 2], [49, 2], [50, 2], [51, 2], [52, 2], [53, 2], [54, 2]]","[18, 7]","[47, 2]","{""0"": {""commit_remaining"": 4, ""committed_segment"": [[18, 6], [18, 7], [18, 8], [18, 9], [18, 10], [18, 11], [18, 12], [18, 13], [18, 14]], ""robot_pos"": [18, 6]}, ""1"": {""commit_remaining"": 4, ""committed_segment"": [[46, 2], [47, 2], [48, 2], [49, 2], [50, 2], [51, 2], [52, 2], [53, 2], [54, 2]], ""robot_pos"": [46, 2]}}","{""0"": {""commit_remaining"": 3, ""committed_segment"": [[18, 7], [18, 8], [18, 9], [18, 10], [18, 11], [18, 12], [18, 13], [18, 14]], ""robot_pos"": [18, 7]}, ""1"": {""commit_remaining"": 3, ""committed_segment"": [[47, 2], [48, 2], [49, 2], [50, 2], [51, 2], [52, 2], [53, 2], [54, 2]], ""robot_pos"": [47, 2]}}","{""0"": {""collision"": false, ""collision_cell"": null, ""move_success"": true, ""new_robot_pos"": [18, 7]}, ""1"": {""collision"": false, ""collision_cell"": null, ""move_success"": true, ""new_robot_pos"": [47, 2]}}","{""arrived"": {""0"": true, ""1"": true}, ""final_by_usv"": {""0"": {""arrived"": true, ""final_distance_to_target_m"": 1.8743506859493917, ""final_projected_cell"": [18, 7], ""last_known_world"": [-331.7280578613281, 219.2740478515625, 0.18088744580745697], ""observer_pose_source"": ""live_location_sensor"", ""orientation_source"": ""live_orientation_sensor"", ""projection_matches_target"": true, ""target_cell"": [18, 7], ""target_world"": [-330.0, 220.0, 0.0]}, ""1"": {""arrived"": true, ""final_distance_to_target_m"": 0.8398903035759642, ""final_projected_cell"": [47, 2], ""last_known_world"": [-379.6849365234375, -69.22144317626953, 0.214689701795578], ""observer_pose_source"": ""live_location_sensor"", ""orientation_source"": ""live_orientation_sensor"", ""projection_matches_target"": true, ""target_cell"": [47, 2], ""target_world"": [-380.0, -70.0, 0.0]}}, ""per_step_fallback_counts"": {""0"": 0, ""1"": 0}, ""policy_step"": 12, ""run_kind"": ""target"", ""step_min_inter_vessel_distance_m"": 283.0543409727583, ""step_ticks"": 244, ""target_cells"": {""0"": [18, 7], ""1"": [47, 2]}, ""target_world"": {""0"": [-330.0, 220.0, 0.0], ""1"": [-380.0, -70.0, 0.0]}, ""timeout"": false}",True,True,True,[],[false],[null],False,running,12.772158,False,False,False,False
target,13,True,baseline_GP.marine_knownmap_runtime_2usv._joint_assign_two_usv_segments,baseline_GP_mainline_planner,False,12.932511863747575,"[0, 1]",False,"[18, 39]","[55, 39]","[[18, 7], [18, 8], [18, 9], [18, 10], [18, 11], [18, 12], [18, 13], [18, 14], [18, 15]]","[[47, 2], [48, 2], [49, 2], [50, 2], [51, 2], [52, 2], [53, 2], [54, 2], [55, 2]]","[18, 8]","[48, 2]","{""0"": {""commit_remaining"": 4, ""committed_segment"": [[18, 7], [18, 8], [18, 9], [18, 10], [18, 11], [18, 12], [18, 13], [18, 14], [18, 15]], ""robot_pos"": [18, 7]}, ""1"": {""commit_remaining"": 4, ""committed_segment"": [[47, 2], [48, 2], [49, 2], [50, 2], [51, 2], [52, 2], [53, 2], [54, 2], [55, 2]], ""robot_pos"": [47, 2]}}","{""0"": {""commit_remaining"": 3, ""committed_segment"": [[18, 8], [18, 9], [18, 10], [18, 11], [18, 12], [18, 13], [18, 14], [18, 15]], ""robot_pos"": [18, 8]}, ""1"": {""commit_remaining"": 3, ""committed_segment"": [[48, 2], [49, 2], [50, 2], [51, 2], [52, 2], [53, 2], [54, 2], [55, 2]], ""robot_pos"": [48, 2]}}","{""0"": {""collision"": false, ""collision_cell"": null, ""move_success"": true, ""new_robot_pos"": [18, 8]}, ""1"": {""collision"": false, ""collision_cell"": null, ""move_success"": true, ""new_robot_pos"": [48, 2]}}","{""arrived"": {""0"": true, ""1"": true}, ""final_by_usv"": {""0"": {""arrived"": true, ""final_distance_to_target_m"": 0.9289040501348323, ""final_projected_cell"": [18, 8], ""last_known_world"": [-319.9691162109375, 219.0716094970703, 0.18299520015716553], ""observer_pose_source"": ""live_location_sensor"", ""orientation_source"": ""live_orientation_sensor"", ""projection_matches_target"": true, ""target_cell"": [18, 8], ""target_world"": [-320.0, 220.0, 0.0]}, ""1"": {""arrived"": true, ""final_distance_to_target_m"": 0.34217913785946724, ""final_projected_cell"": [48, 2], ""last_known_world"": [-379.66552734375, -79.92778778076172, 0.21230609714984894], ""observer_pose_source"": ""live_location_sensor"", ""orientation_source"": ""live_orientation_sensor"", ""projection_matches_target"": true, ""target_cell"": [48, 2], ""target_world"": [-380.0, -80.0, 0.0]}}, ""per_step_fallback_counts"": {""0"": 0, ""1"": 0}, ""policy_step"": 13, ""run_kind"": ""target"", ""step_min_inter_vessel_distance_m"": 292.4771259977153, ""step_ticks"": 249, ""target_cells"": {""0"": [18, 8], ""1"": [48, 2]}, ""target_world"": {""0"": [-320.0, 220.0, 0.0], ""1"": [-380.0, -80.0, 0.0]}, ""timeout"": false}",True,True,True,[],[false],[null],False,running,10.536725,False,False,False,False
target,14,True,baseline_GP.marine_knownmap_runtime_2usv._joint_assign_two_usv_segments,baseline_GP_mainline_planner,False,12.421484505307731,"[0, 1]",False,"[18, 39]","[56, 38]","[[18, 8], [18, 9], [18, 10], [18, 11], [18, 12], [18, 13], [18, 14], [18, 15], [18, 16]]","[[48, 2], [49, 2], [50, 2], [51, 2], [52, 2], [53, 2], [54, 2], [55, 2], [56, 2]]","[18, 9]","[49, 2]","{""0"": {""commit_remaining"": 4, ""committed_segment"": [[18, 8], [18, 9], [18, 10], [18, 11], [18, 12], [18, 13], [18, 14], [18, 15], [18, 16]], ""robot_pos"": [18, 8]}, ""1"": {""commit_remaining"": 4, ""committed_segment"": [[48, 2], [49, 2], [50, 2], [51, 2], [52, 2], [53, 2], [54, 2], [55, 2], [56, 2]], ""robot_pos"": [48, 2]}}","{""0"": {""commit_remaining"": 3, ""committed_segment"": [[18, 9], [18, 10], [18, 11], [18, 12], [18, 13], [18, 14], [18, 15], [18, 16]], ""robot_pos"": [18, 9]}, ""1"": {""commit_remaining"": 3, ""committed_segment"": [[49, 2], [50, 2], [51, 2], [52, 2], [53, 2], [54, 2], [55, 2], [56, 2]], ""robot_pos"": [49, 2]}}","{""0"": {""collision"": false, ""collision_cell"": null, ""move_success"": true, ""new_robot_pos"": [18, 9]}, ""1"": {""collision"": false, ""collision_cell"": null, ""move_success"": true, ""new_robot_pos"": [49, 2]}}","{""arrived"": {""0"": true, ""1"": true}, ""final_by_usv"": {""0"": {""arrived"": true, ""final_distance_to_target_m"": 0.6121777818589638, ""final_projected_cell"": [18, 9], ""last_known_world"": [-310.5972595214844, 220.1343231201172, 0.16817447543144226], ""observer_pose_source"": ""live_location_sensor"", ""orientation_source"": ""live_orientation_sensor"", ""projection_matches_target"": true, ""target_cell"": [18, 9], ""target_world"": [-310.0, 220.0, 0.0]}, ""1"": {""arrived"": true, ""final_distance_to_target_m"": 0.4945795655589197, ""final_projected_cell"": [49, 2], ""last_known_world"": [-379.6312255859375, -90.3295669555664, 0.2014109194278717], ""observer_pose_source"": ""live_location_sensor"", ""orientation_source"": ""live_orientation_sensor"", ""projection_matches_target"": true, ""target_cell"": [49, 2], ""target_world"": [-380.0, -90.0, 0.0]}}, ""per_step_fallback_counts"": {""0"": 0, ""1"": 0}, ""policy_step"": 14, ""run_kind"": ""target"", ""step_min_inter_vessel_distance_m"": 304.9127623539404, ""step_ticks"": 253, ""target_cells"": {""0"": [18, 9], ""1"": [49, 2]}, ""target_world"": {""0"": [-310.0, 220.0, 0.0], ""1"": [-380.0, -90.0, 0.0]}, ""timeout"": false}",True,True,True,[],[false],[null],False,running,10.206022,False,False,False,False
target,15,True,baseline_GP.marine_knownmap_runtime_2usv._joint_assign_two_usv_segments,baseline_GP_mainline_planner,False,12.34375,"[0, 1]",False,"[18, 39]","[53, 41]","[[18, 9], [18, 10], [18, 11], [18, 12], [18, 13], [18, 14], [18, 15], [18, 16], [18, 17]]","[[49, 2], [50, 2], [51, 2], [52, 2], [53, 2], [53, 3], [53, 4], [53, 5], [53, 6]]","[18, 10]","[50, 2]","{""0"": {""commit_remaining"": 4, ""committed_segment"": [[18, 9], [18, 10], [18, 11], [18, 12], [18, 13], [18, 14], [18, 15], [18, 16], [18, 17]], ""robot_pos"": [18, 9]}, ""1"": {""commit_remaining"": 4, ""committed_segment"": [[49, 2], [50, 2], [51, 2], [52, 2], [53, 2], [53, 3], [53, 4], [53, 5], [53, 6]], ""robot_pos"": [49, 2]}}","{""0"": {""commit_remaining"": 3, ""committed_segment"": [[18, 10], [18, 11], [18, 12], [18, 13], [18, 14], [18, 15], [18, 16], [18, 17]], ""robot_pos"": [18, 10]}, ""1"": {""commit_remaining"": 3, ""committed_segment"": [[50, 2], [51, 2], [52, 2], [53, 2], [53, 3], [53, 4], [53, 5], [53, 6]], ""robot_pos"": [50, 2]}}","{""0"": {""collision"": false, ""collision_cell"": null, ""move_success"": true, ""new_robot_pos"": [18, 10]}, ""1"": {""collision"": false, ""collision_cell"": null, ""move_success"": true, ""new_robot_pos"": [50, 2]}}","{""arrived"": {""0"": true, ""1"": true}, ""final_by_usv"": {""0"": {""arrived"": true, ""final_distance_to_target_m"": 0.739148942623185, ""final_projected_cell"": [18, 10], ""last_known_world"": [-299.8824157714844, 219.270263671875, 0.18575558066368103], ""observer_pose_source"": ""live_location_sensor"", ""orientation_source"": ""live_orientation_sensor"", ""projection_matches_target"": true, ""target_cell"": [18, 10], ""target_world"": [-300.0, 220.0, 0.0]}, ""1"": {""arrived"": true, ""final_distance_to_target_m"": 0.5626024537443943, ""final_projected_cell"": [50, 2], ""last_known_world"": [-379.5930480957031, -100.38847351074219, 0.21445998549461365], ""observer_pose_source"": ""live_location_sensor"", ""orientation_source"": ""live_orientation_sensor"", ""projection_matches_target"": true, ""target_cell"": [50, 2], ""target_world"": [-380.0, -100.0, 0.0]}}, ""per_step_fallback_counts"": {""0"": 0, ""1"": 0}, ""policy_step"": 15, ""run_kind"": ""target"", ""step_min_inter_vessel_distance_m"": 318.0619292422524, ""step_ticks"": 260, ""target_cells"": {""0"": [18, 10], ""1"": [50, 2]}, ""target_world"": {""0"": [-300.0, 220.0, 0.0], ""1"": [-380.0, -100.0, 0.0]}, ""timeout"": false}",True,True,True,[],[false],[null],False,running,11.612739,False,False,False,False
target,16,True,baseline_GP.marine_knownmap_runtime_2usv._joint_assign_two_usv_segments,baseline_GP_mainline_planner,False,14.68888888888889,"[0, 1]",False,"[18, 42]","[53, 41]","[[18, 10], [18, 11], [18, 12], [18, 13], [18, 14], [18, 15], [18, 16], [18, 17], [18, 18]]","[[50, 2], [51, 2], [52, 2], [53, 2], [53, 3], [53, 4], [53, 5], [53, 6], [53, 7]]","[18, 11]","[51, 2]","{""0"": {""commit_remaining"": 4, ""committed_segment"": [[18, 10], [18, 11], [18, 12], [18, 13], [18, 14], [18, 15], [18, 16], [18, 17], [18, 18]], ""robot_pos"": [18, 10]}, ""1"": {""commit_remaining"": 4, ""committed_segment"": [[50, 2], [51, 2], [52, 2], [53, 2], [53, 3], [53, 4], [53, 5], [53, 6], [53, 7]], ""robot_pos"": [50, 2]}}","{""0"": {""commit_remaining"": 3, ""committed_segment"": [[18, 11], [18, 12], [18, 13], [18, 14], [18, 15], [18, 16], [18, 17], [18, 18]], ""robot_pos"": [18, 11]}, ""1"": {""commit_remaining"": 3, ""committed_segment"": [[51, 2], [52, 2], [53, 2], [53, 3], [53, 4], [53, 5], [53, 6], [53, 7]], ""robot_pos"": [51, 2]}}","{""0"": {""collision"": false, ""collision_cell"": null, ""move_success"": true, ""new_robot_pos"": [18, 11]}, ""1"": {""collision"": false, ""collision_cell"": null, ""move_success"": true, ""new_robot_pos"": [51, 2]}}","{""arrived"": {""0"": true, ""1"": true}, ""final_by_usv"": {""0"": {""arrived"": true, ""final_distance_to_target_m"": 0.5257740199511611, ""final_projected_cell"": [18, 11], ""last_known_world"": [-289.5645446777344, 219.70535278320312, 0.19039225578308105], ""observer_pose_source"": ""live_location_sensor"", ""orientation_source"": ""live_orientation_sensor"", ""projection_matches_target"": true, ""target_cell"": [18, 11], ""target_world"": [-290.0, 220.0, 0.0]}, ""1"": {""arrived"": true, ""final_distance_to_target_m"": 2.010401114227255, ""final_projected_cell"": [51, 2], ""last_known_world"": [-379.0672607421875, -108.21907043457031, 0.2255570888519287], ""observer_pose_source"": ""live_location_sensor"", ""orientation_source"": ""live_orientation_sensor"", ""projection_matches_target"": true, ""target_cell"": [51, 2], ""target_world"": [-380.0, -110.0, 0.0]}}, ""per_step_fallback_counts"": {""0"": 0, ""1"": 0}, ""policy_step"": 16, ""run_kind"": ""target"", ""step_min_inter_vessel_distance_m"": 329.45730513652285, ""step_ticks"": 260, ""target_cells"": {""0"": [18, 11], ""1"": [51, 2]}, ""target_world"": {""0"": [-290.0, 220.0, 0.0], ""1"": [-380.0, -110.0, 0.0]}, ""timeout"": false}",True,True,True,[],[false],[null],False,running,16.961183,False,False,False,False
target,17,True,baseline_GP.marine_knownmap_runtime_2usv._joint_assign_two_usv_segments,baseline_GP_mainline_planner,False,14.676923076923078,"[0, 1]",False,"[18, 42]","[53, 41]","[[18, 11], [18, 12], [18, 13], [18, 14], [18, 15], [18, 16], [18, 17], [18, 18], [18, 19]]","[[51, 2], [52, 2], [53, 2], [53, 3], [53, 4], [53, 5], [53, 6], [53, 7], [53, 8]]","[18, 12]","[52, 2]","{""0"": {""commit_remaining"": 4, ""committed_segment"": [[18, 11], [18, 12], [18, 13], [18, 14], [18, 15], [18, 16], [18, 17], [18, 18], [18, 19]], ""robot_pos"": [18, 11]}, ""1"": {""commit_remaining"": 4, ""committed_segment"": [[51, 2], [52, 2], [53, 2], [53, 3], [53, 4], [53, 5], [53, 6], [53, 7], [53, 8]], ""robot_pos"": [51, 2]}}","{""0"": {""commit_remaining"": 3, ""committed_segment"": [[18, 12], [18, 13], [18, 14], [18, 15], [18, 16], [18, 17], [18, 18], [18, 19]], ""robot_pos"": [18, 12]}, ""1"": {""commit_remaining"": 3, ""committed_segment"": [[52, 2], [53, 2], [53, 3], [53, 4], [53, 5], [53, 6], [53, 7], [53, 8]], ""robot_pos"": [52, 2]}}","{""0"": {""collision"": false, ""collision_cell"": null, ""move_success"": true, ""new_robot_pos"": [18, 12]}, ""1"": {""collision"": false, ""collision_cell"": null, ""move_success"": true, ""new_robot_pos"": [52, 2]}}","{""arrived"": {""0"": true, ""1"": true}, ""final_by_usv"": {""0"": {""arrived"": true, ""final_distance_to_target_m"": 0.6780168182864273, ""final_projected_cell"": [18, 12], ""last_known_world"": [-280.6368408203125, 220.23268127441406, 0.16790762543678284], ""observer_pose_source"": ""live_location_sensor"", ""orientation_source"": ""live_orientation_sensor"", ""projection_matches_target"": true, ""target_cell"": [18, 12], ""target_world"": [-280.0, 220.0, 0.0]}, ""1"": {""arrived"": true, ""final_distance_to_target_m"": 0.978728077623641, ""final_projected_cell"": [52, 2], ""last_known_world"": [-379.5735168457031, -120.88092041015625, 0.17858068645000458], ""observer_pose_source"": ""live_location_sensor"", ""orientation_source"": ""live_orientation_sensor"", ""projection_matches_target"": true, ""target_cell"": [52, 2], ""target_world"": [-380.0, -120.0, 0.0]}}, ""per_step_fallback_counts"": {""0"": 0, ""1"": 0}, ""policy_step"": 17, ""run_kind"": ""target"", ""step_min_inter_vessel_distance_m"": 339.9946472727934, ""step_ticks"": 262, ""target_cells"": {""0"": [18, 12], ""1"": [52, 2]}, ""target_world"": {""0"": [-280.0, 220.0, 0.0], ""1"": [-380.0, -120.0, 0.0]}, ""timeout"": false}",True,True,True,[],[false],[null],False,running,11.910186,False,False,False,False
target,18,True,baseline_GP.marine_knownmap_runtime_2usv._joint_assign_two_usv_segments,baseline_GP_mainline_planner,False,14.679166666666667,"[0, 1]",False,"[18, 42]","[53, 41]","[[18, 12], [18, 13], [18, 14], [18, 15], [18, 16], [18, 17], [18, 18], [18, 19], [18, 20]]","[[52, 2], [53, 2], [53, 3], [53, 4], [53, 5], [53, 6], [53, 7], [53, 8], [53, 9]]","[18, 13]","[53, 2]","{""0"": {""commit_remaining"": 4, ""committed_segment"": [[18, 12], [18, 13], [18, 14], [18, 15], [18, 16], [18, 17], [18, 18], [18, 19], [18, 20]], ""robot_pos"": [18, 12]}, ""1"": {""commit_remaining"": 4, ""committed_segment"": [[52, 2], [53, 2], [53, 3], [53, 4], [53, 5], [53, 6], [53, 7], [53, 8], [53, 9]], ""robot_pos"": [52, 2]}}","{""0"": {""commit_remaining"": 3, ""committed_segment"": [[18, 13], [18, 14], [18, 15], [18, 16], [18, 17], [18, 18], [18, 19], [18, 20]], ""robot_pos"": [18, 13]}, ""1"": {""commit_remaining"": 3, ""committed_segment"": [[53, 2], [53, 3], [53, 4], [53, 5], [53, 6], [53, 7], [53, 8], [53, 9]], ""robot_pos"": [53, 2]}}","{""0"": {""collision"": false, ""collision_cell"": null, ""move_success"": true, ""new_robot_pos"": [18, 13]}, ""1"": {""collision"": false, ""collision_cell"": null, ""move_success"": true, ""new_robot_pos"": [53, 2]}}","{""arrived"": {""0"": true, ""1"": true}, ""final_by_usv"": {""0"": {""arrived"": true, ""final_distance_to_target_m"": 1.9308848141478663, ""final_projected_cell"": [18, 13], ""last_known_world"": [-270.71649169921875, 218.20697021484375, 0.3288230001926422], ""observer_pose_source"": ""live_location_sensor"", ""orientation_source"": ""live_orientation_sensor"", ""projection_matches_target"": true, ""target_cell"": [18, 13], ""target_world"": [-270.0, 220.0, 0.0]}, ""1"": {""arrived"": true, ""final_distance_to_target_m"": 0.17516072472991165, ""final_projected_cell"": [53, 2], ""last_known_world"": [-380.06475830078125, -129.83724975585938, 0.2015201896429062], ""observer_pose_source"": ""live_location_sensor"", ""orientation_source"": ""live_orientation_sensor"", ""projection_matches_target"": true, ""target_cell"": [53, 2], ""target_world"": [-380.0, -130.0, 0.0]}}, ""per_step_fallback_counts"": {""0"": 0, ""1"": 0}, ""policy_step"": 18, ""run_kind"": ""target"", ""step_min_inter_vessel_distance_m"": 355.18342374009, ""step_ticks"": 259, ""target_cells"": {""0"": [18, 13], ""1"": [53, 2]}, ""target_world"": {""0"": [-270.0, 220.0, 0.0], ""1"": [-380.0, -130.0, 0.0]}, ""timeout"": false}",True,True,True,[],[false],[null],False,running,10.813304,False,False,False,False
target,19,True,baseline_GP.marine_knownmap_runtime_2usv._joint_assign_two_usv_segments,baseline_GP_mainline_planner,False,13.62798638360166,"[0, 1]",False,"[24, 11]","[53, 42]","[[18, 13], [19, 13], [20, 13], [21, 13], [22, 13], [23, 13], [24, 13], [24, 12], [24, 11]]","[[53, 2], [53, 3], [53, 4], [53, 5], [53, 6], [53, 7], [53, 8], [53, 9], [53, 10]]","[19, 13]","[53, 3]","{""0"": {""commit_remaining"": 4, ""committed_segment"": [[18, 13], [19, 13], [20, 13], [21, 13], [22, 13], [23, 13], [24, 13], [24, 12], [24, 11]], ""robot_pos"": [18, 13]}, ""1"": {""commit_remaining"": 4, ""committed_segment"": [[53, 2], [53, 3], [53, 4], [53, 5], [53, 6], [53, 7], [53, 8], [53, 9], [53, 10]], ""robot_pos"": [53, 2]}}","{""0"": {""commit_remaining"": 3, ""committed_segment"": [[19, 13], [20, 13], [21, 13], [22, 13], [23, 13], [24, 13], [24, 12], [24, 11]], ""robot_pos"": [19, 13]}, ""1"": {""commit_remaining"": 3, ""committed_segment"": [[53, 3], [53, 4], [53, 5], [53, 6], [53, 7], [53, 8], [53, 9], [53, 10]], ""robot_pos"": [53, 3]}}","{""0"": {""collision"": false, ""collision_cell"": null, ""move_success"": true, ""new_robot_pos"": [19, 13]}, ""1"": {""collision"": false, ""collision_cell"": null, ""move_success"": true, ""new_robot_pos"": [53, 3]}}","{""arrived"": {""0"": true, ""1"": true}, ""final_by_usv"": {""0"": {""arrived"": true, ""final_distance_to_target_m"": 0.18527005275567746, ""final_projected_cell"": [19, 13], ""last_known_world"": [-269.9879150390625, 210.18487548828125, 0.20796853303909302], ""observer_pose_source"": ""live_location_sensor"", ""orientation_source"": ""live_orientation_sensor"", ""projection_matches_target"": true, ""target_cell"": [19, 13], ""target_world"": [-270.0, 210.0, 0.0]}, ""1"": {""arrived"": true, ""final_distance_to_target_m"": 0.08238297511736328, ""final_projected_cell"": [53, 3], ""last_known_world"": [-369.9188537597656, -130.01422119140625, 0.214880108833313], ""observer_pose_source"": ""live_location_sensor"", ""orientation_source"": ""live_orientation_sensor"", ""projection_matches_target"": true, ""target_cell"": [53, 3], ""target_world"": [-370.0, -130.0, 0.0]}}, ""per_step_fallback_counts"": {""0"": 0, ""1"": 0}, ""policy_step"": 19, ""run_kind"": ""target"", ""step_min_inter_vessel_distance_m"": 353.31723940026455, ""step_ticks"": 262, ""target_cells"": {""0"": [19, 13], ""1"": [53, 3]}, ""target_world"": {""0"": [-270.0, 210.0, 0.0], ""1"": [-370.0, -130.0, 0.0]}, ""timeout"": false}",True,True,True,[],[false],[null],False,running,11.034913,False,False,False,False
target,20,True,baseline_GP.marine_knownmap_runtime_2usv._joint_assign_two_usv_segments,baseline_GP_mainline_planner,False,13.928105210648244,"[0, 1]",False,"[27, 12]","[53, 40]","[[19, 13], [20, 13], [21, 13], [22, 13], [23, 13], [24, 13], [25, 13], [26, 13], [27, 13]]","[[53, 3], [53, 4], [53, 5], [53, 6], [53, 7], [53, 8], [53, 9], [53, 10], [53, 11]]","[20, 13]","[53, 4]","{""0"": {""commit_remaining"": 4, ""committed_segment"": [[19, 13], [20, 13], [21, 13], [22, 13], [23, 13], [24, 13], [25, 13], [26, 13], [27, 13]], ""robot_pos"": [19, 13]}, ""1"": {""commit_remaining"": 4, ""committed_segment"": [[53, 3], [53, 4], [53, 5], [53, 6], [53, 7], [53, 8], [53, 9], [53, 10], [53, 11]], ""robot_pos"": [53, 3]}}","{""0"": {""commit_remaining"": 3, ""committed_segment"": [[20, 13], [21, 13], [22, 13], [23, 13], [24, 13], [25, 13], [26, 13], [27, 13]], ""robot_pos"": [20, 13]}, ""1"": {""commit_remaining"": 3, ""committed_segment"": [[53, 4], [53, 5], [53, 6], [53, 7], [53, 8], [53, 9], [53, 10], [53, 11]], ""robot_pos"": [53, 4]}}","{""0"": {""collision"": false, ""collision_cell"": null, ""move_success"": true, ""new_robot_pos"": [20, 13]}, ""1"": {""collision"": false, ""collision_cell"": null, ""move_success"": true, ""new_robot_pos"": [53, 4]}}","{""arrived"": {""0"": true, ""1"": true}, ""final_by_usv"": {""0"": {""arrived"": true, ""final_distance_to_target_m"": 0.48511646441828044, ""final_projected_cell"": [20, 13], ""last_known_world"": [-269.538818359375, 199.84950256347656, 0.17509807646274567], ""observer_pose_source"": ""live_location_sensor"", ""orientation_source"": ""live_orientation_sensor"", ""projection_matches_target"": true, ""target_cell"": [20, 13], ""target_world"": [-270.0, 200.0, 0.0]}, ""1"": {""arrived"": true, ""final_distance_to_target_m"": 0.6848874366002892, ""final_projected_cell"": [53, 4], ""last_known_world"": [-359.8802185058594, -129.32566833496094, 0.208306223154068], ""observer_pose_source"": ""live_location_sensor"", ""orientation_source"": ""live_orientation_sensor"", ""projection_matches_target"": true, ""target_cell"": [53, 4], ""target_world"": [-360.0, -130.0, 0.0]}}, ""per_step_fallback_counts"": {""0"": 0, ""1"": 0}, ""policy_step"": 20, ""run_kind"": ""target"", ""step_min_inter_vessel_distance_m"": 341.3013590621251, ""step_ticks"": 292, ""target_cells"": {""0"": [20, 13], ""1"": [53, 4]}, ""target_world"": {""0"": [-270.0, 200.0, 0.0], ""1"": [-360.0, -130.0, 0.0]}, ""timeout"": false}",True,True,True,[],[false],[null],False,running,10.344643,False,False,False,False
teammate_only,1,True,baseline_GP.marine_knownmap_runtime_2usv._joint_assign_two_usv_segments,baseline_GP_mainline_planner,False,6.486486486486487,"[0, 1]",False,"[16, 39]","[53, 39]","[[25, 2], [24, 2], [23, 2], [22, 2], [21, 2], [20, 2], [19, 2], [18, 2], [17, 2]]","[[35, 2], [36, 2], [37, 2], [38, 2], [39, 2], [40, 2], [41, 2], [42, 2], [43, 2]]","[24, 2]","[36, 2]","{""0"": {""commit_remaining"": 4, ""committed_segment"": [[25, 2], [24, 2], [23, 2], [22, 2], [21, 2], [20, 2], [19, 2], [18, 2], [17, 2]], ""robot_pos"": [25, 2]}, ""1"": {""commit_remaining"": 4, ""committed_segment"": [[35, 2], [36, 2], [37, 2], [38, 2], [39, 2], [40, 2], [41, 2], [42, 2], [43, 2]], ""robot_pos"": [35, 2]}}","{""0"": {""commit_remaining"": 3, ""committed_segment"": [[24, 2], [23, 2], [22, 2], [21, 2], [20, 2], [19, 2], [18, 2], [17, 2]], ""robot_pos"": [24, 2]}, ""1"": {""commit_remaining"": 3, ""committed_segment"": [[36, 2], [37, 2], [38, 2], [39, 2], [40, 2], [41, 2], [42, 2], [43, 2]], ""robot_pos"": [36, 2]}}","{""0"": {""collision"": false, ""collision_cell"": null, ""move_success"": true, ""new_robot_pos"": [24, 2]}, ""1"": {""collision"": false, ""collision_cell"": null, ""move_success"": true, ""new_robot_pos"": [36, 2]}}","{""arrived"": {""0"": true, ""1"": true}, ""final_by_usv"": {""0"": {""arrived"": true, ""final_distance_to_target_m"": 1.6765559490978887, ""final_projected_cell"": [24, 2], ""last_known_world"": [-380.64508056640625, 158.4525146484375, 0.21998491883277893], ""observer_pose_source"": ""live_location_sensor"", ""orientation_source"": ""live_orientation_sensor"", ""projection_matches_target"": true, ""target_cell"": [24, 2], ""target_world"": [-380.0, 160.0, 0.0]}, ""1"": {""arrived"": true, ""final_distance_to_target_m"": 2.1371459300869033, ""final_projected_cell"": [36, 2], ""last_known_world"": [-380.73968505859375, 42.00505828857422, 0.20142409205436707], ""observer_pose_source"": ""live_location_sensor"", ""orientation_source"": ""live_orientation_sensor"", ""projection_matches_target"": true, ""target_cell"": [36, 2], ""target_world"": [-380.0, 40.0, 0.0]}}, ""per_step_fallback_counts"": {""0"": 0, ""1"": 0}, ""policy_step"": 1, ""run_kind"": ""teammate_only"", ""step_min_inter_vessel_distance_m"": 99.95895004272927, ""step_ticks"": 231, ""target_cells"": {""0"": [24, 2], ""1"": [36, 2]}, ""target_world"": {""0"": [-380.0, 160.0, 0.0], ""1"": [-380.0, 40.0, 0.0]}, ""timeout"": false}",True,True,True,[],[false],[null],False,running,9.63689,False,False,False,False
teammate_only,2,True,baseline_GP.marine_knownmap_runtime_2usv._joint_assign_two_usv_segments,baseline_GP_mainline_planner,False,6.15,"[0, 1]",False,"[18, 41]","[54, 39]","[[24, 2], [23, 2], [22, 2], [21, 2], [20, 2], [19, 2], [18, 2], [18, 3], [18, 4]]","[[36, 2], [37, 2], [38, 2], [39, 2], [40, 2], [41, 2], [42, 2], [43, 2], [44, 2]]","[23, 2]","[37, 2]","{""0"": {""commit_remaining"": 4, ""committed_segment"": [[24, 2], [23, 2], [22, 2], [21, 2], [20, 2], [19, 2], [18, 2], [18, 3], [18, 4]], ""robot_pos"": [24, 2]}, ""1"": {""commit_remaining"": 4, ""committed_segment"": [[36, 2], [37, 2], [38, 2], [39, 2], [40, 2], [41, 2], [42, 2], [43, 2], [44, 2]], ""robot_pos"": [36, 2]}}","{""0"": {""commit_remaining"": 3, ""committed_segment"": [[23, 2], [22, 2], [21, 2], [20, 2], [19, 2], [18, 2], [18, 3], [18, 4]], ""robot_pos"": [23, 2]}, ""1"": {""commit_remaining"": 3, ""committed_segment"": [[37, 2], [38, 2], [39, 2], [40, 2], [41, 2], [42, 2], [43, 2], [44, 2]], ""robot_pos"": [37, 2]}}","{""0"": {""collision"": false, ""collision_cell"": null, ""move_success"": true, ""new_robot_pos"": [23, 2]}, ""1"": {""collision"": false, ""collision_cell"": null, ""move_success"": true, ""new_robot_pos"": [37, 2]}}","{""arrived"": {""0"": true, ""1"": true}, ""final_by_usv"": {""0"": {""arrived"": true, ""final_distance_to_target_m"": 0.19148219861899157, ""final_projected_cell"": [23, 2], ""last_known_world"": [-379.89483642578125, 169.83998107910156, 0.19497090578079224], ""observer_pose_source"": ""live_location_sensor"", ""orientation_source"": ""live_orientation_sensor"", ""projection_matches_target"": true, ""target_cell"": [23, 2], ""target_world"": [-380.0, 170.0, 0.0]}, ""1"": {""arrived"": true, ""final_distance_to_target_m"": 0.9660055457038443, ""final_projected_cell"": [37, 2], ""last_known_world"": [-380.96600341796875, 29.99797248840332, 0.21136474609375], ""observer_pose_source"": ""live_location_sensor"", ""orientation_source"": ""live_orientation_sensor"", ""projection_matches_target"": true, ""target_cell"": [37, 2], ""target_world"": [-380.0, 30.0, 0.0]}}, ""per_step_fallback_counts"": {""0"": 0, ""1"": 0}, ""policy_step"": 2, ""run_kind"": ""teammate_only"", ""step_min_inter_vessel_distance_m"": 116.5358246973174, ""step_ticks"": 253, ""target_cells"": {""0"": [23, 2], ""1"": [37, 2]}, ""target_world"": {""0"": [-380.0, 170.0, 0.0], ""1"": [-380.0, 30.0, 0.0]}, ""timeout"": false}",True,True,True,[],[false],[null],False,running,9.746893,False,False,False,False
teammate_only,3,True,baseline_GP.marine_knownmap_runtime_2usv._joint_assign_two_usv_segments,baseline_GP_mainline_planner,False,6.15,"[0, 1]",False,"[18, 41]","[54, 40]","[[23, 2], [22, 2], [21, 2], [20, 2], [19, 2], [18, 2], [18, 3], [18, 4], [18, 5]]","[[37, 2], [38, 2], [39, 2], [40, 2], [41, 2], [42, 2], [43, 2], [44, 2], [45, 2]]","[22, 2]","[38, 2]","{""0"": {""commit_remaining"": 4, ""committed_segment"": [[23, 2], [22, 2], [21, 2], [20, 2], [19, 2], [18, 2], [18, 3], [18, 4], [18, 5]], ""robot_pos"": [23, 2]}, ""1"": {""commit_remaining"": 4, ""committed_segment"": [[37, 2], [38, 2], [39, 2], [40, 2], [41, 2], [42, 2], [43, 2], [44, 2], [45, 2]], ""robot_pos"": [37, 2]}}","{""0"": {""commit_remaining"": 3, ""committed_segment"": [[22, 2], [21, 2], [20, 2], [19, 2], [18, 2], [18, 3], [18, 4], [18, 5]], ""robot_pos"": [22, 2]}, ""1"": {""commit_remaining"": 3, ""committed_segment"": [[38, 2], [39, 2], [40, 2], [41, 2], [42, 2], [43, 2], [44, 2], [45, 2]], ""robot_pos"": [38, 2]}}","{""0"": {""collision"": false, ""collision_cell"": null, ""move_success"": true, ""new_robot_pos"": [22, 2]}, ""1"": {""collision"": false, ""collision_cell"": null, ""move_success"": true, ""new_robot_pos"": [38, 2]}}","{""arrived"": {""0"": true, ""1"": true}, ""final_by_usv"": {""0"": {""arrived"": true, ""final_distance_to_target_m"": 0.1986290229916002, ""final_projected_cell"": [22, 2], ""last_known_world"": [-379.8060607910156, 180.04290771484375, 0.2169935256242752], ""observer_pose_source"": ""live_location_sensor"", ""orientation_source"": ""live_orientation_sensor"", ""projection_matches_target"": true, ""target_cell"": [22, 2], ""target_world"": [-380.0, 180.0, 0.0]}, ""1"": {""arrived"": true, ""final_distance_to_target_m"": 0.6601200841997383, ""final_projected_cell"": [38, 2], ""last_known_world"": [-380.16546630859375, 19.36095428466797, 0.2080983966588974], ""observer_pose_source"": ""live_location_sensor"", ""orientation_source"": ""live_orientation_sensor"", ""projection_matches_target"": true, ""target_cell"": [38, 2], ""target_world"": [-380.0, 20.0, 0.0]}}, ""per_step_fallback_counts"": {""0"": 0, ""1"": 0}, ""policy_step"": 3, ""run_kind"": ""teammate_only"", ""step_min_inter_vessel_distance_m"": 139.40052862374705, ""step_ticks"": 269, ""target_cells"": {""0"": [22, 2], ""1"": [38, 2]}, ""target_world"": {""0"": [-380.0, 180.0, 0.0], ""1"": [-380.0, 20.0, 0.0]}, ""timeout"": false}",True,True,True,[],[false],[null],False,running,10.22298,False,False,False,False
teammate_only,4,True,baseline_GP.marine_knownmap_runtime_2usv._joint_assign_two_usv_segments,baseline_GP_mainline_planner,False,6.15,"[0, 1]",False,"[18, 40]","[54, 40]","[[22, 2], [21, 2], [20, 2], [19, 2], [18, 2], [18, 3], [18, 4], [18, 5], [18, 6]]","[[38, 2], [39, 2], [40, 2], [41, 2], [42, 2], [43, 2], [44, 2], [45, 2], [46, 2]]","[21, 2]","[39, 2]","{""0"": {""commit_remaining"": 4, ""committed_segment"": [[22, 2], [21, 2], [20, 2], [19, 2], [18, 2], [18, 3], [18, 4], [18, 5], [18, 6]], ""robot_pos"": [22, 2]}, ""1"": {""commit_remaining"": 4, ""committed_segment"": [[38, 2], [39, 2], [40, 2], [41, 2], [42, 2], [43, 2], [44, 2], [45, 2], [46, 2]], ""robot_pos"": [38, 2]}}","{""0"": {""commit_remaining"": 3, ""committed_segment"": [[21, 2], [20, 2], [19, 2], [18, 2], [18, 3], [18, 4], [18, 5], [18, 6]], ""robot_pos"": [21, 2]}, ""1"": {""commit_remaining"": 3, ""committed_segment"": [[39, 2], [40, 2], [41, 2], [42, 2], [43, 2], [44, 2], [45, 2], [46, 2]], ""robot_pos"": [39, 2]}}","{""0"": {""collision"": false, ""collision_cell"": null, ""move_success"": true, ""new_robot_pos"": [21, 2]}, ""1"": {""collision"": false, ""collision_cell"": null, ""move_success"": true, ""new_robot_pos"": [39, 2]}}","{""arrived"": {""0"": true, ""1"": true}, ""final_by_usv"": {""0"": {""arrived"": true, ""final_distance_to_target_m"": 0.7048044276143189, ""final_projected_cell"": [21, 2], ""last_known_world"": [-379.3169250488281, 190.1736602783203, 0.19824934005737305], ""observer_pose_source"": ""live_location_sensor"", ""orientation_source"": ""live_orientation_sensor"", ""projection_matches_target"": true, ""target_cell"": [21, 2], ""target_world"": [-380.0, 190.0, 0.0]}, ""1"": {""arrived"": true, ""final_distance_to_target_m"": 0.9204677223869578, ""final_projected_cell"": [39, 2], ""last_known_world"": [-379.8410949707031, 9.093352317810059, 0.1930791735649109], ""observer_pose_source"": ""live_location_sensor"", ""orientation_source"": ""live_orientation_sensor"", ""projection_matches_target"": true, ""target_cell"": [39, 2], ""target_world"": [-380.0, 10.0, 0.0]}}, ""per_step_fallback_counts"": {""0"": 0, ""1"": 0}, ""policy_step"": 4, ""run_kind"": ""teammate_only"", ""step_min_inter_vessel_distance_m"": 160.157775376691, ""step_ticks"": 267, ""target_cells"": {""0"": [21, 2], ""1"": [39, 2]}, ""target_world"": {""0"": [-380.0, 190.0, 0.0], ""1"": [-380.0, 10.0, 0.0]}, ""timeout"": false}",True,True,True,[],[false],[null],False,running,10.581414,False,False,False,False
teammate_only,5,True,baseline_GP.marine_knownmap_runtime_2usv._joint_assign_two_usv_segments,baseline_GP_mainline_planner,False,8.5,"[0, 1]",False,"[18, 40]","[54, 40]","[[21, 2], [20, 2], [19, 2], [18, 2], [18, 3], [18, 4], [18, 5], [18, 6], [18, 7]]","[[39, 2], [40, 2], [41, 2], [42, 2], [43, 2], [44, 2], [45, 2], [46, 2], [47, 2]]","[20, 2]","[40, 2]","{""0"": {""commit_remaining"": 4, ""committed_segment"": [[21, 2], [20, 2], [19, 2], [18, 2], [18, 3], [18, 4], [18, 5], [18, 6], [18, 7]], ""robot_pos"": [21, 2]}, ""1"": {""commit_remaining"": 4, ""committed_segment"": [[39, 2], [40, 2], [41, 2], [42, 2], [43, 2], [44, 2], [45, 2], [46, 2], [47, 2]], ""robot_pos"": [39, 2]}}","{""0"": {""commit_remaining"": 3, ""committed_segment"": [[20, 2], [19, 2], [18, 2], [18, 3], [18, 4], [18, 5], [18, 6], [18, 7]], ""robot_pos"": [20, 2]}, ""1"": {""commit_remaining"": 3, ""committed_segment"": [[40, 2], [41, 2], [42, 2], [43, 2], [44, 2], [45, 2], [46, 2], [47, 2]], ""robot_pos"": [40, 2]}}","{""0"": {""collision"": false, ""collision_cell"": null, ""move_success"": true, ""new_robot_pos"": [20, 2]}, ""1"": {""collision"": false, ""collision_cell"": null, ""move_success"": true, ""new_robot_pos"": [40, 2]}}","{""arrived"": {""0"": true, ""1"": true}, ""final_by_usv"": {""0"": {""arrived"": true, ""final_distance_to_target_m"": 0.3192409777388842, ""final_projected_cell"": [20, 2], ""last_known_world"": [-380.1671447753906, 200.27198791503906, 0.1933787316083908], ""observer_pose_source"": ""live_location_sensor"", ""orientation_source"": ""live_orientation_sensor"", ""projection_matches_target"": true, ""target_cell"": [20, 2], ""target_world"": [-380.0, 200.0, 0.0]}, ""1"": {""arrived"": true, ""final_distance_to_target_m"": 0.6226809824492755, ""final_projected_cell"": [40, 2], ""last_known_world"": [-380.5632019042969, 0.26558467745780945, 0.21980367600917816], ""observer_pose_source"": ""live_location_sensor"", ""orientation_source"": ""live_orientation_sensor"", ""projection_matches_target"": true, ""target_cell"": [40, 2], ""target_world"": [-380.0, 0.0, 0.0]}}, ""per_step_fallback_counts"": {""0"": 0, ""1"": 0}, ""policy_step"": 5, ""run_kind"": ""teammate_only"", ""step_min_inter_vessel_distance_m"": 181.0170543096489, ""step_ticks"": 270, ""target_cells"": {""0"": [20, 2], ""1"": [40, 2]}, ""target_world"": {""0"": [-380.0, 200.0, 0.0], ""1"": [-380.0, 0.0, 0.0]}, ""timeout"": false}",True,True,True,[],[false],[null],False,running,10.081794,False,False,False,False
teammate_only,6,True,baseline_GP.marine_knownmap_runtime_2usv._joint_assign_two_usv_segments,baseline_GP_mainline_planner,False,8.5,"[0, 1]",False,"[18, 41]","[54, 40]","[[20, 2], [19, 2], [18, 2], [18, 3], [18, 4], [18, 5], [18, 6], [18, 7], [18, 8]]","[[40, 2], [41, 2], [42, 2], [43, 2], [44, 2], [45, 2], [46, 2], [47, 2], [48, 2]]","[19, 2]","[41, 2]","{""0"": {""commit_remaining"": 4, ""committed_segment"": [[20, 2], [19, 2], [18, 2], [18, 3], [18, 4], [18, 5], [18, 6], [18, 7], [18, 8]], ""robot_pos"": [20, 2]}, ""1"": {""commit_remaining"": 4, ""committed_segment"": [[40, 2], [41, 2], [42, 2], [43, 2], [44, 2], [45, 2], [46, 2], [47, 2], [48, 2]], ""robot_pos"": [40, 2]}}","{""0"": {""commit_remaining"": 3, ""committed_segment"": [[19, 2], [18, 2], [18, 3], [18, 4], [18, 5], [18, 6], [18, 7], [18, 8]], ""robot_pos"": [19, 2]}, ""1"": {""commit_remaining"": 3, ""committed_segment"": [[41, 2], [42, 2], [43, 2], [44, 2], [45, 2], [46, 2], [47, 2], [48, 2]], ""robot_pos"": [41, 2]}}","{""0"": {""collision"": false, ""collision_cell"": null, ""move_success"": true, ""new_robot_pos"": [19, 2]}, ""1"": {""collision"": false, ""collision_cell"": null, ""move_success"": true, ""new_robot_pos"": [41, 2]}}","{""arrived"": {""0"": true, ""1"": true}, ""final_by_usv"": {""0"": {""arrived"": true, ""final_distance_to_target_m"": 0.16616939057352306, ""final_projected_cell"": [19, 2], ""last_known_world"": [-379.8338317871094, 210.00062561035156, 0.2127147614955902], ""observer_pose_source"": ""live_location_sensor"", ""orientation_source"": ""live_orientation_sensor"", ""projection_matches_target"": true, ""target_cell"": [19, 2], ""target_world"": [-380.0, 210.0, 0.0]}, ""1"": {""arrived"": true, ""final_distance_to_target_m"": 0.4824851635157055, ""final_projected_cell"": [41, 2], ""last_known_world"": [-379.5268859863281, -10.09463119506836, 0.19979412853717804], ""observer_pose_source"": ""live_location_sensor"", ""orientation_source"": ""live_orientation_sensor"", ""projection_matches_target"": true, ""target_cell"": [41, 2], ""target_world"": [-380.0, -10.0, 0.0]}}, ""per_step_fallback_counts"": {""0"": 0, ""1"": 0}, ""policy_step"": 6, ""run_kind"": ""teammate_only"", ""step_min_inter_vessel_distance_m"": 199.99197335830166, ""step_ticks"": 285, ""target_cells"": {""0"": [19, 2], ""1"": [41, 2]}, ""target_world"": {""0"": [-380.0, 210.0, 0.0], ""1"": [-380.0, -10.0, 0.0]}, ""timeout"": false}",True,True,True,[],[false],[null],False,running,10.693999,False,False,False,False
teammate_only,7,True,baseline_GP.marine_knownmap_runtime_2usv._joint_assign_two_usv_segments,baseline_GP_mainline_planner,False,8.5,"[0, 1]",False,"[18, 41]","[55, 38]","[[19, 2], [18, 2], [18, 3], [18, 4], [18, 5], [18, 6], [18, 7], [18, 8], [18, 9]]","[[41, 2], [42, 2], [43, 2], [44, 2], [45, 2], [46, 2], [47, 2], [48, 2], [49, 2]]","[18, 2]","[42, 2]","{""0"": {""commit_remaining"": 4, ""committed_segment"": [[19, 2], [18, 2], [18, 3], [18, 4], [18, 5], [18, 6], [18, 7], [18, 8], [18, 9]], ""robot_pos"": [19, 2]}, ""1"": {""commit_remaining"": 4, ""committed_segment"": [[41, 2], [42, 2], [43, 2], [44, 2], [45, 2], [46, 2], [47, 2], [48, 2], [49, 2]], ""robot_pos"": [41, 2]}}","{""0"": {""commit_remaining"": 3, ""committed_segment"": [[18, 2], [18, 3], [18, 4], [18, 5], [18, 6], [18, 7], [18, 8], [18, 9]], ""robot_pos"": [18, 2]}, ""1"": {""commit_remaining"": 3, ""committed_segment"": [[42, 2], [43, 2], [44, 2], [45, 2], [46, 2], [47, 2], [48, 2], [49, 2]], ""robot_pos"": [42, 2]}}","{""0"": {""collision"": false, ""collision_cell"": null, ""move_success"": true, ""new_robot_pos"": [18, 2]}, ""1"": {""collision"": false, ""collision_cell"": null, ""move_success"": true, ""new_robot_pos"": [42, 2]}}","{""arrived"": {""0"": true, ""1"": true}, ""final_by_usv"": {""0"": {""arrived"": true, ""final_distance_to_target_m"": 0.662426455742339, ""final_projected_cell"": [18, 2], ""last_known_world"": [-379.3412170410156, 220.0693817138672, 0.20964574813842773], ""observer_pose_source"": ""live_location_sensor"", ""orientation_source"": ""live_orientation_sensor"", ""projection_matches_target"": true, ""target_cell"": [18, 2], ""target_world"": [-380.0, 220.0, 0.0]}, ""1"": {""arrived"": true, ""final_distance_to_target_m"": 0.9056772833088597, ""final_projected_cell"": [42, 2], ""last_known_world"": [-379.5675048828125, -19.204261779785156, 0.2342054843902588], ""observer_pose_source"": ""live_location_sensor"", ""orientation_source"": ""live_orientation_sensor"", ""projection_matches_target"": true, ""target_cell"": [42, 2], ""target_world"": [-380.0, -20.0, 0.0]}}, ""per_step_fallback_counts"": {""0"": 0, ""1"": 0}, ""policy_step"": 7, ""run_kind"": ""teammate_only"", ""step_min_inter_vessel_distance_m"": 219.90057666831635, ""step_ticks"": 250, ""target_cells"": {""0"": [18, 2], ""1"": [42, 2]}, ""target_world"": {""0"": [-380.0, 220.0, 0.0], ""1"": [-380.0, -20.0, 0.0]}, ""timeout"": false}",True,True,True,[],[false],[null],False,running,9.305628,False,False,False,False
teammate_only,8,True,baseline_GP.marine_knownmap_runtime_2usv._joint_assign_two_usv_segments,baseline_GP_mainline_planner,False,8.5,"[0, 1]",False,"[18, 42]","[54, 40]","[[18, 2], [18, 3], [18, 4], [18, 5], [18, 6], [18, 7], [18, 8], [18, 9], [18, 10]]","[[42, 2], [43, 2], [44, 2], [45, 2], [46, 2], [47, 2], [48, 2], [49, 2], [50, 2]]","[18, 3]","[43, 2]","{""0"": {""commit_remaining"": 4, ""committed_segment"": [[18, 2], [18, 3], [18, 4], [18, 5], [18, 6], [18, 7], [18, 8], [18, 9], [18, 10]], ""robot_pos"": [18, 2]}, ""1"": {""commit_remaining"": 4, ""committed_segment"": [[42, 2], [43, 2], [44, 2], [45, 2], [46, 2], [47, 2], [48, 2], [49, 2], [50, 2]], ""robot_pos"": [42, 2]}}","{""0"": {""commit_remaining"": 3, ""committed_segment"": [[18, 3], [18, 4], [18, 5], [18, 6], [18, 7], [18, 8], [18, 9], [18, 10]], ""robot_pos"": [18, 3]}, ""1"": {""commit_remaining"": 3, ""committed_segment"": [[43, 2], [44, 2], [45, 2], [46, 2], [47, 2], [48, 2], [49, 2], [50, 2]], ""robot_pos"": [43, 2]}}","{""0"": {""collision"": false, ""collision_cell"": null, ""move_success"": true, ""new_robot_pos"": [18, 3]}, ""1"": {""collision"": false, ""collision_cell"": null, ""move_success"": true, ""new_robot_pos"": [43, 2]}}","{""arrived"": {""0"": true, ""1"": true}, ""final_by_usv"": {""0"": {""arrived"": true, ""final_distance_to_target_m"": 0.4659389058983519, ""final_projected_cell"": [18, 3], ""last_known_world"": [-370.4539794921875, 220.10488891601562, 0.1978350132703781], ""observer_pose_source"": ""live_location_sensor"", ""orientation_source"": ""live_orientation_sensor"", ""projection_matches_target"": true, ""target_cell"": [18, 3], ""target_world"": [-370.0, 220.0, 0.0]}, ""1"": {""arrived"": true, ""final_distance_to_target_m"": 1.007177738836896, ""final_projected_cell"": [43, 2], ""last_known_world"": [-379.517333984375, -30.883991241455078, 0.21515218913555145], ""observer_pose_source"": ""live_location_sensor"", ""orientation_source"": ""live_orientation_sensor"", ""projection_matches_target"": true, ""target_cell"": [43, 2], ""target_world"": [-380.0, -30.0, 0.0]}}, ""per_step_fallback_counts"": {""0"": 0, ""1"": 0}, ""policy_step"": 8, ""run_kind"": ""teammate_only"", ""step_min_inter_vessel_distance_m"": 239.3470435368997, ""step_ticks"": 276, ""target_cells"": {""0"": [18, 3], ""1"": [43, 2]}, ""target_world"": {""0"": [-370.0, 220.0, 0.0], ""1"": [-380.0, -30.0, 0.0]}, ""timeout"": false}",True,True,True,[],[false],[null],False,running,10.244386,False,False,False,False
teammate_only,9,True,baseline_GP.marine_knownmap_runtime_2usv._joint_assign_two_usv_segments,baseline_GP_mainline_planner,False,8.5,"[0, 1]",False,"[18, 43]","[54, 40]","[[18, 3], [18, 4], [18, 5], [18, 6], [18, 7], [18, 8], [18, 9], [18, 10], [18, 11]]","[[43, 2], [44, 2], [45, 2], [46, 2], [47, 2], [48, 2], [49, 2], [50, 2], [51, 2]]","[18, 4]","[44, 2]","{""0"": {""commit_remaining"": 4, ""committed_segment"": [[18, 3], [18, 4], [18, 5], [18, 6], [18, 7], [18, 8], [18, 9], [18, 10], [18, 11]], ""robot_pos"": [18, 3]}, ""1"": {""commit_remaining"": 4, ""committed_segment"": [[43, 2], [44, 2], [45, 2], [46, 2], [47, 2], [48, 2], [49, 2], [50, 2], [51, 2]], ""robot_pos"": [43, 2]}}","{""0"": {""commit_remaining"": 3, ""committed_segment"": [[18, 4], [18, 5], [18, 6], [18, 7], [18, 8], [18, 9], [18, 10], [18, 11]], ""robot_pos"": [18, 4]}, ""1"": {""commit_remaining"": 3, ""committed_segment"": [[44, 2], [45, 2], [46, 2], [47, 2], [48, 2], [49, 2], [50, 2], [51, 2]], ""robot_pos"": [44, 2]}}","{""0"": {""collision"": false, ""collision_cell"": null, ""move_success"": true, ""new_robot_pos"": [18, 4]}, ""1"": {""collision"": false, ""collision_cell"": null, ""move_success"": true, ""new_robot_pos"": [44, 2]}}","{""arrived"": {""0"": true, ""1"": true}, ""final_by_usv"": {""0"": {""arrived"": true, ""final_distance_to_target_m"": 0.5067952423167168, ""final_projected_cell"": [18, 4], ""last_known_world"": [-359.9017333984375, 220.49717712402344, 0.19377419352531433], ""observer_pose_source"": ""live_location_sensor"", ""orientation_source"": ""live_orientation_sensor"", ""projection_matches_target"": true, ""target_cell"": [18, 4], ""target_world"": [-360.0, 220.0, 0.0]}, ""1"": {""arrived"": true, ""final_distance_to_target_m"": 0.5913837559918492, ""final_projected_cell"": [44, 2], ""last_known_world"": [-379.583740234375, -40.420074462890625, 0.20677101612091064], ""observer_pose_source"": ""live_location_sensor"", ""orientation_source"": ""live_orientation_sensor"", ""projection_matches_target"": true, ""target_cell"": [44, 2], ""target_world"": [-380.0, -40.0, 0.0]}}, ""per_step_fallback_counts"": {""0"": 0, ""1"": 0}, ""policy_step"": 9, ""run_kind"": ""teammate_only"", ""step_min_inter_vessel_distance_m"": 250.9385909842492, ""step_ticks"": 299, ""target_cells"": {""0"": [18, 4], ""1"": [44, 2]}, ""target_world"": {""0"": [-360.0, 220.0, 0.0], ""1"": [-380.0, -40.0, 0.0]}, ""timeout"": false}",True,True,True,[],[false],[null],False,running,11.097443,False,False,False,False
teammate_only,10,True,baseline_GP.marine_knownmap_runtime_2usv._joint_assign_two_usv_segments,baseline_GP_mainline_planner,False,15.0,"[0, 1]",False,"[18, 34]","[55, 39]","[[18, 4], [18, 5], [18, 6], [18, 7], [18, 8], [18, 9], [18, 10], [18, 11], [18, 12]]","[[44, 2], [45, 2], [46, 2], [47, 2], [48, 2], [49, 2], [50, 2], [51, 2], [52, 2]]","[18, 5]","[45, 2]","{""0"": {""commit_remaining"": 4, ""committed_segment"": [[18, 4], [18, 5], [18, 6], [18, 7], [18, 8], [18, 9], [18, 10], [18, 11], [18, 12]], ""robot_pos"": [18, 4]}, ""1"": {""commit_remaining"": 4, ""committed_segment"": [[44, 2], [45, 2], [46, 2], [47, 2], [48, 2], [49, 2], [50, 2], [51, 2], [52, 2]], ""robot_pos"": [44, 2]}}","{""0"": {""commit_remaining"": 3, ""committed_segment"": [[18, 5], [18, 6], [18, 7], [18, 8], [18, 9], [18, 10], [18, 11], [18, 12]], ""robot_pos"": [18, 5]}, ""1"": {""commit_remaining"": 3, ""committed_segment"": [[45, 2], [46, 2], [47, 2], [48, 2], [49, 2], [50, 2], [51, 2], [52, 2]], ""robot_pos"": [45, 2]}}","{""0"": {""collision"": false, ""collision_cell"": null, ""move_success"": true, ""new_robot_pos"": [18, 5]}, ""1"": {""collision"": false, ""collision_cell"": null, ""move_success"": true, ""new_robot_pos"": [45, 2]}}","{""arrived"": {""0"": true, ""1"": true}, ""final_by_usv"": {""0"": {""arrived"": true, ""final_distance_to_target_m"": 1.8568977307480892, ""final_projected_cell"": [18, 5], ""last_known_world"": [-351.6363220214844, 220.87779235839844, 0.2214067131280899], ""observer_pose_source"": ""live_location_sensor"", ""orientation_source"": ""live_orientation_sensor"", ""projection_matches_target"": true, ""target_cell"": [18, 5], ""target_world"": [-350.0, 220.0, 0.0]}, ""1"": {""arrived"": true, ""final_distance_to_target_m"": 0.5840835041117024, ""final_projected_cell"": [45, 2], ""last_known_world"": [-379.60198974609375, -49.57251739501953, 0.23144347965717316], ""observer_pose_source"": ""live_location_sensor"", ""orientation_source"": ""live_orientation_sensor"", ""projection_matches_target"": true, ""target_cell"": [45, 2], ""target_world"": [-380.0, -50.0, 0.0]}}, ""per_step_fallback_counts"": {""0"": 0, ""1"": 0}, ""policy_step"": 10, ""run_kind"": ""teammate_only"", ""step_min_inter_vessel_distance_m"": 261.6683884130844, ""step_ticks"": 256, ""target_cells"": {""0"": [18, 5], ""1"": [45, 2]}, ""target_world"": {""0"": [-350.0, 220.0, 0.0], ""1"": [-380.0, -50.0, 0.0]}, ""timeout"": false}",True,True,True,[],[false],[null],False,running,9.609715,False,False,False,False
teammate_only,11,True,baseline_GP.marine_knownmap_runtime_2usv._joint_assign_two_usv_segments,baseline_GP_mainline_planner,False,8.5,"[0, 1]",False,"[18, 39]","[55, 39]","[[18, 5], [18, 6], [18, 7], [18, 8], [18, 9], [18, 10], [18, 11], [18, 12], [18, 13]]","[[45, 2], [46, 2], [47, 2], [48, 2], [49, 2], [50, 2], [51, 2], [52, 2], [53, 2]]","[18, 6]","[46, 2]","{""0"": {""commit_remaining"": 4, ""committed_segment"": [[18, 5], [18, 6], [18, 7], [18, 8], [18, 9], [18, 10], [18, 11], [18, 12], [18, 13]], ""robot_pos"": [18, 5]}, ""1"": {""commit_remaining"": 4, ""committed_segment"": [[45, 2], [46, 2], [47, 2], [48, 2], [49, 2], [50, 2], [51, 2], [52, 2], [53, 2]], ""robot_pos"": [45, 2]}}","{""0"": {""commit_remaining"": 3, ""committed_segment"": [[18, 6], [18, 7], [18, 8], [18, 9], [18, 10], [18, 11], [18, 12], [18, 13]], ""robot_pos"": [18, 6]}, ""1"": {""commit_remaining"": 3, ""committed_segment"": [[46, 2], [47, 2], [48, 2], [49, 2], [50, 2], [51, 2], [52, 2], [53, 2]], ""robot_pos"": [46, 2]}}","{""0"": {""collision"": false, ""collision_cell"": null, ""move_success"": true, ""new_robot_pos"": [18, 6]}, ""1"": {""collision"": false, ""collision_cell"": null, ""move_success"": true, ""new_robot_pos"": [46, 2]}}","{""arrived"": {""0"": true, ""1"": true}, ""final_by_usv"": {""0"": {""arrived"": true, ""final_distance_to_target_m"": 1.2455212641441693, ""final_projected_cell"": [18, 6], ""last_known_world"": [-338.8534851074219, 220.4866485595703, 0.1848098784685135], ""observer_pose_source"": ""live_location_sensor"", ""orientation_source"": ""live_orientation_sensor"", ""projection_matches_target"": true, ""target_cell"": [18, 6], ""target_world"": [-340.0, 220.0, 0.0]}, ""1"": {""arrived"": true, ""final_distance_to_target_m"": 0.5417551618339194, ""final_projected_cell"": [46, 2], ""last_known_world"": [-379.69293212890625, -59.553672790527344, 0.22226089239120483], ""observer_pose_source"": ""live_location_sensor"", ""orientation_source"": ""live_orientation_sensor"", ""projection_matches_target"": true, ""target_cell"": [46, 2], ""target_world"": [-380.0, -60.0, 0.0]}}, ""per_step_fallback_counts"": {""0"": 0, ""1"": 0}, ""policy_step"": 11, ""run_kind"": ""teammate_only"", ""step_min_inter_vessel_distance_m"": 271.9428657751562, ""step_ticks"": 246, ""target_cells"": {""0"": [18, 6], ""1"": [46, 2]}, ""target_world"": {""0"": [-340.0, 220.0, 0.0], ""1"": [-380.0, -60.0, 0.0]}, ""timeout"": false}",True,True,True,[],[false],[null],False,running,10.015832,False,False,False,False
teammate_only,12,True,baseline_GP.marine_knownmap_runtime_2usv._joint_assign_two_usv_segments,baseline_GP_mainline_planner,False,13.003397409972301,"[0, 1]",False,"[18, 39]","[55, 39]","[[18, 6], [18, 7], [18, 8], [18, 9], [18, 10], [18, 11], [18, 12], [18, 13], [18, 14]]","[[46, 2], [47, 2], [48, 2], [49, 2], [50, 2], [51, 2], [52, 2], [53, 2], [54, 2]]","[18, 7]","[47, 2]","{""0"": {""commit_remaining"": 4, ""committed_segment"": [[18, 6], [18, 7], [18, 8], [18, 9], [18, 10], [18, 11], [18, 12], [18, 13], [18, 14]], ""robot_pos"": [18, 6]}, ""1"": {""commit_remaining"": 4, ""committed_segment"": [[46, 2], [47, 2], [48, 2], [49, 2], [50, 2], [51, 2], [52, 2], [53, 2], [54, 2]], ""robot_pos"": [46, 2]}}","{""0"": {""commit_remaining"": 3, ""committed_segment"": [[18, 7], [18, 8], [18, 9], [18, 10], [18, 11], [18, 12], [18, 13], [18, 14]], ""robot_pos"": [18, 7]}, ""1"": {""commit_remaining"": 3, ""committed_segment"": [[47, 2], [48, 2], [49, 2], [50, 2], [51, 2], [52, 2], [53, 2], [54, 2]], ""robot_pos"": [47, 2]}}","{""0"": {""collision"": false, ""collision_cell"": null, ""move_success"": true, ""new_robot_pos"": [18, 7]}, ""1"": {""collision"": false, ""collision_cell"": null, ""move_success"": true, ""new_robot_pos"": [47, 2]}}","{""arrived"": {""0"": true, ""1"": true}, ""final_by_usv"": {""0"": {""arrived"": true, ""final_distance_to_target_m"": 1.8726344400958241, ""final_projected_cell"": [18, 7], ""last_known_world"": [-331.72607421875, 219.2737579345703, 0.1983030140399933], ""observer_pose_source"": ""live_location_sensor"", ""orientation_source"": ""live_orientation_sensor"", ""projection_matches_target"": true, ""target_cell"": [18, 7], ""target_world"": [-330.0, 220.0, 0.0]}, ""1"": {""arrived"": true, ""final_distance_to_target_m"": 0.8389992771260857, ""final_projected_cell"": [47, 2], ""last_known_world"": [-379.6849365234375, -69.22240447998047, 0.21575164794921875], ""observer_pose_source"": ""live_location_sensor"", ""orientation_source"": ""live_orientation_sensor"", ""projection_matches_target"": true, ""target_cell"": [47, 2], ""target_world"": [-380.0, -70.0, 0.0]}}, ""per_step_fallback_counts"": {""0"": 0, ""1"": 0}, ""policy_step"": 12, ""run_kind"": ""teammate_only"", ""step_min_inter_vessel_distance_m"": 283.05381182302307, ""step_ticks"": 244, ""target_cells"": {""0"": [18, 7], ""1"": [47, 2]}, ""target_world"": {""0"": [-330.0, 220.0, 0.0], ""1"": [-380.0, -70.0, 0.0]}, ""timeout"": false}",True,True,True,[],[false],[null],False,running,10.498388,False,False,False,False
teammate_only,13,True,baseline_GP.marine_knownmap_runtime_2usv._joint_assign_two_usv_segments,baseline_GP_mainline_planner,False,12.932511863747575,"[0, 1]",False,"[18, 39]","[55, 39]","[[18, 7], [18, 8], [18, 9], [18, 10], [18, 11], [18, 12], [18, 13], [18, 14], [18, 15]]","[[47, 2], [48, 2], [49, 2], [50, 2], [51, 2], [52, 2], [53, 2], [54, 2], [55, 2]]","[18, 8]","[48, 2]","{""0"": {""commit_remaining"": 4, ""committed_segment"": [[18, 7], [18, 8], [18, 9], [18, 10], [18, 11], [18, 12], [18, 13], [18, 14], [18, 15]], ""robot_pos"": [18, 7]}, ""1"": {""commit_remaining"": 4, ""committed_segment"": [[47, 2], [48, 2], [49, 2], [50, 2], [51, 2], [52, 2], [53, 2], [54, 2], [55, 2]], ""robot_pos"": [47, 2]}}","{""0"": {""commit_remaining"": 3, ""committed_segment"": [[18, 8], [18, 9], [18, 10], [18, 11], [18, 12], [18, 13], [18, 14], [18, 15]], ""robot_pos"": [18, 8]}, ""1"": {""commit_remaining"": 3, ""committed_segment"": [[48, 2], [49, 2], [50, 2], [51, 2], [52, 2], [53, 2], [54, 2], [55, 2]], ""robot_pos"": [48, 2]}}","{""0"": {""collision"": false, ""collision_cell"": null, ""move_success"": true, ""new_robot_pos"": [18, 8]}, ""1"": {""collision"": false, ""collision_cell"": null, ""move_success"": true, ""new_robot_pos"": [48, 2]}}","{""arrived"": {""0"": true, ""1"": true}, ""final_by_usv"": {""0"": {""arrived"": true, ""final_distance_to_target_m"": 0.9283845991993319, ""final_projected_cell"": [18, 8], ""last_known_world"": [-319.96868896484375, 219.0721435546875, 0.20174555480480194], ""observer_pose_source"": ""live_location_sensor"", ""orientation_source"": ""live_orientation_sensor"", ""projection_matches_target"": true, ""target_cell"": [18, 8], ""target_world"": [-320.0, 220.0, 0.0]}, ""1"": {""arrived"": true, ""final_distance_to_target_m"": 0.34236854438421127, ""final_projected_cell"": [48, 2], ""last_known_world"": [-379.6656799316406, -79.92620086669922, 0.21356946229934692], ""observer_pose_source"": ""live_location_sensor"", ""orientation_source"": ""live_orientation_sensor"", ""projection_matches_target"": true, ""target_cell"": [48, 2], ""target_world"": [-380.0, -80.0, 0.0]}}, ""per_step_fallback_counts"": {""0"": 0, ""1"": 0}, ""policy_step"": 13, ""run_kind"": ""teammate_only"", ""step_min_inter_vessel_distance_m"": 292.47808843879716, ""step_ticks"": 249, ""target_cells"": {""0"": [18, 8], ""1"": [48, 2]}, ""target_world"": {""0"": [-320.0, 220.0, 0.0], ""1"": [-380.0, -80.0, 0.0]}, ""timeout"": false}",True,True,True,[],[false],[null],False,running,9.316057,False,False,False,False
teammate_only,14,True,baseline_GP.marine_knownmap_runtime_2usv._joint_assign_two_usv_segments,baseline_GP_mainline_planner,False,12.421484505307731,"[0, 1]",False,"[18, 39]","[56, 38]","[[18, 8], [18, 9], [18, 10], [18, 11], [18, 12], [18, 13], [18, 14], [18, 15], [18, 16]]","[[48, 2], [49, 2], [50, 2], [51, 2], [52, 2], [53, 2], [54, 2], [55, 2], [56, 2]]","[18, 9]","[49, 2]","{""0"": {""commit_remaining"": 4, ""committed_segment"": [[18, 8], [18, 9], [18, 10], [18, 11], [18, 12], [18, 13], [18, 14], [18, 15], [18, 16]], ""robot_pos"": [18, 8]}, ""1"": {""commit_remaining"": 4, ""committed_segment"": [[48, 2], [49, 2], [50, 2], [51, 2], [52, 2], [53, 2], [54, 2], [55, 2], [56, 2]], ""robot_pos"": [48, 2]}}","{""0"": {""commit_remaining"": 3, ""committed_segment"": [[18, 9], [18, 10], [18, 11], [18, 12], [18, 13], [18, 14], [18, 15], [18, 16]], ""robot_pos"": [18, 9]}, ""1"": {""commit_remaining"": 3, ""committed_segment"": [[49, 2], [50, 2], [51, 2], [52, 2], [53, 2], [54, 2], [55, 2], [56, 2]], ""robot_pos"": [49, 2]}}","{""0"": {""collision"": false, ""collision_cell"": null, ""move_success"": true, ""new_robot_pos"": [18, 9]}, ""1"": {""collision"": false, ""collision_cell"": null, ""move_success"": true, ""new_robot_pos"": [49, 2]}}","{""arrived"": {""0"": true, ""1"": true}, ""final_by_usv"": {""0"": {""arrived"": true, ""final_distance_to_target_m"": 0.6152190690937146, ""final_projected_cell"": [18, 9], ""last_known_world"": [-310.5998840332031, 220.13650512695312, 0.193398118019104], ""observer_pose_source"": ""live_location_sensor"", ""orientation_source"": ""live_orientation_sensor"", ""projection_matches_target"": true, ""target_cell"": [18, 9], ""target_world"": [-310.0, 220.0, 0.0]}, ""1"": {""arrived"": true, ""final_distance_to_target_m"": 0.4909012599948768, ""final_projected_cell"": [49, 2], ""last_known_world"": [-379.63189697265625, -90.32478332519531, 0.20530836284160614], ""observer_pose_source"": ""live_location_sensor"", ""orientation_source"": ""live_orientation_sensor"", ""projection_matches_target"": true, ""target_cell"": [49, 2], ""target_world"": [-380.0, -90.0, 0.0]}}, ""per_step_fallback_counts"": {""0"": 0, ""1"": 0}, ""policy_step"": 14, ""run_kind"": ""teammate_only"", ""step_min_inter_vessel_distance_m"": 304.91184187663936, ""step_ticks"": 253, ""target_cells"": {""0"": [18, 9], ""1"": [49, 2]}, ""target_world"": {""0"": [-310.0, 220.0, 0.0], ""1"": [-380.0, -90.0, 0.0]}, ""timeout"": false}",True,True,True,[],[false],[null],False,running,9.550853,False,False,False,False
teammate_only,15,True,baseline_GP.marine_knownmap_runtime_2usv._joint_assign_two_usv_segments,baseline_GP_mainline_planner,False,12.34375,"[0, 1]",False,"[18, 39]","[53, 41]","[[18, 9], [18, 10], [18, 11], [18, 12], [18, 13], [18, 14], [18, 15], [18, 16], [18, 17]]","[[49, 2], [50, 2], [51, 2], [52, 2], [53, 2], [53, 3], [53, 4], [53, 5], [53, 6]]","[18, 10]","[50, 2]","{""0"": {""commit_remaining"": 4, ""committed_segment"": [[18, 9], [18, 10], [18, 11], [18, 12], [18, 13], [18, 14], [18, 15], [18, 16], [18, 17]], ""robot_pos"": [18, 9]}, ""1"": {""commit_remaining"": 4, ""committed_segment"": [[49, 2], [50, 2], [51, 2], [52, 2], [53, 2], [53, 3], [53, 4], [53, 5], [53, 6]], ""robot_pos"": [49, 2]}}","{""0"": {""commit_remaining"": 3, ""committed_segment"": [[18, 10], [18, 11], [18, 12], [18, 13], [18, 14], [18, 15], [18, 16], [18, 17]], ""robot_pos"": [18, 10]}, ""1"": {""commit_remaining"": 3, ""committed_segment"": [[50, 2], [51, 2], [52, 2], [53, 2], [53, 3], [53, 4], [53, 5], [53, 6]], ""robot_pos"": [50, 2]}}","{""0"": {""collision"": false, ""collision_cell"": null, ""move_success"": true, ""new_robot_pos"": [18, 10]}, ""1"": {""collision"": false, ""collision_cell"": null, ""move_success"": true, ""new_robot_pos"": [50, 2]}}","{""arrived"": {""0"": true, ""1"": true}, ""final_by_usv"": {""0"": {""arrived"": true, ""final_distance_to_target_m"": 0.7403831640644276, ""final_projected_cell"": [18, 10], ""last_known_world"": [-299.8837585449219, 219.268798828125, 0.2048928290605545], ""observer_pose_source"": ""live_location_sensor"", ""orientation_source"": ""live_orientation_sensor"", ""projection_matches_target"": true, ""target_cell"": [18, 10], ""target_world"": [-300.0, 220.0, 0.0]}, ""1"": {""arrived"": true, ""final_distance_to_target_m"": 0.5601153740394438, ""final_projected_cell"": [50, 2], ""last_known_world"": [-379.5933532714844, -100.38518524169922, 0.2146848440170288], ""observer_pose_source"": ""live_location_sensor"", ""orientation_source"": ""live_orientation_sensor"", ""projection_matches_target"": true, ""target_cell"": [50, 2], ""target_world"": [-380.0, -100.0, 0.0]}}, ""per_step_fallback_counts"": {""0"": 0, ""1"": 0}, ""policy_step"": 15, ""run_kind"": ""teammate_only"", ""step_min_inter_vessel_distance_m"": 318.05900222641804, ""step_ticks"": 260, ""target_cells"": {""0"": [18, 10], ""1"": [50, 2]}, ""target_world"": {""0"": [-300.0, 220.0, 0.0], ""1"": [-380.0, -100.0, 0.0]}, ""timeout"": false}",True,True,True,[],[false],[null],False,running,9.601822,False,False,False,False
teammate_only,16,True,baseline_GP.marine_knownmap_runtime_2usv._joint_assign_two_usv_segments,baseline_GP_mainline_planner,False,14.68888888888889,"[0, 1]",False,"[18, 42]","[53, 41]","[[18, 10], [18, 11], [18, 12], [18, 13], [18, 14], [18, 15], [18, 16], [18, 17], [18, 18]]","[[50, 2], [51, 2], [52, 2], [53, 2], [53, 3], [53, 4], [53, 5], [53, 6], [53, 7]]","[18, 11]","[51, 2]","{""0"": {""commit_remaining"": 4, ""committed_segment"": [[18, 10], [18, 11], [18, 12], [18, 13], [18, 14], [18, 15], [18, 16], [18, 17], [18, 18]], ""robot_pos"": [18, 10]}, ""1"": {""commit_remaining"": 4, ""committed_segment"": [[50, 2], [51, 2], [52, 2], [53, 2], [53, 3], [53, 4], [53, 5], [53, 6], [53, 7]], ""robot_pos"": [50, 2]}}","{""0"": {""commit_remaining"": 3, ""committed_segment"": [[18, 11], [18, 12], [18, 13], [18, 14], [18, 15], [18, 16], [18, 17], [18, 18]], ""robot_pos"": [18, 11]}, ""1"": {""commit_remaining"": 3, ""committed_segment"": [[51, 2], [52, 2], [53, 2], [53, 3], [53, 4], [53, 5], [53, 6], [53, 7]], ""robot_pos"": [51, 2]}}","{""0"": {""collision"": false, ""collision_cell"": null, ""move_success"": true, ""new_robot_pos"": [18, 11]}, ""1"": {""collision"": false, ""collision_cell"": null, ""move_success"": true, ""new_robot_pos"": [51, 2]}}","{""arrived"": {""0"": true, ""1"": true}, ""final_by_usv"": {""0"": {""arrived"": true, ""final_distance_to_target_m"": 0.5273802852778443, ""final_projected_cell"": [18, 11], ""last_known_world"": [-289.56304931640625, 219.70469665527344, 0.20823882520198822], ""observer_pose_source"": ""live_location_sensor"", ""orientation_source"": ""live_orientation_sensor"", ""projection_matches_target"": true, ""target_cell"": [18, 11], ""target_world"": [-290.0, 220.0, 0.0]}, ""1"": {""arrived"": true, ""final_distance_to_target_m"": 2.0078552304079484, ""final_projected_cell"": [51, 2], ""last_known_world"": [-379.06781005859375, -108.2216567993164, 0.22869068384170532], ""observer_pose_source"": ""live_location_sensor"", ""orientation_source"": ""live_orientation_sensor"", ""projection_matches_target"": true, ""target_cell"": [51, 2], ""target_world"": [-380.0, -110.0, 0.0]}}, ""per_step_fallback_counts"": {""0"": 0, ""1"": 0}, ""policy_step"": 16, ""run_kind"": ""teammate_only"", ""step_min_inter_vessel_distance_m"": 329.4523977367998, ""step_ticks"": 260, ""target_cells"": {""0"": [18, 11], ""1"": [51, 2]}, ""target_world"": {""0"": [-290.0, 220.0, 0.0], ""1"": [-380.0, -110.0, 0.0]}, ""timeout"": false}",True,True,True,[],[false],[null],False,running,9.475112,False,False,False,False
teammate_only,17,True,baseline_GP.marine_knownmap_runtime_2usv._joint_assign_two_usv_segments,baseline_GP_mainline_planner,False,14.676923076923078,"[0, 1]",False,"[18, 42]","[53, 41]","[[18, 11], [18, 12], [18, 13], [18, 14], [18, 15], [18, 16], [18, 17], [18, 18], [18, 19]]","[[51, 2], [52, 2], [53, 2], [53, 3], [53, 4], [53, 5], [53, 6], [53, 7], [53, 8]]","[18, 12]","[52, 2]","{""0"": {""commit_remaining"": 4, ""committed_segment"": [[18, 11], [18, 12], [18, 13], [18, 14], [18, 15], [18, 16], [18, 17], [18, 18], [18, 19]], ""robot_pos"": [18, 11]}, ""1"": {""commit_remaining"": 4, ""committed_segment"": [[51, 2], [52, 2], [53, 2], [53, 3], [53, 4], [53, 5], [53, 6], [53, 7], [53, 8]], ""robot_pos"": [51, 2]}}","{""0"": {""commit_remaining"": 3, ""committed_segment"": [[18, 12], [18, 13], [18, 14], [18, 15], [18, 16], [18, 17], [18, 18], [18, 19]], ""robot_pos"": [18, 12]}, ""1"": {""commit_remaining"": 3, ""committed_segment"": [[52, 2], [53, 2], [53, 3], [53, 4], [53, 5], [53, 6], [53, 7], [53, 8]], ""robot_pos"": [52, 2]}}","{""0"": {""collision"": false, ""collision_cell"": null, ""move_success"": true, ""new_robot_pos"": [18, 12]}, ""1"": {""collision"": false, ""collision_cell"": null, ""move_success"": true, ""new_robot_pos"": [52, 2]}}","{""arrived"": {""0"": true, ""1"": true}, ""final_by_usv"": {""0"": {""arrived"": true, ""final_distance_to_target_m"": 0.6847973807819673, ""final_projected_cell"": [18, 12], ""last_known_world"": [-280.6415100097656, 220.23960876464844, 0.19351187348365784], ""observer_pose_source"": ""live_location_sensor"", ""orientation_source"": ""live_orientation_sensor"", ""projection_matches_target"": true, ""target_cell"": [18, 12], ""target_world"": [-280.0, 220.0, 0.0]}, ""1"": {""arrived"": true, ""final_distance_to_target_m"": 0.9731571509937387, ""final_projected_cell"": [52, 2], ""last_known_world"": [-379.57421875, -120.87506866455078, 0.1825418472290039], ""observer_pose_source"": ""live_location_sensor"", ""orientation_source"": ""live_orientation_sensor"", ""projection_matches_target"": true, ""target_cell"": [52, 2], ""target_world"": [-380.0, -120.0, 0.0]}}, ""per_step_fallback_counts"": {""0"": 0, ""1"": 0}, ""policy_step"": 17, ""run_kind"": ""teammate_only"", ""step_min_inter_vessel_distance_m"": 339.99694460185185, ""step_ticks"": 262, ""target_cells"": {""0"": [18, 12], ""1"": [52, 2]}, ""target_world"": {""0"": [-280.0, 220.0, 0.0], ""1"": [-380.0, -120.0, 0.0]}, ""timeout"": false}",True,True,True,[],[false],[null],False,running,9.725082,False,False,False,False
teammate_only,18,True,baseline_GP.marine_knownmap_runtime_2usv._joint_assign_two_usv_segments,baseline_GP_mainline_planner,False,14.679166666666667,"[0, 1]",False,"[18, 42]","[53, 41]","[[18, 12], [18, 13], [18, 14], [18, 15], [18, 16], [18, 17], [18, 18], [18, 19], [18, 20]]","[[52, 2], [53, 2], [53, 3], [53, 4], [53, 5], [53, 6], [53, 7], [53, 8], [53, 9]]","[18, 13]","[53, 2]","{""0"": {""commit_remaining"": 4, ""committed_segment"": [[18, 12], [18, 13], [18, 14], [18, 15], [18, 16], [18, 17], [18, 18], [18, 19], [18, 20]], ""robot_pos"": [18, 12]}, ""1"": {""commit_remaining"": 4, ""committed_segment"": [[52, 2], [53, 2], [53, 3], [53, 4], [53, 5], [53, 6], [53, 7], [53, 8], [53, 9]], ""robot_pos"": [52, 2]}}","{""0"": {""commit_remaining"": 3, ""committed_segment"": [[18, 13], [18, 14], [18, 15], [18, 16], [18, 17], [18, 18], [18, 19], [18, 20]], ""robot_pos"": [18, 13]}, ""1"": {""commit_remaining"": 3, ""committed_segment"": [[53, 2], [53, 3], [53, 4], [53, 5], [53, 6], [53, 7], [53, 8], [53, 9]], ""robot_pos"": [53, 2]}}","{""0"": {""collision"": false, ""collision_cell"": null, ""move_success"": true, ""new_robot_pos"": [18, 13]}, ""1"": {""collision"": false, ""collision_cell"": null, ""move_success"": true, ""new_robot_pos"": [53, 2]}}","{""arrived"": {""0"": true, ""1"": true}, ""final_by_usv"": {""0"": {""arrived"": true, ""final_distance_to_target_m"": 1.4258955432858398, ""final_projected_cell"": [18, 13], ""last_known_world"": [-270.8008117675781, 218.82022094726562, 0.2306794375181198], ""observer_pose_source"": ""live_location_sensor"", ""orientation_source"": ""live_orientation_sensor"", ""projection_matches_target"": true, ""target_cell"": [18, 13], ""target_world"": [-270.0, 220.0, 0.0]}, ""1"": {""arrived"": true, ""final_distance_to_target_m"": 0.1311099132561003, ""final_projected_cell"": [53, 2], ""last_known_world"": [-380.0431823730469, -129.87620544433594, 0.20933718979358673], ""observer_pose_source"": ""live_location_sensor"", ""orientation_source"": ""live_orientation_sensor"", ""projection_matches_target"": true, ""target_cell"": [53, 2], ""target_world"": [-380.0, -130.0, 0.0]}}, ""per_step_fallback_counts"": {""0"": 0, ""1"": 0}, ""policy_step"": 18, ""run_kind"": ""teammate_only"", ""step_min_inter_vessel_distance_m"": 355.1834636095966, ""step_ticks"": 260, ""target_cells"": {""0"": [18, 13], ""1"": [53, 2]}, ""target_world"": {""0"": [-270.0, 220.0, 0.0], ""1"": [-380.0, -130.0, 0.0]}, ""timeout"": false}",True,True,True,[],[false],[null],False,running,9.670898,False,False,False,False
teammate_only,19,True,baseline_GP.marine_knownmap_runtime_2usv._joint_assign_two_usv_segments,baseline_GP_mainline_planner,False,13.62798638360166,"[0, 1]",False,"[24, 11]","[53, 42]","[[18, 13], [19, 13], [20, 13], [21, 13], [22, 13], [23, 13], [24, 13], [24, 12], [24, 11]]","[[53, 2], [53, 3], [53, 4], [53, 5], [53, 6], [53, 7], [53, 8], [53, 9], [53, 10]]","[19, 13]","[53, 3]","{""0"": {""commit_remaining"": 4, ""committed_segment"": [[18, 13], [19, 13], [20, 13], [21, 13], [22, 13], [23, 13], [24, 13], [24, 12], [24, 11]], ""robot_pos"": [18, 13]}, ""1"": {""commit_remaining"": 4, ""committed_segment"": [[53, 2], [53, 3], [53, 4], [53, 5], [53, 6], [53, 7], [53, 8], [53, 9], [53, 10]], ""robot_pos"": [53, 2]}}","{""0"": {""commit_remaining"": 3, ""committed_segment"": [[19, 13], [20, 13], [21, 13], [22, 13], [23, 13], [24, 13], [24, 12], [24, 11]], ""robot_pos"": [19, 13]}, ""1"": {""commit_remaining"": 3, ""committed_segment"": [[53, 3], [53, 4], [53, 5], [53, 6], [53, 7], [53, 8], [53, 9], [53, 10]], ""robot_pos"": [53, 3]}}","{""0"": {""collision"": false, ""collision_cell"": null, ""move_success"": true, ""new_robot_pos"": [19, 13]}, ""1"": {""collision"": false, ""collision_cell"": null, ""move_success"": true, ""new_robot_pos"": [53, 3]}}","{""arrived"": {""0"": true, ""1"": true}, ""final_by_usv"": {""0"": {""arrived"": true, ""final_distance_to_target_m"": 0.46802965510769917, ""final_projected_cell"": [19, 13], ""last_known_world"": [-269.79547119140625, 210.4209747314453, 0.18844102323055267], ""observer_pose_source"": ""live_location_sensor"", ""orientation_source"": ""live_orientation_sensor"", ""projection_matches_target"": true, ""target_cell"": [19, 13], ""target_world"": [-270.0, 210.0, 0.0]}, ""1"": {""arrived"": true, ""final_distance_to_target_m"": 0.15465719969040284, ""final_projected_cell"": [53, 3], ""last_known_world"": [-369.8729553222656, -129.91180419921875, 0.21207809448242188], ""observer_pose_source"": ""live_location_sensor"", ""orientation_source"": ""live_orientation_sensor"", ""projection_matches_target"": true, ""target_cell"": [53, 3], ""target_world"": [-370.0, -130.0, 0.0]}}, ""per_step_fallback_counts"": {""0"": 0, ""1"": 0}, ""policy_step"": 19, ""run_kind"": ""teammate_only"", ""step_min_inter_vessel_distance_m"": 353.42809666900706, ""step_ticks"": 258, ""target_cells"": {""0"": [19, 13], ""1"": [53, 3]}, ""target_world"": {""0"": [-270.0, 210.0, 0.0], ""1"": [-370.0, -130.0, 0.0]}, ""timeout"": false}",True,True,True,[],[false],[null],False,running,8.778962,False,False,False,False
teammate_only,20,True,baseline_GP.marine_knownmap_runtime_2usv._joint_assign_two_usv_segments,baseline_GP_mainline_planner,False,13.928105210648244,"[0, 1]",False,"[27, 12]","[53, 40]","[[19, 13], [20, 13], [21, 13], [22, 13], [23, 13], [24, 13], [25, 13], [26, 13], [27, 13]]","[[53, 3], [53, 4], [53, 5], [53, 6], [53, 7], [53, 8], [53, 9], [53, 10], [53, 11]]","[20, 13]","[53, 4]","{""0"": {""commit_remaining"": 4, ""committed_segment"": [[19, 13], [20, 13], [21, 13], [22, 13], [23, 13], [24, 13], [25, 13], [26, 13], [27, 13]], ""robot_pos"": [19, 13]}, ""1"": {""commit_remaining"": 4, ""committed_segment"": [[53, 3], [53, 4], [53, 5], [53, 6], [53, 7], [53, 8], [53, 9], [53, 10], [53, 11]], ""robot_pos"": [53, 3]}}","{""0"": {""commit_remaining"": 3, ""committed_segment"": [[20, 13], [21, 13], [22, 13], [23, 13], [24, 13], [25, 13], [26, 13], [27, 13]], ""robot_pos"": [20, 13]}, ""1"": {""commit_remaining"": 3, ""committed_segment"": [[53, 4], [53, 5], [53, 6], [53, 7], [53, 8], [53, 9], [53, 10], [53, 11]], ""robot_pos"": [53, 4]}}","{""0"": {""collision"": false, ""collision_cell"": null, ""move_success"": true, ""new_robot_pos"": [20, 13]}, ""1"": {""collision"": false, ""collision_cell"": null, ""move_success"": true, ""new_robot_pos"": [53, 4]}}","{""arrived"": {""0"": true, ""1"": true}, ""final_by_usv"": {""0"": {""arrived"": true, ""final_distance_to_target_m"": 0.4662503360885784, ""final_projected_cell"": [20, 13], ""last_known_world"": [-269.5815124511719, 199.79443359375, 0.1940889209508896], ""observer_pose_source"": ""live_location_sensor"", ""orientation_source"": ""live_orientation_sensor"", ""projection_matches_target"": true, ""target_cell"": [20, 13], ""target_world"": [-270.0, 200.0, 0.0]}, ""1"": {""arrived"": true, ""final_distance_to_target_m"": 0.6658375977904653, ""final_projected_cell"": [53, 4], ""last_known_world"": [-359.8265075683594, -129.35716247558594, 0.20824851095676422], ""observer_pose_source"": ""live_location_sensor"", ""orientation_source"": ""live_orientation_sensor"", ""projection_matches_target"": true, ""target_cell"": [53, 4], ""target_world"": [-360.0, -130.0, 0.0]}}, ""per_step_fallback_counts"": {""0"": 0, ""1"": 0}, ""policy_step"": 20, ""run_kind"": ""teammate_only"", ""step_min_inter_vessel_distance_m"": 341.2494238875132, ""step_ticks"": 298, ""target_cells"": {""0"": [20, 13], ""1"": [53, 4]}, ""target_world"": {""0"": [-270.0, 200.0, 0.0], ""1"": [-360.0, -130.0, 0.0]}, ""timeout"": false}",True,True,True,[],[false],[null],False,running,11.573874,False,False,False,False
